  0
SECTION
  2
HEADER
  9
$ACADVER
  1
AC1032
  9
$ACADMAINTVER
 90
      260
  9
$DWGCODEPAGE
  3
ANSI_1251
  9
$LASTSAVEDBY
  1
MikhailShapovalov
  9
$REQUIREDVERSIONS
160
                 0
  9
$INSBASE
 10
0.0
 20
0.0
 30
0.0
  9
$EXTMIN
 10
-314.8567010820843
 20
-1674.697762690278
 30
0.0
  9
$EXTMAX
 10
8231.637293000119
 20
4402.852433735136
 30
0.0
  9
$LIMMIN
 10
0.0
 20
0.0
  9
$LIMMAX
 10
12.0
 20
9.0
  9
$ORTHOMODE
 70
     0
  9
$REGENMODE
 70
     1
  9
$FILLMODE
 70
     1
  9
$QTEXTMODE
 70
     0
  9
$MIRRTEXT
 70
     0
  9
$LTSCALE
 40
1.0
  9
$ATTMODE
 70
     1
  9
$TEXTSIZE
 40
0.2
  9
$TRACEWID
 40
0.05
  9
$TEXTSTYLE
  7
Standard
  9
$CLAYER
  8
0
  9
$CELTYPE
  6
ByLayer
  9
$CECOLOR
 62
   256
  9
$CELTSCALE
 40
4.0
  9
$DISPSILH
 70
     0
  9
$DIMSCALE
 40
80.0
  9
$DIMASZ
 40
0.18
  9
$DIMEXO
 40
0.0625
  9
$DIMDLI
 40
0.38
  9
$DIMRND
 40
0.0
  9
$DIMDLE
 40
0.0
  9
$DIMEXE
 40
0.18
  9
$DIMTP
 40
0.0
  9
$DIMTM
 40
0.0
  9
$DIMTXT
 40
0.18
  9
$DIMCEN
 40
0.09
  9
$DIMTSZ
 40
0.0
  9
$DIMTOL
 70
     0
  9
$DIMLIM
 70
     0
  9
$DIMTIH
 70
     0
  9
$DIMTOH
 70
     0
  9
$DIMSE1
 70
     0
  9
$DIMSE2
 70
     0
  9
$DIMTAD
 70
     1
  9
$DIMZIN
 70
     0
  9
$DIMBLK
  1

  9
$DIMASO
 70
     1
  9
$DIMSHO
 70
     1
  9
$DIMPOST
  1

  9
$DIMAPOST
  1

  9
$DIMALT
 70
     0
  9
$DIMALTD
 70
     2
  9
$DIMALTF
 40
25.4
  9
$DIMLFAC
 40
1.0
  9
$DIMTOFL
 70
     0
  9
$DIMTVP
 40
0.0
  9
$DIMTIX
 70
     0
  9
$DIMSOXD
 70
     0
  9
$DIMSAH
 70
     0
  9
$DIMBLK1
  1

  9
$DIMBLK2
  1

  9
$DIMSTYLE
  2
Standard
  9
$DIMCLRD
 70
     0
  9
$DIMCLRE
 70
     0
  9
$DIMCLRT
 70
     0
  9
$DIMTFAC
 40
1.0
  9
$DIMGAP
 40
0.09
  9
$DIMJUST
 70
     0
  9
$DIMSD1
 70
     0
  9
$DIMSD2
 70
     0
  9
$DIMTOLJ
 70
     1
  9
$DIMTZIN
 70
     0
  9
$DIMALTZ
 70
     0
  9
$DIMALTTZ
 70
     0
  9
$DIMUPT
 70
     0
  9
$DIMDEC
 70
     1
  9
$DIMTDEC
 70
     1
  9
$DIMALTU
 70
     2
  9
$DIMALTTD
 70
     2
  9
$DIMTXSTY
  7
Standard
  9
$DIMAUNIT
 70
     0
  9
$DIMADEC
 70
     1
  9
$DIMALTRND
 40
0.0
  9
$DIMAZIN
 70
     0
  9
$DIMDSEP
 70
    46
  9
$DIMATFIT
 70
     3
  9
$DIMFRAC
 70
     0
  9
$DIMLDRBLK
  1

  9
$DIMLUNIT
 70
     2
  9
$DIMLWD
 70
    -2
  9
$DIMLWE
 70
    -2
  9
$DIMTMOVE
 70
     0
  9
$DIMFXL
 40
1.0
  9
$DIMFXLON
 70
     0
  9
$DIMJOGANG
 40
0.7853981633974483
  9
$DIMTFILL
 70
     0
  9
$DIMTFILLCLR
 70
     0
  9
$DIMARCSYM
 70
     0
  9
$DIMLTYPE
  6

  9
$DIMLTEX1
  6

  9
$DIMLTEX2
  6

  9
$DIMTXTDIRECTION
 70
     0
  9
$LUNITS
 70
     2
  9
$LUPREC
 70
     4
  9
$SKETCHINC
 40
0.1
  9
$FILLETRAD
 40
300.0
  9
$AUNITS
 70
     0
  9
$AUPREC
 70
     0
  9
$MENU
  1
.
  9
$ELEVATION
 40
0.0
  9
$PELEVATION
 40
0.0
  9
$THICKNESS
 40
0.0
  9
$LIMCHECK
 70
     0
  9
$CHAMFERA
 40
0.0
  9
$CHAMFERB
 40
0.0
  9
$CHAMFERC
 40
0.0
  9
$CHAMFERD
 40
0.0
  9
$SKPOLY
 70
     0
  9
$TDCREATE
 40
2461116.790648148
  9
$TDUCREATE
 40
2461116.665648148
  9
$TDUPDATE
 40
2461142.606516204
  9
$TDUUPDATE
 40
2461142.481516204
  9
$TDINDWG
 40
0.0953703704
  9
$TDUSRTIMER
 40
0.0953703704
  9
$USRTIMER
 70
     1
  9
$ANGBASE
 50
0.0
  9
$ANGDIR
 70
     0
  9
$PDMODE
 70
     0
  9
$PDSIZE
 40
0.0
  9
$PLINEWID
 40
0.0
  9
$SPLFRAME
 70
     0
  9
$SPLINETYPE
 70
     6
  9
$SPLINESEGS
 70
     8
  9
$HANDSEED
  5
1DF0
  9
$SURFTAB1
 70
     6
  9
$SURFTAB2
 70
     6
  9
$SURFTYPE
 70
     6
  9
$SURFU
 70
     6
  9
$SURFV
 70
     6
  9
$UCSBASE
  2

  9
$UCSNAME
  2

  9
$UCSORG
 10
0.0
 20
0.0
 30
0.0
  9
$UCSXDIR
 10
1.0
 20
0.0
 30
0.0
  9
$UCSYDIR
 10
0.0
 20
1.0
 30
0.0
  9
$UCSORTHOREF
  2

  9
$UCSORTHOVIEW
 70
     0
  9
$UCSORGTOP
 10
0.0
 20
0.0
 30
0.0
  9
$UCSORGBOTTOM
 10
0.0
 20
0.0
 30
0.0
  9
$UCSORGLEFT
 10
0.0
 20
0.0
 30
0.0
  9
$UCSORGRIGHT
 10
0.0
 20
0.0
 30
0.0
  9
$UCSORGFRONT
 10
0.0
 20
0.0
 30
0.0
  9
$UCSORGBACK
 10
0.0
 20
0.0
 30
0.0
  9
$PUCSBASE
  2

  9
$PUCSNAME
  2

  9
$PUCSORG
 10
0.0
 20
0.0
 30
0.0
  9
$PUCSXDIR
 10
1.0
 20
0.0
 30
0.0
  9
$PUCSYDIR
 10
0.0
 20
1.0
 30
0.0
  9
$PUCSORTHOREF
  2

  9
$PUCSORTHOVIEW
 70
     0
  9
$PUCSORGTOP
 10
0.0
 20
0.0
 30
0.0
  9
$PUCSORGBOTTOM
 10
0.0
 20
0.0
 30
0.0
  9
$PUCSORGLEFT
 10
0.0
 20
0.0
 30
0.0
  9
$PUCSORGRIGHT
 10
0.0
 20
0.0
 30
0.0
  9
$PUCSORGFRONT
 10
0.0
 20
0.0
 30
0.0
  9
$PUCSORGBACK
 10
0.0
 20
0.0
 30
0.0
  9
$USERI1
 70
     0
  9
$USERI2
 70
     0
  9
$USERI3
 70
     0
  9
$USERI4
 70
     0
  9
$USERI5
 70
     0
  9
$USERR1
 40
0.0
  9
$USERR2
 40
0.0
  9
$USERR3
 40
0.0
  9
$USERR4
 40
0.0
  9
$USERR5
 40
0.0
  9
$WORLDVIEW
 70
     1
  9
$SHADEDGE
 70
     3
  9
$SHADEDIF
 70
    70
  9
$TILEMODE
 70
     1
  9
$MAXACTVP
 70
    64
  9
$PINSBASE
 10
0.0
 20
0.0
 30
0.0
  9
$PLIMCHECK
 70
     0
  9
$PEXTMIN
 10
0.0
 20
0.0
 30
0.0
  9
$PEXTMAX
 10
0.0
 20
0.0
 30
0.0
  9
$PLIMMIN
 10
0.0
 20
0.0
  9
$PLIMMAX
 10
12.0
 20
9.0
  9
$UNITMODE
 70
     0
  9
$VISRETAIN
 70
     1
  9
$PLINEGEN
 70
     0
  9
$PSLTSCALE
 70
     1
  9
$TREEDEPTH
 70
  3020
  9
$CMLSTYLE
  2
Standard
  9
$CMLJUST
 70
     0
  9
$CMLSCALE
 40
1.0
  9
$PROXYGRAPHICS
 70
     1
  9
$MEASUREMENT
 70
     1
  9
$CELWEIGHT
370
    -1
  9
$ENDCAPS
280
     0
  9
$JOINSTYLE
280
     0
  9
$LWDISPLAY
290
     0
  9
$INSUNITS
 70
     1
  9
$HYPERLINKBASE
  1

  9
$STYLESHEET
  1

  9
$XEDIT
290
     1
  9
$CEPSNTYPE
380
     0
  9
$PSTYLEMODE
290
     1
  9
$FINGERPRINTGUID
  2
{C40770B3-4279-BC44-A52A-D3CF5F6F6B98}
  9
$VERSIONGUID
  2
{7D26B431-38DC-9347-942C-E5B27958894F}
  9
$EXTNAMES
290
     1
  9
$PSVPSCALE
 40
0.0
  9
$OLESTARTUP
290
     0
  9
$SORTENTS
280
   127
  9
$INDEXCTL
280
     0
  9
$HIDETEXT
280
     1
  9
$XCLIPFRAME
280
     2
  9
$HALOGAP
280
     0
  9
$OBSCOLOR
 70
   257
  9
$OBSLTYPE
280
     0
  9
$INTERSECTIONDISPLAY
280
     0
  9
$INTERSECTIONCOLOR
 70
   257
  9
$DIMASSOC
280
     2
  9
$PROJECTNAME
  1

  9
$CAMERADISPLAY
290
     0
  9
$LENSLENGTH
 40
50.0
  9
$CAMERAHEIGHT
 40
0.0
  9
$STEPSPERSEC
 40
2.0
  9
$STEPSIZE
 40
6.0
  9
$3DDWFPREC
 40
2.0
  9
$PSOLWIDTH
 40
0.25
  9
$PSOLHEIGHT
 40
4.0
  9
$LOFTANG1
 40
1.570796326794896
  9
$LOFTANG2
 40
1.570796326794896
  9
$LOFTMAG1
 40
0.0
  9
$LOFTMAG2
 40
0.0
  9
$LOFTPARAM
 70
     7
  9
$LOFTNORMALS
280
     1
  9
$LATITUDE
 40
37.795
  9
$LONGITUDE
 40
-122.394
  9
$NORTHDIRECTION
 40
0.0
  9
$TIMEZONE
 70
 -8000
  9
$LIGHTGLYPHDISPLAY
280
     1
  9
$TILEMODELIGHTSYNCH
280
     1
  9
$CMATERIAL
347
96
  9
$SOLIDHIST
280
     0
  9
$SHOWHIST
280
     1
  9
$DWFFRAME
280
     2
  9
$DGNFRAME
280
     0
  9
$REALWORLDSCALE
290
     1
  9
$INTERFERECOLOR
 62
     1
  9
$INTERFEREOBJVS
345
A3
  9
$INTERFEREVPVS
346
A0
  9
$CSHADOW
280
     0
  9
$SHADOWPLANELOCATION
 40
0.0
  0
ENDSEC
  0
SECTION
  2
CLASSES
  0
CLASS
  1
ACDBDICTIONARYWDFLT
  2
AcDbDictionaryWithDefault
  3
ObjectDBX Classes
 90
        0
 91
        1
280
     0
281
     0
  0
CLASS
  1
DICTIONARYVAR
  2
AcDbDictionaryVar
  3
ObjectDBX Classes
 90
        0
 91
       12
280
     0
281
     0
  0
CLASS
  1
TABLESTYLE
  2
AcDbTableStyle
  3
ObjectDBX Classes
 90
     4095
 91
        1
280
     0
281
     0
  0
CLASS
  1
MATERIAL
  2
AcDbMaterial
  3
ObjectDBX Classes
 90
     1153
 91
        3
280
     0
281
     0
  0
CLASS
  1
VISUALSTYLE
  2
AcDbVisualStyle
  3
ObjectDBX Classes
 90
     4095
 91
       24
280
     0
281
     0
  0
CLASS
  1
SCALE
  2
AcDbScale
  3
ObjectDBX Classes
 90
     1153
 91
       33
280
     0
281
     0
  0
CLASS
  1
MLEADERSTYLE
  2
AcDbMLeaderStyle
  3
ACDB_MLEADERSTYLE_CLASS
 90
     4095
 91
        2
280
     0
281
     0
  0
CLASS
  1
CELLSTYLEMAP
  2
AcDbCellStyleMap
  3
ObjectDBX Classes
 90
     1152
 91
        2
280
     0
281
     0
  0
CLASS
  1
EXACXREFPANELOBJECT
  2
ExAcXREFPanelObject
  3
EXAC_ESW
 90
     1025
 91
        0
280
     0
281
     0
  0
CLASS
  1
NPOCOLLECTION
  2
AcDbImpNonPersistentObjectsCollection
  3
ObjectDBX Classes
 90
     1153
 91
        0
280
     0
281
     0
  0
CLASS
  1
LAYER_INDEX
  2
AcDbLayerIndex
  3
ObjectDBX Classes
 90
        0
 91
        0
280
     0
281
     0
  0
CLASS
  1
SPATIAL_INDEX
  2
AcDbSpatialIndex
  3
ObjectDBX Classes
 90
        0
 91
        0
280
     0
281
     0
  0
CLASS
  1
IDBUFFER
  2
AcDbIdBuffer
  3
ObjectDBX Classes
 90
        0
 91
        0
280
     0
281
     0
  0
CLASS
  1
ACDBSECTIONVIEWSTYLE
  2
AcDbSectionViewStyle
  3
ObjectDBX Classes
 90
     1025
 91
        2
280
     0
281
     0
  0
CLASS
  1
ACDBDETAILVIEWSTYLE
  2
AcDbDetailViewStyle
  3
ObjectDBX Classes
 90
     1025
 91
        2
280
     0
281
     0
  0
CLASS
  1
SORTENTSTABLE
  2
AcDbSortentsTable
  3
ObjectDBX Classes
 90
        0
 91
        2
280
     0
281
     0
  0
CLASS
  1
ACDBASSOCPERSSUBENTMANAGER
  2
AcDbAssocPersSubentManager
  3
ObjectDBX Classes
 90
     1024
 91
        1
280
     0
281
     0
  0
CLASS
  1
ACDBPERSSUBENTMANAGER
  2
AcDbPersSubentManager
  3
AcDbPersSubentManager
 90
     1024
 91
        1
280
     0
281
     0
  0
CLASS
  1
DIMASSOC
  2
AcDbDimAssoc
  3
"AcDbDimAssoc|Product Desc:     AcDim ARX App For Dimension|Company:          Autodesk, Inc.|WEB Address:      www.autodesk.com"
 90
        0
 91
       37
280
     0
281
     0
  0
CLASS
  1
RAPIDRTRENDERSETTINGS
  2
AcDbRapidRTRenderSettings
  3
ObjectDBX Classes
 90
     1024
 91
        6
280
     0
281
     0
  0
CLASS
  1
PLOTSETTINGS
  2
AcDbPlotSettings
  3
ObjectDBX Classes
 90
        0
 91
        2
280
     0
281
     0
  0
CLASS
  1
MULTILEADER
  2
AcDbMLeader
  3
ACDB_MLEADER_CLASS
 90
     1025
 91
        0
280
     0
281
     1
  0
CLASS
  1
RASTERVARIABLES
  2
AcDbRasterVariables
  3
ISM
 90
        0
 91
        1
280
     0
281
     0
  0
CLASS
  1
ACDBASSOCNETWORK
  2
AcDbAssocNetwork
  3
ObjectDBX Classes
 90
     1025
 91
        0
280
     0
281
     0
  0
CLASS
  1
ACDBASSOC2DCONSTRAINTGROUP
  2
AcDbAssoc2dConstraintGroup
  3
ObjectDBX Classes
 90
     1025
 91
        0
280
     0
281
     0
  0
CLASS
  1
ACDBASSOCGEOMDEPENDENCY
  2
AcDbAssocGeomDependency
  3
ObjectDBX Classes
 90
     1025
 91
        0
280
     0
281
     0
  0
ENDSEC
  0
SECTION
  2
TABLES
  0
TABLE
  2
VPORT
  5
8
330
0
100
AcDbSymbolTable
 70
     1
  0
VPORT
  5
94
330
8
100
AcDbSymbolTableRecord
100
AcDbViewportTableRecord
  2
*Active
 70
     0
 10
0.0
 20
0.0
 11
1.0
 21
1.0
 12
10844.46704137516
 22
-2255.96864278593
 13
0.0
 23
0.0
 14
0.5
 24
0.5
 15
0.5
 25
0.5
 16
0.0
 26
0.0
 36
1.0
 17
0.0
 27
0.0
 37
0.0
 40
20027.41811149463
 41
1.709137709137709
 42
50.0
 43
0.0
 44
0.0
 50
0.0
 51
0.0
 71
     0
 72
  1000
 73
     1
 74
     3
 75
     0
 76
     1
 77
     0
 78
     0
281
     0
 65
     1
110
0.0
120
0.0
130
0.0
111
1.0
121
0.0
131
0.0
112
0.0
122
1.0
132
0.0
 79
     0
146
0.0
348
9F
 60
     3
 61
     5
292
     1
282
     1
141
0.0
142
0.0
 63
   250
421
  3355443
1001
ACAD_NAV_VCDISPLAY
1070
     3
  0
ENDTAB
  0
TABLE
  2
LTYPE
  5
5
330
0
100
AcDbSymbolTable
 70
     3
  0
LTYPE
  5
14
330
5
100
AcDbSymbolTableRecord
100
AcDbLinetypeTableRecord
  2
ByBlock
 70
     0
  3

 72
    65
 73
     0
 40
0.0
  0
LTYPE
  5
15
330
5
100
AcDbSymbolTableRecord
100
AcDbLinetypeTableRecord
  2
ByLayer
 70
     0
  3

 72
    65
 73
     0
 40
0.0
  0
LTYPE
  5
16
330
5
100
AcDbSymbolTableRecord
100
AcDbLinetypeTableRecord
  2
Continuous
 70
     0
  3
Solid line
 72
    65
 73
     0
 40
0.0
  0
LTYPE
  5
20E
330
5
100
AcDbSymbolTableRecord
100
AcDbLinetypeTableRecord
  2
ACAD_ISO04W100
 70
     0
  3
ISO ш/пункт. (дл. штрихи) ____ . ____ . ____ . 
 72
    65
 73
     4
 40
30.0
 49
24.0
 74
     0
 49
-3.0
 74
     0
 49
0.0
 74
     0
 49
-3.0
 74
     0
  0
LTYPE
  5
95E
330
5
100
AcDbSymbolTableRecord
100
AcDbLinetypeTableRecord
  2
ACAD_ISO03W100
 70
     0
  3
ISO dash space __    __    __    __    __    __
 72
    65
 73
     2
 40
30.0
 49
12.0
 74
     0
 49
-18.0
 74
     0
  0
ENDTAB
  0
TABLE
  2
LAYER
  5
2
102
{ACAD_XDICTIONARY
360
18E
102
}
330
0
100
AcDbSymbolTable
 70
     7
  0
LAYER
  5
10
102
{ACAD_XDICTIONARY
360
E6
102
}
330
2
100
AcDbSymbolTableRecord
100
AcDbLayerTableRecord
  2
0
 70
     0
 62
     7
  6
Continuous
370
    25
390
F
347
98
348
0
  0
LAYER
  5
1F9
330
2
100
AcDbSymbolTableRecord
100
AcDbLayerTableRecord
  2
Размеры
 70
     0
 62
     7
  6
Continuous
370
     5
390
F
347
98
348
0
1001
AcAecLayerStandard
1000

1000

1001
AcCmTransparency
1071
        0
  0
LAYER
  5
1FC
330
2
100
AcDbSymbolTableRecord
100
AcDbLayerTableRecord
  2
Оси
 70
     0
 62
    42
  6
ACAD_ISO04W100
370
     5
390
F
347
98
348
0
1001
AcAecLayerStandard
1000

1000

1001
AcCmTransparency
1071
        0
  0
LAYER
  5
223
330
2
100
AcDbSymbolTableRecord
100
AcDbLayerTableRecord
  2
Defpoints
 70
     0
 62
     7
  6
Continuous
290
     0
370
    -3
390
F
347
98
348
0
  0
LAYER
  5
EBD
102
{ACAD_XDICTIONARY
360
EBE
102
}
330
2
100
AcDbSymbolTableRecord
100
AcDbLayerTableRecord
  2
ОПИСАНИЕ
 70
     0
 62
   220
  6
Continuous
370
    -3
390
F
347
98
348
0
  0
LAYER
  5
144D
330
2
100
AcDbSymbolTableRecord
100
AcDbLayerTableRecord
  2
LAYER01
 70
     0
 62
     7
  6
Continuous
370
    -3
390
F
347
98
348
0
  0
LAYER
  5
144E
330
2
100
AcDbSymbolTableRecord
100
AcDbLayerTableRecord
  2
7
 70
     0
 62
     7
  6
Continuous
370
    -3
390
F
347
98
348
0
  0
ENDTAB
  0
TABLE
  2
STYLE
  5
3
330
0
100
AcDbSymbolTable
 70
     4
  0
STYLE
  5
11
330
3
100
AcDbSymbolTableRecord
100
AcDbTextStyleTableRecord
  2
Standard
 70
     0
 40
0.0
 41
1.0
 50
0.0
 71
     0
 42
0.2
  3
Arial.ttf
  4

1001
ACAD
1000
Arial
1071
       34
  0
STYLE
  5
DC
330
3
100
AcDbSymbolTableRecord
100
AcDbTextStyleTableRecord
  2
Аннотативный
 70
     0
 40
0.0
 41
1.0
 50
0.0
 71
     0
 42
0.2
  3
Arial.ttf
  4

1001
AcadAnnotative
1000
AnnotativeData
1002
{
1070
     1
1070
     1
1002
}
1001
ACAD
1000
Arial
1071
       34
  0
STYLE
  5
20D
330
3
100
AcDbSymbolTableRecord
100
AcDbTextStyleTableRecord
  2

 70
     1
 40
0.0
 41
1.0
 50
0.0
 71
     0
 42
0.2
  3
ltypeshp.shx
  4

  0
STYLE
  5
EBF
330
3
100
AcDbSymbolTableRecord
100
AcDbTextStyleTableRecord
  2
ОФОРМИТЕЛЬ
 70
     0
 40
25.0
 41
1.0
 50
0.0
 71
     0
 42
25.0
  3
txt
  4

  0
ENDTAB
  0
TABLE
  2
VIEW
  5
6
330
0
100
AcDbSymbolTable
 70
     1
  0
ENDTAB
  0
TABLE
  2
UCS
  5
7
330
0
100
AcDbSymbolTable
 70
     0
  0
ENDTAB
  0
TABLE
  2
APPID
  5
9
330
0
100
AcDbSymbolTable
 70
    14
  0
APPID
  5
12
330
9
100
AcDbSymbolTableRecord
100
AcDbRegAppTableRecord
  2
ACAD
 70
     0
  0
APPID
  5
DD
330
9
100
AcDbSymbolTableRecord
100
AcDbRegAppTableRecord
  2
AcadAnnoPO
 70
     0
  0
APPID
  5
DE
330
9
100
AcDbSymbolTableRecord
100
AcDbRegAppTableRecord
  2
AcadAnnotative
 70
     0
  0
APPID
  5
DF
330
9
100
AcDbSymbolTableRecord
100
AcDbRegAppTableRecord
  2
ACAD_DSTYLE_DIMJAG
 70
     0
  0
APPID
  5
E0
330
9
100
AcDbSymbolTableRecord
100
AcDbRegAppTableRecord
  2
ACAD_DSTYLE_DIMTALN
 70
     0
  0
APPID
  5
107
330
9
100
AcDbSymbolTableRecord
100
AcDbRegAppTableRecord
  2
ACAD_MLEADERVER
 70
     0
  0
APPID
  5
1A6
330
9
100
AcDbSymbolTableRecord
100
AcDbRegAppTableRecord
  2
ACAD_NAV_VCDISPLAY
 70
     0
  0
APPID
  5
1EE
330
9
100
AcDbSymbolTableRecord
100
AcDbRegAppTableRecord
  2
ACAD_EXEMPT_FROM_CAD_STANDARDS
 70
     0
  0
APPID
  5
1FA
330
9
100
AcDbSymbolTableRecord
100
AcDbRegAppTableRecord
  2
AcAecLayerStandard
 70
     0
  0
APPID
  5
1FB
330
9
100
AcDbSymbolTableRecord
100
AcDbRegAppTableRecord
  2
AcCmTransparency
 70
     0
  0
APPID
  5
2C2
330
9
100
AcDbSymbolTableRecord
100
AcDbRegAppTableRecord
  2
ACAD_DSTYLE_DIMRADIAL_EXTENSION
 70
     0
  0
APPID
  5
2E9
330
9
100
AcDbSymbolTableRecord
100
AcDbRegAppTableRecord
  2
AcadAnnoMonitorAlertIconDisabled
 70
     0
  0
APPID
  5
8A2
330
9
100
AcDbSymbolTableRecord
100
AcDbRegAppTableRecord
  2
ACAD_PSEXT
 70
     0
  0
APPID
  5
961
330
9
100
AcDbSymbolTableRecord
100
AcDbRegAppTableRecord
  2
ACAD_DSTYLE_DIMBREAK
 70
     0
  0
ENDTAB
  0
TABLE
  2
DIMSTYLE
  5
A
330
0
100
AcDbSymbolTable
 70
     6
100
AcDbDimStyleTable
 71
     2
340
27
340
E1
  0
DIMSTYLE
105
27
102
{ACAD_REACTORS
330
1AD1
330
1AF3
330
1B0B
330
1B23
330
1B3B
330
1B53
330
1B6B
330
1B83
330
1B9B
330
1BB3
330
1BCB
330
1BE3
330
1C0A
330
1C22
330
1C3A
330
1C52
330
1C6A
330
1C9A
330
1CAA
330
1CCD
330
1CEB
330
1D15
330
1D2D
102
}
330
A
100
AcDbSymbolTableRecord
100
AcDbDimStyleTableRecord
  2
Standard
 70
     0
 40
80.0
 73
     0
 74
     0
 77
     1
179
     1
271
     1
272
     1
340
11
1001
ACAD_DSTYLE_DIMJAG
1070
   388
1040
1.5
1001
ACAD_DSTYLE_DIMBREAK
1070
   391
1040
3.75
1001
ACAD_DSTYLE_DIMTALN
1070
   392
1070
     0
  0
DIMSTYLE
105
E1
330
A
100
AcDbSymbolTableRecord
100
AcDbDimStyleTableRecord
  2
Аннотативный
 70
     0
 40
0.0
340
11
1001
AcadAnnotative
1000
AnnotativeData
1002
{
1070
     1
1070
     1
1002
}
1001
ACAD_DSTYLE_DIMJAG
1070
   388
1040
1.5
1001
ACAD_DSTYLE_DIMTALN
1070
   392
1070
     0
  0
DIMSTYLE
105
95F
330
A
100
AcDbSymbolTableRecord
100
AcDbDimStyleTableRecord
  2
Annotative
 70
     0
 40
0.0
340
11
1001
AcadAnnotative
1000
AnnotativeData
1002
{
1070
     1
1070
     1
1002
}
1001
ACAD_DSTYLE_DIMJAG
1070
   388
1040
1.5
1001
ACAD_DSTYLE_DIMTALN
1070
   392
1070
     0
  0
DIMSTYLE
105
960
102
{ACAD_REACTORS
330
96F
330
972
330
975
330
978
330
97B
330
97C
330
97D
330
980
330
983
330
986
330
989
330
98C
102
}
330
A
100
AcDbSymbolTableRecord
100
AcDbDimStyleTableRecord
  2
Copy of Standard
 70
     0
 40
200.0
 73
     0
 74
     0
 77
     1
271
     0
272
     0
340
11
1001
ACAD_DSTYLE_DIMJAG
1070
   388
1040
1.5
1001
ACAD_DSTYLE_DIMBREAK
1070
   391
1040
0.125
1001
ACAD_DSTYLE_DIMTALN
1070
   392
1070
     0
  0
DIMSTYLE
105
EC0
330
A
100
AcDbSymbolTableRecord
100
AcDbDimStyleTableRecord
  2
ОФОРМИТЕЛЬ
 70
     0
 41
25.0
 42
10.0
 44
10.0
140
25.0
147
3.0
176
   256
177
   256
178
   256
279
     2
340
EBF
  0
DIMSTYLE
105
199E
102
{ACAD_REACTORS
330
1A72
330
1A75
330
1A7F
330
1A82
102
}
330
A
100
AcDbSymbolTableRecord
100
AcDbDimStyleTableRecord
  2
ISO-25
 70
     0
 41
2.5
 42
0.625
 43
3.75
 44
1.25
 73
     0
 74
     0
 77
     1
 78
     8
140
2.5
141
2.5
143
0.03937007874016
147
0.625
171
     3
172
     1
271
     2
272
     2
274
     3
278
    44
283
     0
284
     8
340
11
  0
ENDTAB
  0
TABLE
  2
BLOCK_RECORD
  5
1
330
0
100
AcDbSymbolTable
 70
    72
  0
BLOCK_RECORD
  5
1F
102
{ACAD_XDICTIONARY
360
15D
102
}
330
1
100
AcDbSymbolTableRecord
100
AcDbBlockTableRecord
  2
*Model_Space
340
22
 70
     0
280
     1
281
     0
  0
BLOCK_RECORD
  5
58
330
1
100
AcDbSymbolTableRecord
100
AcDbBlockTableRecord
  2
*Paper_Space
340
59
 70
     0
280
     1
281
     0
  0
BLOCK_RECORD
  5
5D
330
1
100
AcDbSymbolTableRecord
100
AcDbBlockTableRecord
  2
*Paper_Space0
340
5E
 70
     0
280
     1
281
     0
  0
BLOCK_RECORD
  5
8CE
330
1
100
AcDbSymbolTableRecord
100
AcDbBlockTableRecord
  2
*D1
340
0
 70
     0
280
     1
281
     0
  0
BLOCK_RECORD
  5
8DA
330
1
100
AcDbSymbolTableRecord
100
AcDbBlockTableRecord
  2
*D2
340
0
 70
     0
280
     1
281
     0
  0
BLOCK_RECORD
  5
8E6
330
1
100
AcDbSymbolTableRecord
100
AcDbBlockTableRecord
  2
*D3
340
0
 70
     0
280
     1
281
     0
  0
BLOCK_RECORD
  5
8F2
330
1
100
AcDbSymbolTableRecord
100
AcDbBlockTableRecord
  2
*D4
340
0
 70
     0
280
     1
281
     0
  0
BLOCK_RECORD
  5
8FF
330
1
100
AcDbSymbolTableRecord
100
AcDbBlockTableRecord
  2
*D5
340
0
 70
     0
280
     1
281
     0
  0
BLOCK_RECORD
  5
90C
330
1
100
AcDbSymbolTableRecord
100
AcDbBlockTableRecord
  2
*D6
340
0
 70
     0
280
     1
281
     0
  0
BLOCK_RECORD
  5
918
330
1
100
AcDbSymbolTableRecord
100
AcDbBlockTableRecord
  2
*D7
340
0
 70
     0
280
     1
281
     0
  0
BLOCK_RECORD
  5
924
330
1
100
AcDbSymbolTableRecord
100
AcDbBlockTableRecord
  2
*D8
340
0
 70
     0
280
     1
281
     0
  0
BLOCK_RECORD
  5
930
330
1
100
AcDbSymbolTableRecord
100
AcDbBlockTableRecord
  2
*D9
340
0
 70
     0
280
     1
281
     0
  0
BLOCK_RECORD
  5
93A
330
1
100
AcDbSymbolTableRecord
100
AcDbBlockTableRecord
  2
*D10
340
0
 70
     0
280
     1
281
     0
  0
BLOCK_RECORD
  5
946
330
1
100
AcDbSymbolTableRecord
100
AcDbBlockTableRecord
  2
*D11
340
0
 70
     0
280
     1
281
     0
  0
BLOCK_RECORD
  5
952
330
1
100
AcDbSymbolTableRecord
100
AcDbBlockTableRecord
  2
*D12
340
0
 70
     0
280
     1
281
     0
  0
BLOCK_RECORD
  5
962
102
{ACAD_XDICTIONARY
360
98F
102
}
330
1
100
AcDbSymbolTableRecord
100
AcDbBlockTableRecord
  2
A$C9622438a
340
0
 70
     1
280
     1
281
     0
  0
BLOCK_RECORD
  5
E8B
330
1
100
AcDbSymbolTableRecord
100
AcDbBlockTableRecord
  2
_DetailCallout
340
0
 70
     1
280
     1
281
     0
  0
BLOCK_RECORD
  5
E93
330
1
100
AcDbSymbolTableRecord
100
AcDbBlockTableRecord
  2
_CLOSEDBLANK
340
0
102
{BLKREFS
331
198C
331
198D
331
197F
331
1980
331
1998
102
}
 70
     0
280
     1
281
     0
  0
BLOCK_RECORD
  5
1460
330
1
100
AcDbSymbolTableRecord
100
AcDbBlockTableRecord
  2
*D16
340
0
 70
     0
280
     1
281
     0
  0
BLOCK_RECORD
  5
15EE
330
1
100
AcDbSymbolTableRecord
100
AcDbBlockTableRecord
  2
*D17
340
0
 70
     0
280
     1
281
     0
  0
BLOCK_RECORD
  5
1608
330
1
100
AcDbSymbolTableRecord
100
AcDbBlockTableRecord
  2
*D18
340
0
 70
     0
280
     1
281
     0
  0
BLOCK_RECORD
  5
165C
330
1
100
AcDbSymbolTableRecord
100
AcDbBlockTableRecord
  2
*D19
340
0
 70
     0
280
     1
281
     0
  0
BLOCK_RECORD
  5
16D6
330
1
100
AcDbSymbolTableRecord
100
AcDbBlockTableRecord
  2
*D20
340
0
 70
     0
280
     1
281
     0
  0
BLOCK_RECORD
  5
1732
330
1
100
AcDbSymbolTableRecord
100
AcDbBlockTableRecord
  2
*D21
340
0
 70
     0
280
     1
281
     0
  0
BLOCK_RECORD
  5
1794
330
1
100
AcDbSymbolTableRecord
100
AcDbBlockTableRecord
  2
*D22
340
0
 70
     0
280
     1
281
     0
  0
BLOCK_RECORD
  5
17A8
330
1
100
AcDbSymbolTableRecord
100
AcDbBlockTableRecord
  2
*D23
340
0
 70
     0
280
     1
281
     0
  0
BLOCK_RECORD
  5
17BE
330
1
100
AcDbSymbolTableRecord
100
AcDbBlockTableRecord
  2
*D24
340
0
 70
     0
280
     1
281
     0
  0
BLOCK_RECORD
  5
180A
330
1
100
AcDbSymbolTableRecord
100
AcDbBlockTableRecord
  2
*D25
340
0
 70
     0
280
     1
281
     0
  0
BLOCK_RECORD
  5
1832
330
1
100
AcDbSymbolTableRecord
100
AcDbBlockTableRecord
  2
*D26
340
0
 70
     0
280
     1
281
     0
  0
BLOCK_RECORD
  5
1979
330
1
100
AcDbSymbolTableRecord
100
AcDbBlockTableRecord
  2
*D27
340
0
 70
     0
280
     1
281
     0
  0
BLOCK_RECORD
  5
1986
330
1
100
AcDbSymbolTableRecord
100
AcDbBlockTableRecord
  2
*D28
340
0
 70
     0
280
     1
281
     0
  0
BLOCK_RECORD
  5
1993
330
1
100
AcDbSymbolTableRecord
100
AcDbBlockTableRecord
  2
*D29
340
0
 70
     0
280
     1
281
     0
  0
BLOCK_RECORD
  5
19D3
330
1
100
AcDbSymbolTableRecord
100
AcDbBlockTableRecord
  2
*D30
340
0
 70
     0
280
     1
281
     0
  0
BLOCK_RECORD
  5
19E0
330
1
100
AcDbSymbolTableRecord
100
AcDbBlockTableRecord
  2
*D31
340
0
 70
     0
280
     1
281
     0
  0
BLOCK_RECORD
  5
19ED
330
1
100
AcDbSymbolTableRecord
100
AcDbBlockTableRecord
  2
*D32
340
0
 70
     0
280
     1
281
     0
  0
BLOCK_RECORD
  5
1A02
330
1
100
AcDbSymbolTableRecord
100
AcDbBlockTableRecord
  2
*D33
340
0
 70
     0
280
     1
281
     0
  0
BLOCK_RECORD
  5
1A0E
330
1
100
AcDbSymbolTableRecord
100
AcDbBlockTableRecord
  2
*D34
340
0
 70
     0
280
     1
281
     0
  0
BLOCK_RECORD
  5
1A1A
330
1
100
AcDbSymbolTableRecord
100
AcDbBlockTableRecord
  2
*D35
340
0
 70
     0
280
     1
281
     0
  0
BLOCK_RECORD
  5
1A26
330
1
100
AcDbSymbolTableRecord
100
AcDbBlockTableRecord
  2
*D36
340
0
 70
     0
280
     1
281
     0
  0
BLOCK_RECORD
  5
1A32
330
1
100
AcDbSymbolTableRecord
100
AcDbBlockTableRecord
  2
*D37
340
0
 70
     0
280
     1
281
     0
  0
BLOCK_RECORD
  5
1A3E
330
1
100
AcDbSymbolTableRecord
100
AcDbBlockTableRecord
  2
*D38
340
0
 70
     0
280
     1
281
     0
  0
BLOCK_RECORD
  5
1A85
330
1
100
AcDbSymbolTableRecord
100
AcDbBlockTableRecord
  2
*D39
340
0
 70
     0
280
     1
281
     0
  0
BLOCK_RECORD
  5
1A91
330
1
100
AcDbSymbolTableRecord
100
AcDbBlockTableRecord
  2
*D40
340
0
 70
     0
280
     1
281
     0
  0
BLOCK_RECORD
  5
1A9D
330
1
100
AcDbSymbolTableRecord
100
AcDbBlockTableRecord
  2
*D41
340
0
 70
     0
280
     1
281
     0
  0
BLOCK_RECORD
  5
1AA9
330
1
100
AcDbSymbolTableRecord
100
AcDbBlockTableRecord
  2
*D42
340
0
 70
     0
280
     1
281
     0
  0
BLOCK_RECORD
  5
1AB5
330
1
100
AcDbSymbolTableRecord
100
AcDbBlockTableRecord
  2
*D43
340
0
 70
     0
280
     1
281
     0
  0
BLOCK_RECORD
  5
1AC1
330
1
100
AcDbSymbolTableRecord
100
AcDbBlockTableRecord
  2
*D44
340
0
 70
     0
280
     1
281
     0
  0
BLOCK_RECORD
  5
1AD2
330
1
100
AcDbSymbolTableRecord
100
AcDbBlockTableRecord
  2
*D45
340
0
 70
     0
280
     1
281
     0
  0
BLOCK_RECORD
  5
1AF4
330
1
100
AcDbSymbolTableRecord
100
AcDbBlockTableRecord
  2
*D46
340
0
 70
     0
280
     1
281
     0
  0
BLOCK_RECORD
  5
1B0C
330
1
100
AcDbSymbolTableRecord
100
AcDbBlockTableRecord
  2
*D47
340
0
 70
     0
280
     1
281
     0
  0
BLOCK_RECORD
  5
1B24
330
1
100
AcDbSymbolTableRecord
100
AcDbBlockTableRecord
  2
*D48
340
0
 70
     0
280
     1
281
     0
  0
BLOCK_RECORD
  5
1B3C
330
1
100
AcDbSymbolTableRecord
100
AcDbBlockTableRecord
  2
*D49
340
0
 70
     0
280
     1
281
     0
  0
BLOCK_RECORD
  5
1B54
330
1
100
AcDbSymbolTableRecord
100
AcDbBlockTableRecord
  2
*D50
340
0
 70
     0
280
     1
281
     0
  0
BLOCK_RECORD
  5
1B6C
330
1
100
AcDbSymbolTableRecord
100
AcDbBlockTableRecord
  2
*D51
340
0
 70
     0
280
     1
281
     0
  0
BLOCK_RECORD
  5
1B84
330
1
100
AcDbSymbolTableRecord
100
AcDbBlockTableRecord
  2
*D52
340
0
 70
     0
280
     1
281
     0
  0
BLOCK_RECORD
  5
1B9C
330
1
100
AcDbSymbolTableRecord
100
AcDbBlockTableRecord
  2
*D53
340
0
 70
     0
280
     1
281
     0
  0
BLOCK_RECORD
  5
1BB4
330
1
100
AcDbSymbolTableRecord
100
AcDbBlockTableRecord
  2
*D54
340
0
 70
     0
280
     1
281
     0
  0
BLOCK_RECORD
  5
1BCC
330
1
100
AcDbSymbolTableRecord
100
AcDbBlockTableRecord
  2
*D55
340
0
 70
     0
280
     1
281
     0
  0
BLOCK_RECORD
  5
1BE4
330
1
100
AcDbSymbolTableRecord
100
AcDbBlockTableRecord
  2
*D56
340
0
 70
     0
280
     1
281
     0
  0
BLOCK_RECORD
  5
1C0B
330
1
100
AcDbSymbolTableRecord
100
AcDbBlockTableRecord
  2
*D57
340
0
 70
     0
280
     1
281
     0
  0
BLOCK_RECORD
  5
1C23
330
1
100
AcDbSymbolTableRecord
100
AcDbBlockTableRecord
  2
*D58
340
0
 70
     0
280
     1
281
     0
  0
BLOCK_RECORD
  5
1C3B
330
1
100
AcDbSymbolTableRecord
100
AcDbBlockTableRecord
  2
*D59
340
0
 70
     0
280
     1
281
     0
  0
BLOCK_RECORD
  5
1C53
330
1
100
AcDbSymbolTableRecord
100
AcDbBlockTableRecord
  2
*D60
340
0
 70
     0
280
     1
281
     0
  0
BLOCK_RECORD
  5
1C6B
330
1
100
AcDbSymbolTableRecord
100
AcDbBlockTableRecord
  2
*D61
340
0
 70
     0
280
     1
281
     0
  0
BLOCK_RECORD
  5
1C83
330
1
100
AcDbSymbolTableRecord
100
AcDbBlockTableRecord
  2
*D62
340
0
 70
     0
280
     1
281
     0
  0
BLOCK_RECORD
  5
1C9B
330
1
100
AcDbSymbolTableRecord
100
AcDbBlockTableRecord
  2
*D63
340
0
 70
     0
280
     1
281
     0
  0
BLOCK_RECORD
  5
1CAB
330
1
100
AcDbSymbolTableRecord
100
AcDbBlockTableRecord
  2
*D64
340
0
 70
     0
280
     1
281
     0
  0
BLOCK_RECORD
  5
1CCE
330
1
100
AcDbSymbolTableRecord
100
AcDbBlockTableRecord
  2
*D65
340
0
 70
     0
280
     1
281
     0
  0
BLOCK_RECORD
  5
1CEC
330
1
100
AcDbSymbolTableRecord
100
AcDbBlockTableRecord
  2
*D66
340
0
 70
     0
280
     1
281
     0
  0
BLOCK_RECORD
  5
1D16
330
1
100
AcDbSymbolTableRecord
100
AcDbBlockTableRecord
  2
*D67
340
0
 70
     0
280
     1
281
     0
  0
BLOCK_RECORD
  5
1D2E
330
1
100
AcDbSymbolTableRecord
100
AcDbBlockTableRecord
  2
*D68
340
0
 70
     0
280
     1
281
     0
  0
ENDTAB
  0
ENDSEC
  0
SECTION
  2
BLOCKS
  0
BLOCK
  5
20
330
1F
100
AcDbEntity
  8
0
100
AcDbBlockBegin
  2
*Model_Space
 70
     0
 10
0.0
 20
0.0
 30
0.0
  3
*Model_Space
  1

  0
ENDBLK
  5
21
330
1F
100
AcDbEntity
  8
0
100
AcDbBlockEnd
  0
BLOCK
  5
5A
330
58
100
AcDbEntity
 67
     1
  8
0
100
AcDbBlockBegin
  2
*Paper_Space
 70
     0
 10
0.0
 20
0.0
 30
0.0
  3
*Paper_Space
  1

  0
ENDBLK
  5
5B
330
58
100
AcDbEntity
 67
     1
  8
0
100
AcDbBlockEnd
  0
BLOCK
  5
5F
330
5D
100
AcDbEntity
 67
     1
  8
0
100
AcDbBlockBegin
  2
*Paper_Space0
 70
     0
 10
0.0
 20
0.0
 30
0.0
  3
*Paper_Space0
  1

  0
ENDBLK
  5
60
330
5D
100
AcDbEntity
 67
     1
  8
0
100
AcDbBlockEnd
  0
BLOCK
  5
8CF
330
8CE
100
AcDbEntity
  8
0
100
AcDbBlockBegin
  2
*D1
 70
     1
 10
0.0
 20
0.0
 30
0.0
  3
*D1
  1

  0
LINE
  5
8D0
330
8CE
100
AcDbEntity
  8
0
 62
     0
440
 16777216
370
    -2
100
AcDbLine
 10
386.6613009444591
 20
226.4288717929858
 30
0.0
 11
386.6613009444591
 21
459.0060514949144
 31
0.0
  0
LINE
  5
8D1
330
8CE
100
AcDbEntity
  8
0
 62
     0
440
 16777216
370
    -2
100
AcDbLine
 10
186.661300944459
 20
226.4288717929858
 30
0.0
 11
186.6613009444592
 21
459.0060514949144
 31
0.0
  0
LINE
  5
8D2
330
8CE
100
AcDbEntity
  8
0
 62
     0
440
 16777216
370
    -2
100
AcDbLine
 10
350.6613009444591
 20
423.0060514949144
 30
0.0
 11
222.6613009444592
 21
423.0060514949144
 31
0.0
  0
SOLID
  5
8D3
330
8CE
100
AcDbEntity
  8
0
 62
     0
440
 16777216
100
AcDbTrace
 10
350.6613009444591
 20
429.0060514949145
 30
0.0
 11
350.6613009444591
 21
417.0060514949144
 31
0.0
 12
386.6613009444591
 22
423.0060514949144
 32
0.0
 13
386.6613009444591
 23
423.0060514949144
 33
0.0
  0
SOLID
  5
8D4
330
8CE
100
AcDbEntity
  8
0
 62
     0
440
 16777216
100
AcDbTrace
 10
222.6613009444592
 20
429.0060514949145
 30
0.0
 11
222.6613009444592
 21
417.0060514949144
 31
0.0
 12
186.661300944459
 22
423.0060514949144
 32
0.0
 13
186.661300944459
 23
423.0060514949144
 33
0.0
  0
MTEXT
  5
8D5
330
8CE
100
AcDbEntity
  8
0
 62
     0
440
 16777216
370
    13
100
AcDbMText
 10
286.6613009444592
 20
459.3866790528955
 30
0.0
 40
36.0
 41
0.0
 46
0.0
 71
     5
 72
     1
  1
\A1;200
 73
     1
 44
1.0
  0
POINT
  5
8D6
330
8CE
100
AcDbEntity
  8
Defpoints
 62
     0
440
 16777216
100
AcDbPoint
 10
386.6613009444591
 20
213.9288717929858
 30
0.0
  0
POINT
  5
8D7
330
8CE
100
AcDbEntity
  8
Defpoints
 62
     0
440
 16777216
100
AcDbPoint
 10
186.661300944459
 20
213.9288717929858
 30
0.0
  0
POINT
  5
8D8
330
8CE
100
AcDbEntity
  8
Defpoints
 62
     0
440
 16777216
100
AcDbPoint
 10
186.661300944459
 20
423.0060514949144
 30
0.0
  0
ENDBLK
  5
8D9
330
8CE
100
AcDbEntity
  8
0
100
AcDbBlockEnd
  0
BLOCK
  5
8DB
330
8DA
100
AcDbEntity
  8
0
100
AcDbBlockBegin
  2
*D2
 70
     1
 10
0.0
 20
0.0
 30
0.0
  3
*D2
  1

  0
LINE
  5
8DC
330
8DA
100
AcDbEntity
  8
0
 62
     0
440
 16777216
370
    -2
100
AcDbLine
 10
386.6613009444591
 20
226.4288717929858
 30
0.0
 11
386.6613009444591
 21
459.0060514949144
 31
0.0
  0
LINE
  5
8DD
330
8DA
100
AcDbEntity
  8
0
 62
     0
440
 16777216
370
    -2
100
AcDbLine
 10
836.661300944459
 20
226.4288717929858
 30
0.0
 11
836.661300944459
 21
459.0060514949144
 31
0.0
  0
LINE
  5
8DE
330
8DA
100
AcDbEntity
  8
0
 62
     0
440
 16777216
370
    -2
100
AcDbLine
 10
422.6613009444591
 20
423.0060514949144
 30
0.0
 11
800.6613009444587
 21
423.0060514949144
 31
0.0
  0
SOLID
  5
8DF
330
8DA
100
AcDbEntity
  8
0
 62
     0
440
 16777216
100
AcDbTrace
 10
422.6613009444591
 20
429.0060514949145
 30
0.0
 11
422.6613009444591
 21
417.0060514949144
 31
0.0
 12
386.6613009444591
 22
423.0060514949144
 32
0.0
 13
386.6613009444591
 23
423.0060514949144
 33
0.0
  0
SOLID
  5
8E0
330
8DA
100
AcDbEntity
  8
0
 62
     0
440
 16777216
100
AcDbTrace
 10
800.6613009444587
 20
429.0060514949145
 30
0.0
 11
800.6613009444587
 21
417.0060514949144
 31
0.0
 12
836.661300944459
 22
423.0060514949144
 32
0.0
 13
836.661300944459
 23
423.0060514949144
 33
0.0
  0
MTEXT
  5
8E1
330
8DA
100
AcDbEntity
  8
0
 62
     0
440
 16777216
370
    13
100
AcDbMText
 10
611.661300944459
 20
459.3866790528955
 30
0.0
 40
36.0
 41
0.0
 46
0.0
 71
     5
 72
     1
  1
\A1;450
 73
     1
 44
1.0
  0
POINT
  5
8E2
330
8DA
100
AcDbEntity
  8
Defpoints
 62
     0
440
 16777216
100
AcDbPoint
 10
386.6613009444591
 20
213.9288717929858
 30
0.0
  0
POINT
  5
8E3
330
8DA
100
AcDbEntity
  8
Defpoints
 62
     0
440
 16777216
100
AcDbPoint
 10
836.661300944459
 20
213.9288717929858
 30
0.0
  0
POINT
  5
8E4
330
8DA
100
AcDbEntity
  8
Defpoints
 62
     0
440
 16777216
100
AcDbPoint
 10
836.661300944459
 20
423.0060514949144
 30
0.0
  0
ENDBLK
  5
8E5
330
8DA
100
AcDbEntity
  8
0
100
AcDbBlockEnd
  0
BLOCK
  5
8E7
330
8E6
100
AcDbEntity
  8
0
100
AcDbBlockBegin
  2
*D3
 70
     1
 10
0.0
 20
0.0
 30
0.0
  3
*D3
  1

  0
LINE
  5
8E8
330
8E6
100
AcDbEntity
  8
0
 62
     0
440
 16777216
370
    -2
100
AcDbLine
 10
836.661300944459
 20
226.4288717929858
 30
0.0
 11
836.661300944459
 21
455.3262491519708
 31
0.0
  0
LINE
  5
8E9
330
8E6
100
AcDbEntity
  8
0
 62
     0
440
 16777216
370
    -2
100
AcDbLine
 10
1286.293964045175
 20
226.4288717929857
 30
0.0
 11
1286.293964045175
 21
455.3262491519708
 31
0.0
  0
LINE
  5
8EA
330
8E6
100
AcDbEntity
  8
0
 62
     0
440
 16777216
370
    -2
100
AcDbLine
 10
872.6613009444589
 20
419.3262491519708
 30
0.0
 11
1250.293964045175
 21
419.3262491519708
 31
0.0
  0
SOLID
  5
8EB
330
8E6
100
AcDbEntity
  8
0
 62
     0
440
 16777216
100
AcDbTrace
 10
872.6613009444589
 20
425.3262491519708
 30
0.0
 11
872.6613009444589
 21
413.3262491519708
 31
0.0
 12
836.661300944459
 22
419.3262491519708
 32
0.0
 13
836.661300944459
 23
419.3262491519708
 33
0.0
  0
SOLID
  5
8EC
330
8E6
100
AcDbEntity
  8
0
 62
     0
440
 16777216
100
AcDbTrace
 10
1250.293964045175
 20
425.3262491519708
 30
0.0
 11
1250.293964045175
 21
413.3262491519708
 31
0.0
 12
1286.293964045175
 22
419.3262491519708
 32
0.0
 13
1286.293964045175
 23
419.3262491519708
 33
0.0
  0
MTEXT
  5
8ED
330
8E6
100
AcDbEntity
  8
0
 62
     0
440
 16777216
370
    13
100
AcDbMText
 10
1061.477632494817
 20
455.7068767099517
 30
0.0
 40
36.0
 41
0.0
 46
0.0
 71
     5
 72
     1
  1
\A1;450
 73
     1
 44
1.0
  0
POINT
  5
8EE
330
8E6
100
AcDbEntity
  8
Defpoints
 62
     0
440
 16777216
100
AcDbPoint
 10
836.661300944459
 20
213.9288717929858
 30
0.0
  0
POINT
  5
8EF
330
8E6
100
AcDbEntity
  8
Defpoints
 62
     0
440
 16777216
100
AcDbPoint
 10
1286.293964045175
 20
213.9288717929857
 30
0.0
  0
POINT
  5
8F0
330
8E6
100
AcDbEntity
  8
Defpoints
 62
     0
440
 16777216
100
AcDbPoint
 10
1286.293964045175
 20
419.3262491519708
 30
0.0
  0
ENDBLK
  5
8F1
330
8E6
100
AcDbEntity
  8
0
100
AcDbBlockEnd
  0
BLOCK
  5
8F3
330
8F2
100
AcDbEntity
  8
0
100
AcDbBlockBegin
  2
*D4
 70
     1
 10
0.0
 20
0.0
 30
0.0
  3
*D4
  1

  0
LINE
  5
8F4
330
8F2
100
AcDbEntity
  8
0
 62
     0
440
 16777216
370
    -2
100
AcDbLine
 10
291.5910044537924
 20
113.9288717929858
 30
0.0
 11
-124.338799784964
 21
113.9288717929859
 31
0.0
  0
LINE
  5
8F5
330
8F2
100
AcDbEntity
  8
0
 62
     0
440
 16777216
370
    -2
100
AcDbLine
 10
291.5910044537924
 20
13.92887179298577
 30
0.0
 11
-124.338799784964
 21
13.92887179298589
 31
0.0
  0
LINE
  5
8F6
330
8F2
100
AcDbEntity
  8
0
 62
     0
440
 16777216
370
    -2
100
AcDbLine
 10
-88.33879978496405
 20
149.9288717929859
 30
0.0
 11
-88.33879978496403
 21
185.9288717929859
 31
0.0
  0
LINE
  5
8F7
330
8F2
100
AcDbEntity
  8
0
 62
     0
440
 16777216
370
    -2
100
AcDbLine
 10
-88.33879978496408
 20
-22.07112820701411
 30
0.0
 11
-88.33879978496412
 21
-170.0984133366185
 31
0.0
  0
SOLID
  5
8F8
330
8F2
100
AcDbEntity
  8
0
 62
     0
440
 16777216
100
AcDbTrace
 10
-94.33879978496404
 20
149.9288717929859
 30
0.0
 11
-82.33879978496405
 21
149.9288717929859
 31
0.0
 12
-88.33879978496405
 22
113.9288717929859
 32
0.0
 13
-88.33879978496405
 23
113.9288717929859
 33
0.0
  0
SOLID
  5
8F9
330
8F2
100
AcDbEntity
  8
0
 62
     0
440
 16777216
100
AcDbTrace
 10
-94.33879978496408
 20
-22.07112820701411
 30
0.0
 11
-82.33879978496409
 21
-22.07112820701413
 31
0.0
 12
-88.33879978496408
 22
13.92887179298588
 32
0.0
 13
-88.33879978496408
 23
13.92887179298588
 33
0.0
  0
MTEXT
  5
8FA
330
8F2
100
AcDbEntity
  8
0
 62
     0
440
 16777216
370
    13
100
AcDbMText
 10
-124.719427342945
 20
-114.0847707718163
 30
0.0
 40
36.0
 41
0.0
 46
0.0
 71
     5
 72
     1
  1
\A1;100
 11
0.0000000000000001
 21
1.0
 31
0.0
 73
     1
 44
1.0
  0
POINT
  5
8FB
330
8F2
100
AcDbEntity
  8
Defpoints
 62
     0
440
 16777216
100
AcDbPoint
 10
304.0910044537924
 20
113.9288717929858
 30
0.0
  0
POINT
  5
8FC
330
8F2
100
AcDbEntity
  8
Defpoints
 62
     0
440
 16777216
100
AcDbPoint
 10
304.0910044537924
 20
13.92887179298577
 30
0.0
  0
POINT
  5
8FD
330
8F2
100
AcDbEntity
  8
Defpoints
 62
     0
440
 16777216
100
AcDbPoint
 10
-88.33879978496408
 20
13.92887179298588
 30
0.0
  0
ENDBLK
  5
8FE
330
8F2
100
AcDbEntity
  8
0
100
AcDbBlockEnd
  0
BLOCK
  5
900
330
8FF
100
AcDbEntity
  8
0
100
AcDbBlockBegin
  2
*D5
 70
     1
 10
0.0
 20
0.0
 30
0.0
  3
*D5
  1

  0
LINE
  5
901
330
8FF
100
AcDbEntity
  8
0
 62
     0
440
 16777216
370
    -2
100
AcDbLine
 10
174.161300944459
 20
213.9288717929858
 30
0.0
 11
-160.338799784964
 21
213.9288717929859
 31
0.0
  0
LINE
  5
902
330
8FF
100
AcDbEntity
  8
0
 62
     0
440
 16777216
370
    -2
100
AcDbLine
 10
91.59100445379243
 20
113.9288717929858
 30
0.0
 11
-160.338799784964
 21
113.9288717929858
 31
0.0
  0
LINE
  5
903
330
8FF
100
AcDbEntity
  8
0
 62
     0
440
 16777216
370
    -2
100
AcDbLine
 10
-124.338799784964
 20
77.92887179298585
 30
0.0
 11
-124.338799784964
 21
41.92887179298584
 31
0.0
  0
LINE
  5
904
330
8FF
100
AcDbEntity
  8
0
 62
     0
440
 16777216
370
    -2
100
AcDbLine
 10
-124.338799784964
 20
249.9288717929859
 30
0.0
 11
-124.338799784964
 21
397.9561569225902
 31
0.0
  0
SOLID
  5
905
330
8FF
100
AcDbEntity
  8
0
 62
     0
440
 16777216
100
AcDbTrace
 10
-130.338799784964
 20
77.92887179298585
 30
0.0
 11
-118.338799784964
 21
77.92887179298585
 31
0.0
 12
-124.338799784964
 22
113.9288717929858
 32
0.0
 13
-124.338799784964
 23
113.9288717929858
 33
0.0
  0
SOLID
  5
906
330
8FF
100
AcDbEntity
  8
0
 62
     0
440
 16777216
100
AcDbTrace
 10
-130.338799784964
 20
249.9288717929859
 30
0.0
 11
-118.338799784964
 21
249.9288717929859
 31
0.0
 12
-124.338799784964
 22
213.9288717929859
 32
0.0
 13
-124.338799784964
 23
213.9288717929859
 33
0.0
  0
MTEXT
  5
907
330
8FF
100
AcDbEntity
  8
0
 62
     0
440
 16777216
370
    13
100
AcDbMText
 10
-160.7194273429449
 20
341.942514357788
 30
0.0
 40
36.0
 41
0.0
 46
0.0
 71
     5
 72
     1
  1
\A1;100
 11
0.0000000000000001
 21
1.0
 31
0.0
 73
     1
 44
1.0
  0
POINT
  5
908
330
8FF
100
AcDbEntity
  8
Defpoints
 62
     0
440
 16777216
100
AcDbPoint
 10
186.661300944459
 20
213.9288717929858
 30
0.0
  0
POINT
  5
909
330
8FF
100
AcDbEntity
  8
Defpoints
 62
     0
440
 16777216
100
AcDbPoint
 10
104.0910044537924
 20
113.9288717929858
 30
0.0
  0
POINT
  5
90A
330
8FF
100
AcDbEntity
  8
Defpoints
 62
     0
440
 16777216
100
AcDbPoint
 10
-124.338799784964
 20
113.9288717929858
 30
0.0
  0
ENDBLK
  5
90B
330
8FF
100
AcDbEntity
  8
0
100
AcDbBlockEnd
  0
BLOCK
  5
90D
330
90C
100
AcDbEntity
  8
0
100
AcDbBlockBegin
  2
*D6
 70
     1
 10
0.0
 20
0.0
 30
0.0
  3
*D6
  1

  0
LINE
  5
90E
330
90C
100
AcDbEntity
  8
0
 62
     0
440
 16777216
370
    -2
100
AcDbLine
 10
104.0910044537924
 20
101.4288717929858
 30
0.0
 11
104.0910044537924
 21
14.52102955386726
 31
0.0
  0
LINE
  5
90F
330
90C
100
AcDbEntity
  8
0
 62
     0
440
 16777216
370
    -2
100
AcDbLine
 10
304.0910044537924
 20
101.4288717929858
 30
0.0
 11
304.0910044537924
 21
14.52102955386726
 31
0.0
  0
LINE
  5
910
330
90C
100
AcDbEntity
  8
0
 62
     0
440
 16777216
370
    -2
100
AcDbLine
 10
140.0910044537924
 20
50.52102955386725
 30
0.0
 11
268.0910044537924
 21
50.52102955386725
 31
0.0
  0
SOLID
  5
911
330
90C
100
AcDbEntity
  8
0
 62
     0
440
 16777216
100
AcDbTrace
 10
140.0910044537924
 20
56.52102955386727
 30
0.0
 11
140.0910044537924
 21
44.52102955386727
 31
0.0
 12
104.0910044537924
 22
50.52102955386725
 32
0.0
 13
104.0910044537924
 23
50.52102955386725
 33
0.0
  0
SOLID
  5
912
330
90C
100
AcDbEntity
  8
0
 62
     0
440
 16777216
100
AcDbTrace
 10
268.0910044537924
 20
56.52102955386727
 30
0.0
 11
268.0910044537924
 21
44.52102955386727
 31
0.0
 12
304.0910044537924
 22
50.52102955386725
 32
0.0
 13
304.0910044537924
 23
50.52102955386725
 33
0.0
  0
MTEXT
  5
913
330
90C
100
AcDbEntity
  8
0
 62
     0
440
 16777216
370
    13
100
AcDbMText
 10
204.0910044537925
 20
86.90165711184816
 30
0.0
 40
36.0
 41
0.0
 46
0.0
 71
     5
 72
     1
  1
\A1;200
 73
     1
 44
1.0
  0
POINT
  5
914
330
90C
100
AcDbEntity
  8
Defpoints
 62
     0
440
 16777216
100
AcDbPoint
 10
104.0910044537924
 20
113.9288717929858
 30
0.0
  0
POINT
  5
915
330
90C
100
AcDbEntity
  8
Defpoints
 62
     0
440
 16777216
100
AcDbPoint
 10
304.0910044537924
 20
113.9288717929858
 30
0.0
  0
POINT
  5
916
330
90C
100
AcDbEntity
  8
Defpoints
 62
     0
440
 16777216
100
AcDbPoint
 10
304.0910044537924
 20
50.52102955386725
 30
0.0
  0
ENDBLK
  5
917
330
90C
100
AcDbEntity
  8
0
100
AcDbBlockEnd
  0
BLOCK
  5
919
330
918
100
AcDbEntity
  8
0
100
AcDbBlockBegin
  2
*D7
 70
     1
 10
0.0
 20
0.0
 30
0.0
  3
*D7
  1

  0
LINE
  5
91A
330
918
100
AcDbEntity
  8
0
 62
     0
440
 16777216
370
    -2
100
AcDbLine
 10
304.0910044537924
 20
101.4288717929858
 30
0.0
 11
304.0910044537924
 21
15.34699305890535
 31
0.0
  0
LINE
  5
91B
330
918
100
AcDbEntity
  8
0
 62
     0
440
 16777216
370
    -2
100
AcDbLine
 10
754.0910044537922
 20
101.4288717929858
 30
0.0
 11
754.0910044537922
 21
15.34699305890535
 31
0.0
  0
LINE
  5
91C
330
918
100
AcDbEntity
  8
0
 62
     0
440
 16777216
370
    -2
100
AcDbLine
 10
340.0910044537925
 20
51.34699305890535
 30
0.0
 11
718.0910044537924
 21
51.34699305890535
 31
0.0
  0
SOLID
  5
91D
330
918
100
AcDbEntity
  8
0
 62
     0
440
 16777216
100
AcDbTrace
 10
340.0910044537925
 20
57.34699305890536
 30
0.0
 11
340.0910044537925
 21
45.34699305890535
 31
0.0
 12
304.0910044537924
 22
51.34699305890535
 32
0.0
 13
304.0910044537924
 23
51.34699305890535
 33
0.0
  0
SOLID
  5
91E
330
918
100
AcDbEntity
  8
0
 62
     0
440
 16777216
100
AcDbTrace
 10
718.0910044537924
 20
57.34699305890536
 30
0.0
 11
718.0910044537924
 21
45.34699305890535
 31
0.0
 12
754.0910044537922
 22
51.34699305890535
 32
0.0
 13
754.0910044537922
 23
51.34699305890535
 33
0.0
  0
MTEXT
  5
91F
330
918
100
AcDbEntity
  8
0
 62
     0
440
 16777216
370
    13
100
AcDbMText
 10
529.0910044537923
 20
87.72762061688625
 30
0.0
 40
36.0
 41
0.0
 46
0.0
 71
     5
 72
     1
  1
\A1;450
 73
     1
 44
1.0
  0
POINT
  5
920
330
918
100
AcDbEntity
  8
Defpoints
 62
     0
440
 16777216
100
AcDbPoint
 10
304.0910044537924
 20
113.9288717929858
 30
0.0
  0
POINT
  5
921
330
918
100
AcDbEntity
  8
Defpoints
 62
     0
440
 16777216
100
AcDbPoint
 10
754.0910044537922
 20
113.9288717929858
 30
0.0
  0
POINT
  5
922
330
918
100
AcDbEntity
  8
Defpoints
 62
     0
440
 16777216
100
AcDbPoint
 10
754.0910044537922
 20
51.34699305890535
 30
0.0
  0
ENDBLK
  5
923
330
918
100
AcDbEntity
  8
0
100
AcDbBlockEnd
  0
BLOCK
  5
925
330
924
100
AcDbEntity
  8
0
100
AcDbBlockBegin
  2
*D8
 70
     1
 10
0.0
 20
0.0
 30
0.0
  3
*D8
  1

  0
LINE
  5
926
330
924
100
AcDbEntity
  8
0
 62
     0
440
 16777216
370
    -2
100
AcDbLine
 10
754.0910044537922
 20
101.4288717929858
 30
0.0
 11
754.0910044537922
 21
13.50710252005956
 31
0.0
  0
LINE
  5
927
330
924
100
AcDbEntity
  8
0
 62
     0
440
 16777216
370
    -2
100
AcDbLine
 10
1203.723667554508
 20
101.4288717929857
 30
0.0
 11
1203.723667554508
 21
13.50710252005956
 31
0.0
  0
LINE
  5
928
330
924
100
AcDbEntity
  8
0
 62
     0
440
 16777216
370
    -2
100
AcDbLine
 10
790.0910044537923
 20
49.50710252005957
 30
0.0
 11
1167.723667554508
 21
49.50710252005957
 31
0.0
  0
SOLID
  5
929
330
924
100
AcDbEntity
  8
0
 62
     0
440
 16777216
100
AcDbTrace
 10
790.0910044537923
 20
55.50710252005957
 30
0.0
 11
790.0910044537923
 21
43.50710252005955
 31
0.0
 12
754.0910044537922
 22
49.50710252005957
 32
0.0
 13
754.0910044537922
 23
49.50710252005957
 33
0.0
  0
SOLID
  5
92A
330
924
100
AcDbEntity
  8
0
 62
     0
440
 16777216
100
AcDbTrace
 10
1167.723667554508
 20
55.50710252005957
 30
0.0
 11
1167.723667554508
 21
43.50710252005955
 31
0.0
 12
1203.723667554508
 22
49.50710252005957
 32
0.0
 13
1203.723667554508
 23
49.50710252005957
 33
0.0
  0
MTEXT
  5
92B
330
924
100
AcDbEntity
  8
0
 62
     0
440
 16777216
370
    13
100
AcDbMText
 10
978.9073360041504
 20
85.88773007804046
 30
0.0
 40
36.0
 41
0.0
 46
0.0
 71
     5
 72
     1
  1
\A1;450
 73
     1
 44
1.0
  0
POINT
  5
92C
330
924
100
AcDbEntity
  8
Defpoints
 62
     0
440
 16777216
100
AcDbPoint
 10
754.0910044537922
 20
113.9288717929858
 30
0.0
  0
POINT
  5
92D
330
924
100
AcDbEntity
  8
Defpoints
 62
     0
440
 16777216
100
AcDbPoint
 10
1203.723667554508
 20
113.9288717929857
 30
0.0
  0
POINT
  5
92E
330
924
100
AcDbEntity
  8
Defpoints
 62
     0
440
 16777216
100
AcDbPoint
 10
1203.723667554508
 20
49.50710252005957
 30
0.0
  0
ENDBLK
  5
92F
330
924
100
AcDbEntity
  8
0
100
AcDbBlockEnd
  0
BLOCK
  5
931
330
930
100
AcDbEntity
  8
0
100
AcDbBlockBegin
  2
*D9
 70
     1
 10
0.0
 20
0.0
 30
0.0
  3
*D9
  1

  0
LINE
  5
932
330
930
100
AcDbEntity
  8
0
 62
     0
440
 16777216
370
    -2
100
AcDbLine
 10
1166.702415021126
 20
350.1133648913237
 30
0.0
 11
879.1835445477275
 21
231.4747772681744
 31
0.0
  0
MTEXT
  5
933
330
930
100
AcDbEntity
  8
0
 62
     0
440
 16777216
370
    13
100
AcDbMText
 10
1025.321321991971
 20
332.2206907721159
 30
0.0
 40
36.0
 41
0.0
 46
0.0
 71
     5
 72
     1
  1
\A1;∅20 -6{\fArial|b0|i0|c204|p34;отв.}
 11
0.9243966000710624
 21
0.3814327277214955
 31
0.0
 73
     1
 44
1.0
  0
SOLID
  5
934
330
930
100
AcDbEntity
  8
0
 62
     0
440
 16777216
100
AcDbTrace
 10
876.8949481813985
 20
237.0211568686008
 30
0.0
 11
881.4721409140565
 21
225.928397667748
 31
0.0
 12
845.9052669451692
 22
217.7431990702006
 32
0.0
 13
845.9052669451692
 23
217.7431990702006
 33
0.0
  0
LINE
  5
935
330
930
100
AcDbEntity
  8
0
 62
     0
440
 16777216
370
    -2
100
AcDbLine
 10
818.6613009444586
 20
213.9288717929857
 30
0.0
 11
854.6613009444589
 21
213.9288717929856
 31
0.0
  0
LINE
  5
936
330
930
100
AcDbEntity
  8
0
 62
     0
440
 16777216
370
    -2
100
AcDbLine
 10
836.6613009444588
 20
195.9288717929856
 30
0.0
 11
836.6613009444588
 21
231.9288717929857
 31
0.0
  0
POINT
  5
937
330
930
100
AcDbEntity
  8
Defpoints
 62
     0
440
 16777216
100
AcDbPoint
 10
845.9052669451692
 20
217.7431990702006
 30
0.0
  0
POINT
  5
938
330
930
100
AcDbEntity
  8
Defpoints
 62
     0
440
 16777216
100
AcDbPoint
 10
827.4173349437482
 20
210.1145445157707
 30
0.0
  0
ENDBLK
  5
939
330
930
100
AcDbEntity
  8
0
100
AcDbBlockEnd
  0
BLOCK
  5
93B
330
93A
100
AcDbEntity
  8
0
100
AcDbBlockBegin
  2
*D10
 70
     1
 10
0.0
 20
0.0
 30
0.0
  3
*D10
  1

  0
LINE
  5
93C
330
93A
100
AcDbEntity
  8
0
 62
     0
440
 16777216
370
    -2
100
AcDbLine
 10
1334.020707963126
 20
13.92887179298577
 30
0.0
 11
2592.334316246089
 21
13.92887179298541
 31
0.0
  0
LINE
  5
93D
330
93A
100
AcDbEntity
  8
0
 62
     0
440
 16777216
370
    -2
100
AcDbLine
 10
2242.293969360459
 20
1113.928871792985
 30
0.0
 11
2592.334316246089
 21
1113.928871792985
 31
0.0
  0
LINE
  5
93E
330
93A
100
AcDbEntity
  8
0
 62
     0
440
 16777216
370
    -2
100
AcDbLine
 10
2556.334316246089
 20
49.92887179298541
 30
0.0
 11
2556.334316246089
 21
1077.928871792985
 31
0.0
  0
SOLID
  5
93F
330
93A
100
AcDbEntity
  8
0
 62
     0
440
 16777216
100
AcDbTrace
 10
2550.334316246089
 20
49.92887179298541
 30
0.0
 11
2562.334316246089
 21
49.92887179298541
 31
0.0
 12
2556.334316246089
 22
13.92887179298542
 32
0.0
 13
2556.334316246089
 23
13.92887179298542
 33
0.0
  0
SOLID
  5
940
330
93A
100
AcDbEntity
  8
0
 62
     0
440
 16777216
100
AcDbTrace
 10
2550.33431624609
 20
1077.928871792985
 30
0.0
 11
2562.334316246089
 21
1077.928871792985
 31
0.0
 12
2556.334316246089
 22
1113.928871792985
 32
0.0
 13
2556.334316246089
 23
1113.928871792985
 33
0.0
  0
MTEXT
  5
941
330
93A
100
AcDbEntity
  8
0
 62
     0
440
 16777216
370
    13
100
AcDbMText
 10
2519.953688688108
 20
563.9288717929859
 30
0.0
 40
36.0
 41
0.0
 46
0.0
 71
     5
 72
     1
  1
\A1;1100
 11
0.0000000000000001
 21
1.0
 31
0.0
 73
     1
 44
1.0
  0
POINT
  5
942
330
93A
100
AcDbEntity
  8
Defpoints
 62
     0
440
 16777216
100
AcDbPoint
 10
1321.520707963126
 20
13.92887179298577
 30
0.0
  0
POINT
  5
943
330
93A
100
AcDbEntity
  8
Defpoints
 62
     0
440
 16777216
100
AcDbPoint
 10
2229.793969360459
 20
1113.928871792985
 30
0.0
  0
POINT
  5
944
330
93A
100
AcDbEntity
  8
Defpoints
 62
     0
440
 16777216
100
AcDbPoint
 10
2556.334316246089
 20
1113.928871792985
 30
0.0
  0
ENDBLK
  5
945
330
93A
100
AcDbEntity
  8
0
100
AcDbBlockEnd
  0
BLOCK
  5
947
330
946
100
AcDbEntity
  8
0
100
AcDbBlockBegin
  2
*D11
 70
     1
 10
0.0
 20
0.0
 30
0.0
  3
*D11
  1

  0
LINE
  5
948
330
946
100
AcDbEntity
  8
0
 62
     0
440
 16777216
370
    -2
100
AcDbLine
 10
21.52070796312571
 20
1.428871792985773
 30
0.0
 11
21.52070796312568
 21
-337.899996799988
 31
0.0
  0
LINE
  5
949
330
946
100
AcDbEntity
  8
0
 62
     0
440
 16777216
370
    -2
100
AcDbLine
 10
2229.793969360459
 20
1101.428871792985
 30
0.0
 11
2229.793969360459
 21
-337.899996799988
 31
0.0
  0
LINE
  5
94A
330
946
100
AcDbEntity
  8
0
 62
     0
440
 16777216
370
    -2
100
AcDbLine
 10
57.52070796312569
 20
-301.899996799988
 30
0.0
 11
2193.793969360459
 21
-301.899996799988
 31
0.0
  0
SOLID
  5
94B
330
946
100
AcDbEntity
  8
0
 62
     0
440
 16777216
100
AcDbTrace
 10
57.52070796312569
 20
-295.899996799988
 30
0.0
 11
57.52070796312569
 21
-307.899996799988
 31
0.0
 12
21.52070796312569
 22
-301.899996799988
 32
0.0
 13
21.52070796312569
 23
-301.899996799988
 33
0.0
  0
SOLID
  5
94C
330
946
100
AcDbEntity
  8
0
 62
     0
440
 16777216
100
AcDbTrace
 10
2193.793969360459
 20
-295.899996799988
 30
0.0
 11
2193.793969360459
 21
-307.899996799988
 31
0.0
 12
2229.793969360459
 22
-301.899996799988
 32
0.0
 13
2229.793969360459
 23
-301.899996799988
 33
0.0
  0
MTEXT
  5
94D
330
946
100
AcDbEntity
  8
0
 62
     0
440
 16777216
370
    13
100
AcDbMText
 10
1125.657338661792
 20
-265.5193692420071
 30
0.0
 40
36.0
 41
0.0
 46
0.0
 71
     5
 72
     1
  1
\A1;2208
 73
     1
 44
1.0
  0
POINT
  5
94E
330
946
100
AcDbEntity
  8
Defpoints
 62
     0
440
 16777216
100
AcDbPoint
 10
21.52070796312571
 20
13.92887179298577
 30
0.0
  0
POINT
  5
94F
330
946
100
AcDbEntity
  8
Defpoints
 62
     0
440
 16777216
100
AcDbPoint
 10
2229.793969360459
 20
1113.928871792985
 30
0.0
  0
POINT
  5
950
330
946
100
AcDbEntity
  8
Defpoints
 62
     0
440
 16777216
100
AcDbPoint
 10
2229.793969360459
 20
-301.899996799988
 30
0.0
  0
ENDBLK
  5
951
330
946
100
AcDbEntity
  8
0
100
AcDbBlockEnd
  0
BLOCK
  5
953
330
952
100
AcDbEntity
  8
0
100
AcDbBlockBegin
  2
*D12
 70
     1
 10
0.0
 20
0.0
 30
0.0
  3
*D12
  1

  0
LINE
  5
954
330
952
100
AcDbEntity
  8
0
 62
     0
440
 16777216
370
    -2
100
AcDbLine
 10
21.52070796312571
 20
1.428871792985773
 30
0.0
 11
21.52070796312569
 21
-216.7919628411473
 31
0.0
  0
LINE
  5
955
330
952
100
AcDbEntity
  8
0
 62
     0
440
 16777216
370
    -2
100
AcDbLine
 10
1321.520707963126
 20
1.428871792985773
 30
0.0
 11
1321.520707963126
 21
-216.7919628411473
 31
0.0
  0
LINE
  5
956
330
952
100
AcDbEntity
  8
0
 62
     0
440
 16777216
370
    -2
100
AcDbLine
 10
57.52070796312569
 20
-180.7919628411473
 30
0.0
 11
1285.520707963125
 21
-180.7919628411473
 31
0.0
  0
SOLID
  5
957
330
952
100
AcDbEntity
  8
0
 62
     0
440
 16777216
100
AcDbTrace
 10
57.52070796312569
 20
-174.7919628411473
 30
0.0
 11
57.52070796312569
 21
-186.7919628411473
 31
0.0
 12
21.52070796312569
 22
-180.7919628411473
 32
0.0
 13
21.52070796312569
 23
-180.7919628411473
 33
0.0
  0
SOLID
  5
958
330
952
100
AcDbEntity
  8
0
 62
     0
440
 16777216
100
AcDbTrace
 10
1285.520707963125
 20
-174.7919628411473
 30
0.0
 11
1285.520707963125
 21
-186.7919628411473
 31
0.0
 12
1321.520707963126
 22
-180.7919628411473
 32
0.0
 13
1321.520707963126
 23
-180.7919628411473
 33
0.0
  0
MTEXT
  5
959
330
952
100
AcDbEntity
  8
0
 62
     0
440
 16777216
370
    13
100
AcDbMText
 10
671.5207079631255
 20
-144.3990569748444
 30
0.0
 40
36.0
 41
0.0
 46
0.0
 71
     5
 72
     1
  1
\A1;1300
 73
     1
 44
1.0
  0
POINT
  5
95A
330
952
100
AcDbEntity
  8
Defpoints
 62
     0
440
 16777216
100
AcDbPoint
 10
21.52070796312571
 20
13.92887179298577
 30
0.0
  0
POINT
  5
95B
330
952
100
AcDbEntity
  8
Defpoints
 62
     0
440
 16777216
100
AcDbPoint
 10
1321.520707963126
 20
13.92887179298577
 30
0.0
  0
POINT
  5
95C
330
952
100
AcDbEntity
  8
Defpoints
 62
     0
440
 16777216
100
AcDbPoint
 10
1321.520707963126
 20
-180.7919628411473
 30
0.0
  0
ENDBLK
  5
95D
330
952
100
AcDbEntity
  8
0
100
AcDbBlockEnd
  0
BLOCK
  5
991
330
962
100
AcDbEntity
  8
0
 48
4.0
100
AcDbBlockBegin
  2
A$C9622438a
 70
     0
 10
0.0
 20
0.0
 30
0.0
  3
A$C9622438a
  1

  0
LINE
  5
963
102
{ACAD_REACTORS
330
971
330
98B
330
98E
102
}
330
962
100
AcDbEntity
  8
0
370
    25
100
AcDbLine
 10
0.0000000000000178
 20
0.0
 30
0.0
 11
908.2732613973339
 21
1100.0
 31
0.0
  0
LINE
  5
964
330
962
100
AcDbEntity
  8
0
370
    25
100
AcDbLine
 10
908.2732613973337
 20
1100.0
 30
0.0
 11
2208.273261397334
 21
1100.0
 31
0.0
  0
LINE
  5
965
102
{ACAD_REACTORS
330
97A
102
}
330
962
100
AcDbEntity
  8
0
370
    25
100
AcDbLine
 10
0.0
 20
0.0
 30
0.0
 11
1300.0
 21
0.0
 31
0.0
  0
LINE
  5
966
102
{ACAD_REACTORS
330
97F
102
}
330
962
100
AcDbEntity
  8
0
  6
ACAD_ISO03W100
 48
5.0
370
    13
100
AcDbLine
 10
82.57029649066671
 20
100.0
 30
0.0
 11
1382.570296490666
 21
100.0
 31
0.0
  0
LINE
  5
967
102
{ACAD_REACTORS
330
971
330
974
330
977
102
}
330
962
100
AcDbEntity
  8
0
  6
ACAD_ISO03W100
 48
5.0
370
    13
100
AcDbLine
 10
165.1405929813334
 20
200.0
 30
0.0
 11
1465.140592981333
 21
200.0
 31
0.0
  0
LINE
  5
968
102
{ACAD_REACTORS
330
988
330
98B
330
98E
102
}
330
962
100
AcDbEntity
  8
0
370
    25
100
AcDbLine
 10
2208.273261397334
 20
1100.0
 30
0.0
 11
1300.0
 21
0.0
 31
0.0
  0
CIRCLE
  5
969
102
{ACAD_REACTORS
330
971
330
974
102
}
330
962
100
AcDbEntity
  8
0
370
    25
100
AcDbCircle
 10
365.1405929813334
 20
200.0
 30
0.0
 40
10.0
  0
CIRCLE
  5
96A
102
{ACAD_REACTORS
330
97A
330
97F
102
}
330
962
100
AcDbEntity
  8
0
370
    25
100
AcDbCircle
 10
282.5702964906668
 20
100.0
 30
0.0
 40
10.0
  0
CIRCLE
  5
96B
102
{ACAD_REACTORS
330
977
102
}
330
962
100
AcDbEntity
  8
0
370
    25
100
AcDbCircle
 10
1264.773256082049
 20
200.0
 30
0.0
 40
10.0
  0
CIRCLE
  5
96C
102
{ACAD_REACTORS
330
982
102
}
330
962
100
AcDbEntity
  8
0
370
    25
100
AcDbCircle
 10
1182.202959591382
 20
100.0
 30
0.0
 40
10.0
  0
CIRCLE
  5
96D
102
{ACAD_REACTORS
330
985
102
}
330
962
100
AcDbEntity
  8
0
370
    25
100
AcDbCircle
 10
815.1405929813332
 20
200.0
 30
0.0
 40
10.0
  0
CIRCLE
  5
96E
102
{ACAD_REACTORS
330
982
102
}
330
962
100
AcDbEntity
  8
0
370
    25
100
AcDbCircle
 10
732.5702964906667
 20
100.0
 30
0.0
 40
10.0
  0
DIMENSION
  5
96F
102
{ACAD_XDICTIONARY
360
970
102
}
102
{ACAD_REACTORS
330
971
102
}
330
962
100
AcDbEntity
  8
0
370
    13
100
AcDbDimension
280
     0
  2
*D1
 10
165.1405929813335
 20
409.0771797019288
 30
0.0
 11
265.1405929813335
 21
409.0771797019288
 31
0.0
 12
-21.52070796312569
 22
-13.92887179298577
 32
0.0
 70
   128
 71
     5
 42
200.0
 73
     0
 74
     0
 75
     0
  3
Copy of Standard
100
AcDbAlignedDimension
 13
365.1405929813334
 23
200.0
 33
0.0
 14
165.1405929813335
 24
200.0
 34
0.0
100
AcDbRotatedDimension
1001
ACAD
1000
DSTYLE
1002
{
1070
    40
1040
200.0
1002
}
  0
DIMENSION
  5
972
102
{ACAD_XDICTIONARY
360
973
102
}
102
{ACAD_REACTORS
330
974
102
}
330
962
100
AcDbEntity
  8
0
370
    13
100
AcDbDimension
280
     0
  2
*D2
 10
815.1405929813332
 20
409.0771797019288
 30
0.0
 11
590.1405929813334
 21
409.0771797019288
 31
0.0
 12
-21.52070796312569
 22
-13.92887179298577
 32
0.0
 70
   128
 71
     5
 42
449.9999999999998
 73
     0
 74
     0
 75
     0
  3
Copy of Standard
100
AcDbAlignedDimension
 13
365.1405929813334
 23
200.0
 33
0.0
 14
815.1405929813332
 24
200.0
 34
0.0
100
AcDbRotatedDimension
1001
ACAD
1000
DSTYLE
1002
{
1070
    40
1040
200.0
1002
}
  0
DIMENSION
  5
975
102
{ACAD_XDICTIONARY
360
976
102
}
102
{ACAD_REACTORS
330
977
102
}
330
962
100
AcDbEntity
  8
0
370
    13
100
AcDbDimension
280
     0
  2
*D3
 10
1264.773256082049
 20
405.397377358985
 30
0.0
 11
1039.956924531691
 21
405.397377358985
 31
0.0
 12
-21.52070796312569
 22
-13.92887179298577
 32
0.0
 70
   128
 71
     5
 42
449.6326631007161
 73
     0
 74
     0
 75
     0
  3
Copy of Standard
100
AcDbAlignedDimension
 13
815.1405929813332
 23
200.0
 33
0.0
 14
1264.773256082049
 24
200.0
 34
0.0
100
AcDbRotatedDimension
1001
ACAD
1000
DSTYLE
1002
{
1070
    40
1040
200.0
1002
}
  0
DIMENSION
  5
978
102
{ACAD_XDICTIONARY
360
979
102
}
102
{ACAD_REACTORS
330
97A
102
}
330
962
100
AcDbEntity
  8
0
370
    13
100
AcDbDimension
280
     0
  2
*D4
 10
-109.8595077480897
 20
0.0000000000001119
 30
0.0
 11
-109.8595077480897
 21
-128.0136425648021
 31
0.0
 12
-21.52070796312569
 22
-13.92887179298577
 32
0.0
 70
   128
 71
     5
 42
100.0
 73
     0
 74
     0
 75
     0
  3
Copy of Standard
100
AcDbAlignedDimension
 13
282.5702964906668
 23
100.0
 33
0.0
 14
282.5702964906668
 24
0.0
 34
0.0
 50
90.0
100
AcDbRotatedDimension
  0
DIMENSION
  5
97B
330
962
100
AcDbEntity
  8
0
370
    13
100
AcDbDimension
280
     0
  2
*D5
 10
-145.8595077480897
 20
100.0
 30
0.0
 11
-145.8595077480897
 21
328.0136425648022
 31
0.0
 12
-21.52070796312569
 22
-13.92887179298577
 32
0.0
 70
   128
 71
     5
 42
100.0
 73
     0
 74
     0
 75
     0
  3
Copy of Standard
100
AcDbAlignedDimension
 13
165.1405929813335
 23
200.0
 33
0.0
 14
82.57029649066673
 24
100.0
 34
0.0
 50
90.0
100
AcDbRotatedDimension
  0
DIMENSION
  5
97C
330
962
100
AcDbEntity
  8
0
370
    13
100
AcDbDimension
280
     0
  2
*D6
 10
282.5702964906668
 20
36.59215776088149
 30
0.0
 11
182.5702964906668
 21
36.59215776088149
 31
0.0
 12
-21.52070796312569
 22
-13.92887179298577
 32
0.0
 70
   128
 71
     5
 42
200.0
 73
     0
 74
     0
 75
     0
  3
Copy of Standard
100
AcDbAlignedDimension
 13
82.57029649066675
 23
100.0
 33
0.0
 14
282.5702964906668
 24
100.0
 34
0.0
100
AcDbRotatedDimension
  0
DIMENSION
  5
97D
102
{ACAD_XDICTIONARY
360
97E
102
}
102
{ACAD_REACTORS
330
97F
102
}
330
962
100
AcDbEntity
  8
0
370
    13
100
AcDbDimension
280
     0
  2
*D7
 10
732.5702964906668
 20
37.41812126591958
 30
0.0
 11
507.5702964906666
 21
73.79874882390048
 31
0.0
 12
-21.52070796312569
 22
-13.92887179298577
 32
0.0
 71
     5
 42
449.9999999999998
 73
     0
 74
     0
 75
     0
  3
Copy of Standard
100
AcDbAlignedDimension
 13
282.5702964906668
 23
100.0
 33
0.0
 14
732.5702964906668
 24
100.0
 34
0.0
100
AcDbRotatedDimension
  0
DIMENSION
  5
980
102
{ACAD_XDICTIONARY
360
981
102
}
102
{ACAD_REACTORS
330
982
102
}
330
962
100
AcDbEntity
  8
0
370
    13
100
AcDbDimension
280
     0
  2
*D8
 10
1182.202959591382
 20
35.57823072707379
 30
0.0
 11
957.3866280410246
 21
71.95885828505469
 31
0.0
 12
-21.52070796312569
 22
-13.92887179298577
 32
0.0
 71
     5
 42
449.6326631007161
 73
     0
 74
     0
 75
     0
  3
Copy of Standard
100
AcDbAlignedDimension
 13
732.5702964906667
 23
100.0
 33
0.0
 14
1182.202959591382
 24
100.0
 34
0.0
100
AcDbRotatedDimension
  0
DIMENSION
  5
983
102
{ACAD_XDICTIONARY
360
984
102
}
102
{ACAD_REACTORS
330
985
102
}
330
962
100
AcDbEntity
  8
0
370
    13
100
AcDbDimension
280
     0
  2
*D9
 10
805.8966269806226
 20
196.1856727227849
 30
0.0
 11
1018.06141062258
 21
283.7309883857502
 31
0.0
 12
-21.52070796312569
 22
-13.92887179298577
 32
0.0
 70
     3
  1
<> -6{\fArial|b0|i0|c204|p34;отв.}
 71
     5
 42
19.99999999999966
 73
     0
 74
     0
 75
     0
  3
Copy of Standard
100
AcDbDiametricDimension
 15
824.3845589820436
 25
203.8143272772148
 35
0.0
 40
0.0
1001
ACAD_DSTYLE_DIMRADIAL_EXTENSION
1070
   387
1070
     1
1070
   388
1040
0.0
1070
   390
1040
0.0
1001
ACAD
1000
DSTYLE
1002
{
1070
   288
1070
     1
1002
}
  0
DIMENSION
  5
986
102
{ACAD_XDICTIONARY
360
987
102
}
102
{ACAD_REACTORS
330
988
102
}
330
962
100
AcDbEntity
  8
0
370
    13
100
AcDbDimension
280
     0
  2
*D10
 10
2534.813608282963
 20
1100.0
 30
0.0
 11
2498.432980724983
 21
550.0
 31
0.0
 12
-21.52070796312569
 22
-13.92887179298577
 32
0.0
 71
     5
 42
1100.0
 73
     0
 74
     0
 75
     0
  3
Copy of Standard
100
AcDbAlignedDimension
 13
1300.0
 23
0.0
 33
0.0
 14
2208.273261397334
 24
1100.0
 34
0.0
 50
90.0
100
AcDbRotatedDimension
1001
ACAD
1000
DSTYLE
1002
{
1070
    40
1040
200.0
1002
}
  0
DIMENSION
  5
989
102
{ACAD_XDICTIONARY
360
98A
102
}
102
{ACAD_REACTORS
330
98B
102
}
330
962
100
AcDbEntity
  8
0
370
    13
100
AcDbDimension
280
     0
  2
*D11
 10
2208.273261397334
 20
-315.8288685929738
 30
0.0
 11
1104.136630698667
 21
-315.8288685929738
 31
0.0
 12
-21.52070796312569
 22
-13.92887179298577
 32
0.0
 70
   128
 71
     5
 42
2208.273261397334
 73
     0
 74
     0
 75
     0
  3
Copy of Standard
100
AcDbAlignedDimension
 13
0.0000000000000178
 23
0.0
 33
0.0
 14
2208.273261397334
 24
1100.0
 34
0.0
100
AcDbRotatedDimension
1001
ACAD
1000
DSTYLE
1002
{
1070
    40
1040
200.0
1002
}
  0
DIMENSION
  5
98C
102
{ACAD_XDICTIONARY
360
98D
102
}
102
{ACAD_REACTORS
330
98E
102
}
330
962
100
AcDbEntity
  8
0
370
    13
100
AcDbDimension
280
     0
  2
*D12
 10
1300.0
 20
-194.7208346341331
 30
0.0
 11
650.0
 21
-194.7208346341331
 31
0.0
 12
-21.52070796312569
 22
-13.92887179298577
 32
0.0
 70
   128
 71
     5
 42
1300.0
 73
     0
 74
     0
 75
     0
  3
Copy of Standard
100
AcDbAlignedDimension
 13
0.0000000000000178
 23
0.0
 33
0.0
 14
1300.0
 24
0.0
 34
0.0
100
AcDbRotatedDimension
  0
ENDBLK
  5
992
330
962
100
AcDbEntity
  8
0
 48
4.0
100
AcDbBlockEnd
  0
BLOCK
  5
E90
330
E8B
100
AcDbEntity
  8
0
 48
4.0
100
AcDbBlockBegin
  2
_DetailCallout
 70
     2
 10
0.0
 20
0.0
 30
0.0
  3
_DetailCallout
  1

  0
CIRCLE
  5
E8C
330
E8B
100
AcDbEntity
  8
0
  6
ByBlock
 62
     0
370
    -2
100
AcDbCircle
 10
0.0
 20
0.0
 30
0.0
 40
0.25
  0
LINE
  5
E8D
330
E8B
100
AcDbEntity
  8
0
  6
ByBlock
 62
     0
370
    -2
100
AcDbLine
 10
0.25
 20
0.0
 30
0.0
 11
-0.25
 21
0.0
 31
0.0
  0
ATTDEF
  5
E8E
330
E8B
100
AcDbEntity
  8
0
 62
     0
100
AcDbText
 10
-0.4511319065484311
 20
0.0208333333333333
 30
0.0
 40
0.09375
  1
VIEWNUMBER
 72
     1
 11
0.0
 21
0.0208333333333333
 31
0.0
100
AcDbAttributeDefinition
280
     0
  3
Enter view number
  2
VIEWNUMBER
 70
     0
280
     0
  0
ATTDEF
  5
E8F
330
E8B
100
AcDbEntity
  8
0
 62
     0
100
AcDbText
 10
-0.5020996759890859
 20
-0.15625
 30
0.0
 40
0.09375
  1
SHEETNUMBER
 72
     1
 11
0.0
 21
-0.15625
 31
0.0
100
AcDbAttributeDefinition
280
     0
  3
Enter sheet number
  2
SHEETNUMBER
 70
     0
280
     0
  0
ENDBLK
  5
E91
330
E8B
100
AcDbEntity
  8
0
 48
4.0
100
AcDbBlockEnd
  0
BLOCK
  5
E94
330
E93
100
AcDbEntity
  8
0
100
AcDbBlockBegin
  2
_CLOSEDBLANK
 70
     0
 10
0.0
 20
0.0
 30
0.0
  3
_CLOSEDBLANK
  1

  0
LINE
  5
E95
330
E93
100
AcDbEntity
  8
0
 62
     0
100
AcDbLine
 10
-1.0
 20
0.166667
 30
0.0
 11
0.0
 21
0.0
 31
0.0
  0
LINE
  5
E96
330
E93
100
AcDbEntity
  8
0
 62
     0
100
AcDbLine
 10
0.0
 20
0.0
 30
0.0
 11
-1.0
 21
-0.166667
 31
0.0
  0
LINE
  5
E97
330
E93
100
AcDbEntity
  8
0
 62
     0
100
AcDbLine
 10
-1.0
 20
0.166667
 30
0.0
 11
-1.0
 21
-0.166667
 31
0.0
  0
ENDBLK
  5
E98
330
E93
100
AcDbEntity
  8
0
100
AcDbBlockEnd
  0
BLOCK
  5
1461
330
1460
100
AcDbEntity
  8
0
 48
4.0
100
AcDbBlockBegin
  2
*D16
 70
     1
 10
0.0
 20
0.0
 30
0.0
  3
*D16
  1

  0
LINE
  5
189B
330
1460
100
AcDbEntity
  8
0
 62
     0
440
 16777216
 48
4.0
370
    -2
100
AcDbLine
 10
3842.716256520166
 20
1308.983727908631
 30
0.0
 11
3842.716256520166
 21
1235.316646309638
 31
0.0
  0
LINE
  5
189C
330
1460
100
AcDbEntity
  8
0
 62
     0
440
 16777216
 48
4.0
370
    -2
100
AcDbLine
 10
4042.704256520163
 20
1308.983727908631
 30
0.0
 11
4042.704256520163
 21
1235.316646309638
 31
0.0
  0
LINE
  5
189D
330
1460
100
AcDbEntity
  8
0
 62
     0
440
 16777216
 48
4.0
370
    -2
100
AcDbLine
 10
3851.716256520165
 20
1244.316646309638
 30
0.0
 11
4033.704256520165
 21
1244.316646309638
 31
0.0
  0
SOLID
  5
189E
330
1460
100
AcDbEntity
  8
0
 62
     0
440
 16777216
 48
4.0
100
AcDbTrace
 10
3851.716256520165
 20
1245.816646309638
 30
0.0
 11
3851.716256520165
 21
1242.816646309638
 31
0.0
 12
3842.716256520166
 22
1244.316646309638
 32
0.0
 13
3842.716256520166
 23
1244.316646309638
 33
0.0
  0
SOLID
  5
189F
330
1460
100
AcDbEntity
  8
0
 62
     0
440
 16777216
 48
4.0
100
AcDbTrace
 10
4033.704256520165
 20
1245.816646309638
 30
0.0
 11
4033.704256520165
 21
1242.816646309638
 31
0.0
 12
4042.704256520163
 22
1244.316646309638
 32
0.0
 13
4042.704256520163
 23
1244.316646309638
 33
0.0
  0
MTEXT
  5
18A0
330
1460
100
AcDbEntity
  8
0
 62
     0
440
 16777216
 48
4.0
100
AcDbMText
 10
3942.710256520165
 20
1253.411803199133
 30
0.0
 40
9.0
 41
0.0
 46
0.0
 71
     5
 72
     1
  1
\A1;200.0
 73
     1
 44
1.0
  0
POINT
  5
18A1
330
1460
100
AcDbEntity
  8
Defpoints
 62
     0
440
 16777216
 48
4.0
100
AcDbPoint
 10
3842.716256520166
 20
1312.108727908631
 30
0.0
  0
POINT
  5
18A2
330
1460
100
AcDbEntity
  8
Defpoints
 62
     0
440
 16777216
 48
4.0
100
AcDbPoint
 10
4042.704256520163
 20
1312.108727908631
 30
0.0
  0
POINT
  5
18A3
330
1460
100
AcDbEntity
  8
Defpoints
 62
     0
440
 16777216
 48
4.0
100
AcDbPoint
 10
4042.704256520163
 20
1244.316646309638
 30
0.0
  0
ENDBLK
  5
1462
330
1460
100
AcDbEntity
  8
0
 48
4.0
100
AcDbBlockEnd
  0
BLOCK
  5
15EF
330
15EE
100
AcDbEntity
  8
0
 48
4.0
100
AcDbBlockBegin
  2
*D17
 70
     1
 10
0.0
 20
0.0
 30
0.0
  3
*D17
  1

  0
LINE
  5
18A4
330
15EE
100
AcDbEntity
  8
0
 62
     0
440
 16777216
 48
4.0
370
    -2
100
AcDbLine
 10
4416.168152734398
 20
1373.002971166098
 30
0.0
 11
4416.168152734398
 21
1360.276965211516
 31
0.0
  0
LINE
  5
18A5
330
15EE
100
AcDbEntity
  8
0
 62
     0
440
 16777216
 48
4.0
370
    -2
100
AcDbLine
 10
4431.155910032647
 20
1372.870480557189
 30
0.0
 11
4431.155910032647
 21
1360.276965211516
 31
0.0
  0
LINE
  5
18A6
330
15EE
100
AcDbEntity
  8
0
 62
     0
440
 16777216
 48
4.0
370
    -2
100
AcDbLine
 10
4407.168152734398
 20
1369.276965211517
 30
0.0
 11
4398.168152734398
 21
1369.276965211517
 31
0.0
  0
LINE
  5
18A7
330
15EE
100
AcDbEntity
  8
0
 62
     0
440
 16777216
 48
4.0
370
    -2
100
AcDbLine
 10
4440.155910032649
 20
1369.276965211517
 30
0.0
 11
4480.655910032647
 21
1369.276965211517
 31
0.0
  0
SOLID
  5
18A8
330
15EE
100
AcDbEntity
  8
0
 62
     0
440
 16777216
 48
4.0
100
AcDbTrace
 10
4407.168152734398
 20
1370.776965211516
 30
0.0
 11
4407.168152734398
 21
1367.776965211517
 31
0.0
 12
4416.168152734398
 22
1369.276965211517
 32
0.0
 13
4416.168152734398
 23
1369.276965211517
 33
0.0
  0
SOLID
  5
18A9
330
15EE
100
AcDbEntity
  8
0
 62
     0
440
 16777216
 48
4.0
100
AcDbTrace
 10
4440.155910032649
 20
1370.776965211516
 30
0.0
 11
4440.155910032649
 21
1367.776965211517
 31
0.0
 12
4431.155910032647
 22
1369.276965211517
 32
0.0
 13
4431.155910032647
 23
1369.276965211517
 33
0.0
  0
MTEXT
  5
18AA
330
15EE
100
AcDbEntity
  8
0
 62
     0
440
 16777216
 48
4.0
100
AcDbMText
 10
4464.905910032649
 20
1378.372122101012
 30
0.0
 40
9.0
 41
0.0
 46
0.0
 71
     5
 72
     1
  1
\A1;15.0
 73
     1
 44
1.0
  0
POINT
  5
18AB
330
15EE
100
AcDbEntity
  8
Defpoints
 62
     0
440
 16777216
 48
4.0
100
AcDbPoint
 10
4416.168152734398
 20
1376.127971166098
 30
0.0
  0
POINT
  5
18AC
330
15EE
100
AcDbEntity
  8
Defpoints
 62
     0
440
 16777216
 48
4.0
100
AcDbPoint
 10
4431.155910032647
 20
1375.995480557189
 30
0.0
  0
POINT
  5
18AD
330
15EE
100
AcDbEntity
  8
Defpoints
 62
     0
440
 16777216
 48
4.0
100
AcDbPoint
 10
4431.155910032647
 20
1369.276965211517
 30
0.0
  0
ENDBLK
  5
15F0
330
15EE
100
AcDbEntity
  8
0
 48
4.0
100
AcDbBlockEnd
  0
BLOCK
  5
1609
330
1608
100
AcDbEntity
  8
0
 48
4.0
100
AcDbBlockBegin
  2
*D18
 70
     1
 10
0.0
 20
0.0
 30
0.0
  3
*D18
  1

  0
LINE
  5
18AE
330
1608
100
AcDbEntity
  8
0
 62
     0
440
 16777216
 48
4.0
370
    -2
100
AcDbLine
 10
4416.600981292537
 20
1386.21045875753
 30
0.0
 11
4416.600981292537
 21
1378.356647405098
 31
0.0
  0
LINE
  5
18AF
330
1608
100
AcDbEntity
  8
0
 62
     0
440
 16777216
 48
4.0
370
    -2
100
AcDbLine
 10
4432.065471661558
 20
1386.213178506098
 30
0.0
 11
4432.065471661558
 21
1378.356647405098
 31
0.0
  0
LINE
  5
18B0
330
1608
100
AcDbEntity
  8
0
 62
     0
440
 16777216
 48
4.0
370
    -2
100
AcDbLine
 10
4407.600981292538
 20
1387.356647405098
 30
0.0
 11
4398.600981292537
 21
1387.356647405098
 31
0.0
  0
LINE
  5
18B1
330
1608
100
AcDbEntity
  8
0
 62
     0
440
 16777216
 48
4.0
370
    -2
100
AcDbLine
 10
4441.065471661558
 20
1387.356647405098
 30
0.0
 11
4481.663698128133
 21
1387.356647405098
 31
0.0
  0
SOLID
  5
18B2
330
1608
100
AcDbEntity
  8
0
 62
     0
440
 16777216
 48
4.0
100
AcDbTrace
 10
4407.600981292538
 20
1388.856647405098
 30
0.0
 11
4407.600981292538
 21
1385.856647405099
 31
0.0
 12
4416.600981292537
 22
1387.356647405098
 32
0.0
 13
4416.600981292537
 23
1387.356647405098
 33
0.0
  0
SOLID
  5
18B3
330
1608
100
AcDbEntity
  8
0
 62
     0
440
 16777216
 48
4.0
100
AcDbTrace
 10
4441.065471661558
 20
1388.856647405098
 30
0.0
 11
4441.065471661558
 21
1385.856647405099
 31
0.0
 12
4432.065471661558
 22
1387.356647405098
 32
0.0
 13
4432.065471661558
 23
1387.356647405098
 33
0.0
  0
MTEXT
  5
18B4
330
1608
100
AcDbEntity
  8
0
 62
     0
440
 16777216
 48
4.0
100
AcDbMText
 10
4465.864584894847
 20
1396.451804294594
 30
0.0
 40
9.0
 41
0.0
 46
0.0
 71
     5
 72
     1
  1
\A1;15.5
 73
     1
 44
1.0
  0
POINT
  5
18B5
330
1608
100
AcDbEntity
  8
Defpoints
 62
     0
440
 16777216
 48
4.0
100
AcDbPoint
 10
4416.600981292537
 20
1389.335458757529
 30
0.0
  0
POINT
  5
18B6
330
1608
100
AcDbEntity
  8
Defpoints
 62
     0
440
 16777216
 48
4.0
100
AcDbPoint
 10
4432.065471661558
 20
1389.338178506098
 30
0.0
  0
POINT
  5
18B7
330
1608
100
AcDbEntity
  8
Defpoints
 62
     0
440
 16777216
 48
4.0
100
AcDbPoint
 10
4432.065471661558
 20
1387.356647405098
 30
0.0
  0
ENDBLK
  5
160A
330
1608
100
AcDbEntity
  8
0
 48
4.0
100
AcDbBlockEnd
  0
BLOCK
  5
165D
330
165C
100
AcDbEntity
  8
0
 48
4.0
100
AcDbBlockBegin
  2
*D19
 70
     1
 10
0.0
 20
0.0
 30
0.0
  3
*D19
  1

  0
LINE
  5
18B8
330
165C
100
AcDbEntity
  8
0
 62
     0
440
 16777216
 48
4.0
370
    -2
100
AcDbLine
 10
4178.209737616231
 20
1108.326537584641
 30
0.0
 11
4178.209737616231
 21
1071.733692008299
 31
0.0
  0
LINE
  5
18B9
330
165C
100
AcDbEntity
  8
0
 62
     0
440
 16777216
 48
4.0
370
    -2
100
AcDbLine
 10
4180.994259862855
 20
1109.309407808704
 30
0.0
 11
4180.994259862855
 21
1071.733692008299
 31
0.0
  0
LINE
  5
18BA
330
165C
100
AcDbEntity
  8
0
 62
     0
440
 16777216
 48
4.0
370
    -2
100
AcDbLine
 10
4169.20973761623
 20
1080.733692008299
 30
0.0
 11
4160.20973761623
 21
1080.733692008299
 31
0.0
  0
LINE
  5
18BB
330
165C
100
AcDbEntity
  8
0
 62
     0
440
 16777216
 48
4.0
370
    -2
100
AcDbLine
 10
4189.994259862857
 20
1080.733692008299
 30
0.0
 11
4224.551558635027
 21
1080.733692008299
 31
0.0
  0
SOLID
  5
18BC
330
165C
100
AcDbEntity
  8
0
 62
     0
440
 16777216
 48
4.0
100
AcDbTrace
 10
4169.20973761623
 20
1082.233692008299
 30
0.0
 11
4169.20973761623
 21
1079.233692008299
 31
0.0
 12
4178.209737616231
 22
1080.733692008299
 32
0.0
 13
4178.209737616231
 23
1080.733692008299
 33
0.0
  0
SOLID
  5
18BD
330
165C
100
AcDbEntity
  8
0
 62
     0
440
 16777216
 48
4.0
100
AcDbTrace
 10
4189.994259862857
 20
1082.233692008299
 30
0.0
 11
4189.994259862857
 21
1079.233692008299
 31
0.0
 12
4180.994259862855
 22
1080.733692008299
 32
0.0
 13
4180.994259862855
 23
1080.733692008299
 33
0.0
  0
MTEXT
  5
18BE
330
165C
100
AcDbEntity
  8
0
 62
     0
440
 16777216
 48
4.0
100
AcDbMText
 10
4211.77290924894
 20
1089.828848897794
 30
0.0
 40
9.0
 41
0.0
 46
0.0
 71
     5
 72
     1
  1
\A1;2.8
 73
     1
 44
1.0
  0
POINT
  5
18BF
330
165C
100
AcDbEntity
  8
Defpoints
 62
     0
440
 16777216
 48
4.0
100
AcDbPoint
 10
4178.209737616231
 20
1111.451537584641
 30
0.0
  0
POINT
  5
18C0
330
165C
100
AcDbEntity
  8
Defpoints
 62
     0
440
 16777216
 48
4.0
100
AcDbPoint
 10
4180.994259862855
 20
1112.434407808704
 30
0.0
  0
POINT
  5
18C1
330
165C
100
AcDbEntity
  8
Defpoints
 62
     0
440
 16777216
 48
4.0
100
AcDbPoint
 10
4180.994259862855
 20
1080.733692008299
 30
0.0
  0
ENDBLK
  5
165E
330
165C
100
AcDbEntity
  8
0
 48
4.0
100
AcDbBlockEnd
  0
BLOCK
  5
16D7
330
16D6
100
AcDbEntity
  8
0
 48
4.0
100
AcDbBlockBegin
  2
*D20
 70
     1
 10
0.0
 20
0.0
 30
0.0
  3
*D20
  1

  0
ARC
  5
18C2
330
16D6
100
AcDbEntity
  8
0
 62
     0
440
 16777216
 48
4.0
370
    -2
100
AcDbCircle
 10
4046.005234025208
 20
1312.108727908631
 30
0.0
 40
105.7911914613576
100
AcDbArc
 50
170.23952643535
 51
179.9999999999999
  0
LINE
  5
18C3
330
16D6
100
AcDbEntity
  8
0
 62
     0
440
 16777216
 48
4.0
370
    -2
100
AcDbLine
 10
3941.745360982351
 20
1330.043472509577
 30
0.0
 11
3946.882595338479
 21
1359.907706078476
 31
0.0
  0
ARC
  5
18C4
330
16D6
100
AcDbEntity
  8
0
 62
     0
440
 16777216
 48
4.0
370
    -2
100
AcDbCircle
 10
4046.005234025208
 20
1312.108727908631
 30
0.0
 40
105.7911914613576
100
AcDbArc
 50
170.2483819560637
 51
175.1241909780318
  0
ARC
  5
18C5
330
16D6
100
AcDbEntity
  8
0
 62
     0
440
 16777216
 48
4.0
370
    -2
100
AcDbCircle
 10
4046.005234025208
 20
1312.108727908631
 30
0.0
 40
105.7911914613576
100
AcDbArc
 50
186.9564481377463
 51
191.8322571597144
  0
SOLID
  5
18C6
330
16D6
100
AcDbEntity
  8
0
 62
     0
440
 16777216
 48
4.0
100
AcDbTrace
 10
3942.095514530876
 20
1321.036777148935
 30
0.0
 11
3939.098229806074
 21
1321.164387017144
 31
0.0
 12
3940.21404256385
 22
1312.108727908631
 32
0.0
 13
3940.21404256385
 23
1312.108727908631
 33
0.0
  0
SOLID
  5
18C7
330
16D6
100
AcDbEntity
  8
0
 62
     0
440
 16777216
 48
4.0
100
AcDbTrace
 10
3939.497486520411
 20
1299.177670935061
 30
0.0
 11
3942.48816218574
 21
1299.414016158836
 31
0.0
 12
3940.28378868175
 22
1308.267870542939
 32
0.0
 13
3940.28378868175
 23
1308.267870542939
 33
0.0
  0
MTEXT
  5
18C8
330
16D6
100
AcDbEntity
  8
0
 62
     0
440
 16777216
 48
4.0
100
AcDbMText
 10
3953.201854803995
 20
1343.446700057975
 30
0.0
 40
9.0
 41
0.0
 46
0.0
 71
     5
 72
     1
  1
\A1;2.1°
 11
-0.1695296588799353
 21
-0.9855250858096169
 31
0.0
 73
     1
 44
1.0
  0
POINT
  5
18C9
330
16D6
100
AcDbEntity
  8
Defpoints
 62
     0
440
 16777216
 48
4.0
100
AcDbPoint
 10
3940.245042731044
 20
1309.54784364041
 30
0.0
  0
POINT
  5
18CA
330
16D6
100
AcDbEntity
  8
Defpoints
 62
     0
440
 16777216
 48
4.0
100
AcDbPoint
 10
3842.716256520166
 20
1312.108727908631
 30
0.0
  0
POINT
  5
18CB
330
16D6
100
AcDbEntity
  8
Defpoints
 62
     0
440
 16777216
 48
4.0
100
AcDbPoint
 10
4042.698374520164
 20
1311.988589788631
 30
0.0
  0
POINT
  5
18CC
330
16D6
100
AcDbEntity
  8
Defpoints
 62
     0
440
 16777216
 48
4.0
100
AcDbPoint
 10
3882.707974520165
 20
1306.176142708631
 30
0.0
  0
POINT
  5
18CD
330
16D6
100
AcDbEntity
  8
Defpoints
 62
     0
440
 16777216
 48
4.0
100
AcDbPoint
 10
4042.704256520165
 20
1312.108727908631
 30
0.0
  0
ENDBLK
  5
16D8
330
16D6
100
AcDbEntity
  8
0
 48
4.0
100
AcDbBlockEnd
  0
BLOCK
  5
1733
330
1732
100
AcDbEntity
  8
0
 48
4.0
100
AcDbBlockBegin
  2
*D21
 70
     1
 10
0.0
 20
0.0
 30
0.0
  3
*D21
  1

  0
LINE
  5
18CE
330
1732
100
AcDbEntity
  8
0
 62
     0
440
 16777216
 48
4.0
370
    -2
100
AcDbLine
 10
3879.163076904485
 20
1694.082106844953
 30
0.0
 11
3879.163076904485
 21
1775.878903621357
 31
0.0
  0
LINE
  5
18CF
330
1732
100
AcDbEntity
  8
0
 62
     0
440
 16777216
 48
4.0
370
    -2
100
AcDbLine
 10
3746.863076904483
 20
1629.522175132974
 30
0.0
 11
3746.863076904483
 21
1775.878903621357
 31
0.0
  0
LINE
  5
18D0
330
1732
100
AcDbEntity
  8
0
 62
     0
440
 16777216
 48
4.0
370
    -2
100
AcDbLine
 10
3870.163076904484
 20
1766.878903621357
 30
0.0
 11
3755.863076904483
 21
1766.878903621357
 31
0.0
  0
SOLID
  5
18D1
330
1732
100
AcDbEntity
  8
0
 62
     0
440
 16777216
 48
4.0
100
AcDbTrace
 10
3870.163076904484
 20
1768.378903621356
 30
0.0
 11
3870.163076904484
 21
1765.378903621356
 31
0.0
 12
3879.163076904485
 22
1766.878903621357
 32
0.0
 13
3879.163076904485
 23
1766.878903621357
 33
0.0
  0
SOLID
  5
18D2
330
1732
100
AcDbEntity
  8
0
 62
     0
440
 16777216
 48
4.0
100
AcDbTrace
 10
3755.863076904483
 20
1768.378903621356
 30
0.0
 11
3755.863076904483
 21
1765.378903621356
 31
0.0
 12
3746.863076904483
 22
1766.878903621357
 32
0.0
 13
3746.863076904483
 23
1766.878903621357
 33
0.0
  0
MTEXT
  5
18D3
330
1732
100
AcDbEntity
  8
0
 62
     0
440
 16777216
 48
4.0
100
AcDbMText
 10
3813.013076904483
 20
1775.977130087932
 30
0.0
 40
9.0
 41
0.0
 46
0.0
 71
     5
 72
     1
  1
\A1;132.3
 73
     1
 44
1.0
  0
POINT
  5
18D4
330
1732
100
AcDbEntity
  8
Defpoints
 62
     0
440
 16777216
 48
4.0
100
AcDbPoint
 10
3879.163076904485
 20
1690.957106844953
 30
0.0
  0
POINT
  5
18D5
330
1732
100
AcDbEntity
  8
Defpoints
 62
     0
440
 16777216
 48
4.0
100
AcDbPoint
 10
3746.863076904483
 20
1626.397175132973
 30
0.0
  0
POINT
  5
18D6
330
1732
100
AcDbEntity
  8
Defpoints
 62
     0
440
 16777216
 48
4.0
100
AcDbPoint
 10
3746.863076904483
 20
1766.878903621357
 30
0.0
  0
ENDBLK
  5
1734
330
1732
100
AcDbEntity
  8
0
 48
4.0
100
AcDbBlockEnd
  0
BLOCK
  5
1795
330
1794
100
AcDbEntity
  8
0
 48
4.0
100
AcDbBlockBegin
  2
*D22
 70
     1
 10
0.0
 20
0.0
 30
0.0
  3
*D22
  1

  0
LINE
  5
18D7
330
1794
100
AcDbEntity
  8
0
 62
     0
440
 16777216
 48
4.0
370
    -2
100
AcDbLine
 10
3641.848537281343
 20
1716.278683791722
 30
0.0
 11
3684.147817444625
 21
1680.074905439709
 31
0.0
  0
MTEXT
  5
18D8
330
1794
100
AcDbEntity
  8
0
 62
     0
440
 16777216
 48
4.0
100
AcDbMText
 10
3663.333266380367
 20
1709.865684739517
 30
0.0
 40
9.0
 41
0.0
 46
0.0
 71
     5
 72
     1
  1
\A1;R73.6
 11
0.7597245240443206
 21
-0.6502450673135713
 31
0.0
 73
     1
 44
1.0
  0
SOLID
  5
18D9
330
1794
100
AcDbEntity
  8
0
 62
     0
440
 16777216
 48
4.0
100
AcDbTrace
 10
3685.123185045596
 20
1681.214492225776
 30
0.0
 11
3683.172449843655
 21
1678.935318653643
 31
0.0
 12
3690.985338161024
 22
1674.222699833887
 32
0.0
 13
3690.985338161024
 23
1674.222699833887
 33
0.0
  0
LINE
  5
18DA
330
1794
100
AcDbEntity
  8
0
 62
     0
440
 16777216
 48
4.0
370
    -2
100
AcDbLine
 10
3742.363076904484
 20
1626.397175132973
 30
0.0
 11
3751.363076904485
 21
1626.397175132973
 31
0.0
  0
LINE
  5
18DB
330
1794
100
AcDbEntity
  8
0
 62
     0
440
 16777216
 48
4.0
370
    -2
100
AcDbLine
 10
3746.863076904484
 20
1621.897175132973
 30
0.0
 11
3746.863076904484
 21
1630.897175132973
 31
0.0
  0
POINT
  5
18DC
330
1794
100
AcDbEntity
  8
Defpoints
 62
     0
440
 16777216
 48
4.0
100
AcDbPoint
 10
3690.985338161024
 20
1674.222699833887
 30
0.0
  0
POINT
  5
18DD
330
1794
100
AcDbEntity
  8
Defpoints
 62
     0
440
 16777216
 48
4.0
100
AcDbPoint
 10
3746.863076904484
 20
1626.397175132973
 30
0.0
  0
ENDBLK
  5
1796
330
1794
100
AcDbEntity
  8
0
 48
4.0
100
AcDbBlockEnd
  0
BLOCK
  5
17A9
330
17A8
100
AcDbEntity
  8
0
 48
4.0
100
AcDbBlockBegin
  2
*D23
 70
     1
 10
0.0
 20
0.0
 30
0.0
  3
*D23
  1

  0
LINE
  5
18DE
330
17A8
100
AcDbEntity
  8
0
 62
     0
440
 16777216
 48
4.0
370
    -2
100
AcDbLine
 10
3610.807392704725
 20
1654.732523058482
 30
0.0
 11
3666.047106499498
 21
1643.228141459972
 31
0.0
  0
MTEXT
  5
18DF
330
17A8
100
AcDbEntity
  8
0
 62
     0
440
 16777216
 48
4.0
100
AcDbMText
 10
3635.927490138741
 20
1659.04835271013
 30
0.0
 40
9.0
 41
0.0
 46
0.0
 71
     5
 72
     1
  1
\A1;∅147.1
 11
0.9789941902481555
 21
-0.2038881444821109
 31
0.0
 73
     1
 44
1.0
  0
SOLID
  5
18E0
330
17A8
100
AcDbEntity
  8
0
 62
     0
440
 16777216
 48
4.0
100
AcDbTrace
 10
3666.352938716221
 20
1644.696632745344
 30
0.0
 11
3665.741274282775
 21
1641.7596501746
 31
0.0
 12
3674.858054211731
 22
1641.393148159633
 32
0.0
 13
3674.858054211731
 23
1641.393148159633
 33
0.0
  0
LINE
  5
18E1
330
17A8
100
AcDbEntity
  8
0
 62
     0
440
 16777216
 48
4.0
370
    -2
100
AcDbLine
 10
3742.363076904484
 20
1626.397175132973
 30
0.0
 11
3751.363076904485
 21
1626.397175132973
 31
0.0
  0
LINE
  5
18E2
330
17A8
100
AcDbEntity
  8
0
 62
     0
440
 16777216
 48
4.0
370
    -2
100
AcDbLine
 10
3746.863076904484
 20
1621.897175132973
 30
0.0
 11
3746.863076904484
 21
1630.897175132974
 31
0.0
  0
POINT
  5
18E3
330
17A8
100
AcDbEntity
  8
Defpoints
 62
     0
440
 16777216
 48
4.0
100
AcDbPoint
 10
3674.858054211731
 20
1641.393148159633
 30
0.0
  0
POINT
  5
18E4
330
17A8
100
AcDbEntity
  8
Defpoints
 62
     0
440
 16777216
 48
4.0
100
AcDbPoint
 10
3818.868099597236
 20
1611.401202106314
 30
0.0
  0
ENDBLK
  5
17AA
330
17A8
100
AcDbEntity
  8
0
 48
4.0
100
AcDbBlockEnd
  0
BLOCK
  5
17BF
330
17BE
100
AcDbEntity
  8
0
 48
4.0
100
AcDbBlockBegin
  2
*D24
 70
     1
 10
0.0
 20
0.0
 30
0.0
  3
*D24
  1

  0
LINE
  5
18E5
330
17BE
100
AcDbEntity
  8
0
 62
     0
440
 16777216
 48
4.0
370
    -2
100
AcDbLine
 10
4144.052441599199
 20
1334.79293130278
 30
0.0
 11
4120.934332787729
 21
1334.79293130278
 31
0.0
  0
LINE
  5
18E6
330
17BE
100
AcDbEntity
  8
0
 62
     0
440
 16777216
 48
4.0
370
    -2
100
AcDbLine
 10
4144.052441599199
 20
1480.24420370278
 30
0.0
 11
4120.934332787729
 21
1480.24420370278
 31
0.0
  0
LINE
  5
18E7
330
17BE
100
AcDbEntity
  8
0
 62
     0
440
 16777216
 48
4.0
370
    -2
100
AcDbLine
 10
4129.934332787729
 20
1343.79293130278
 30
0.0
 11
4129.934332787729
 21
1471.24420370278
 31
0.0
  0
SOLID
  5
18E8
330
17BE
100
AcDbEntity
  8
0
 62
     0
440
 16777216
 48
4.0
100
AcDbTrace
 10
4128.434332787729
 20
1343.79293130278
 30
0.0
 11
4131.434332787729
 21
1343.79293130278
 31
0.0
 12
4129.934332787729
 22
1334.79293130278
 32
0.0
 13
4129.934332787729
 23
1334.79293130278
 33
0.0
  0
SOLID
  5
18E9
330
17BE
100
AcDbEntity
  8
0
 62
     0
440
 16777216
 48
4.0
100
AcDbTrace
 10
4128.434332787729
 20
1471.24420370278
 30
0.0
 11
4131.434332787729
 21
1471.24420370278
 31
0.0
 12
4129.934332787729
 22
1480.24420370278
 32
0.0
 13
4129.934332787729
 23
1480.24420370278
 33
0.0
  0
MTEXT
  5
18EA
330
17BE
100
AcDbEntity
  8
0
 62
     0
440
 16777216
 48
4.0
100
AcDbMText
 10
4120.839175898233
 20
1407.518567502781
 30
0.0
 40
9.0
 41
0.0
 46
0.0
 71
     5
 72
     1
  1
\A1;145.5
 11
0.0000000000000001
 21
1.0
 31
0.0
 73
     1
 44
1.0
  0
POINT
  5
18EB
330
17BE
100
AcDbEntity
  8
Defpoints
 62
     0
440
 16777216
 48
4.0
100
AcDbPoint
 10
4147.177441599199
 20
1334.79293130278
 30
0.0
  0
POINT
  5
18EC
330
17BE
100
AcDbEntity
  8
Defpoints
 62
     0
440
 16777216
 48
4.0
100
AcDbPoint
 10
4147.177441599199
 20
1480.24420370278
 30
0.0
  0
POINT
  5
18ED
330
17BE
100
AcDbEntity
  8
Defpoints
 62
     0
440
 16777216
 48
4.0
100
AcDbPoint
 10
4129.934332787729
 20
1480.24420370278
 30
0.0
  0
ENDBLK
  5
17C0
330
17BE
100
AcDbEntity
  8
0
 48
4.0
100
AcDbBlockEnd
  0
BLOCK
  5
180B
330
180A
100
AcDbEntity
  8
0
 48
4.0
100
AcDbBlockBegin
  2
*D25
 70
     1
 10
0.0
 20
0.0
 30
0.0
  3
*D25
  1

  0
LINE
  5
18EE
330
180A
100
AcDbEntity
  8
0
 62
     0
440
 16777216
 48
4.0
370
    -2
100
AcDbLine
 10
3793.192440755316
 20
1330.387631108631
 30
0.0
 11
3787.317440755316
 21
1330.387631108631
 31
0.0
  0
LINE
  5
18EF
330
180A
100
AcDbEntity
  8
0
 62
     0
440
 16777216
 48
4.0
370
    -2
100
AcDbLine
 10
3793.192440755316
 20
1306.053797108631
 30
0.0
 11
3787.317440755316
 21
1306.053797108631
 31
0.0
  0
LINE
  5
18F0
330
180A
100
AcDbEntity
  8
0
 62
     0
440
 16777216
 48
4.0
370
    -2
100
AcDbLine
 10
3796.317440755316
 20
1339.387631108631
 30
0.0
 11
3796.317440755316
 21
1348.387631108631
 31
0.0
  0
LINE
  5
18F1
330
180A
100
AcDbEntity
  8
0
 62
     0
440
 16777216
 48
4.0
370
    -2
100
AcDbLine
 10
3796.317440755316
 20
1297.053797108631
 30
0.0
 11
3796.317440755316
 21
1255.522419209586
 31
0.0
  0
SOLID
  5
18F2
330
180A
100
AcDbEntity
  8
0
 62
     0
440
 16777216
 48
4.0
100
AcDbTrace
 10
3794.817440755316
 20
1339.387631108631
 30
0.0
 11
3797.817440755316
 21
1339.387631108631
 31
0.0
 12
3796.317440755316
 22
1330.387631108631
 32
0.0
 13
3796.317440755316
 23
1330.387631108631
 33
0.0
  0
SOLID
  5
18F3
330
180A
100
AcDbEntity
  8
0
 62
     0
440
 16777216
 48
4.0
100
AcDbTrace
 10
3794.817440755316
 20
1297.053797108631
 30
0.0
 11
3797.817440755316
 21
1297.053797108631
 31
0.0
 12
3796.317440755316
 22
1306.053797108631
 32
0.0
 13
3796.317440755316
 23
1306.053797108631
 33
0.0
  0
MTEXT
  5
18F4
330
180A
100
AcDbEntity
  8
0
 62
     0
440
 16777216
 48
4.0
100
AcDbMText
 10
3787.21921428874
 20
1271.788108159109
 30
0.0
 40
9.0
 41
0.0
 46
0.0
 71
     5
 72
     1
  1
\A1;24.3
 11
0.0000000000000001
 21
1.0
 31
0.0
 73
     1
 44
1.0
  0
POINT
  5
18F5
330
180A
100
AcDbEntity
  8
Defpoints
 62
     0
440
 16777216
 48
4.0
100
AcDbPoint
 10
3796.317440755316
 20
1330.387631108631
 30
0.0
  0
POINT
  5
18F6
330
180A
100
AcDbEntity
  8
Defpoints
 62
     0
440
 16777216
 48
4.0
100
AcDbPoint
 10
3796.317440755316
 20
1306.053797108631
 30
0.0
  0
POINT
  5
18F7
330
180A
100
AcDbEntity
  8
Defpoints
 62
     0
440
 16777216
 48
4.0
100
AcDbPoint
 10
3796.317440755316
 20
1306.053797108631
 30
0.0
  0
ENDBLK
  5
180C
330
180A
100
AcDbEntity
  8
0
 48
4.0
100
AcDbBlockEnd
  0
BLOCK
  5
1833
330
1832
100
AcDbEntity
  8
0
 48
4.0
100
AcDbBlockBegin
  2
*D26
 70
     1
 10
0.0
 20
0.0
 30
0.0
  3
*D26
  1

  0
LINE
  5
18F8
330
1832
100
AcDbEntity
  8
0
 62
     0
440
 16777216
 48
4.0
370
    -2
100
AcDbLine
 10
1960.565815461931
 20
1347.312338275947
 30
0.0
 11
1960.565815461931
 21
1310.987649550705
 31
0.0
  0
LINE
  5
18F9
330
1832
100
AcDbEntity
  8
0
 62
     0
440
 16777216
 48
4.0
370
    -2
100
AcDbLine
 10
2107.716985861932
 20
1347.312338275947
 30
0.0
 11
2107.716985861932
 21
1310.987649550705
 31
0.0
  0
LINE
  5
18FA
330
1832
100
AcDbEntity
  8
0
 62
     0
440
 16777216
 48
4.0
370
    -2
100
AcDbLine
 10
1969.565815461931
 20
1319.987649550705
 30
0.0
 11
2098.716985861932
 21
1319.987649550705
 31
0.0
  0
SOLID
  5
18FB
330
1832
100
AcDbEntity
  8
0
 62
     0
440
 16777216
 48
4.0
100
AcDbTrace
 10
1969.565815461931
 20
1321.487649550705
 30
0.0
 11
1969.565815461931
 21
1318.487649550705
 31
0.0
 12
1960.565815461931
 22
1319.987649550705
 32
0.0
 13
1960.565815461931
 23
1319.987649550705
 33
0.0
  0
SOLID
  5
18FC
330
1832
100
AcDbEntity
  8
0
 62
     0
440
 16777216
 48
4.0
100
AcDbTrace
 10
2098.716985861932
 20
1321.487649550705
 30
0.0
 11
2098.716985861932
 21
1318.487649550705
 31
0.0
 12
2107.716985861932
 22
1319.987649550705
 32
0.0
 13
2107.716985861932
 23
1319.987649550705
 33
0.0
  0
MTEXT
  5
18FD
330
1832
100
AcDbEntity
  8
0
 62
     0
440
 16777216
 48
4.0
100
AcDbMText
 10
2034.141400661932
 20
1329.006067013188
 30
0.0
 40
9.0
 41
0.0
 46
0.0
 71
     5
 72
     1
  1
\A1;147.2
 73
     1
 44
1.0
  0
POINT
  5
18FE
330
1832
100
AcDbEntity
  8
Defpoints
 62
     0
440
 16777216
 48
4.0
100
AcDbPoint
 10
1960.565815461931
 20
1350.437338275947
 30
0.0
  0
POINT
  5
18FF
330
1832
100
AcDbEntity
  8
Defpoints
 62
     0
440
 16777216
 48
4.0
100
AcDbPoint
 10
2107.716985861932
 20
1350.437338275947
 30
0.0
  0
POINT
  5
1900
330
1832
100
AcDbEntity
  8
Defpoints
 62
     0
440
 16777216
 48
4.0
100
AcDbPoint
 10
2107.716985861932
 20
1319.987649550705
 30
0.0
  0
ENDBLK
  5
1834
330
1832
100
AcDbEntity
  8
0
 48
4.0
100
AcDbBlockEnd
  0
BLOCK
  5
197A
330
1979
100
AcDbEntity
  8
0
100
AcDbBlockBegin
  2
*D27
 70
     1
 10
0.0
 20
0.0
 30
0.0
  3
*D27
  1

  0
LINE
  5
197B
330
1979
100
AcDbEntity
  8
0
440
 16777216
370
     9
100
AcDbLine
 10
6479.920441407988
 20
1820.308004089344
 30
0.0
 11
6479.920441407988
 21
2903.406434200061
 31
0.0
  0
LINE
  5
197C
330
1979
100
AcDbEntity
  8
0
440
 16777216
370
     9
100
AcDbLine
 10
9304.920441407988
 20
2070.117527899045
 30
0.0
 11
9304.920441407988
 21
2903.406434200061
 31
0.0
  0
LINE
  5
197D
330
1979
100
AcDbEntity
  8
0
440
 16777216
370
    -2
100
AcDbLine
 10
6504.920441407988
 20
2893.406434200061
 30
0.0
 11
7843.587108074655
 21
2893.406434200061
 31
0.0
  0
LINE
  5
197E
330
1979
100
AcDbEntity
  8
0
440
 16777216
370
    -2
100
AcDbLine
 10
9279.920441407988
 20
2893.406434200061
 30
0.0
 11
7941.253774741324
 21
2893.406434200061
 31
0.0
  0
INSERT
  5
197F
330
1979
100
AcDbEntity
  8
0
440
 16777216
370
    -2
100
AcDbBlockReference
  2
_CLOSEDBLANK
 10
6479.920441407988
 20
2893.406434200061
 30
0.0
 41
25.0
 42
25.0
 43
25.0
 50
180.0
  0
INSERT
  5
1980
330
1979
100
AcDbEntity
  8
0
440
 16777216
370
    -2
100
AcDbBlockReference
  2
_CLOSEDBLANK
 10
9304.920441407988
 20
2893.406434200061
 30
0.0
 41
25.0
 42
25.0
 43
25.0
  0
MTEXT
  5
1981
330
1979
100
AcDbEntity
  8
0
440
 16777216
100
AcDbMText
 10
7892.420441407988
 20
2893.406434200061
 30
0.0
 40
25.0
 41
0.0
 46
0.0
 71
     5
 72
     1
  1
\A1;2825
  7
ОФОРМИТЕЛЬ
 73
     1
 44
1.0
  0
POINT
  5
1982
330
1979
100
AcDbEntity
  8
Defpoints
 62
     0
440
 16777216
100
AcDbPoint
 10
6479.920441407988
 20
1810.308004089344
 30
0.0
  0
POINT
  5
1983
330
1979
100
AcDbEntity
  8
Defpoints
 62
     0
440
 16777216
100
AcDbPoint
 10
9304.920441407988
 20
2060.117527899045
 30
0.0
  0
POINT
  5
1984
330
1979
100
AcDbEntity
  8
Defpoints
 62
     0
440
 16777216
100
AcDbPoint
 10
9304.920441407988
 20
2893.406434200061
 30
0.0
  0
ENDBLK
  5
1985
330
1979
100
AcDbEntity
  8
0
100
AcDbBlockEnd
  0
BLOCK
  5
1987
330
1986
100
AcDbEntity
  8
0
100
AcDbBlockBegin
  2
*D28
 70
     1
 10
0.0
 20
0.0
 30
0.0
  3
*D28
  1

  0
LINE
  5
1988
330
1986
100
AcDbEntity
  8
0
440
 16777216
370
     9
380
     1
100
AcDbLine
 10
8154.920441407988
 20
2651.203242184773
 30
0.0
 11
6206.937356820997
 21
2651.203242184773
 31
0.0
  0
LINE
  5
1989
330
1986
100
AcDbEntity
  8
0
440
 16777216
370
     9
380
     1
100
AcDbLine
 10
6469.92044140799
 20
750.1175278990452
 30
0.0
 11
6206.937356820997
 21
750.1175278990452
 31
0.0
  0
LINE
  5
198A
330
1986
100
AcDbEntity
  8
0
440
 16777216
370
    -2
380
     1
100
AcDbLine
 10
6216.937356820999
 20
2626.203242184773
 30
0.0
 11
6216.937356820999
 21
1716.160385041909
 31
0.0
  0
LINE
  5
198B
330
1986
100
AcDbEntity
  8
0
440
 16777216
370
    -2
380
     1
100
AcDbLine
 10
6216.937356820999
 20
775.1175278990452
 30
0.0
 11
6216.937356820999
 21
1685.160385041909
 31
0.0
  0
INSERT
  5
198C
330
1986
100
AcDbEntity
  8
0
440
 16777216
370
    -2
380
     1
100
AcDbBlockReference
  2
_CLOSEDBLANK
 10
6216.937356820999
 20
2651.203242184773
 30
0.0
 41
25.0
 42
25.0
 43
25.0
 50
90.0
  0
INSERT
  5
198D
330
1986
100
AcDbEntity
  8
0
440
 16777216
370
    -2
380
     1
100
AcDbBlockReference
  2
_CLOSEDBLANK
 10
6216.937356820999
 20
750.1175278990452
 30
0.0
 41
25.0
 42
25.0
 43
25.0
 50
270.0
  0
MTEXT
  5
198E
330
1986
100
AcDbEntity
  8
0
440
 16777216
380
     1
100
AcDbMText
 10
6216.937356820999
 20
1700.660385041909
 30
0.0
 40
25.0
 41
0.0
 46
0.0
 71
     5
 72
     1
  1
\A1;1901
  7
ОФОРМИТЕЛЬ
 73
     1
 44
1.0
  0
POINT
  5
198F
330
1986
100
AcDbEntity
  8
Defpoints
 62
     0
440
 16777216
380
     1
100
AcDbPoint
 10
8164.920441407991
 20
2651.203242184773
 30
0.0
  0
POINT
  5
1990
330
1986
100
AcDbEntity
  8
Defpoints
 62
     0
440
 16777216
380
     1
100
AcDbPoint
 10
6479.920441407988
 20
750.1175278990452
 30
0.0
  0
POINT
  5
1991
330
1986
100
AcDbEntity
  8
Defpoints
 62
     0
440
 16777216
380
     1
100
AcDbPoint
 10
6216.937356820999
 20
750.1175278990452
 30
0.0
  0
ENDBLK
  5
1992
330
1986
100
AcDbEntity
  8
0
100
AcDbBlockEnd
  0
BLOCK
  5
1994
330
1993
100
AcDbEntity
  8
0
100
AcDbBlockBegin
  2
*D29
 70
     1
 10
0.0
 20
0.0
 30
0.0
  3
*D29
  1

  0
LINE
  5
1995
330
1993
100
AcDbEntity
  8
0
440
 16777216
370
    -2
380
     1
100
AcDbLine
 10
7653.786571264936
 20
1493.304474072113
 30
0.0
 11
7628.786571264938
 21
1493.304474072113
 31
0.0
  0
LINE
  5
1996
330
1993
100
AcDbEntity
  8
0
440
 16777216
370
    -2
380
     1
100
AcDbLine
 10
7628.786571264938
 20
1493.304474072113
 30
0.0
 11
7549.613541924585
 21
1400.696165843982
 31
0.0
  0
MTEXT
  5
1997
330
1993
100
AcDbEntity
  8
0
440
 16777216
380
     1
100
AcDbMText
 10
7690.119904598271
 20
1493.304474072113
 30
0.0
 40
25.0
 41
0.0
 46
0.0
 71
     5
 72
     1
  1
\A1;∅26
  7
ОФОРМИТЕЛЬ
 73
     1
 44
1.0
  0
INSERT
  5
1998
330
1993
100
AcDbEntity
  8
0
440
 16777216
370
    -2
380
     1
100
AcDbBlockReference
  2
_CLOSEDBLANK
 10
7533.368081058402
 20
1381.693929100762
 30
0.0
 41
25.0
 42
25.0
 43
25.0
 50
229.4720859769206
  0
LINE
  5
1999
330
1993
100
AcDbEntity
  8
0
440
 16777216
370
     9
380
     1
100
AcDbLine
 10
7522.92044140799
 20
1371.812765994288
 30
0.0
 11
7526.920441407989
 21
1371.812765994288
 31
0.0
  0
LINE
  5
199A
330
1993
100
AcDbEntity
  8
0
440
 16777216
370
     9
380
     1
100
AcDbLine
 10
7524.920441407989
 20
1369.812765994288
 30
0.0
 11
7524.920441407989
 21
1373.812765994288
 31
0.0
  0
POINT
  5
199B
330
1993
100
AcDbEntity
  8
Defpoints
 62
     0
440
 16777216
380
     1
100
AcDbPoint
 10
7533.368081058402
 20
1381.693929100762
 30
0.0
  0
POINT
  5
199C
330
1993
100
AcDbEntity
  8
Defpoints
 62
     0
440
 16777216
380
     1
100
AcDbPoint
 10
7516.472801757574
 20
1361.931602887813
 30
0.0
  0
ENDBLK
  5
199D
330
1993
100
AcDbEntity
  8
0
100
AcDbBlockEnd
  0
BLOCK
  5
19D4
330
19D3
100
AcDbEntity
  8
0
 48
4.0
100
AcDbBlockBegin
  2
*D30
 70
     1
 10
0.0
 20
0.0
 30
0.0
  3
*D30
  1

  0
LINE
  5
19D6
330
19D3
100
AcDbEntity
  8
0
440
 16777216
370
    -2
100
AcDbLine
 10
4953.119055254034
 20
1456.656238119402
 30
0.0
 11
4953.119055254034
 21
2539.754668230119
 31
0.0
  0
LINE
  5
19D7
330
19D3
100
AcDbEntity
  8
0
440
 16777216
370
    -2
100
AcDbLine
 10
7778.119055254035
 20
1706.465761929102
 30
0.0
 11
7778.119055254035
 21
2539.754668230119
 31
0.0
  0
LINE
  5
19D8
330
19D3
100
AcDbEntity
  8
0
440
 16777216
370
    -2
100
AcDbLine
 10
4978.119055254033
 20
2529.754668230119
 30
0.0
 11
6270.952388587367
 21
2529.754668230119
 31
0.0
  0
LINE
  5
19D9
330
19D3
100
AcDbEntity
  8
0
440
 16777216
370
    -2
100
AcDbLine
 10
7753.119055254035
 20
2529.754668230119
 30
0.0
 11
6460.285721920701
 21
2529.754668230119
 31
0.0
  0
SOLID
  5
19DA
330
19D3
100
AcDbEntity
  8
0
440
 16777216
100
AcDbTrace
 10
4978.119055254033
 20
2533.921334896785
 30
0.0
 11
4978.119055254033
 21
2525.588001563452
 31
0.0
 12
4953.119055254034
 22
2529.754668230119
 32
0.0
 13
4953.119055254034
 23
2529.754668230119
 33
0.0
  0
SOLID
  5
19DB
330
19D3
100
AcDbEntity
  8
0
440
 16777216
100
AcDbTrace
 10
7753.119055254035
 20
2533.921334896785
 30
0.0
 11
7753.119055254035
 21
2525.588001563452
 31
0.0
 12
7778.119055254035
 22
2529.754668230119
 32
0.0
 13
7778.119055254035
 23
2529.754668230119
 33
0.0
  0
MTEXT
  5
19DC
330
19D3
100
AcDbEntity
  8
0
440
 16777216
100
AcDbMText
 10
6365.619055254033
 20
2529.754668230119
 30
0.0
 40
25.0
 41
0.0
 46
0.0
 71
     5
 72
     1
  1
\A1;2825.0000
  7
ОФОРМИТЕЛЬ
 73
     1
 44
1.0
  0
POINT
  5
19DD
330
19D3
100
AcDbEntity
  8
Defpoints
 62
     0
440
 16777216
100
AcDbPoint
 10
4953.119055254034
 20
1446.656238119401
 30
0.0
  0
POINT
  5
19DE
330
19D3
100
AcDbEntity
  8
Defpoints
 62
     0
440
 16777216
100
AcDbPoint
 10
7778.119055254035
 20
1696.465761929102
 30
0.0
  0
POINT
  5
19DF
330
19D3
100
AcDbEntity
  8
Defpoints
 62
     0
440
 16777216
100
AcDbPoint
 10
7778.119055254035
 20
2529.754668230119
 30
0.0
  0
ENDBLK
  5
19D5
330
19D3
100
AcDbEntity
  8
0
 48
4.0
100
AcDbBlockEnd
  0
BLOCK
  5
19E1
330
19E0
100
AcDbEntity
  8
0
 48
4.0
100
AcDbBlockBegin
  2
*D31
 70
     1
 10
0.0
 20
0.0
 30
0.0
  3
*D31
  1

  0
LINE
  5
19E3
330
19E0
100
AcDbEntity
  8
0
440
 16777216
370
    -2
100
AcDbLine
 10
6628.119055254035
 20
2287.551476214831
 30
0.0
 11
4680.135970667044
 21
2287.551476214831
 31
0.0
  0
LINE
  5
19E4
330
19E0
100
AcDbEntity
  8
0
440
 16777216
370
    -2
100
AcDbLine
 10
4943.119055254033
 20
386.4657619291029
 30
0.0
 11
4680.135970667044
 21
386.4657619291029
 31
0.0
  0
LINE
  5
19E5
330
19E0
100
AcDbEntity
  8
0
440
 16777216
370
    -2
100
AcDbLine
 10
4690.135970667046
 20
2262.551476214831
 30
0.0
 11
4690.135970667044
 21
1352.508619071967
 31
0.0
  0
LINE
  5
19E6
330
19E0
100
AcDbEntity
  8
0
440
 16777216
370
    -2
100
AcDbLine
 10
4690.135970667044
 20
411.4657619291028
 30
0.0
 11
4690.135970667044
 21
1321.508619071966
 31
0.0
  0
SOLID
  5
19E7
330
19E0
100
AcDbEntity
  8
0
440
 16777216
100
AcDbTrace
 10
4685.969304000377
 20
2262.551476214831
 30
0.0
 11
4694.302637333712
 21
2262.551476214831
 31
0.0
 12
4690.135970667046
 22
2287.551476214831
 32
0.0
 13
4690.135970667046
 23
2287.551476214831
 33
0.0
  0
SOLID
  5
19E8
330
19E0
100
AcDbEntity
  8
0
440
 16777216
100
AcDbTrace
 10
4685.969304000376
 20
411.4657619291028
 30
0.0
 11
4694.30263733371
 21
411.4657619291028
 31
0.0
 12
4690.135970667044
 22
386.4657619291029
 32
0.0
 13
4690.135970667044
 23
386.4657619291029
 33
0.0
  0
MTEXT
  5
19E9
330
19E0
100
AcDbEntity
  8
0
440
 16777216
100
AcDbMText
 10
4690.135970667044
 20
1337.008619071967
 30
0.0
 40
25.0
 41
0.0
 46
0.0
 71
     5
 72
     1
  1
\A1;1901.0857
  7
ОФОРМИТЕЛЬ
 73
     1
 44
1.0
  0
POINT
  5
19EA
330
19E0
100
AcDbEntity
  8
Defpoints
 62
     0
440
 16777216
100
AcDbPoint
 10
6638.119055254036
 20
2287.551476214831
 30
0.0
  0
POINT
  5
19EB
330
19E0
100
AcDbEntity
  8
Defpoints
 62
     0
440
 16777216
100
AcDbPoint
 10
4953.119055254034
 20
386.4657619291029
 30
0.0
  0
POINT
  5
19EC
330
19E0
100
AcDbEntity
  8
Defpoints
 62
     0
440
 16777216
100
AcDbPoint
 10
4690.135970667044
 20
386.4657619291029
 30
0.0
  0
ENDBLK
  5
19E2
330
19E0
100
AcDbEntity
  8
0
 48
4.0
100
AcDbBlockEnd
  0
BLOCK
  5
19EE
330
19ED
100
AcDbEntity
  8
0
 48
4.0
100
AcDbBlockBegin
  2
*D32
 70
     1
 10
0.0
 20
0.0
 30
0.0
  3
*D32
  1

  0
LINE
  5
19F9
330
19ED
100
AcDbEntity
  8
0
440
 16777216
370
    -2
100
AcDbLine
 10
5973.425954737439
 20
979.2776001746515
 30
0.0
 11
5957.180493871257
 21
960.2753634314318
 31
0.0
  0
LINE
  5
19FA
330
19ED
100
AcDbEntity
  8
0
440
 16777216
370
    -2
100
AcDbLine
 10
6022.81215577063
 20
1037.04439987404
 30
0.0
 11
6039.057616636812
 21
1056.04663661726
 31
0.0
  0
MTEXT
  5
19FB
330
19ED
100
AcDbEntity
  8
0
440
 16777216
100
AcDbMText
 10
6163.318518444317
 20
1129.65270810217
 30
0.0
 40
25.0
 41
0.0
 46
0.0
 71
     5
 72
     1
  1
\A1;∅26.0000
  7
ОФОРМИТЕЛЬ
 73
     1
 44
1.0
  0
SOLID
  5
19FC
330
19ED
100
AcDbEntity
  8
0
440
 16777216
100
AcDbTrace
 10
5970.258915280236
 20
981.9851769856812
 30
0.0
 11
5976.592994194643
 21
976.5700233636211
 31
0.0
 12
5989.67141560362
 22
998.2798369178716
 32
0.0
 13
5989.67141560362
 23
998.2798369178716
 33
0.0
  0
SOLID
  5
19FD
330
19ED
100
AcDbEntity
  8
0
440
 16777216
100
AcDbTrace
 10
6019.645116313427
 20
1039.751976685069
 30
0.0
 11
6025.979195227835
 21
1034.336823063009
 31
0.0
 12
6006.566694904449
 22
1018.04216313082
 32
0.0
 13
6006.566694904449
 23
1018.04216313082
 33
0.0
  0
LINE
  5
19FE
330
19ED
100
AcDbEntity
  8
0
440
 16777216
370
    -2
100
AcDbLine
 10
5998.029055254034
 20
1008.161000024345
 30
0.0
 11
5998.209055254035
 21
1008.161000024345
 31
0.0
  0
LINE
  5
19FF
330
19ED
100
AcDbEntity
  8
0
440
 16777216
370
    -2
100
AcDbLine
 10
5998.119055254035
 20
1008.071000024346
 30
0.0
 11
5998.119055254035
 21
1008.251000024345
 31
0.0
  0
POINT
  5
1A00
330
19ED
100
AcDbEntity
  8
Defpoints
 62
     0
440
 16777216
100
AcDbPoint
 10
6006.566694904449
 20
1018.04216313082
 30
0.0
  0
POINT
  5
1A01
330
19ED
100
AcDbEntity
  8
Defpoints
 62
     0
440
 16777216
100
AcDbPoint
 10
5989.67141560362
 20
998.2798369178716
 30
0.0
  0
ENDBLK
  5
19EF
330
19ED
100
AcDbEntity
  8
0
 48
4.0
100
AcDbBlockEnd
  0
BLOCK
  5
1A03
330
1A02
100
AcDbEntity
  8
0
100
AcDbBlockBegin
  2
*D33
 70
     1
 10
0.0
 20
0.0
 30
0.0
  3
*D33
  1

  0
LINE
  5
1A04
330
1A02
100
AcDbEntity
  8
0
 62
     0
440
 16777216
370
    -2
390
1A4A
100
AcDbLine
 10
996.2952812418953
 20
2097.136048406202
 30
0.0
 11
730.6010638687312
 21
2097.136048406202
 31
0.0
  0
LINE
  5
1A05
330
1A02
100
AcDbEntity
  8
0
 62
     0
440
 16777216
370
    -2
390
1A4A
100
AcDbLine
 10
975.027892530079
 20
1576.81781540771
 30
0.0
 11
730.6010638687312
 21
1576.81781540771
 31
0.0
  0
LINE
  5
1A06
330
1A02
100
AcDbEntity
  8
0
 62
     0
440
 16777216
370
    -2
390
1A4A
100
AcDbLine
 10
731.8510638687312
 20
2094.636048406202
 30
0.0
 11
731.8510638687312
 21
1579.31781540771
 31
0.0
  0
SOLID
  5
1A07
330
1A02
100
AcDbEntity
  8
0
 62
     0
440
 16777216
390
1A4A
100
AcDbTrace
 10
732.2677305353978
 20
2094.636048406202
 30
0.0
 11
731.4343972020648
 21
2094.636048406202
 31
0.0
 12
731.8510638687312
 22
2097.136048406202
 32
0.0
 13
731.8510638687312
 23
2097.136048406202
 33
0.0
  0
SOLID
  5
1A08
330
1A02
100
AcDbEntity
  8
0
 62
     0
440
 16777216
390
1A4A
100
AcDbTrace
 10
731.4343972020648
 20
1579.31781540771
 30
0.0
 11
732.2677305353978
 21
1579.31781540771
 31
0.0
 12
731.8510638687312
 22
1576.81781540771
 32
0.0
 13
731.8510638687312
 23
1576.81781540771
 33
0.0
  0
MTEXT
  5
1A09
330
1A02
100
AcDbEntity
  8
0
 62
     0
440
 16777216
390
1A4A
100
AcDbMText
 10
707.1878646872851
 20
1836.976931906956
 30
0.0
 40
40.0
 41
0.0
 46
0.0
 71
     5
 72
     1
  1
520,32
 11
0.0
 21
1.0
 31
0.0
 73
     1
 44
1.0
  0
POINT
  5
1A0A
330
1A02
100
AcDbEntity
  8
Defpoints
 62
     0
440
 16777216
390
1A4A
100
AcDbPoint
 10
996.9202812418952
 20
2097.136048406202
 30
0.0
  0
POINT
  5
1A0B
330
1A02
100
AcDbEntity
  8
Defpoints
 62
     0
440
 16777216
390
1A4A
100
AcDbPoint
 10
975.652892530079
 20
1576.81781540771
 30
0.0
  0
POINT
  5
1A0C
330
1A02
100
AcDbEntity
  8
Defpoints
 62
     0
440
 16777216
390
1A4A
100
AcDbPoint
 10
731.8510638687312
 20
1576.81781540771
 30
0.0
  0
ENDBLK
  5
1A0D
330
1A02
100
AcDbEntity
  8
0
100
AcDbBlockEnd
  0
BLOCK
  5
1A0F
330
1A0E
100
AcDbEntity
  8
0
100
AcDbBlockBegin
  2
*D34
 70
     1
 10
0.0
 20
0.0
 30
0.0
  3
*D34
  1

  0
LINE
  5
1A10
330
1A0E
100
AcDbEntity
  8
0
 62
     0
440
 16777216
370
    -2
100
AcDbLine
 10
975.652892530079
 20
1577.44281540771
 30
0.0
 11
975.652892530079
 21
2190.567948431806
 31
0.0
  0
LINE
  5
1A11
330
1A0E
100
AcDbEntity
  8
0
 62
     0
440
 16777216
370
    -2
100
AcDbLine
 10
2622.491340975021
 20
1795.762342881072
 30
0.0
 11
2622.491340975021
 21
2190.567948431806
 31
0.0
  0
LINE
  5
1A12
330
1A0E
100
AcDbEntity
  8
0
 62
     0
440
 16777216
370
    -2
100
AcDbLine
 10
978.152892530079
 20
2189.317948431806
 30
0.0
 11
2619.991340975021
 21
2189.317948431806
 31
0.0
  0
SOLID
  5
1A13
330
1A0E
100
AcDbEntity
  8
0
 62
     0
440
 16777216
100
AcDbTrace
 10
978.152892530079
 20
2189.734615098473
 30
0.0
 11
978.152892530079
 21
2188.90128176514
 31
0.0
 12
975.652892530079
 22
2189.317948431806
 32
0.0
 13
975.652892530079
 23
2189.317948431806
 33
0.0
  0
SOLID
  5
1A14
330
1A0E
100
AcDbEntity
  8
0
 62
     0
440
 16777216
100
AcDbTrace
 10
2619.991340975021
 20
2189.734615098473
 30
0.0
 11
2619.991340975021
 21
2188.90128176514
 31
0.0
 12
2622.491340975021
 22
2189.317948431806
 32
0.0
 13
2622.491340975021
 23
2189.317948431806
 33
0.0
  0
MTEXT
  5
1A15
330
1A0E
100
AcDbEntity
  8
0
 62
     0
440
 16777216
100
AcDbMText
 10
1820.865724508763
 20
2213.981147613252
 30
0.0
 40
40.0
 41
0.0
 46
0.0
 71
     5
 72
     1
  1
1646,84
 73
     1
 44
1.0
  0
POINT
  5
1A16
330
1A0E
100
AcDbEntity
  8
Defpoints
 62
     0
440
 16777216
100
AcDbPoint
 10
975.652892530079
 20
1576.81781540771
 30
0.0
  0
POINT
  5
1A17
330
1A0E
100
AcDbEntity
  8
Defpoints
 62
     0
440
 16777216
100
AcDbPoint
 10
2622.491340975021
 20
1795.137342881072
 30
0.0
  0
POINT
  5
1A18
330
1A0E
100
AcDbEntity
  8
Defpoints
 62
     0
440
 16777216
100
AcDbPoint
 10
2622.491340975021
 20
2189.317948431806
 30
0.0
  0
ENDBLK
  5
1A19
330
1A0E
100
AcDbEntity
  8
0
100
AcDbBlockEnd
  0
BLOCK
  5
1A1B
330
1A1A
100
AcDbEntity
  8
0
100
AcDbBlockBegin
  2
*D35
 70
     1
 10
0.0
 20
0.0
 30
0.0
  3
*D35
  1

  0
LINE
  5
1A1C
330
1A1A
100
AcDbEntity
  8
0
 62
     0
440
 16777216
370
    -2
100
AcDbLine
 10
1194.905257771017
 20
2097.393491019302
 30
0.0
 11
1194.905257771017
 21
2126.925765628473
 31
0.0
  0
LINE
  5
1A1D
330
1A1A
100
AcDbEntity
  8
0
 62
     0
440
 16777216
370
    -2
100
AcDbLine
 10
1304.905257771017
 20
2097.393491019302
 30
0.0
 11
1304.905257771017
 21
2126.925765628473
 31
0.0
  0
LINE
  5
1A1E
330
1A1A
100
AcDbEntity
  8
0
 62
     0
440
 16777216
370
    -2
100
AcDbLine
 10
1197.405257771017
 20
2125.675765628473
 30
0.0
 11
1302.405257771017
 21
2125.675765628473
 31
0.0
  0
SOLID
  5
1A1F
330
1A1A
100
AcDbEntity
  8
0
 62
     0
440
 16777216
100
AcDbTrace
 10
1197.405257771017
 20
2126.09243229514
 30
0.0
 11
1197.405257771017
 21
2125.259098961807
 31
0.0
 12
1194.905257771017
 22
2125.675765628473
 32
0.0
 13
1194.905257771017
 23
2125.675765628473
 33
0.0
  0
SOLID
  5
1A20
330
1A1A
100
AcDbEntity
  8
0
 62
     0
440
 16777216
100
AcDbTrace
 10
1302.405257771017
 20
2125.259098961807
 30
0.0
 11
1302.405257771017
 21
2126.09243229514
 31
0.0
 12
1304.905257771017
 22
2125.675765628473
 32
0.0
 13
1304.905257771017
 23
2125.675765628473
 33
0.0
  0
MTEXT
  5
1A21
330
1A1A
100
AcDbEntity
  8
0
 62
     0
440
 16777216
100
AcDbMText
 10
1249.905257771017
 20
2136.512225382907
 30
0.0
 40
20.0
 41
0.0
 46
0.0
 71
     5
 72
     1
  1
110
 73
     1
 44
1.0
  0
POINT
  5
1A22
330
1A1A
100
AcDbEntity
  8
Defpoints
 62
     0
440
 16777216
100
AcDbPoint
 10
1194.905257771017
 20
2096.768491019302
 30
0.0
  0
POINT
  5
1A23
330
1A1A
100
AcDbEntity
  8
Defpoints
 62
     0
440
 16777216
100
AcDbPoint
 10
1304.905257771017
 20
2096.768491019302
 30
0.0
  0
POINT
  5
1A24
330
1A1A
100
AcDbEntity
  8
Defpoints
 62
     0
440
 16777216
100
AcDbPoint
 10
1304.905257771017
 20
2125.675765628473
 30
0.0
  0
ENDBLK
  5
1A25
330
1A1A
100
AcDbEntity
  8
0
100
AcDbBlockEnd
  0
BLOCK
  5
1A27
330
1A26
100
AcDbEntity
  8
0
100
AcDbBlockBegin
  2
*D36
 70
     1
 10
0.0
 20
0.0
 30
0.0
  3
*D36
  1

  0
LINE
  5
1A28
330
1A26
100
AcDbEntity
  8
0
 62
     0
440
 16777216
370
    -2
100
AcDbLine
 10
1194.280257771017
 20
2096.768491019302
 30
0.0
 11
1158.383282850069
 21
2096.768491019302
 31
0.0
  0
LINE
  5
1A29
330
1A26
100
AcDbEntity
  8
0
 62
     0
440
 16777216
370
    -2
100
AcDbLine
 10
1249.280257771017
 20
2041.768491019302
 30
0.0
 11
1158.383282850069
 21
2041.768491019302
 31
0.0
  0
LINE
  5
1A2A
330
1A26
100
AcDbEntity
  8
0
 62
     0
440
 16777216
370
    -2
100
AcDbLine
 10
1159.633282850069
 20
2094.268491019302
 30
0.0
 11
1159.633282850069
 21
2044.268491019302
 31
0.0
  0
SOLID
  5
1A2B
330
1A26
100
AcDbEntity
  8
0
 62
     0
440
 16777216
100
AcDbTrace
 10
1160.049949516736
 20
2094.268491019302
 30
0.0
 11
1159.216616183403
 21
2094.268491019302
 31
0.0
 12
1159.633282850069
 22
2096.768491019302
 32
0.0
 13
1159.633282850069
 23
2096.768491019302
 33
0.0
  0
SOLID
  5
1A2C
330
1A26
100
AcDbEntity
  8
0
 62
     0
440
 16777216
100
AcDbTrace
 10
1159.216616183403
 20
2044.268491019302
 30
0.0
 11
1160.049949516736
 21
2044.268491019302
 31
0.0
 12
1159.633282850069
 22
2041.768491019302
 32
0.0
 13
1159.633282850069
 23
2041.768491019302
 33
0.0
  0
MTEXT
  5
1A2D
330
1A26
100
AcDbEntity
  8
0
 62
     0
440
 16777216
100
AcDbMText
 10
1148.837750790042
 20
2069.268491019302
 30
0.0
 40
20.0
 41
0.0
 46
0.0
 71
     5
 72
     1
  1
55
 11
0.0
 21
1.0
 31
0.0
 73
     1
 44
1.0
  0
POINT
  5
1A2E
330
1A26
100
AcDbEntity
  8
Defpoints
 62
     0
440
 16777216
100
AcDbPoint
 10
1194.905257771017
 20
2096.768491019302
 30
0.0
  0
POINT
  5
1A2F
330
1A26
100
AcDbEntity
  8
Defpoints
 62
     0
440
 16777216
100
AcDbPoint
 10
1249.905257771017
 20
2041.768491019302
 30
0.0
  0
POINT
  5
1A30
330
1A26
100
AcDbEntity
  8
Defpoints
 62
     0
440
 16777216
100
AcDbPoint
 10
1159.633282850069
 20
2041.768491019302
 30
0.0
  0
ENDBLK
  5
1A31
330
1A26
100
AcDbEntity
  8
0
100
AcDbBlockEnd
  0
BLOCK
  5
1A33
330
1A32
100
AcDbEntity
  8
0
100
AcDbBlockBegin
  2
*D37
 70
     1
 10
0.0
 20
0.0
 30
0.0
  3
*D37
  1

  0
LINE
  5
1A34
330
1A32
100
AcDbEntity
  8
0
 62
     0
440
 16777216
370
    -2
100
AcDbLine
 10
975.7350294651036
 20
1576.198236095673
 30
0.0
 11
985.6524004630943
 21
1501.389042177019
 31
0.0
  0
LINE
  5
1A35
330
1A32
100
AcDbEntity
  8
0
 62
     0
440
 16777216
370
    -2
100
AcDbLine
 10
2622.573477910047
 20
1794.517763569035
 30
0.0
 11
2632.490848908036
 21
1719.70856965038
 31
0.0
  0
LINE
  5
1A36
330
1A32
100
AcDbEntity
  8
0
 62
     0
440
 16777216
370
    -2
100
AcDbLine
 10
987.9664438411946
 20
1502.956748541192
 30
0.0
 11
2629.848257789837
 21
1720.619180534356
 31
0.0
  0
SOLID
  5
1A37
330
1A32
100
AcDbEntity
  8
0
 62
     0
440
 16777216
100
AcDbTrace
 10
987.9116858845112
 20
1503.369801415884
 30
0.0
 11
988.0212017978776
 21
1502.543695666501
 31
0.0
 12
985.4881265930448
 22
1502.628200801093
 32
0.0
 13
985.4881265930448
 23
1502.628200801093
 33
0.0
  0
SOLID
  5
1A38
330
1A32
100
AcDbEntity
  8
0
 62
     0
440
 16777216
100
AcDbTrace
 10
2629.793499833154
 20
1721.032233409047
 30
0.0
 11
2629.903015746521
 21
1720.206127659664
 31
0.0
 12
2632.326575037987
 22
1720.947728274455
 32
0.0
 13
2632.326575037987
 23
1720.947728274455
 33
0.0
  0
MTEXT
  5
1A39
330
1A32
100
AcDbEntity
  8
0
 62
     0
440
 16777216
100
AcDbMText
 10
1808.627771480063
 20
1613.896900940957
 30
0.0
 40
2.5
 41
0.0
 46
0.0
 71
     5
 72
     1
  1
1661,25
 11
0.9913268992598309
 21
0.1314190960396897
 31
0.0
 73
     1
 44
1.0
  0
POINT
  5
1A3A
330
1A32
100
AcDbEntity
  8
Defpoints
 62
     0
440
 16777216
100
AcDbPoint
 10
975.652892530079
 20
1576.81781540771
 30
0.0
  0
POINT
  5
1A3B
330
1A32
100
AcDbEntity
  8
Defpoints
 62
     0
440
 16777216
100
AcDbPoint
 10
2622.491340975021
 20
1795.137342881072
 30
0.0
  0
POINT
  5
1A3C
330
1A32
100
AcDbEntity
  8
Defpoints
 62
     0
440
 16777216
100
AcDbPoint
 10
2632.326575037987
 20
1720.947728274455
 30
0.0
  0
ENDBLK
  5
1A3D
330
1A32
100
AcDbEntity
  8
0
100
AcDbBlockEnd
  0
BLOCK
  5
1A3F
330
1A3E
100
AcDbEntity
  8
0
100
AcDbBlockBegin
  2
*D38
 70
     1
 10
0.0
 20
0.0
 30
0.0
  3
*D38
  1

  0
LINE
  5
1A40
330
1A3E
100
AcDbEntity
  8
0
 62
     0
440
 16777216
370
    -2
100
AcDbLine
 10
972.5304996830832
 20
1576.945439500383
 30
0.0
 11
899.7528220940997
 21
1579.92014048272
 31
0.0
  0
LINE
  5
1A41
330
1A3E
100
AcDbEntity
  8
0
 62
     0
440
 16777216
370
    -2
100
AcDbLine
 10
993.7978883948996
 20
2097.263672498876
 30
0.0
 11
921.0202108059156
 21
2100.238373481212
 31
0.0
  0
LINE
  5
1A42
330
1A3E
100
AcDbEntity
  8
0
 62
     0
440
 16777216
370
    -2
100
AcDbLine
 10
906.5081041587859
 20
1592.154463685355
 30
0.0
 11
926.754500129212
 21
2087.493553907882
 31
0.0
  0
SOLID
  5
1A43
330
1A3E
100
AcDbEntity
  8
0
 62
     0
440
 16777216
100
AcDbTrace
 10
904.4265089274556
 20
1592.239546413804
 30
0.0
 11
908.5896993901164
 21
1592.069380956905
 31
0.0
 12
905.9976077880907
 22
1579.664892297372
 32
0.0
 13
905.9976077880907
 23
1579.664892297372
 33
0.0
  0
SOLID
  5
1A44
330
1A3E
100
AcDbEntity
  8
0
 62
     0
440
 16777216
100
AcDbTrace
 10
924.6729048978815
 20
2087.578636636331
 30
0.0
 11
928.8360953605426
 21
2087.408471179433
 31
0.0
 12
927.264996499907
 22
2099.983125295864
 32
0.0
 13
927.264996499907
 23
2099.983125295864
 33
0.0
  0
MTEXT
  5
1A45
330
1A3E
100
AcDbEntity
  8
0
 62
     0
440
 16777216
100
AcDbMText
 10
906.0032391791237
 20
1840.258418225297
 30
0.0
 40
12.5
 41
0.0
 46
0.0
 71
     5
 72
     1
  1
520,75
 11
0.040839709655605
 21
0.9991657110385874
 31
0.0
 73
     1
 44
1.0
  0
POINT
  5
1A46
330
1A3E
100
AcDbEntity
  8
Defpoints
 62
     0
440
 16777216
100
AcDbPoint
 10
975.652892530079
 20
1576.81781540771
 30
0.0
  0
POINT
  5
1A47
330
1A3E
100
AcDbEntity
  8
Defpoints
 62
     0
440
 16777216
100
AcDbPoint
 10
996.9202812418952
 20
2097.136048406202
 30
0.0
  0
POINT
  5
1A48
330
1A3E
100
AcDbEntity
  8
Defpoints
 62
     0
440
 16777216
100
AcDbPoint
 10
927.264996499907
 20
2099.983125295864
 30
0.0
  0
ENDBLK
  5
1A49
330
1A3E
100
AcDbEntity
  8
0
100
AcDbBlockEnd
  0
BLOCK
  5
1A86
330
1A85
100
AcDbEntity
  8
0
 48
4.0
100
AcDbBlockBegin
  2
*D39
 70
     1
 10
0.0
 20
0.0
 30
0.0
  3
*D39
  1

  0
LINE
  5
1A88
330
1A85
100
AcDbEntity
  8
0
 62
     0
440
 16777216
370
    -2
100
AcDbLine
 10
577.3533393860607
 20
-780.2668473850936
 30
0.0
 11
311.6591220128968
 21
-780.2668473850936
 31
0.0
  0
LINE
  5
1A89
330
1A85
100
AcDbEntity
  8
0
 62
     0
440
 16777216
370
    -2
100
AcDbLine
 10
556.0859506742445
 20
-1300.585080383586
 30
0.0
 11
311.6591220128967
 21
-1300.585080383585
 31
0.0
  0
LINE
  5
1A8A
330
1A85
100
AcDbEntity
  8
0
 62
     0
440
 16777216
370
    -2
100
AcDbLine
 10
312.9091220128968
 20
-782.7668473850937
 30
0.0
 11
312.9091220128966
 21
-1298.085080383585
 31
0.0
  0
SOLID
  5
1A8B
330
1A85
100
AcDbEntity
  8
0
 62
     0
440
 16777216
100
AcDbTrace
 10
312.4924553462301
 20
-782.7668473850937
 30
0.0
 11
313.3257886795635
 21
-782.7668473850937
 31
0.0
 12
312.9091220128968
 22
-780.2668473850936
 32
0.0
 13
312.9091220128968
 23
-780.2668473850936
 33
0.0
  0
SOLID
  5
1A8C
330
1A85
100
AcDbEntity
  8
0
 62
     0
440
 16777216
100
AcDbTrace
 10
312.49245534623
 20
-1298.085080383585
 30
0.0
 11
313.3257886795633
 21
-1298.085080383585
 31
0.0
 12
312.9091220128966
 22
-1300.585080383585
 32
0.0
 13
312.9091220128966
 23
-1300.585080383585
 33
0.0
  0
MTEXT
  5
1A8D
330
1A85
100
AcDbEntity
  8
0
 62
     0
440
 16777216
100
AcDbMText
 10
288.2459228314508
 20
-1040.425963884339
 30
0.0
 40
40.0
 41
0.0
 46
0.0
 71
     5
 72
     1
  1
520,32
 11
0.0000000000000001
 21
1.0
 31
0.0
 73
     1
 44
1.0
  0
POINT
  5
1A8E
330
1A85
100
AcDbEntity
  8
Defpoints
 62
     0
440
 16777216
100
AcDbPoint
 10
577.9783393860607
 20
-780.2668473850936
 30
0.0
  0
POINT
  5
1A8F
330
1A85
100
AcDbEntity
  8
Defpoints
 62
     0
440
 16777216
100
AcDbPoint
 10
556.7109506742443
 20
-1300.585080383586
 30
0.0
  0
POINT
  5
1A90
330
1A85
100
AcDbEntity
  8
Defpoints
 62
     0
440
 16777216
100
AcDbPoint
 10
312.9091220128966
 20
-1300.585080383585
 30
0.0
  0
ENDBLK
  5
1A87
330
1A85
100
AcDbEntity
  8
0
 48
4.0
100
AcDbBlockEnd
  0
BLOCK
  5
1A92
330
1A91
100
AcDbEntity
  8
0
 48
4.0
100
AcDbBlockBegin
  2
*D40
 70
     1
 10
0.0
 20
0.0
 30
0.0
  3
*D40
  1

  0
LINE
  5
1A94
330
1A91
100
AcDbEntity
  8
0
 62
     0
440
 16777216
370
    -2
100
AcDbLine
 10
556.7109506742443
 20
-1299.960080383586
 30
0.0
 11
556.7109506742443
 21
-686.8349473594896
 31
0.0
  0
LINE
  5
1A95
330
1A91
100
AcDbEntity
  8
0
 62
     0
440
 16777216
370
    -2
100
AcDbLine
 10
2203.549399119187
 20
-1081.640552910223
 30
0.0
 11
2203.549399119187
 21
-686.8349473594896
 31
0.0
  0
LINE
  5
1A96
330
1A91
100
AcDbEntity
  8
0
 62
     0
440
 16777216
370
    -2
100
AcDbLine
 10
559.2109506742445
 20
-688.0849473594897
 30
0.0
 11
2201.049399119186
 21
-688.0849473594897
 31
0.0
  0
SOLID
  5
1A97
330
1A91
100
AcDbEntity
  8
0
 62
     0
440
 16777216
100
AcDbTrace
 10
559.2109506742445
 20
-687.668280692823
 30
0.0
 11
559.2109506742445
 21
-688.5016140261562
 31
0.0
 12
556.7109506742443
 22
-688.0849473594897
 32
0.0
 13
556.7109506742443
 23
-688.0849473594897
 33
0.0
  0
SOLID
  5
1A98
330
1A91
100
AcDbEntity
  8
0
 62
     0
440
 16777216
100
AcDbTrace
 10
2201.049399119186
 20
-687.668280692823
 30
0.0
 11
2201.049399119186
 21
-688.5016140261562
 31
0.0
 12
2203.549399119187
 22
-688.0849473594897
 32
0.0
 13
2203.549399119187
 23
-688.0849473594897
 33
0.0
  0
MTEXT
  5
1A99
330
1A91
100
AcDbEntity
  8
0
 62
     0
440
 16777216
100
AcDbMText
 10
1401.923782652928
 20
-663.4217481780435
 30
0.0
 40
40.0
 41
0.0
 46
0.0
 71
     5
 72
     1
  1
1646,84
 73
     1
 44
1.0
  0
POINT
  5
1A9A
330
1A91
100
AcDbEntity
  8
Defpoints
 62
     0
440
 16777216
100
AcDbPoint
 10
556.7109506742443
 20
-1300.585080383586
 30
0.0
  0
POINT
  5
1A9B
330
1A91
100
AcDbEntity
  8
Defpoints
 62
     0
440
 16777216
100
AcDbPoint
 10
2203.549399119187
 20
-1082.265552910222
 30
0.0
  0
POINT
  5
1A9C
330
1A91
100
AcDbEntity
  8
Defpoints
 62
     0
440
 16777216
100
AcDbPoint
 10
2203.549399119187
 20
-688.0849473594897
 30
0.0
  0
ENDBLK
  5
1A93
330
1A91
100
AcDbEntity
  8
0
 48
4.0
100
AcDbBlockEnd
  0
BLOCK
  5
1A9E
330
1A9D
100
AcDbEntity
  8
0
 48
4.0
100
AcDbBlockBegin
  2
*D41
 70
     1
 10
0.0
 20
0.0
 30
0.0
  3
*D41
  1

  0
LINE
  5
1AA0
330
1A9D
100
AcDbEntity
  8
0
 62
     0
440
 16777216
370
    -2
100
AcDbLine
 10
775.9633159151823
 20
-780.0094047719936
 30
0.0
 11
775.9633159151823
 21
-750.4771301628227
 31
0.0
  0
LINE
  5
1AA1
330
1A9D
100
AcDbEntity
  8
0
 62
     0
440
 16777216
370
    -2
100
AcDbLine
 10
885.9633159151822
 20
-780.0094047719936
 30
0.0
 11
885.9633159151822
 21
-750.4771301628227
 31
0.0
  0
LINE
  5
1AA2
330
1A9D
100
AcDbEntity
  8
0
 62
     0
440
 16777216
370
    -2
100
AcDbLine
 10
778.4633159151823
 20
-751.7271301628227
 30
0.0
 11
883.4633159151822
 21
-751.7271301628227
 31
0.0
  0
SOLID
  5
1AA3
330
1A9D
100
AcDbEntity
  8
0
 62
     0
440
 16777216
100
AcDbTrace
 10
778.4633159151823
 20
-751.310463496156
 30
0.0
 11
778.4633159151823
 21
-752.1437968294892
 31
0.0
 12
775.9633159151823
 22
-751.7271301628227
 32
0.0
 13
775.9633159151823
 23
-751.7271301628227
 33
0.0
  0
SOLID
  5
1AA4
330
1A9D
100
AcDbEntity
  8
0
 62
     0
440
 16777216
100
AcDbTrace
 10
883.4633159151822
 20
-751.310463496156
 30
0.0
 11
883.4633159151822
 21
-752.1437968294892
 31
0.0
 12
885.9633159151822
 22
-751.7271301628227
 32
0.0
 13
885.9633159151822
 23
-751.7271301628227
 33
0.0
  0
MTEXT
  5
1AA5
330
1A9D
100
AcDbEntity
  8
0
 62
     0
440
 16777216
100
AcDbMText
 10
830.9633159151822
 20
-740.8906704083888
 30
0.0
 40
20.0
 41
0.0
 46
0.0
 71
     5
 72
     1
  1
110
 73
     1
 44
1.0
  0
POINT
  5
1AA6
330
1A9D
100
AcDbEntity
  8
Defpoints
 62
     0
440
 16777216
100
AcDbPoint
 10
775.9633159151823
 20
-780.6344047719936
 30
0.0
  0
POINT
  5
1AA7
330
1A9D
100
AcDbEntity
  8
Defpoints
 62
     0
440
 16777216
100
AcDbPoint
 10
885.9633159151822
 20
-780.6344047719936
 30
0.0
  0
POINT
  5
1AA8
330
1A9D
100
AcDbEntity
  8
Defpoints
 62
     0
440
 16777216
100
AcDbPoint
 10
885.9633159151822
 20
-751.7271301628227
 30
0.0
  0
ENDBLK
  5
1A9F
330
1A9D
100
AcDbEntity
  8
0
 48
4.0
100
AcDbBlockEnd
  0
BLOCK
  5
1AAA
330
1AA9
100
AcDbEntity
  8
0
 48
4.0
100
AcDbBlockBegin
  2
*D42
 70
     1
 10
0.0
 20
0.0
 30
0.0
  3
*D42
  1

  0
LINE
  5
1AAC
330
1AA9
100
AcDbEntity
  8
0
 62
     0
440
 16777216
370
    -2
100
AcDbLine
 10
775.3383159151823
 20
-780.6344047719936
 30
0.0
 11
739.4413409942345
 21
-780.6344047719935
 31
0.0
  0
LINE
  5
1AAD
330
1AA9
100
AcDbEntity
  8
0
 62
     0
440
 16777216
370
    -2
100
AcDbLine
 10
830.3383159151822
 20
-835.6344047719936
 30
0.0
 11
739.4413409942345
 21
-835.6344047719936
 31
0.0
  0
LINE
  5
1AAE
330
1AA9
100
AcDbEntity
  8
0
 62
     0
440
 16777216
370
    -2
100
AcDbLine
 10
740.6913409942343
 20
-783.1344047719936
 30
0.0
 11
740.6913409942343
 21
-833.1344047719936
 31
0.0
  0
SOLID
  5
1AAF
330
1AA9
100
AcDbEntity
  8
0
 62
     0
440
 16777216
100
AcDbTrace
 10
740.2746743275677
 20
-783.1344047719936
 30
0.0
 11
741.108007660901
 21
-783.1344047719936
 31
0.0
 12
740.6913409942343
 22
-780.6344047719935
 32
0.0
 13
740.6913409942343
 23
-780.6344047719935
 33
0.0
  0
SOLID
  5
1AB0
330
1AA9
100
AcDbEntity
  8
0
 62
     0
440
 16777216
100
AcDbTrace
 10
740.2746743275677
 20
-833.1344047719936
 30
0.0
 11
741.108007660901
 21
-833.1344047719936
 31
0.0
 12
740.6913409942343
 22
-835.6344047719936
 32
0.0
 13
740.6913409942343
 23
-835.6344047719936
 33
0.0
  0
MTEXT
  5
1AB1
330
1AA9
100
AcDbEntity
  8
0
 62
     0
440
 16777216
100
AcDbMText
 10
729.8958089342072
 20
-808.1344047719936
 30
0.0
 40
20.0
 41
0.0
 46
0.0
 71
     5
 72
     1
  1
55
 11
0.0000000000000001
 21
1.0
 31
0.0
 73
     1
 44
1.0
  0
POINT
  5
1AB2
330
1AA9
100
AcDbEntity
  8
Defpoints
 62
     0
440
 16777216
100
AcDbPoint
 10
775.9633159151823
 20
-780.6344047719936
 30
0.0
  0
POINT
  5
1AB3
330
1AA9
100
AcDbEntity
  8
Defpoints
 62
     0
440
 16777216
100
AcDbPoint
 10
830.9633159151822
 20
-835.6344047719936
 30
0.0
  0
POINT
  5
1AB4
330
1AA9
100
AcDbEntity
  8
Defpoints
 62
     0
440
 16777216
100
AcDbPoint
 10
740.6913409942343
 20
-835.6344047719936
 30
0.0
  0
ENDBLK
  5
1AAB
330
1AA9
100
AcDbEntity
  8
0
 48
4.0
100
AcDbBlockEnd
  0
BLOCK
  5
1AB6
330
1AB5
100
AcDbEntity
  8
0
 48
4.0
100
AcDbBlockBegin
  2
*D43
 70
     1
 10
0.0
 20
0.0
 30
0.0
  3
*D43
  1

  0
LINE
  5
1AB8
330
1AB5
100
AcDbEntity
  8
0
 62
     0
440
 16777216
370
    -2
100
AcDbLine
 10
556.7930876092693
 20
-1301.204659695623
 30
0.0
 11
566.7104586072597
 21
-1376.013853614277
 31
0.0
  0
LINE
  5
1AB9
330
1AB5
100
AcDbEntity
  8
0
 62
     0
440
 16777216
370
    -2
100
AcDbLine
 10
2203.631536054211
 20
-1082.885132222261
 30
0.0
 11
2213.548907052202
 21
-1157.694326140915
 31
0.0
  0
LINE
  5
1ABA
330
1AB5
100
AcDbEntity
  8
0
 62
     0
440
 16777216
370
    -2
100
AcDbLine
 10
569.0245019853597
 20
-1374.446147250103
 30
0.0
 11
2210.906315934002
 21
-1156.78371525694
 31
0.0
  0
SOLID
  5
1ABB
330
1AB5
100
AcDbEntity
  8
0
 62
     0
440
 16777216
100
AcDbTrace
 10
568.9697440286765
 20
-1374.033094375412
 30
0.0
 11
569.0792599420431
 21
-1374.859200124795
 31
0.0
 12
566.5461847372101
 22
-1374.774694990203
 32
0.0
 13
566.5461847372101
 23
-1374.774694990203
 33
0.0
  0
SOLID
  5
1ABC
330
1AB5
100
AcDbEntity
  8
0
 62
     0
440
 16777216
100
AcDbTrace
 10
2210.851557977319
 20
-1156.370662382248
 30
0.0
 11
2210.961073890686
 21
-1157.196768131631
 31
0.0
 12
2213.384633182152
 22
-1156.455167516841
 32
0.0
 13
2213.384633182152
 23
-1156.455167516841
 33
0.0
  0
MTEXT
  5
1ABD
330
1AB5
100
AcDbEntity
  8
0
 62
     0
440
 16777216
100
AcDbMText
 10
1389.685829624228
 20
-1263.505994850338
 30
0.0
 40
2.5
 41
0.0
 46
0.0
 71
     5
 72
     1
  1
1661,25
 11
0.9913268992598309
 21
0.1314190960396897
 31
0.0
 73
     1
 44
1.0
  0
POINT
  5
1ABE
330
1AB5
100
AcDbEntity
  8
Defpoints
 62
     0
440
 16777216
100
AcDbPoint
 10
556.7109506742443
 20
-1300.585080383586
 30
0.0
  0
POINT
  5
1ABF
330
1AB5
100
AcDbEntity
  8
Defpoints
 62
     0
440
 16777216
100
AcDbPoint
 10
2203.549399119187
 20
-1082.265552910224
 30
0.0
  0
POINT
  5
1AC0
330
1AB5
100
AcDbEntity
  8
Defpoints
 62
     0
440
 16777216
100
AcDbPoint
 10
2213.384633182152
 20
-1156.455167516841
 30
0.0
  0
ENDBLK
  5
1AB7
330
1AB5
100
AcDbEntity
  8
0
 48
4.0
100
AcDbBlockEnd
  0
BLOCK
  5
1AC2
330
1AC1
100
AcDbEntity
  8
0
 48
4.0
100
AcDbBlockBegin
  2
*D44
 70
     1
 10
0.0
 20
0.0
 30
0.0
  3
*D44
  1

  0
LINE
  5
1AC4
330
1AC1
100
AcDbEntity
  8
0
 62
     0
440
 16777216
370
    -2
100
AcDbLine
 10
553.5885578272488
 20
-1300.457456290912
 30
0.0
 11
480.8108802382651
 21
-1297.482755308575
 31
0.0
  0
LINE
  5
1AC5
330
1AC1
100
AcDbEntity
  8
0
 62
     0
440
 16777216
370
    -2
100
AcDbLine
 10
574.855946539065
 20
-780.13922329242
 30
0.0
 11
502.0782689500813
 21
-777.1645223100835
 31
0.0
  0
LINE
  5
1AC6
330
1AC1
100
AcDbEntity
  8
0
 62
     0
440
 16777216
370
    -2
100
AcDbLine
 10
487.5661623029513
 20
-1285.24843210594
 30
0.0
 11
507.8125582733775
 21
-789.9093418834135
 31
0.0
  0
SOLID
  5
1AC7
330
1AC1
100
AcDbEntity
  8
0
 62
     0
440
 16777216
100
AcDbTrace
 10
485.484567071621
 20
-1285.163349377491
 30
0.0
 11
489.6477575342818
 21
-1285.33351483439
 31
0.0
 12
487.0556659322564
 22
-1297.738003493923
 32
0.0
 13
487.0556659322564
 23
-1297.738003493923
 33
0.0
  0
SOLID
  5
1AC8
330
1AC1
100
AcDbEntity
  8
0
 62
     0
440
 16777216
100
AcDbTrace
 10
505.7309630420469
 20
-789.8242591549642
 30
0.0
 11
509.8941535047078
 21
-789.9944246118626
 31
0.0
 12
508.3230546440725
 22
-777.419770495431
 32
0.0
 13
508.3230546440725
 23
-777.419770495431
 33
0.0
  0
MTEXT
  5
1AC9
330
1AC1
100
AcDbEntity
  8
0
 62
     0
440
 16777216
100
AcDbMText
 10
487.0612973232884
 20
-1037.144477565999
 30
0.0
 40
12.5
 41
0.0
 46
0.0
 71
     5
 72
     1
  1
520,75
 11
0.040839709655605
 21
0.9991657110385874
 31
0.0
 73
     1
 44
1.0
  0
POINT
  5
1ACA
330
1AC1
100
AcDbEntity
  8
Defpoints
 62
     0
440
 16777216
100
AcDbPoint
 10
556.7109506742442
 20
-1300.585080383586
 30
0.0
  0
POINT
  5
1ACB
330
1AC1
100
AcDbEntity
  8
Defpoints
 62
     0
440
 16777216
100
AcDbPoint
 10
577.9783393860606
 20
-780.2668473850936
 30
0.0
  0
POINT
  5
1ACC
330
1AC1
100
AcDbEntity
  8
Defpoints
 62
     0
440
 16777216
100
AcDbPoint
 10
508.3230546440725
 20
-777.419770495431
 30
0.0
  0
ENDBLK
  5
1AC3
330
1AC1
100
AcDbEntity
  8
0
 48
4.0
100
AcDbBlockEnd
  0
BLOCK
  5
1AD3
330
1AD2
100
AcDbEntity
  8
0
 48
4.0
100
AcDbBlockBegin
  2
*D45
 70
     1
 10
0.0
 20
0.0
 30
0.0
  3
*D45
  1

  0
LINE
  5
1AEA
330
1AD2
100
AcDbEntity
  8
0
 62
     0
440
 16777216
 48
4.0
370
    -2
100
AcDbLine
 10
904.7834100145122
 20
2095.364840128405
 30
0.0
 11
904.7834100145122
 21
2208.510663038635
 31
0.0
  0
LINE
  5
1AEB
330
1AD2
100
AcDbEntity
  8
0
 62
     0
440
 16777216
 48
4.0
370
    -2
100
AcDbLine
 10
1604.783410014512
 20
2095.364840128405
 30
0.0
 11
1604.783410014512
 21
2208.510663038635
 31
0.0
  0
LINE
  5
1AEC
330
1AD2
100
AcDbEntity
  8
0
 62
     0
440
 16777216
 48
4.0
370
    -2
100
AcDbLine
 10
919.1834100145122
 20
2194.110663038635
 30
0.0
 11
1590.383410014512
 21
2194.110663038635
 31
0.0
  0
SOLID
  5
1AED
330
1AD2
100
AcDbEntity
  8
0
 62
     0
440
 16777216
 48
4.0
100
AcDbTrace
 10
919.1834100145122
 20
2196.510663038635
 30
0.0
 11
919.1834100145122
 21
2191.710663038636
 31
0.0
 12
904.7834100145122
 22
2194.110663038635
 32
0.0
 13
904.7834100145122
 23
2194.110663038635
 33
0.0
  0
SOLID
  5
1AEE
330
1AD2
100
AcDbEntity
  8
0
 62
     0
440
 16777216
 48
4.0
100
AcDbTrace
 10
1590.383410014512
 20
2196.510663038635
 30
0.0
 11
1590.383410014512
 21
2191.710663038636
 31
0.0
 12
1604.783410014512
 22
2194.110663038635
 32
0.0
 13
1604.783410014512
 23
2194.110663038635
 33
0.0
  0
MTEXT
  5
1AEF
330
1AD2
100
AcDbEntity
  8
0
 62
     0
440
 16777216
 48
4.0
100
AcDbMText
 10
1254.783410014512
 20
2208.662914061827
 30
0.0
 40
14.4
 41
0.0
 46
0.0
 71
     5
 72
     1
  1
\A1;700.0
 73
     1
 44
1.0
  0
POINT
  5
1AF0
330
1AD2
100
AcDbEntity
  8
Defpoints
 62
     0
440
 16777216
 48
4.0
100
AcDbPoint
 10
904.7834100145122
 20
2090.364840128406
 30
0.0
  0
POINT
  5
1AF1
330
1AD2
100
AcDbEntity
  8
Defpoints
 62
     0
440
 16777216
 48
4.0
100
AcDbPoint
 10
1604.783410014512
 20
2090.364840128406
 30
0.0
  0
POINT
  5
1AF2
330
1AD2
100
AcDbEntity
  8
Defpoints
 62
     0
440
 16777216
 48
4.0
100
AcDbPoint
 10
1604.783410014512
 20
2194.110663038635
 30
0.0
  0
ENDBLK
  5
1AD4
330
1AD2
100
AcDbEntity
  8
0
 48
4.0
100
AcDbBlockEnd
  0
BLOCK
  5
1AF5
330
1AF4
100
AcDbEntity
  8
0
 48
4.0
100
AcDbBlockBegin
  2
*D46
 70
     1
 10
0.0
 20
0.0
 30
0.0
  3
*D46
  1

  0
LINE
  5
1B01
330
1AF4
100
AcDbEntity
  8
0
 62
     0
440
 16777216
 48
4.0
370
    -2
100
AcDbLine
 10
899.7834100145119
 20
290.3648401284045
 30
0.0
 11
757.7599828333708
 21
290.3648401284045
 31
0.0
  0
LINE
  5
1B02
330
1AF4
100
AcDbEntity
  8
0
 62
     0
440
 16777216
 48
4.0
370
    -2
100
AcDbLine
 10
899.7834100145119
 20
2090.364840128406
 30
0.0
 11
757.7599828333709
 21
2090.364840128406
 31
0.0
  0
LINE
  5
1B03
330
1AF4
100
AcDbEntity
  8
0
 62
     0
440
 16777216
 48
4.0
370
    -2
100
AcDbLine
 10
772.1599828333706
 20
304.7648401284045
 30
0.0
 11
772.1599828333709
 21
2075.964840128404
 31
0.0
  0
SOLID
  5
1B04
330
1AF4
100
AcDbEntity
  8
0
 62
     0
440
 16777216
 48
4.0
100
AcDbTrace
 10
769.7599828333708
 20
304.7648401284045
 30
0.0
 11
774.5599828333706
 21
304.7648401284045
 31
0.0
 12
772.1599828333706
 22
290.3648401284045
 32
0.0
 13
772.1599828333706
 23
290.3648401284045
 33
0.0
  0
SOLID
  5
1B05
330
1AF4
100
AcDbEntity
  8
0
 62
     0
440
 16777216
 48
4.0
100
AcDbTrace
 10
769.7599828333709
 20
2075.964840128404
 30
0.0
 11
774.559982833371
 21
2075.964840128404
 31
0.0
 12
772.1599828333709
 22
2090.364840128406
 32
0.0
 13
772.1599828333709
 23
2090.364840128406
 33
0.0
  0
MTEXT
  5
1B06
330
1AF4
100
AcDbEntity
  8
0
 62
     0
440
 16777216
 48
4.0
100
AcDbMText
 10
757.6077318101782
 20
1190.364840128404
 30
0.0
 40
14.4
 41
0.0
 46
0.0
 71
     5
 72
     1
  1
\A1;1800.0
 11
0.0000000000000001
 21
1.0
 31
0.0
 73
     1
 44
1.0
  0
POINT
  5
1B07
330
1AF4
100
AcDbEntity
  8
Defpoints
 62
     0
440
 16777216
 48
4.0
100
AcDbPoint
 10
904.7834100145117
 20
290.3648401284045
 30
0.0
  0
POINT
  5
1B08
330
1AF4
100
AcDbEntity
  8
Defpoints
 62
     0
440
 16777216
 48
4.0
100
AcDbPoint
 10
904.7834100145117
 20
2090.364840128406
 30
0.0
  0
POINT
  5
1B09
330
1AF4
100
AcDbEntity
  8
Defpoints
 62
     0
440
 16777216
 48
4.0
100
AcDbPoint
 10
772.1599828333709
 20
2090.364840128406
 30
0.0
  0
ENDBLK
  5
1AF6
330
1AF4
100
AcDbEntity
  8
0
 48
4.0
100
AcDbBlockEnd
  0
BLOCK
  5
1B0D
330
1B0C
100
AcDbEntity
  8
0
 48
4.0
100
AcDbBlockBegin
  2
*D47
 70
     1
 10
0.0
 20
0.0
 30
0.0
  3
*D47
  1

  0
LINE
  5
1B19
330
1B0C
100
AcDbEntity
  8
0
 62
     0
440
 16777216
 48
4.0
370
    -2
100
AcDbLine
 10
2438.218663471314
 20
319.9343362229884
 30
0.0
 11
2322.03981595546
 21
319.9343362229884
 31
0.0
  0
LINE
  5
1B1A
330
1B0C
100
AcDbEntity
  8
0
 62
     0
440
 16777216
 48
4.0
370
    -2
100
AcDbLine
 10
2438.218663471314
 20
1119.934336222988
 30
0.0
 11
2322.03981595546
 21
1119.934336222988
 31
0.0
  0
LINE
  5
1B1B
330
1B0C
100
AcDbEntity
  8
0
 62
     0
440
 16777216
 48
4.0
370
    -2
100
AcDbLine
 10
2336.43981595546
 20
334.3343362229884
 30
0.0
 11
2336.43981595546
 21
1105.534336222988
 31
0.0
  0
SOLID
  5
1B1C
330
1B0C
100
AcDbEntity
  8
0
 62
     0
440
 16777216
 48
4.0
100
AcDbTrace
 10
2334.03981595546
 20
334.3343362229884
 30
0.0
 11
2338.839815955461
 21
334.3343362229884
 31
0.0
 12
2336.43981595546
 22
319.9343362229884
 32
0.0
 13
2336.43981595546
 23
319.9343362229884
 33
0.0
  0
SOLID
  5
1B1D
330
1B0C
100
AcDbEntity
  8
0
 62
     0
440
 16777216
 48
4.0
100
AcDbTrace
 10
2334.03981595546
 20
1105.534336222988
 30
0.0
 11
2338.839815955461
 21
1105.534336222988
 31
0.0
 12
2336.43981595546
 22
1119.934336222988
 32
0.0
 13
2336.43981595546
 23
1119.934336222988
 33
0.0
  0
MTEXT
  5
1B1E
330
1B0C
100
AcDbEntity
  8
0
 62
     0
440
 16777216
 48
4.0
100
AcDbMText
 10
2321.887564932268
 20
719.9343362229885
 30
0.0
 40
14.4
 41
0.0
 46
0.0
 71
     5
 72
     1
  1
\A1;800.0
 11
0.0000000000000001
 21
1.0
 31
0.0
 73
     1
 44
1.0
  0
POINT
  5
1B1F
330
1B0C
100
AcDbEntity
  8
Defpoints
 62
     0
440
 16777216
 48
4.0
100
AcDbPoint
 10
2443.218663471315
 20
319.9343362229884
 30
0.0
  0
POINT
  5
1B20
330
1B0C
100
AcDbEntity
  8
Defpoints
 62
     0
440
 16777216
 48
4.0
100
AcDbPoint
 10
2443.218663471315
 20
1119.934336222988
 30
0.0
  0
POINT
  5
1B21
330
1B0C
100
AcDbEntity
  8
Defpoints
 62
     0
440
 16777216
 48
4.0
100
AcDbPoint
 10
2336.43981595546
 20
1119.934336222988
 30
0.0
  0
ENDBLK
  5
1B0E
330
1B0C
100
AcDbEntity
  8
0
 48
4.0
100
AcDbBlockEnd
  0
BLOCK
  5
1B25
330
1B24
100
AcDbEntity
  8
0
 48
4.0
100
AcDbBlockBegin
  2
*D48
 70
     1
 10
0.0
 20
0.0
 30
0.0
  3
*D48
  1

  0
LINE
  5
1B31
330
1B24
100
AcDbEntity
  8
0
 62
     0
440
 16777216
 48
4.0
370
    -2
100
AcDbLine
 10
4084.022550000162
 20
1150.965674038806
 30
0.0
 11
4084.022550000162
 21
114.6315796320646
 31
0.0
  0
LINE
  5
1B32
330
1B24
100
AcDbEntity
  8
0
 62
     0
440
 16777216
 48
4.0
370
    -2
100
AcDbLine
 10
2443.218663471315
 20
314.9343362229883
 30
0.0
 11
2443.218663471315
 21
114.6315796320646
 31
0.0
  0
LINE
  5
1B33
330
1B24
100
AcDbEntity
  8
0
 62
     0
440
 16777216
 48
4.0
370
    -2
100
AcDbLine
 10
4069.622550000163
 20
129.0315796320647
 30
0.0
 11
2457.618663471315
 21
129.0315796320647
 31
0.0
  0
SOLID
  5
1B34
330
1B24
100
AcDbEntity
  8
0
 62
     0
440
 16777216
 48
4.0
100
AcDbTrace
 10
4069.622550000163
 20
131.4315796320647
 30
0.0
 11
4069.622550000163
 21
126.6315796320647
 31
0.0
 12
4084.022550000162
 22
129.0315796320647
 32
0.0
 13
4084.022550000162
 23
129.0315796320647
 33
0.0
  0
SOLID
  5
1B35
330
1B24
100
AcDbEntity
  8
0
 62
     0
440
 16777216
 48
4.0
100
AcDbTrace
 10
2457.618663471315
 20
131.4315796320647
 30
0.0
 11
2457.618663471315
 21
126.6315796320647
 31
0.0
 12
2443.218663471315
 22
129.0315796320647
 32
0.0
 13
2443.218663471315
 23
129.0315796320647
 33
0.0
  0
MTEXT
  5
1B36
330
1B24
100
AcDbEntity
  8
0
 62
     0
440
 16777216
 48
4.0
100
AcDbMText
 10
3263.620606735739
 20
143.583830655257
 30
0.0
 40
14.4
 41
0.0
 46
0.0
 71
     5
 72
     1
  1
\A1;1640.8
 73
     1
 44
1.0
  0
POINT
  5
1B37
330
1B24
100
AcDbEntity
  8
Defpoints
 62
     0
440
 16777216
 48
4.0
100
AcDbPoint
 10
4084.022550000162
 20
1155.965674038806
 30
0.0
  0
POINT
  5
1B38
330
1B24
100
AcDbEntity
  8
Defpoints
 62
     0
440
 16777216
 48
4.0
100
AcDbPoint
 10
2443.218663471315
 20
319.9343362229884
 30
0.0
  0
POINT
  5
1B39
330
1B24
100
AcDbEntity
  8
Defpoints
 62
     0
440
 16777216
 48
4.0
100
AcDbPoint
 10
2443.218663471315
 20
129.0315796320647
 30
0.0
  0
ENDBLK
  5
1B26
330
1B24
100
AcDbEntity
  8
0
 48
4.0
100
AcDbBlockEnd
  0
BLOCK
  5
1B3D
330
1B3C
100
AcDbEntity
  8
0
 48
4.0
100
AcDbBlockBegin
  2
*D49
 70
     1
 10
0.0
 20
0.0
 30
0.0
  3
*D49
  1

  0
LINE
  5
1B49
330
1B3C
100
AcDbEntity
  8
0
 62
     0
440
 16777216
 48
4.0
370
    -2
100
AcDbLine
 10
4089.022550000162
 20
1955.965674038763
 30
0.0
 11
4323.677583709306
 21
1955.965674038763
 31
0.0
  0
LINE
  5
1B4A
330
1B3C
100
AcDbEntity
  8
0
 62
     0
440
 16777216
 48
4.0
370
    -2
100
AcDbLine
 10
2448.218663471315
 20
319.9343362229884
 30
0.0
 11
4323.677583709306
 21
319.9343362229878
 31
0.0
  0
LINE
  5
1B4B
330
1B3C
100
AcDbEntity
  8
0
 62
     0
440
 16777216
 48
4.0
370
    -2
100
AcDbLine
 10
4309.277583709308
 20
1941.565674038763
 30
0.0
 11
4309.277583709308
 21
334.3343362229878
 31
0.0
  0
SOLID
  5
1B4C
330
1B3C
100
AcDbEntity
  8
0
 62
     0
440
 16777216
 48
4.0
100
AcDbTrace
 10
4306.877583709307
 20
1941.565674038763
 30
0.0
 11
4311.677583709307
 21
1941.565674038763
 31
0.0
 12
4309.277583709308
 22
1955.965674038763
 32
0.0
 13
4309.277583709308
 23
1955.965674038763
 33
0.0
  0
SOLID
  5
1B4D
330
1B3C
100
AcDbEntity
  8
0
 62
     0
440
 16777216
 48
4.0
100
AcDbTrace
 10
4306.877583709307
 20
334.3343362229878
 30
0.0
 11
4311.677583709307
 21
334.3343362229878
 31
0.0
 12
4309.277583709308
 22
319.9343362229878
 32
0.0
 13
4309.277583709308
 23
319.9343362229878
 33
0.0
  0
MTEXT
  5
1B4E
330
1B3C
100
AcDbEntity
  8
0
 62
     0
440
 16777216
 48
4.0
100
AcDbMText
 10
4294.720421362785
 20
1137.950005130876
 30
0.0
 40
14.4
 41
0.0
 46
0.0
 71
     5
 72
     1
  1
\A1;1636.0
 11
0.0000000000000001
 21
1.0
 31
0.0
 73
     1
 44
1.0
  0
POINT
  5
1B4F
330
1B3C
100
AcDbEntity
  8
Defpoints
 62
     0
440
 16777216
 48
4.0
100
AcDbPoint
 10
4084.022550000162
 20
1955.965674038763
 30
0.0
  0
POINT
  5
1B50
330
1B3C
100
AcDbEntity
  8
Defpoints
 62
     0
440
 16777216
 48
4.0
100
AcDbPoint
 10
2443.218663471315
 20
319.9343362229884
 30
0.0
  0
POINT
  5
1B51
330
1B3C
100
AcDbEntity
  8
Defpoints
 62
     0
440
 16777216
 48
4.0
100
AcDbPoint
 10
4309.277583709308
 20
319.9343362229878
 30
0.0
  0
ENDBLK
  5
1B3E
330
1B3C
100
AcDbEntity
  8
0
 48
4.0
100
AcDbBlockEnd
  0
BLOCK
  5
1B55
330
1B54
100
AcDbEntity
  8
0
 48
4.0
100
AcDbBlockBegin
  2
*D50
 70
     1
 10
0.0
 20
0.0
 30
0.0
  3
*D50
  1

  0
LINE
  5
1B61
330
1B54
100
AcDbEntity
  8
0
 62
     0
440
 16777216
 48
4.0
370
    -2
100
AcDbLine
 10
4948.119055254034
 20
386.4657619291029
 30
0.0
 11
4798.707866456591
 21
386.4657619291029
 31
0.0
  0
LINE
  5
1B62
330
1B54
100
AcDbEntity
  8
0
 62
     0
440
 16777216
 48
4.0
370
    -2
100
AcDbLine
 10
4948.119055254034
 20
1446.656238119401
 30
0.0
 11
4798.707866456591
 21
1446.656238119401
 31
0.0
  0
LINE
  5
1B63
330
1B54
100
AcDbEntity
  8
0
 62
     0
440
 16777216
 48
4.0
370
    -2
100
AcDbLine
 10
4813.107866456592
 20
400.8657619291027
 30
0.0
 11
4813.107866456592
 21
1432.256238119401
 31
0.0
  0
SOLID
  5
1B64
330
1B54
100
AcDbEntity
  8
0
 62
     0
440
 16777216
 48
4.0
100
AcDbTrace
 10
4810.707866456592
 20
400.8657619291027
 30
0.0
 11
4815.507866456592
 21
400.8657619291027
 31
0.0
 12
4813.107866456592
 22
386.4657619291029
 32
0.0
 13
4813.107866456592
 23
386.4657619291029
 33
0.0
  0
SOLID
  5
1B65
330
1B54
100
AcDbEntity
  8
0
 62
     0
440
 16777216
 48
4.0
100
AcDbTrace
 10
4810.707866456592
 20
1432.256238119401
 30
0.0
 11
4815.507866456592
 21
1432.256238119401
 31
0.0
 12
4813.107866456592
 22
1446.656238119401
 32
0.0
 13
4813.107866456592
 23
1446.656238119401
 33
0.0
  0
MTEXT
  5
1B66
330
1B54
100
AcDbEntity
  8
0
 62
     0
440
 16777216
 48
4.0
100
AcDbMText
 10
4798.555615433399
 20
916.561000024253
 30
0.0
 40
14.4
 41
0.0
 46
0.0
 71
     5
 72
     1
  1
\A1;1060.2
 11
0.0000000000000001
 21
1.0
 31
0.0
 73
     1
 44
1.0
  0
POINT
  5
1B67
330
1B54
100
AcDbEntity
  8
Defpoints
 62
     0
440
 16777216
 48
4.0
100
AcDbPoint
 10
4953.119055254034
 20
386.4657619291029
 30
0.0
  0
POINT
  5
1B68
330
1B54
100
AcDbEntity
  8
Defpoints
 62
     0
440
 16777216
 48
4.0
100
AcDbPoint
 10
4953.119055254034
 20
1446.656238119401
 30
0.0
  0
POINT
  5
1B69
330
1B54
100
AcDbEntity
  8
Defpoints
 62
     0
440
 16777216
 48
4.0
100
AcDbPoint
 10
4813.107866456592
 20
1446.656238119401
 30
0.0
  0
ENDBLK
  5
1B56
330
1B54
100
AcDbEntity
  8
0
 48
4.0
100
AcDbBlockEnd
  0
BLOCK
  5
1B6D
330
1B6C
100
AcDbEntity
  8
0
 48
4.0
100
AcDbBlockBegin
  2
*D51
 70
     1
 10
0.0
 20
0.0
 30
0.0
  3
*D51
  1

  0
LINE
  5
1B79
330
1B6C
100
AcDbEntity
  8
0
 62
     0
440
 16777216
 48
4.0
370
    -2
100
AcDbLine
 10
5153.119055254034
 20
381.4657619291029
 30
0.0
 11
5153.119055254034
 21
226.5834439385158
 31
0.0
  0
LINE
  5
1B7A
330
1B6C
100
AcDbEntity
  8
0
 62
     0
440
 16777216
 48
4.0
370
    -2
100
AcDbLine
 10
4953.119055254034
 20
381.4657619291029
 30
0.0
 11
4953.119055254034
 21
226.5834439385158
 31
0.0
  0
LINE
  5
1B7B
330
1B6C
100
AcDbEntity
  8
0
 62
     0
440
 16777216
 48
4.0
370
    -2
100
AcDbLine
 10
5138.719055254036
 20
240.9834439385158
 30
0.0
 11
4967.519055254033
 21
240.9834439385158
 31
0.0
  0
SOLID
  5
1B7C
330
1B6C
100
AcDbEntity
  8
0
 62
     0
440
 16777216
 48
4.0
100
AcDbTrace
 10
5138.719055254036
 20
243.3834439385158
 30
0.0
 11
5138.719055254036
 21
238.5834439385158
 31
0.0
 12
5153.119055254034
 22
240.9834439385158
 32
0.0
 13
5153.119055254034
 23
240.9834439385158
 33
0.0
  0
SOLID
  5
1B7D
330
1B6C
100
AcDbEntity
  8
0
 62
     0
440
 16777216
 48
4.0
100
AcDbTrace
 10
4967.519055254033
 20
243.3834439385158
 30
0.0
 11
4967.519055254033
 21
238.5834439385158
 31
0.0
 12
4953.119055254034
 22
240.9834439385158
 32
0.0
 13
4953.119055254034
 23
240.9834439385158
 33
0.0
  0
MTEXT
  5
1B7E
330
1B6C
100
AcDbEntity
  8
0
 62
     0
440
 16777216
 48
4.0
100
AcDbMText
 10
5053.119055254033
 20
255.5356949617082
 30
0.0
 40
14.4
 41
0.0
 46
0.0
 71
     5
 72
     1
  1
\A1;200.0
 73
     1
 44
1.0
  0
POINT
  5
1B7F
330
1B6C
100
AcDbEntity
  8
Defpoints
 62
     0
440
 16777216
 48
4.0
100
AcDbPoint
 10
5153.119055254034
 20
386.4657619291029
 30
0.0
  0
POINT
  5
1B80
330
1B6C
100
AcDbEntity
  8
Defpoints
 62
     0
440
 16777216
 48
4.0
100
AcDbPoint
 10
4953.119055254034
 20
386.4657619291029
 30
0.0
  0
POINT
  5
1B81
330
1B6C
100
AcDbEntity
  8
Defpoints
 62
     0
440
 16777216
 48
4.0
100
AcDbPoint
 10
4953.119055254034
 20
240.9834439385158
 30
0.0
  0
ENDBLK
  5
1B6E
330
1B6C
100
AcDbEntity
  8
0
 48
4.0
100
AcDbBlockEnd
  0
BLOCK
  5
1B85
330
1B84
100
AcDbEntity
  8
0
 48
4.0
100
AcDbBlockBegin
  2
*D52
 70
     1
 10
0.0
 20
0.0
 30
0.0
  3
*D52
  1

  0
LINE
  5
1B91
330
1B84
100
AcDbEntity
  8
0
 62
     0
440
 16777216
 48
4.0
370
    -2
100
AcDbLine
 10
5155.351713942803
 20
381.9919229535176
 30
0.0
 11
5256.05802031335
 21
180.1949349972671
 31
0.0
  0
LINE
  5
1B92
330
1B84
100
AcDbEntity
  8
0
 62
     0
440
 16777216
 48
4.0
370
    -2
100
AcDbLine
 10
7780.351713942804
 20
1691.991922953517
 30
0.0
 11
7881.058020313351
 21
1490.194934997267
 31
0.0
  0
LINE
  5
1B93
330
1B84
100
AcDbEntity
  8
0
 62
     0
440
 16777216
 48
4.0
370
    -2
100
AcDbLine
 10
5262.512619539382
 20
199.5096482706062
 30
0.0
 11
7861.743307040012
 21
1496.649534223301
 31
0.0
  0
SOLID
  5
1B94
330
1B84
100
AcDbEntity
  8
0
 62
     0
440
 16777216
 48
4.0
100
AcDbTrace
 10
5261.440943368774
 20
201.6570909788871
 30
0.0
 11
5263.584295709991
 21
197.362205562325
 31
0.0
 12
5249.627963289698
 22
193.0795912469534
 32
0.0
 13
5249.627963289698
 23
193.0795912469534
 33
0.0
  0
SOLID
  5
1B95
330
1B84
100
AcDbEntity
  8
0
 62
     0
440
 16777216
 48
4.0
100
AcDbTrace
 10
7860.671630869403
 20
1498.796976931581
 30
0.0
 11
7862.814983210623
 21
1494.502091515019
 31
0.0
 12
7874.627963289697
 22
1503.079591246953
 32
0.0
 13
7874.627963289697
 23
1503.079591246953
 33
0.0
  0
MTEXT
  5
1B96
330
1B84
100
AcDbEntity
  8
0
 62
     0
440
 16777216
 48
4.0
100
AcDbMText
 10
6555.627728290343
 20
861.1048713029111
 30
0.0
 40
14.4
 41
0.0
 46
0.0
 71
     5
 72
     1
  1
\A1;2933.7
 11
0.8947677951170845
 21
0.4465317377536687
 31
0.0
 73
     1
 44
1.0
  0
POINT
  5
1B97
330
1B84
100
AcDbEntity
  8
Defpoints
 62
     0
440
 16777216
 48
4.0
100
AcDbPoint
 10
5153.119055254034
 20
386.4657619291031
 30
0.0
  0
POINT
  5
1B98
330
1B84
100
AcDbEntity
  8
Defpoints
 62
     0
440
 16777216
 48
4.0
100
AcDbPoint
 10
7778.119055254035
 20
1696.465761929102
 30
0.0
  0
POINT
  5
1B99
330
1B84
100
AcDbEntity
  8
Defpoints
 62
     0
440
 16777216
 48
4.0
100
AcDbPoint
 10
7874.627963289697
 20
1503.079591246953
 30
0.0
  0
ENDBLK
  5
1B86
330
1B84
100
AcDbEntity
  8
0
 48
4.0
100
AcDbBlockEnd
  0
BLOCK
  5
1B9D
330
1B9C
100
AcDbEntity
  8
0
 48
4.0
100
AcDbBlockBegin
  2
*D53
 70
     1
 10
0.0
 20
0.0
 30
0.0
  3
*D53
  1

  0
ARC
  5
1BA9
330
1B9C
100
AcDbEntity
  8
0
 62
     0
440
 16777216
 48
4.0
370
    -2
100
AcDbCircle
 10
5153.119055254034
 20
386.465761929103
 30
0.0
 40
131.2752442734013
100
AcDbArc
 50
32.8094926011561
 51
173.7118880207253
  0
SOLID
  5
1BAA
330
1B9C
100
AcDbEntity
  8
0
 62
     0
440
 16777216
 48
4.0
100
AcDbTrace
 10
5265.538290737413
 20
458.7847633182835
 30
0.0
 11
5261.367425588773
 21
456.4090773306471
 31
0.0
 12
5270.579916126002
 22
445.0843248785424
 32
0.0
 13
5270.579916126002
 23
445.0843248785424
 33
0.0
  0
SOLID
  5
1BAB
330
1B9C
100
AcDbEntity
  8
0
 62
     0
440
 16777216
 48
4.0
100
AcDbTrace
 10
5025.029989434098
 20
400.7124551195478
 30
0.0
 11
5020.237214428902
 21
400.9757187698371
 31
0.0
 12
5021.843810980632
 22
386.465761929103
 32
0.0
 13
5021.843810980632
 23
386.465761929103
 33
0.0
  0
MTEXT
  5
1BAC
330
1B9C
100
AcDbEntity
  8
0
 62
     0
440
 16777216
 48
4.0
100
AcDbMText
 10
5119.667725994252
 20
528.4097628284439
 30
0.0
 40
14.4
 41
0.0
 46
0.0
 71
     5
 72
     1
  1
\A1;153.5°
 11
0.9733364770512519
 21
0.229382001127939
 31
0.0
 73
     1
 44
1.0
  0
POINT
  5
1BAD
330
1B9C
100
AcDbEntity
  8
Defpoints
 62
     0
440
 16777216
 48
4.0
100
AcDbPoint
 10
5181.127381113454
 20
514.7183386735632
 30
0.0
  0
POINT
  5
1BAE
330
1B9C
100
AcDbEntity
  8
Defpoints
 62
     0
440
 16777216
 48
4.0
100
AcDbPoint
 10
5153.119055254034
 20
386.465761929103
 30
0.0
  0
POINT
  5
1BAF
330
1B9C
100
AcDbEntity
  8
Defpoints
 62
     0
440
 16777216
 48
4.0
100
AcDbPoint
 10
4953.119055254034
 20
386.465761929103
 30
0.0
  0
POINT
  5
1BB0
330
1B9C
100
AcDbEntity
  8
Defpoints
 62
     0
440
 16777216
 48
4.0
100
AcDbPoint
 10
5153.119055254034
 20
386.465761929103
 30
0.0
  0
POINT
  5
1BB1
330
1B9C
100
AcDbEntity
  8
Defpoints
 62
     0
440
 16777216
 48
4.0
100
AcDbPoint
 10
7778.119055254035
 20
1696.465761929102
 30
0.0
  0
ENDBLK
  5
1B9E
330
1B9C
100
AcDbEntity
  8
0
 48
4.0
100
AcDbBlockEnd
  0
BLOCK
  5
1BB5
330
1BB4
100
AcDbEntity
  8
0
 48
4.0
100
AcDbBlockBegin
  2
*D54
 70
     1
 10
0.0
 20
0.0
 30
0.0
  3
*D54
  1

  0
LINE
  5
1BC1
330
1BB4
100
AcDbEntity
  8
0
 62
     0
440
 16777216
 48
4.0
370
    -2
100
AcDbLine
 10
7778.119055254035
 20
1701.465761929102
 30
0.0
 11
7778.119055254035
 21
2612.06264278996
 31
0.0
  0
LINE
  5
1BC2
330
1BB4
100
AcDbEntity
  8
0
 62
     0
440
 16777216
 48
4.0
370
    -2
100
AcDbLine
 10
6638.119055254036
 20
2292.551476214831
 30
0.0
 11
6638.119055254036
 21
2612.06264278996
 31
0.0
  0
LINE
  5
1BC3
330
1BB4
100
AcDbEntity
  8
0
 62
     0
440
 16777216
 48
4.0
370
    -2
100
AcDbLine
 10
7763.719055254035
 20
2597.66264278996
 30
0.0
 11
6652.519055254035
 21
2597.66264278996
 31
0.0
  0
SOLID
  5
1BC4
330
1BB4
100
AcDbEntity
  8
0
 62
     0
440
 16777216
 48
4.0
100
AcDbTrace
 10
7763.719055254035
 20
2600.062642789959
 30
0.0
 11
7763.719055254035
 21
2595.262642789959
 31
0.0
 12
7778.119055254035
 22
2597.66264278996
 32
0.0
 13
7778.119055254035
 23
2597.66264278996
 33
0.0
  0
SOLID
  5
1BC5
330
1BB4
100
AcDbEntity
  8
0
 62
     0
440
 16777216
 48
4.0
100
AcDbTrace
 10
6652.519055254035
 20
2600.062642789959
 30
0.0
 11
6652.519055254035
 21
2595.262642789959
 31
0.0
 12
6638.119055254036
 22
2597.66264278996
 32
0.0
 13
6638.119055254036
 23
2597.66264278996
 33
0.0
  0
MTEXT
  5
1BC6
330
1BB4
100
AcDbEntity
  8
0
 62
     0
440
 16777216
 48
4.0
100
AcDbMText
 10
7208.119055254035
 20
2612.214893813151
 30
0.0
 40
14.4
 41
0.0
 46
0.0
 71
     5
 72
     1
  1
\A1;1140.0
 73
     1
 44
1.0
  0
POINT
  5
1BC7
330
1BB4
100
AcDbEntity
  8
Defpoints
 62
     0
440
 16777216
 48
4.0
100
AcDbPoint
 10
7778.119055254035
 20
1696.465761929102
 30
0.0
  0
POINT
  5
1BC8
330
1BB4
100
AcDbEntity
  8
Defpoints
 62
     0
440
 16777216
 48
4.0
100
AcDbPoint
 10
6638.119055254036
 20
2287.551476214831
 30
0.0
  0
POINT
  5
1BC9
330
1BB4
100
AcDbEntity
  8
Defpoints
 62
     0
440
 16777216
 48
4.0
100
AcDbPoint
 10
6638.119055254036
 20
2597.66264278996
 30
0.0
  0
ENDBLK
  5
1BB6
330
1BB4
100
AcDbEntity
  8
0
 48
4.0
100
AcDbBlockEnd
  0
BLOCK
  5
1BCD
330
1BCC
100
AcDbEntity
  8
0
 48
4.0
100
AcDbBlockBegin
  2
*D55
 70
     1
 10
0.0
 20
0.0
 30
0.0
  3
*D55
  1

  0
LINE
  5
1BD9
330
1BCC
100
AcDbEntity
  8
0
 62
     0
440
 16777216
 48
4.0
370
    -2
100
AcDbLine
 10
6643.119055254036
 20
2287.551476214831
 30
0.0
 11
8020.246595009702
 21
2287.55147621483
 31
0.0
  0
LINE
  5
1BDA
330
1BCC
100
AcDbEntity
  8
0
 62
     0
440
 16777216
 48
4.0
370
    -2
100
AcDbLine
 10
7783.119055254033
 20
1696.465761929102
 30
0.0
 11
8020.2465950097
 21
1696.465761929102
 31
0.0
  0
LINE
  5
1BDB
330
1BCC
100
AcDbEntity
  8
0
 62
     0
440
 16777216
 48
4.0
370
    -2
100
AcDbLine
 10
8005.846595009703
 20
2273.15147621483
 30
0.0
 11
8005.8465950097
 21
1710.865761929103
 31
0.0
  0
SOLID
  5
1BDC
330
1BCC
100
AcDbEntity
  8
0
 62
     0
440
 16777216
 48
4.0
100
AcDbTrace
 10
8003.446595009704
 20
2273.15147621483
 30
0.0
 11
8008.246595009701
 21
2273.15147621483
 31
0.0
 12
8005.846595009703
 22
2287.55147621483
 32
0.0
 13
8005.846595009703
 23
2287.55147621483
 33
0.0
  0
SOLID
  5
1BDD
330
1BCC
100
AcDbEntity
  8
0
 62
     0
440
 16777216
 48
4.0
100
AcDbTrace
 10
8003.446595009702
 20
1710.865761929103
 30
0.0
 11
8008.246595009701
 21
1710.865761929103
 31
0.0
 12
8005.8465950097
 22
1696.465761929102
 32
0.0
 13
8005.8465950097
 23
1696.465761929102
 33
0.0
  0
MTEXT
  5
1BDE
330
1BCC
100
AcDbEntity
  8
0
 62
     0
440
 16777216
 48
4.0
100
AcDbMText
 10
7991.294343986509
 20
1992.008619071967
 30
0.0
 40
14.4
 41
0.0
 46
0.0
 71
     5
 72
     1
  1
\A1;591.1
 11
0.0000000000000001
 21
1.0
 31
0.0
 73
     1
 44
1.0
  0
POINT
  5
1BDF
330
1BCC
100
AcDbEntity
  8
Defpoints
 62
     0
440
 16777216
 48
4.0
100
AcDbPoint
 10
6638.119055254036
 20
2287.551476214831
 30
0.0
  0
POINT
  5
1BE0
330
1BCC
100
AcDbEntity
  8
Defpoints
 62
     0
440
 16777216
 48
4.0
100
AcDbPoint
 10
7778.119055254035
 20
1696.465761929102
 30
0.0
  0
POINT
  5
1BE1
330
1BCC
100
AcDbEntity
  8
Defpoints
 62
     0
440
 16777216
 48
4.0
100
AcDbPoint
 10
8005.8465950097
 20
1696.465761929102
 30
0.0
  0
ENDBLK
  5
1BCE
330
1BCC
100
AcDbEntity
  8
0
 48
4.0
100
AcDbBlockEnd
  0
BLOCK
  5
1BE5
330
1BE4
100
AcDbEntity
  8
0
 48
4.0
100
AcDbBlockBegin
  2
*D56
 70
     1
 10
0.0
 20
0.0
 30
0.0
  3
*D56
  1

  0
LINE
  5
1BF1
330
1BE4
100
AcDbEntity
  8
0
 62
     0
440
 16777216
 48
4.0
370
    -2
100
AcDbLine
 10
4950.886396565266
 20
1451.130077094987
 30
0.0
 11
4851.72946523706
 21
1649.822401321312
 31
0.0
  0
LINE
  5
1BF2
330
1BE4
100
AcDbEntity
  8
0
 62
     0
440
 16777216
 48
4.0
370
    -2
100
AcDbLine
 10
6635.886396565267
 20
2292.025315190416
 30
0.0
 11
6536.72946523706
 21
2490.71763941674
 31
0.0
  0
LINE
  5
1BF3
330
1BE4
100
AcDbEntity
  8
0
 62
     0
440
 16777216
 48
4.0
370
    -2
100
AcDbLine
 10
4871.044178510397
 20
1643.367802095279
 30
0.0
 11
6530.274866011028
 21
2471.4029261434
 31
0.0
  0
SOLID
  5
1BF4
330
1BE4
100
AcDbEntity
  8
0
 62
     0
440
 16777216
 48
4.0
100
AcDbTrace
 10
4869.972502339789
 20
1645.515244803561
 30
0.0
 11
4872.115854681005
 21
1641.220359386999
 31
0.0
 12
4858.159522260713
 22
1636.937745071626
 32
0.0
 13
4858.159522260713
 23
1636.937745071626
 33
0.0
  0
SOLID
  5
1BF5
330
1BE4
100
AcDbEntity
  8
0
 62
     0
440
 16777216
 48
4.0
100
AcDbTrace
 10
6529.203189840419
 20
2473.550368851681
 30
0.0
 11
6531.346542181637
 21
2469.25548343512
 31
0.0
 12
6543.159522260714
 22
2477.832983167055
 32
0.0
 13
6543.159522260714
 23
2477.832983167055
 33
0.0
  0
MTEXT
  5
1BF6
330
1BE4
100
AcDbEntity
  8
0
 62
     0
440
 16777216
 48
4.0
100
AcDbMText
 10
5694.159287261357
 20
2070.410644175298
 30
0.0
 40
14.4
 41
0.0
 46
0.0
 71
     5
 72
     1
  1
\A1;1883.2
 11
0.8947677951170442
 21
0.4465317377537497
 31
0.0
 73
     1
 44
1.0
  0
POINT
  5
1BF7
330
1BE4
100
AcDbEntity
  8
Defpoints
 62
     0
440
 16777216
 48
4.0
100
AcDbPoint
 10
4953.119055254035
 20
1446.656238119402
 30
0.0
  0
POINT
  5
1BF8
330
1BE4
100
AcDbEntity
  8
Defpoints
 62
     0
440
 16777216
 48
4.0
100
AcDbPoint
 10
6638.119055254036
 20
2287.551476214831
 30
0.0
  0
POINT
  5
1BF9
330
1BE4
100
AcDbEntity
  8
Defpoints
 62
     0
440
 16777216
 48
4.0
100
AcDbPoint
 10
6543.159522260714
 20
2477.832983167055
 30
0.0
  0
ENDBLK
  5
1BE6
330
1BE4
100
AcDbEntity
  8
0
 48
4.0
100
AcDbBlockEnd
  0
BLOCK
  5
1C0C
330
1C0B
100
AcDbEntity
  8
0
 48
4.0
100
AcDbBlockBegin
  2
*D57
 70
     1
 10
0.0
 20
0.0
 30
0.0
  3
*D57
  1

  0
LINE
  5
1C18
330
1C0B
100
AcDbEntity
  8
0
 62
     0
440
 16777216
 48
4.0
370
    -2
100
AcDbLine
 10
3750.184052398836
 20
-1555.446263059988
 30
0.0
 11
3641.052245866973
 21
-1555.446263059988
 31
0.0
  0
LINE
  5
1C19
330
1C0B
100
AcDbEntity
  8
0
 62
     0
440
 16777216
 48
4.0
370
    -2
100
AcDbLine
 10
3758.680440793848
 20
-740.2345127536111
 30
0.0
 11
3641.052245866973
 21
-740.2345127536111
 31
0.0
  0
LINE
  5
1C1A
330
1C0B
100
AcDbEntity
  8
0
 62
     0
440
 16777216
 48
4.0
370
    -2
100
AcDbLine
 10
3655.452245866972
 20
-1541.046263059988
 30
0.0
 11
3655.452245866972
 21
-754.6345127536111
 31
0.0
  0
SOLID
  5
1C1B
330
1C0B
100
AcDbEntity
  8
0
 62
     0
440
 16777216
 48
4.0
100
AcDbTrace
 10
3653.052245866972
 20
-1541.046263059988
 30
0.0
 11
3657.852245866973
 21
-1541.046263059988
 31
0.0
 12
3655.452245866972
 22
-1555.446263059988
 32
0.0
 13
3655.452245866972
 23
-1555.446263059988
 33
0.0
  0
SOLID
  5
1C1C
330
1C0B
100
AcDbEntity
  8
0
 62
     0
440
 16777216
 48
4.0
100
AcDbTrace
 10
3653.052245866972
 20
-754.6345127536111
 30
0.0
 11
3657.852245866973
 21
-754.6345127536111
 31
0.0
 12
3655.452245866972
 22
-740.2345127536111
 32
0.0
 13
3655.452245866972
 23
-740.2345127536111
 33
0.0
  0
MTEXT
  5
1C1D
330
1C0B
100
AcDbEntity
  8
0
 62
     0
440
 16777216
 48
4.0
100
AcDbMText
 10
3640.89999484378
 20
-1147.840387906799
 30
0.0
 40
14.4
 41
0.0
 46
0.0
 71
     5
 72
     1
  1
\A1;815.2
 11
0.0000000000000001
 21
1.0
 31
0.0
 73
     1
 44
1.0
  0
POINT
  5
1C1E
330
1C0B
100
AcDbEntity
  8
Defpoints
 62
     0
440
 16777216
 48
4.0
100
AcDbPoint
 10
3755.184052398836
 20
-1555.446263059988
 30
0.0
  0
POINT
  5
1C1F
330
1C0B
100
AcDbEntity
  8
Defpoints
 62
     0
440
 16777216
 48
4.0
100
AcDbPoint
 10
3763.680440793847
 20
-740.2345127536111
 30
0.0
  0
POINT
  5
1C20
330
1C0B
100
AcDbEntity
  8
Defpoints
 62
     0
440
 16777216
 48
4.0
100
AcDbPoint
 10
3655.452245866972
 20
-740.2345127536111
 30
0.0
  0
ENDBLK
  5
1C0D
330
1C0B
100
AcDbEntity
  8
0
 48
4.0
100
AcDbBlockEnd
  0
BLOCK
  5
1C24
330
1C23
100
AcDbEntity
  8
0
 48
4.0
100
AcDbBlockBegin
  2
*D58
 70
     1
 10
0.0
 20
0.0
 30
0.0
  3
*D58
  1

  0
LINE
  5
1C30
330
1C23
100
AcDbEntity
  8
0
 62
     0
440
 16777216
 48
4.0
370
    -2
100
AcDbLine
 10
4313.483225341872
 20
-454.4843706353177
 30
0.0
 11
4260.807154320633
 21
-351.1017602602962
 31
0.0
  0
LINE
  5
1C31
330
1C23
100
AcDbEntity
  8
0
 62
     0
440
 16777216
 48
4.0
370
    -2
100
AcDbLine
 10
3761.410488295149
 20
-735.779480132669
 30
0.0
 11
3708.734417273908
 21
-632.396869757647
 31
0.0
  0
LINE
  5
1C32
330
1C23
100
AcDbEntity
  8
0
 62
     0
440
 16777216
 48
4.0
370
    -2
100
AcDbLine
 10
4254.514123568569
 20
-370.4697174048583
 30
0.0
 11
3728.102374418471
 21
-638.6899005097102
 31
0.0
  0
SOLID
  5
1C33
330
1C23
100
AcDbEntity
  8
0
 62
     0
440
 16777216
 48
4.0
100
AcDbTrace
 10
4253.424546369194
 20
-368.3313017468063
 30
0.0
 11
4255.603700767943
 21
-372.6081330629106
 31
0.0
 12
4267.344617516881
 22
-363.9322542086087
 32
0.0
 13
4267.344617516881
 23
-363.9322542086087
 33
0.0
  0
SOLID
  5
1C34
330
1C23
100
AcDbEntity
  8
0
 62
     0
440
 16777216
 48
4.0
100
AcDbTrace
 10
3727.012797219095
 20
-636.5514848516583
 30
0.0
 11
3729.191951617846
 21
-640.8283161677625
 31
0.0
 12
3715.271880470158
 22
-645.2273637059594
 32
0.0
 13
3715.271880470158
 23
-645.2273637059594
 33
0.0
  0
MTEXT
  5
1C35
330
1C23
100
AcDbEntity
  8
0
 62
     0
440
 16777216
 48
4.0
100
AcDbMText
 10
3984.701665279165
 20
-491.6136583539932
 30
0.0
 40
14.4
 41
0.0
 46
0.0
 71
     5
 72
     1
  1
\A1;619.6
 11
0.8910065241883684
 21
0.4539904997395461
 31
0.0
 73
     1
 44
1.0
  0
POINT
  5
1C36
330
1C23
100
AcDbEntity
  8
Defpoints
 62
     0
440
 16777216
 48
4.0
100
AcDbPoint
 10
4315.75317784057
 20
-458.9394032562597
 30
0.0
  0
POINT
  5
1C37
330
1C23
100
AcDbEntity
  8
Defpoints
 62
     0
440
 16777216
 48
4.0
100
AcDbPoint
 10
3763.680440793847
 20
-740.2345127536108
 30
0.0
  0
POINT
  5
1C38
330
1C23
100
AcDbEntity
  8
Defpoints
 62
     0
440
 16777216
 48
4.0
100
AcDbPoint
 10
3715.271880470158
 20
-645.2273637059594
 30
0.0
  0
ENDBLK
  5
1C25
330
1C23
100
AcDbEntity
  8
0
 48
4.0
100
AcDbBlockEnd
  0
BLOCK
  5
1C3C
330
1C3B
100
AcDbEntity
  8
0
 48
4.0
100
AcDbBlockBegin
  2
*D59
 70
     1
 10
0.0
 20
0.0
 30
0.0
  3
*D59
  1

  0
LINE
  5
1C48
330
1C3B
100
AcDbEntity
  8
0
 62
     0
440
 16777216
 48
4.0
370
    -2
100
AcDbLine
 10
3757.454004897533
 20
-1559.90129568093
 30
0.0
 11
3815.945726350843
 21
-1674.697762690278
 31
0.0
  0
LINE
  5
1C49
330
1C3B
100
AcDbEntity
  8
0
 62
     0
440
 16777216
 48
4.0
370
    -2
100
AcDbLine
 10
4750.869810687304
 20
-1053.730660701027
 30
0.0
 11
4809.361532140614
 21
-1168.527127710375
 31
0.0
  0
LINE
  5
1C4A
330
1C3B
100
AcDbEntity
  8
0
 62
     0
440
 16777216
 48
4.0
370
    -2
100
AcDbLine
 10
3822.238757102907
 20
-1655.329805545716
 30
0.0
 11
4789.993574996052
 21
-1162.234096958312
 31
0.0
  0
SOLID
  5
1C4B
330
1C3B
100
AcDbEntity
  8
0
 62
     0
440
 16777216
 48
4.0
100
AcDbTrace
 10
3821.149179903532
 20
-1653.191389887664
 30
0.0
 11
3823.328334302281
 21
-1657.468221203768
 31
0.0
 12
3809.408263154594
 22
-1661.867268741965
 32
0.0
 13
3809.408263154594
 23
-1661.867268741965
 33
0.0
  0
SOLID
  5
1C4C
330
1C3B
100
AcDbEntity
  8
0
 62
     0
440
 16777216
 48
4.0
100
AcDbTrace
 10
4788.903997796677
 20
-1160.095681300259
 30
0.0
 11
4791.083152195428
 21
-1164.372512616363
 31
0.0
 12
4802.824068944365
 22
-1155.696633762062
 32
0.0
 13
4802.824068944365
 23
-1155.696633762062
 33
0.0
  0
MTEXT
  5
1C4D
330
1C3B
100
AcDbEntity
  8
0
 62
     0
440
 16777216
 48
4.0
100
AcDbMText
 10
4299.509582335125
 20
-1395.815800648722
 30
0.0
 40
14.4
 41
0.0
 46
0.0
 71
     5
 72
     1
  1
\A1;1114.9
 11
0.8910065241883678
 21
0.4539904997395469
 31
0.0
 73
     1
 44
1.0
  0
POINT
  5
1C4E
330
1C3B
100
AcDbEntity
  8
Defpoints
 62
     0
440
 16777216
 48
4.0
100
AcDbPoint
 10
3755.184052398836
 20
-1555.446263059988
 30
0.0
  0
POINT
  5
1C4F
330
1C3B
100
AcDbEntity
  8
Defpoints
 62
     0
440
 16777216
 48
4.0
100
AcDbPoint
 10
4748.599858188607
 20
-1049.275628080085
 30
0.0
  0
POINT
  5
1C50
330
1C3B
100
AcDbEntity
  8
Defpoints
 62
     0
440
 16777216
 48
4.0
100
AcDbPoint
 10
4802.824068944365
 20
-1155.696633762062
 30
0.0
  0
ENDBLK
  5
1C3D
330
1C3B
100
AcDbEntity
  8
0
 48
4.0
100
AcDbBlockEnd
  0
BLOCK
  5
1C54
330
1C53
100
AcDbEntity
  8
0
 48
4.0
100
AcDbBlockBegin
  2
*D60
 70
     1
 10
0.0
 20
0.0
 30
0.0
  3
*D60
  1

  0
ARC
  5
1C60
330
1C53
100
AcDbEntity
  8
0
 62
     0
440
 16777216
 48
4.0
370
    -2
100
AcDbCircle
 10
3755.184052398836
 20
-1555.446263059988
 30
0.0
 40
249.0494786395626
100
AcDbArc
 50
30.31329421448234
 51
86.08957311329454
  0
SOLID
  5
1C61
330
1C53
100
AcDbEntity
  8
0
 62
     0
440
 16777216
 48
4.0
100
AcDbTrace
 10
3972.2891257687
 20
-1428.593089046227
 30
0.0
 11
3968.07708125334
 21
-1430.894975446686
 31
0.0
 12
3977.088762712398
 22
-1442.380165792539
 32
0.0
 13
3977.088762712398
 23
-1442.380165792539
 33
0.0
  0
SOLID
  5
1C62
330
1C53
100
AcDbEntity
  8
0
 62
     0
440
 16777216
 48
4.0
100
AcDbTrace
 10
3772.074060976741
 20
-1309.374743799399
 30
0.0
 11
3772.26282450191
 21
-1304.578456867661
 31
0.0
 12
3757.779581944111
 22
-1306.410309758025
 32
0.0
 13
3757.779581944111
 23
-1306.410309758025
 33
0.0
  0
MTEXT
  5
1C63
330
1C53
100
AcDbEntity
  8
0
 62
     0
440
 16777216
 48
4.0
100
AcDbMText
 10
3894.084905710986
 20
-1331.409603492067
 30
0.0
 40
14.4
 41
0.0
 46
0.0
 71
     5
 72
     1
  1
\A1;62.4°
 11
0.8499058782905091
 21
-0.5269345291848298
 31
0.0
 73
     1
 44
1.0
  0
POINT
  5
1C64
330
1C53
100
AcDbEntity
  8
Defpoints
 62
     0
440
 16777216
 48
4.0
100
AcDbPoint
 10
3922.472637262888
 20
-1370.946473941353
 30
0.0
  0
POINT
  5
1C65
330
1C53
100
AcDbEntity
  8
Defpoints
 62
     0
440
 16777216
 48
4.0
100
AcDbPoint
 10
3763.680440793847
 20
-740.2345127536111
 30
0.0
  0
POINT
  5
1C66
330
1C53
100
AcDbEntity
  8
Defpoints
 62
     0
440
 16777216
 48
4.0
100
AcDbPoint
 10
3755.184052398836
 20
-1555.446263059988
 30
0.0
  0
POINT
  5
1C67
330
1C53
100
AcDbEntity
  8
Defpoints
 62
     0
440
 16777216
 48
4.0
100
AcDbPoint
 10
4748.599858188605
 20
-1049.275628080085
 30
0.0
  0
POINT
  5
1C68
330
1C53
100
AcDbEntity
  8
Defpoints
 62
     0
440
 16777216
 48
4.0
100
AcDbPoint
 10
3755.184052398836
 20
-1555.446263059988
 30
0.0
  0
ENDBLK
  5
1C55
330
1C53
100
AcDbEntity
  8
0
 48
4.0
100
AcDbBlockEnd
  0
BLOCK
  5
1C6C
330
1C6B
100
AcDbEntity
  8
0
 48
4.0
100
AcDbBlockBegin
  2
*D61
 70
     1
 10
0.0
 20
0.0
 30
0.0
  3
*D61
  1

  0
ARC
  5
1C78
330
1C6B
100
AcDbEntity
  8
0
 62
     0
440
 16777216
 48
4.0
370
    -2
100
AcDbCircle
 10
4748.599858188607
 20
-1049.275628080085
 30
0.0
 40
146.8506358151279
100
AcDbArc
 50
95.02347724984684
 51
201.3793900779301
  0
SOLID
  5
1C79
330
1C6B
100
AcDbEntity
  8
0
 62
     0
440
 16777216
 48
4.0
100
AcDbTrace
 10
4735.648357083192
 20
-900.5908502029834
 30
0.0
 11
4735.833721267635
 21
-905.3872697133183
 31
0.0
 12
4750.130297706419
 22
-902.4329674048246
 32
0.0
 13
4750.130297706419
 23
-902.4329674048246
 33
0.0
  0
SOLID
  5
1C7A
330
1C6B
100
AcDbEntity
  8
0
 62
     0
440
 16777216
 48
4.0
100
AcDbTrace
 10
4614.043719509647
 20
-1101.825408947152
 30
0.0
 11
4609.665189133657
 21
-1103.79225203864
 31
0.0
 12
4617.754983596118
 22
-1115.944421620865
 32
0.0
 13
4617.754983596118
 23
-1115.944421620865
 33
0.0
  0
MTEXT
  5
1C7B
330
1C6B
100
AcDbEntity
  8
0
 62
     0
440
 16777216
 48
4.0
100
AcDbMText
 10
4611.42259589166
 20
-964.2268738948628
 30
0.0
 40
14.4
 41
0.0
 46
0.0
 71
     5
 72
     1
  1
\A1;117.6°
 11
0.5269345291848307
 21
0.8499058782905088
 31
0.0
 73
     1
 44
1.0
  0
POINT
  5
1C7C
330
1C6B
100
AcDbEntity
  8
Defpoints
 62
     0
440
 16777216
 48
4.0
100
AcDbPoint
 10
4656.978913841218
 20
-934.5119064769587
 30
0.0
  0
POINT
  5
1C7D
330
1C6B
100
AcDbEntity
  8
Defpoints
 62
     0
440
 16777216
 48
4.0
100
AcDbPoint
 10
4751.934035412409
 20
-729.367883273773
 30
0.0
  0
POINT
  5
1C7E
330
1C6B
100
AcDbEntity
  8
Defpoints
 62
     0
440
 16777216
 48
4.0
100
AcDbPoint
 10
3755.184052398836
 20
-1555.446263059988
 30
0.0
  0
POINT
  5
1C7F
330
1C6B
100
AcDbEntity
  8
Defpoints
 62
     0
440
 16777216
 48
4.0
100
AcDbPoint
 10
4748.599858188607
 20
-1049.275628080085
 30
0.0
  0
POINT
  5
1C80
330
1C6B
100
AcDbEntity
  8
Defpoints
 62
     0
440
 16777216
 48
4.0
100
AcDbPoint
 10
4748.599858188607
 20
-1049.275628080085
 30
0.0
  0
ENDBLK
  5
1C6D
330
1C6B
100
AcDbEntity
  8
0
 48
4.0
100
AcDbBlockEnd
  0
BLOCK
  5
1C84
330
1C83
100
AcDbEntity
  8
0
 48
4.0
100
AcDbBlockBegin
  2
*D62
 70
     1
 10
0.0
 20
0.0
 30
0.0
  3
*D62
  1

  0
LINE
  5
1C90
330
1C83
100
AcDbEntity
  8
0
 62
     0
440
 16777216
 48
4.0
370
    -2
100
AcDbLine
 10
4451.950327762435
 20
-731.2413605127699
 30
0.0
 11
4451.950327762435
 21
-1029.376769445755
 31
0.0
  0
LINE
  5
1C91
330
1C83
100
AcDbEntity
  8
0
 62
     0
440
 16777216
 48
4.0
370
    -2
100
AcDbLine
 10
3755.184052398836
 20
-1550.446263059988
 30
0.0
 11
3755.184052398836
 21
-1000.576769445755
 31
0.0
  0
LINE
  5
1C92
330
1C83
100
AcDbEntity
  8
0
 62
     0
440
 16777216
 48
4.0
370
    -2
100
AcDbLine
 10
4437.550327762433
 20
-1014.976769445755
 30
0.0
 11
3769.584052398836
 21
-1014.976769445755
 31
0.0
  0
SOLID
  5
1C93
330
1C83
100
AcDbEntity
  8
0
 62
     0
440
 16777216
 48
4.0
100
AcDbTrace
 10
4437.550327762433
 20
-1012.576769445755
 30
0.0
 11
4437.550327762433
 21
-1017.376769445755
 31
0.0
 12
4451.950327762435
 22
-1014.976769445755
 32
0.0
 13
4451.950327762435
 23
-1014.976769445755
 33
0.0
  0
SOLID
  5
1C94
330
1C83
100
AcDbEntity
  8
0
 62
     0
440
 16777216
 48
4.0
100
AcDbTrace
 10
3769.584052398836
 20
-1012.576769445755
 30
0.0
 11
3769.584052398836
 21
-1017.376769445755
 31
0.0
 12
3755.184052398836
 22
-1014.976769445755
 32
0.0
 13
3755.184052398836
 23
-1014.976769445755
 33
0.0
  0
MTEXT
  5
1C95
330
1C83
100
AcDbEntity
  8
0
 62
     0
440
 16777216
 48
4.0
100
AcDbMText
 10
4103.567190080634
 20
-1000.424518422562
 30
0.0
 40
14.4
 41
0.0
 46
0.0
 71
     5
 72
     1
  1
\A1;696.8
 73
     1
 44
1.0
  0
POINT
  5
1C96
330
1C83
100
AcDbEntity
  8
Defpoints
 62
     0
440
 16777216
 48
4.0
100
AcDbPoint
 10
4451.950327762435
 20
-726.2413605127699
 30
0.0
  0
POINT
  5
1C97
330
1C83
100
AcDbEntity
  8
Defpoints
 62
     0
440
 16777216
 48
4.0
100
AcDbPoint
 10
3755.184052398836
 20
-1555.446263059988
 30
0.0
  0
POINT
  5
1C98
330
1C83
100
AcDbEntity
  8
Defpoints
 62
     0
440
 16777216
 48
4.0
100
AcDbPoint
 10
3755.184052398836
 20
-1014.976769445755
 30
0.0
  0
ENDBLK
  5
1C85
330
1C83
100
AcDbEntity
  8
0
 48
4.0
100
AcDbBlockEnd
  0
BLOCK
  5
1C9C
330
1C9B
100
AcDbEntity
  8
0
 48
4.0
100
AcDbBlockBegin
  2
*D63
 70
     1
 10
0.0
 20
0.0
 30
0.0
  3
*D63
  1

  0
LINE
  5
1CA4
330
1C9B
100
AcDbEntity
  8
0
 62
     0
440
 16777216
 48
4.0
370
    -2
100
AcDbLine
 10
4516.916568179908
 20
-602.6772399329177
 30
0.0
 11
4584.859347565426
 21
-473.4518186899173
 31
0.0
  0
MTEXT
  5
1CA5
330
1C9B
100
AcDbEntity
  8
0
 62
     0
440
 16777216
 48
4.0
100
AcDbMText
 10
4521.884367457396
 20
-561.9476244605114
 30
0.0
 40
14.4
 41
0.0
 46
0.0
 71
     5
 72
     1
  1
\A1;R300.0
 11
0.4653677163970388
 21
0.8851174433573238
 31
0.0
 73
     1
 44
1.0
  0
SOLID
  5
1CA6
330
1C9B
100
AcDbEntity
  8
0
 62
     0
440
 16777216
 48
4.0
100
AcDbTrace
 10
4582.73506570137
 20
-472.3349361705644
 30
0.0
 11
4586.983629429485
 21
-474.5687012092701
 31
0.0
 12
4591.560642681545
 22
-460.7061275055719
 32
0.0
 13
4591.560642681545
 23
-460.7061275055719
 33
0.0
  0
POINT
  5
1CA7
330
1C9B
100
AcDbEntity
  8
Defpoints
 62
     0
440
 16777216
 48
4.0
100
AcDbPoint
 10
4591.560642681545
 20
-460.7061275055719
 30
0.0
  0
POINT
  5
1CA8
330
1C9B
100
AcDbEntity
  8
Defpoints
 62
     0
440
 16777216
 48
4.0
100
AcDbPoint
 10
4451.950327762432
 20
-726.241360512769
 30
0.0
  0
ENDBLK
  5
1C9D
330
1C9B
100
AcDbEntity
  8
0
 48
4.0
100
AcDbBlockEnd
  0
BLOCK
  5
1CAC
330
1CAB
100
AcDbEntity
  8
0
 48
4.0
100
AcDbBlockBegin
  2
*D64
 70
     1
 10
0.0
 20
0.0
 30
0.0
  3
*D64
  1

  0
ARC
  5
1CB8
330
1CAB
100
AcDbEntity
  8
0
 62
     0
440
 16777216
 48
4.0
370
    -2
100
AcDbCircle
 10
3763.680440793847
 20
-740.2345127536108
 30
0.0
 40
172.4024627649646
100
AcDbArc
 50
274.1899175522259
 51
22.21294977555104
  0
SOLID
  5
1CB9
330
1CAB
100
AcDbEntity
  8
0
 62
     0
440
 16777216
 48
4.0
100
AcDbTrace
 10
3776.35186441751
 20
-914.5750245025459
 30
0.0
 11
3776.201394851342
 21
-909.7773835291448
 31
0.0
 12
3761.883706714222
 22
-912.6276127143468
 32
0.0
 13
3761.883706714222
 23
-912.6276127143468
 33
0.0
  0
SOLID
  5
1CBA
330
1CAB
100
AcDbEntity
  8
0
 62
     0
440
 16777216
 48
4.0
100
AcDbTrace
 10
3921.106029144702
 20
-676.0570754901447
 30
0.0
 11
3925.470136633354
 21
-674.058434494993
 31
0.0
 12
3917.292159903573
 22
-661.9654325266163
 32
0.0
 13
3917.292159903573
 23
-661.9654325266163
 33
0.0
  0
MTEXT
  5
1CBB
330
1CAB
100
AcDbEntity
  8
0
 62
     0
440
 16777216
 48
4.0
100
AcDbMText
 10
3897.838263642582
 20
-823.4112397594877
 30
0.0
 40
14.4
 41
0.0
 46
0.0
 71
     5
 72
     1
  1
\A1;117.6°
 11
0.5269345291848307
 21
0.8499058782905088
 31
0.0
 73
     1
 44
1.0
  0
POINT
  5
1CBC
330
1CAB
100
AcDbEntity
  8
Defpoints
 62
     0
440
 16777216
 48
4.0
100
AcDbPoint
 10
3871.243314857446
 20
-874.9669783682646
 30
0.0
  0
POINT
  5
1CBD
330
1CAB
100
AcDbEntity
  8
Defpoints
 62
     0
440
 16777216
 48
4.0
100
AcDbPoint
 10
3763.680440793847
 20
-740.2345127536108
 30
0.0
  0
POINT
  5
1CBE
330
1CAB
100
AcDbEntity
  8
Defpoints
 62
     0
440
 16777216
 48
4.0
100
AcDbPoint
 10
3763.680440793847
 20
-740.2345127536108
 30
0.0
  0
POINT
  5
1CBF
330
1CAB
100
AcDbEntity
  8
Defpoints
 62
     0
440
 16777216
 48
4.0
100
AcDbPoint
 10
3755.184052398836
 20
-1555.446263059988
 30
0.0
  0
POINT
  5
1CC0
330
1CAB
100
AcDbEntity
  8
Defpoints
 62
     0
440
 16777216
 48
4.0
100
AcDbPoint
 10
4315.753177840571
 20
-458.9394032562597
 30
0.0
  0
ENDBLK
  5
1CAD
330
1CAB
100
AcDbEntity
  8
0
 48
4.0
100
AcDbBlockEnd
  0
BLOCK
  5
1CCF
330
1CCE
100
AcDbEntity
  8
0
 48
4.0
100
AcDbBlockBegin
  2
*D65
 70
     1
 10
0.0
 20
0.0
 30
0.0
  3
*D65
  1

  0
LINE
  5
1CDB
330
1CCE
100
AcDbEntity
  8
0
 62
     0
440
 16777216
 48
4.0
370
    -2
100
AcDbLine
 10
2440.948710972616
 20
1124.38936884393
 30
0.0
 11
2388.16272569948
 21
1227.987698084428
 31
0.0
  0
LINE
  5
1CDC
330
1CCE
100
AcDbEntity
  8
0
 62
     0
440
 16777216
 48
4.0
370
    -2
100
AcDbLine
 10
4081.752597501379
 20
1960.420706659704
 30
0.0
 11
4028.966612228244
 21
2064.019035900203
 31
0.0
  0
LINE
  5
1CDD
330
1CCE
100
AcDbEntity
  8
0
 62
     0
440
 16777216
 48
4.0
370
    -2
100
AcDbLine
 10
2407.530682844042
 20
1221.694667332365
 30
0.0
 11
4022.673581476182
 21
2044.651078755641
 31
0.0
  0
SOLID
  5
1CDE
330
1CCE
100
AcDbEntity
  8
0
 62
     0
440
 16777216
 48
4.0
100
AcDbTrace
 10
2406.441105644667
 20
1223.833082990417
 30
0.0
 11
2408.620260043417
 21
1219.556251674313
 31
0.0
 12
2394.700188895729
 22
1215.157204136116
 32
0.0
 13
2394.700188895729
 23
1215.157204136116
 33
0.0
  0
SOLID
  5
1CDF
330
1CCE
100
AcDbEntity
  8
0
 62
     0
440
 16777216
 48
4.0
100
AcDbTrace
 10
4021.584004276806
 20
2046.789494413693
 30
0.0
 11
4023.763158675556
 21
2042.512663097589
 31
0.0
 12
4035.504075424493
 22
2051.188541951891
 32
0.0
 13
4035.504075424493
 23
2051.188541951891
 33
0.0
  0
MTEXT
  5
1CE0
330
1CCE
100
AcDbEntity
  8
0
 62
     0
440
 16777216
 48
4.0
100
AcDbMText
 10
3208.495548445757
 20
1646.139023647294
 30
0.0
 40
14.4
 41
0.0
 46
0.0
 71
     5
 72
     1
  1
\A1;1841.5
 11
0.8910065241883678
 21
0.4539904997395469
 31
0.0
 73
     1
 44
1.0
  0
POINT
  5
1CE1
330
1CCE
100
AcDbEntity
  8
Defpoints
 62
     0
440
 16777216
 48
4.0
100
AcDbPoint
 10
2443.218663471315
 20
1119.934336222988
 30
0.0
  0
POINT
  5
1CE2
330
1CCE
100
AcDbEntity
  8
Defpoints
 62
     0
440
 16777216
 48
4.0
100
AcDbPoint
 10
4084.022550000077
 20
1955.965674038763
 30
0.0
  0
POINT
  5
1CE3
330
1CCE
100
AcDbEntity
  8
Defpoints
 62
     0
440
 16777216
 48
4.0
100
AcDbPoint
 10
4035.504075424493
 20
2051.188541951891
 30
0.0
  0
ENDBLK
  5
1CD0
330
1CCE
100
AcDbEntity
  8
0
 48
4.0
100
AcDbBlockEnd
  0
BLOCK
  5
1CED
330
1CEC
100
AcDbEntity
  8
0
 48
4.0
100
AcDbBlockBegin
  2
*D66
 70
     1
 10
0.0
 20
0.0
 30
0.0
  3
*D66
  1

  0
LINE
  5
1D0C
330
1CEC
100
AcDbEntity
  8
0
 62
     0
440
 16777216
 48
4.0
370
    -2
100
AcDbLine
 10
1509.783055461536
 20
1191.037443841883
 30
0.0
 11
1747.460204008303
 21
1191.037443841882
 31
0.0
  0
LINE
  5
1D0D
330
1CEC
100
AcDbEntity
  8
0
 62
     0
440
 16777216
 48
4.0
370
    -2
100
AcDbLine
 10
1609.783410014512
 20
290.3648401284045
 30
0.0
 11
1747.460204008303
 21
290.3648401284044
 31
0.0
  0
LINE
  5
1D0E
330
1CEC
100
AcDbEntity
  8
0
 62
     0
440
 16777216
 48
4.0
370
    -2
100
AcDbLine
 10
1733.060204008303
 20
1176.637443841882
 30
0.0
 11
1733.060204008303
 21
304.7648401284044
 31
0.0
  0
SOLID
  5
1D0F
330
1CEC
100
AcDbEntity
  8
0
 62
     0
440
 16777216
 48
4.0
100
AcDbTrace
 10
1730.660204008303
 20
1176.637443841882
 30
0.0
 11
1735.460204008303
 21
1176.637443841882
 31
0.0
 12
1733.060204008303
 22
1191.037443841882
 32
0.0
 13
1733.060204008303
 23
1191.037443841882
 33
0.0
  0
SOLID
  5
1D10
330
1CEC
100
AcDbEntity
  8
0
 62
     0
440
 16777216
 48
4.0
100
AcDbTrace
 10
1730.660204008303
 20
304.7648401284044
 30
0.0
 11
1735.460204008303
 21
304.7648401284044
 31
0.0
 12
1733.060204008303
 22
290.3648401284044
 32
0.0
 13
1733.060204008303
 23
290.3648401284044
 33
0.0
  0
MTEXT
  5
1D11
330
1CEC
100
AcDbEntity
  8
0
 62
     0
440
 16777216
 48
4.0
100
AcDbMText
 10
1718.507952985111
 20
740.7011419851437
 30
0.0
 40
14.4
 41
0.0
 46
0.0
 71
     5
 72
     1
  1
\A1;900.7
 11
0.0000000000000001
 21
1.0
 31
0.0
 73
     1
 44
1.0
  0
POINT
  5
1D12
330
1CEC
100
AcDbEntity
  8
Defpoints
 62
     0
440
 16777216
 48
4.0
100
AcDbPoint
 10
1504.783055461536
 20
1191.037443841883
 30
0.0
  0
POINT
  5
1D13
330
1CEC
100
AcDbEntity
  8
Defpoints
 62
     0
440
 16777216
 48
4.0
100
AcDbPoint
 10
1604.783410014512
 20
290.3648401284045
 30
0.0
  0
POINT
  5
1D14
330
1CEC
100
AcDbEntity
  8
Defpoints
 62
     0
440
 16777216
 48
4.0
100
AcDbPoint
 10
1733.060204008303
 20
290.3648401284044
 30
0.0
  0
ENDBLK
  5
1CEE
330
1CEC
100
AcDbEntity
  8
0
 48
4.0
100
AcDbBlockEnd
  0
BLOCK
  5
1D17
330
1D16
100
AcDbEntity
  8
0
 48
4.0
100
AcDbBlockBegin
  2
*D67
 70
     1
 10
0.0
 20
0.0
 30
0.0
  3
*D67
  1

  0
LINE
  5
1D23
330
1D16
100
AcDbEntity
  8
0
 62
     0
440
 16777216
 48
4.0
370
    -2
100
AcDbLine
 10
959.7834100145123
 20
2040.364840128404
 30
0.0
 11
1015.261374278523
 21
2040.364840128404
 31
0.0
  0
LINE
  5
1D24
330
1D16
100
AcDbEntity
  8
0
 62
     0
440
 16777216
 48
4.0
370
    -2
100
AcDbLine
 10
959.7834100145123
 20
1940.364840128404
 30
0.0
 11
1015.261374278523
 21
1940.364840128404
 31
0.0
  0
LINE
  5
1D25
330
1D16
100
AcDbEntity
  8
0
 62
     0
440
 16777216
 48
4.0
370
    -2
100
AcDbLine
 10
1000.861374278524
 20
2025.964840128404
 30
0.0
 11
1000.861374278524
 21
1954.764840128405
 31
0.0
  0
SOLID
  5
1D26
330
1D16
100
AcDbEntity
  8
0
 62
     0
440
 16777216
 48
4.0
100
AcDbTrace
 10
998.4613742785235
 20
2025.964840128404
 30
0.0
 11
1003.261374278523
 21
2025.964840128404
 31
0.0
 12
1000.861374278524
 22
2040.364840128404
 32
0.0
 13
1000.861374278524
 23
2040.364840128404
 33
0.0
  0
SOLID
  5
1D27
330
1D16
100
AcDbEntity
  8
0
 62
     0
440
 16777216
 48
4.0
100
AcDbTrace
 10
998.4613742785235
 20
1954.764840128405
 30
0.0
 11
1003.261374278523
 21
1954.764840128405
 31
0.0
 12
1000.861374278524
 22
1940.364840128404
 32
0.0
 13
1000.861374278524
 23
1940.364840128404
 33
0.0
  0
MTEXT
  5
1D28
330
1D16
100
AcDbEntity
  8
0
 62
     0
440
 16777216
 48
4.0
100
AcDbMText
 10
986.309123255331
 20
1990.364840128405
 30
0.0
 40
14.4
 41
0.0
 46
0.0
 71
     5
 72
     1
  1
\A1;100.0
 11
0.0000000000000001
 21
1.0
 31
0.0
 73
     1
 44
1.0
  0
POINT
  5
1D29
330
1D16
100
AcDbEntity
  8
Defpoints
 62
     0
440
 16777216
 48
4.0
100
AcDbPoint
 10
954.7834100145122
 20
2040.364840128404
 30
0.0
  0
POINT
  5
1D2A
330
1D16
100
AcDbEntity
  8
Defpoints
 62
     0
440
 16777216
 48
4.0
100
AcDbPoint
 10
954.7834100145122
 20
1940.364840128404
 30
0.0
  0
POINT
  5
1D2B
330
1D16
100
AcDbEntity
  8
Defpoints
 62
     0
440
 16777216
 48
4.0
100
AcDbPoint
 10
1000.861374278524
 20
1940.364840128404
 30
0.0
  0
ENDBLK
  5
1D18
330
1D16
100
AcDbEntity
  8
0
 48
4.0
100
AcDbBlockEnd
  0
BLOCK
  5
1D2F
330
1D2E
100
AcDbEntity
  8
0
 48
4.0
100
AcDbBlockBegin
  2
*D68
 70
     1
 10
0.0
 20
0.0
 30
0.0
  3
*D68
  1

  0
LINE
  5
1D3C
330
1D2E
100
AcDbEntity
  8
0
 62
     0
440
 16777216
 48
4.0
370
    -2
100
AcDbLine
 10
954.7834100145122
 20
2045.364840128405
 30
0.0
 11
954.7834100145122
 21
2144.482729608737
 31
0.0
  0
LINE
  5
1D3D
330
1D2E
100
AcDbEntity
  8
0
 62
     0
440
 16777216
 48
4.0
370
    -2
100
AcDbLine
 10
904.7834100145122
 20
2095.364840128405
 30
0.0
 11
904.7834100145122
 21
2144.482729608737
 31
0.0
  0
LINE
  5
1D3E
330
1D2E
100
AcDbEntity
  8
0
 62
     0
440
 16777216
 48
4.0
370
    -2
100
AcDbLine
 10
940.3834100145122
 20
2130.082729608737
 30
0.0
 11
919.1834100145122
 21
2130.082729608737
 31
0.0
  0
LINE
  5
1D3F
330
1D2E
100
AcDbEntity
  8
0
 62
     0
440
 16777216
 48
4.0
370
    -2
100
AcDbLine
 10
904.7834100145122
 20
2130.082729608737
 30
0.0
 11
838.6278847757674
 21
2130.082729608737
 31
0.0
  0
SOLID
  5
1D40
330
1D2E
100
AcDbEntity
  8
0
 62
     0
440
 16777216
 48
4.0
100
AcDbTrace
 10
940.3834100145122
 20
2132.482729608737
 30
0.0
 11
940.3834100145122
 21
2127.682729608737
 31
0.0
 12
954.7834100145122
 22
2130.082729608737
 32
0.0
 13
954.7834100145122
 23
2130.082729608737
 33
0.0
  0
SOLID
  5
1D41
330
1D2E
100
AcDbEntity
  8
0
 62
     0
440
 16777216
 48
4.0
100
AcDbTrace
 10
919.1834100145122
 20
2132.482729608737
 30
0.0
 11
919.1834100145122
 21
2127.682729608737
 31
0.0
 12
904.7834100145122
 22
2130.082729608737
 32
0.0
 13
904.7834100145122
 23
2130.082729608737
 33
0.0
  0
MTEXT
  5
1D42
330
1D2E
100
AcDbEntity
  8
0
 62
     0
440
 16777216
 48
4.0
100
AcDbMText
 10
864.5056473951397
 20
2144.634980631929
 30
0.0
 40
14.4
 41
0.0
 46
0.0
 71
     5
 72
     1
  1
\A1;50.0
 73
     1
 44
1.0
  0
POINT
  5
1D43
330
1D2E
100
AcDbEntity
  8
Defpoints
 62
     0
440
 16777216
 48
4.0
100
AcDbPoint
 10
954.7834100145122
 20
2040.364840128404
 30
0.0
  0
POINT
  5
1D44
330
1D2E
100
AcDbEntity
  8
Defpoints
 62
     0
440
 16777216
 48
4.0
100
AcDbPoint
 10
904.7834100145122
 20
2090.364840128406
 30
0.0
  0
POINT
  5
1D45
330
1D2E
100
AcDbEntity
  8
Defpoints
 62
     0
440
 16777216
 48
4.0
100
AcDbPoint
 10
904.7834100145122
 20
2130.082729608737
 30
0.0
  0
ENDBLK
  5
1D30
330
1D2E
100
AcDbEntity
  8
0
 48
4.0
100
AcDbBlockEnd
  0
ENDSEC
  0
SECTION
  2
ENTITIES
  0
LINE
  5
1970
330
1F
100
AcDbEntity
  8
0
 48
4.0
100
AcDbLine
 10
904.7834100145117
 20
290.3648401284045
 30
0.0
 11
1604.783410014512
 21
290.3648401284045
 31
0.0
  0
LINE
  5
1971
102
{ACAD_REACTORS
330
1D02
102
}
330
1F
100
AcDbEntity
  8
0
 48
4.0
100
AcDbLine
 10
1604.783410014512
 20
290.3648401284045
 30
0.0
 11
1604.783410014512
 21
2090.364840128406
 31
0.0
  0
LINE
  5
1972
102
{ACAD_REACTORS
330
1AE8
330
1B0A
102
}
330
1F
100
AcDbEntity
  8
0
 48
4.0
100
AcDbLine
 10
1604.783410014512
 20
2090.364840128406
 30
0.0
 11
904.7834100145122
 21
2090.364840128406
 31
0.0
  0
LINE
  5
1973
102
{ACAD_REACTORS
330
1AE8
330
1B0A
330
1D46
102
}
330
1F
100
AcDbEntity
  8
0
 48
4.0
100
AcDbLine
 10
904.7834100145122
 20
2090.364840128406
 30
0.0
 11
904.7834100145117
 21
290.3648401284045
 31
0.0
  0
LINE
  5
1974
330
1F
100
AcDbEntity
  8
0
 48
4.0
100
AcDbLine
 10
2443.218663471315
 20
319.9343362229884
 30
0.0
 11
2443.218663471315
 21
1119.934336222988
 31
0.0
  0
LINE
  5
1975
102
{ACAD_REACTORS
330
1B22
330
1CE4
102
}
330
1F
100
AcDbEntity
  8
0
 48
4.0
100
AcDbLine
 10
2443.218663471315
 20
1119.934336222988
 30
0.0
 11
4084.022550000162
 21
1955.965674038806
 31
0.0
  0
LINE
  5
1977
102
{ACAD_REACTORS
330
1B52
102
}
330
1F
100
AcDbEntity
  8
0
 48
4.0
100
AcDbLine
 10
4084.022550000162
 20
1955.965674038763
 30
0.0
 11
4084.022550000162
 21
1155.965674038806
 31
0.0
  0
LINE
  5
1978
102
{ACAD_REACTORS
330
1B22
330
1B3A
330
1B52
102
}
330
1F
100
AcDbEntity
  8
0
 48
4.0
100
AcDbLine
 10
2443.218663471315
 20
319.9343362229884
 30
0.0
 11
4084.022550000162
 21
1155.965674038806
 31
0.0
  0
LINE
  5
19BB
102
{ACAD_REACTORS
330
1BB2
102
}
330
1F
100
AcDbEntity
  8
0
 62
     7
100
AcDbLine
 10
4953.119055254034
 20
386.4657619291029
 30
0.0
 11
5153.119055254034
 21
386.4657619291029
 31
0.0
  0
LINE
  5
19BC
102
{ACAD_REACTORS
330
1B82
330
1B9A
330
1BB2
102
}
330
1F
100
AcDbEntity
  8
0
 62
     7
100
AcDbLine
 10
5153.119055254034
 20
386.4657619291029
 30
0.0
 11
7778.119055254035
 21
1696.465761929102
 31
0.0
  0
LINE
  5
19BD
330
1F
100
AcDbEntity
  8
0
 62
     7
100
AcDbLine
 10
6638.119055254036
 20
2287.551476214831
 30
0.0
 11
4953.119055254034
 21
1446.656238119401
 31
0.0
  0
LINE
  5
19BE
102
{ACAD_REACTORS
330
1B6A
330
1B82
330
1BFA
102
}
330
1F
100
AcDbEntity
  8
0
 62
     7
100
AcDbLine
 10
4953.119055254034
 20
386.4657619291029
 30
0.0
 11
4953.119055254034
 21
1446.656238119401
 31
0.0
  0
LINE
  5
19BF
102
{ACAD_REACTORS
330
1B9A
330
1BCA
330
1BE2
330
1BFA
102
}
330
1F
100
AcDbEntity
  8
0
 62
     7
100
AcDbLine
 10
6638.119055254036
 20
2287.551476214831
 30
0.0
 11
7778.119055254035
 21
1696.465761929102
 31
0.0
  0
LINE
  5
1A6B
330
1F
100
AcDbEntity
  8
0
 62
     7
100
AcDbLine
 10
2119.315186444433
 20
-780.6344047719936
 30
0.0
 11
878.4610071787724
 21
-780.3385024709974
 31
0.0
  0
LINE
  5
1A6C
330
1F
100
AcDbEntity
  8
0
 62
     7
100
AcDbLine
 10
2119.315186444433
 20
-780.6344047719936
 30
0.0
 11
2203.549399119187
 21
-1082.265552910222
 31
0.0
  0
LINE
  5
1A6D
330
1F
100
AcDbEntity
  8
0
 62
     7
100
AcDbLine
 10
556.7109506742443
 20
-1300.585080383586
 30
0.0
 11
577.9783393860607
 21
-780.2668473850936
 31
0.0
  0
LINE
  5
1A6E
102
{ACAD_REACTORS
330
1A74
330
1A77
330
1A81
330
1A84
102
}
330
1F
100
AcDbEntity
  8
0
 62
     7
100
AcDbLine
 10
556.7109506742443
 20
-1300.585080383586
 30
0.0
 11
2203.549399119187
 21
-1082.265552910222
 31
0.0
  0
MTEXT
  5
1A71
330
1F
100
AcDbEntity
  8
0
100
AcDbMText
 10
1943.004299318269
 20
-898.8507477623228
 30
0.0
 40
25.0
 41
239.9929679198976
 46
0.0
 71
     3
 72
     5
  1
вид лицо зекало\P1 шт
 73
     1
 44
1.0
  0
DIMENSION
  5
1A72
102
{ACAD_XDICTIONARY
360
1A73
102
}
102
{ACAD_REACTORS
330
1A74
102
}
330
1F
100
AcDbEntity
  8
0
 62
     7
100
AcDbDimension
280
     0
  2
*D39
 10
312.9091220128966
 20
-1300.585080383585
 30
0.0
 11
288.2459228314508
 21
-1040.425963884339
 31
0.0
 70
    32
 71
     5
 42
520.3182329984919
 73
     0
 74
     0
 75
     0
  3
ISO-25
100
AcDbAlignedDimension
 13
577.9783393860607
 23
-780.2668473850936
 33
0.0
 14
556.7109506742443
 24
-1300.585080383586
 34
0.0
 50
90.0
100
AcDbRotatedDimension
1001
ACAD
1000
DSTYLE
1002
{
1070
   140
1040
40.0
1002
}
  0
DIMENSION
  5
1A75
102
{ACAD_XDICTIONARY
360
1A76
102
}
102
{ACAD_REACTORS
330
1A77
102
}
330
1F
100
AcDbEntity
  8
0
 62
     7
100
AcDbDimension
280
     0
  2
*D40
 10
2203.549399119187
 20
-688.0849473594897
 30
0.0
 11
1401.923782652928
 21
-688.0849473594897
 31
0.0
 70
   160
 71
     5
 42
1646.838448444942
 73
     0
 74
     0
 75
     0
  3
ISO-25
100
AcDbAlignedDimension
 13
556.7109506742443
 23
-1300.585080383586
 33
0.0
 14
2203.549399119187
 24
-1082.265552910222
 34
0.0
100
AcDbRotatedDimension
1001
ACAD
1000
DSTYLE
1002
{
1070
   140
1040
40.0
1002
}
  0
MTEXT
  5
1A78
330
1F
100
AcDbEntity
  8
0
100
AcDbMText
 10
745.3129926367485
 20
-1012.151105857744
 30
0.0
 40
50.0
 41
37.53184999499968
 46
21.21365434500012
 71
     1
 72
     5
  1
№{\fArial|b0|i0|c204|p34;4}
 73
     1
 44
1.0
1001
ACAD
1000
ACAD_MTEXT_DEFINED_HEIGHT_BEGIN
1070
    46
1040
21.21365434500012
1000
ACAD_MTEXT_DEFINED_HEIGHT_END
  0
DIMENSION
  5
1A7F
102
{ACAD_XDICTIONARY
360
1A80
102
}
102
{ACAD_REACTORS
330
1A81
102
}
330
1F
100
AcDbEntity
  8
0
100
AcDbDimension
280
     0
  2
*D43
 10
2213.384633182152
 20
-1156.455167516841
 30
0.0
 11
1389.685829624228
 21
-1263.505994850338
 31
0.0
 70
    33
 71
     5
 42
1661.246607627156
 73
     0
 74
     0
 75
     0
  3
ISO-25
100
AcDbAlignedDimension
 13
556.7109506742443
 23
-1300.585080383586
 33
0.0
 14
2203.549399119187
 24
-1082.265552910222
 34
0.0
  0
DIMENSION
  5
1A82
102
{ACAD_XDICTIONARY
360
1A83
102
}
102
{ACAD_REACTORS
330
1A84
102
}
330
1F
100
AcDbEntity
  8
0
100
AcDbDimension
280
     0
  2
*D44
 10
508.3230546440725
 20
-777.419770495431
 30
0.0
 11
487.0612973232884
 21
-1037.144477565999
 31
0.0
 70
    33
 71
     5
 42
520.752691220403
 73
     0
 74
     0
 75
     0
  3
ISO-25
100
AcDbAlignedDimension
 13
556.7109506742443
 23
-1300.585080383586
 33
0.0
 14
577.9783393860607
 24
-780.2668473850936
 34
0.0
1001
ACAD
1000
DSTYLE
1002
{
1070
    40
1040
5.0
1002
}
  0
MTEXT
  5
1ACD
330
1F
100
AcDbEntity
  8
0
100
AcDbMText
 10
1174.116784672508
 20
1237.867656982883
 30
0.0
 40
50.0
 41
37.53184999499968
 46
21.21365434500012
 71
     1
 72
     5
  1
№1
 73
     1
 44
1.0
1001
ACAD
1000
ACAD_MTEXT_DEFINED_HEIGHT_BEGIN
1070
    46
1040
21.21365434500012
1000
ACAD_MTEXT_DEFINED_HEIGHT_END
  0
MTEXT
  5
1ACE
330
1F
100
AcDbEntity
  8
0
100
AcDbMText
 10
3111.390534779983
 20
1115.417723700463
 30
0.0
 40
50.0
 41
37.53184999499968
 46
21.21365434500012
 71
     1
 72
     5
  1
№{\fArial|b0|i0|c204|p34;2}
 73
     1
 44
1.0
1001
ACAD
1000
ACAD_MTEXT_DEFINED_HEIGHT_BEGIN
1070
    46
1040
21.21365434500012
1000
ACAD_MTEXT_DEFINED_HEIGHT_END
  0
MTEXT
  5
1ACF
330
1F
100
AcDbEntity
  8
0
100
AcDbMText
 10
5867.985741152189
 20
1367.970815240348
 30
0.0
 40
50.0
 41
37.53184999499968
 46
21.21365434500012
 71
     1
 72
     5
  1
№{\fArial|b0|i0|c204|p34;3}
 73
     1
 44
1.0
1001
ACAD
1000
ACAD_MTEXT_DEFINED_HEIGHT_BEGIN
1070
    46
1040
21.21365434500012
1000
ACAD_MTEXT_DEFINED_HEIGHT_END
  0
DIMENSION
  5
1AD1
102
{ACAD_XDICTIONARY
360
1ADE
102
}
102
{ACAD_REACTORS
330
1AE8
102
}
330
1F
100
AcDbEntity
  8
0
 48
4.0
100
AcDbDimension
280
     0
  2
*D45
 10
1604.783410014512
 20
2194.110663038635
 30
0.0
 11
1254.783410014512
 21
2208.662914061827
 31
0.0
 70
    32
 71
     5
 42
699.9999999999996
 73
     0
 74
     0
 75
     0
  3
Standard
100
AcDbAlignedDimension
 13
904.7834100145122
 23
2090.364840128406
 33
0.0
 14
1604.783410014512
 24
2090.364840128406
 34
0.0
100
AcDbRotatedDimension
  0
DIMENSION
  5
1AF3
102
{ACAD_XDICTIONARY
360
1B00
102
}
102
{ACAD_REACTORS
330
1B0A
102
}
330
1F
100
AcDbEntity
  8
0
 48
4.0
100
AcDbDimension
280
     0
  2
*D46
 10
772.1599828333709
 20
2090.364840128406
 30
0.0
 11
757.6077318101782
 21
1190.364840128404
 31
0.0
 70
    32
 71
     5
 42
1800.0
 73
     0
 74
     0
 75
     0
  3
Standard
100
AcDbAlignedDimension
 13
904.7834100145117
 23
290.3648401284045
 33
0.0
 14
904.7834100145117
 24
2090.364840128406
 34
0.0
 50
90.0
100
AcDbRotatedDimension
  0
DIMENSION
  5
1B0B
102
{ACAD_XDICTIONARY
360
1B18
102
}
102
{ACAD_REACTORS
330
1B22
102
}
330
1F
100
AcDbEntity
  8
0
 48
4.0
100
AcDbDimension
280
     0
  2
*D47
 10
2336.43981595546
 20
1119.934336222988
 30
0.0
 11
2321.887564932268
 21
719.9343362229885
 31
0.0
 70
    32
 71
     5
 42
799.9999999999999
 73
     0
 74
     0
 75
     0
  3
Standard
100
AcDbAlignedDimension
 13
2443.218663471315
 23
319.9343362229884
 33
0.0
 14
2443.218663471315
 24
1119.934336222988
 34
0.0
 50
90.0
100
AcDbRotatedDimension
  0
DIMENSION
  5
1B23
102
{ACAD_XDICTIONARY
360
1B30
102
}
102
{ACAD_REACTORS
330
1B3A
102
}
330
1F
100
AcDbEntity
  8
0
 48
4.0
100
AcDbDimension
280
     0
  2
*D48
 10
2443.218663471315
 20
129.0315796320647
 30
0.0
 11
3263.620606735739
 21
143.583830655257
 31
0.0
 70
    32
 71
     5
 42
1640.803886528849
 73
     0
 74
     0
 75
     0
  3
Standard
100
AcDbAlignedDimension
 13
4084.022550000162
 23
1155.965674038806
 33
0.0
 14
2443.218663471315
 24
319.9343362229884
 34
0.0
100
AcDbRotatedDimension
  0
DIMENSION
  5
1B3B
102
{ACAD_XDICTIONARY
360
1B48
102
}
102
{ACAD_REACTORS
330
1B52
102
}
330
1F
100
AcDbEntity
  8
0
 48
4.0
100
AcDbDimension
280
     0
  2
*D49
 10
4309.277583709308
 20
319.9343362229878
 30
0.0
 11
4294.720421362785
 21
1137.950005130876
 31
0.0
 70
    32
 71
     5
 42
1636.031337815775
 73
     0
 74
     0
 75
     0
  3
Standard
100
AcDbAlignedDimension
 13
4084.022550000162
 23
1955.965674038763
 33
0.0
 14
2443.218663471315
 24
319.9343362229884
 34
0.0
 50
90.0
100
AcDbRotatedDimension
  0
DIMENSION
  5
1B53
102
{ACAD_XDICTIONARY
360
1B60
102
}
102
{ACAD_REACTORS
330
1B6A
102
}
330
1F
100
AcDbEntity
  8
0
 48
4.0
100
AcDbDimension
280
     0
  2
*D50
 10
4813.107866456592
 20
1446.656238119401
 30
0.0
 11
4798.555615433399
 21
916.561000024253
 31
0.0
 70
    32
 71
     5
 42
1060.190476190299
 73
     0
 74
     0
 75
     0
  3
Standard
100
AcDbAlignedDimension
 13
4953.119055254034
 23
386.4657619291029
 33
0.0
 14
4953.119055254034
 24
1446.656238119401
 34
0.0
 50
90.0
100
AcDbRotatedDimension
  0
DIMENSION
  5
1B6B
102
{ACAD_XDICTIONARY
360
1B78
102
}
102
{ACAD_REACTORS
330
1B82
102
}
330
1F
100
AcDbEntity
  8
0
 48
4.0
100
AcDbDimension
280
     0
  2
*D51
 10
4953.119055254034
 20
240.9834439385158
 30
0.0
 11
5053.119055254033
 21
255.5356949617082
 31
0.0
 70
    32
 71
     5
 42
200.0
 73
     0
 74
     0
 75
     0
  3
Standard
100
AcDbAlignedDimension
 13
5153.119055254034
 23
386.4657619291029
 33
0.0
 14
4953.119055254034
 24
386.4657619291029
 34
0.0
100
AcDbRotatedDimension
  0
DIMENSION
  5
1B83
102
{ACAD_XDICTIONARY
360
1B90
102
}
102
{ACAD_REACTORS
330
1B9A
102
}
330
1F
100
AcDbEntity
  8
0
 48
4.0
100
AcDbDimension
280
     0
  2
*D52
 10
7874.627963289697
 20
1503.079591246953
 30
0.0
 11
6555.627728290343
 21
861.1048713029111
 31
0.0
 70
    33
 71
     5
 42
2933.722038639653
 73
     0
 74
     0
 75
     0
  3
Standard
100
AcDbAlignedDimension
 13
5153.119055254034
 23
386.4657619291029
 33
0.0
 14
7778.119055254035
 24
1696.465761929102
 34
0.0
  0
DIMENSION
  5
1B9B
102
{ACAD_XDICTIONARY
360
1BA8
102
}
102
{ACAD_REACTORS
330
1BB2
102
}
330
1F
100
AcDbEntity
  8
0
 48
4.0
100
AcDbDimension
280
     0
  2
*D53
 10
7778.119055254035
 20
1696.465761929102
 30
0.0
 11
5119.667725994252
 21
528.4097628284439
 31
0.0
 70
    34
 71
     5
 42
2.67870723956334
 73
     0
 74
     0
 75
     0
  3
Standard
100
AcDb2LineAngularDimension
 13
4953.119055254034
 23
386.4657619291029
 33
0.0
 14
5153.119055254034
 24
386.4657619291029
 34
0.0
 15
5153.119055254034
 25
386.4657619291029
 35
0.0
 16
5181.127381113454
 26
514.7183386735632
 36
0.0
  0
DIMENSION
  5
1BB3
102
{ACAD_XDICTIONARY
360
1BC0
102
}
102
{ACAD_REACTORS
330
1BCA
102
}
330
1F
100
AcDbEntity
  8
0
 48
4.0
100
AcDbDimension
280
     0
  2
*D54
 10
6638.119055254036
 20
2597.66264278996
 30
0.0
 11
7208.119055254035
 21
2612.214893813151
 31
0.0
 70
    32
 71
     5
 42
1139.999999999998
 73
     0
 74
     0
 75
     0
  3
Standard
100
AcDbAlignedDimension
 13
7778.119055254035
 23
1696.465761929102
 33
0.0
 14
6638.119055254036
 24
2287.551476214831
 34
0.0
100
AcDbRotatedDimension
  0
DIMENSION
  5
1BCB
102
{ACAD_XDICTIONARY
360
1BD8
102
}
102
{ACAD_REACTORS
330
1BE2
102
}
330
1F
100
AcDbEntity
  8
0
 48
4.0
100
AcDbDimension
280
     0
  2
*D55
 10
8005.8465950097
 20
1696.465761929102
 30
0.0
 11
7991.294343986509
 21
1992.008619071967
 31
0.0
 70
    32
 71
     5
 42
591.0857142857276
 73
     0
 74
     0
 75
     0
  3
Standard
100
AcDbAlignedDimension
 13
6638.119055254036
 23
2287.551476214831
 33
0.0
 14
7778.119055254035
 24
1696.465761929102
 34
0.0
 50
90.0
100
AcDbRotatedDimension
  0
DIMENSION
  5
1BE3
102
{ACAD_XDICTIONARY
360
1BF0
102
}
102
{ACAD_REACTORS
330
1BFA
102
}
330
1F
100
AcDbEntity
  8
0
 48
4.0
100
AcDbDimension
280
     0
  2
*D56
 10
6543.159522260714
 20
2477.832983167055
 30
0.0
 11
5694.159287261357
 21
2070.410644175298
 31
0.0
 70
    33
 71
     5
 42
1883.170146707825
 73
     0
 74
     0
 75
     0
  3
Standard
100
AcDbAlignedDimension
 13
4953.119055254034
 23
1446.656238119401
 33
0.0
 14
6638.119055254036
 24
2287.551476214831
 34
0.0
  0
LINE
  5
1C05
102
{ACAD_REACTORS
330
1C69
330
1CC1
102
}
330
1F
100
AcDbEntity
  8
0
 48
4.0
100
AcDbLine
 10
3763.680440793847
 20
-740.2345127536111
 30
0.0
 11
3755.184052398836
 21
-1555.446263059988
 31
0.0
  0
LINE
  5
1C06
102
{ACAD_REACTORS
330
1C21
330
1C51
330
1C69
330
1C81
102
}
330
1F
100
AcDbEntity
  8
0
 48
4.0
100
AcDbLine
 10
3755.184052398836
 20
-1555.446263059988
 30
0.0
 11
4748.599858188607
 21
-1049.275628080085
 31
0.0
  0
LINE
  5
1C07
102
{ACAD_REACTORS
330
1C51
330
1C81
102
}
330
1F
100
AcDbEntity
  8
0
 48
4.0
100
AcDbLine
 10
4751.934035412408
 20
-729.3678832737724
 30
0.0
 11
4748.599858188607
 21
-1049.275628080085
 31
0.0
  0
LINE
  5
1C08
102
{ACAD_REACTORS
330
1C21
330
1C39
330
1CC1
102
}
330
1F
100
AcDbEntity
  8
0
 48
4.0
100
AcDbLine
 10
3763.680440793847
 20
-740.2345127536111
 30
0.0
 11
4315.753177840571
 21
-458.9394032562595
 31
0.0
  0
ARC
  5
1C09
102
{ACAD_REACTORS
330
1C39
330
1CA9
102
}
330
1F
100
AcDbEntity
  8
0
 48
4.0
100
AcDbCircle
 10
4451.950327762435
 20
-726.2413605127699
 30
0.0
 40
300.0
100
AcDbArc
 50
359.4028673277768
 51
117.0
  0
DIMENSION
  5
1C0A
102
{ACAD_XDICTIONARY
360
1C17
102
}
102
{ACAD_REACTORS
330
1C21
102
}
330
1F
100
AcDbEntity
  8
0
 48
4.0
100
AcDbDimension
280
     0
  2
*D57
 10
3655.452245866972
 20
-740.2345127536111
 30
0.0
 11
3640.89999484378
 21
-1147.840387906799
 31
0.0
 70
    32
 71
     5
 42
815.211750306377
 73
     0
 74
     0
 75
     0
  3
Standard
100
AcDbAlignedDimension
 13
3755.184052398836
 23
-1555.446263059988
 33
0.0
 14
3763.680440793847
 24
-740.2345127536111
 34
0.0
 50
90.0
100
AcDbRotatedDimension
  0
DIMENSION
  5
1C22
102
{ACAD_XDICTIONARY
360
1C2F
102
}
102
{ACAD_REACTORS
330
1C39
102
}
330
1F
100
AcDbEntity
  8
0
 48
4.0
100
AcDbDimension
280
     0
  2
*D58
 10
3715.271880470158
 20
-645.2273637059594
 30
0.0
 11
3984.701665279165
 21
-491.6136583539932
 31
0.0
 70
    33
 71
     5
 42
619.6057178701529
 73
     0
 74
     0
 75
     0
  3
Standard
100
AcDbAlignedDimension
 13
4315.75317784057
 23
-458.9394032562601
 33
0.0
 14
3763.680440793847
 24
-740.2345127536111
 34
0.0
  0
DIMENSION
  5
1C3A
102
{ACAD_XDICTIONARY
360
1C47
102
}
102
{ACAD_REACTORS
330
1C51
102
}
330
1F
100
AcDbEntity
  8
0
 48
4.0
100
AcDbDimension
280
     0
  2
*D59
 10
4802.824068944365
 20
-1155.696633762062
 30
0.0
 11
4299.509582335125
 21
-1395.815800648722
 31
0.0
 70
    33
 71
     5
 42
1114.93662371854
 73
     0
 74
     0
 75
     0
  3
Standard
100
AcDbAlignedDimension
 13
3755.184052398836
 23
-1555.446263059988
 33
0.0
 14
4748.599858188607
 24
-1049.275628080085
 34
0.0
  0
DIMENSION
  5
1C52
102
{ACAD_XDICTIONARY
360
1C5F
102
}
102
{ACAD_REACTORS
330
1C69
102
}
330
1F
100
AcDbEntity
  8
0
 48
4.0
100
AcDbDimension
280
     0
  2
*D60
 10
3755.184052398836
 20
-1555.446263059988
 30
0.0
 11
3894.084905710986
 21
-1331.409603492067
 31
0.0
 70
    34
 71
     5
 42
1.089135497554902
 73
     0
 74
     0
 75
     0
  3
Standard
100
AcDb2LineAngularDimension
 13
3755.184052398836
 23
-1555.446263059988
 33
0.0
 14
4748.599858188607
 24
-1049.275628080085
 34
0.0
 15
3763.680440793847
 25
-740.2345127536111
 35
0.0
 16
3922.472637262888
 26
-1370.946473941353
 36
0.0
  0
DIMENSION
  5
1C6A
102
{ACAD_XDICTIONARY
360
1C77
102
}
102
{ACAD_REACTORS
330
1C81
102
}
330
1F
100
AcDbEntity
  8
0
 48
4.0
100
AcDbDimension
280
     0
  2
*D61
 10
4748.599858188607
 20
-1049.275628080085
 30
0.0
 11
4611.42259589166
 21
-964.2268738948624
 31
0.0
 70
    34
 71
     5
 42
2.052457156034892
 73
     0
 74
     0
 75
     0
  3
Standard
100
AcDb2LineAngularDimension
 13
3755.184052398836
 23
-1555.446263059988
 33
0.0
 14
4748.599858188607
 24
-1049.275628080085
 34
0.0
 15
4751.934035412408
 25
-729.3678832737724
 35
0.0
 16
4656.978913841218
 26
-934.5119064769587
 36
0.0
  0
DIMENSION
  5
1C9A
102
{ACAD_XDICTIONARY
360
1CA3
102
}
102
{ACAD_REACTORS
330
1CA9
102
}
330
1F
100
AcDbEntity
  8
0
 48
4.0
100
AcDbDimension
280
     0
  2
*D63
 10
4451.950327762432
 20
-726.241360512769
 30
0.0
 11
4534.769165776086
 21
-568.7220578589331
 31
0.0
 70
   164
 71
     5
 42
300.0
 73
     0
 74
     0
 75
     0
  3
Standard
100
AcDbRadialDimension
 15
4591.560642681545
 25
-460.7061275055719
 35
0.0
 40
0.0
1001
ACAD
1000
DSTYLE
1002
{
1070
   288
1070
     1
1002
}
1001
ACAD_DSTYLE_DIMRADIAL_EXTENSION
1070
   387
1070
     1
1070
   388
1040
6.272763375978058
1070
   390
1040
2.042035224833365
  0
DIMENSION
  5
1CAA
102
{ACAD_XDICTIONARY
360
1CB7
102
}
102
{ACAD_REACTORS
330
1CC1
102
}
330
1F
100
AcDbEntity
  8
0
 48
4.0
100
AcDbDimension
280
     0
  2
*D64
 10
4315.753177840571
 20
-458.9394032562595
 30
0.0
 11
3897.838263642582
 21
-823.4112397594874
 31
0.0
 70
    34
 71
     5
 42
2.052457156034889
 73
     0
 74
     0
 75
     0
  3
Standard
100
AcDb2LineAngularDimension
 13
3763.680440793847
 23
-740.2345127536111
 33
0.0
 14
3755.184052398836
 24
-1555.446263059988
 34
0.0
 15
3763.680440793847
 25
-740.2345127536111
 35
0.0
 16
3871.243314857446
 26
-874.9669783682646
 36
0.0
  0
MTEXT
  5
1CC2
330
1F
100
AcDbEntity
  8
0
100
AcDbMText
 10
4151.416688243044
 20
-987.9147940400724
 30
0.0
 40
50.0
 41
37.53184999499968
 46
21.21365434500012
 71
     1
 72
     5
  1
№{\fArial|b0|i0|c204|p34;5}
 73
     1
 44
1.0
1001
ACAD
1000
ACAD_MTEXT_DEFINED_HEIGHT_BEGIN
1070
    46
1040
21.21365434500012
1000
ACAD_MTEXT_DEFINED_HEIGHT_END
  0
DIMENSION
  5
1CCD
102
{ACAD_XDICTIONARY
360
1CDA
102
}
102
{ACAD_REACTORS
330
1CE4
102
}
330
1F
100
AcDbEntity
  8
0
 48
4.0
100
AcDbDimension
280
     0
  2
*D65
 10
4035.504075424493
 20
2051.188541951891
 30
0.0
 11
3208.495548445757
 21
1646.139023647294
 31
0.0
 70
    33
 71
     5
 42
1841.517252663665
 73
     0
 74
     0
 75
     0
  3
Standard
100
AcDbAlignedDimension
 13
2443.218663471315
 23
1119.934336222988
 33
0.0
 14
4084.022550000079
 24
1955.965674038763
 34
0.0
  0
CIRCLE
  5
1CE6
102
{ACAD_REACTORS
330
1D2C
330
1D46
102
}
330
1F
100
AcDbEntity
  8
0
 48
4.0
100
AcDbCircle
 10
954.7834100145122
 20
2040.364840128404
 30
0.0
 40
10.0
  0
CIRCLE
  5
1CE7
102
{ACAD_REACTORS
330
1D2C
102
}
330
1F
100
AcDbEntity
  8
0
 48
4.0
100
AcDbCircle
 10
954.7834100145122
 20
1940.364840128404
 30
0.0
 40
10.0
  0
CIRCLE
  5
1CE8
330
1F
100
AcDbEntity
  8
0
 48
4.0
100
AcDbCircle
 10
1554.783410014512
 20
2040.364840128404
 30
0.0
 40
10.0
  0
CIRCLE
  5
1CE9
330
1F
100
AcDbEntity
  8
0
 48
4.0
100
AcDbCircle
 10
1554.783410014512
 20
1940.364840128404
 30
0.0
 40
10.0
  0
CIRCLE
  5
1CEA
102
{ACAD_REACTORS
330
1D02
102
}
330
1F
100
AcDbEntity
  8
0
 48
4.0
100
AcDbCircle
 10
1504.783055461536
 20
1191.037443841883
 30
0.0
 40
24.0
  0
DIMENSION
  5
1CEB
102
{ACAD_XDICTIONARY
360
1CF8
102
}
102
{ACAD_REACTORS
330
1D02
102
}
330
1F
100
AcDbEntity
  8
0
 48
4.0
100
AcDbDimension
280
     0
  2
*D66
 10
1733.060204008303
 20
290.3648401284044
 30
0.0
 11
1718.507952985111
 21
740.7011419851437
 31
0.0
 70
    32
 71
     5
 42
900.6726037134782
 73
     0
 74
     0
 75
     0
  3
Standard
100
AcDbAlignedDimension
 13
1504.783055461536
 23
1191.037443841883
 33
0.0
 14
1604.783410014512
 24
290.3648401284045
 34
0.0
 50
90.0
100
AcDbRotatedDimension
  0
DIMENSION
  5
1D15
102
{ACAD_XDICTIONARY
360
1D22
102
}
102
{ACAD_REACTORS
330
1D2C
102
}
330
1F
100
AcDbEntity
  8
0
 48
4.0
100
AcDbDimension
280
     0
  2
*D67
 10
1000.861374278524
 20
1940.364840128404
 30
0.0
 11
986.309123255331
 21
1990.364840128405
 31
0.0
 70
    32
 71
     5
 42
100.0
 73
     0
 74
     0
 75
     0
  3
Standard
100
AcDbAlignedDimension
 13
954.7834100145122
 23
2040.364840128404
 33
0.0
 14
954.7834100145122
 24
1940.364840128404
 34
0.0
 50
90.0
100
AcDbRotatedDimension
  0
DIMENSION
  5
1D2D
102
{ACAD_XDICTIONARY
360
1D3B
102
}
102
{ACAD_REACTORS
330
1D46
102
}
330
1F
100
AcDbEntity
  8
0
 48
4.0
100
AcDbDimension
280
     0
  2
*D68
 10
904.7834100145122
 20
2130.082729608737
 30
0.0
 11
864.5056473951397
 21
2144.634980631929
 31
0.0
 70
    32
 71
     5
 42
50.0
 73
     0
 74
     0
 75
     0
  3
Standard
100
AcDbAlignedDimension
 13
954.7834100145122
 23
2040.364840128404
 33
0.0
 14
904.7834100145122
 24
2090.364840128406
 34
0.0
100
AcDbRotatedDimension
  0
CIRCLE
  5
1D51
330
1F
100
AcDbEntity
  8
0
 62
     7
100
AcDbCircle
 10
2635.881599284127
 20
669.880676268862
 30
0.0
 40
13.0
  0
CIRCLE
  5
1D52
330
1F
100
AcDbEntity
  8
0
 62
     7
100
AcDbCircle
 10
2635.881599284127
 20
519.8806762688618
 30
0.0
 40
13.0
  0
CIRCLE
  5
1D53
330
1F
100
AcDbEntity
  8
0
 62
     7
100
AcDbCircle
 10
3235.881599284127
 20
982.7839020751699
 30
0.0
 40
13.0
  0
CIRCLE
  5
1D54
330
1F
100
AcDbEntity
  8
0
 62
     7
100
AcDbCircle
 10
3235.881599284127
 20
832.7839020751712
 30
0.0
 40
13.0
  0
CIRCLE
  5
1D55
330
1F
100
AcDbEntity
  8
0
 62
     7
100
AcDbCircle
 10
3835.881599284127
 20
1295.687127881712
 30
0.0
 40
13.0
  0
CIRCLE
  5
1D56
330
1F
100
AcDbEntity
  8
0
 62
     7
100
AcDbCircle
 10
3835.881599284127
 20
1145.687127881712
 30
0.0
 40
13.0
  0
CIRCLE
  5
1D57
330
1F
100
AcDbEntity
  8
0
 62
     7
100
AcDbCircle
 10
5345.781991066846
 20
736.4121019749766
 30
0.0
 40
13.0
  0
CIRCLE
  5
1D58
330
1F
100
AcDbEntity
  8
0
 62
     7
100
AcDbCircle
 10
5345.781991066846
 20
586.4121019749764
 30
0.0
 40
13.0
  0
CIRCLE
  5
1D59
330
1F
100
AcDbEntity
  8
0
 62
     7
100
AcDbCircle
 10
5830.127699347567
 20
978.1236744884033
 30
0.0
 40
13.0
  0
CIRCLE
  5
1D5A
330
1F
100
AcDbEntity
  8
0
 62
     7
100
AcDbCircle
 10
5830.127699347567
 20
828.1236744884031
 30
0.0
 40
13.0
  0
CIRCLE
  5
1D5B
330
1F
100
AcDbEntity
  8
0
 62
     7
100
AcDbCircle
 10
6381.389039419413
 20
1253.229333724258
 30
0.0
 40
13.0
  0
CIRCLE
  5
1D5C
330
1F
100
AcDbEntity
  8
0
 62
     7
100
AcDbCircle
 10
6381.389039419413
 20
1103.229333724257
 30
0.0
 40
13.0
  0
CIRCLE
  5
1D5D
330
1F
100
AcDbEntity
  8
0
 62
     7
100
AcDbCircle
 10
6972.619699274126
 20
1548.281586832704
 30
0.0
 40
13.0
  0
CIRCLE
  5
1D5E
330
1F
100
AcDbEntity
  8
0
 62
     7
100
AcDbCircle
 10
6972.619699274126
 20
1398.281586832704
 30
0.0
 40
13.0
  0
ARC
  5
1D5F
330
1F
100
AcDbEntity
  8
0
 48
4.0
100
AcDbCircle
 10
823.4610087425963
 20
-780.3253868073169
 30
0.0
 40
55.0
100
AcDbArc
 50
179.9863368694263
 51
359.9863368694268
  0
LINE
  5
1D60
330
1F
100
AcDbEntity
  8
0
 62
     7
100
AcDbLine
 10
768.4610103064202
 20
-780.312271143636
 30
0.0
 11
577.9783393860607
 21
-780.2668473850936
 31
0.0
  0
CIRCLE
  5
1D65
330
1F
100
AcDbEntity
  8
0
 62
     7
100
AcDbCircle
 10
3978.335862185792
 20
-1154.007345090373
 30
0.0
 40
13.0
  0
CIRCLE
  5
1D66
330
1F
100
AcDbEntity
  8
0
 62
     7
100
AcDbCircle
 10
3978.335862185792
 20
-1304.007345090372
 30
0.0
 40
13.0
  0
CIRCLE
  5
1D67
330
1F
100
AcDbEntity
  8
0
 62
     7
100
AcDbCircle
 10
4418.799723208669
 20
-929.9228871979556
 30
0.0
 40
13.0
  0
CIRCLE
  5
1D68
330
1F
100
AcDbEntity
  8
0
 62
     7
100
AcDbCircle
 10
4418.799723208669
 20
-1079.922887197954
 30
0.0
 40
13.0
  0
ENDSEC
  0
SECTION
  2
OBJECTS
  0
DICTIONARY
  5
C
330
0
100
AcDbDictionary
281
     1
  3
ACAD_ASSOCPERSSUBENTMANAGER
350
210
  3
ACAD_CIP_PREVIOUS_PRODUCT_INFO
350
1A5
  3
ACAD_COLOR
350
73
  3
ACAD_DETAILVIEWSTYLE
350
1AB
  3
ACAD_GROUP
350
D
  3
ACAD_IMAGE_VARS
350
CFE
  3
ACAD_LAYOUT
350
1A
  3
ACAD_MATERIAL
350
72
  3
ACAD_MLEADERSTYLE
350
D7
  3
ACAD_MLINESTYLE
350
17
  3
ACAD_PERSUBENTMGR
350
211
  3
ACAD_PLOTSETTINGS
350
19
  3
ACAD_PLOTSTYLENAME
350
E
  3
ACAD_RENDER_RAPIDRT_SETTINGS
350
4A0
  3
ACAD_SCALELIST
350
B6
  3
ACAD_SECTIONVIEWSTYLE
350
1A8
  3
ACAD_TABLESTYLE
350
86
  3
ACAD_VISUALSTYLE
350
99
  3
ACDB_RECOMPOSE_DATA
350
1DEF
  3
AcDbVariableDictionary
350
66
  3
Siberia
350
204
  0
DICTIONARY
  5
18E
330
2
100
AcDbDictionary
280
     1
281
     1
  3
ACAD_LAYERSTATES
360
18F
  0
DICTIONARY
  5
E6
330
10
100
AcDbDictionary
280
     1
281
     1
  0
DICTIONARY
  5
EBE
330
EBD
100
AcDbDictionary
280
     1
281
     1
  0
DICTIONARY
  5
15D
330
1F
100
AcDbDictionary
280
     1
281
     1
  3
ACAD_SORTENTS
360
1FE
  0
DICTIONARY
  5
98F
330
962
100
AcDbDictionary
280
     1
281
     1
  3
ACAD_SORTENTS
360
990
  0
DICTIONARY
  5
970
330
96F
100
AcDbDictionary
280
     1
281
     1
  3
ACAD_DIMASSOC
360
971
  0
DICTIONARY
  5
973
330
972
100
AcDbDictionary
280
     1
281
     1
  3
ACAD_DIMASSOC
360
974
  0
DICTIONARY
  5
976
330
975
100
AcDbDictionary
280
     1
281
     1
  3
ACAD_DIMASSOC
360
977
  0
DICTIONARY
  5
979
330
978
100
AcDbDictionary
280
     1
281
     1
  3
ACAD_DIMASSOC
360
97A
  0
DICTIONARY
  5
97E
330
97D
100
AcDbDictionary
280
     1
281
     1
  3
ACAD_DIMASSOC
360
97F
  0
DICTIONARY
  5
981
330
980
100
AcDbDictionary
280
     1
281
     1
  3
ACAD_DIMASSOC
360
982
  0
DICTIONARY
  5
984
330
983
100
AcDbDictionary
280
     1
281
     1
  3
ACAD_DIMASSOC
360
985
  0
DICTIONARY
  5
987
330
986
100
AcDbDictionary
280
     1
281
     1
  3
ACAD_DIMASSOC
360
988
  0
DICTIONARY
  5
98A
330
989
100
AcDbDictionary
280
     1
281
     1
  3
ACAD_DIMASSOC
360
98B
  0
DICTIONARY
  5
98D
330
98C
100
AcDbDictionary
280
     1
281
     1
  3
ACAD_DIMASSOC
360
98E
  0
DICTIONARY
  5
1A73
330
1A72
100
AcDbDictionary
280
     1
281
     1
  3
ACAD_DIMASSOC
360
1A74
  0
DICTIONARY
  5
1A76
330
1A75
100
AcDbDictionary
280
     1
281
     1
  3
ACAD_DIMASSOC
360
1A77
  0
DICTIONARY
  5
1A80
330
1A7F
100
AcDbDictionary
280
     1
281
     1
  3
ACAD_DIMASSOC
360
1A81
  0
DICTIONARY
  5
1A83
330
1A82
100
AcDbDictionary
280
     1
281
     1
  3
ACAD_DIMASSOC
360
1A84
  0
DICTIONARY
  5
1ADE
330
1AD1
100
AcDbDictionary
280
     1
281
     1
  3
ACAD_DIMASSOC
360
1AE8
  0
DICTIONARY
  5
1B00
330
1AF3
100
AcDbDictionary
280
     1
281
     1
  3
ACAD_DIMASSOC
360
1B0A
  0
DICTIONARY
  5
1B18
330
1B0B
100
AcDbDictionary
280
     1
281
     1
  3
ACAD_DIMASSOC
360
1B22
  0
DICTIONARY
  5
1B30
330
1B23
100
AcDbDictionary
280
     1
281
     1
  3
ACAD_DIMASSOC
360
1B3A
  0
DICTIONARY
  5
1B48
330
1B3B
100
AcDbDictionary
280
     1
281
     1
  3
ACAD_DIMASSOC
360
1B52
  0
DICTIONARY
  5
1B60
330
1B53
100
AcDbDictionary
280
     1
281
     1
  3
ACAD_DIMASSOC
360
1B6A
  0
DICTIONARY
  5
1B78
330
1B6B
100
AcDbDictionary
280
     1
281
     1
  3
ACAD_DIMASSOC
360
1B82
  0
DICTIONARY
  5
1B90
330
1B83
100
AcDbDictionary
280
     1
281
     1
  3
ACAD_DIMASSOC
360
1B9A
  0
DICTIONARY
  5
1BA8
330
1B9B
100
AcDbDictionary
280
     1
281
     1
  3
ACAD_DIMASSOC
360
1BB2
  0
DICTIONARY
  5
1BC0
330
1BB3
100
AcDbDictionary
280
     1
281
     1
  3
ACAD_DIMASSOC
360
1BCA
  0
DICTIONARY
  5
1BD8
330
1BCB
100
AcDbDictionary
280
     1
281
     1
  3
ACAD_DIMASSOC
360
1BE2
  0
DICTIONARY
  5
1BF0
330
1BE3
100
AcDbDictionary
280
     1
281
     1
  3
ACAD_DIMASSOC
360
1BFA
  0
DICTIONARY
  5
1C17
330
1C0A
100
AcDbDictionary
280
     1
281
     1
  3
ACAD_DIMASSOC
360
1C21
  0
DICTIONARY
  5
1C2F
330
1C22
100
AcDbDictionary
280
     1
281
     1
  3
ACAD_DIMASSOC
360
1C39
  0
DICTIONARY
  5
1C47
330
1C3A
100
AcDbDictionary
280
     1
281
     1
  3
ACAD_DIMASSOC
360
1C51
  0
DICTIONARY
  5
1C5F
330
1C52
100
AcDbDictionary
280
     1
281
     1
  3
ACAD_DIMASSOC
360
1C69
  0
DICTIONARY
  5
1C77
330
1C6A
100
AcDbDictionary
280
     1
281
     1
  3
ACAD_DIMASSOC
360
1C81
  0
DICTIONARY
  5
1CA3
330
1C9A
100
AcDbDictionary
280
     1
281
     1
  3
ACAD_DIMASSOC
360
1CA9
  0
DICTIONARY
  5
1CB7
330
1CAA
100
AcDbDictionary
280
     1
281
     1
  3
ACAD_DIMASSOC
360
1CC1
  0
DICTIONARY
  5
1CDA
330
1CCD
100
AcDbDictionary
280
     1
281
     1
  3
ACAD_DIMASSOC
360
1CE4
  0
DICTIONARY
  5
1CF8
330
1CEB
100
AcDbDictionary
280
     1
281
     1
  3
ACAD_DIMASSOC
360
1D02
  0
DICTIONARY
  5
1D22
330
1D15
100
AcDbDictionary
280
     1
281
     1
  3
ACAD_DIMASSOC
360
1D2C
  0
DICTIONARY
  5
1D3B
330
1D2D
100
AcDbDictionary
280
     1
281
     1
  3
ACAD_DIMASSOC
360
1D46
  0
ACDBASSOCPERSSUBENTMANAGER
  5
210
102
{ACAD_REACTORS
330
C
102
}
330
C
100
AcDbAssocPersSubentManager
 90
        2
 90
        3
 90
        0
 90
        2
 90
       22
 90
        0
 90
        0
 90
       22
 90
        1
 90
        2
 90
        3
 90
        4
 90
        5
 90
        6
 90
        7
 90
        8
 90
        9
 90
       10
 90
       11
 90
       12
 90
       13
 90
       14
 90
       15
 90
       16
 90
       17
 90
       18
 90
       19
 90
       20
 90
       21
 90
       22
 90
        0
290
     0
  0
XRECORD
  5
1A5
102
{ACAD_REACTORS
330
C
102
}
330
C
100
AcDbXrecord
280
     1
300
ACDMAC
300
2024
300

  0
DICTIONARY
  5
73
102
{ACAD_REACTORS
330
C
102
}
330
C
100
AcDbDictionary
281
     1
  0
DICTIONARY
  5
1AB
102
{ACAD_REACTORS
330
C
102
}
330
C
100
AcDbDictionary
281
     1
  3
Imperial24
350
1AC
  3
Metric50
350
8C7
  0
DICTIONARY
  5
D
102
{ACAD_REACTORS
330
C
102
}
330
C
100
AcDbDictionary
281
     1
  0
RASTERVARIABLES
  5
CFE
102
{ACAD_REACTORS
330
C
102
}
330
C
100
AcDbRasterVariables
 90
        0
 70
     1
 71
     1
 72
     5
  0
DICTIONARY
  5
1A
102
{ACAD_REACTORS
330
C
102
}
330
C
100
AcDbDictionary
281
     1
  3
Model
350
22
  3
Лист1
350
59
  3
Лист2
350
5E
  0
DICTIONARY
  5
72
102
{ACAD_REACTORS
330
C
102
}
330
C
100
AcDbDictionary
281
     1
  3
ByBlock
350
97
  3
ByLayer
350
96
  3
Global
350
98
  0
DICTIONARY
  5
D7
102
{ACAD_REACTORS
330
C
102
}
330
C
100
AcDbDictionary
281
     1
  3
Standard
350
D8
  3
Аннотативный
350
E5
  0
DICTIONARY
  5
17
102
{ACAD_REACTORS
330
C
102
}
330
C
100
AcDbDictionary
281
     1
  3
Standard
350
18
  0
ACDBPERSSUBENTMANAGER
  5
211
102
{ACAD_REACTORS
330
C
102
}
330
C
100
AcDbPersSubentManager
 90
        2
 90
        0
 90
        2
 90
        0
 90
        0
 90
        0
  0
DICTIONARY
  5
19
102
{ACAD_REACTORS
330
C
102
}
330
C
100
AcDbDictionary
281
     1
  3
PDF
350
8B3
  3
PDF в 1С
350
8A1
  0
ACDBDICTIONARYWDFLT
  5
E
102
{ACAD_REACTORS
330
C
102
}
330
C
100
AcDbDictionary
281
     1
  3
Color_7
350
1A4A
  3
Normal
350
F
100
AcDbDictionaryWithDefault
340
F
  0
DICTIONARY
  5
4A0
102
{ACAD_REACTORS
330
C
102
}
330
C
100
AcDbDictionary
281
     1
  3
1-я скорость
350
4A6
  3
2-я скорость
350
4A5
  3
3-я скорость
350
4A4
  3
Высокое
350
4A3
  3
Низкое
350
4A1
  3
Среднее
350
4A2
  0
DICTIONARY
  5
B6
102
{ACAD_REACTORS
330
C
102
}
330
C
100
AcDbDictionary
281
     1
  3
A0
350
B7
  3
A1
350
124
  3
A2
350
125
  3
A3
350
126
  3
A4
350
127
  3
A5
350
128
  3
A6
350
129
  3
A7
350
12A
  3
A8
350
12B
  3
A9
350
12C
  3
B0
350
12D
  3
B1
350
12E
  3
B2
350
12F
  3
B3
350
130
  3
B4
350
131
  3
B5
350
132
  3
B6
350
133
  3
B7
350
134
  3
B8
350
135
  3
B9
350
136
  3
C0
350
137
  3
C1
350
138
  3
C2
350
139
  3
C3
350
13A
  3
C4
350
13B
  3
C5
350
13C
  3
C6
350
13D
  3
C7
350
13E
  3
C8
350
13F
  3
C9
350
140
  3
D0
350
141
  3
D1
350
142
  3
D2
350
143
  0
DICTIONARY
  5
1A8
102
{ACAD_REACTORS
330
C
102
}
330
C
100
AcDbDictionary
281
     1
  3
Imperial24
350
1AA
  3
Metric50
350
8C6
  0
DICTIONARY
  5
86
102
{ACAD_REACTORS
330
C
102
}
330
C
100
AcDbDictionary
281
     1
  3
Standard
350
87
  0
DICTIONARY
  5
99
102
{ACAD_REACTORS
330
C
102
}
330
C
100
AcDbDictionary
281
     1
  3
2dWireframe
350
9F
  3
Basic
350
9E
  3
Brighten
350
A5
  3
ColorChange
350
A9
  3
Conceptual
350
A2
  3
Dim
350
A4
  3
EdgeColorOff
350
175
  3
Facepattern
350
A8
  3
Flat
350
9A
  3
FlatWithEdges
350
9B
  3
Gouraud
350
9C
  3
GouraudWithEdges
350
9D
  3
Hidden
350
A1
  3
JitterOff
350
173
  3
Linepattern
350
A7
  3
OverhangOff
350
174
  3
Realistic
350
A3
  3
Shaded
350
182
  3
Shaded with edges
350
181
  3
Shades of Gray
350
17E
  3
Sketchy
350
17F
  3
Thicken
350
A6
  3
Wireframe
350
A0
  3
X-Ray
350
180
  0
XRECORD
  5
1DEF
102
{ACAD_REACTORS
330
C
102
}
330
C
100
AcDbXrecord
280
     1
 90
        1
330
87
  0
DICTIONARY
  5
66
102
{ACAD_REACTORS
330
C
102
}
330
C
100
AcDbDictionary
281
     1
  3
ANNOALLVISIBLE
350
1942
  3
CANNOSCALE
350
F0
  3
CMLEADERSTYLE
350
EF
  3
CTABLESTYLE
350
89
  3
CVIEWDETAILSTYLE
350
1B7
  3
CVIEWSECTIONSTYLE
350
1B8
  3
DIMASSOC
350
67
  3
HIDETEXT
350
6B
  3
LAYEREVAL
350
14D
  3
LAYERNOTIFY
350
14E
  0
DICTIONARY
  5
204
102
{ACAD_REACTORS
330
C
102
}
330
C
100
AcDbDictionary
280
     1
281
     1
  3
Styles
360
205
  0
DICTIONARY
  5
18F
102
{ACAD_REACTORS
330
18E
102
}
330
18E
100
AcDbDictionary
281
     1
  0
SORTENTSTABLE
  5
1FE
102
{ACAD_REACTORS
330
15D
102
}
330
15D
100
AcDbSortentsTable
330
1F
331
1A6C
  5
1A6D
331
1A6D
  5
1A6E
331
1A6E
  5
1A71
331
1A71
  5
1A72
331
1A72
  5
1A75
331
1A75
  5
1A78
331
1A78
  5
1A7F
331
1A7F
  5
1A82
331
1A82
  5
1ACD
331
1ACD
  5
1ACE
331
1ACE
  5
1ACF
331
1ACF
  5
1AD1
331
1AD1
  5
1AF3
331
1AF3
  5
1B0B
331
1B0B
  5
1B23
331
1B23
  5
1B3B
331
1B3B
  5
1B53
331
1B53
  5
1B6B
331
1B6B
  5
1B83
331
1B83
  5
1B9B
331
1B9B
  5
1BB3
331
1BB3
  5
1BCB
331
1BCB
  5
1BE3
331
1BE3
  5
1C05
331
1C05
  5
1C06
331
1C06
  5
1C07
331
1C07
  5
1C08
331
1C08
  5
1C0A
331
1C0A
  5
1C22
331
1C22
  5
1C3A
331
1C3A
  5
1C52
331
1C52
  5
1C6A
331
1C6A
  5
1C9A
331
1C9A
  5
1CAA
331
1CAA
  5
1CC2
331
1CC2
  5
1CCD
331
1CCD
  5
1CE6
331
1CE6
  5
1CE7
331
1CE7
  5
1CE8
331
1CE8
  5
1CE9
331
1CE9
  5
1CEA
331
1CEA
  5
1CEB
331
1CEB
  5
1D15
331
1D15
  5
1D2D
331
1D2D
  5
1D51
331
1D51
  5
1D52
331
1D52
  5
1D53
331
1D53
  5
1D54
331
1D54
  5
1D55
331
1D55
  5
1D56
331
1D56
  5
1D57
331
1D57
  5
1D58
331
1D58
  5
1D59
331
1D59
  5
1D5A
331
1D5A
  5
1D5B
331
1D5B
  5
1D5C
331
1D5C
  5
1D5D
331
1D5D
  5
1D5E
331
1D5E
  5
1D5F
331
1D5F
  5
1D60
331
1D60
  5
1A6C
  0
SORTENTSTABLE
  5
990
102
{ACAD_REACTORS
330
98F
102
}
330
98F
100
AcDbSortentsTable
330
962
  0
DIMASSOC
  5
971
102
{ACAD_REACTORS
330
970
102
}
330
970
100
AcDbDimAssoc
330
96F
 90
        3
 70
     0
 71
     0
  1
AcDbOsnapPointRef
 72
     3
331
969
 73
     2
 91
        0
 40
0.0
 10
0.0
 20
0.0
 30
0.0
 75
     0
  1
AcDbOsnapPointRef
 72
    11
331
967
 73
     2
 91
        0
 40
0.0
 10
0.0
 20
0.0
 30
0.0
332
963
 74
     2
 92
        0
 75
     0
  0
DIMASSOC
  5
974
102
{ACAD_REACTORS
330
973
102
}
330
973
100
AcDbDimAssoc
330
972
 90
        3
 70
     0
 71
     0
  1
AcDbOsnapPointRef
 72
     3
331
969
 73
     2
 91
        0
 40
0.0
 10
0.0
 20
0.0
 30
0.0
 75
     0
  1
AcDbOsnapPointRef
 72
     2
331
967
 73
     2
 91
        0
 40
0.5
 10
0.0
 20
0.0
 30
0.0
 75
     0
  0
DIMASSOC
  5
977
102
{ACAD_REACTORS
330
976
102
}
330
976
100
AcDbDimAssoc
330
975
 90
        3
 70
     0
 71
     0
  1
AcDbOsnapPointRef
 72
     2
331
967
 73
     2
 91
        0
 40
0.5
 10
0.0
 20
0.0
 30
0.0
 75
     0
  1
AcDbOsnapPointRef
 72
     3
331
96B
 73
     2
 91
        0
 40
0.0
 10
0.0
 20
0.0
 30
0.0
 75
     0
  0
DIMASSOC
  5
97A
102
{ACAD_REACTORS
330
979
102
}
330
979
100
AcDbDimAssoc
330
978
 90
        3
 70
     0
 71
     0
  1
AcDbOsnapPointRef
 72
     3
331
96A
 73
     2
 91
        0
 40
0.0
 10
0.0
 20
0.0
 30
0.0
 75
     0
  1
AcDbOsnapPointRef
 72
     8
331
965
 73
     2
 91
        0
 40
0.2173617665312821
 10
0.0
 20
0.0
 30
0.0
 75
     1
  1
AcDbOsnapPointRef
 72
     3
331
96A
 73
     2
 91
        0
 40
0.0
 10
0.0
 20
0.0
 30
0.0
 75
     0
  0
DIMASSOC
  5
97F
102
{ACAD_REACTORS
330
97E
102
}
330
97E
100
AcDbDimAssoc
330
97D
 90
        3
 70
     0
 71
     0
  1
AcDbOsnapPointRef
 72
     3
331
96A
 73
     2
 91
        0
 40
0.0
 10
0.0
 20
0.0
 30
0.0
 75
     0
  1
AcDbOsnapPointRef
 72
     2
331
966
 73
     2
 91
        0
 40
0.5000000000000001
 10
0.0
 20
0.0
 30
0.0
 75
     0
  0
DIMASSOC
  5
982
102
{ACAD_REACTORS
330
981
102
}
330
981
100
AcDbDimAssoc
330
980
 90
        3
 70
     0
 71
     0
  1
AcDbOsnapPointRef
 72
     3
331
96E
 73
     2
 91
        0
 40
0.0
 10
0.0
 20
0.0
 30
0.0
 75
     0
  1
AcDbOsnapPointRef
 72
     3
331
96C
 73
     2
 91
        0
 40
0.0
 10
0.0
 20
0.0
 30
0.0
 75
     0
  0
DIMASSOC
  5
985
102
{ACAD_REACTORS
330
984
102
}
330
984
100
AcDbDimAssoc
330
983
 90
        2
 70
     0
 71
     0
  1
AcDbOsnapPointRef
 72
     3
331
96D
 73
     2
 91
        0
 40
0.0
 10
0.0
 20
0.0
 30
0.0
 75
     0
  0
DIMASSOC
  5
988
102
{ACAD_REACTORS
330
987
102
}
330
987
100
AcDbDimAssoc
330
986
 90
        3
 70
     0
 71
     0
  1
AcDbOsnapPointRef
 72
     1
331
968
 73
     2
 91
        0
 40
0.9999999999999998
 10
0.0
 20
0.0
 30
2.000000000000000E+50
 75
     0
  1
AcDbOsnapPointRef
 72
    13
331
968
 73
     2
 91
        0
 40
0.0
 10
0.0
 20
0.0
 30
2.000000000000000E+50
 75
     0
  0
DIMASSOC
  5
98B
102
{ACAD_REACTORS
330
98A
102
}
330
98A
100
AcDbDimAssoc
330
989
 90
        3
 70
     0
 71
     0
  1
AcDbOsnapPointRef
 72
    13
331
963
 73
     2
 91
        0
 40
0.0
 10
0.0
 20
0.0
 30
2.000000000000000E+50
 75
     0
  1
AcDbOsnapPointRef
 72
    13
331
968
 73
     2
 91
        0
 40
0.0
 10
0.0
 20
0.0
 30
2.000000000000000E+50
 75
     0
  0
DIMASSOC
  5
98E
102
{ACAD_REACTORS
330
98D
102
}
330
98D
100
AcDbDimAssoc
330
98C
 90
        3
 70
     0
 71
     0
  1
AcDbOsnapPointRef
 72
    13
331
963
 73
     2
 91
        0
 40
0.0
 10
0.0
 20
0.0
 30
2.000000000000000E+50
 75
     0
  1
AcDbOsnapPointRef
 72
     1
331
968
 73
     2
 91
        0
 40
0.9999999999999998
 10
0.0
 20
0.0
 30
2.000000000000000E+50
 75
     0
  0
DIMASSOC
  5
1A74
102
{ACAD_REACTORS
330
1A73
102
}
330
1A73
100
AcDbDimAssoc
330
1A72
 90
        2
 70
     0
 71
     0
  1
AcDbOsnapPointRef
 72
    13
331
1A6E
 73
     2
 91
        0
 40
0.0
 10
0.0
 20
0.0
 30
2.000000000000000E+50
 75
     0
  0
DIMASSOC
  5
1A77
102
{ACAD_REACTORS
330
1A76
102
}
330
1A76
100
AcDbDimAssoc
330
1A75
 90
        3
 70
     0
 71
     0
  1
AcDbOsnapPointRef
 72
    13
331
1A6E
 73
     2
 91
        0
 40
0.0
 10
0.0
 20
0.0
 30
2.000000000000000E+50
 75
     0
  1
AcDbOsnapPointRef
 72
     1
331
1A6E
 73
     2
 91
        0
 40
1.0
 10
0.0
 20
0.0
 30
2.000000000000000E+50
 75
     0
  0
DIMASSOC
  5
1A81
102
{ACAD_REACTORS
330
1A80
102
}
330
1A80
100
AcDbDimAssoc
330
1A7F
 90
        3
 70
     0
 71
     0
  1
AcDbOsnapPointRef
 72
    13
331
1A6E
 73
     2
 91
        0
 40
0.0
 10
0.0
 20
0.0
 30
2.000000000000000E+50
 75
     0
  1
AcDbOsnapPointRef
 72
     1
331
1A6E
 73
     2
 91
        0
 40
1.0
 10
0.0
 20
0.0
 30
2.000000000000000E+50
 75
     0
  0
DIMASSOC
  5
1A84
102
{ACAD_REACTORS
330
1A83
102
}
330
1A83
100
AcDbDimAssoc
330
1A82
 90
        1
 70
     0
 71
     0
  1
AcDbOsnapPointRef
 72
    13
331
1A6E
 73
     2
 91
        0
 40
0.0
 10
0.0
 20
0.0
 30
2.000000000000000E+50
 75
     0
  0
DIMASSOC
  5
1AE8
102
{ACAD_REACTORS
330
1ADE
102
}
330
1ADE
100
AcDbDimAssoc
330
1AD1
 90
        3
 70
     0
 71
     0
  1
AcDbOsnapPointRef
 72
    13
331
1973
 73
     2
 91
        0
 40
0.0
 10
0.0
 20
0.0
 30
2.000000000000000E+50
 75
     0
  1
AcDbOsnapPointRef
 72
    13
331
1972
 73
     2
 91
        0
 40
0.0
 10
0.0
 20
0.0
 30
2.000000000000000E+50
 75
     0
  0
DIMASSOC
  5
1B0A
102
{ACAD_REACTORS
330
1B00
102
}
330
1B00
100
AcDbDimAssoc
330
1AF3
 90
        3
 70
     0
 71
     0
  1
AcDbOsnapPointRef
 72
     1
331
1973
 73
     2
 91
        0
 40
1.0
 10
0.0
 20
0.0
 30
2.000000000000000E+50
 75
     0
  1
AcDbOsnapPointRef
 72
     8
331
1972
 73
     2
 91
        0
 40
1.0
 10
0.0
 20
0.0
 30
0.0
 75
     1
  1
AcDbOsnapPointRef
 72
     1
331
1973
 73
     2
 91
        0
 40
1.0
 10
0.0
 20
0.0
 30
2.000000000000000E+50
 75
     0
  0
DIMASSOC
  5
1B22
102
{ACAD_REACTORS
330
1B18
102
}
330
1B18
100
AcDbDimAssoc
330
1B0B
 90
        3
 70
     0
 71
     0
  1
AcDbOsnapPointRef
 72
    13
331
1978
 73
     2
 91
        0
 40
0.0
 10
0.0
 20
0.0
 30
2.000000000000000E+50
 75
     0
  1
AcDbOsnapPointRef
 72
    13
331
1975
 73
     2
 91
        0
 40
0.0
 10
0.0
 20
0.0
 30
2.000000000000000E+50
 75
     0
  0
DIMASSOC
  5
1B3A
102
{ACAD_REACTORS
330
1B30
102
}
330
1B30
100
AcDbDimAssoc
330
1B23
 90
        3
 70
     0
 71
     0
  1
AcDbOsnapPointRef
 72
     1
331
1978
 73
     2
 91
        0
 40
1.0
 10
0.0
 20
0.0
 30
2.000000000000000E+50
 75
     0
  1
AcDbOsnapPointRef
 72
    13
331
1978
 73
     2
 91
        0
 40
0.0
 10
0.0
 20
0.0
 30
2.000000000000000E+50
 75
     0
  0
DIMASSOC
  5
1B52
102
{ACAD_REACTORS
330
1B48
102
}
330
1B48
100
AcDbDimAssoc
330
1B3B
 90
        3
 70
     0
 71
     0
  1
AcDbOsnapPointRef
 72
    13
331
1977
 73
     2
 91
        0
 40
0.0
 10
0.0
 20
0.0
 30
2.000000000000000E+50
 75
     0
  1
AcDbOsnapPointRef
 72
    13
331
1978
 73
     2
 91
        0
 40
0.0
 10
0.0
 20
0.0
 30
2.000000000000000E+50
 75
     0
  0
DIMASSOC
  5
1B6A
102
{ACAD_REACTORS
330
1B60
102
}
330
1B60
100
AcDbDimAssoc
330
1B53
 90
        3
 70
     0
 71
     0
  1
AcDbOsnapPointRef
 72
    13
331
19BE
 73
     2
 91
        0
 40
0.0
 10
0.0
 20
0.0
 30
2.000000000000000E+50
 75
     0
  1
AcDbOsnapPointRef
 72
     1
331
19BE
 73
     2
 91
        0
 40
1.0
 10
0.0
 20
0.0
 30
2.000000000000000E+50
 75
     0
  0
DIMASSOC
  5
1B82
102
{ACAD_REACTORS
330
1B78
102
}
330
1B78
100
AcDbDimAssoc
330
1B6B
 90
        3
 70
     0
 71
     0
  1
AcDbOsnapPointRef
 72
    13
331
19BC
 73
     2
 91
        0
 40
0.0
 10
0.0
 20
0.0
 30
2.000000000000000E+50
 75
     0
  1
AcDbOsnapPointRef
 72
    13
331
19BE
 73
     2
 91
        0
 40
0.0
 10
0.0
 20
0.0
 30
2.000000000000000E+50
 75
     0
  0
DIMASSOC
  5
1B9A
102
{ACAD_REACTORS
330
1B90
102
}
330
1B90
100
AcDbDimAssoc
330
1B83
 90
        3
 70
     0
 71
     0
  1
AcDbOsnapPointRef
 72
    13
331
19BC
 73
     2
 91
        0
 40
0.0
 10
0.0
 20
0.0
 30
2.000000000000000E+50
 75
     0
  1
AcDbOsnapPointRef
 72
     1
331
19BF
 73
     2
 91
        0
 40
0.9999999999999998
 10
0.0
 20
0.0
 30
2.000000000000000E+50
 75
     0
  0
DIMASSOC
  5
1BB2
102
{ACAD_REACTORS
330
1BA8
102
}
330
1BA8
100
AcDbDimAssoc
330
1B9B
 90
       15
 70
     0
 71
     0
  1
AcDbOsnapPointRef
 72
    13
331
19BB
 73
     2
 91
        0
 40
0.0
 10
0.0
 20
0.0
 30
2.000000000000000E+50
 75
     0
  1
AcDbOsnapPointRef
 72
     1
331
19BB
 73
     2
 91
        0
 40
1.0
 10
0.0
 20
0.0
 30
2.000000000000000E+50
 75
     0
  1
AcDbOsnapPointRef
 72
    13
331
19BC
 73
     2
 91
        0
 40
0.0
 10
0.0
 20
0.0
 30
2.000000000000000E+50
 75
     0
  1
AcDbOsnapPointRef
 72
     1
331
19BC
 73
     2
 91
        0
 40
1.0
 10
0.0
 20
0.0
 30
2.000000000000000E+50
 75
     0
  0
DIMASSOC
  5
1BCA
102
{ACAD_REACTORS
330
1BC0
102
}
330
1BC0
100
AcDbDimAssoc
330
1BB3
 90
        3
 70
     0
 71
     0
  1
AcDbOsnapPointRef
 72
     1
331
19BF
 73
     2
 91
        0
 40
0.9999999999999998
 10
0.0
 20
0.0
 30
2.000000000000000E+50
 75
     0
  1
AcDbOsnapPointRef
 72
    13
331
19BF
 73
     2
 91
        0
 40
0.0
 10
0.0
 20
0.0
 30
2.000000000000000E+50
 75
     0
  0
DIMASSOC
  5
1BE2
102
{ACAD_REACTORS
330
1BD8
102
}
330
1BD8
100
AcDbDimAssoc
330
1BCB
 90
        3
 70
     0
 71
     0
  1
AcDbOsnapPointRef
 72
    13
331
19BF
 73
     2
 91
        0
 40
0.0
 10
0.0
 20
0.0
 30
2.000000000000000E+50
 75
     0
  1
AcDbOsnapPointRef
 72
     1
331
19BF
 73
     2
 91
        0
 40
0.9999999999999998
 10
0.0
 20
0.0
 30
2.000000000000000E+50
 75
     0
  0
DIMASSOC
  5
1BFA
102
{ACAD_REACTORS
330
1BF0
102
}
330
1BF0
100
AcDbDimAssoc
330
1BE3
 90
        3
 70
     0
 71
     0
  1
AcDbOsnapPointRef
 72
     1
331
19BE
 73
     2
 91
        0
 40
1.0
 10
0.0
 20
0.0
 30
2.000000000000000E+50
 75
     0
  1
AcDbOsnapPointRef
 72
    13
331
19BF
 73
     2
 91
        0
 40
0.0
 10
0.0
 20
0.0
 30
2.000000000000000E+50
 75
     0
  0
DIMASSOC
  5
1C21
102
{ACAD_REACTORS
330
1C17
102
}
330
1C17
100
AcDbDimAssoc
330
1C0A
 90
        3
 70
     0
 71
     0
  1
AcDbOsnapPointRef
 72
    13
331
1C06
 73
     2
 91
        0
 40
0.0
 10
0.0
 20
0.0
 30
2.000000000000000E+50
 75
     0
  1
AcDbOsnapPointRef
 72
    13
331
1C08
 73
     2
 91
        0
 40
0.0
 10
0.0
 20
0.0
 30
2.000000000000000E+50
 75
     0
  0
DIMASSOC
  5
1C39
102
{ACAD_REACTORS
330
1C2F
102
}
330
1C2F
100
AcDbDimAssoc
330
1C22
 90
        3
 70
     0
 71
     0
  1
AcDbOsnapPointRef
 72
    11
331
1C08
 73
     2
 91
        0
 40
0.9999999999999984
 10
0.0
 20
0.0
 30
0.0
332
1C09
 74
     2
 92
        0
 75
     0
  1
AcDbOsnapPointRef
 72
    13
331
1C08
 73
     2
 91
        0
 40
0.0
 10
0.0
 20
0.0
 30
2.000000000000000E+50
 75
     0
  0
DIMASSOC
  5
1C51
102
{ACAD_REACTORS
330
1C47
102
}
330
1C47
100
AcDbDimAssoc
330
1C3A
 90
        3
 70
     0
 71
     0
  1
AcDbOsnapPointRef
 72
    13
331
1C06
 73
     2
 91
        0
 40
0.0
 10
0.0
 20
0.0
 30
2.000000000000000E+50
 75
     0
  1
AcDbOsnapPointRef
 72
     1
331
1C07
 73
     2
 91
        0
 40
1.0
 10
0.0
 20
0.0
 30
2.000000000000000E+50
 75
     0
  0
DIMASSOC
  5
1C69
102
{ACAD_REACTORS
330
1C5F
102
}
330
1C5F
100
AcDbDimAssoc
330
1C52
 90
       15
 70
     0
 71
     0
  1
AcDbOsnapPointRef
 72
    13
331
1C06
 73
     2
 91
        0
 40
0.0
 10
0.0
 20
0.0
 30
2.000000000000000E+50
 75
     0
  1
AcDbOsnapPointRef
 72
     1
331
1C06
 73
     2
 91
        0
 40
1.0
 10
0.0
 20
0.0
 30
2.000000000000000E+50
 75
     0
  1
AcDbOsnapPointRef
 72
    13
331
1C05
 73
     2
 91
        0
 40
0.0
 10
0.0
 20
0.0
 30
2.000000000000000E+50
 75
     0
  1
AcDbOsnapPointRef
 72
     1
331
1C05
 73
     2
 91
        0
 40
0.9999999999999998
 10
0.0
 20
0.0
 30
2.000000000000000E+50
 75
     0
  0
DIMASSOC
  5
1C81
102
{ACAD_REACTORS
330
1C77
102
}
330
1C77
100
AcDbDimAssoc
330
1C6A
 90
       15
 70
     0
 71
     0
  1
AcDbOsnapPointRef
 72
    13
331
1C06
 73
     2
 91
        0
 40
0.0
 10
0.0
 20
0.0
 30
2.000000000000000E+50
 75
     0
  1
AcDbOsnapPointRef
 72
     1
331
1C06
 73
     2
 91
        0
 40
1.0
 10
0.0
 20
0.0
 30
2.000000000000000E+50
 75
     0
  1
AcDbOsnapPointRef
 72
    13
331
1C07
 73
     2
 91
        0
 40
0.0
 10
0.0
 20
0.0
 30
2.000000000000000E+50
 75
     0
  1
AcDbOsnapPointRef
 72
     1
331
1C07
 73
     2
 91
        0
 40
1.0
 10
0.0
 20
0.0
 30
2.000000000000000E+50
 75
     0
  0
DIMASSOC
  5
1CA9
102
{ACAD_REACTORS
330
1CA3
102
}
330
1CA3
100
AcDbDimAssoc
330
1C9A
 90
        2
 70
     0
 71
     0
  1
AcDbOsnapPointRef
 72
     3
331
1C09
 73
     2
 91
        0
 40
0.0
 10
0.0
 20
0.0
 30
0.0
 75
     0
  0
DIMASSOC
  5
1CC1
102
{ACAD_REACTORS
330
1CB7
102
}
330
1CB7
100
AcDbDimAssoc
330
1CAA
 90
       15
 70
     0
 71
     0
  1
AcDbOsnapPointRef
 72
    13
331
1C05
 73
     2
 91
        0
 40
0.0
 10
0.0
 20
0.0
 30
2.000000000000000E+50
 75
     0
  1
AcDbOsnapPointRef
 72
     1
331
1C05
 73
     2
 91
        0
 40
0.9999999999999998
 10
0.0
 20
0.0
 30
2.000000000000000E+50
 75
     0
  1
AcDbOsnapPointRef
 72
    13
331
1C08
 73
     2
 91
        0
 40
0.0
 10
0.0
 20
0.0
 30
2.000000000000000E+50
 75
     0
  1
AcDbOsnapPointRef
 72
     1
331
1C08
 73
     2
 91
        0
 40
1.0
 10
0.0
 20
0.0
 30
2.000000000000000E+50
 75
     0
  0
DIMASSOC
  5
1CE4
102
{ACAD_REACTORS
330
1CDA
102
}
330
1CDA
100
AcDbDimAssoc
330
1CCD
 90
        1
 70
     0
 71
     0
  1
AcDbOsnapPointRef
 72
    13
331
1975
 73
     2
 91
        0
 40
0.0
 10
0.0
 20
0.0
 30
2.000000000000000E+50
 75
     0
  0
DIMASSOC
  5
1D02
102
{ACAD_REACTORS
330
1CF8
102
}
330
1CF8
100
AcDbDimAssoc
330
1CEB
 90
        3
 70
     0
 71
     0
  1
AcDbOsnapPointRef
 72
     3
331
1CEA
 73
     2
 91
        0
 40
0.0
 10
0.0
 20
0.0
 30
0.0
 75
     0
  1
AcDbOsnapPointRef
 72
    13
331
1971
 73
     2
 91
        0
 40
0.0
 10
0.0
 20
0.0
 30
2.000000000000000E+50
 75
     0
  0
DIMASSOC
  5
1D2C
102
{ACAD_REACTORS
330
1D22
102
}
330
1D22
100
AcDbDimAssoc
330
1D15
 90
        3
 70
     0
 71
     0
  1
AcDbOsnapPointRef
 72
     3
331
1CE6
 73
     2
 91
        0
 40
0.0
 10
0.0
 20
0.0
 30
0.0
 75
     0
  1
AcDbOsnapPointRef
 72
     3
331
1CE7
 73
     2
 91
        0
 40
0.0
 10
0.0
 20
0.0
 30
0.0
 75
     0
  0
DIMASSOC
  5
1D46
102
{ACAD_REACTORS
330
1D3B
102
}
330
1D3B
100
AcDbDimAssoc
330
1D2D
 90
        3
 70
     0
 71
     0
  1
AcDbOsnapPointRef
 72
     3
331
1CE6
 73
     2
 91
        0
 40
0.0
 10
0.0
 20
0.0
 30
0.0
 75
     0
  1
AcDbOsnapPointRef
 72
    13
331
1973
 73
     2
 91
        0
 40
0.0
 10
0.0
 20
0.0
 30
2.000000000000000E+50
 75
     0
  0
ACDBDETAILVIEWSTYLE
  5
1AC
102
{ACAD_REACTORS
330
1AB
102
}
330
1AB
100
AcDbModelDocViewStyle
 70
     0
  3
Imperial24
290
     0
300
Imperial24
 90
        0
100
AcDbDetailViewStyle
 70
     0
 71
     0
 90
        3
 71
     1
340
11
 62
   256
 40
0.24
340
0
 62
   256
 40
0.24
300

 40
0.36
280
     3
 71
     2
340
16
 90
       25
 62
   256
 71
     3
340
11
 62
   256
 40
0.24
 90
        1
 40
0.75
 90
        1
300
%<\AcVar ViewType \f "%tc1">% %<\AcVar ViewDetailId>%\PSCALE %<\AcVar ViewScale \f "%sn">%
 71
     4
340
16
 90
       25
 62
   256
340
16
 90
       25
 62
   256
280
     0
  0
ACDBDETAILVIEWSTYLE
  5
8C7
102
{ACAD_REACTORS
330
1AB
102
}
330
1AB
100
AcDbModelDocViewStyle
 70
     0
  3
Metric50
290
     0
300
Metric50
 90
        0
100
AcDbDetailViewStyle
 70
     0
 71
     0
 90
        3
 71
     1
340
11
 62
   256
 40
5.0
340
0
 62
   256
 40
5.0
300

 40
0.0
280
     1
 71
     2
340
16
 90
       25
 62
   256
 71
     3
340
11
 62
   256
 40
5.0
 90
        0
 40
15.0
 90
        1
300
%<\AcVar ViewDetailId>% (%<\AcVar ViewScale \f "%sn">%)
 71
     4
340
16
 90
       25
 62
   256
340
16
 90
       25
 62
   256
280
     0
  0
LAYOUT
  5
22
102
{ACAD_XDICTIONARY
360
194
102
}
102
{ACAD_REACTORS
330
1A
102
}
330
1A
100
AcDbPlotSettings
  1

  2
none_device
  4
ANSI_A_(8.50_x_11.00_Inches)
  6

 40
6.349999904632567
 41
19.04999923706055
 42
6.350006103515625
 43
19.04998779296875
 44
215.8999938964844
 45
279.3999938964844
 46
0.0
 47
0.0
 48
0.0
 49
0.0
140
0.0
141
0.0
142
1.0
143
2.584895464708373
 70
 11952
 72
     0
 73
     1
 74
     0
  7

 75
     0
147
0.3868628397755418
 76
     0
 77
     2
 78
   300
148
0.0
149
0.0
100
AcDbLayout
  1
Model
 70
     1
 71
     0
 10
0.0
 20
0.0
 11
12.0
 21
9.0
 12
0.0
 22
0.0
 32
0.0
 14
0.0
 24
0.0
 34
0.0
 15
0.0
 25
0.0
 35
0.0
146
0.0
 13
0.0
 23
0.0
 33
0.0
 16
1.0
 26
0.0
 36
0.0
 17
0.0
 27
1.0
 37
0.0
 76
     0
330
1F
331
94
  0
LAYOUT
  5
59
102
{ACAD_REACTORS
330
1A
102
}
330
1A
100
AcDbPlotSettings
  1

  2
None
  4

  6

 40
0.0
 41
0.0
 42
0.0
 43
0.0
 44
0.0
 45
0.0
 46
0.0
 47
0.0
 48
0.0
 49
0.0
140
0.0
141
0.0
142
1.0
143
1.0
 70
   688
 72
     0
 73
     0
 74
     5
  7

 75
    16
147
1.0
 76
     0
 77
     2
 78
   300
148
0.0
149
0.0
100
AcDbLayout
  1
Лист1
 70
     1
 71
     1
 10
0.0
 20
0.0
 11
12.0
 21
9.0
 12
0.0
 22
0.0
 32
0.0
 14
0.0
 24
0.0
 34
0.0
 15
0.0
 25
0.0
 35
0.0
146
0.0
 13
0.0
 23
0.0
 33
0.0
 16
1.0
 26
0.0
 36
0.0
 17
0.0
 27
1.0
 37
0.0
 76
     0
330
58
  0
LAYOUT
  5
5E
102
{ACAD_REACTORS
330
1A
102
}
330
1A
100
AcDbPlotSettings
  1

  2
None
  4

  6

 40
0.0
 41
0.0
 42
0.0
 43
0.0
 44
0.0
 45
0.0
 46
0.0
 47
0.0
 48
0.0
 49
0.0
140
0.0
141
0.0
142
1.0
143
1.0
 70
   688
 72
     0
 73
     0
 74
     5
  7

 75
    16
147
1.0
 76
     0
 77
     2
 78
   300
148
0.0
149
0.0
100
AcDbLayout
  1
Лист2
 70
     1
 71
     2
 10
0.0
 20
0.0
 11
12.0
 21
9.0
 12
0.0
 22
0.0
 32
0.0
 14
0.0
 24
0.0
 34
0.0
 15
0.0
 25
0.0
 35
0.0
146
0.0
 13
0.0
 23
0.0
 33
0.0
 16
1.0
 26
0.0
 36
0.0
 17
0.0
 27
1.0
 37
0.0
 76
     0
330
5D
  0
MATERIAL
  5
97
102
{ACAD_XDICTIONARY
360
188
102
}
102
{ACAD_REACTORS
330
72
102
}
330
72
100
AcDbMaterial
  1
ByBlock
 94
       63
  0
MATERIAL
  5
96
102
{ACAD_XDICTIONARY
360
186
102
}
102
{ACAD_REACTORS
330
72
102
}
330
72
100
AcDbMaterial
  1
ByLayer
 94
       63
  0
MATERIAL
  5
98
102
{ACAD_XDICTIONARY
360
110
102
}
102
{ACAD_REACTORS
330
72
102
}
330
72
100
AcDbMaterial
  1
Global
 43
0.0208000000566244
 43
0.0
 43
0.0
 43
0.0
 43
0.0
 43
0.0208000000566244
 43
0.0
 43
0.0
 43
0.0
 43
0.0
 43
1.0
 43
0.0
 43
0.0
 43
0.0
 43
0.0
 43
1.0
 49
0.0208000000566244
 49
0.0
 49
0.0
 49
0.0
 49
0.0
 49
0.0208000000566244
 49
0.0
 49
0.0
 49
0.0
 49
0.0
 49
1.0
 49
0.0
 49
0.0
 49
0.0
 49
0.0
 49
1.0
142
0.0208000000566244
142
0.0
142
0.0
142
0.0
142
0.0
142
0.0208000000566244
142
0.0
142
0.0
142
0.0
142
0.0
142
1.0
142
0.0
142
0.0
142
0.0
142
0.0
142
1.0
144
0.0208000000566244
144
0.0
144
0.0
144
0.0
144
0.0
144
0.0208000000566244
144
0.0
144
0.0
144
0.0
144
0.0
144
1.0
144
0.0
144
0.0
144
0.0
144
0.0
144
1.0
 94
       63
1001
ACAD
1070
    -1
1070
     3
1070
     0
1000

1071
        0
1070
     0
  0
MLEADERSTYLE
  5
D8
102
{ACAD_REACTORS
330
D7
102
}
330
D7
100
AcDbMLeaderStyle
179
     2
170
     2
171
     1
172
     0
 90
        2
 40
0.0
 41
0.0
173
     1
 91
-1056964608
 92
       -2
290
     1
 42
0.09
291
     1
 43
0.36
  3
Standard
 44
0.18
300

342
11
174
     5
178
     5
175
     1
176
     0
 93
-1056964608
 45
0.18
292
     0
297
     0
 46
0.18
343
E8B
 94
-1056964608
 47
1.0
 49
1.0
140
1.0
293
     1
141
0.0
294
     1
177
     0
142
1.0
295
     0
296
     0
143
0.125
271
     0
272
     9
273
     9
298
     0
  0
MLEADERSTYLE
  5
E5
102
{ACAD_REACTORS
330
D7
102
}
330
D7
100
AcDbMLeaderStyle
179
     2
170
     2
171
     1
172
     0
 90
        2
 40
0.0
 41
0.0
173
     1
 91
-1056964608
340
14
 92
       -2
290
     1
 42
0.09
291
     1
 43
0.36
  3
Standard
 44
0.18
300

342
11
174
     1
178
     1
175
     1
176
     0
 93
-1056964608
 45
0.18
292
     0
297
     0
 46
0.18
 94
-1056964608
 47
1.0
 49
1.0
140
1.0
293
     1
141
0.0
294
     1
177
     0
142
1.0
295
     0
296
     1
143
0.125
271
     0
272
     9
273
     9
298
     0
  0
MLINESTYLE
  5
18
102
{ACAD_REACTORS
330
17
102
}
330
17
100
AcDbMlineStyle
  2
STANDARD
 70
     0
  3

 62
   256
 51
90.0
 52
90.0
 71
     2
 49
0.5
 62
   256
  6
BYLAYER
 49
-0.5
 62
   256
  6
BYLAYER
  0
PLOTSETTINGS
  5
8B3
102
{ACAD_REACTORS
330
19
102
}
330
19
100
AcDbPlotSettings
  1
PDF
  2
Нет
  4
ANSI_A_(8.50_x_11.00_Inches)
  6

 40
6.349999904632567
 41
19.04999923706055
 42
6.350006103515625
 43
19.04998779296875
 44
215.8999938964844
 45
279.3999938964844
 46
0.0
 47
0.0
 48
0.0
 49
0.0
140
0.0
141
0.0
142
1.0
143
1873.837233857144
 70
 11952
 72
     0
 73
     1
 74
     0
  7

 75
     0
147
0.0005336642809373
 76
     0
 77
     2
 78
   300
148
50071.43671629166
149
63628.47479721949
1001
ACAD_PSEXT
1000
Нет
1000
Нет
1000
Неприменимо
1000
Лист не будет напечатан, если не выбрать имя конфигурации плоттера.
1070
     0
  0
PLOTSETTINGS
  5
8A1
102
{ACAD_REACTORS
330
19
102
}
330
19
100
AcDbPlotSettings
  1
PDF в 1С
  2
Microsoft Print to PDF.pc3
  4
A4
  6

 40
0.0
 41
0.0
 42
0.0
 43
0.0
 44
210.0156707763672
 45
297.0106506347656
 46
0.0
 47
180.0
 48
927.205953482986
 49
891.8125471312832
140
4727.205953482985
141
2086.715247535291
142
1.0
143
18.09388787966392
 70
 11952
 72
     1
 73
     0
 74
     4
  7

 75
     0
147
0.0552672817832545
 76
     0
 77
     2
 78
   300
148
-927.205953482986
149
-891.8125471312832
1001
ACAD_PSEXT
1000
Microsoft Print to PDF.pc3
1000
Microsoft Print To PDF
1000
PORTPROMPT:
1000

1070
     0
  0
ACDBPLACEHOLDER
  5
1A4A
102
{ACAD_REACTORS
330
E
102
}
330
E
  0
ACDBPLACEHOLDER
  5
F
102
{ACAD_REACTORS
330
E
102
}
330
E
  0
RAPIDRTRENDERSETTINGS
  5
4A6
102
{ACAD_REACTORS
330
4A0
102
}
330
4A0
100
AcDbRenderSettings
 90
        2
  1
1-я скорость
290
     1
290
     0
290
     1
290
     1
  1

  1
Визуализация в течение 12 часов
 90
        5
100
AcDbRapidRTRenderSettings
 90
        3
 70
     1
 90
        1
 90
      720
 70
     2
 70
     2
 40
3.0
 40
3.0
290
     1
  0
RAPIDRTRENDERSETTINGS
  5
4A5
102
{ACAD_REACTORS
330
4A0
102
}
330
4A0
100
AcDbRenderSettings
 90
        2
  1
2-я скорость
290
     1
290
     0
290
     1
290
     1
  1

  1
Визуализация в течение 60 минут
 90
        4
100
AcDbRapidRTRenderSettings
 90
        3
 70
     1
 90
        1
 90
       60
 70
     2
 70
     2
 40
3.0
 40
3.0
290
     1
  0
RAPIDRTRENDERSETTINGS
  5
4A4
102
{ACAD_REACTORS
330
4A0
102
}
330
4A0
100
AcDbRenderSettings
 90
        2
  1
3-я скорость
290
     1
290
     0
290
     1
290
     1
  1

  1
Визуализация в течение 10 минут
 90
        3
100
AcDbRapidRTRenderSettings
 90
        3
 70
     1
 90
        1
 90
       10
 70
     1
 70
     2
 40
3.0
 40
3.0
290
     1
  0
RAPIDRTRENDERSETTINGS
  5
4A3
102
{ACAD_REACTORS
330
4A0
102
}
330
4A0
100
AcDbRenderSettings
 90
        2
  1
Высокое
290
     1
290
     0
290
     1
290
     1
  1

  1
Применяется 10 уровней визуализации
 90
        2
100
AcDbRapidRTRenderSettings
 90
        3
 70
     0
 90
       10
 90
        1
 70
     2
 70
     2
 40
3.0
 40
3.0
290
     1
  0
RAPIDRTRENDERSETTINGS
  5
4A1
102
{ACAD_REACTORS
330
4A0
102
}
330
4A0
100
AcDbRenderSettings
 90
        2
  1
Низкое
290
     1
290
     0
290
     1
290
     1
  1

  1
Применяется 1 уровень визуализации
 90
        0
100
AcDbRapidRTRenderSettings
 90
        3
 70
     0
 90
        1
 90
        1
 70
     0
 70
     2
 40
3.0
 40
3.0
290
     1
  0
RAPIDRTRENDERSETTINGS
  5
4A2
102
{ACAD_REACTORS
330
4A0
102
}
330
4A0
100
AcDbRenderSettings
 90
        2
  1
Среднее
290
     1
290
     0
290
     1
290
     1
  1

  1
Применяется 5 уровней визуализации
 90
        1
100
AcDbRapidRTRenderSettings
 90
        3
 70
     0
 90
        5
 90
        1
 70
     1
 70
     2
 40
3.0
 40
3.0
290
     1
  0
SCALE
  5
B7
102
{ACAD_REACTORS
330
B6
102
}
330
B6
100
AcDbScale
 70
     0
300
1:1
140
1.0
141
1.0
290
     1
  0
SCALE
  5
124
102
{ACAD_REACTORS
330
B6
102
}
330
B6
100
AcDbScale
 70
     0
300
1:2
140
1.0
141
2.0
290
     0
  0
SCALE
  5
125
102
{ACAD_REACTORS
330
B6
102
}
330
B6
100
AcDbScale
 70
     0
300
1:4
140
1.0
141
4.0
290
     0
  0
SCALE
  5
126
102
{ACAD_REACTORS
330
B6
102
}
330
B6
100
AcDbScale
 70
     0
300
1:5
140
1.0
141
5.0
290
     0
  0
SCALE
  5
127
102
{ACAD_REACTORS
330
B6
102
}
330
B6
100
AcDbScale
 70
     0
300
1:8
140
1.0
141
8.0
290
     0
  0
SCALE
  5
128
102
{ACAD_REACTORS
330
B6
102
}
330
B6
100
AcDbScale
 70
     0
300
1:10
140
1.0
141
10.0
290
     0
  0
SCALE
  5
129
102
{ACAD_REACTORS
330
B6
102
}
330
B6
100
AcDbScale
 70
     0
300
1:16
140
1.0
141
16.0
290
     0
  0
SCALE
  5
12A
102
{ACAD_REACTORS
330
B6
102
}
330
B6
100
AcDbScale
 70
     0
300
1:20
140
1.0
141
20.0
290
     0
  0
SCALE
  5
12B
102
{ACAD_REACTORS
330
B6
102
}
330
B6
100
AcDbScale
 70
     0
300
1:30
140
1.0
141
30.0
290
     0
  0
SCALE
  5
12C
102
{ACAD_REACTORS
330
B6
102
}
330
B6
100
AcDbScale
 70
     0
300
1:40
140
1.0
141
40.0
290
     0
  0
SCALE
  5
12D
102
{ACAD_REACTORS
330
B6
102
}
330
B6
100
AcDbScale
 70
     0
300
1:50
140
1.0
141
50.0
290
     0
  0
SCALE
  5
12E
102
{ACAD_REACTORS
330
B6
102
}
330
B6
100
AcDbScale
 70
     0
300
1:100
140
1.0
141
100.0
290
     0
  0
SCALE
  5
12F
102
{ACAD_REACTORS
330
B6
102
}
330
B6
100
AcDbScale
 70
     0
300
2:1
140
2.0
141
1.0
290
     0
  0
SCALE
  5
130
102
{ACAD_REACTORS
330
B6
102
}
330
B6
100
AcDbScale
 70
     0
300
4:1
140
4.0
141
1.0
290
     0
  0
SCALE
  5
131
102
{ACAD_REACTORS
330
B6
102
}
330
B6
100
AcDbScale
 70
     0
300
8:1
140
8.0
141
1.0
290
     0
  0
SCALE
  5
132
102
{ACAD_REACTORS
330
B6
102
}
330
B6
100
AcDbScale
 70
     0
300
10:1
140
10.0
141
1.0
290
     0
  0
SCALE
  5
133
102
{ACAD_REACTORS
330
B6
102
}
330
B6
100
AcDbScale
 70
     0
300
100:1
140
100.0
141
1.0
290
     0
  0
SCALE
  5
134
102
{ACAD_REACTORS
330
B6
102
}
330
B6
100
AcDbScale
 70
     0
300
1/128" = 1'-0"
140
0.0078125
141
12.0
290
     0
  0
SCALE
  5
135
102
{ACAD_REACTORS
330
B6
102
}
330
B6
100
AcDbScale
 70
     0
300
1/64" = 1'-0"
140
0.015625
141
12.0
290
     0
  0
SCALE
  5
136
102
{ACAD_REACTORS
330
B6
102
}
330
B6
100
AcDbScale
 70
     0
300
1/32" = 1'-0"
140
0.03125
141
12.0
290
     0
  0
SCALE
  5
137
102
{ACAD_REACTORS
330
B6
102
}
330
B6
100
AcDbScale
 70
     0
300
1/16" = 1'-0"
140
0.0625
141
12.0
290
     0
  0
SCALE
  5
138
102
{ACAD_REACTORS
330
B6
102
}
330
B6
100
AcDbScale
 70
     0
300
3/32" = 1'-0"
140
0.09375
141
12.0
290
     0
  0
SCALE
  5
139
102
{ACAD_REACTORS
330
B6
102
}
330
B6
100
AcDbScale
 70
     0
300
1/8" = 1'-0"
140
0.125
141
12.0
290
     0
  0
SCALE
  5
13A
102
{ACAD_REACTORS
330
B6
102
}
330
B6
100
AcDbScale
 70
     0
300
3/16" = 1'-0"
140
0.1875
141
12.0
290
     0
  0
SCALE
  5
13B
102
{ACAD_REACTORS
330
B6
102
}
330
B6
100
AcDbScale
 70
     0
300
1/4" = 1'-0"
140
0.25
141
12.0
290
     0
  0
SCALE
  5
13C
102
{ACAD_REACTORS
330
B6
102
}
330
B6
100
AcDbScale
 70
     0
300
3/8" = 1'-0"
140
0.375
141
12.0
290
     0
  0
SCALE
  5
13D
102
{ACAD_REACTORS
330
B6
102
}
330
B6
100
AcDbScale
 70
     0
300
1/2" = 1'-0"
140
0.5
141
12.0
290
     0
  0
SCALE
  5
13E
102
{ACAD_REACTORS
330
B6
102
}
330
B6
100
AcDbScale
 70
     0
300
3/4" = 1'-0"
140
0.75
141
12.0
290
     0
  0
SCALE
  5
13F
102
{ACAD_REACTORS
330
B6
102
}
330
B6
100
AcDbScale
 70
     0
300
1" = 1'-0"
140
1.0
141
12.0
290
     0
  0
SCALE
  5
140
102
{ACAD_REACTORS
330
B6
102
}
330
B6
100
AcDbScale
 70
     0
300
1-1/2" = 1'-0"
140
1.5
141
12.0
290
     0
  0
SCALE
  5
141
102
{ACAD_REACTORS
330
B6
102
}
330
B6
100
AcDbScale
 70
     0
300
3" = 1'-0"
140
3.0
141
12.0
290
     0
  0
SCALE
  5
142
102
{ACAD_REACTORS
330
B6
102
}
330
B6
100
AcDbScale
 70
     0
300
6" = 1'-0"
140
6.0
141
12.0
290
     0
  0
SCALE
  5
143
102
{ACAD_REACTORS
330
B6
102
}
330
B6
100
AcDbScale
 70
     0
300
1'-0" = 1'-0"
140
12.0
141
12.0
290
     0
  0
ACDBSECTIONVIEWSTYLE
  5
1AA
102
{ACAD_REACTORS
330
1A8
102
}
330
1A8
100
AcDbModelDocViewStyle
 70
     0
  3
Imperial24
290
     0
300
Imperial24
 90
        0
100
AcDbSectionViewStyle
 70
     0
 71
     0
 90
       78
 71
     1
340
11
 62
   256
 40
0.24
340
0
340
0
 62
   256
 40
0.24
300
I, O, Q, S, X, Z
 40
0.48
 90
        3
 40
0.18
 90
        1
 71
     2
340
16
 90
       25
 62
   256
340
16
 90
       50
 62
   256
 40
0.24
 40
0.0
 40
0.24
 71
     3
340
11
 62
   256
 40
0.24
 90
        1
 40
0.75
 90
        1
300
%<\AcVar ViewType \f "%tc1">% %<\AcVar ViewSectionStartId>%-%<\AcVar ViewSectionEndId>%\PSCALE %<\AcVar ViewScale \f "%sn">%
 71
     4
 62
   256
 62
   257
300
ANSI31
 40
1.0
 90
        0
290
     0
290
     0
 90
        6
 40
0.0
 40
1.570796326794896
 40
0.2617993877991494
 40
1.308996938995747
 40
-0.2617993877991494
 40
1.832595714594045
  0
ACDBSECTIONVIEWSTYLE
  5
8C6
102
{ACAD_REACTORS
330
1A8
102
}
330
1A8
100
AcDbModelDocViewStyle
 70
     0
  3
Metric50
290
     0
300
Metric50
 90
        0
100
AcDbSectionViewStyle
 70
     0
 71
     0
 90
      102
 71
     1
340
11
 62
   256
 40
5.0
340
0
340
0
 62
   256
 40
5.0
300
I, O, Q, S, X, Z
 40
10.0
 90
        0
 40
2.5
 90
        0
 71
     2
340
16
 90
       25
 62
   256
340
16
 90
       50
 62
   256
 40
5.0
 40
2.5
 40
5.0
 71
     3
340
11
 62
   256
 40
5.0
 90
        0
 40
15.0
 90
        1
300
%<\AcVar ViewSectionStartId>%-%<\AcVar ViewSectionEndId>% (%<\AcVar ViewScale \f "%sn">%)
 71
     4
 62
   256
 62
   257
300
ANSI31
 40
1.0
 90
        0
290
     0
290
     0
 90
        6
 40
0.0
 40
1.570796326794896
 40
0.2617993877991494
 40
1.308996938995747
 40
-0.2617993877991494
 40
1.832595714594045
  0
TABLESTYLE
  5
87
102
{ACAD_XDICTIONARY
360
104
102
}
102
{ACAD_REACTORS
330
86
102
}
330
86
100
AcDbTableStyle
280
     0
  3
Standard
 70
     0
 71
     0
 40
0.06
 41
0.06
280
     0
281
     0
  7
Standard
140
0.18
170
     2
 62
     0
 63
     7
283
     0
 90
      512
 91
        0
  1

274
    -2
284
     1
 64
     0
275
    -2
285
     1
 65
     0
276
    -2
286
     1
 66
     0
277
    -2
287
     1
 67
     0
278
    -2
288
     1
 68
     0
279
    -2
289
     1
 69
     0
  7
Standard
140
0.25
170
     5
 62
     0
 63
     7
283
     0
 90
      512
 91
        0
  1

274
    -2
284
     1
 64
     0
275
    -2
285
     1
 65
     0
276
    -2
286
     1
 66
     0
277
    -2
287
     1
 67
     0
278
    -2
288
     1
 68
     0
279
    -2
289
     1
 69
     0
  7
Standard
140
0.18
170
     5
 62
     0
 63
     7
283
     0
 90
      512
 91
        0
  1

274
    -2
284
     1
 64
     0
275
    -2
285
     1
 65
     0
276
    -2
286
     1
 66
     0
277
    -2
287
     1
 67
     0
278
    -2
288
     1
 68
     0
279
    -2
289
     1
 69
     0
  0
VISUALSTYLE
  5
9F
102
{ACAD_REACTORS
330
99
102
}
330
99
100
AcDbVisualStyle
  2
2dWireframe
 70
     4
177
     3
291
     0
 70
    58
 90
        0
176
     1
 90
        2
176
     1
 90
        1
176
     1
 90
        0
176
     1
 40
0.6
176
     1
 40
30.0
176
     1
 62
     7
420
 16777215
176
     1
 90
        1
176
     1
 90
        4
176
     1
 62
     7
176
     1
 62
   257
176
     1
 90
        1
176
     1
 90
        1
176
     1
 40
1.0
176
     1
 90
        0
176
     1
 62
   257
176
     1
 40
1.0
176
     1
 90
        1
176
     1
 90
        6
176
     1
 90
        2
176
     1
 62
     7
176
     1
 90
        5
176
     1
 90
        0
176
     1
 90
        0
176
     1
290
     0
176
     1
 90
        1
176
     1
 40
0.0
176
     1
 90
        0
176
     1
290
     1
176
     1
290
     1
176
     1
290
     0
176
     1
290
     0
176
     1
290
     0
176
     1
290
     0
176
     1
290
     0
176
     1
290
     0
176
     1
290
     0
176
     1
 90
       50
176
     1
 40
0.0
176
     1
 40
1.0
176
     1
 90
        0
176
     1
 62
    18
176
     1
 90
       50
176
     1
 90
        3
176
     1
 62
     5
420
      255
176
     1
290
     0
176
     1
 90
       50
176
     1
 90
       50
176
     1
 90
       50
176
     1
290
     0
176
     1
 90
       50
176
     1
 62
   256
176
     0
 40
1.0
176
     0
 90
        2
176
     1
  1
strokes_ogs.tif
176
     1
290
     0
176
     1
 40
1.0
176
     1
 40
1.0
176
     1
  0
VISUALSTYLE
  5
9E
102
{ACAD_REACTORS
330
99
102
}
330
99
100
AcDbVisualStyle
  2
Basic
 70
     7
177
     3
291
     1
 70
    58
 90
        1
176
     1
 90
        0
176
     1
 90
        1
176
     1
 90
        0
176
     1
 40
0.6
176
     1
 40
30.0
176
     1
 62
     7
420
 16777215
176
     1
 90
        0
176
     1
 90
        4
176
     1
 62
     7
176
     1
 62
   257
176
     1
 90
        1
176
     1
 90
        1
176
     1
 40
1.0
176
     1
 90
        8
176
     1
 62
     7
176
     1
 40
1.0
176
     1
 90
        1
176
     1
 90
        6
176
     1
 90
        2
176
     1
 62
     7
176
     1
 90
        5
176
     1
 90
        0
176
     1
 90
        0
176
     1
290
     0
176
     1
 90
        1
176
     1
 40
0.0
176
     1
 90
        0
176
     1
290
     0
176
     1
290
     1
176
     1
290
     1
176
     1
290
     0
176
     1
290
     0
176
     1
290
     0
176
     1
290
     0
176
     1
290
     0
176
     1
290
     0
176
     1
 90
       50
176
     1
 40
0.0
176
     1
 40
1.0
176
     1
 90
        0
176
     1
 62
    18
176
     1
 90
       50
176
     1
 90
        3
176
     1
 62
     5
420
      255
176
     1
290
     0
176
     1
 90
       50
176
     1
 90
       50
176
     1
 90
       50
176
     1
290
     0
176
     1
 90
       50
176
     1
 62
   256
176
     0
 40
1.0
176
     0
 90
        2
176
     1
  1
strokes_ogs.tif
176
     1
290
     0
176
     1
 40
1.0
176
     1
 40
1.0
176
     1
  0
VISUALSTYLE
  5
A5
102
{ACAD_REACTORS
330
99
102
}
330
99
100
AcDbVisualStyle
  2
Brighten
 70
    12
177
     3
291
     1
 70
    58
 90
        2
176
     1
 90
        2
176
     1
 90
        1
176
     1
 90
        0
176
     1
 40
0.6
176
     1
 40
30.0
176
     1
 62
     7
420
 16777215
176
     1
 90
        1
176
     1
 90
        4
176
     1
 62
     7
176
     1
 62
   257
176
     1
 90
        1
176
     1
 90
        1
176
     1
 40
1.0
176
     1
 90
        8
176
     1
 62
     7
176
     1
 40
1.0
176
     1
 90
        1
176
     1
 90
        6
176
     1
 90
        2
176
     1
 62
     7
176
     1
 90
        5
176
     1
 90
        0
176
     1
 90
        0
176
     1
290
     0
176
     1
 90
        1
176
     1
 40
50.0
176
     1
 90
        0
176
     1
290
     0
176
     1
290
     1
176
     1
290
     1
176
     1
290
     0
176
     1
290
     0
176
     1
290
     0
176
     1
290
     0
176
     1
290
     0
176
     1
290
     0
176
     1
 90
       50
176
     1
 40
0.0
176
     1
 40
1.0
176
     1
 90
        0
176
     1
 62
    18
176
     1
 90
       50
176
     1
 90
        3
176
     1
 62
     5
420
      255
176
     1
290
     0
176
     1
 90
       50
176
     1
 90
       50
176
     1
 90
       50
176
     1
290
     0
176
     1
 90
       50
176
     1
 62
   256
176
     0
 40
1.0
176
     0
 90
        2
176
     1
  1
strokes_ogs.tif
176
     1
290
     0
176
     1
 40
1.0
176
     1
 40
1.0
176
     1
  0
VISUALSTYLE
  5
A9
102
{ACAD_REACTORS
330
99
102
}
330
99
100
AcDbVisualStyle
  2
ColorChange
 70
    16
177
     3
291
     1
 70
    58
 90
        2
176
     1
 90
        2
176
     1
 90
        3
176
     1
 90
        0
176
     1
 40
0.6
176
     1
 40
30.0
176
     1
 62
     8
420
  8421504
176
     1
 90
        1
176
     1
 90
        4
176
     1
 62
     7
176
     1
 62
   257
176
     1
 90
        1
176
     1
 90
        1
176
     1
 40
1.0
176
     1
 90
        8
176
     1
 62
     8
420
  8421504
176
     1
 40
1.0
176
     1
 90
        1
176
     1
 90
        6
176
     1
 90
        2
176
     1
 62
     7
176
     1
 90
        5
176
     1
 90
        0
176
     1
 90
        0
176
     1
290
     0
176
     1
 90
        1
176
     1
 40
0.0
176
     1
 90
        0
176
     1
290
     0
176
     1
290
     1
176
     1
290
     1
176
     1
290
     0
176
     1
290
     0
176
     1
290
     0
176
     1
290
     0
176
     1
290
     0
176
     1
290
     0
176
     1
 90
       50
176
     1
 40
0.0
176
     1
 40
1.0
176
     1
 90
        0
176
     1
 62
    18
176
     1
 90
       50
176
     1
 90
        3
176
     1
 62
     5
420
      255
176
     1
290
     0
176
     1
 90
       50
176
     1
 90
       50
176
     1
 90
       50
176
     1
290
     0
176
     1
 90
       50
176
     1
 62
   256
176
     0
 40
1.0
176
     0
 90
        2
176
     1
  1
strokes_ogs.tif
176
     1
290
     0
176
     1
 40
1.0
176
     1
 40
1.0
176
     1
  0
VISUALSTYLE
  5
A2
102
{ACAD_REACTORS
330
99
102
}
330
99
100
AcDbVisualStyle
  2
Conceptual
 70
     9
177
     3
291
     0
 70
    58
 90
        3
176
     1
 90
        2
176
     1
 90
        1
176
     1
 90
        0
176
     1
 40
0.6
176
     1
 40
30.0
176
     1
 62
     7
420
 16777215
176
     1
 90
        2
176
     1
 90
        2
176
     1
 62
     7
176
     1
 62
   257
176
     1
 90
        1
176
     1
 90
        1
176
     1
 40
40.0
176
     1
 90
        8
176
     1
 62
     7
176
     1
 40
1.0
176
     1
 90
        1
176
     1
 90
        6
176
     1
 90
        2
176
     1
 62
     7
176
     1
 90
        3
176
     1
 90
        0
176
     1
 90
        0
176
     1
290
     0
176
     1
 90
        1
176
     1
 40
0.0
176
     1
 90
        0
176
     1
290
     0
176
     1
290
     1
176
     1
290
     1
176
     1
290
     0
176
     1
290
     0
176
     1
290
     0
176
     1
290
     0
176
     1
290
     0
176
     1
290
     0
176
     1
 90
       50
176
     1
 40
0.0
176
     1
 40
1.0
176
     1
 90
        0
176
     1
 62
    18
176
     1
 90
       50
176
     1
 90
        3
176
     1
 62
     5
420
      255
176
     1
290
     0
176
     1
 90
       50
176
     1
 90
       50
176
     1
 90
       50
176
     1
290
     0
176
     1
 90
       50
176
     1
 62
   256
176
     0
 40
1.0
176
     0
 90
        2
176
     1
  1
strokes_ogs.tif
176
     1
290
     0
176
     1
 40
1.0
176
     1
 40
1.0
176
     1
  0
VISUALSTYLE
  5
A4
102
{ACAD_REACTORS
330
99
102
}
330
99
100
AcDbVisualStyle
  2
Dim
 70
    11
177
     3
291
     1
 70
    58
 90
        2
176
     1
 90
        2
176
     1
 90
        1
176
     1
 90
        0
176
     1
 40
0.6
176
     1
 40
30.0
176
     1
 62
     7
420
 16777215
176
     1
 90
        1
176
     1
 90
        4
176
     1
 62
     7
176
     1
 62
   257
176
     1
 90
        1
176
     1
 90
        1
176
     1
 40
1.0
176
     1
 90
        8
176
     1
 62
     7
176
     1
 40
1.0
176
     1
 90
        1
176
     1
 90
        6
176
     1
 90
        2
176
     1
 62
     7
176
     1
 90
        5
176
     1
 90
        0
176
     1
 90
        0
176
     1
290
     0
176
     1
 90
        1
176
     1
 40
-50.0
176
     1
 90
        0
176
     1
290
     0
176
     1
290
     1
176
     1
290
     1
176
     1
290
     0
176
     1
290
     0
176
     1
290
     0
176
     1
290
     0
176
     1
290
     0
176
     1
290
     0
176
     1
 90
       50
176
     1
 40
0.0
176
     1
 40
1.0
176
     1
 90
        0
176
     1
 62
    18
176
     1
 90
       50
176
     1
 90
        3
176
     1
 62
     5
420
      255
176
     1
290
     0
176
     1
 90
       50
176
     1
 90
       50
176
     1
 90
       50
176
     1
290
     0
176
     1
 90
       50
176
     1
 62
   256
176
     0
 40
1.0
176
     0
 90
        2
176
     1
  1
strokes_ogs.tif
176
     1
290
     0
176
     1
 40
1.0
176
     1
 40
1.0
176
     1
  0
VISUALSTYLE
  5
175
102
{ACAD_REACTORS
330
99
102
}
330
99
100
AcDbVisualStyle
  2
EdgeColorOff
 70
    22
177
     3
291
     1
 70
    58
 90
        2
176
     0
 90
        2
176
     0
 90
        0
176
     0
 90
        0
176
     0
 40
0.6
176
     0
 40
30.0
176
     0
 62
     7
420
 16777215
176
     0
 90
        1
176
     0
 90
        4
176
     0
 62
     7
176
     0
 62
   257
176
     0
 90
        1
176
     0
 90
        1
176
     0
 40
1.0
176
     0
 90
        8
176
     2
 62
     7
176
     0
 40
1.0
176
     0
 90
        1
176
     0
 90
        6
176
     0
 90
        2
176
     0
 62
     7
176
     0
 90
        5
176
     0
 90
        0
176
     0
 90
        0
176
     0
290
     0
176
     0
 90
        1
176
     0
 40
0.0
176
     0
 90
        0
176
     0
290
     0
176
     1
290
     1
176
     1
290
     1
176
     1
290
     0
176
     1
290
     0
176
     1
290
     0
176
     1
290
     0
176
     1
290
     0
176
     1
290
     0
176
     1
 90
       50
176
     1
 40
0.0
176
     1
 40
1.0
176
     1
 90
        0
176
     1
 62
    18
176
     1
 90
       50
176
     1
 90
        3
176
     1
 62
     5
420
      255
176
     1
290
     0
176
     1
 90
       50
176
     1
 90
       50
176
     1
 90
       50
176
     1
290
     0
176
     1
 90
       50
176
     1
 62
   256
176
     0
 40
1.0
176
     0
 90
        2
176
     1
  1
strokes_ogs.tif
176
     1
290
     0
176
     1
 40
1.0
176
     1
 40
1.0
176
     1
  0
VISUALSTYLE
  5
A8
102
{ACAD_REACTORS
330
99
102
}
330
99
100
AcDbVisualStyle
  2
Facepattern
 70
    15
177
     3
291
     1
 70
    58
 90
        2
176
     1
 90
        2
176
     1
 90
        1
176
     1
 90
        0
176
     1
 40
0.6
176
     1
 40
30.0
176
     1
 62
     7
420
 16777215
176
     1
 90
        1
176
     1
 90
        4
176
     1
 62
     7
176
     1
 62
   257
176
     1
 90
        1
176
     1
 90
        1
176
     1
 40
1.0
176
     1
 90
        8
176
     1
 62
     7
176
     1
 40
1.0
176
     1
 90
        1
176
     1
 90
        6
176
     1
 90
        2
176
     1
 62
     7
176
     1
 90
        5
176
     1
 90
        0
176
     1
 90
        0
176
     1
290
     0
176
     1
 90
        1
176
     1
 40
0.0
176
     1
 90
        0
176
     1
290
     0
176
     1
290
     1
176
     1
290
     1
176
     1
290
     0
176
     1
290
     0
176
     1
290
     0
176
     1
290
     0
176
     1
290
     0
176
     1
290
     0
176
     1
 90
       50
176
     1
 40
0.0
176
     1
 40
1.0
176
     1
 90
        0
176
     1
 62
    18
176
     1
 90
       50
176
     1
 90
        3
176
     1
 62
     5
420
      255
176
     1
290
     0
176
     1
 90
       50
176
     1
 90
       50
176
     1
 90
       50
176
     1
290
     0
176
     1
 90
       50
176
     1
 62
   256
176
     0
 40
1.0
176
     0
 90
        2
176
     1
  1
strokes_ogs.tif
176
     1
290
     0
176
     1
 40
1.0
176
     1
 40
1.0
176
     1
  0
VISUALSTYLE
  5
9A
102
{ACAD_REACTORS
330
99
102
}
330
99
100
AcDbVisualStyle
  2
Flat
 70
     0
177
     3
291
     1
 70
    58
 90
        2
176
     1
 90
        1
176
     1
 90
        1
176
     1
 90
        2
176
     1
 40
0.6
176
     1
 40
30.0
176
     1
 62
     7
420
 16777215
176
     1
 90
        0
176
     1
 90
        0
176
     1
 62
     7
176
     1
 62
   257
176
     1
 90
        1
176
     1
 90
        1
176
     1
 40
1.0
176
     1
 90
        8
176
     1
 62
     7
176
     1
 40
1.0
176
     1
 90
        1
176
     1
 90
        6
176
     1
 90
        2
176
     1
 62
     7
176
     1
 90
        5
176
     1
 90
        0
176
     1
 90
        0
176
     1
290
     0
176
     1
 90
       13
176
     1
 40
0.0
176
     1
 90
        0
176
     1
290
     0
176
     1
290
     1
176
     1
290
     1
176
     1
290
     0
176
     1
290
     0
176
     1
290
     0
176
     1
290
     0
176
     1
290
     0
176
     1
290
     0
176
     1
 90
       50
176
     1
 40
0.0
176
     1
 40
1.0
176
     1
 90
        0
176
     1
 62
    18
176
     1
 90
       50
176
     1
 90
        3
176
     1
 62
     5
420
      255
176
     1
290
     0
176
     1
 90
       50
176
     1
 90
       50
176
     1
 90
       50
176
     1
290
     0
176
     1
 90
       50
176
     1
 62
   256
176
     0
 40
1.0
176
     0
 90
        2
176
     1
  1
strokes_ogs.tif
176
     1
290
     0
176
     1
 40
1.0
176
     1
 40
1.0
176
     1
  0
VISUALSTYLE
  5
9B
102
{ACAD_REACTORS
330
99
102
}
330
99
100
AcDbVisualStyle
  2
FlatWithEdges
 70
     1
177
     3
291
     1
 70
    58
 90
        2
176
     1
 90
        1
176
     1
 90
        1
176
     1
 90
        2
176
     1
 40
0.6
176
     1
 40
30.0
176
     1
 62
     7
420
 16777215
176
     1
 90
        1
176
     1
 90
        0
176
     1
 62
     7
176
     1
 62
   257
176
     1
 90
        1
176
     1
 90
        1
176
     1
 40
1.0
176
     1
 90
        0
176
     1
 62
   257
176
     1
 40
1.0
176
     1
 90
        1
176
     1
 90
        6
176
     1
 90
        2
176
     1
 62
     7
176
     1
 90
        5
176
     1
 90
        0
176
     1
 90
        0
176
     1
290
     0
176
     1
 90
       13
176
     1
 40
0.0
176
     1
 90
        0
176
     1
290
     0
176
     1
290
     1
176
     1
290
     1
176
     1
290
     0
176
     1
290
     0
176
     1
290
     0
176
     1
290
     0
176
     1
290
     0
176
     1
290
     0
176
     1
 90
       50
176
     1
 40
0.0
176
     1
 40
1.0
176
     1
 90
        0
176
     1
 62
    18
176
     1
 90
       50
176
     1
 90
        3
176
     1
 62
     5
420
      255
176
     1
290
     0
176
     1
 90
       50
176
     1
 90
       50
176
     1
 90
       50
176
     1
290
     0
176
     1
 90
       50
176
     1
 62
   256
176
     0
 40
1.0
176
     0
 90
        2
176
     1
  1
strokes_ogs.tif
176
     1
290
     0
176
     1
 40
1.0
176
     1
 40
1.0
176
     1
  0
VISUALSTYLE
  5
9C
102
{ACAD_REACTORS
330
99
102
}
330
99
100
AcDbVisualStyle
  2
Gouraud
 70
     2
177
     3
291
     1
 70
    58
 90
        2
176
     1
 90
        2
176
     1
 90
        1
176
     1
 90
        2
176
     1
 40
0.6
176
     1
 40
30.0
176
     1
 62
     7
420
 16777215
176
     1
 90
        0
176
     1
 90
        0
176
     1
 62
     7
176
     1
 62
   257
176
     1
 90
        1
176
     1
 90
        1
176
     1
 40
1.0
176
     1
 90
        0
176
     1
 62
     7
176
     1
 40
1.0
176
     1
 90
        1
176
     1
 90
        6
176
     1
 90
        2
176
     1
 62
     7
176
     1
 90
        5
176
     1
 90
        0
176
     1
 90
        0
176
     1
290
     0
176
     1
 90
       13
176
     1
 40
0.0
176
     1
 90
        0
176
     1
290
     0
176
     1
290
     1
176
     1
290
     1
176
     1
290
     0
176
     1
290
     0
176
     1
290
     0
176
     1
290
     0
176
     1
290
     0
176
     1
290
     0
176
     1
 90
       50
176
     1
 40
0.0
176
     1
 40
1.0
176
     1
 90
        0
176
     1
 62
    18
176
     1
 90
       50
176
     1
 90
        3
176
     1
 62
     5
420
      255
176
     1
290
     0
176
     1
 90
       50
176
     1
 90
       50
176
     1
 90
       50
176
     1
290
     0
176
     1
 90
       50
176
     1
 62
   256
176
     0
 40
1.0
176
     0
 90
        2
176
     1
  1
strokes_ogs.tif
176
     1
290
     0
176
     1
 40
1.0
176
     1
 40
1.0
176
     1
  0
VISUALSTYLE
  5
9D
102
{ACAD_REACTORS
330
99
102
}
330
99
100
AcDbVisualStyle
  2
GouraudWithEdges
 70
     3
177
     3
291
     1
 70
    58
 90
        2
176
     1
 90
        2
176
     1
 90
        1
176
     1
 90
        2
176
     1
 40
0.6
176
     1
 40
30.0
176
     1
 62
     7
420
 16777215
176
     1
 90
        1
176
     1
 90
        0
176
     1
 62
     7
176
     1
 62
   257
176
     1
 90
        1
176
     1
 90
        1
176
     1
 40
1.0
176
     1
 90
        0
176
     1
 62
   257
176
     1
 40
1.0
176
     1
 90
        1
176
     1
 90
        6
176
     1
 90
        2
176
     1
 62
     7
176
     1
 90
        5
176
     1
 90
        0
176
     1
 90
        0
176
     1
290
     0
176
     1
 90
       13
176
     1
 40
0.0
176
     1
 90
        0
176
     1
290
     0
176
     1
290
     1
176
     1
290
     1
176
     1
290
     0
176
     1
290
     0
176
     1
290
     0
176
     1
290
     0
176
     1
290
     0
176
     1
290
     0
176
     1
 90
       50
176
     1
 40
0.0
176
     1
 40
1.0
176
     1
 90
        0
176
     1
 62
    18
176
     1
 90
       50
176
     1
 90
        3
176
     1
 62
     5
420
      255
176
     1
290
     0
176
     1
 90
       50
176
     1
 90
       50
176
     1
 90
       50
176
     1
290
     0
176
     1
 90
       50
176
     1
 62
   256
176
     0
 40
1.0
176
     0
 90
        2
176
     1
  1
strokes_ogs.tif
176
     1
290
     0
176
     1
 40
1.0
176
     1
 40
1.0
176
     1
  0
VISUALSTYLE
  5
A1
102
{ACAD_REACTORS
330
99
102
}
330
99
100
AcDbVisualStyle
  2
Hidden
 70
     6
177
     3
291
     0
 70
    58
 90
        1
176
     1
 90
        2
176
     1
 90
        2
176
     1
 90
        0
176
     1
 40
0.6
176
     1
 40
30.0
176
     1
 62
     7
420
 16777215
176
     1
 90
        2
176
     1
 90
        2
176
     1
 62
     7
176
     1
 62
   257
176
     1
 90
        2
176
     1
 90
        1
176
     1
 40
40.0
176
     1
 90
        0
176
     1
 62
   257
176
     1
 40
1.0
176
     1
 90
        1
176
     1
 90
        6
176
     1
 90
        2
176
     1
 62
     7
176
     1
 90
        3
176
     1
 90
        0
176
     1
 90
        0
176
     1
290
     0
176
     1
 90
        1
176
     1
 40
0.0
176
     1
 90
        0
176
     1
290
     0
176
     1
290
     1
176
     1
290
     1
176
     1
290
     0
176
     1
290
     0
176
     1
290
     0
176
     1
290
     0
176
     1
290
     0
176
     1
290
     0
176
     1
 90
       50
176
     1
 40
0.0
176
     1
 40
1.0
176
     1
 90
        0
176
     1
 62
    18
176
     1
 90
       50
176
     1
 90
        3
176
     1
 62
     5
420
      255
176
     1
290
     0
176
     1
 90
       50
176
     1
 90
       50
176
     1
 90
       50
176
     1
290
     0
176
     1
 90
       50
176
     1
 62
   256
176
     0
 40
1.0
176
     0
 90
        2
176
     1
  1
strokes_ogs.tif
176
     1
290
     0
176
     1
 40
1.0
176
     1
 40
1.0
176
     1
  0
VISUALSTYLE
  5
173
102
{ACAD_REACTORS
330
99
102
}
330
99
100
AcDbVisualStyle
  2
JitterOff
 70
    20
177
     3
291
     1
 70
    58
 90
        2
176
     0
 90
        2
176
     0
 90
        0
176
     0
 90
        0
176
     0
 40
0.6
176
     0
 40
30.0
176
     0
 62
     7
420
 16777215
176
     0
 90
        1
176
     0
 90
        4
176
     0
 62
     7
176
     0
 62
   257
176
     0
 90
        1
176
     0
 90
        1
176
     0
 40
1.0
176
     0
 90
       10
176
     2
 62
     7
176
     0
 40
1.0
176
     0
 90
        1
176
     0
 90
        6
176
     0
 90
        2
176
     0
 62
     7
176
     0
 90
        5
176
     0
 90
        0
176
     0
 90
        0
176
     0
290
     0
176
     0
 90
        1
176
     0
 40
0.0
176
     0
 90
        0
176
     0
290
     0
176
     1
290
     1
176
     1
290
     1
176
     1
290
     0
176
     1
290
     0
176
     1
290
     0
176
     1
290
     0
176
     1
290
     0
176
     1
290
     0
176
     1
 90
       50
176
     1
 40
0.0
176
     1
 40
1.0
176
     1
 90
        0
176
     1
 62
    18
176
     1
 90
       50
176
     1
 90
        3
176
     1
 62
     5
420
      255
176
     1
290
     0
176
     1
 90
       50
176
     1
 90
       50
176
     1
 90
       50
176
     1
290
     0
176
     1
 90
       50
176
     1
 62
   256
176
     0
 40
1.0
176
     0
 90
        2
176
     1
  1
strokes_ogs.tif
176
     1
290
     0
176
     1
 40
1.0
176
     1
 40
1.0
176
     1
  0
VISUALSTYLE
  5
A7
102
{ACAD_REACTORS
330
99
102
}
330
99
100
AcDbVisualStyle
  2
Linepattern
 70
    14
177
     3
291
     1
 70
    58
 90
        2
176
     1
 90
        2
176
     1
 90
        1
176
     1
 90
        0
176
     1
 40
0.6
176
     1
 40
30.0
176
     1
 62
     7
420
 16777215
176
     1
 90
        1
176
     1
 90
        4
176
     1
 62
     7
176
     1
 62
   257
176
     1
 90
        7
176
     1
 90
        7
176
     1
 40
1.0
176
     1
 90
        8
176
     1
 62
     7
176
     1
 40
1.0
176
     1
 90
        1
176
     1
 90
        6
176
     1
 90
        2
176
     1
 62
     7
176
     1
 90
        5
176
     1
 90
        0
176
     1
 90
        0
176
     1
290
     0
176
     1
 90
        1
176
     1
 40
0.0
176
     1
 90
        0
176
     1
290
     0
176
     1
290
     1
176
     1
290
     1
176
     1
290
     0
176
     1
290
     0
176
     1
290
     0
176
     1
290
     0
176
     1
290
     0
176
     1
290
     0
176
     1
 90
       50
176
     1
 40
0.0
176
     1
 40
1.0
176
     1
 90
        0
176
     1
 62
    18
176
     1
 90
       50
176
     1
 90
        3
176
     1
 62
     5
420
      255
176
     1
290
     0
176
     1
 90
       50
176
     1
 90
       50
176
     1
 90
       50
176
     1
290
     0
176
     1
 90
       50
176
     1
 62
   256
176
     0
 40
1.0
176
     0
 90
        2
176
     1
  1
strokes_ogs.tif
176
     1
290
     0
176
     1
 40
1.0
176
     1
 40
1.0
176
     1
  0
VISUALSTYLE
  5
174
102
{ACAD_REACTORS
330
99
102
}
330
99
100
AcDbVisualStyle
  2
OverhangOff
 70
    21
177
     3
291
     1
 70
    58
 90
        2
176
     0
 90
        2
176
     0
 90
        0
176
     0
 90
        0
176
     0
 40
0.6
176
     0
 40
30.0
176
     0
 62
     7
420
 16777215
176
     0
 90
        1
176
     0
 90
        4
176
     0
 62
     7
176
     0
 62
   257
176
     0
 90
        1
176
     0
 90
        1
176
     0
 40
1.0
176
     0
 90
        9
176
     2
 62
     7
176
     0
 40
1.0
176
     0
 90
        1
176
     0
 90
        6
176
     0
 90
        2
176
     0
 62
     7
176
     0
 90
        5
176
     0
 90
        0
176
     0
 90
        0
176
     0
290
     0
176
     0
 90
        1
176
     0
 40
0.0
176
     0
 90
        0
176
     0
290
     0
176
     1
290
     1
176
     1
290
     1
176
     1
290
     0
176
     1
290
     0
176
     1
290
     0
176
     1
290
     0
176
     1
290
     0
176
     1
290
     0
176
     1
 90
       50
176
     1
 40
0.0
176
     1
 40
1.0
176
     1
 90
        0
176
     1
 62
    18
176
     1
 90
       50
176
     1
 90
        3
176
     1
 62
     5
420
      255
176
     1
290
     0
176
     1
 90
       50
176
     1
 90
       50
176
     1
 90
       50
176
     1
290
     0
176
     1
 90
       50
176
     1
 62
   256
176
     0
 40
1.0
176
     0
 90
        2
176
     1
  1
strokes_ogs.tif
176
     1
290
     0
176
     1
 40
1.0
176
     1
 40
1.0
176
     1
  0
VISUALSTYLE
  5
A3
102
{ACAD_REACTORS
330
99
102
}
330
99
100
AcDbVisualStyle
  2
Realistic
 70
     8
177
     3
291
     0
 70
    58
 90
        2
176
     1
 90
        3
176
     1
 90
        0
176
     1
 90
        2
176
     1
 40
0.6
176
     1
 40
30.0
176
     1
 62
     7
420
 16777215
176
     1
 90
        0
176
     1
 90
        0
176
     1
 62
     7
176
     1
 62
   257
176
     1
 90
        1
176
     1
 90
        1
176
     1
 40
1.0
176
     1
 90
        8
176
     1
 62
   257
176
     1
 40
1.0
176
     1
 90
        1
176
     1
 90
        6
176
     1
 90
        2
176
     1
 62
     7
176
     1
 90
        3
176
     1
 90
        0
176
     1
 90
        0
176
     1
290
     0
176
     1
 90
       13
176
     1
 40
0.0
176
     1
 90
        0
176
     1
290
     0
176
     1
290
     1
176
     1
290
     1
176
     1
290
     0
176
     1
290
     0
176
     1
290
     0
176
     1
290
     0
176
     1
290
     0
176
     1
290
     0
176
     1
 90
       50
176
     1
 40
0.0
176
     1
 40
1.0
176
     1
 90
        0
176
     1
 62
    18
176
     1
 90
       50
176
     1
 90
        3
176
     1
 62
     5
420
      255
176
     1
290
     0
176
     1
 90
       50
176
     1
 90
       50
176
     1
 90
       50
176
     1
290
     0
176
     1
 90
       50
176
     1
 62
   256
176
     0
 40
1.0
176
     0
 90
        2
176
     1
  1
strokes_ogs.tif
176
     1
290
     0
176
     1
 40
1.0
176
     1
 40
1.0
176
     1
  0
VISUALSTYLE
  5
182
102
{ACAD_REACTORS
330
99
102
}
330
99
100
AcDbVisualStyle
  2
Shaded
 70
    27
177
     3
291
     0
 70
    58
 90
        2
176
     1
 90
        2
176
     1
 90
        1
176
     1
 90
        2
176
     1
 40
0.6
176
     1
 40
30.0
176
     1
 62
     7
420
 16777215
176
     1
 90
        0
176
     1
 90
        4
176
     1
 62
     7
176
     1
 62
   257
176
     1
 90
        1
176
     1
 90
        1
176
     1
 40
1.0
176
     1
 90
        8
176
     1
 62
   257
176
     1
 40
1.0
176
     1
 90
        1
176
     1
 90
        6
176
     1
 90
        2
176
     1
 62
     8
420
  7895160
176
     1
 90
        3
176
     1
 90
        0
176
     1
 90
        0
176
     1
290
     0
176
     1
 90
        5
176
     1
 40
0.0
176
     1
 90
        0
176
     1
290
     0
176
     1
290
     1
176
     1
290
     1
176
     1
290
     0
176
     1
290
     0
176
     1
290
     0
176
     1
290
     0
176
     1
290
     0
176
     1
290
     0
176
     1
 90
       50
176
     1
 40
0.0
176
     1
 40
1.0
176
     1
 90
        0
176
     1
 62
    18
176
     1
 90
       50
176
     1
 90
        3
176
     1
 62
     5
420
      255
176
     1
290
     0
176
     1
 90
       50
176
     1
 90
       50
176
     1
 90
       50
176
     1
290
     0
176
     1
 90
       50
176
     1
 62
   256
176
     0
 40
1.0
176
     0
 90
        2
176
     1
  1
strokes_ogs.tif
176
     1
290
     0
176
     1
 40
1.0
176
     1
 40
1.0
176
     1
  0
VISUALSTYLE
  5
181
102
{ACAD_REACTORS
330
99
102
}
330
99
100
AcDbVisualStyle
  2
Shaded with edges
 70
    26
177
     3
291
     0
 70
    58
 90
        2
176
     1
 90
        2
176
     1
 90
        1
176
     1
 90
        2
176
     1
 40
0.6
176
     1
 40
30.0
176
     1
 62
     7
420
 16777215
176
     1
 90
        1
176
     1
 90
        2
176
     1
 62
     7
176
     1
 62
   257
176
     1
 90
        2
176
     1
 90
        1
176
     1
 40
1.0
176
     1
 90
        8
176
     1
 62
   257
176
     1
 40
1.0
176
     1
 90
        1
176
     1
 90
        6
176
     1
 90
        2
176
     1
 62
     7
176
     1
 90
        3
176
     1
 90
        0
176
     1
 90
        0
176
     1
290
     0
176
     1
 90
        5
176
     1
 40
0.0
176
     1
 90
        0
176
     1
290
     0
176
     1
290
     1
176
     1
290
     1
176
     1
290
     0
176
     1
290
     0
176
     1
290
     0
176
     1
290
     0
176
     1
290
     0
176
     1
290
     0
176
     1
 90
       50
176
     1
 40
0.0
176
     1
 40
1.0
176
     1
 90
        0
176
     1
 62
    18
176
     1
 90
       50
176
     1
 90
        3
176
     1
 62
     5
420
      255
176
     1
290
     0
176
     1
 90
       50
176
     1
 90
       50
176
     1
 90
       50
176
     1
290
     0
176
     1
 90
       50
176
     1
 62
   256
176
     0
 40
1.0
176
     0
 90
        2
176
     1
  1
strokes_ogs.tif
176
     1
290
     0
176
     1
 40
1.0
176
     1
 40
1.0
176
     1
  0
VISUALSTYLE
  5
17E
102
{ACAD_REACTORS
330
99
102
}
330
99
100
AcDbVisualStyle
  2
Shades of Gray
 70
    23
177
     3
291
     0
 70
    58
 90
        2
176
     1
 90
        2
176
     1
 90
        3
176
     1
 90
        0
176
     1
 40
0.6
176
     1
 40
30.0
176
     1
 62
     7
420
 16777215
176
     1
 90
        2
176
     1
 90
        2
176
     1
 62
     7
176
     1
 62
     7
176
     1
 90
        1
176
     1
 90
        1
176
     1
 40
40.0
176
     1
 90
        8
176
     1
 62
     7
176
     1
 40
1.0
176
     1
 90
        1
176
     1
 90
        6
176
     1
 90
        2
176
     1
 62
     7
176
     1
 90
        3
176
     1
 90
        0
176
     1
 90
        0
176
     1
290
     0
176
     1
 90
        1
176
     1
 40
0.0
176
     1
 90
        0
176
     1
290
     0
176
     1
290
     1
176
     1
290
     1
176
     1
290
     0
176
     1
290
     0
176
     1
290
     0
176
     1
290
     0
176
     1
290
     0
176
     1
290
     0
176
     1
 90
       50
176
     1
 40
0.0
176
     1
 40
1.0
176
     1
 90
        0
176
     1
 62
    18
176
     1
 90
       50
176
     1
 90
        3
176
     1
 62
     5
420
      255
176
     1
290
     0
176
     1
 90
       50
176
     1
 90
       50
176
     1
 90
       50
176
     1
290
     0
176
     1
 90
       50
176
     1
 62
   256
176
     0
 40
1.0
176
     0
 90
        2
176
     1
  1
strokes_ogs.tif
176
     1
290
     0
176
     1
 40
1.0
176
     1
 40
1.0
176
     1
  0
VISUALSTYLE
  5
17F
102
{ACAD_REACTORS
330
99
102
}
330
99
100
AcDbVisualStyle
  2
Sketchy
 70
    24
177
     3
291
     0
 70
    58
 90
        1
176
     1
 90
        2
176
     1
 90
        2
176
     1
 90
        0
176
     1
 40
0.6
176
     1
 40
30.0
176
     1
 62
     7
420
 16777215
176
     1
 90
        2
176
     1
 90
        2
176
     1
 62
     7
176
     1
 62
     7
176
     1
 90
        1
176
     1
 90
        1
176
     1
 40
40.0
176
     1
 90
       11
176
     1
 62
     7
176
     1
 40
1.0
176
     1
 90
        1
176
     1
 90
        6
176
     1
 90
        2
176
     1
 62
     7
176
     1
 90
        6
176
     1
 90
        0
176
     1
 90
        0
176
     1
290
     0
176
     1
 90
        1
176
     1
 40
0.0
176
     1
 90
        0
176
     1
290
     0
176
     1
290
     1
176
     1
290
     1
176
     1
290
     0
176
     1
290
     0
176
     1
290
     0
176
     1
290
     0
176
     1
290
     0
176
     1
290
     0
176
     1
 90
       50
176
     1
 40
0.0
176
     1
 40
1.0
176
     1
 90
        0
176
     1
 62
    18
176
     1
 90
       50
176
     1
 90
        3
176
     1
 62
     5
420
      255
176
     1
290
     0
176
     1
 90
       50
176
     1
 90
       50
176
     1
 90
       50
176
     1
290
     0
176
     1
 90
       50
176
     1
 62
   256
176
     0
 40
1.0
176
     0
 90
        2
176
     1
  1
strokes_ogs.tif
176
     1
290
     0
176
     1
 40
1.0
176
     1
 40
1.0
176
     1
  0
VISUALSTYLE
  5
A6
102
{ACAD_REACTORS
330
99
102
}
330
99
100
AcDbVisualStyle
  2
Thicken
 70
    13
177
     3
291
     1
 70
    58
 90
        2
176
     1
 90
        2
176
     1
 90
        1
176
     1
 90
        0
176
     1
 40
0.6
176
     1
 40
30.0
176
     1
 62
     7
420
 16777215
176
     1
 90
        1
176
     1
 90
        4
176
     1
 62
     7
176
     1
 62
   257
176
     1
 90
        1
176
     1
 90
        1
176
     1
 40
1.0
176
     1
 90
       12
176
     1
 62
     7
176
     1
 40
1.0
176
     1
 90
        1
176
     1
 90
        6
176
     1
 90
        2
176
     1
 62
     7
176
     1
 90
        5
176
     1
 90
        0
176
     1
 90
        0
176
     1
290
     0
176
     1
 90
        1
176
     1
 40
0.0
176
     1
 90
        0
176
     1
290
     0
176
     1
290
     1
176
     1
290
     1
176
     1
290
     0
176
     1
290
     0
176
     1
290
     0
176
     1
290
     0
176
     1
290
     0
176
     1
290
     0
176
     1
 90
       50
176
     1
 40
0.0
176
     1
 40
1.0
176
     1
 90
        0
176
     1
 62
    18
176
     1
 90
       50
176
     1
 90
        3
176
     1
 62
     5
420
      255
176
     1
290
     0
176
     1
 90
       50
176
     1
 90
       50
176
     1
 90
       50
176
     1
290
     0
176
     1
 90
       50
176
     1
 62
   256
176
     0
 40
1.0
176
     0
 90
        2
176
     1
  1
strokes_ogs.tif
176
     1
290
     0
176
     1
 40
1.0
176
     1
 40
1.0
176
     1
  0
VISUALSTYLE
  5
A0
102
{ACAD_REACTORS
330
99
102
}
330
99
100
AcDbVisualStyle
  2
Wireframe
 70
     5
177
     3
291
     0
 70
    58
 90
        0
176
     1
 90
        2
176
     1
 90
        0
176
     1
 90
        0
176
     1
 40
0.6
176
     1
 40
30.0
176
     1
 62
     7
420
 16777215
176
     1
 90
        1
176
     1
 90
        4
176
     1
 62
     7
176
     1
 62
   257
176
     1
 90
        1
176
     1
 90
        1
176
     1
 40
1.0
176
     1
 90
        0
176
     1
 62
   257
176
     1
 40
1.0
176
     1
 90
        1
176
     1
 90
        6
176
     1
 90
        2
176
     1
 62
     7
176
     1
 90
        3
176
     1
 90
        0
176
     1
 90
        0
176
     1
290
     0
176
     1
 90
        1
176
     1
 40
0.0
176
     1
 90
        0
176
     1
290
     0
176
     1
290
     1
176
     1
290
     1
176
     1
290
     0
176
     1
290
     0
176
     1
290
     0
176
     1
290
     0
176
     1
290
     0
176
     1
290
     0
176
     1
 90
       50
176
     1
 40
0.0
176
     1
 40
1.0
176
     1
 90
        0
176
     1
 62
    18
176
     1
 90
       50
176
     1
 90
        3
176
     1
 62
     5
420
      255
176
     1
290
     0
176
     1
 90
       50
176
     1
 90
       50
176
     1
 90
       50
176
     1
290
     0
176
     1
 90
       50
176
     1
 62
   256
176
     0
 40
1.0
176
     0
 90
        2
176
     1
  1
strokes_ogs.tif
176
     1
290
     0
176
     1
 40
1.0
176
     1
 40
1.0
176
     1
  0
VISUALSTYLE
  5
180
102
{ACAD_REACTORS
330
99
102
}
330
99
100
AcDbVisualStyle
  2
X-Ray
 70
    25
177
     3
291
     0
 70
    58
 90
        2
176
     1
 90
        2
176
     1
 90
        1
176
     1
 90
        1
176
     1
 40
0.5
176
     1
 40
30.0
176
     1
 62
     7
420
 16777215
176
     1
 90
        1
176
     1
 90
        0
176
     1
 62
     7
176
     1
 62
   257
176
     1
 90
        1
176
     1
 90
        1
176
     1
 40
1.0
176
     1
 90
        8
176
     1
 62
     7
176
     1
 40
1.0
176
     1
 90
        1
176
     1
 90
        6
176
     1
 90
        2
176
     1
 62
     7
176
     1
 90
        3
176
     1
 90
        0
176
     1
 90
        0
176
     1
290
     0
176
     1
 90
       13
176
     1
 40
0.0
176
     1
 90
        0
176
     1
290
     0
176
     1
290
     1
176
     1
290
     1
176
     1
290
     0
176
     1
290
     0
176
     1
290
     0
176
     1
290
     0
176
     1
290
     0
176
     1
290
     0
176
     1
 90
       50
176
     1
 40
0.0
176
     1
 40
1.0
176
     1
 90
        0
176
     1
 62
    18
176
     1
 90
       50
176
     1
 90
        3
176
     1
 62
     5
420
      255
176
     1
290
     0
176
     1
 90
       50
176
     1
 90
       50
176
     1
 90
       50
176
     1
290
     0
176
     1
 90
       50
176
     1
 62
   256
176
     0
 40
1.0
176
     0
 90
        2
176
     1
  1
strokes_ogs.tif
176
     1
290
     0
176
     1
 40
1.0
176
     1
 40
1.0
176
     1
  0
DICTIONARYVAR
  5
1942
102
{ACAD_REACTORS
330
66
102
}
330
66
100
DictionaryVariables
280
     0
  1
0
  0
DICTIONARYVAR
  5
F0
102
{ACAD_REACTORS
330
66
102
}
330
66
100
DictionaryVariables
280
     0
  1
1:1
  0
DICTIONARYVAR
  5
EF
102
{ACAD_REACTORS
330
66
102
}
330
66
100
DictionaryVariables
280
     0
  1
STANDARD
  0
DICTIONARYVAR
  5
89
102
{ACAD_REACTORS
330
66
102
}
330
66
100
DictionaryVariables
280
     0
  1
STANDARD
  0
DICTIONARYVAR
  5
1B7
102
{ACAD_REACTORS
330
66
102
}
330
66
100
DictionaryVariables
280
     0
  1
Imperial24
  0
DICTIONARYVAR
  5
1B8
102
{ACAD_REACTORS
330
66
102
}
330
66
100
DictionaryVariables
280
     0
  1
Imperial24
  0
DICTIONARYVAR
  5
67
102
{ACAD_REACTORS
330
66
102
}
330
66
100
DictionaryVariables
280
     0
  1
2
  0
DICTIONARYVAR
  5
6B
102
{ACAD_REACTORS
330
66
102
}
330
66
100
DictionaryVariables
280
     0
  1
1
  0
DICTIONARYVAR
  5
14D
102
{ACAD_REACTORS
330
66
102
}
330
66
100
DictionaryVariables
280
     0
  1
0
  0
DICTIONARYVAR
  5
14E
102
{ACAD_REACTORS
330
66
102
}
330
66
100
DictionaryVariables
280
     0
  1
0
  0
DICTIONARY
  5
205
102
{ACAD_REACTORS
330
204
102
}
330
204
100
AcDbDictionary
280
     1
281
     1
  0
DICTIONARY
  5
194
330
22
100
AcDbDictionary
280
     1
281
     1
  0
DICTIONARY
  5
188
330
97
100
AcDbDictionary
280
     1
281
     1
  3
FBXASSET
360
189
  0
DICTIONARY
  5
186
330
96
100
AcDbDictionary
280
     1
281
     1
  3
FBXASSET
360
187
  0
DICTIONARY
  5
110
330
98
100
AcDbDictionary
280
     1
281
     1
  3
BUMPTILE
360
112
  3
DIFFUSETILE
360
111
  3
FBXASSET
360
18A
  3
OPACITYTILE
360
113
  3
REFLECTIONTILE
360
114
  0
DICTIONARY
  5
104
330
87
100
AcDbDictionary
280
     1
281
     1
  3
ACAD_ROUNDTRIP_2008_TABLESTYLE_CELLSTYLEMAP
360
1DEE
  0
XRECORD
  5
189
102
{ACAD_REACTORS
330
188
102
}
330
188
100
AcDbXrecord
280
     1
 70
     1
 90
429727718
  1
508B35C9-AEE7-456F-BE74-D52651303AC6
310
504B03040A0000080000B670623B3DEE336E79000000790000001B0000006175746F6465736B2D64657369676E2D7061636B6167652E786D6C3C3F786D6C2076657273696F6E3D22312E302220656E636F64696E673D227574662D3822203F3E3C666F726D6174733E3C666F726D61743E687474703A2F2F736368656D612E
310
6175746F6465736B2E636F6D2F64657369676E2D7061636B6167652F323030393C2F666F726D61743E3C2F666F726D6174733E504B0304140006080800B670623BD486FD9CA0000000F4000000130000005B436F6E74656E745F54797065735D2E786D6C7D8EC10E82300C865F65E91D8A1E8C310C0EEA1BF002731658846E
310
D98AC1B77784ABF1D8FE5FBFBF75BBCE937A534CCEB38643598122B6FEE978D0B0485F9C41B54DDD7D022595594E1A469170414C76A4D9A4D207E29CF43ECE46F218070CC6BECC4078ACAA135ACF422C856C0E68EA1BF5669944DDD7BCDE7B1F8E415D77AECB980613C2E4AC91FC167A2B244592486606FC29C8FD7F045B9A
310
EF7053A7E60B504B0304140006080800B670623B28ED286BEB0000007C01000008000000636F72652E786D6C8D90416EC3201045AF82665B6183218D6D61A254764FD00B204C5C94182C03558F5F9C3852BBEB6A467FFE9B197D71FA9E6FE8CBACC17AD7012D0820E3B41FAD9B3A48F1826B40272956EFE32F1B20A766D3C1
310
268314D3EAD3B24BDABB685CCCAAF3A3D94515828980F42D371D04FD696655A814B3235C8B45E9AB9A4C419F5D8653B2237A1CB163DE672FD6AC209BF3C08E0D1B30EB19C3FC9D72FCC6EB231EFA33EDE96BDD341517E5064B11EDFCBCAF57A3A2194156843498524CAA0FCA5B7268F9E185D42D21A2DCEC7FA0B48CFF8492
310
759155FBBB0F2C80A4F991FB408A72CB22977B50B96EB9C91F504B0304140006080800B670623B55019EA25F0000007C00000007000000636E782E786D6C4DCB3B0E80201045D1AD90E915ED2CF8AC45050C11660C8261F98AB1B07AC9C97D42D718D865D3E909258CFD00CCE24AC6E326A164D74DC0B4128928FF32603847
310
2BA13128B1252AC747C6BAB984FC68F0B87FE8960A5C09FE86CFB69FBA01504B0304140006080800B670623B7BC41AC871010000D40300000C0000006662782F636F72652E786D6CC553ED6E8320147D15C2DF4501B56B6D90A64BBB27D80B50A5CE54C120983EFEAE1F4DD7A56BBA5FF3879273EEE59E7310BE393735EA95
310
ED2AA333CC428A91D2B9292A5D66D8BB63B0C26823B835C67D2BC348CB46657880B1E0A535BE9DA1DC68A7B403549B42CDA0EC3AE530CA6B5864B8CB3F552343E91D5474A7B095F949962A6421D0502778E72C0840D390E18DC5F170E664C205F7BE2A66B62A605A75AC94C522DDEEE3651AEF837817C741F2CE92E02D592D
310
83FD6ECB76EC7595A651C2C9D02CB8AB9A8BBADC2AE954814544691A3016D0E883256BBA58278B17BA5A53CAC9507ED3E4DBE2C9265F691747B3DCA9ADC382819091F8E1162272A8933DE82182932144F88C09DF060D8140C84E1EEA8B8F1340BDCA9DB1093085F157AA97B557309586747CD0EF0B4EA64E983A6E0EAEEFCE
310
889E9EF17847386AA94B30211D2C0FDE0D3AF9A4610EAD5536E8DD1969631B593F67E381C33F5157F17725E5A636F6BF1491F980C8FC7B90E13E8A2F504B0304140006080800B670623B70102A487D0000009D0000000B0000006662782F636E782E786D6C4DCCD10A83201886E15B91FFDC95A5C30335ACCDFB886521330D
310
A76397BF1A1DECE883878F57749FD5A3B74D2F17830472A901D9F088930B8B849267CC01754AA418F3DF0D5018572BE160506249B16C274D761E8BCFBB7A179E27F65CB39A0F14D396184C9921B81F34C3ACA1B4B99ABB6E6F062A25AA5F69DF23ACBE504B0304140006080800B670623B3610CA3329010000120200003100
310
00006662782F42384135303843342D343331462D343546312D424341352D3532343432364645413344462F636F72652E786D6C8D515B6EC32010BC0AE22B55850D0E446E848992B43E412FE000495162B07854397EA176A4F62F3F2C9A9D991D58BEBB8F37F0AD7D30CE76905418026DA553C65E3A98E219B510EC04F7CEC5
310
3F3408EC30EA0E16180A7EF12E4D0B249D8DDAC68C5AA7F4020E21E80881BCE54B0783FCD2E3500D296646B856D320AFC34557A4CAEDCC133C449F0380794839A138B47B86DB2345744D7A44594FD0E1B867883594369BFE63BF7EEF793D0B054FC9A8456E548E63CE46FB674D8A58F068C6477CE9F510B582A2C1F80D1182
310
70F349E816B32D65AFB8DD62CCEB42FF274A937A52948C8DEB66893BCB021484D7734370E5D2E9F608A3EF93F3119479ABA0E50B14B8C298119A43CCC4FCFCECB8A18B6388CEE7EF5D5D4F994BD86CBBA182D76543B9FCAE2FD7B24DF103504B0304140006080800B670623B1B8617914E0100003303000030000000666278
310
2F42384135303843342D343331462D343546312D424341352D3532343432364645413344462F636E782E786D6CD593C16EC32010447F0571AD6CE3D489D20813A9877E410FBD62D82434182CC055F3F75D1292E692438FBD206B7698593D61BEFD1E2DF982108D773D6D6B460938E5B571FB9ECE6957AD29D90A1EBC4F7736
310
4A9C1CA1A759A682EF839FA72269D8C9D92654AD71C72206887E0E0A22CAF926B15E498B01E0AA19451807D01A34B919F16B070157417138917400F2F6FA41FCF0092A45DEE414C19BDC21783E4BD39D891265658C3D8DEA00A3ACE59CBC8678ACB54CB26EEB6BD7839D7E9348BE70AD9C8321B9BCA7F9A4A26C542347DEE0
310
50F09802D22BA6749A800A394DD62899107273365E3C82CFC6A55557BC06C10774B7ABE7AEC3B0F34CF06446280E154026D0542C187BA9DAB6628BF7B6DBB0E5A65B3EB1F58631DE64BBE083F7B65CC218087E22CABB042E51D1F2268F1FE12B3EA24D40D63E9CFE00120194D60B9D5BC67FE6D39CDF37E20AF817881F504B
310
0304140006080800B670623BBFEF2E3B690500003C100000340000006662782F42384135303843342D343331462D343546312D424341352D3532343432364645413344462F6F626A656374732E786D6CAD575D739B3814FD2B0CFB0C98D84E931D4227B6938EA793B6534F3BFB90198F0099B001899144EAECAFDF231018B0
310
D37A3FFC609090EEE7B94757C1FB7D915B2F54C88CB31BDB7727B64559CC938CA53776A576CE956DBD0F03C1B9EA2DB32D460A7A63EB693B0C52C1ABD24C257447AA5C8D66EF177F5832A68CDA569C13296F6C193FD182B8A4523CA1F2D94D88226EBADBBBBEDB2C1C8A4D05299F46424B222853B014F30C52ACC6287F389C
310
D85E1878FA7B18E87FB36AFAF62AAFF667A83F635211161F291B8999FAB3D5DDC5FCDA99CF6653677679E13B8BFBC5CAF1DF4D27CBCBE5F2FAF6EE1A8AA51290642C117467871F101B91C581D77CEA2C36869F3229E68CD1B8F61F1ED6361B89092D294B90C78C4A68EB793D190E7D1D9BDEE7A91E1B95FDE9F3BCEAEFE809
310
6A6D6F9F7D4B79F4275C90E7A04248AA51D5C4C738DAE06F72885AC4796EBE65D22A88A22223B995679120E2D50EB1542F098381188D4EA111AE3DB043FF20AF6F2B4AE3D7D83D65E5AECA730D4D3BAC91BD05FEA992B565D95F549CD6069B90AB2A63EACA38A45E4B6A87D781574F86817E4C2FCCC72690D62E2729520E37
310
9BAF234797BAF6D62B3BFC781FED37BA1E4F2B2F052FA9501A3E80569BB8F6A9A364D4FA67654E6F803383981F82F21591FF84F23D9882BC896C3FDBCF8C162508933B2E0AE4C69DD43F6BD2BE38DDDBF10BF86CB4FA784D37F3AF16075E67EC9030DECA1FC0A55373F5DFF3378C591FA9BDF485C10B0A8C8BA909E5262639
310
A8E72163488806A595734C81CB77D1DE0ED7604A303B76913CEC0272F412782FF88EFF4636D8AA56DF7B322474C4B767303F625997056C7B032C473C592B36CEBD15F3F9FF5233B7ABCDC74D257624A60F8658567497B14CE1EC3C80B76FD02011038F9EE9EB0F2E12387A9C844D3F09855125116D1D731DF8B43D2CF4E0A0
310
79A020C6BE946BCE0B7EA1E1219331CD73C228AF5A2DDD31A4B1DA918CE91350854D40A71723140BFA92E94E62B0626016CEFA5864A50E5977E8753CEDBEE1CBB7F52780D20E17AF0BA0F5F9B02A3AD07DCC732EB6D1EBB661421BE0C39E21BABF0FE16D22EA6929407C8DE596724C88B749B6DB5512BC7B228ADFD7CB7EA6
310
3A22397E690BA8D5D8D4E40CEC8CDA23C2C0B7D5898640101CEC9C6D331CE328CB93CAFBBAC70A642DF70DF95155945B52F08AA973C23469FD69ADEF84F7BB18F983A8F8C90E37F5D35980B2139A1C523540813E824EF83448CF7C72B598CE97D7CEEDDDDD3B6736BFBC771677EF66CE6A7E7139F7A793E9EDF2B2B3A8B624
310
0CDA13AA5F8388264EC4A0129909F3B7F5A16CEDF08128E97D680ACA4B9BE7B7B58BB638F0B00700EF36AE8B32A705658A68F83EE897FC2B41573190D1CCAF0B92D233A47CFEB019D9809933F67DD1A5467F8CF69AD9A5AE859342D45355448C64F968A371DC2D596ADC6E43D93D1B466F877A64E2893E54F23C4B40388995
310
525E5005DA3983ED45412510D3EFCA13737B3863F74BD30F2A12E5B4B5E489A025CE25500DB855B11ACE5BBFA185D35DD48D8DC3CE7DC69F2944DB42AA6F6CF09BCA622ADD08C7A36E7C6AE18000BAB08E040135C2D21C9D75B3A91B77BB746C403F38018DFE6EC939DD92F16B40BC05294B9CDA035AAD6D330AE27FE4786B
310
8E45145EA34A75BE1C263A676A35A8ACC6297337400BF16C54EF515F3F77CB77EB3583889C754FFA29081AA98E2222ADEF05DA3E63D2EDEA8B8756C05A7FB6CABC4A91CBF325398202CC952E70A008A830324BA200D5E5EF8F5F04C75DB4B0EE3340E071C98B823333B83577596BF3849B69F2085AA0FAFA212F26BEFF5877
310
FDE622B28D88A42E49E43326DA82D31E8CB006401E1DA726059ECEC168F97A6599036306A135688F9AD2E61A6EA178F4CD51974A9F2CCB9F36FE5EBD14601068D9C3BF01504B0304140006080000B670623B000000000000000000000000350000006662782F42384135303843342D343331462D343546312D424341352D35
310
32343432364645413344462F76657274696365732E62696E504B0304140006080800B670623BF270F1330600000004000000360000006662782F42384135303843342D343331462D343546312D424341352D3532343432364645413344462F747269616E676C65732E62696E636660600000504B0304140006080000B67062
310
3B000000000000000000000000370000006662782F42384135303843342D343331462D343546312D424341352D3532343432364645413344462F617474726962757465732E62696E504B0304140006080800B670623B08DA0BD19000000041010000360000006662782F42384135303843342D343331462D343546312D4243
310
41352D3532343432364645413344462F6469726563746F72792E786D6C858F410AC3201045AF22B36F53E9A60B35CBEEBAE80D244E44489C6234F4F835464A48035D0DF398FF9F8AF63D0E6CC63039F212F8F9020C7D47C6792B21C5FE7403D62A1188E2E60C98D7234A5830286103A55745067B9D86B8A3CF9C7F90C11DE6
310
07FB144396D7B6A82D282E9A152AD114D5EF2CB866EEE831B8EEA07A7BB5A8D7D61A2BAAEB7FD5F70921FF497D00504B0304140006080800B670623B3B4606F3FE000000A00100003B0000006662782F42384135303843342D343331462D343546312D424341352D3532343432364645413344462F7265736F75726365732F
310
636F72652E786D6C8D504B6E833010BD0A9A6D65B08134808CA354A427E8052C332156828DFCA97AFC9A40A576D7CDCCE87D344F8F9FBEE647F689CE6B6B7A6039850C8DB2A336530F315C4903D94970676DF82583CCC8197B5861107C72362E3BA4AC096842428D1D7107A5F71820538F74F4E0D50D6799CB1892C2DFF345
310
AABB9C306779A2934E701F5C0A906D4FD609C2A1B7D129F4BCD858C163D4E3AED163FAA9AF1A1D88F67CA98E6D35906AA82A52BFB39ABCD5CD915C86331BD86BD3B665CD8BD52C78D0F34F46E550061C419494B6843142CB0F5677F4D0D58717DA7494F26295FF31C565FCA7296A13AA728FBBD93C0896823C09C18BB5AFB4
310
9E65A6BD762BBE01504B010214000A0000080000B670623B3DEE336E79000000790000001B00000000000000000000000000000000006175746F6465736B2D64657369676E2D7061636B6167652E786D6C504B01021400140006080800B670623BD486FD9CA0000000F40000001300000000000000000000000000B2000000
310
5B436F6E74656E745F54797065735D2E786D6C504B01021400140006080800B670623B28ED286BEB0000007C010000080000000000000000000000000083010000636F72652E786D6C504B01021400140006080800B670623B55019EA25F0000007C000000070000000000000000000000000094020000636E782E786D6C50
310
4B01021400140006080800B670623B7BC41AC871010000D40300000C00000000000000000000000000180300006662782F636F72652E786D6C504B01021400140006080800B670623B70102A487D0000009D0000000B00000000000000000000000000B30400006662782F636E782E786D6C504B01021400140006080800B6
310
70623B3610CA3329010000120200003100000000000000000000000000590500006662782F42384135303843342D343331462D343546312D424341352D3532343432364645413344462F636F72652E786D6C504B01021400140006080800B670623B1B8617914E010000330300003000000000000000000000000000D10600
310
006662782F42384135303843342D343331462D343546312D424341352D3532343432364645413344462F636E782E786D6C504B01021400140006080800B670623BBFEF2E3B690500003C10000034000000000000000000000000006D0800006662782F42384135303843342D343331462D343546312D424341352D35323434
310
32364645413344462F6F626A656374732E786D6C504B01021400140006080000B670623B0000000000000000000000003500000000000000000000000000280E00006662782F42384135303843342D343331462D343546312D424341352D3532343432364645413344462F76657274696365732E62696E504B010214001400
310
06080800B670623BF270F133060000000400000036000000000000000000000000007B0E00006662782F42384135303843342D343331462D343546312D424341352D3532343432364645413344462F747269616E676C65732E62696E504B01021400140006080000B670623B00000000000000000000000037000000000000
310
00000000000000D50E00006662782F42384135303843342D343331462D343546312D424341352D3532343432364645413344462F617474726962757465732E62696E504B01021400140006080800B670623B08DA0BD1900000004101000036000000000000000000000000002A0F00006662782F42384135303843342D3433
310
31462D343546312D424341352D3532343432364645413344462F6469726563746F72792E786D6C504B01021400140006080800B670623B3B4606F3FE000000A00100003B000000000000000000000000000E1000006662782F42384135303843342D343331462D343546312D424341352D3532343432364645413344462F72
310
65736F75726365732F636F72652E786D6C504B0506000000000E000E0080040000651100000000
  0
XRECORD
  5
187
102
{ACAD_REACTORS
330
186
102
}
330
186
100
AcDbXrecord
280
     1
 70
     1
 90
429727718
  1
887D55A9-D0DD-414E-B741-A7DCD4DA2B4C
310
504B03040A0000080000B670623B3DEE336E79000000790000001B0000006175746F6465736B2D64657369676E2D7061636B6167652E786D6C3C3F786D6C2076657273696F6E3D22312E302220656E636F64696E673D227574662D3822203F3E3C666F726D6174733E3C666F726D61743E687474703A2F2F736368656D612E
310
6175746F6465736B2E636F6D2F64657369676E2D7061636B6167652F323030393C2F666F726D61743E3C2F666F726D6174733E504B0304140006080800B670623BD486FD9CA0000000F4000000130000005B436F6E74656E745F54797065735D2E786D6C7D8EC10E82300C865F65E91D8A1E8C310C0EEA1BF002731658846E
310
D98AC1B77784ABF1D8FE5FBFBF75BBCE937A534CCEB38643598122B6FEE978D0B0485F9C41B54DDD7D022595594E1A469170414C76A4D9A4D207E29CF43ECE46F218070CC6BECC4078ACAA135ACF422C856C0E68EA1BF5669944DDD7BCDE7B1F8E415D77AECB980613C2E4AC91FC167A2B244592486606FC29C8FD7F045B9A
310
EF7053A7E60B504B0304140006080800B670623BBC1638F5EC0000007C01000008000000636F72652E786D6C8D90416EC3201045AF82665B61836BE2D8C24471DB9CA01740401C94182C03558F5F9C3852BBEB6A467FFE9B197D7EF89E6EE8CB2CC17AD7032D0820E394D7D68D3DA478C67B4007C117EFE32F1B202727D3C3
310
2A83E0E3E2D3BC49CABB685CCCAAF3DA6CA20CC14440EA969B1E82BA98491632C5EC08D76296EA2A4753D06797E194AC468F2356E77DF66CCD02825543D50CACC62D39ED70FDC68EB8FD68F6F8787A6784342D1DDA1D2F5758F068A7E77DB518198D065111D2624A31A93E69DD11D6D5EC85EC3B4278B9DAFF4069D6FF8492
310
75F1B5DADE7D600104CD8FDC0782976B16B9DC83CA75CD4DFC00504B0304140006080800B670623B55019EA25F0000007C00000007000000636E782E786D6C4DCB3B0E80201045D1AD90E915ED2CF8AC45050C11660C8261F98AB1B07AC9C97D42D718D865D3E909258CFD00CCE24AC6E326A164D74DC0B4128928FF326038
310
472BA13128B1252AC747C6BAB984FC68F0B87FE8960A5C09FE86CFB69FBA01504B0304140006080800B670623B3586FFB671010000D40300000C0000006662782F636F72652E786D6CC553ED6E8320147D15C2DF4541A76D6D90A6DDD627D80B50A4CE54C120983EFEAE1F4DD7A55BBA5FF3879273EEE59E7310B6393735EA
310
95ED2AA3731C851423A5A5292A5DE6D8BB63B0C268C39935C67D29C3488B46E578803167A535BE9D2169B453DA01AA4DA16650749D7218C91A1639EEE4876A4428BC838AEE14B6429E44A9C228041AEA38EB9C0501681A32BC313F1ECE8C4C3867DE57C5CC56054CAB8E95B298A7F12E5EEED224C8E87E11242FE936C8DE96
310
AB60BB7F4D295D66D12E5B30323473E6AAE6A24E5A259C2A308F29CD82280A68FC1E256B9AAE93F489AED694323294DF34F9B678B0C957DA3DC7B3DCA9ADC33C022123F1CD2D44E450277AD04338234388F01913BE0D1A0281909D38D4171F27807A259DB1093085F157AA17B557309586747CD0CF0B46A64E983A6E0EAEEF
310
CE881F9EF1FB8E70D44297604238581EBC1B74B249C31C5AAB6CD0BB33D2C636A27ECCC62F0EFF445DC5DF95244D6DEC7F2922F30191F9F720C37DE49F504B0304140006080800B670623B4220A0FF7D0000009D0000000B0000006662782F636E782E786D6C4DCCD10A83201886E15B91FFDCE542CB0335D0EC3E6259C84A
310
C3E9D8E5AF46073BFAE0E1E315DD675BD1DBA5978F41C2FD4600B9F088930F8B849267CC01754AA418F3DF0D50183727E164506249B1EC174D6E1ECB9A0F5D7D785E68DB8151CD286E5A5363CA6B8A39E90D36D40E96B086F55A43A544F52B1D7B86D517504B0304140006080800B670623B2FA3FEDE290100001202000031
310
0000006662782F45374635344235342D363743322D343832342D383044432D4334454645303536354442422F636F72652E786D6C8D515B6EC32010BC0AE22B55850D2E386E848994D7097A0117488A1283C5A3CAF10BB523B57FF961D1ECCCECC0F2ED7DBC816FED8371B687A4C210682B9D32F6D2C314CFA883602BB8772E
310
FEA141608751F7B0C050F08B77695A20E96CD43666D43AA5177008414708E42D5F7A18E4971E876A483133C2B59A06791D2EBA22556E679EE021FA1C00CC43CA09C5717D6274C7286AD7FB06D1AEA1A8C3873DDAD3E3E98859CB0EBB1DAF67A1E02919B5C88DCA71CCD968FFAC49110B1ECDF8882FBD1EA256503418BF2342
310
106E3E08DD60B6A1EC15771B8C795DE8FF4469524F8A92B1F1AD59E2CEB20005E1F5DC105CB9F4797B84D1F7C9F908CABC55D0F2050A5C61CC1AD2F27A26E6E767C7962E8E213A9FBF7775FDCC5CC266DB960A5E970DE5F2BBBE5CCB36C50F504B0304140006080800B670623B1B8617914E01000033030000300000006662
310
782F45374635344235342D363743322D343832342D383044432D4334454645303536354442422F636E782E786D6CD593C16EC32010447F0571AD6CE3D489D20813A9877E410FBD62D82434182CC055F3F75D1292E692438FBD206B7698593D61BEFD1E2DF982108D773D6D6B460938E5B571FB9ECE6957AD29D90A1EBC4F77
310
364A9C1CA1A759A682EF839FA72269D8C9D92654AD71C72206887E0E0A22CAF926B15E498B01E0AA19451807D01A34B919F16B070157417138917400F2F6FA41FCF0092A45DEE414C19BDC21783E4BD39D891265658C3D8DEA00A3ACE59CBC8678ACB54CB26EEB6BD7839D7E9348BE70AD9C8321B9BCA7F9A4A26C542347DE
310
E050F09802D22BA6749A800A394DD62899107273365E3C82CFC6A55557BC06C10774B7ABE7AEC3B0F34CF06446280E154026D0542C187BA9DAB6628BF7B6DBB0E5A65B3EB1F58631DE64BBE083F7B65CC218087E22CABB042E51D1F2268F1FE12B3EA24D40D63E9CFE00120194D60B9D5BC67FE6D39CDF37E20AF817881F50
310
4B0304140006080800B670623B29652116630500003C100000340000006662782F45374635344235342D363743322D343832342D383044432D4334454645303536354442422F6F626A656374732E786D6CAD575D739B3814FD2B0CFB0C989834C90EA1639B24E3E9A6EDD4D3CE3E64C623834CD8006224913AFDF57B040203
310
B65BEF871F0C12D2FD3CF7E8CA7FBFCB33E3957291B2E2D674ED8969D02262715A24B76625B7D6B569BC0F7CCE98EC2D338D82E4F4D654D366E0279C55A59E8AE99654991CCDDECFFF3444440B6A1A514684B83545F44C7362934AB2988A173B2692D8C97667BB76B3702836E1A47C1E092D09A78584A5982F20C5688C7287
310
C389E904BEA3BE07BEFAD7ABA6A75739B53F43FD69212429A20365233153D70BEF2E2E6FAC4BCF9B5ADEBB0BD79ADFCF43CBBD9A4E16EF168B9BD9DD0D140BC921495BC2E9D60C1E101B9E46BED37CEA2CD6861F3329624541A3DA7F7858DBAC25C6B4A4458C3CA654405BCFEBC970E8AAD8F43E4FD558ABEC4F9FE7557F47
310
4F506B7BFBEC5BCA367FC105710E2AB8A00A554D7CB4A30DFE26FBA86D18CBF4B75418399194A72433B274C3097F33032C554B027F2046A1932B842B0FCCC0DDCBEBDB8AD2F835768F59B9ADB24C41D30C6A64AF817F2A456D59FA83F2E3DA60137255A585BCD60EC9B7929AC18DEFD49381AF1ED30BFDB109A4B1CD488294
310
C3CDE6EBC8D185AABD6568061FEE37BB95AAC7E3CA4BCE4ACAA5820FA0D526AE7DAA2869B5EE5999531BE0CC20E6FBA07C41E43FA27CF7A6206F3CDD793B4F6B919C1462CB788EDCD893FA674CDA17AB7B3B7C019F8D561FAEE966FED562DFE98C1D12C6A9FC015C2A35D7FF3D7FC398F591DA4B5FE0BFA2C0189FEA50AE22
310
92817A1ED3020951A03432862970F976B33383259812CC8E5D240BBA801CBCF8CE2BBEE3BF910DB6AAD5F79E05123AE2DB33981FB1ACCB02B69D00CB014FD68AB573A7627EF9BFD4CC2C5C7D58557C4B22FAA88925A4DBB44825CECE3D78FB060D1231F0E885BE7D673C86A3874958F593906B5502D1563157814FDAC3420D
310
F69A070A22EC4B98E23CFF171A1E5311D12C23056555ABA53B8614563B92D17D02AAB009E8F46284624E5F53D5490C560CCCC2591FF1B45421EB0EBD8EA7ED13BE7C5D7E0428CD60FEF60779EB13E6664FF711CB185F6FDED60D139A001FF60CD1FD6D086F1D51474901E26B2CB794A343BC8ED3EDB612E0DD2351FCB65CF4
310
33D511C9E14B5B40ADC6A6263DB0336A8F700DDF56271A024E70B0B3629DE21847591E55DED73D56206AB927E46FAABC5C939C55853C274C93D69FD6FA4E78BF8B11DF898C9ECD60553FAD39283BA6F18984AA23E8884F83F45C5F5F859797B31B2B9C84A1E5B9DE9D35BFF25C6B76152E422F9C5DCC3D847F5801ED09D5AF
310
41441327A25FF15487F9EB725FB666F048A4701E9A827292E6F97569A32DF61DEC01C0BB8DCBBCCC684E0B49147C1FD54BF685A0AB18C868E6973949E819523E3DAC463660E68C7D9F55A9D1EFA3BD7A76A16AE1A810F95CE59B82A4D968A376DC2E8B44BBDD86B27B368CDE0ED548C7137DA860591A83706223A12CA712B4
310
7306DBF39C0A20A6DF95C7FAF670C6EED7A61F946493D1D6926782963813403548A78AE470DEF80D2D9CEAA26E4D1C76F60BFE74219A06527D6B82DF641A51616F703CAAC6A7160E08A00BEB4810A0274592A1B36E3675E36E978A0DE80727A0D6DF2D39A75BD27E0D8837276589537B40ABB56D5A41F48F1C6FCD3188C4EB
310
A6929D2FFB89CE995A4D00AE813BDD032DC48B56BD437DFDDC2DD7AED70C2272D63DE9A72068A45A92F0A4BE17A8A06B9366E16707AD80B1FC649459952097E74BB23805982B55E0401150A165964402AA8BDF9F3E7386BB686EDCA780C0D382E5392BF460A6EFB2C6EA1937D3F809B440D5F5435C4C5CF7A9EEFAF54564BD
310
2182DA24162F98680B4E7930C21A0079709CEAEB99A372305ABE0C0D7D6078105A83F6A0296DAEE1068A47DD1C55A9F4C9B2FC69E3EFD44B81028E963DF81B504B0304140006080000B670623B000000000000000000000000350000006662782F45374635344235342D363743322D343832342D383044432D433445464530
310
3536354442422F76657274696365732E62696E504B0304140006080800B670623BF270F1330600000004000000360000006662782F45374635344235342D363743322D343832342D383044432D4334454645303536354442422F747269616E676C65732E62696E636660600000504B0304140006080000B670623B00000000
310
0000000000000000370000006662782F45374635344235342D363743322D343832342D383044432D4334454645303536354442422F617474726962757465732E62696E504B0304140006080800B670623B08DA0BD19000000041010000360000006662782F45374635344235342D363743322D343832342D383044432D4334
310
454645303536354442422F6469726563746F72792E786D6C858F410AC3201045AF22B36F53E9A60B35CBEEBAE80D244E44489C6234F4F835464A48035D0DF398FF9F8AF63D0E6CC63039F212F8F9020C7D47C6792B21C5FE7403D62A1188E2E60C98D7234A5830286103A55745067B9D86B8A3CF9C7F90C11DE607FB144396
310
D7B6A82D282E9A152AD114D5EF2CB866EEE831B8EEA07A7BB5A8D7D61A2BAAEB7FD5F70921FF497D00504B0304140006080800B670623B6378F24DFF000000A00100003B0000006662782F45374635344235342D363743322D343832342D383044432D4334454645303536354442422F7265736F75726365732F636F72652E
310
786D6C8D504B6E833010BD0A9A6D65B0094E42641C85B639412F6099496225D8C89FAAC7AF09546A77DDCC8CDE47F3F4C4F16B7C149FE88371B603565228D06A37187BED20C50BD9437194C23B177FC9A0B06AC40E6618A4B87A97A615D2CE46B431A3D60DB8822A048C50E8473E3A08FA86A32A558A5911EEE5A4F45D5DB1
310
6465A6B34E8A107D0E502C4FE609D26370C96B0CA25A58295232C3AA3143FE692E063D485EF7F5AEE71BD2D2F39634AFFC44DAF7DD9E9CCE6F9CD25DCBFA762BAAD92C4534E34F46ED51451C40D694B6843142EB0FD61C283F34FC85EE0F948A6A96FF31A569F8A729191B37F51A77B105902C0779125254735F793DCBCC7B
310
EE567E03504B010214000A0000080000B670623B3DEE336E79000000790000001B00000000000000000000000000000000006175746F6465736B2D64657369676E2D7061636B6167652E786D6C504B01021400140006080800B670623BD486FD9CA0000000F40000001300000000000000000000000000B20000005B436F6E
310
74656E745F54797065735D2E786D6C504B01021400140006080800B670623BBC1638F5EC0000007C010000080000000000000000000000000083010000636F72652E786D6C504B01021400140006080800B670623B55019EA25F0000007C000000070000000000000000000000000095020000636E782E786D6C504B010214
310
00140006080800B670623B3586FFB671010000D40300000C00000000000000000000000000190300006662782F636F72652E786D6C504B01021400140006080800B670623B4220A0FF7D0000009D0000000B00000000000000000000000000B40400006662782F636E782E786D6C504B01021400140006080800B670623B2F
310
A3FEDE290100001202000031000000000000000000000000005A0500006662782F45374635344235342D363743322D343832342D383044432D4334454645303536354442422F636F72652E786D6C504B01021400140006080800B670623B1B8617914E010000330300003000000000000000000000000000D2060000666278
310
2F45374635344235342D363743322D343832342D383044432D4334454645303536354442422F636E782E786D6C504B01021400140006080800B670623B29652116630500003C10000034000000000000000000000000006E0800006662782F45374635344235342D363743322D343832342D383044432D4334454645303536
310
354442422F6F626A656374732E786D6C504B01021400140006080000B670623B0000000000000000000000003500000000000000000000000000230E00006662782F45374635344235342D363743322D343832342D383044432D4334454645303536354442422F76657274696365732E62696E504B01021400140006080800
310
B670623BF270F13306000000040000003600000000000000000000000000760E00006662782F45374635344235342D363743322D343832342D383044432D4334454645303536354442422F747269616E676C65732E62696E504B01021400140006080000B670623B0000000000000000000000003700000000000000000000
310
000000D00E00006662782F45374635344235342D363743322D343832342D383044432D4334454645303536354442422F617474726962757465732E62696E504B01021400140006080800B670623B08DA0BD190000000410100003600000000000000000000000000250F00006662782F45374635344235342D363743322D34
310
3832342D383044432D4334454645303536354442422F6469726563746F72792E786D6C504B01021400140006080800B670623B6378F24DFF000000A00100003B00000000000000000000000000091000006662782F45374635344235342D363743322D343832342D383044432D4334454645303536354442422F7265736F75
310
726365732F636F72652E786D6C504B0506000000000E000E0080040000611100000000
  0
XRECORD
  5
112
102
{ACAD_REACTORS
330
110
102
}
330
110
100
AcDbXrecord
280
     1
270
     1
271
     1
  0
XRECORD
  5
111
102
{ACAD_REACTORS
330
110
102
}
330
110
100
AcDbXrecord
280
     1
270
     1
271
     1
  0
XRECORD
  5
18A
102
{ACAD_REACTORS
330
110
102
}
330
110
100
AcDbXrecord
280
     1
 70
     0
 90
1778669749
  1
9BF507EE-FAF7-4A99-A33D-4EE51894BC40
310
504B03040A0000080000B670623B3DEE336E79000000790000001B0000006175746F6465736B2D64657369676E2D7061636B6167652E786D6C3C3F786D6C2076657273696F6E3D22312E302220656E636F64696E673D227574662D3822203F3E3C666F726D6174733E3C666F726D61743E687474703A2F2F736368656D612E
310
6175746F6465736B2E636F6D2F64657369676E2D7061636B6167652F323030393C2F666F726D61743E3C2F666F726D6174733E504B0304140006080800B670623BD486FD9CA0000000F4000000130000005B436F6E74656E745F54797065735D2E786D6C7D8EC10E82300C865F65E91D8A1E8C310C0EEA1BF002731658846E
310
D98AC1B77784ABF1D8FE5FBFBF75BBCE937A534CCEB38643598122B6FEE978D0B0485F9C41B54DDD7D022595594E1A469170414C76A4D9A4D207E29CF43ECE46F218070CC6BECC4078ACAA135ACF422C856C0E68EA1BF5669944DDD7BCDE7B1F8E415D77AECB980613C2E4AC91FC167A2B244592486606FC29C8FD7F045B9A
310
EF7053A7E60B504B0304140006080800B670623BCA089DFFEC0000007C01000008000000636F72652E786D6C8D90416E83301045AF62CDB632D8402020E32882F604BD80653BC44AB011B6AB1EBF262152BBEB6A467FFE9B197D76FA9EEFE84BAFDE38DB03CD08206DA553C64E3DC470C1474027CE56E7C22F1B202B66DDC3
310
260367D3EAE2B24BD2D9A06D48AA754AEFA2F05E0740F29E9A1EBCBCEA59642286E4F0B76C11F226269DD15797E0188D42CF2346A57DE662F40ABCAEC77628C6120F654571D50C04B7F5B9C1E3997CD4F550BE3745C3F20DE62C98F9755FAE5A04AD801784B498524C8A4F5A75E4D055873772EC0861F966FF03C545FD138A
310
C686B2D8DF7D621E384D8F3C069CE55B16A93C824A75CB8DFF00504B0304140006080800B670623B55019EA25F0000007C00000007000000636E782E786D6C4DCB3B0E80201045D1AD90E915ED2CF8AC45050C11660C8261F98AB1B07AC9C97D42D718D865D3E909258CFD00CCE24AC6E326A164D74DC0B4128928FF326038
310
472BA13128B1252AC747C6BAB984FC68F0B87FE8960A5C09FE86CFB69FBA01504B0304140006080800B670623B68FC0B7272010000D40300000C0000006662782F636F72652E786D6CC5535B6E833010BC8AE5DF0A6C1E8124328E22D29EA01770C0A128602363A31CBFCB234A53A555FA553EC09AD9F5CE8C31DB5DDA060D
310
D2F4B556190E7C8A9154852E6B5565D8D993B7C668C799D1DA7E29C3488956667884316795D1AE5BA0422B2B950554E9522EA0E87B69312A1A5864B82F3E642B7CE12C54F467BF13C55954D20F7CA0A18EB3DE1A1080E621E31BF3D3F1C2C88C73E65C5D2E6C5DC2B4FA544B8379921C36797888BC3C8A032F4E73EA6D927D
310
EA1DF6F42D49F2E8350D5346C666CE6CDD5ED515460A2B4BCC434A375E1078347C0FE22D5D6DE3D50B5D6F2965642CBF6B725DF96493AB958DC245EEDCD6631E809089F8E61622B2A81703E8219C913144F84C09DF070D8140C8561C9BAB8F3340832CAC363130A576376A108D933095FA747AD0CF0B46E64E983A6D0EAE1F
310
CE089F9EF1FB8E70D44255604258581E9D1D75B259C3125A278D37D80B52DAB4A279CEC62F0EFF44DDC43F9454E8469BFF5244960322CBEF41C6FBC83F01504B0304140006080800B670623B0F71DDB67E0000009D0000000B0000006662782F636E782E786D6C4DCCD10A83201886E15B91FFDCA54DB73F502386BB8F5816
310
32D3703976F9ABD1C18E3E78F87855FB990379BBFCF2296AE02706C4C5471A7C9C349475A408A4352AA7B4FEDD80C47E761A7606A3A69CCA72D0E0C6BE8475D3E0E3F3409428EA6B27A84079A782899AA2EC1A7AE3ECCC2FD858CB2D544655BFD2B67BD87C01504B0304140006080800B670623BE134B4FB28010000120200
310
00310000006662782F38353834323741342D343835462D343034322D383541392D4331303331363839454531452F636F72652E786D6C8D515B6EC32010BC0AE22B55850D0EA424C24451959EA0172086A42831583CAA1CBF503B52FB971F16CDCECC0EACD8DFC71BF836215AEF7A481A0C817183D7D65D7A98D3197108F652
310
04EFD31F1A044E8DA6871586525C82CFD3020DDE25E352419DD76601558C264130DCCAA58771F832A36A544E8511AFCDA486ABBA988634A55D7852C4144A00300FA927949C71DABD1D28A29C7D208A6987383B6CD13BC16BB2E1DBE3911C453B0BA5C8D9EA456E758963CFD684674DAA588A64C747FC2118958C86B2C3788B
310
0841B8FB247487D98EB257CC77188BB6D2FF89F2A49F1465EBD2BA5BE2CEB2082511EDDC9042FB7CBA3DC298FBE4430275DE2A9AE1054ADC60CC08E3A29D89E5F9C5714317C7987C28DFBBBA9E0A97B0D97643A568EB864AF95D5FA9759BF207504B0304140006080800B670623B1B8617914E010000330300003000000066
310
62782F38353834323741342D343835462D343034322D383541392D4331303331363839454531452F636E782E786D6CD593C16EC32010447F0571AD6CE3D489D20813A9877E410FBD62D82434182CC055F3F75D1292E692438FBD206B7698593D61BEFD1E2DF982108D773D6D6B460938E5B571FB9ECE6957AD29D90A1EBC4F
310
77364A9C1CA1A759A682EF839FA72269D8C9D92654AD71C72206887E0E0A22CAF926B15E498B01E0AA19451807D01A34B919F16B070157417138917400F2F6FA41FCF0092A45DEE414C19BDC21783E4BD39D891265658C3D8DEA00A3ACE59CBC8678ACB54CB26EEB6BD7839D7E9348BE70AD9C8321B9BCA7F9A4A26C542347
310
DEE050F09802D22BA6749A800A394DD62899107273365E3C82CFC6A55557BC06C10774B7ABE7AEC3B0F34CF06446280E154026D0542C187BA9DAB6628BF7B6DBB0E5A65B3EB1F58631DE64BBE083F7B65CC218087E22CABB042E51D1F2268F1FE12B3EA24D40D63E9CFE00120194D60B9D5BC67FE6D39CDF37E20AF817881F
310
504B0304140006080800B670623B5933D422630500003B100000340000006662782F38353834323741342D343835462D343034322D383541392D4331303331363839454531452F6F626A656374732E786D6CAD575B6FA33814FE2B887D0642934E9B156594264D158D3A534DD4D13E548A0C38942D60649B4EBABF7E3F8321
310
40924EF6928780CDF1B97EE762EFF32E4B8D37CA45C2F21BD3B547A641F39045491EDF98A5DC5AD7A6F1D9F73863B243661A39C9E88DA9B64DDF8B392B0BBD15D12D295339D85DDEFE618890E6D434C2940871638AF08566C426A5641115AF764424B1E3EDCE76ED9AB0CF36E6A47819302D08A7B984A6D8CFC1C5A89572FB
310
CB91E9F89EA3BEFB9EFAD754E3D3544E654F5F7E920B49F2F040D880CDD89D2CEE2E2EA7D6E56432B6269F2E5CEB7679BBB0DCABF168FE693E9FCEEEA6102C240727AD09A75BD3BF876F78127A4EFDA9D5582B7E4CA590E5390D2BFB6161A5B3E618D182E611E2985001691DAB47FDA5AB7CD3F93C566B2DB2BB7D9E55DD13
310
1D468DEECDB3AB290BFE8409E21C54704115AA6AFF68436BFC8DF65E0B184BF5B74418199194272435D224E084BF9B3E481589EFF5D828747285706581E9BB7B7E5D5D911ABFC6EE312DB7659A2A689A7E85EC0DF04FA5A8344BFEA2FCB834E8845895492EAFB541F2BDA0A63FF59C6AD3F7D4637CA13FD68E34B629891172
310
98597F1D183A57B9B75A98FE9765B05BAB7C3C2EBCE0ACA05C2AF8005A4DE09AA7F29216EB9E15397500C6F47CBE77CA7778FE2BD277AF0AE2C693DD6437D1522427B9D8329E2136F6A8FA19A3E6C56ADF0E5F50CF06D48734EDCEBF22F69C56D97EC138153F804B85E6FABFC7AFEFB32E523BE1F3BD372418E363EDCA7548
310
52949E8724474014288D94610BB57C1BEC4C7F854A89CA8E5324F55B871CBC78CE1BBEE3BFE68D6A5589EF3C730474506FCFA8FCF0659516D0ED04580EEA6425581B77CAE797FF4BCECC16EB2FEB926F49481F746159D06D922712BD730FDEAE42BD40F42C7AA5EF3F198F60E86110D6DD20645A9480B795CF95E3E3A659A8
310
C55E724F408873315335CFFB8584874484344D494E59D94869DB90C26A5B64F49C802CAC1D3ABE18A098D3B7444D123D8A9E5AE8F5214F0AE5B2B6E9B575DA3E61CBD3EA2B4009FA940524DD1305FB6A1FB294F14DF0BEA90BA109ECE1481FDC3FFAE8D60E75141700BE82725371B4873751B2DD960265F788137FACE6DD40
310
B575E4F0A5C99F46629D92131467A41EE11ABD8D4CCC039CA0AFB37C93A08B232B8F0AEFCA1E0A1015DF13FC83322B362463652ECF71D3A8B1A7D1BE65DE1D62C44F22C317D35F574FEB16153BA2D13E543D10A80E74C4A65E78A6B7CBCBD1D5DD9DB59C2DAFACC96C3AB566E3F1C29ADCDD5DBAD7D3C9ED7C822ED74F80A6
310
41755310DE4443F44A9E68373FADF6596BFA0F440AE7BECE2727AE9F4F2B1B53B1E7E00CF0DD1E5C65454A339A4BA2D0FBA05ED2EF0443458F47BDBFCA484CCFE0F2ED7E3DD0013B679C7B5499467F0ECEEADDB9CA85A34CE44B99053949D2C1416DB85DE4B136BB7165FBAC0B7AB3542BED4F8CA182A549847A1319316519
310
95A83A67147B9E5101C47487F2485F1ECE38FD568F839204296D3479219888530154036E6528FBFBC66F98E0D4107563A2D7D9AFF8D389681A08F58D89F22693900A3B407754734FC51C10C010D6D640809EE4718AC1BA3ED4AEDB53CA37283F68805A7E4B72CEB0A4EDEAD5DD8C14059A76AFAA56BA6901E13F32BC51C720
310
12AF41295B5BF61BAD3195181FB506E6B40F4C10AF5AF40EF9F5B159AE5DD1F43C72D635E94310D45C2D49785C5D0B94D3B54AB3C5A38349C0587D338AB48C11CBF339599C02CCA54A70A008A8D03C0B2201D5F9EFCF8F9CE12A9A19CB0410789EB32C63B95ECCF455D658BFE0621A3DA32C5075FB101723D77DAE867E7D0F
310
D90444509B44E2151B4DC2290B065803200FBAA9BE9D392A0603F2D5C2D00D6302A615680F66D2FA166E2079D4C551A54AB758161FCEFD4E450A14704CECFEDF504B0304140006080000B670623B000000000000000000000000350000006662782F38353834323741342D343835462D343034322D383541392D4331303331
310
363839454531452F76657274696365732E62696E504B0304140006080800B670623BF270F1330600000004000000360000006662782F38353834323741342D343835462D343034322D383541392D4331303331363839454531452F747269616E676C65732E62696E636660600000504B0304140006080000B670623B000000
310
000000000000000000370000006662782F38353834323741342D343835462D343034322D383541392D4331303331363839454531452F617474726962757465732E62696E504B0304140006080800B670623B08DA0BD19000000041010000360000006662782F38353834323741342D343835462D343034322D383541392D43
310
31303331363839454531452F6469726563746F72792E786D6C858F410AC3201045AF22B36F53E9A60B35CBEEBAE80D244E44489C6234F4F835464A48035D0DF398FF9F8AF63D0E6CC63039F212F8F9020C7D47C6792B21C5FE7403D62A1188E2E60C98D7234A5830286103A55745067B9D86B8A3CF9C7F90C11DE607FB1443
310
96D7B6A82D282E9A152AD114D5EF2CB866EEE831B8EEA07A7BB5A8D7D61A2BAAEB7FD5F70921FF497D00504B0304140006080800B670623BD9A3B367FE000000A00100003B0000006662782F38353834323741342D343835462D343034322D383541392D4331303331363839454531452F7265736F75726365732F636F7265
310
2E786D6C8D504B6E833010BD0A9A6D65B01D0201194711694FD00B586642AD043BF2A7EAF16B122AB5BB6E6646EFA3797AE2F8B5DC8A4FF4C1383B002B291468B59B8C9D0748F1420E501CA5F0CEC55F3228AC5A708015062966EFD27D83B4B3116DCCA875136EA00A012314FA968F0182FEC045952AC5AC08D7F2AEF455CD
310
58B232D3592745883E07289E4FD609D26370C96B0CA27AB252A464A64D63A6FCD35C0C7A904D73EE467EE664DCD58CD4ED4849D79C5A723ED1B7A61977AF2D6F45B59AA58866F9C9A83DAA8813484E6947182394BFB3BAA7FBBEDEBFD0434FA9A856F91F53BA4FFF342563E38E6F719FB60092E5200F428A6AED2BAF479979
310
AFDDCA6F504B010214000A0000080000B670623B3DEE336E79000000790000001B00000000000000000000000000000000006175746F6465736B2D64657369676E2D7061636B6167652E786D6C504B01021400140006080800B670623BD486FD9CA0000000F40000001300000000000000000000000000B20000005B436F6E
310
74656E745F54797065735D2E786D6C504B01021400140006080800B670623BCA089DFFEC0000007C010000080000000000000000000000000083010000636F72652E786D6C504B01021400140006080800B670623B55019EA25F0000007C000000070000000000000000000000000095020000636E782E786D6C504B010214
310
00140006080800B670623B68FC0B7272010000D40300000C00000000000000000000000000190300006662782F636F72652E786D6C504B01021400140006080800B670623B0F71DDB67E0000009D0000000B00000000000000000000000000B50400006662782F636E782E786D6C504B01021400140006080800B670623BE1
310
34B4FB280100001202000031000000000000000000000000005C0500006662782F38353834323741342D343835462D343034322D383541392D4331303331363839454531452F636F72652E786D6C504B01021400140006080800B670623B1B8617914E010000330300003000000000000000000000000000D3060000666278
310
2F38353834323741342D343835462D343034322D383541392D4331303331363839454531452F636E782E786D6C504B01021400140006080800B670623B5933D422630500003B10000034000000000000000000000000006F0800006662782F38353834323741342D343835462D343034322D383541392D4331303331363839
310
454531452F6F626A656374732E786D6C504B01021400140006080000B670623B0000000000000000000000003500000000000000000000000000240E00006662782F38353834323741342D343835462D343034322D383541392D4331303331363839454531452F76657274696365732E62696E504B01021400140006080800
310
B670623BF270F13306000000040000003600000000000000000000000000770E00006662782F38353834323741342D343835462D343034322D383541392D4331303331363839454531452F747269616E676C65732E62696E504B01021400140006080000B670623B0000000000000000000000003700000000000000000000
310
000000D10E00006662782F38353834323741342D343835462D343034322D383541392D4331303331363839454531452F617474726962757465732E62696E504B01021400140006080800B670623B08DA0BD190000000410100003600000000000000000000000000260F00006662782F38353834323741342D343835462D34
310
3034322D383541392D4331303331363839454531452F6469726563746F72792E786D6C504B01021400140006080800B670623BD9A3B367FE000000A00100003B000000000000000000000000000A1000006662782F38353834323741342D343835462D343034322D383541392D4331303331363839454531452F7265736F75
310
726365732F636F72652E786D6C504B0506000000000E000E0080040000611100000000
  0
XRECORD
  5
113
102
{ACAD_REACTORS
330
110
102
}
330
110
100
AcDbXrecord
280
     1
270
     1
271
     1
  0
XRECORD
  5
114
102
{ACAD_REACTORS
330
110
102
}
330
110
100
AcDbXrecord
280
     1
270
     1
271
     1
  0
CELLSTYLEMAP
  5
1DEE
102
{ACAD_REACTORS
330
104
102
}
330
104
100
AcDbCellStyleMap
 90
        3
300
CELLSTYLE
  1
TABLEFORMAT_BEGIN
 90
        5
170
     1
 91
        0
 92
    32768
 62
   257
 93
        1
300
CONTENTFORMAT
  1
CONTENTFORMAT_BEGIN
 90
        0
 91
        0
 92
      512
 93
        0
300

 40
0.0
140
1.0
 94
        5
 62
     0
340
11
144
0.25
309
CONTENTFORMAT_END
171
     1
301
MARGIN
  1
CELLMARGIN_BEGIN
 40
0.06
 40
0.06
 40
0.06
 40
0.06
 40
0.18
 40
0.18
309
CELLMARGIN_END
 94
        6
 95
        1
302
GRIDFORMAT
  1
GRIDFORMAT_BEGIN
 90
        0
 91
        1
 62
     0
 92
       -2
340
0
 93
        0
 40
0.045
309
GRIDFORMAT_END
 95
        2
302
GRIDFORMAT
  1
GRIDFORMAT_BEGIN
 90
        0
 91
        1
 62
     0
 92
       -2
340
0
 93
        0
 40
0.045
309
GRIDFORMAT_END
 95
        4
302
GRIDFORMAT
  1
GRIDFORMAT_BEGIN
 90
        0
 91
        1
 62
     0
 92
       -2
340
0
 93
        0
 40
0.045
309
GRIDFORMAT_END
 95
        8
302
GRIDFORMAT
  1
GRIDFORMAT_BEGIN
 90
        0
 91
        1
 62
     0
 92
       -2
340
0
 93
        0
 40
0.045
309
GRIDFORMAT_END
 95
       16
302
GRIDFORMAT
  1
GRIDFORMAT_BEGIN
 90
        0
 91
        1
 62
     0
 92
       -2
340
0
 93
        0
 40
0.045
309
GRIDFORMAT_END
 95
       32
302
GRIDFORMAT
  1
GRIDFORMAT_BEGIN
 90
        0
 91
        1
 62
     0
 92
       -2
340
0
 93
        0
 40
0.045
309
GRIDFORMAT_END
309
TABLEFORMAT_END
  1
CELLSTYLE_BEGIN
 90
        1
 91
        1
300
_TITLE
309
CELLSTYLE_END
300
CELLSTYLE
  1
TABLEFORMAT_BEGIN
 90
        5
170
     1
 91
        0
 92
        0
 62
   257
 93
        1
300
CONTENTFORMAT
  1
CONTENTFORMAT_BEGIN
 90
        0
 91
        0
 92
      512
 93
        0
300

 40
0.0
140
1.0
 94
        5
 62
     0
340
11
144
0.18
309
CONTENTFORMAT_END
171
     1
301
MARGIN
  1
CELLMARGIN_BEGIN
 40
0.06
 40
0.06
 40
0.06
 40
0.06
 40
0.18
 40
0.18
309
CELLMARGIN_END
 94
        6
 95
        1
302
GRIDFORMAT
  1
GRIDFORMAT_BEGIN
 90
        0
 91
        1
 62
     0
 92
       -2
340
0
 93
        0
 40
0.045
309
GRIDFORMAT_END
 95
        2
302
GRIDFORMAT
  1
GRIDFORMAT_BEGIN
 90
        0
 91
        1
 62
     0
 92
       -2
340
0
 93
        0
 40
0.045
309
GRIDFORMAT_END
 95
        4
302
GRIDFORMAT
  1
GRIDFORMAT_BEGIN
 90
        0
 91
        1
 62
     0
 92
       -2
340
0
 93
        0
 40
0.045
309
GRIDFORMAT_END
 95
        8
302
GRIDFORMAT
  1
GRIDFORMAT_BEGIN
 90
        0
 91
        1
 62
     0
 92
       -2
340
0
 93
        0
 40
0.045
309
GRIDFORMAT_END
 95
       16
302
GRIDFORMAT
  1
GRIDFORMAT_BEGIN
 90
        0
 91
        1
 62
     0
 92
       -2
340
0
 93
        0
 40
0.045
309
GRIDFORMAT_END
 95
       32
302
GRIDFORMAT
  1
GRIDFORMAT_BEGIN
 90
        0
 91
        1
 62
     0
 92
       -2
340
0
 93
        0
 40
0.045
309
GRIDFORMAT_END
309
TABLEFORMAT_END
  1
CELLSTYLE_BEGIN
 90
        2
 91
        1
300
_HEADER
309
CELLSTYLE_END
300
CELLSTYLE
  1
TABLEFORMAT_BEGIN
 90
        5
170
     1
 91
        0
 92
        0
 62
   257
 93
        1
300
CONTENTFORMAT
  1
CONTENTFORMAT_BEGIN
 90
        0
 91
        0
 92
      512
 93
        0
300

 40
0.0
140
1.0
 94
        2
 62
     0
340
11
144
0.18
309
CONTENTFORMAT_END
171
     1
301
MARGIN
  1
CELLMARGIN_BEGIN
 40
0.06
 40
0.06
 40
0.06
 40
0.06
 40
0.18
 40
0.18
309
CELLMARGIN_END
 94
        6
 95
        1
302
GRIDFORMAT
  1
GRIDFORMAT_BEGIN
 90
        0
 91
        1
 62
     0
 92
       -2
340
0
 93
        0
 40
0.045
309
GRIDFORMAT_END
 95
        2
302
GRIDFORMAT
  1
GRIDFORMAT_BEGIN
 90
        0
 91
        1
 62
     0
 92
       -2
340
0
 93
        0
 40
0.045
309
GRIDFORMAT_END
 95
        4
302
GRIDFORMAT
  1
GRIDFORMAT_BEGIN
 90
        0
 91
        1
 62
     0
 92
       -2
340
0
 93
        0
 40
0.045
309
GRIDFORMAT_END
 95
        8
302
GRIDFORMAT
  1
GRIDFORMAT_BEGIN
 90
        0
 91
        1
 62
     0
 92
       -2
340
0
 93
        0
 40
0.045
309
GRIDFORMAT_END
 95
       16
302
GRIDFORMAT
  1
GRIDFORMAT_BEGIN
 90
        0
 91
        1
 62
     0
 92
       -2
340
0
 93
        0
 40
0.045
309
GRIDFORMAT_END
 95
       32
302
GRIDFORMAT
  1
GRIDFORMAT_BEGIN
 90
        0
 91
        1
 62
     0
 92
       -2
340
0
 93
        0
 40
0.045
309
GRIDFORMAT_END
309
TABLEFORMAT_END
  1
CELLSTYLE_BEGIN
 90
        3
 91
        2
300
_DATA
309
CELLSTYLE_END
  0
ENDSEC
  0
SECTION
  2
ACDSDATA
 70
     2
 71
     8
  0
ACDSSCHEMA
 90
        0
  1
AcDb_Thumbnail_Schema
  2
AcDbDs::ID
280
    10
 91
        8
  2
Thumbnail_Data
280
    15
 91
        0
101
ACDSRECORD
 95
        0
 90
        1
  2
AcDbDs::TreatedAsObjectData
280
     1
291
     1
101
ACDSRECORD
 95
        0
 90
        2
  2
AcDbDs::Legacy
280
     1
291
     1
101
ACDSRECORD
  1
AcDbDs::ID
 90
        3
  2
AcDs:Indexable
280
     1
291
     1
101
ACDSRECORD
  1
AcDbDs::ID
 90
        4
  2
AcDbDs::HandleAttribute
280
     7
282
     1
  0
ACDSSCHEMA
 90
        1
  1
AcDbDs::TreatedAsObjectDataSchema
  2
AcDbDs::TreatedAsObjectData
280
     1
 91
        0
  0
ACDSSCHEMA
 90
        2
  1
AcDbDs::LegacySchema
  2
AcDbDs::Legacy
280
     1
 91
        0
  0
ACDSSCHEMA
 90
        3
  1
AcDbDs::IndexedPropertySchema
  2
AcDs:Indexable
280
     1
 91
        0
  0
ACDSSCHEMA
 90
        4
  1
AcDbDs::HandleAttributeSchema
  2
AcDbDs::HandleAttribute
280
     7
 91
        1
284
     1
  0
ACDSRECORD
 90
        0
  2
AcDbDs::ID
280
    10
320
22
  2
Thumbnail_Data
280
    15
 94
     1928
310
89504E470D0A1A0A0000000D49484452000001000000009508030000008070D41000000300504C5445212830FFFFFF2128300000000000000000000000000000000000000000000000000000330000660000990000CC0000FF0033000033330033660033990033CC0033FF0066000066330066660066990066CC0066FF0099
310
000099330099660099990099CC0099FF00CC0000CC3300CC6600CC9900CCCC00CCFF00FF0000FF3300FF6600FF9900FFCC00FFFF3300003300333300663300993300CC3300FF3333003333333333663333993333CC3333FF3366003366333366663366993366CC3366FF3399003399333399663399993399CC3399FF33CC00
310
33CC3333CC6633CC9933CCCC33CCFF33FF0033FF3333FF6633FF9933FFCC33FFFF6600006600336600666600996600CC6600FF6633006633336633666633996633CC6633FF6666006666336666666666996666CC6666FF6699006699336699666699996699CC6699FF66CC0066CC3366CC6666CC9966CCCC66CCFF66FF0066
310
FF3366FF6666FF9966FFCC66FFFF9900009900339900669900999900CC9900FF9933009933339933669933999933CC9933FF9966009966339966669966999966CC9966FF9999009999339999669999999999CC9999FF99CC0099CC3399CC6699CC9999CCCC99CCFF99FF0099FF3399FF6699FF9999FFCC99FFFFCC0000CC00
310
33CC0066CC0099CC00CCCC00FFCC3300CC3333CC3366CC3399CC33CCCC33FFCC6600CC6633CC6666CC6699CC66CCCC66FFCC9900CC9933CC9966CC9999CC99CCCC99FFCCCC00CCCC33CCCC66CCCC99CCCCCCCCCCFFCCFF00CCFF33CCFF66CCFF99CCFFCCCCFFFFFF0000FF0033FF0066FF0099FF00CCFF00FFFF3300FF3333
310
FF3366FF3399FF33CCFF33FFFF6600FF6633FF6666FF6699FF66CCFF66FFFF9900FF9933FF9966FF9999FF99CCFF99FFFFCC00FFCC33FFCC66FFCC99FFCCCCFFCCFFFFFF00FFFF33FFFF66FFFF99FFFFCCFFFFFF0000000D0D0D1A1A1A2828283535354343435050505D5D5D6B6B6B787878868686939393A1A1A1AEAEAEBB
310
BBBBC9C9C9D6D6D6E4E4E4F1F1F1FFFFFF0000000000000000000000000000000000000000000000000000000000002E4550F10000013E4944415478DAEDD9BB92C2300C0550FFFFFFAADF19121C390F86A1D8423AA7028746D78E5F8C010000000000000000003F8BA96BF9F363CBF2F308887AE3FA9BF2C7FB67950278EA
310
D2DCB2977F34170BE0A6A21CCAF683BB34CABCDBE769ED557C8CA3B3E3FAB870007B7D5B0077C363940E6076EF1C016BEF6F93E1A81A401ADDB1157B9D1C46AD7DD012C05A7EAC8FF7AFD5B681917A3A62EDE94B53BDF2D7F5FD58E4E33A02AA2D7FCF018CB40A446EAA79065A03583AFDFD2546DDF2AF01ACABC06CAA7B02
310
3E0590E6BCF13EFF552E3F1D71970B8FE32C5072E6FFE2CA271D857A5EFF407BCD5FFED7E4DF21829B797FDF04C4BC12E852FE7A0D7A5C0A557FCFF3DEEF1C407408209FF64F1BE426017C7805CA27F0F84757B459053E26D37B17D4FC0CE40808000000000000000000000000000000000000C03FF9031FA19D8068B169B8
310
0000000049454E44AE426082A013C0AC15CE52BEBD2FA081D22D08A4DDFFD5F4DBE4DBDF939F7F18D326230000B09FCDE781635970DB14F47C02D29ED5EB5C1954A6B2165F6CEBBF56E6EA65BFF1A27329204D00C5DF00328E2DF94680F734AFD9B1CA1B80FC004AB6008EDBFA6DDDD7B90774D1640AC0BC254E46409656E0
310
11C0D2BBDDEADE8FCB12C00B2F4AAB19FD993AC1E5C1ACFAD6E39E8DF0D107EC5B7ED9BDFCB27BF989BA3F000000000000000000000000000000000000E0737D014931C827634644E10000000049454E44AE42608277E7936A7252FF2776877F9E64FB99832EC921D471E47FAE4FB0BFF46B57F64F2A72DD3F983502F63B10
310
C36726F66797386A7E9475F3637F69000000000000000000806FA3FE31BBCCD91CA37EFC8CFC9369C98D95569BD42E973E2E5F1613E5B942BC5463A4F8AE1956791E3C0DC63DA87ADF8F8F9314EA3C85DA855523EFE84DD6929C26596B577D79FAB124AB243FB2AAA9106B2A4F493E98646DFE93E4C5FC643791CEBBDBDFF5
310
BA65980ED8B59E3EE2D4F841A90E7FD3D89FEA3905DD1D4FEAF288F31B938CFB69C2DB9353DFFEEAB24FB25E8F366392F3BDBBC6AFACC96DEF2EB3F3C45FA3ABB7BDBBA6D793CD1362FF1C7A32C9FAB659C6FACF404B7FC4F9BF1EAF61D63CC6B95FACB79749B717F2BF22C973C7EE7A1D17B6839DDCFF89E9E59F9F647FEC
310
1EBFAF61D2C1F842EF9664F3D502ED136599D664ADED2BA0654DA6189E7D3DF94E49C6F5A492F9240FCB246F4F92B5799953F72FFE4522EF5A93317EF3C598643C5A93AF88E1BD9E32CBA25097E74B18BAE146D5AFAA16997DFF9DAD4A52929294A424252949494A52929294A4247F5C92F7AF502EDDF7D24AF26490ED3B6B
310
927CF68EF55F7113E94B9B2479B628539271FAFBBD24D926599E0F52928B24CF9FFF5992F9D8BD7D319E238ED7939F74C7BEE4FDFC5A7F78925FF6C988CBEDFCDC247D9AE5857BF7D7D5A4238E238E24252949494A5292000000000000000000000000000000000000000000000000000000000000000000000000000000F0
310
A6FE033739886BD8D164AF0000000049454E44AE426082
  0
ENDSEC
  0
EOF
