  0
SECTION
  2
HEADER
  9
$ACADVER
  1
AC1015
  9
$ACADMAINTVER
 70
    20
  9
$DWGCODEPAGE
  3
ANSI_1251
  9
$INSBASE
 10
0.0
 20
0.0
 30
0.0
  9
$EXTMIN
 10
3234.430238162973
 20
3249.770091655955
 30
0.0
  9
$EXTMAX
 10
6225.403454606949
 20
5569.161429204342
 30
0.0
  9
$LIMMIN
 10
0.0
 20
0.0
  9
$LIMMAX
 10
420.0
 20
297.0
  9
$ORTHOMODE
 70
     0
  9
$REGENMODE
 70
     1
  9
$FILLMODE
 70
     1
  9
$QTEXTMODE
 70
     0
  9
$MIRRTEXT
 70
     1
  9
$LTSCALE
 40
1.0
  9
$ATTMODE
 70
     1
  9
$TEXTSIZE
 40
2.5
  9
$TRACEWID
 40
1.0
  9
$TEXTSTYLE
  7
Standard
  9
$CLAYER
  8
0
  9
$CELTYPE
  6
ByLayer
  9
$CECOLOR
 62
   256
  9
$CELTSCALE
 40
1.0
  9
$DISPSILH
 70
     0
  9
$DIMSCALE
 40
1.0
  9
$DIMASZ
 40
50.0
  9
$DIMEXO
 40
20.0
  9
$DIMDLI
 40
3.75
  9
$DIMRND
 40
0.0
  9
$DIMDLE
 40
0.0
  9
$DIMEXE
 40
1.25
  9
$DIMTP
 40
0.0
  9
$DIMTM
 40
0.0
  9
$DIMTXT
 40
50.0
  9
$DIMCEN
 40
2.5
  9
$DIMTSZ
 40
0.0
  9
$DIMTOL
 70
     0
  9
$DIMLIM
 70
     0
  9
$DIMTIH
 70
     0
  9
$DIMTOH
 70
     0
  9
$DIMSE1
 70
     0
  9
$DIMSE2
 70
     0
  9
$DIMTAD
 70
     1
  9
$DIMZIN
 70
     8
  9
$DIMBLK
  1

  9
$DIMASO
 70
     1
  9
$DIMSHO
 70
     1
  9
$DIMPOST
  1

  9
$DIMAPOST
  1

  9
$DIMALT
 70
     0
  9
$DIMALTD
 70
     3
  9
$DIMALTF
 40
0.03937007874016
  9
$DIMLFAC
 40
1.0
  9
$DIMTOFL
 70
     1
  9
$DIMTVP
 40
0.0
  9
$DIMTIX
 70
     0
  9
$DIMSOXD
 70
     0
  9
$DIMSAH
 70
     0
  9
$DIMBLK1
  1

  9
$DIMBLK2
  1

  9
$DIMSTYLE
  2
Аннот5
  9
$DIMCLRD
 70
     0
  9
$DIMCLRE
 70
     0
  9
$DIMCLRT
 70
     0
  9
$DIMTFAC
 40
1.0
  9
$DIMGAP
 40
20.0
  9
$DIMJUST
 70
     0
  9
$DIMSD1
 70
     0
  9
$DIMSD2
 70
     0
  9
$DIMTOLJ
 70
     0
  9
$DIMTZIN
 70
     8
  9
$DIMALTZ
 70
     0
  9
$DIMALTTZ
 70
     0
  9
$DIMUPT
 70
     0
  9
$DIMDEC
 70
     2
  9
$DIMTDEC
 70
     2
  9
$DIMALTU
 70
     2
  9
$DIMALTTD
 70
     3
  9
$DIMTXSTY
  7
Standard
  9
$DIMAUNIT
 70
     0
  9
$DIMADEC
 70
     0
  9
$DIMALTRND
 40
0.0
  9
$DIMAZIN
 70
     0
  9
$DIMDSEP
 70
    44
  9
$DIMATFIT
 70
     1
  9
$DIMFRAC
 70
     0
  9
$DIMLDRBLK
  1

  9
$DIMLUNIT
 70
     2
  9
$DIMLWD
 70
    -2
  9
$DIMLWE
 70
    -2
  9
$DIMTMOVE
 70
     0
  9
$LUNITS
 70
     2
  9
$LUPREC
 70
     4
  9
$SKETCHINC
 40
1.0
  9
$FILLETRAD
 40
0.0
  9
$AUNITS
 70
     0
  9
$AUPREC
 70
     0
  9
$MENU
  1
.
  9
$ELEVATION
 40
0.0
  9
$PELEVATION
 40
0.0
  9
$THICKNESS
 40
0.0
  9
$LIMCHECK
 70
     0
  9
$CHAMFERA
 40
0.0
  9
$CHAMFERB
 40
0.0
  9
$CHAMFERC
 40
0.0
  9
$CHAMFERD
 40
0.0
  9
$SKPOLY
 70
     0
  9
$TDCREATE
 40
2458544.349660000
  9
$TDUCREATE
 40
2458544.224660000
  9
$TDUPDATE
 40
2461217.478288160
  9
$TDUUPDATE
 40
2461217.353288160
  9
$TDINDWG
 40
71.052133113
  9
$TDUSRTIMER
 40
71.052132928
  9
$USRTIMER
 70
     1
  9
$ANGBASE
 50
0.0
  9
$ANGDIR
 70
     0
  9
$PDMODE
 70
     0
  9
$PDSIZE
 40
0.0
  9
$PLINEWID
 40
0.0
  9
$SPLFRAME
 70
     0
  9
$SPLINETYPE
 70
     6
  9
$SPLINESEGS
 70
     8
  9
$HANDSEED
  5
C1822
  9
$SURFTAB1
 70
     6
  9
$SURFTAB2
 70
     6
  9
$SURFTYPE
 70
     6
  9
$SURFU
 70
     6
  9
$SURFV
 70
     6
  9
$UCSBASE
  2

  9
$UCSNAME
  2

  9
$UCSORG
 10
0.0
 20
0.0
 30
0.0
  9
$UCSXDIR
 10
1.0
 20
0.0
 30
0.0
  9
$UCSYDIR
 10
0.0
 20
1.0
 30
0.0
  9
$UCSORTHOREF
  2

  9
$UCSORTHOVIEW
 70
     0
  9
$UCSORGTOP
 10
0.0
 20
0.0
 30
0.0
  9
$UCSORGBOTTOM
 10
0.0
 20
0.0
 30
0.0
  9
$UCSORGLEFT
 10
0.0
 20
0.0
 30
0.0
  9
$UCSORGRIGHT
 10
0.0
 20
0.0
 30
0.0
  9
$UCSORGFRONT
 10
0.0
 20
0.0
 30
0.0
  9
$UCSORGBACK
 10
0.0
 20
0.0
 30
0.0
  9
$PUCSBASE
  2

  9
$PUCSNAME
  2

  9
$PUCSORG
 10
0.0
 20
0.0
 30
0.0
  9
$PUCSXDIR
 10
1.0
 20
0.0
 30
0.0
  9
$PUCSYDIR
 10
0.0
 20
1.0
 30
0.0
  9
$PUCSORTHOREF
  2

  9
$PUCSORTHOVIEW
 70
     0
  9
$PUCSORGTOP
 10
0.0
 20
0.0
 30
0.0
  9
$PUCSORGBOTTOM
 10
0.0
 20
0.0
 30
0.0
  9
$PUCSORGLEFT
 10
0.0
 20
0.0
 30
0.0
  9
$PUCSORGRIGHT
 10
0.0
 20
0.0
 30
0.0
  9
$PUCSORGFRONT
 10
0.0
 20
0.0
 30
0.0
  9
$PUCSORGBACK
 10
0.0
 20
0.0
 30
0.0
  9
$USERI1
 70
     0
  9
$USERI2
 70
     0
  9
$USERI3
 70
     0
  9
$USERI4
 70
     0
  9
$USERI5
 70
     0
  9
$USERR1
 40
0.0
  9
$USERR2
 40
0.0
  9
$USERR3
 40
0.0
  9
$USERR4
 40
0.0
  9
$USERR5
 40
0.0
  9
$WORLDVIEW
 70
     1
  9
$SHADEDGE
 70
     3
  9
$SHADEDIF
 70
    70
  9
$TILEMODE
 70
     1
  9
$MAXACTVP
 70
    64
  9
$PINSBASE
 10
0.0
 20
0.0
 30
0.0
  9
$PLIMCHECK
 70
     0
  9
$PEXTMIN
 10
1.240500463391981
 20
5.56581261721584
 30
0.0
  9
$PEXTMAX
 10
261.2429101019464
 20
193.0873687211497
 30
0.0
  9
$PLIMMIN
 10
-20.0
 20
-7.5
  9
$PLIMMAX
 10
277.0
 20
202.5
  9
$UNITMODE
 70
     0
  9
$VISRETAIN
 70
     1
  9
$PLINEGEN
 70
     0
  9
$PSLTSCALE
 70
     1
  9
$TREEDEPTH
 70
  3020
  9
$CMLSTYLE
  2
Standard
  9
$CMLJUST
 70
     0
  9
$CMLSCALE
 40
20.0
  9
$PROXYGRAPHICS
 70
     1
  9
$MEASUREMENT
 70
     1
  9
$CELWEIGHT
370
    -1
  9
$ENDCAPS
280
     0
  9
$JOINSTYLE
280
     0
  9
$LWDISPLAY
290
     0
  9
$INSUNITS
 70
     4
  9
$HYPERLINKBASE
  1

  9
$STYLESHEET
  1

  9
$XEDIT
290
     1
  9
$CEPSNTYPE
380
     0
  9
$PSTYLEMODE
290
     1
  9
$FINGERPRINTGUID
  2
{A4CAB1FC-42A2-4D6F-B95F-085582C7A8C3}
  9
$VERSIONGUID
  2
{32DE113C-68F6-4881-8EA1-E960C4011B08}
  9
$EXTNAMES
290
     1
  9
$PSVPSCALE
 40
0.0
  9
$OLESTARTUP
290
     0
  0
ENDSEC
  0
SECTION
  2
CLASSES
  0
CLASS
  1
ACDBDICTIONARYWDFLT
  2
AcDbDictionaryWithDefault
  3
ObjectDBX Classes
 90
        0
280
     0
281
     0
  0
CLASS
  1
ACDBPLACEHOLDER
  2
AcDbPlaceHolder
  3
ObjectDBX Classes
 90
    32768
280
     0
281
     0
  0
CLASS
  1
LAYOUT
  2
AcDbLayout
  3
ObjectDBX Classes
 90
    32768
280
     0
281
     0
  0
CLASS
  1
DICTIONARYVAR
  2
AcDbDictionaryVar
  3
ObjectDBX Classes
 90
        0
280
     0
281
     0
  0
CLASS
  1
TABLESTYLE
  2
AcDbTableStyle
  3
ObjectDBX Classes
 90
     4095
280
     0
281
     0
  0
CLASS
  1
WIPEOUTVARIABLES
  2
AcDbWipeoutVariables
  3
"WipeOut|Product Desc:     WipeOut Dbx Application|Company:          Autodesk, Inc.|WEB Address:      www.autodesk.com"
 90
        0
280
     0
281
     0
  0
CLASS
  1
SCALE
  2
AcDbScale
  3
ObjectDBX Classes
 90
     1153
280
     0
281
     0
  0
CLASS
  1
MLEADERSTYLE
  2
AcDbMLeaderStyle
  3
ACDB_MLEADERSTYLE_CLASS
 90
     4095
280
     0
281
     0
  0
CLASS
  1
MATERIAL
  2
AcDbMaterial
  3
ObjectDBX Classes
 90
     1153
280
     0
281
     0
  0
CLASS
  1
VISUALSTYLE
  2
AcDbVisualStyle
  3
ObjectDBX Classes
 90
     4095
280
     0
281
     0
  0
CLASS
  1
ACDBSECTIONVIEWSTYLE
  2
AcDbSectionViewStyle
  3
ObjectDBX Classes
 90
     1025
280
     0
281
     0
  0
CLASS
  1
ACDBDETAILVIEWSTYLE
  2
AcDbDetailViewStyle
  3
ObjectDBX Classes
 90
     1025
280
     0
281
     0
  0
CLASS
  1
DIMASSOC
  2
AcDbDimAssoc
  3
ZcDbDimAssoc ObjectDBX Classes
 90
        0
280
     0
281
     0
  0
CLASS
  1
CELLSTYLEMAP
  2
AcDbCellStyleMap
  3
ObjectDBX Classes
 90
     1152
280
     0
281
     0
  0
CLASS
  1
SORTENTSTABLE
  2
AcDbSortentsTable
  3
ObjectDBX Classes
 90
        0
280
     0
281
     0
  0
CLASS
  1
RASTERVARIABLES
  2
AcDbRasterVariables
  3
ISM
 90
        0
280
     0
281
     0
  0
CLASS
  1
ACDB_ALDIMOBJECTCONTEXTDATA_CLASS
  2
AcDbAlignedDimensionObjectContextData
  3
ObjectDBX Classes
 90
     1153
280
     0
281
     0
  0
CLASS
  1
ZWMSTANDARD
  2
ZwmStandard
  3
ZWMCUSTCORE
 90
        1
280
     0
281
     0
  0
CLASS
  1
ZWMLAYERSTD
  2
ZwmLayerStd
  3
ZWMCUSTCORE
 90
        1
280
     0
281
     0
  0
CLASS
  1
ZWMTEXTSTYLESTD
  2
ZwmTextStyleStd
  3
ZWMCUSTCORE
 90
        1
280
     0
281
     0
  0
CLASS
  1
ZWMLINETYPESTD
  2
ZwmLineTypeStd
  3
ZWMCUSTCORE
 90
        1
280
     0
281
     0
  0
CLASS
  1
ZWMDIMSTYLESTD
  2
ZwmDimStyleStd
  3
ZWMCUSTCORE
 90
        1
280
     0
281
     0
  0
CLASS
  1
ZWMCOLORSTD
  2
ZwmColorStd
  3
ZWMCUSTCORE
 90
        1
280
     0
281
     0
  0
CLASS
  1
ZWMPARTREFSTD
  2
ZwmPartRefStd
  3
ZWMCUSTCORE
 90
        1
280
     0
281
     0
  0
CLASS
  1
ZWMBALLOONSTD
  2
ZwmBalloonStd
  3
ZWMCUSTCORE
 90
        1
280
     0
281
     0
  0
CLASS
  1
ZWMSURFSYMSTD
  2
ZwmSurfSymStd
  3
ZWMCUSTCORE
 90
        1
280
     0
281
     0
  0
CLASS
  1
ZWMNOTESTD
  2
ZwmNoteStd
  3
ZWMCUSTCORE
 90
        1
280
     0
281
     0
  0
CLASS
  1
ZWMFCFRAMESTD
  2
ZwmFCFrameStd
  3
ZWMCUSTCORE
 90
        1
280
     0
281
     0
  0
CLASS
  1
ZWMDATUMIDSTD
  2
ZwmDatumIdStd
  3
ZWMCUSTCORE
 90
        1
280
     0
281
     0
  0
CLASS
  1
ZWMFEATUREIDSTD
  2
ZwmFeatureIdStd
  3
ZWMCUSTCORE
 90
        1
280
     0
281
     0
  0
CLASS
  1
ZWMDATUMTARGETSTD
  2
ZwmDatumTargetStd
  3
ZWMCUSTCORE
 90
        1
280
     0
281
     0
  0
CLASS
  1
ZWMTAPERSLOPESTD
  2
ZwmTaperSlopeStd
  3
ZWMCUSTCORE
 90
        1
280
     0
281
     0
  0
CLASS
  1
ZWMCENTERHOLESTD
  2
ZwmCenterHoleStd
  3
ZWMCUSTCORE
 90
        1
280
     0
281
     0
  0
CLASS
  1
ZWMCHAMFERSTD
  2
ZwmChamferStd
  3
ZWMCUSTCORE
 90
        1
280
     0
281
     0
  0
CLASS
  1
ZWMCIRCLEMARKSTD
  2
ZwmCircleMarkStd
  3
ZWMCUSTCORE
 90
        1
280
     0
281
     0
  0
CLASS
  1
ZWMWELDINGSTD
  2
ZwmWeldingStd
  3
ZWMCUSTCORE
 90
        1
280
     0
281
     0
  0
CLASS
  1
ZWMDETAILSTD
  2
ZwmDetailStd
  3
ZWMCUSTCORE
 90
        1
280
     0
281
     0
  0
CLASS
  1
ZWMSECTIONSYMSTD
  2
ZwmSectionSymStd
  3
ZWMCUSTCORE
 90
        1
280
     0
281
     0
  0
CLASS
  1
ZWMVIEWDIRECTIONSTD
  2
ZwmViewDirectionStd
  3
ZWMCUSTCORE
 90
        1
280
     0
281
     0
  0
CLASS
  1
ZWMELEVSYMSTD
  2
ZwmElevSymStd
  3
ZWMCUSTCORE
 90
        1
280
     0
281
     0
  0
CLASS
  1
ZWMBREAKSYMSTD
  2
ZwmBreakSymStd
  3
ZWMCUSTCORE
 90
        1
280
     0
281
     0
  0
CLASS
  1
ZWMHOLECHARTSTD
  2
ZwmHoleChartStd
  3
ZWMCUSTCORE
 90
        1
280
     0
281
     0
  0
CLASS
  1
ZWMBOMSTYLESTD
  2
ZwmBomStyleStd
  3
ZWMCUSTCORE
 90
        1
280
     0
281
     0
  0
CLASS
  1
ZWMTITLESTYLESTD
  2
ZwmTitleStyleStd
  3
ZWMCUSTCORE
 90
        1
280
     0
281
     0
  0
CLASS
  1
ZWMFRAMESTYLESTD
  2
ZwmFrameStyleStd
  3
ZWMCUSTCORE
 90
        1
280
     0
281
     0
  0
CLASS
  1
ACDBASSOCNETWORK
  2
AcDbAssocNetwork
  3
ObjectDBX Classes
 90
    33793
280
     0
281
     0
  0
CLASS
  1
ACDBASSOCACTION
  2
AcDbAssocAction
  3
ObjectDBX Classes
 90
    33793
280
     0
281
     0
  0
CLASS
  1
ACDBASSOCARRAYACTIONBODY
  2
AcDbAssocArrayActionBody
  3
ObjectDBX Classes
 90
    33793
280
     0
281
     0
  0
CLASS
  1
ACDBASSOCVERTEXACTIONPARAM
  2
AcDbAssocVertexActionParam
  3
ObjectDBX Classes
 90
    33793
280
     0
281
     0
  0
CLASS
  1
ACDBASSOCDEPENDENCY
  2
AcDbAssocDependency
  3
ObjectDBX Classes
 90
    33793
280
     0
281
     0
  0
CLASS
  1
ACDB_DMDIMOBJECTCONTEXTDATA_CLASS
  2
AcDbDiametricDimensionObjectContextData
  3
ObjectDBX Classes
 90
    33921
280
     0
281
     0
  0
CLASS
  1
ACDB_RADIMOBJECTCONTEXTDATA_CLASS
  2
AcDbRadialDimensionObjectContextData
  3
ObjectDBX Classes
 90
     1153
280
     0
281
     0
  0
CLASS
  1
ACDB_HATCHSCALECONTEXTDATA_CLASS
  2
AcDbHatchScaleContextData
  3
ObjectDBX Classes
 90
    33921
280
     0
281
     0
  0
CLASS
  1
ARC_DIMENSION
  2
AcDbArcDimension
  3
ObjectDBX Classes
 90
    33793
280
     0
281
     1
  0
CLASS
  1
ACDB_ANGDIMOBJECTCONTEXTDATA_CLASS
  2
AcDbAngularDimensionObjectContextData
  3
ObjectDBX Classes
 90
    33921
280
     0
281
     0
  0
CLASS
  1
ACDBPLACEHOLDER
  2
AcDbPlaceHolder
  3
ObjectDBX Classes
 90
        0
280
     0
281
     0
  0
CLASS
  1
LAYOUT
  2
AcDbLayout
  3
ObjectDBX Classes
 90
        0
280
     0
281
     0
  0
ENDSEC
  0
SECTION
  2
TABLES
  0
TABLE
  2
VPORT
  5
8
102
{ACAD_XDICTIONARY
360
C17E2
102
}
330
0
100
AcDbSymbolTable
 70
     1
  0
VPORT
  5
1CC
330
8
100
AcDbSymbolTableRecord
100
AcDbViewportTableRecord
  2
*Active
 70
     0
 10
0.0
 20
0.0
 11
1.0
 21
1.0
 12
4227.942876469651
 22
4627.530842505634
 13
0.0
 23
0.0
 14
10.0
 24
10.0
 15
10.0
 25
10.0
 16
0.0
 26
0.0
 36
1.0
 17
0.0
 27
0.0
 37
0.0
 40
3747.829705102981
 41
2.512158054711246
 42
50.0
 43
0.0
 44
0.0
 50
0.0
 51
0.0
 71
    16
 72
  1000
 73
     1
 74
     3
 75
     0
 76
     0
 77
     0
 78
     0
281
     0
 65
     1
110
0.0
120
0.0
130
0.0
111
1.0
121
0.0
131
0.0
112
0.0
122
1.0
132
0.0
 79
     0
146
0.0
1001
ACAD_NAV_VCDISPLAY
1070
     3
  0
ENDTAB
  0
TABLE
  2
LTYPE
  5
5
330
0
100
AcDbSymbolTable
 70
    16
  0
LTYPE
  5
14
330
5
100
AcDbSymbolTableRecord
100
AcDbLinetypeTableRecord
  2
ByBlock
 70
     0
  3

 72
    65
 73
     0
 40
0.0
  0
LTYPE
  5
15
330
5
100
AcDbSymbolTableRecord
100
AcDbLinetypeTableRecord
  2
ByLayer
 70
     0
  3

 72
    65
 73
     0
 40
0.0
  0
LTYPE
  5
16
330
5
100
AcDbSymbolTableRecord
100
AcDbLinetypeTableRecord
  2
Continuous
 70
     0
  3
Solid line
 72
    65
 73
     0
 40
0.0
  0
LTYPE
  5
B20
330
5
100
AcDbSymbolTableRecord
100
AcDbLinetypeTableRecord
  2
DASHEDTINY
 70
     0
  3
Dashed (.15x) _ _ _ _ _ _ _ _ _ _ _ _ _ _ _ _ _
 72
    65
 73
     2
 40
2.857499999999999
 49
1.905
 74
     0
 49
-0.9525
 74
     0
  0
LTYPE
  5
B21
330
5
100
AcDbSymbolTableRecord
100
AcDbLinetypeTableRecord
  2
DASHDOT2
 70
     0
  3
Dash dot (.5x) _._._._._._._._._._._._._._._.
 72
    65
 73
     4
 40
12.7
 49
6.349999999999999
 74
     0
 49
-3.174999999999999
 74
     0
 49
0.0
 74
     0
 49
-3.174999999999999
 74
     0
  0
LTYPE
  5
675C
330
5
100
AcDbSymbolTableRecord
100
AcDbLinetypeTableRecord
  2
CENTER2
 70
     0
  3
Center (0.5x) ___ _ ___ _ ___ _ ___ _ ___ _ ___
 72
    65
 73
     4
 40
28.575
 49
19.05
 74
     0
 49
-3.174999999999999
 74
     0
 49
3.174999999999999
 74
     0
 49
-3.174999999999999
 74
     0
  0
LTYPE
  5
675D
330
5
100
AcDbSymbolTableRecord
100
AcDbLinetypeTableRecord
  2
DASHEDX2
 70
     0
  3
Dashed (2.0x) ____  ____  ____  ____  ____  ___
 72
    65
 73
     2
 40
38.1
 49
25.4
 74
     0
 49
-12.7
 74
     0
  0
LTYPE
  5
675E
330
5
100
AcDbSymbolTableRecord
100
AcDbLinetypeTableRecord
  2
PHANTOMX2
 70
     0
  3
Phantom (2.0x) ____________    ____    ____   _
 72
    65
 73
     6
 40
127.0
 49
63.5
 74
     0
 49
-12.7
 74
     0
 49
12.7
 74
     0
 49
-12.7
 74
     0
 49
12.7
 74
     0
 49
-12.7
 74
     0
  0
LTYPE
  5
675F
330
5
100
AcDbSymbolTableRecord
100
AcDbLinetypeTableRecord
  2
08b14
 70
     0
  3
Long dashed short dashed line 1.4mm 
 72
    65
 73
     4
 40
50.4
 49
33.6
 74
     0
 49
-4.2
 74
     0
 49
8.4
 74
     0
 49
-4.2
 74
     0
  0
LTYPE
  5
6760
330
5
100
AcDbSymbolTableRecord
100
AcDbLinetypeTableRecord
  2
CENTERX2
 70
     0
  3
Center (2x) ________  __  ________  __  _____
 72
    65
 73
     4
 40
101.6
 49
63.5
 74
     0
 49
-12.7
 74
     0
 49
12.7
 74
     0
 49
-12.7
 74
     0
  0
LTYPE
  5
2F25E
330
5
100
AcDbSymbolTableRecord
100
AcDbLinetypeTableRecord
  2
AM_ISO02W050
 70
     0
  3
__ __ __ __ __ __ __ __ __ __ __ __ __ __ __
 72
    65
 73
     2
 40
7.5
 49
6.0
 74
     0
 49
-1.5
 74
     0
  0
LTYPE
  5
2F263
330
5
100
AcDbSymbolTableRecord
100
AcDbLinetypeTableRecord
  2
AM_ISO08W050
 70
     0
  3
____ . ____ . ____ . ____ . ____ . ____ . ____
 72
    65
 73
     4
 40
18.0
 49
12.0
 74
     0
 49
-1.5
 74
     0
 49
3.0
 74
     0
 49
-1.5
 74
     0
  0
LTYPE
  5
2F268
330
5
100
AcDbSymbolTableRecord
100
AcDbLinetypeTableRecord
  2
AM_ISO09W050
 70
     0
  3
_____ . . _____ . . _____ . . ____ .. ____
 72
    65
 73
     6
 40
22.5
 49
12.0
 74
     0
 49
-1.5
 74
     0
 49
3.0
 74
     0
 49
-1.5
 74
     0
 49
3.0
 74
     0
 49
-1.5
 74
     0
  0
LTYPE
  5
2F278
330
5
100
AcDbSymbolTableRecord
100
AcDbLinetypeTableRecord
  2
Amconstr
 70
     0
  3
_______________________
 72
    65
 73
     2
 40
9999.000000000002
 49
9999.000000000002
 74
     0
 49
0.0
 74
     0
  0
LTYPE
  5
2F29A
330
5
100
AcDbSymbolTableRecord
100
AcDbLinetypeTableRecord
  2
ACISOTGB
 70
     0
  3
ACISOTGB __ . . __ . .__ . . __ . .__ . . __ . 
 72
    65
 73
     6
 40
9.0
 49
4.0
 74
     0
 49
-1.0
 74
     0
 49
1.0
 74
     0
 49
-1.0
 74
     0
 49
1.0
 74
     0
 49
-1.0
 74
     0
  0
LTYPE
  5
2F29B
330
5
100
AcDbSymbolTableRecord
100
AcDbLinetypeTableRecord
  2
ACISOTGL
 70
     0
  3
ACISOTGL __ __ __ __ __ __ __ __ __ __ __ __ __
 72
    65
 73
     2
 40
3.0
 49
2.0
 74
     0
 49
-1.0
 74
     0
  0
LTYPE
  5
2F2A1
330
5
100
AcDbSymbolTableRecord
100
AcDbLinetypeTableRecord
  2
ACISOWELD
 70
     0
  3
ACISOWELD __ __ __ __ __ __ __ __ __ __ __ __ _
 72
    65
 73
     2
 40
3.0
 49
2.0
 74
     0
 49
-1.0
 74
     0
  0
LTYPE
  5
2F2A4
330
5
100
AcDbSymbolTableRecord
100
AcDbLinetypeTableRecord
  2
CENTER
 70
     0
  3
Center ____ _ ____ _ ____ _ ____ _ ____ _ ____
 72
    65
 73
     4
 40
50.8
 49
31.75
 74
     0
 49
-6.349999999999999
 74
     0
 49
6.349999999999999
 74
     0
 49
-6.349999999999999
 74
     0
  0
ENDTAB
  0
TABLE
  2
LAYER
  5
2
102
{ACAD_XDICTIONARY
360
FA
102
}
330
0
100
AcDbSymbolTable
 70
    35
  0
LAYER
  5
10
102
{ACAD_XDICTIONARY
360
C17D6
102
}
330
2
100
AcDbSymbolTableRecord
100
AcDbLayerTableRecord
  2
0
 70
     0
 62
     7
  6
Continuous
370
    -3
390
F
  0
LAYER
  5
25D
102
{ACAD_XDICTIONARY
360
C17D8
102
}
330
2
100
AcDbSymbolTableRecord
100
AcDbLayerTableRecord
  2
Defpoints
 70
     0
 62
     7
  6
Continuous
290
     0
370
    -3
390
F
  0
LAYER
  5
278F7
102
{ACAD_XDICTIONARY
360
C17DA
102
}
330
2
100
AcDbSymbolTableRecord
100
AcDbLayerTableRecord
  2
layer 1
 70
     0
 62
     7
  6
Continuous
370
    -3
390
F
  0
LAYER
  5
2F25B
330
2
100
AcDbSymbolTableRecord
100
AcDbLayerTableRecord
  2
AM_0
 70
     0
 62
     7
  6
Continuous
370
     0
390
F
  0
LAYER
  5
2F25C
330
2
100
AcDbSymbolTableRecord
100
AcDbLayerTableRecord
  2
AM_1
 70
     0
 62
    14
  6
Continuous
370
     0
390
F
  0
LAYER
  5
2F25D
330
2
100
AcDbSymbolTableRecord
100
AcDbLayerTableRecord
  2
AM_2
 70
     0
 62
     5
  6
Continuous
370
     0
390
F
  0
LAYER
  5
2F25F
330
2
100
AcDbSymbolTableRecord
100
AcDbLayerTableRecord
  2
AM_3
 70
     0
 62
     6
  6
AM_ISO02W050
370
     0
390
F
  0
LAYER
  5
2F260
102
{ACAD_XDICTIONARY
360
C17DC
102
}
330
2
100
AcDbSymbolTableRecord
100
AcDbLayerTableRecord
  2
AM_4
 70
     0
 62
    92
  6
Continuous
370
     0
390
F
  0
LAYER
  5
2F261
330
2
100
AcDbSymbolTableRecord
100
AcDbLayerTableRecord
  2
AM_5
 70
     0
 62
    92
  6
Continuous
370
     0
390
F
  0
LAYER
  5
2F262
102
{ACAD_XDICTIONARY
360
C17DE
102
}
330
2
100
AcDbSymbolTableRecord
100
AcDbLayerTableRecord
  2
AM_6
 70
     0
 62
   140
  6
Continuous
370
     0
390
F
  0
LAYER
  5
2F264
330
2
100
AcDbSymbolTableRecord
100
AcDbLayerTableRecord
  2
AM_7
 70
     0
 62
     4
  6
AM_ISO08W050
370
     0
390
F
  0
LAYER
  5
2F265
330
2
100
AcDbSymbolTableRecord
100
AcDbLayerTableRecord
  2
AM_8
 70
     0
 62
     1
  6
Continuous
370
     0
390
F
  0
LAYER
  5
2F266
330
2
100
AcDbSymbolTableRecord
100
AcDbLayerTableRecord
  2
AM_9
 70
     0
 62
   253
  6
Continuous
370
    -3
390
F
  0
LAYER
  5
2F267
330
2
100
AcDbSymbolTableRecord
100
AcDbLayerTableRecord
  2
AM_10
 70
     0
 62
     7
  6
AM_ISO08W050
370
     0
390
F
  0
LAYER
  5
2F269
330
2
100
AcDbSymbolTableRecord
100
AcDbLayerTableRecord
  2
AM_11
 70
     0
 62
    92
  6
AM_ISO09W050
370
     0
390
F
  0
LAYER
  5
2F26A
330
2
100
AcDbSymbolTableRecord
100
AcDbLayerTableRecord
  2
AM_12
 70
     0
 62
     7
  6
Continuous
370
     0
390
F
  0
LAYER
  5
2F26B
330
2
100
AcDbSymbolTableRecord
100
AcDbLayerTableRecord
  2
AM_0N
 70
     0
 62
     7
  6
Continuous
370
     0
390
F
  0
LAYER
  5
2F26C
330
2
100
AcDbSymbolTableRecord
100
AcDbLayerTableRecord
  2
AM_1N
 70
     0
 62
    14
  6
Continuous
370
     0
390
F
  0
LAYER
  5
2F26D
330
2
100
AcDbSymbolTableRecord
100
AcDbLayerTableRecord
  2
AM_2N
 70
     0
 62
     5
  6
Continuous
370
     0
390
F
  0
LAYER
  5
2F26E
330
2
100
AcDbSymbolTableRecord
100
AcDbLayerTableRecord
  2
AM_3N
 70
     0
 62
     6
  6
AM_ISO02W050
370
     0
390
F
  0
LAYER
  5
2F26F
330
2
100
AcDbSymbolTableRecord
100
AcDbLayerTableRecord
  2
AM_4N
 70
     0
 62
    92
  6
Continuous
370
     0
390
F
  0
LAYER
  5
2F270
330
2
100
AcDbSymbolTableRecord
100
AcDbLayerTableRecord
  2
AM_5N
 70
     0
 62
    92
  6
Continuous
370
     0
390
F
  0
LAYER
  5
2F271
330
2
100
AcDbSymbolTableRecord
100
AcDbLayerTableRecord
  2
AM_6N
 70
     0
 62
   140
  6
Continuous
370
     0
390
F
  0
LAYER
  5
2F272
330
2
100
AcDbSymbolTableRecord
100
AcDbLayerTableRecord
  2
AM_7N
 70
     0
 62
   142
  6
AM_ISO08W050
370
     0
390
F
  0
LAYER
  5
2F273
330
2
100
AcDbSymbolTableRecord
100
AcDbLayerTableRecord
  2
AM_8N
 70
     0
 62
     1
  6
Continuous
370
     0
390
F
  0
LAYER
  5
2F274
330
2
100
AcDbSymbolTableRecord
100
AcDbLayerTableRecord
  2
AM_9N
 70
     0
 62
   253
  6
Continuous
370
    -3
390
F
  0
LAYER
  5
2F275
330
2
100
AcDbSymbolTableRecord
100
AcDbLayerTableRecord
  2
AM_10N
 70
     0
 62
     7
  6
AM_ISO08W050
370
     0
390
F
  0
LAYER
  5
2F276
330
2
100
AcDbSymbolTableRecord
100
AcDbLayerTableRecord
  2
AM_11N
 70
     0
 62
    92
  6
AM_ISO09W050
370
     0
390
F
  0
LAYER
  5
2F277
330
2
100
AcDbSymbolTableRecord
100
AcDbLayerTableRecord
  2
AM_12N
 70
     0
 62
     7
  6
Continuous
370
     0
390
F
  0
LAYER
  5
2F279
330
2
100
AcDbSymbolTableRecord
100
AcDbLayerTableRecord
  2
AM_CL
 70
     0
 62
     1
  6
Amconstr
370
     0
390
F
  0
LAYER
  5
2F27A
330
2
100
AcDbSymbolTableRecord
100
AcDbLayerTableRecord
  2
AM_PAREF
 70
     0
 62
   142
  6
Continuous
370
     0
390
F
  0
LAYER
  5
2F27B
330
2
100
AcDbSymbolTableRecord
100
AcDbLayerTableRecord
  2
AM_BOR
 70
     0
 62
     7
  6
Continuous
370
     0
390
F
  0
LAYER
  5
2F27C
330
2
100
AcDbSymbolTableRecord
100
AcDbLayerTableRecord
  2
AM_VIEWS
 70
     0
 62
     1
  6
Continuous
370
     0
390
F
  0
LAYER
  5
2F27D
330
2
100
AcDbSymbolTableRecord
100
AcDbLayerTableRecord
  2
AM_INV
 70
     0
 62
   253
  6
Continuous
370
    -3
390
F
  0
LAYER
  5
32568
102
{ACAD_XDICTIONARY
360
C17E0
102
}
330
2
100
AcDbSymbolTableRecord
100
AcDbLayerTableRecord
  2
размерные
 70
     0
 62
     1
  6
Continuous
370
    15
390
F
1001
AcAecLayerStandard
1000

1000

1001
AcCmTransparency
1071
        0
  0
ENDTAB
  0
TABLE
  2
STYLE
  5
3
330
0
100
AcDbSymbolTable
 70
     8
  0
STYLE
  5
11
330
3
100
AcDbSymbolTableRecord
100
AcDbTextStyleTableRecord
  2
Standard
 70
     0
 40
0.0
 41
1.0
 50
0.0
 71
     0
 42
2.5
  3
arial.ttf
  4

1001
ACAD
1000
Arial
1071
       34
  0
STYLE
  5
2F27F
330
3
100
AcDbSymbolTableRecord
100
AcDbTextStyleTableRecord
  2
ACISOGDT
 70
     0
 40
0.0
 41
1.0
 50
0.0
 71
     0
 42
2.5
  3
amgdt.SHX
  4

  0
STYLE
  5
2F280
330
3
100
AcDbSymbolTableRecord
100
AcDbTextStyleTableRecord
  2
ACISOTS
 70
     0
 40
0.0
 41
1.0
 50
0.0
 71
     0
 42
2.5
  3
isocp.shx
  4

  0
STYLE
  5
2F281
330
3
100
AcDbSymbolTableRecord
100
AcDbTextStyleTableRecord
  2
USER1
 70
     0
 40
0.0
 41
1.0
 50
0.0
 71
     0
 42
2.5
  3
txt.shx
  4

  0
STYLE
  5
2F282
330
3
100
AcDbSymbolTableRecord
100
AcDbTextStyleTableRecord
  2
USER2
 70
     0
 40
0.0
 41
1.0
 50
0.0
 71
     0
 42
2.5
  3
simplex.shx
  4

  0
STYLE
  5
2F283
330
3
100
AcDbSymbolTableRecord
100
AcDbTextStyleTableRecord
  2
USER3
 70
     0
 40
0.0
 41
1.0
 50
0.0
 71
     0
 42
2.5
  3
italic.shx
  4

  0
STYLE
  5
2F284
330
3
100
AcDbSymbolTableRecord
100
AcDbTextStyleTableRecord
  2
ZWISOGDT
 70
     0
 40
0.0
 41
1.0
 50
0.0
 71
     0
 42
2.5
  3
isocp.shx
  4

  0
STYLE
  5
32569
330
3
100
AcDbSymbolTableRecord
100
AcDbTextStyleTableRecord
  2
ISOCPEUR
 70
     0
 40
0.0
 41
1.0
 50
0.0
 71
     0
 42
5.0
  3
isocpeur.ttf
  4

1001
ACAD
1000
ISOCPEUR
1071
       34
  0
ENDTAB
  0
TABLE
  2
VIEW
  5
6
330
0
100
AcDbSymbolTable
 70
     0
  0
ENDTAB
  0
TABLE
  2
UCS
  5
7
330
0
100
AcDbSymbolTable
 70
     0
  0
ENDTAB
  0
TABLE
  2
APPID
  5
9
330
0
100
AcDbSymbolTable
 70
    28
  0
APPID
  5
12
330
9
100
AcDbSymbolTableRecord
100
AcDbRegAppTableRecord
  2
ACAD
 70
     0
  0
APPID
  5
F4
330
9
100
AcDbSymbolTableRecord
100
AcDbRegAppTableRecord
  2
ACAD_PSEXT
 70
     0
  0
APPID
  5
1A9
330
9
100
AcDbSymbolTableRecord
100
AcDbRegAppTableRecord
  2
ACAD_NAV_VCDISPLAY
 70
     0
  0
APPID
  5
288
330
9
100
AcDbSymbolTableRecord
100
AcDbRegAppTableRecord
  2
AcadAnnotative
 70
     0
  0
APPID
  5
51D
330
9
100
AcDbSymbolTableRecord
100
AcDbRegAppTableRecord
  2
ACAD_DSTYLE_DIMRADIAL_EXTENSION
 70
     0
  0
APPID
  5
AAF
330
9
100
AcDbSymbolTableRecord
100
AcDbRegAppTableRecord
  2
ACAD_MLEADERVER
 70
     0
  0
APPID
  5
1304
330
9
100
AcDbSymbolTableRecord
100
AcDbRegAppTableRecord
  2
ACAD_DSTYLE_DIMJAG
 70
     0
  0
APPID
  5
1305
330
9
100
AcDbSymbolTableRecord
100
AcDbRegAppTableRecord
  2
ACAD_DSTYLE_DIMTALN
 70
     0
  0
APPID
  5
457B
330
9
100
AcDbSymbolTableRecord
100
AcDbRegAppTableRecord
  2
ACAD_DIMASSOC_CALC_DIMLFAC
 70
     0
  0
APPID
  5
457C
330
9
100
AcDbSymbolTableRecord
100
AcDbRegAppTableRecord
  2
ACAD_DIMASSOC_DIMLFAC
 70
     0
  0
APPID
  5
457D
330
9
100
AcDbSymbolTableRecord
100
AcDbRegAppTableRecord
  2
ACAD_DIMASSOC_OVERRIDDEN_DIMLFAC
 70
     0
  0
APPID
  5
2FA4F
330
9
100
AcDbSymbolTableRecord
100
AcDbRegAppTableRecord
  2
ZWMCAD_GENSTANDARDFRAME_13_
 70
     0
  0
APPID
  5
2FA50
330
9
100
AcDbSymbolTableRecord
100
AcDbRegAppTableRecord
  2
ACAD_DSTYLE_DIMINSPECT
 70
     0
  0
APPID
  5
2FA51
330
9
100
AcDbSymbolTableRecord
100
AcDbRegAppTableRecord
  2
GENIUS_GENDTOL_13
 70
     0
  0
APPID
  5
3256B
330
9
100
AcDbSymbolTableRecord
100
AcDbRegAppTableRecord
  2
AcAecLayerStandard
 70
     0
  0
APPID
  5
3256C
330
9
100
AcDbSymbolTableRecord
100
AcDbRegAppTableRecord
  2
AcCmTransparency
 70
     0
  0
APPID
  5
365D3
330
9
100
AcDbSymbolTableRecord
100
AcDbRegAppTableRecord
  2
HATCHBACKGROUNDCOLOR
 70
     0
  0
APPID
  5
36921
330
9
100
AcDbSymbolTableRecord
100
AcDbRegAppTableRecord
  2
ZW_RECESS_XDATA
 70
     0
  0
APPID
  5
36922
330
9
100
AcDbSymbolTableRecord
100
AcDbRegAppTableRecord
  2
ZW_FAC_XDATA
 70
     0
  0
APPID
  5
36923
330
9
100
AcDbSymbolTableRecord
100
AcDbRegAppTableRecord
  2
ZW_FLC_XDATA
 70
     0
  0
APPID
  5
36924
330
9
100
AcDbSymbolTableRecord
100
AcDbRegAppTableRecord
  2
ZW_SUPERPART
 70
     0
  0
APPID
  5
36925
330
9
100
AcDbSymbolTableRecord
100
AcDbRegAppTableRecord
  2
ZW_SUPERSYMBOL
 70
     0
  0
APPID
  5
36926
330
9
100
AcDbSymbolTableRecord
100
AcDbRegAppTableRecord
  2
ZW_SUPERSHAFT
 70
     0
  0
APPID
  5
36927
330
9
100
AcDbSymbolTableRecord
100
AcDbRegAppTableRecord
  2
ZW_SUPERGEAR
 70
     0
  0
APPID
  5
8E45D
330
9
100
AcDbSymbolTableRecord
100
AcDbRegAppTableRecord
  2
AcadAnnoAV
 70
     0
  0
APPID
  5
C17C1
330
9
100
AcDbSymbolTableRecord
100
AcDbRegAppTableRecord
  2
ZWCAD_MTEXT_RTL_PARAGRAPHS
 70
     0
  0
APPID
  5
C17C4
330
9
100
AcDbSymbolTableRecord
100
AcDbRegAppTableRecord
  2
PLOTTRANSPARENCY
 70
     0
  0
APPID
  5
C17E4
330
9
100
AcDbSymbolTableRecord
100
AcDbRegAppTableRecord
  2
ACAD_DSTYLE_DIMTEXT_FILL
 70
     0
  0
ENDTAB
  0
TABLE
  2
DIMSTYLE
  5
A
330
0
100
AcDbSymbolTable
 70
    20
100
AcDbDimStyleTable
 71
     5
340
2F290
340
2F28F
340
2F28E
340
2F28D
340
2F28C
  0
DIMSTYLE
105
27
330
A
100
AcDbSymbolTableRecord
100
AcDbDimStyleTableRecord
  2
Standard
 70
     0
340
11
  0
DIMSTYLE
105
9C
330
A
100
AcDbSymbolTableRecord
100
AcDbDimStyleTableRecord
  2
ISO-25
 70
     0
 41
2.5
 42
0.625
 43
3.75
 44
1.25
 73
     0
 74
     0
 77
     1
 78
     8
140
2.5
141
2.5
143
0.03937007874016
147
0.625
171
     3
172
     1
271
     2
272
     2
274
     3
278
    44
283
     0
284
     8
340
11
  0
DIMSTYLE
105
287
330
A
100
AcDbSymbolTableRecord
100
AcDbDimStyleTableRecord
  2
Аннот1
 70
     0
 41
10.0
 42
3.0
 43
3.75
 44
1.25
 73
     0
 74
     0
 77
     1
 78
     8
140
10.0
141
2.5
143
0.03937007874016
147
5.0
171
     3
172
     1
271
     2
272
     2
274
     3
278
    44
283
     0
284
     8
340
11
1001
AcadAnnotative
1000
AnnotativeData
1002
{
1070
     1
1070
     1
1002
}
  0
DIMSTYLE
105
2B4
330
A
100
AcDbSymbolTableRecord
100
AcDbDimStyleTableRecord
  2
Аннот2
 70
     0
 41
10.0
 42
3.0
 43
3.75
 44
1.25
 73
     0
 74
     0
 77
     1
 78
     8
140
20.0
141
2.5
143
0.03937007874016
147
10.0
171
     3
172
     1
271
     2
272
     2
274
     3
278
    44
283
     0
284
     8
289
     1
340
11
1001
AcadAnnotative
1000
AnnotativeData
1002
{
1070
     1
1070
     1
1002
}
  0
DIMSTYLE
105
2E1
330
A
100
AcDbSymbolTableRecord
100
AcDbDimStyleTableRecord
  2
Аннот3
 70
     0
 41
15.0
 42
10.0
 43
3.75
 44
1.25
 73
     0
 74
     0
 77
     1
 78
     8
140
30.0
141
2.5
143
0.03937007874016
147
15.0
171
     3
172
     1
271
     2
272
     2
274
     3
278
    44
283
     0
284
     8
289
     1
340
11
1001
AcadAnnotative
1000
AnnotativeData
1002
{
1070
     1
1070
     1
1002
}
  0
DIMSTYLE
105
36A
330
A
100
AcDbSymbolTableRecord
100
AcDbDimStyleTableRecord
  2
Аннот4
 70
     0
 41
15.0
 42
10.0
 43
3.75
 44
1.25
 73
     0
 74
     0
 77
     1
 78
     8
140
40.0
141
2.5
143
0.03937007874016
147
15.0
171
     3
172
     1
271
     2
272
     2
274
     3
278
    44
283
     0
284
     8
289
     1
340
11
1001
AcadAnnotative
1000
AnnotativeData
1002
{
1070
     1
1070
     1
1002
}
  0
DIMSTYLE
105
3D6
330
A
100
AcDbSymbolTableRecord
100
AcDbDimStyleTableRecord
  2
Аннот5
 70
     0
 41
50.0
 42
20.0
 43
3.75
 44
1.25
 73
     0
 74
     0
 77
     1
 78
     8
140
50.0
141
2.5
143
0.03937007874016
147
20.0
171
     3
172
     1
271
     2
272
     2
274
     3
278
    44
283
     0
284
     8
289
     1
340
11
1001
AcadAnnotative
1000
AnnotativeData
1002
{
1070
     1
1070
     1
1002
}
  0
DIMSTYLE
105
1302
330
A
100
AcDbSymbolTableRecord
100
AcDbDimStyleTableRecord
  2
Аннотативный
 70
     0
 40
0.0
 41
2.5
 42
0.625
 43
3.75
 44
1.25
 73
     0
 74
     0
 77
     1
 78
     8
140
2.5
141
2.5
143
0.03937007874016
147
0.625
171
     3
172
     1
271
     2
272
     2
274
     3
278
    44
283
     0
284
     8
340
11
1001
AcadAnnotative
1000
AnnotativeData
1002
{
1070
     1
1070
     1
1002
}
1001
ACAD_DSTYLE_DIMJAG
1070
   388
1040
1.5
1001
ACAD_DSTYLE_DIMTALN
1070
   392
1070
     0
  0
DIMSTYLE
105
B981
330
A
100
AcDbSymbolTableRecord
100
AcDbDimStyleTableRecord
  2
^^-\U+FFED\U+FFEE\U+FFF25
 70
     0
 41
50.0
 42
20.0
 43
3.75
 44
1.25
 73
     0
 74
     0
 77
     1
 78
     8
140
50.0
141
2.5
143
0.03937007874016
147
20.0
171
     3
172
     1
271
     2
272
     2
274
     3
278
    44
283
     0
284
     8
289
     1
340
11
1001
AcadAnnotative
1000
AnnotativeData
1002
{
1070
     1
1070
     1
1002
}
  0
DIMSTYLE
105
2F287
330
A
100
AcDbSymbolTableRecord
100
AcDbDimStyleTableRecord
  2
ISO_DIMSTYLE
 70
     0
 41
3.5
 42
0.05
 43
10.0
 44
1.0
 47
0.1
 48
0.1
 73
     0
 74
     0
 77
     1
 78
     8
 79
     2
140
3.5
141
0.0
143
0.03937007874016
146
0.71
147
1.5
172
     1
175
     1
176
   256
271
     2
178
     3
271
     2
272
     3
274
     4
283
     0
284
     8
340
11
1001
ACAD_DSTYLE_DIMTEXT_FILL
1070
   376
1070
     1
1070
   377
1004
1800000002000000000000C1000000000000000000000000
  0
DIMSTYLE
105
2F288
330
A
100
AcDbSymbolTableRecord
100
AcDbDimStyleTableRecord
  2
ISO_RADIUS
 70
     0
 41
3.5
 42
0.05
 43
10.0
 44
1.0
 47
0.1
 48
0.1
 73
     0
 74
     0
 77
     1
 78
     8
 79
     2
140
3.5
141
0.0
143
0.03937007874016
146
0.71
147
1.5
172
     1
175
     1
176
   256
271
     2
178
     3
271
     2
272
     3
274
     4
280
     4
283
     0
284
     8
289
     2
340
11
1001
ACAD_DSTYLE_DIMTEXT_FILL
1070
   376
1070
     1
1070
   377
1004
1800000002000000000000C1000000000000000000000000
  0
DIMSTYLE
105
2F289
330
A
100
AcDbSymbolTableRecord
100
AcDbDimStyleTableRecord
  2
ISO_SEMIAXIS
 70
     0
 41
3.5
 42
0.05
 43
10.0
 44
1.0
 47
0.1
 48
0.1
 73
     0
 74
     0
 77
     1
 78
     8
 79
     2
140
3.5
141
0.0
143
0.03937007874016
146
0.71
147
1.5
172
     1
175
     1
176
   256
271
     2
178
     3
271
     2
272
     3
274
     4
283
     0
284
     8
340
11
1001
ACAD_DSTYLE_DIMTEXT_FILL
1070
   376
1070
     1
1070
   377
1004
1800000002000000000000C1000000000000000000000000
  0
DIMSTYLE
105
2F28A
330
A
100
AcDbSymbolTableRecord
100
AcDbDimStyleTableRecord
  2
ISO_HOLOAXIAL
 70
     0
 41
3.5
 42
0.05
 43
10.0
 44
1.0
 47
0.1
 48
0.1
 73
     0
 74
     0
 77
     1
 78
     8
 79
     2
140
3.5
141
0.0
143
0.03937007874016
146
0.71
147
1.5
172
     1
175
     1
176
   256
271
     2
178
     3
271
     2
272
     3
274
     4
283
     0
284
     8
340
11
1001
ACAD_DSTYLE_DIMTEXT_FILL
1070
   376
1070
     1
1070
   377
1004
1800000002000000000000C1000000000000000000000000
  0
DIMSTYLE
105
2F28B
330
A
100
AcDbSymbolTableRecord
100
AcDbDimStyleTableRecord
  2
ISO_DIMLEADER
 70
     0
 41
3.5
 42
0.05
 43
10.0
 44
1.0
 47
0.1
 48
0.1
 73
     0
 74
     0
 77
     1
 78
     8
 79
     2
140
3.5
141
0.0
143
0.03937007874016
146
0.71
147
1.5
172
     1
175
     1
176
   256
271
     2
178
     3
271
     2
272
     3
274
     4
283
     0
284
     8
340
11
1001
ACAD_DSTYLE_DIMTEXT_FILL
1070
   376
1070
     1
1070
   377
1004
1800000002000000000000C1000000000000000000000000
  0
DIMSTYLE
105
2F28C
330
A
100
AcDbSymbolTableRecord
100
AcDbDimStyleTableRecord
  2
ISO_COORDINATE
 70
     0
 41
3.5
 42
0.05
 43
10.0
 44
1.0
 47
0.1
 48
0.1
 73
     0
 74
     0
 77
     1
 78
     8
 79
     2
140
3.5
141
0.0
143
0.03937007874016
146
0.71
147
1.5
172
     1
175
     1
176
   256
271
     2
178
     3
271
     2
272
     3
274
     4
283
     0
284
     8
340
11
1001
ACAD_DSTYLE_DIMTEXT_FILL
1070
   376
1070
     1
1070
   377
1004
1800000002000000000000C1000000000000000000000000
  0
DIMSTYLE
105
2F28D
330
A
100
AcDbSymbolTableRecord
100
AcDbDimStyleTableRecord
  2
ISO_DIAMETER
 70
     0
 41
3.5
 42
0.05
 43
10.0
 44
1.0
 47
0.1
 48
0.1
 73
     0
 74
     0
 77
     1
 78
     8
 79
     2
140
3.5
141
0.0
143
0.03937007874016
146
0.71
147
1.5
172
     1
175
     1
176
   256
271
     2
178
     3
271
     2
272
     3
274
     4
280
     4
283
     0
284
     8
288
     1
289
     2
340
11
1001
ACAD_DSTYLE_DIMTEXT_FILL
1070
   376
1070
     1
1070
   377
1004
1800000002000000000000C1000000000000000000000000
  0
DIMSTYLE
105
2F28E
330
A
100
AcDbSymbolTableRecord
100
AcDbDimStyleTableRecord
  2
ISO_ANGULAR
 70
     0
 41
0.1
 42
0.05
 43
0.5
 44
0.1
 47
0.1
 48
0.1
 73
     0
 74
     0
 78
     7
 79
     2
140
0.12
141
0.0
146
0.71
147
0.06
176
   256
271
     2
178
   140
271
     2
272
     3
274
     4
284
     7
340
11
1001
ACAD_DSTYLE_DIMTEXT_FILL
1070
   376
1070
     1
1070
   377
1004
1800000002000000000000C1000000000000000000000000
  0
DIMSTYLE
105
2F28F
330
A
100
AcDbSymbolTableRecord
100
AcDbDimStyleTableRecord
  2
ISO_LINEAR
 70
     0
 41
3.5
 42
0.05
 43
10.0
 44
1.0
 47
0.1
 48
0.1
 73
     0
 74
     0
 77
     1
 78
     8
 79
     2
140
3.5
141
0.0
143
0.03937007874016
146
0.71
147
1.5
172
     1
175
     1
176
   256
271
     2
178
     3
271
     2
272
     3
274
     4
283
     0
284
     8
340
11
1001
ACAD_DSTYLE_DIMTEXT_FILL
1070
   376
1070
     1
1070
   377
1004
1800000002000000000000C1000000000000000000000000
  0
DIMSTYLE
105
2F290
330
A
100
AcDbSymbolTableRecord
100
AcDbDimStyleTableRecord
  2
ISO_BALLOON
 70
     0
 41
3.5
 42
0.05
 43
10.0
 44
1.0
 47
0.1
 48
0.1
 73
     0
 74
     0
 77
     1
 78
     8
 79
     2
140
3.5
141
0.0
143
0.03937007874016
146
0.71
147
1.5
172
     1
175
     1
176
   256
271
     2
178
     3
271
     2
272
     3
274
     4
283
     0
284
     8
340
11
1001
ACAD_DSTYLE_DIMTEXT_FILL
1070
   376
1070
     1
1070
   377
1004
1800000002000000000000C1000000000000000000000000
  0
DIMSTYLE
105
3256A
330
A
100
AcDbSymbolTableRecord
100
AcDbDimStyleTableRecord
  2
ISOCPEUR
 70
     0
 40
0.0
 41
3.0
 42
0.0
 43
8.0
 44
1.25
 73
     0
 74
     0
 77
     1
 78
     8
 79
     2
140
5.0
141
5.0
147
0.625
172
     1
179
     3
271
     3
272
     3
279
     1
340
32569
1001
ACAD_DSTYLE_DIMJAG
1070
   388
1040
1.5
1001
ACAD_DSTYLE_DIMTALN
1070
   392
1070
     0
  0
ENDTAB
  0
TABLE
  2
BLOCK_RECORD
  5
1
330
0
100
AcDbSymbolTable
 70
    11
  0
BLOCK_RECORD
  5
1F
102
{ACAD_XDICTIONARY
360
61FE
102
}
330
1
100
AcDbSymbolTableRecord
100
AcDbBlockTableRecord
  2
*Model_Space
340
22
  0
BLOCK_RECORD
  5
1DF
330
1
100
AcDbSymbolTableRecord
100
AcDbBlockTableRecord
  2
*Paper_Space
340
1E0
  0
BLOCK_RECORD
  5
1E3
330
1
100
AcDbSymbolTableRecord
100
AcDbBlockTableRecord
  2
*Paper_Space0
340
1E4
  0
BLOCK_RECORD
  5
C16D7
330
1
100
AcDbSymbolTableRecord
100
AcDbBlockTableRecord
  2
*D1
340
0
  0
BLOCK_RECORD
  5
C16E5
330
1
100
AcDbSymbolTableRecord
100
AcDbBlockTableRecord
  2
*D2
340
0
  0
BLOCK_RECORD
  5
C16F1
330
1
100
AcDbSymbolTableRecord
100
AcDbBlockTableRecord
  2
*D3
340
0
  0
BLOCK_RECORD
  5
C16FD
330
1
100
AcDbSymbolTableRecord
100
AcDbBlockTableRecord
  2
*D4
340
0
  0
BLOCK_RECORD
  5
C1709
330
1
100
AcDbSymbolTableRecord
100
AcDbBlockTableRecord
  2
*D5
340
0
  0
BLOCK_RECORD
  5
C1715
330
1
100
AcDbSymbolTableRecord
100
AcDbBlockTableRecord
  2
*D6
340
0
  0
BLOCK_RECORD
  5
C1721
330
1
100
AcDbSymbolTableRecord
100
AcDbBlockTableRecord
  2
*D7
340
0
  0
BLOCK_RECORD
  5
C172D
330
1
100
AcDbSymbolTableRecord
100
AcDbBlockTableRecord
  2
*D8
340
0
  0
BLOCK_RECORD
  5
C173B
330
1
100
AcDbSymbolTableRecord
100
AcDbBlockTableRecord
  2
*D9
340
0
  0
BLOCK_RECORD
  5
C1749
330
1
100
AcDbSymbolTableRecord
100
AcDbBlockTableRecord
  2
*D10
340
0
  0
ENDTAB
  0
ENDSEC
  0
SECTION
  2
BLOCKS
  0
BLOCK
  5
20
330
1F
100
AcDbEntity
  8
0
100
AcDbBlockBegin
  2
*Model_Space
 70
     0
 10
0.0
 20
0.0
 30
0.0
  3
*Model_Space
  1

  0
ENDBLK
  5
21
330
1F
100
AcDbEntity
  8
0
100
AcDbBlockEnd
  0
BLOCK
  5
1E1
330
1DF
100
AcDbEntity
 67
     1
  8
0
100
AcDbBlockBegin
  2
*Paper_Space
 70
     0
 10
0.0
 20
0.0
 30
0.0
  3
*Paper_Space
  1

  0
ENDBLK
  5
1E2
330
1DF
100
AcDbEntity
 67
     1
  8
0
100
AcDbBlockEnd
  0
BLOCK
  5
1E5
330
1E3
100
AcDbEntity
  8
0
100
AcDbBlockBegin
  2
*Paper_Space0
 70
     0
 10
0.0
 20
0.0
 30
0.0
  3
*Paper_Space0
  1

  0
VIEWPORT
  5
212
102
{ACAD_XDICTIONARY
360
C17D2
102
}
330
1E3
100
AcDbEntity
  8
0
100
AcDbViewport
 10
128.5
 20
97.5
 30
0.0
 40
314.226
 41
222.18
 68
     1
 69
    -1
 12
749.9665905852967
 22
-498.9149163598715
 13
0.0
 23
0.0
 14
0.5
 24
0.5
 15
0.0
 25
0.0
 16
0.0
 26
0.0
 36
1.0
 17
0.0
 27
0.0
 37
0.0
 42
50.0
 43
0.0
 44
0.0
 45
3677.51312856394
 50
0.0
 51
0.0
 72
  1000
 90
   557088
  1

281
     0
 71
     1
 74
     0
110
0.0
120
0.0
130
0.0
111
1.0
121
0.0
131
0.0
112
0.0
122
1.0
132
0.0
 79
     0
146
0.0
  0
VIEWPORT
  5
215
102
{ACAD_XDICTIONARY
360
C17D4
102
}
330
1E3
100
AcDbEntity
  8
0
100
AcDbViewport
 10
749.9665905852971
 20
-498.9149163598715
 30
0.0
 40
9182.902605053151
 41
3532.443577141299
 69
    -1
 12
98591.12414649299
 22
60090.01078586213
 13
0.0
 23
0.0
 14
0.5
 24
0.5
 15
0.0
 25
0.0
 16
0.0
 26
0.0
 36
1.0
 17
0.0
 27
0.0
 37
0.0
 42
50.0
 43
0.0
 44
0.0
 45
1169.16086306615
 50
0.0
 51
0.0
 72
  1000
 90
   557152
  1

281
     0
 71
     1
 74
     0
110
0.0
120
0.0
130
0.0
111
1.0
121
0.0
131
0.0
112
0.0
122
1.0
132
0.0
 79
     0
146
0.0
  0
ENDBLK
  5
1E6
330
1E3
100
AcDbEntity
  8
0
100
AcDbBlockEnd
  0
BLOCK
  5
C16D8
330
C16D7
100
AcDbEntity
  8
0
100
AcDbBlockBegin
  2
*D1
 70
     1
 10
0.0
 20
0.0
 30
0.0
  3
*D1
  1

  0
LINE
  5
C1752
330
C16D7
100
AcDbEntity
  8
0
 62
     0
370
    -2
100
AcDbLine
 10
4460.163794023536
 20
4685.373588512123
 30
0.0
 11
4314.417818331899
 21
4685.373588512123
 31
0.0
  0
LINE
  5
C1753
330
C16D7
100
AcDbEntity
  8
0
 62
     0
370
    -2
100
AcDbLine
 10
4460.163794023536
 20
4610.373588512124
 30
0.0
 11
4314.417818331899
 21
4610.373588512124
 31
0.0
  0
LINE
  5
C1754
330
C16D7
100
AcDbEntity
  8
0
 62
     0
370
    -2
100
AcDbLine
 10
4315.6678183319
 20
4560.373588512123
 30
0.0
 11
4315.6678183319
 21
4398.78422971267
 31
0.0
  0
LINE
  5
C1755
330
C16D7
100
AcDbEntity
  8
0
 62
     0
370
    -2
100
AcDbLine
 10
4315.6678183319
 20
4685.373588512123
 30
0.0
 11
4315.6678183319
 21
4610.373588512124
 31
0.0
  0
LINE
  5
C1756
330
C16D7
100
AcDbEntity
  8
0
 62
     0
370
    -2
100
AcDbLine
 10
4315.6678183319
 20
4735.373588512124
 30
0.0
 11
4315.6678183319
 21
4785.373588512124
 31
0.0
  0
SOLID
  5
C1757
330
C16D7
100
AcDbEntity
  8
0
 62
     0
100
AcDbTrace
 10
4307.334484998565
 20
4735.373588512124
 30
0.0
 11
4324.001151665234
 21
4735.373588512124
 31
0.0
 12
4315.6678183319
 22
4685.373588512123
 32
0.0
 13
4315.6678183319
 23
4685.373588512123
 33
0.0
  0
SOLID
  5
C1758
330
C16D7
100
AcDbEntity
  8
0
 62
     0
100
AcDbTrace
 10
4324.001151665234
 20
4560.373588512123
 30
0.0
 11
4307.334484998565
 21
4560.373588512123
 31
0.0
 12
4315.6678183319
 22
4610.373588512124
 32
0.0
 13
4315.6678183319
 23
4610.373588512124
 33
0.0
  0
MTEXT
  5
C1759
330
C16D7
100
AcDbEntity
  8
0
 62
     0
100
AcDbMText
 10
4270.241488181834
 20
4454.578909112397
 30
0.0
 40
50.0
 41
0.0
 71
     5
 72
     1
  1
75
 11
0.0
 21
1.0
 31
0.0
 73
     1
 44
1.0
1001
ACAD
1000
MTEXTBEGIN
1070
    73
1070
     1
1070
    44
1040
1.0
1070
    74
1070
     0
1000
MTEXTEND
  0
POINT
  5
C175A
330
C16D7
100
AcDbEntity
  8
Defpoints
 62
     0
100
AcDbPoint
 10
4480.163794023535
 20
4685.373588512123
 30
0.0
  0
POINT
  5
C175B
330
C16D7
100
AcDbEntity
  8
Defpoints
 62
     0
100
AcDbPoint
 10
4480.163794023535
 20
4610.373588512124
 30
0.0
  0
POINT
  5
C175C
330
C16D7
100
AcDbEntity
  8
Defpoints
 62
     0
100
AcDbPoint
 10
4315.6678183319
 20
4610.373588512124
 30
0.0
  0
ENDBLK
  5
C16D9
330
C16D7
100
AcDbEntity
  8
0
100
AcDbBlockEnd
  0
BLOCK
  5
C16E6
330
C16E5
100
AcDbEntity
  8
0
100
AcDbBlockBegin
  2
*D2
 70
     1
 10
0.0
 20
0.0
 30
0.0
  3
*D2
  1

  0
LINE
  5
C175D
330
C16E5
100
AcDbEntity
  8
0
 62
     0
370
    -2
100
AcDbLine
 10
6007.163794023536
 20
5140.373588512124
 30
0.0
 11
6218.320121273615
 21
5140.373588512124
 31
0.0
  0
LINE
  5
C175E
330
C16E5
100
AcDbEntity
  8
0
 62
     0
370
    -2
100
AcDbLine
 10
6007.163794023536
 20
4610.373588512124
 30
0.0
 11
6218.320121273615
 21
4610.373588512124
 31
0.0
  0
LINE
  5
C175F
330
C16E5
100
AcDbEntity
  8
0
 62
     0
370
    -2
100
AcDbLine
 10
6217.070121273614
 20
5090.373588512124
 30
0.0
 11
6217.070121273614
 21
4660.373588512124
 31
0.0
  0
SOLID
  5
C1760
330
C16E5
100
AcDbEntity
  8
0
 62
     0
100
AcDbTrace
 10
6225.403454606949
 20
5090.373588512124
 30
0.0
 11
6208.736787940281
 21
5090.373588512124
 31
0.0
 12
6217.070121273614
 22
5140.373588512124
 32
0.0
 13
6217.070121273614
 23
5140.373588512124
 33
0.0
  0
SOLID
  5
C1761
330
C16E5
100
AcDbEntity
  8
0
 62
     0
100
AcDbTrace
 10
6208.736787940281
 20
4660.373588512124
 30
0.0
 11
6225.403454606949
 21
4660.373588512124
 31
0.0
 12
6217.070121273614
 22
4610.373588512124
 32
0.0
 13
6217.070121273614
 23
4610.373588512124
 33
0.0
  0
MTEXT
  5
C1762
330
C16E5
100
AcDbEntity
  8
0
 62
     0
100
AcDbMText
 10
6171.524418681527
 20
4875.373588512124
 30
0.0
 40
50.0
 41
0.0
 71
     5
 72
     1
  1
530
 11
0.0
 21
1.0
 31
0.0
 73
     1
 44
1.0
1001
ACAD
1000
MTEXTBEGIN
1070
    73
1070
     1
1070
    44
1040
1.0
1070
    74
1070
     0
1000
MTEXTEND
  0
POINT
  5
C1763
330
C16E5
100
AcDbEntity
  8
Defpoints
 62
     0
100
AcDbPoint
 10
5987.163794023536
 20
5140.373588512124
 30
0.0
  0
POINT
  5
C1764
330
C16E5
100
AcDbEntity
  8
Defpoints
 62
     0
100
AcDbPoint
 10
5987.163794023536
 20
4610.373588512124
 30
0.0
  0
POINT
  5
C1765
330
C16E5
100
AcDbEntity
  8
Defpoints
 62
     0
100
AcDbPoint
 10
6217.070121273614
 20
4610.373588512124
 30
0.0
  0
ENDBLK
  5
C16E7
330
C16E5
100
AcDbEntity
  8
0
100
AcDbBlockEnd
  0
BLOCK
  5
C16F2
330
C16F1
100
AcDbEntity
  8
0
100
AcDbBlockBegin
  2
*D3
 70
     1
 10
0.0
 20
0.0
 30
0.0
  3
*D3
  1

  0
LINE
  5
C1766
330
C16F1
100
AcDbEntity
  8
0
 62
     0
370
    -2
100
AcDbLine
 10
4480.163794023535
 20
4590.373588512124
 30
0.0
 11
4480.163794023535
 21
4399.074244283659
 31
0.0
  0
LINE
  5
C1767
330
C16F1
100
AcDbEntity
  8
0
 62
     0
370
    -2
100
AcDbLine
 10
5987.163794023536
 20
4590.373588512124
 30
0.0
 11
5987.163794023536
 21
4399.074244283659
 31
0.0
  0
LINE
  5
C1768
330
C16F1
100
AcDbEntity
  8
0
 62
     0
370
    -2
100
AcDbLine
 10
4530.163794023535
 20
4400.32424428366
 30
0.0
 11
5937.163794023536
 21
4400.32424428366
 31
0.0
  0
SOLID
  5
C1769
330
C16F1
100
AcDbEntity
  8
0
 62
     0
100
AcDbTrace
 10
4530.163794023535
 20
4408.657577616993
 30
0.0
 11
4530.163794023535
 21
4391.990910950327
 31
0.0
 12
4480.163794023535
 22
4400.32424428366
 32
0.0
 13
4480.163794023535
 23
4400.32424428366
 33
0.0
  0
SOLID
  5
C176A
330
C16F1
100
AcDbEntity
  8
0
 62
     0
100
AcDbTrace
 10
5937.163794023536
 20
4391.990910950327
 30
0.0
 11
5937.163794023536
 21
4408.657577616993
 31
0.0
 12
5987.163794023536
 22
4400.32424428366
 32
0.0
 13
5987.163794023536
 23
4400.32424428366
 33
0.0
  0
MTEXT
  5
C176B
330
C16F1
100
AcDbEntity
  8
0
 62
     0
100
AcDbMText
 10
5233.663794023536
 20
4445.852893669744
 30
0.0
 40
50.0
 41
0.0
 71
     5
 72
     1
  1
1507
 73
     1
 44
1.0
1001
ACAD
1000
MTEXTBEGIN
1070
    73
1070
     1
1070
    44
1040
1.0
1070
    74
1070
     0
1000
MTEXTEND
  0
POINT
  5
C176C
330
C16F1
100
AcDbEntity
  8
Defpoints
 62
     0
100
AcDbPoint
 10
4480.163794023535
 20
4610.373588512124
 30
0.0
  0
POINT
  5
C176D
330
C16F1
100
AcDbEntity
  8
Defpoints
 62
     0
100
AcDbPoint
 10
5987.163794023536
 20
4610.373588512124
 30
0.0
  0
POINT
  5
C176E
330
C16F1
100
AcDbEntity
  8
Defpoints
 62
     0
100
AcDbPoint
 10
5987.163794023536
 20
4400.32424428366
 30
0.0
  0
ENDBLK
  5
C16F3
330
C16F1
100
AcDbEntity
  8
0
100
AcDbBlockEnd
  0
BLOCK
  5
C16FE
330
C16FD
100
AcDbEntity
  8
0
100
AcDbBlockBegin
  2
*D4
 70
     1
 10
0.0
 20
0.0
 30
0.0
  3
*D4
  1

  0
LINE
  5
C176F
330
C16FD
100
AcDbEntity
  8
0
 62
     0
370
    -2
100
AcDbLine
 10
3577.298777584406
 20
3369.161429204341
 30
0.0
 11
3577.298777584406
 21
3256.853424989287
 31
0.0
  0
LINE
  5
C1770
330
C16FD
100
AcDbEntity
  8
0
 62
     0
370
    -2
100
AcDbLine
 10
3797.298777584407
 20
3369.161429204341
 30
0.0
 11
3797.298777584407
 21
3256.853424989287
 31
0.0
  0
LINE
  5
C1771
330
C16FD
100
AcDbEntity
  8
0
 62
     0
370
    -2
100
AcDbLine
 10
3627.298777584407
 20
3258.103424989287
 30
0.0
 11
3747.298777584407
 21
3258.103424989287
 31
0.0
  0
SOLID
  5
C1772
330
C16FD
100
AcDbEntity
  8
0
 62
     0
100
AcDbTrace
 10
3627.298777584407
 20
3266.43675832262
 30
0.0
 11
3627.298777584407
 21
3249.770091655955
 31
0.0
 12
3577.298777584406
 22
3258.103424989287
 32
0.0
 13
3577.298777584406
 23
3258.103424989287
 33
0.0
  0
SOLID
  5
C1773
330
C16FD
100
AcDbEntity
  8
0
 62
     0
100
AcDbTrace
 10
3747.298777584407
 20
3249.770091655955
 30
0.0
 11
3747.298777584407
 21
3266.43675832262
 31
0.0
 12
3797.298777584407
 22
3258.103424989287
 32
0.0
 13
3797.298777584407
 23
3258.103424989287
 33
0.0
  0
MTEXT
  5
C1774
330
C16FD
100
AcDbEntity
  8
0
 62
     0
100
AcDbMText
 10
3687.298777584407
 20
3303.632074375372
 30
0.0
 40
50.0
 41
0.0
 71
     5
 72
     1
  1
220
 73
     1
 44
1.0
1001
ACAD
1000
MTEXTBEGIN
1070
    73
1070
     1
1070
    44
1040
1.0
1070
    74
1070
     0
1000
MTEXTEND
  0
POINT
  5
C1775
330
C16FD
100
AcDbEntity
  8
Defpoints
 62
     0
100
AcDbPoint
 10
3577.298777584406
 20
3389.161429204341
 30
0.0
  0
POINT
  5
C1776
330
C16FD
100
AcDbEntity
  8
Defpoints
 62
     0
100
AcDbPoint
 10
3797.298777584407
 20
3389.161429204341
 30
0.0
  0
POINT
  5
C1777
330
C16FD
100
AcDbEntity
  8
Defpoints
 62
     0
100
AcDbPoint
 10
3797.298777584407
 20
3258.103424989287
 30
0.0
  0
ENDBLK
  5
C16FF
330
C16FD
100
AcDbEntity
  8
0
100
AcDbBlockEnd
  0
BLOCK
  5
C170A
330
C1709
100
AcDbEntity
  8
0
100
AcDbBlockBegin
  2
*D5
 70
     1
 10
0.0
 20
0.0
 30
0.0
  3
*D5
  1

  0
LINE
  5
C1778
330
C1709
100
AcDbEntity
  8
0
 62
     0
370
    -2
100
AcDbLine
 10
3817.298777584407
 20
3389.161429204341
 30
0.0
 11
3960.919760505755
 21
3389.161429204341
 31
0.0
  0
LINE
  5
C1779
330
C1709
100
AcDbEntity
  8
0
 62
     0
370
    -2
100
AcDbLine
 10
3817.298777584407
 20
5569.161429204342
 30
0.0
 11
3960.919760505755
 21
5569.161429204342
 31
0.0
  0
LINE
  5
C177A
330
C1709
100
AcDbEntity
  8
0
 62
     0
370
    -2
100
AcDbLine
 10
3959.669760505754
 20
3439.161429204342
 30
0.0
 11
3959.669760505754
 21
5519.161429204341
 31
0.0
  0
SOLID
  5
C177B
330
C1709
100
AcDbEntity
  8
0
 62
     0
100
AcDbTrace
 10
3951.336427172421
 20
3439.161429204342
 30
0.0
 11
3968.003093839089
 21
3439.161429204342
 31
0.0
 12
3959.669760505754
 22
3389.161429204341
 32
0.0
 13
3959.669760505754
 23
3389.161429204341
 33
0.0
  0
SOLID
  5
C177C
330
C1709
100
AcDbEntity
  8
0
 62
     0
100
AcDbTrace
 10
3968.003093839089
 20
5519.161429204341
 30
0.0
 11
3951.336427172421
 21
5519.161429204341
 31
0.0
 12
3959.669760505754
 22
5569.161429204342
 32
0.0
 13
3959.669760505754
 23
5569.161429204342
 33
0.0
  0
MTEXT
  5
C177D
330
C1709
100
AcDbEntity
  8
0
 62
     0
100
AcDbMText
 10
3914.141111119669
 20
4479.161429204341
 30
0.0
 40
50.0
 41
0.0
 71
     5
 72
     1
  1
2180
 11
0.0
 21
1.0
 31
0.0
 73
     1
 44
1.0
1001
ACAD
1000
MTEXTBEGIN
1070
    73
1070
     1
1070
    44
1040
1.0
1070
    74
1070
     0
1000
MTEXTEND
  0
POINT
  5
C177E
330
C1709
100
AcDbEntity
  8
Defpoints
 62
     0
100
AcDbPoint
 10
3797.298777584407
 20
3389.161429204341
 30
0.0
  0
POINT
  5
C177F
330
C1709
100
AcDbEntity
  8
Defpoints
 62
     0
100
AcDbPoint
 10
3797.298777584407
 20
5569.161429204342
 30
0.0
  0
POINT
  5
C1780
330
C1709
100
AcDbEntity
  8
Defpoints
 62
     0
100
AcDbPoint
 10
3959.669760505754
 20
5569.161429204342
 30
0.0
  0
ENDBLK
  5
C170B
330
C1709
100
AcDbEntity
  8
0
100
AcDbBlockEnd
  0
BLOCK
  5
C1716
330
C1715
100
AcDbEntity
  8
0
100
AcDbBlockBegin
  2
*D6
 70
     1
 10
0.0
 20
0.0
 30
0.0
  3
*D6
  1

  0
LINE
  5
C1781
330
C1715
100
AcDbEntity
  8
0
 62
     0
370
    -2
100
AcDbLine
 10
3557.298777584407
 20
4949.161429204341
 30
0.0
 11
3415.877246098678
 21
4949.161429204341
 31
0.0
  0
LINE
  5
C1782
330
C1715
100
AcDbEntity
  8
0
 62
     0
370
    -2
100
AcDbLine
 10
3557.298777584407
 20
5569.161429204342
 30
0.0
 11
3415.877246098678
 21
5569.161429204342
 31
0.0
  0
LINE
  5
C1783
330
C1715
100
AcDbEntity
  8
0
 62
     0
370
    -2
100
AcDbLine
 10
3417.127246098679
 20
4999.161429204342
 30
0.0
 11
3417.127246098679
 21
5519.161429204341
 31
0.0
  0
SOLID
  5
C1784
330
C1715
100
AcDbEntity
  8
0
 62
     0
100
AcDbTrace
 10
3408.793912765344
 20
4999.161429204342
 30
0.0
 11
3425.460579432012
 21
4999.161429204342
 31
0.0
 12
3417.127246098679
 22
4949.161429204341
 32
0.0
 13
3417.127246098679
 23
4949.161429204341
 33
0.0
  0
SOLID
  5
C1785
330
C1715
100
AcDbEntity
  8
0
 62
     0
100
AcDbTrace
 10
3425.460579432012
 20
5519.161429204341
 30
0.0
 11
3408.793912765344
 21
5519.161429204341
 31
0.0
 12
3417.127246098679
 22
5569.161429204342
 32
0.0
 13
3417.127246098679
 23
5569.161429204342
 33
0.0
  0
MTEXT
  5
C1786
330
C1715
100
AcDbEntity
  8
0
 62
     0
100
AcDbMText
 10
3371.598596712593
 20
5259.161429204342
 30
0.0
 40
50.0
 41
0.0
 71
     5
 72
     1
  1
620
 11
0.0
 21
1.0
 31
0.0
 73
     1
 44
1.0
1001
ACAD
1000
MTEXTBEGIN
1070
    73
1070
     1
1070
    44
1040
1.0
1070
    74
1070
     0
1000
MTEXTEND
  0
POINT
  5
C1787
330
C1715
100
AcDbEntity
  8
Defpoints
 62
     0
100
AcDbPoint
 10
3577.298777584406
 20
4949.161429204341
 30
0.0
  0
POINT
  5
C1788
330
C1715
100
AcDbEntity
  8
Defpoints
 62
     0
100
AcDbPoint
 10
3577.298777584406
 20
5569.161429204342
 30
0.0
  0
POINT
  5
C1789
330
C1715
100
AcDbEntity
  8
Defpoints
 62
     0
100
AcDbPoint
 10
3417.127246098679
 20
5569.161429204342
 30
0.0
  0
ENDBLK
  5
C1717
330
C1715
100
AcDbEntity
  8
0
100
AcDbBlockEnd
  0
BLOCK
  5
C1722
330
C1721
100
AcDbEntity
  8
0
100
AcDbBlockBegin
  2
*D7
 70
     1
 10
0.0
 20
0.0
 30
0.0
  3
*D7
  1

  0
LINE
  5
C178A
330
C1721
100
AcDbEntity
  8
0
 62
     0
370
    -2
100
AcDbLine
 10
3557.298777584407
 20
4879.161429204341
 30
0.0
 11
3304.237537227372
 21
4879.161429204341
 31
0.0
  0
LINE
  5
C178B
330
C1721
100
AcDbEntity
  8
0
 62
     0
370
    -2
100
AcDbLine
 10
3557.298777584407
 20
3389.161429204341
 30
0.0
 11
3304.237537227372
 21
3389.161429204341
 31
0.0
  0
LINE
  5
C178C
330
C1721
100
AcDbEntity
  8
0
 62
     0
370
    -2
100
AcDbLine
 10
3305.487537227373
 20
4829.161429204341
 30
0.0
 11
3305.487537227373
 21
3439.161429204342
 31
0.0
  0
SOLID
  5
C178D
330
C1721
100
AcDbEntity
  8
0
 62
     0
100
AcDbTrace
 10
3313.820870560707
 20
4829.161429204341
 30
0.0
 11
3297.154203894039
 21
4829.161429204341
 31
0.0
 12
3305.487537227373
 22
4879.161429204341
 32
0.0
 13
3305.487537227373
 23
4879.161429204341
 33
0.0
  0
SOLID
  5
C178E
330
C1721
100
AcDbEntity
  8
0
 62
     0
100
AcDbTrace
 10
3297.154203894039
 20
3439.161429204342
 30
0.0
 11
3313.820870560707
 21
3439.161429204342
 31
0.0
 12
3305.487537227373
 22
3389.161429204341
 32
0.0
 13
3305.487537227373
 23
3389.161429204341
 33
0.0
  0
MTEXT
  5
C178F
330
C1721
100
AcDbEntity
  8
0
 62
     0
100
AcDbMText
 10
3259.958887841287
 20
4134.161429204342
 30
0.0
 40
50.0
 41
0.0
 71
     5
 72
     1
  1
1490
 11
0.0
 21
1.0
 31
0.0
 73
     1
 44
1.0
1001
ACAD
1000
MTEXTBEGIN
1070
    73
1070
     1
1070
    44
1040
1.0
1070
    74
1070
     0
1000
MTEXTEND
  0
POINT
  5
C1790
330
C1721
100
AcDbEntity
  8
Defpoints
 62
     0
100
AcDbPoint
 10
3577.298777584406
 20
4879.161429204341
 30
0.0
  0
POINT
  5
C1791
330
C1721
100
AcDbEntity
  8
Defpoints
 62
     0
100
AcDbPoint
 10
3577.298777584406
 20
3389.161429204341
 30
0.0
  0
POINT
  5
C1792
330
C1721
100
AcDbEntity
  8
Defpoints
 62
     0
100
AcDbPoint
 10
3305.487537227373
 20
3389.161429204341
 30
0.0
  0
ENDBLK
  5
C1723
330
C1721
100
AcDbEntity
  8
0
100
AcDbBlockEnd
  0
BLOCK
  5
C172E
330
C172D
100
AcDbEntity
  8
0
100
AcDbBlockBegin
  2
*D8
 70
     1
 10
0.0
 20
0.0
 30
0.0
  3
*D8
  1

  0
LINE
  5
C1793
330
C172D
100
AcDbEntity
  8
0
 62
     0
370
    -2
100
AcDbLine
 10
3466.782241573585
 20
4879.161429204341
 30
0.0
 11
3304.237537227372
 21
4879.161429204341
 31
0.0
  0
LINE
  5
C1794
330
C172D
100
AcDbEntity
  8
0
 62
     0
370
    -2
100
AcDbLine
 10
3466.588011841543
 20
4949.161429204341
 30
0.0
 11
3304.237537227372
 21
4949.161429204341
 31
0.0
  0
LINE
  5
C1795
330
C172D
100
AcDbEntity
  8
0
 62
     0
370
    -2
100
AcDbLine
 10
3305.487537227373
 20
4999.161429204342
 30
0.0
 11
3305.487537227373
 21
5160.205085411708
 31
0.0
  0
LINE
  5
C1796
330
C172D
100
AcDbEntity
  8
0
 62
     0
370
    -2
100
AcDbLine
 10
3305.487537227373
 20
4879.161429204341
 30
0.0
 11
3305.487537227373
 21
4949.161429204341
 31
0.0
  0
LINE
  5
C1797
330
C172D
100
AcDbEntity
  8
0
 62
     0
370
    -2
100
AcDbLine
 10
3305.487537227373
 20
4829.161429204341
 30
0.0
 11
3305.487537227373
 21
4779.161429204341
 31
0.0
  0
SOLID
  5
C1798
330
C172D
100
AcDbEntity
  8
0
 62
     0
100
AcDbTrace
 10
3313.820870560707
 20
4829.161429204341
 30
0.0
 11
3297.154203894039
 21
4829.161429204341
 31
0.0
 12
3305.487537227373
 22
4879.161429204341
 32
0.0
 13
3305.487537227373
 23
4879.161429204341
 33
0.0
  0
SOLID
  5
C1799
330
C172D
100
AcDbEntity
  8
0
 62
     0
100
AcDbTrace
 10
3297.154203894039
 20
4999.161429204342
 30
0.0
 11
3313.820870560707
 21
4999.161429204342
 31
0.0
 12
3305.487537227373
 22
4949.161429204341
 32
0.0
 13
3305.487537227373
 23
4949.161429204341
 33
0.0
  0
MTEXT
  5
C179A
330
C172D
100
AcDbEntity
  8
0
 62
     0
100
AcDbMText
 10
3259.958887841287
 20
5104.683257308025
 30
0.0
 40
50.0
 41
0.0
 71
     5
 72
     1
  1
70
 11
0.0
 21
1.0
 31
0.0
 73
     1
 44
1.0
1001
ACAD
1000
MTEXTBEGIN
1070
    73
1070
     1
1070
    44
1040
1.0
1070
    74
1070
     0
1000
MTEXTEND
  0
POINT
  5
C179B
330
C172D
100
AcDbEntity
  8
Defpoints
 62
     0
100
AcDbPoint
 10
3486.782241573584
 20
4879.161429204341
 30
0.0
  0
POINT
  5
C179C
330
C172D
100
AcDbEntity
  8
Defpoints
 62
     0
100
AcDbPoint
 10
3486.588011841543
 20
4949.161429204341
 30
0.0
  0
POINT
  5
C179D
330
C172D
100
AcDbEntity
  8
Defpoints
 62
     0
100
AcDbPoint
 10
3305.487537227373
 20
4949.161429204341
 30
0.0
  0
ENDBLK
  5
C172F
330
C172D
100
AcDbEntity
  8
0
100
AcDbBlockEnd
  0
BLOCK
  5
C173C
330
C173B
100
AcDbEntity
  8
0
100
AcDbBlockBegin
  2
*D9
 70
     1
 10
0.0
 20
0.0
 30
0.0
  3
*D9
  1

  0
LINE
  5
C179E
330
C173B
100
AcDbEntity
  8
0
 62
     0
370
    -2
100
AcDbLine
 10
3642.298777584407
 20
4894.161429204341
 30
0.0
 11
3642.298777584407
 21
4753.629811301227
 31
0.0
  0
LINE
  5
C179F
330
C173B
100
AcDbEntity
  8
0
 62
     0
370
    -2
100
AcDbLine
 10
3577.298777584406
 20
4859.161429204341
 30
0.0
 11
3577.298777584406
 21
4753.629811301227
 31
0.0
  0
LINE
  5
C17A0
330
C173B
100
AcDbEntity
  8
0
 62
     0
370
    -2
100
AcDbLine
 10
3527.298777584407
 20
4754.879811301227
 30
0.0
 11
3365.027290544842
 21
4754.879811301227
 31
0.0
  0
LINE
  5
C17A1
330
C173B
100
AcDbEntity
  8
0
 62
     0
370
    -2
100
AcDbLine
 10
3642.298777584407
 20
4754.879811301227
 30
0.0
 11
3577.298777584406
 21
4754.879811301227
 31
0.0
  0
LINE
  5
C17A2
330
C173B
100
AcDbEntity
  8
0
 62
     0
370
    -2
100
AcDbLine
 10
3692.298777584407
 20
4754.879811301227
 30
0.0
 11
3742.298777584407
 21
4754.879811301227
 31
0.0
  0
SOLID
  5
C17A3
330
C173B
100
AcDbEntity
  8
0
 62
     0
100
AcDbTrace
 10
3692.298777584407
 20
4763.21314463456
 30
0.0
 11
3692.298777584407
 21
4746.546477967894
 31
0.0
 12
3642.298777584407
 22
4754.879811301227
 32
0.0
 13
3642.298777584407
 23
4754.879811301227
 33
0.0
  0
SOLID
  5
C17A4
330
C173B
100
AcDbEntity
  8
0
 62
     0
100
AcDbTrace
 10
3527.298777584407
 20
4746.546477967894
 30
0.0
 11
3527.298777584407
 21
4763.21314463456
 31
0.0
 12
3577.298777584406
 22
4754.879811301227
 32
0.0
 13
3577.298777584406
 23
4754.879811301227
 33
0.0
  0
MTEXT
  5
C17A5
330
C173B
100
AcDbEntity
  8
0
 62
     0
100
AcDbMText
 10
3421.163034064625
 20
4800.408460687312
 30
0.0
 40
50.0
 41
0.0
 71
     5
 72
     1
  1
65
 73
     1
 44
1.0
1001
ACAD
1000
MTEXTBEGIN
1070
    73
1070
     1
1070
    44
1040
1.0
1070
    74
1070
     0
1000
MTEXTEND
  0
POINT
  5
C17A6
330
C173B
100
AcDbEntity
  8
Defpoints
 62
     0
100
AcDbPoint
 10
3642.298777584407
 20
4914.161429204341
 30
0.0
  0
POINT
  5
C17A7
330
C173B
100
AcDbEntity
  8
Defpoints
 62
     0
100
AcDbPoint
 10
3577.298777584406
 20
4879.161429204341
 30
0.0
  0
POINT
  5
C17A8
330
C173B
100
AcDbEntity
  8
Defpoints
 62
     0
100
AcDbPoint
 10
3577.298777584406
 20
4754.879811301227
 30
0.0
  0
ENDBLK
  5
C173D
330
C173B
100
AcDbEntity
  8
0
100
AcDbBlockEnd
  0
BLOCK
  5
C174A
330
C1749
100
AcDbEntity
  8
0
100
AcDbBlockBegin
  2
*D10
 70
     1
 10
0.0
 20
0.0
 30
0.0
  3
*D10
  1

  0
LINE
  5
C17B5
330
C1749
100
AcDbEntity
  8
0
 62
     0
370
    -2
100
AcDbLine
 10
3805.802206992682
 20
5132.181774099162
 30
0.0
 11
3664.523791670156
 21
4977.01282348391
 31
0.0
  0
MTEXT
  5
C17B6
330
C1749
100
AcDbEntity
  8
0
 62
     0
100
AcDbMText
 10
3718.316110399519
 20
5103.745985019381
 30
0.0
 40
50.0
 41
0.0
 71
     5
 72
     1
  1
R35
 11
0.6732354598323444
 21
0.7394281679949256
 31
0.0
 73
     1
 44
1.0
1001
ACAD
1000
MTEXTBEGIN
1070
    73
1070
     1
1070
    44
1040
1.0
1070
    74
1070
     0
1000
MTEXTEND
  0
LINE
  5
C17B7
330
C1749
100
AcDbEntity
  8
0
 62
     0
370
    -2
100
AcDbLine
 10
3607.298777584407
 20
4914.161429204341
 30
0.0
 11
3630.862018678539
 21
4940.041415084164
 31
0.0
  0
SOLID
  5
C17B8
330
C1749
100
AcDbEntity
  8
0
 62
     0
100
AcDbTrace
 10
3658.361890270199
 20
4982.623118982512
 30
0.0
 11
3670.685693070114
 21
4971.402527985308
 31
0.0
 12
3630.862018678539
 22
4940.041415084164
 32
0.0
 13
3630.862018678539
 23
4940.041415084164
 33
0.0
  0
POINT
  5
C17B9
330
C1749
100
AcDbEntity
  8
Defpoints
 62
     0
100
AcDbPoint
 10
3630.862018678539
 20
4940.041415084164
 30
0.0
  0
POINT
  5
C17BA
330
C1749
100
AcDbEntity
  8
Defpoints
 62
     0
100
AcDbPoint
 10
3607.298777584407
 20
4914.161429204341
 30
0.0
  0
ENDBLK
  5
C174B
330
C1749
100
AcDbEntity
  8
0
100
AcDbBlockEnd
  0
ENDSEC
  0
SECTION
  2
ENTITIES
  0
LINE
  5
C168E
330
1F
100
AcDbEntity
  8
0
100
AcDbLine
 10
3577.298777584406
 20
5569.161429204342
 30
0.0
 11
3577.298777584406
 21
4949.161429204341
 31
0.0
  0
LINE
  5
C168F
102
{ACAD_REACTORS
330
C16BC
102
}
330
1F
100
AcDbEntity
  8
0
100
AcDbLine
 10
3577.298777584406
 20
4949.161429204341
 30
0.0
 11
3607.298777584407
 21
4949.161429204341
 31
0.0
  0
LINE
  5
C1690
102
{ACAD_REACTORS
330
C16BC
102
}
330
1F
100
AcDbEntity
  8
0
100
AcDbLine
 10
3577.298777584406
 20
5569.161429204342
 30
0.0
 11
3797.298777584407
 21
5569.161429204342
 31
0.0
  0
LINE
  5
C1691
102
{ACAD_REACTORS
330
C16B6
102
}
330
1F
100
AcDbEntity
  8
0
100
AcDbLine
 10
3797.298777584407
 20
5569.161429204342
 30
0.0
 11
3797.298777584407
 21
3389.161429204341
 31
0.0
  0
LINE
  5
C1692
102
{ACAD_REACTORS
330
C16B0
102
}
330
1F
100
AcDbEntity
  8
0
100
AcDbLine
 10
3797.298777584407
 20
3389.161429204341
 30
0.0
 11
3577.298777584406
 21
3389.161429204341
 31
0.0
  0
LINE
  5
C1693
102
{ACAD_REACTORS
330
C16B0
102
}
330
1F
100
AcDbEntity
  8
0
100
AcDbLine
 10
3577.298777584406
 20
3389.161429204341
 30
0.0
 11
3577.298777584406
 21
4879.161429204341
 31
0.0
  0
LINE
  5
C1694
102
{ACAD_REACTORS
330
C16C2
102
}
330
1F
100
AcDbEntity
  8
0
100
AcDbLine
 10
3577.298777584406
 20
4879.161429204341
 30
0.0
 11
3607.298777584407
 21
4879.161429204341
 31
0.0
  0
ARC
  5
C1695
102
{ACAD_REACTORS
330
C16CD
330
C16D3
102
}
330
1F
100
AcDbEntity
  8
0
100
AcDbCircle
 10
3607.298777584407
 20
4914.161429204341
 30
0.0
 40
35.0
100
AcDbArc
 50
270.0
 51
90.0
  0
LINE
  5
C1696
330
1F
100
AcDbEntity
  8
0
100
AcDbLine
 10
4480.163794023535
 20
4685.373588512123
 30
0.0
 11
4480.163794023535
 21
4610.373588512124
 31
0.0
  0
LINE
  5
C1697
102
{ACAD_REACTORS
330
C169C
102
}
330
1F
100
AcDbEntity
  8
0
100
AcDbLine
 10
4480.163794023535
 20
4610.373588512124
 30
0.0
 11
5987.163794023536
 21
4610.373588512124
 31
0.0
  0
LINE
  5
C1698
102
{ACAD_REACTORS
330
C16A2
102
}
330
1F
100
AcDbEntity
  8
0
100
AcDbLine
 10
5987.163794023536
 20
4610.373588512124
 30
0.0
 11
5987.163794023536
 21
5140.373588512124
 31
0.0
  0
ARC
  5
C1699
102
{ACAD_REACTORS
330
C169C
330
C16A2
102
}
330
1F
100
AcDbEntity
  8
0
100
AcDbCircle
 10
7468.949885384512
 20
-2490.590454742775
 30
0.0
 40
7773.5
100
AcDbArc
 50
100.988980315495
 51
112.6117078338323
  0
MTEXT
  5
C17C2
330
1F
100
AcDbEntity
  8
0
100
AcDbMText
 10
3652.435304063045
 20
4511.69566214694
 30
0.0
 40
50.0
 41
46.34231874565284
 71
     1
 72
     5
  1
\U+21163
 73
     1
 44
1.0
1001
ACAD
1000
ACAD_MTEXT_COLUMN_INFO_BEGIN
1070
    75
1070
     2
1070
    79
1070
     0
1070
    76
1070
     1
1070
    78
1070
     0
1070
    48
1040
46.34231874565284
1070
    49
1040
12.5
1070
    50
1070
     1
1040
-51.09140518417462
1000
ACAD_MTEXT_COLUMN_INFO_END
1000
MTEXTBEGIN
1070
    73
1070
     1
1070
    44
1040
1.0
1070
    74
1070
     0
1000
MTEXTEND
1000
ACAD_MTEXT_DEFINED_HEIGHT_BEGIN
1070
    46
1040
55.83333333333314
1000
ACAD_MTEXT_DEFINED_HEIGHT_END
  0
MTEXT
  5
C17C3
330
1F
100
AcDbEntity
  8
0
100
AcDbMText
 10
5247.032362720283
 20
4789.749574620858
 30
0.0
 40
50.0
 41
73.72641618626587
 71
     1
 72
     5
  1
\U+21164
 73
     1
 44
1.0
1001
ACAD
1000
ACAD_MTEXT_COLUMN_INFO_BEGIN
1070
    75
1070
     2
1070
    79
1070
     0
1070
    76
1070
     1
1070
    78
1070
     0
1070
    48
1040
73.72641618626587
1070
    49
1040
12.5
1070
    50
1070
     1
1040
-50.0
1000
ACAD_MTEXT_COLUMN_INFO_END
1000
MTEXTBEGIN
1070
    73
1070
     1
1070
    44
1040
1.0
1070
    74
1070
     0
1000
MTEXTEND
1000
ACAD_MTEXT_DEFINED_HEIGHT_BEGIN
1070
    46
1040
50.55525681343898
1000
ACAD_MTEXT_DEFINED_HEIGHT_END
  0
VIEWPORT
  5
20C
102
{ACAD_XDICTIONARY
360
C17CF
102
}
330
1DF
100
AcDbEntity
 67
     1
  8
0
100
AcDbViewport
 10
128.5
 20
97.5
 30
0.0
 40
314.226
 41
222.18
 68
     2
 69
    -1
 12
141.7920300151774
 22
110.1477342102399
 13
0.0
 23
0.0
 14
0.5
 24
0.5
 15
0.0
 25
0.0
 16
0.0
 26
0.0
 36
1.0
 17
0.0
 27
0.0
 37
0.0
 42
50.0
 43
0.0
 44
0.0
 45
138.2142178079362
 50
0.0
 51
0.0
 72
  1000
 90
   557088
  1

281
     0
 71
     1
 74
     0
110
0.0
120
0.0
130
0.0
111
1.0
121
0.0
131
0.0
112
0.0
122
1.0
132
0.0
 79
     0
146
0.0
  0
VIEWPORT
  5
20F
102
{ACAD_XDICTIONARY
360
73D75
102
}
330
1DF
100
AcDbEntity
 67
     1
  8
0
100
AcDbViewport
 10
131.2417052826691
 20
99.32659066918279
 30
0.0
 40
260.0024096385543
 41
187.5215561039339
 68
     1
 69
    -1
 12
6768.672923731813
 22
5543.173129422542
 13
0.0
 23
0.0
 14
0.5
 24
0.5
 15
0.0
 25
0.0
 16
0.0
 26
0.0
 36
1.0
 17
0.0
 27
0.0
 37
0.0
 42
50.0
 43
0.0
 44
0.0
 45
4888.20311256178
 50
0.0
 51
0.0
 72
  1000
 90
   557152
  1

281
     0
 71
     1
 74
     0
110
0.0
120
0.0
130
0.0
111
1.0
121
0.0
131
0.0
112
0.0
122
1.0
132
0.0
 79
     0
146
0.0
  0
ENDSEC
  0
SECTION
  2
OBJECTS
  0
DICTIONARY
  5
C
330
0
100
AcDbDictionary
281
     1
  3
ACAD_CIP_PREVIOUS_PRODUCT_INFO
350
19E
  3
ACAD_COLOR
350
6C
  3
ACAD_DATALINK
350
2F0AA
  3
ACAD_DETAILVIEWSTYLE
350
1EB
  3
ACAD_GROUP
350
D
  3
ACAD_IMAGE_VARS
350
1CB7F
  3
ACAD_LAYOUT
350
1A
  3
ACAD_MATERIAL
350
6B
  3
ACAD_MLEADERSTYLE
350
DE
  3
ACAD_MLINESTYLE
350
17
  3
ACAD_PLOTSETTINGS
350
19
  3
ACAD_PLOTSTYLENAME
350
E
  3
ACAD_SCALELIST
350
B7
  3
ACAD_SECTIONVIEWSTYLE
350
1E9
  3
ACAD_TABLESTYLE
350
92
  3
ACAD_VISUALSTYLE
350
17F
  3
ACAD_WIPEOUT_VARS
350
99
  3
ACDB_RECOMPOSE_DATA
350
C1821
  3
ACDBHEADERROUNDTRIPXREC
350
C17CB
  3
AcDbVariableDictionary
350
59
  3
DWGPROPS
350
C17CE
  3
ZWM_SYS_DICT
350
2F256
  0
DICTIONARY
  5
C17E2
330
8
100
AcDbDictionary
280
     1
281
     1
  3
ACAD_XREC_ROUNDTRIP
360
C17E3
  0
DICTIONARY
  5
FA
330
2
100
AcDbDictionary
280
     1
281
     1
  3
ACAD_LAYERSTATES
360
FB
  0
DICTIONARY
  5
C17D6
330
10
100
AcDbDictionary
280
     1
281
     1
  3
ACAD_XREC_ROUNDTRIP
360
C17D7
  0
DICTIONARY
  5
C17D8
330
25D
100
AcDbDictionary
280
     1
281
     1
  3
ACAD_XREC_ROUNDTRIP
360
C17D9
  0
DICTIONARY
  5
C17DA
330
278F7
100
AcDbDictionary
280
     1
281
     1
  3
ACAD_XREC_ROUNDTRIP
360
C17DB
  0
DICTIONARY
  5
C17DC
330
2F260
100
AcDbDictionary
280
     1
281
     1
  3
ACAD_XREC_ROUNDTRIP
360
C17DD
  0
DICTIONARY
  5
C17DE
330
2F262
100
AcDbDictionary
280
     1
281
     1
  3
ACAD_XREC_ROUNDTRIP
360
C17DF
  0
DICTIONARY
  5
C17E0
330
32568
100
AcDbDictionary
280
     1
281
     1
  3
ACAD_XREC_ROUNDTRIP
360
C17E1
  0
DICTIONARY
  5
61FE
330
1F
100
AcDbDictionary
280
     1
281
     1
  3
ACAD_SORTENTS
360
61FF
  0
DICTIONARY
  5
C17D2
330
212
100
AcDbDictionary
280
     1
281
     1
  3
ACAD_XREC_ROUNDTRIP
360
C17D3
  0
DICTIONARY
  5
C17D4
330
215
100
AcDbDictionary
280
     1
281
     1
  3
ACAD_XREC_ROUNDTRIP
360
C17D5
  0
DICTIONARY
  5
C17CF
330
20C
100
AcDbDictionary
280
     1
281
     1
  3
ACAD_XREC_ROUNDTRIP
360
C17D0
  0
DICTIONARY
  5
73D75
330
20F
100
AcDbDictionary
280
     1
281
     1
  3
ACAD_XREC_ROUNDTRIP
360
C17D1
  3
ASDK_XREC_ANNOTATION_SCALE_INFO
360
73D76
  0
XRECORD
  5
19E
102
{ACAD_REACTORS
330
C
102
}
330
C
100
AcDbXrecord
280
     1
300
ACD
300
2013
300
ACD_F_S
  0
DICTIONARY
  5
6C
330
C
100
AcDbDictionary
281
     1
  0
DICTIONARY
  5
2F0AA
102
{ACAD_REACTORS
330
C
102
}
330
C
100
AcDbDictionary
280
     1
281
     1
  0
DICTIONARY
  5
1EB
102
{ACAD_REACTORS
330
C
102
}
330
C
100
AcDbDictionary
281
     1
  3
Metric50
350
1EC
  0
DICTIONARY
  5
D
330
C
100
AcDbDictionary
281
     1
  0
RASTERVARIABLES
  5
1CB7F
102
{ACAD_REACTORS
330
C
102
}
330
C
100
AcDbRasterVariables
 90
        0
 70
     1
 71
     1
 72
     1
  0
DICTIONARY
  5
1A
102
{ACAD_REACTORS
330
C
102
}
330
C
100
AcDbDictionary
281
     1
  3
Model
350
22
  3
Лист1
350
1E0
  3
Лист2
350
1E4
  0
DICTIONARY
  5
6B
330
C
100
AcDbDictionary
281
     1
  3
ByBlock
350
16F
  3
ByLayer
350
167
  3
Global
350
177
  0
DICTIONARY
  5
DE
330
C
100
AcDbDictionary
281
     1
  3
Standard
350
E1
  0
DICTIONARY
  5
17
330
C
100
AcDbDictionary
281
     1
  3
Standard
350
18
  0
DICTIONARY
  5
19
330
C
100
AcDbDictionary
281
     1
  0
ACDBDICTIONARYWDFLT
  5
E
330
C
100
AcDbDictionary
281
     1
  3
Color_1
350
84187
  3
Color_4
350
9A78A
  3
Normal
350
F
100
AcDbDictionaryWithDefault
340
F
  0
DICTIONARY
  5
B7
102
{ACAD_REACTORS
330
C
102
}
330
C
100
AcDbDictionary
281
     1
  3
A0
350
B8
  3
A1
350
B9
  3
A2
350
BA
  3
A3
350
BB
  3
A4
350
BC
  3
A5
350
BD
  3
A6
350
BE
  3
A7
350
BF
  3
A8
350
C0
  3
A9
350
C1
  3
B0
350
C2
  3
B1
350
C3
  3
B2
350
C4
  3
B3
350
C5
  3
B4
350
C6
  3
B5
350
C7
  3
B6
350
C8
  3
B7
350
C9
  3
B8
350
CA
  3
B9
350
CB
  3
C0
350
CC
  3
C1
350
CD
  3
C2
350
CE
  3
C3
350
CF
  3
C4
350
D0
  3
C5
350
D1
  3
C6
350
D2
  3
C7
350
D3
  3
C8
350
D4
  3
C9
350
D5
  3
D0
350
D6
  3
D1
350
D7
  3
D2
350
D8
  0
DICTIONARY
  5
1E9
102
{ACAD_REACTORS
330
C
102
}
330
C
100
AcDbDictionary
281
     1
  3
Metric50
350
1EA
  0
DICTIONARY
  5
92
330
C
100
AcDbDictionary
281
     1
  3
Standard
350
93
  0
DICTIONARY
  5
17F
330
C
100
AcDbDictionary
281
     1
  3
2dWireframe
350
185
  3
3dWireframe
350
3256D
  3
Basic
350
184
  3
Brighten
350
18B
  3
ColorChange
350
18F
  3
Conceptual
350
188
  3
Dim
350
18A
  3
EdgeColorOff
350
197
  3
Facepattern
350
18E
  3
Flat
350
180
  3
FlatWithEdges
350
181
  3
Gouraud
350
182
  3
GouraudWithEdges
350
183
  3
Hidden
350
187
  3
JitterOff
350
195
  3
Linepattern
350
18D
  3
OverhangOff
350
196
  3
Realistic
350
189
  3
Shaded
350
194
  3
Shaded with edges
350
193
  3
Shades of Gray
350
190
  3
Sketchy
350
191
  3
Thicken
350
18C
  3
Wireframe
350
186
  3
X-Ray
350
192
  0
WIPEOUTVARIABLES
  5
99
102
{ACAD_REACTORS
330
C
102
}
330
C
100
AcDbWipeoutVariables
 70
     1
  0
XRECORD
  5
C1821
102
{ACAD_REACTORS
330
C
102
}
330
C
100
AcDbXrecord
280
     1
 90
        1
330
93
  0
DICTIONARY
  5
C17CB
102
{ACAD_REACTORS
330
C
102
}
330
C
100
AcDbDictionary
281
     1
  3
COLORDICT
350
C17CC
  3
MATERIALDICT
350
C17CD
  0
DICTIONARY
  5
59
102
{ACAD_REACTORS
330
C
102
}
330
C
100
AcDbDictionary
281
     1
  3
ANNOALLVISIBLE
350
64438
  3
CANNOSCALE
350
DD
  3
CMLEADERSTYLE
350
E9
  3
CTABLESTYLE
350
98
  3
CVIEWDETAILSTYLE
350
209
  3
CVIEWSECTIONSTYLE
350
20A
  3
DIMASSOC
350
43
  3
HIDETEXT
350
5E
  3
HPCOLOR
350
365EC
  3
MSLTSCALE
350
315AF
  3
OLEFRAME
350
132F6
  3
PROJECTNAME
350
B6
  3
XCLIPFRAME
350
E2
  0
XRECORD
  5
C17CE
102
{ACAD_REACTORS
330
C
102
}
330
C
100
AcDbXrecord
280
     1
  1
DWGPROPS COOKIE
  2

  3

  4

  6

  7

  8
k1
  9

300
=
301
=
302
=
303
=
304
=
305
=
306
=
307
=
308
=
309
=
 40
0.0
 41
2458544.34966
 42
2461217.47828816
  1

 90
        0
  0
DICTIONARY
  5
2F256
102
{ACAD_REACTORS
330
C
102
}
330
C
100
AcDbDictionary
281
     1
  3
ZWM_CFG_DICT
350
2F259
  3
ZWM_FRM_DICT
350
2FA52
  3
ZWM_STD_DICT
350
2F257
  0
XRECORD
  5
C17E3
102
{ACAD_REACTORS
330
C17E2
102
}
330
C17E2
100
AcDbXrecord
280
     1
102
VTR_0.000_0.000_1.000_1.000_VISUALSTYLE
340
185
102
VTR_0.000_0.000_1.000_1.000_GRIDDISPLAY
 70
     3
102
VTR_0.000_0.000_1.000_1.000_GRIDMAJOR
 70
     5
102
VTR_0.000_0.000_1.000_1.000_DEFAULTLIGHTING
280
     1
102
VTR_0.000_0.000_1.000_1.000_DEFAULTLIGHTINGTYPE
 70
     1
102
VTR_0.000_0.000_1.000_1.000_BRIGHTNESS
141
0.0
102
VTR_0.000_0.000_1.000_1.000_CONTRAST
142
0.0
  0
DICTIONARY
  5
FB
102
{ACAD_REACTORS
330
FA
102
}
330
FA
100
AcDbDictionary
281
     1
  0
XRECORD
  5
C17D7
102
{ACAD_REACTORS
330
C17D6
102
}
330
C17D6
100
AcDbXrecord
280
     1
102
MATERIAL
340
177
  0
XRECORD
  5
C17D9
102
{ACAD_REACTORS
330
C17D8
102
}
330
C17D8
100
AcDbXrecord
280
     1
102
MATERIAL
340
177
  0
XRECORD
  5
C17DB
102
{ACAD_REACTORS
330
C17DA
102
}
330
C17DA
100
AcDbXrecord
280
     1
102
MATERIAL
340
177
  0
XRECORD
  5
C17DD
102
{ACAD_REACTORS
330
C17DC
102
}
330
C17DC
100
AcDbXrecord
280
     1
102
MATERIAL
340
177
  0
XRECORD
  5
C17DF
102
{ACAD_REACTORS
330
C17DE
102
}
330
C17DE
100
AcDbXrecord
280
     1
102
MATERIAL
340
177
  0
XRECORD
  5
C17E1
102
{ACAD_REACTORS
330
C17E0
102
}
330
C17E0
100
AcDbXrecord
280
     1
102
MATERIAL
340
177
  0
SORTENTSTABLE
  5
61FF
102
{ACAD_REACTORS
330
61FE
102
}
330
1F
100
AcDbSortentsTable
330
1F
  0
XRECORD
  5
C17D3
102
{ACAD_REACTORS
330
C17D2
102
}
330
C17D2
100
AcDbXrecord
280
     1
102
GRIDDISPLAY
 70
     2
102
GRIDMAJOR
 70
     5
102
DEFAULTLIGHTING
280
     1
102
DEFAULTLIGHTINGTYPE
 70
     1
102
BRIGHTNESS
141
0.0
102
CONTRAST
142
0.0
  0
XRECORD
  5
C17D5
102
{ACAD_REACTORS
330
C17D4
102
}
330
C17D4
100
AcDbXrecord
280
     1
102
VISUALSTYLE
340
185
102
GRIDDISPLAY
 70
     2
102
GRIDMAJOR
 70
     5
102
DEFAULTLIGHTING
280
     1
102
DEFAULTLIGHTINGTYPE
 70
     1
102
BRIGHTNESS
141
0.0
102
CONTRAST
142
0.0
  0
XRECORD
  5
C17D0
102
{ACAD_REACTORS
330
C17CF
102
}
330
C17CF
100
AcDbXrecord
280
     1
102
GRIDDISPLAY
 70
     2
102
GRIDMAJOR
 70
     5
102
DEFAULTLIGHTING
280
     1
102
DEFAULTLIGHTINGTYPE
 70
     1
102
BRIGHTNESS
141
0.0
102
CONTRAST
142
0.0
  0
XRECORD
  5
C17D1
102
{ACAD_REACTORS
330
73D75
102
}
330
73D75
100
AcDbXrecord
280
     1
102
VISUALSTYLE
340
185
102
GRIDDISPLAY
 70
     2
102
GRIDMAJOR
 70
     5
102
DEFAULTLIGHTING
280
     1
102
DEFAULTLIGHTINGTYPE
 70
     1
102
BRIGHTNESS
141
0.0
102
CONTRAST
142
0.0
  0
XRECORD
  5
73D76
102
{ACAD_REACTORS
330
73D75
102
}
330
73D75
100
AcDbXrecord
280
     1
340
C5
  0
ACDBDETAILVIEWSTYLE
  5
1EC
102
{ACAD_REACTORS
330
1EB
102
}
330
1EB
100
AcDbModelDocViewStyle
 70
     0
  3
Metric50
290
     1
100
AcDbDetailViewStyle
 70
     0
 71
     0
 90
        3
 71
     1
340
11
 40
5.0
340
0
 40
5.0
300

 40
0.0
280
     1
 71
     2
340
16
 90
       25
 71
     3
340
11
 40
5.0
 90
        0
 40
15.0
 90
        1
300
%<\AcVar ViewDetailId>% (%<\AcVar ViewScale \f "%sn">%)
 71
     4
340
16
 90
       25
340
16
 90
       25
280
     0
  0
LAYOUT
  5
22
102
{ACAD_REACTORS
330
1A
102
}
330
1A
100
AcDbPlotSettings
  1

  2
DWG to PDF.pc5
  4
ISO_A4_(210.00_x_297.00_MM)
  6

 40
5.0
 41
17.0
 42
5.0
 43
17.0
 44
210.0
 45
297.0
 46
0.0
 47
67.86363636363637
 48
4125.801025359555
 49
3935.155087570342
140
6676.482249120287
141
5558.315866327172
142
1.0
143
12.75340611880366
 70
 11445
 72
     1
 73
     0
 74
     4
  7

 75
     0
147
0.07841042547258
148
-4125.801025359555
149
-3935.155087570342
100
AcDbLayout
  1
Model
 70
     1
 71
     0
 10
0.0
 20
0.0
 11
420.0
 21
297.0
 12
0.0
 22
0.0
 32
0.0
 14
1.000000000000000E+20
 24
1.000000000000000E+20
 34
1.000000000000000E+20
 15
-1.000000000000000E+20
 25
-1.000000000000000E+20
 35
-1.000000000000000E+20
146
0.0
 13
0.0
 23
0.0
 33
0.0
 16
1.0
 26
0.0
 36
0.0
 17
0.0
 27
1.0
 37
0.0
 76
     0
330
1F
331
1CC
1001
ACAD_PSEXT
1000
DWG to PDF.pc5
1000
DWG to PDF
1000
Файл
1000

1070
     0
  0
LAYOUT
  5
1E0
102
{ACAD_REACTORS
330
1A
102
}
330
1A
100
AcDbPlotSettings
  1

  2
None
  4
ISO_A4_(210.00_x_297.00_MM)
  6

 40
7.5
 41
20.0
 42
7.5
 43
20.0
 44
210.0
 45
297.0
 46
0.0
 47
0.0
 48
0.0
 49
0.0
140
0.0
141
0.0
142
1.0
143
1.0
 70
   688
 72
     1
 73
     1
 74
     5
  7

 75
    16
147
1.0
148
0.0
149
0.0
100
AcDbLayout
  1
Лист1
 70
     1
 71
     1
 10
-20.0
 20
-7.5
 11
277.0
 21
202.5
 12
0.0
 22
0.0
 32
0.0
 14
1.240500463391981
 24
5.56581261721584
 34
0.0
 15
261.2429101019464
 25
193.0873687211497
 35
0.0
146
0.0
 13
0.0
 23
0.0
 33
0.0
 16
1.0
 26
0.0
 36
0.0
 17
0.0
 27
1.0
 37
0.0
 76
     0
330
1DF
331
20F
1001
AcadAnnoAV
1070
     1
  0
LAYOUT
  5
1E4
102
{ACAD_REACTORS
330
1A
102
}
330
1A
100
AcDbPlotSettings
  1

  2
None
  4
ISO_A4_(210.00_x_297.00_MM)
  6

 40
7.5
 41
20.0
 42
7.5
 43
20.0
 44
210.0
 45
297.0
 46
0.0
 47
0.0
 48
0.0
 49
0.0
140
0.0
141
0.0
142
1.0
143
1.0
 70
   688
 72
     1
 73
     1
 74
     5
  7

 75
    16
147
1.0
148
0.0
149
0.0
100
AcDbLayout
  1
Лист2
 70
     1
 71
     2
 10
-20.0
 20
-7.5
 11
277.0
 21
202.5
 12
0.0
 22
0.0
 32
0.0
 14
-3841.484711941279
 24
-2265.136704930521
 34
0.0
 15
5341.417893111873
 25
1267.306872210778
 35
0.0
146
0.0
 13
0.0
 23
0.0
 33
0.0
 16
1.0
 26
0.0
 36
0.0
 17
0.0
 27
1.0
 37
0.0
 76
     0
330
1E3
331
215
  0
MATERIAL
  5
16F
102
{ACAD_XDICTIONARY
360
C17E5
102
}
102
{ACAD_REACTORS
330
6B
102
}
330
6B
100
AcDbMaterial
  1
ByBlock
 72
     0
 73
     2
 77
     0
 78
     2
171
     0
172
     2
175
     0
176
     2
179
     0
270
     2
274
     2
  0
MATERIAL
  5
167
102
{ACAD_XDICTIONARY
360
C17E7
102
}
102
{ACAD_REACTORS
330
6B
102
}
330
6B
100
AcDbMaterial
  1
ByLayer
 72
     0
 73
     2
 77
     0
 78
     2
171
     0
172
     2
175
     0
176
     2
179
     0
270
     2
274
     2
  0
MATERIAL
  5
177
102
{ACAD_XDICTIONARY
360
C17E9
102
}
102
{ACAD_REACTORS
330
6B
102
}
330
6B
100
AcDbMaterial
  1
Global
 72
     0
 73
     2
 77
     0
 78
     2
171
     0
172
     2
175
     0
176
     2
179
     0
270
     2
274
     2
  0
MLEADERSTYLE
  5
E1
102
{ACAD_XDICTIONARY
360
C17EB
102
}
102
{ACAD_REACTORS
330
DE
102
}
330
DE
100
AcDbMLeaderStyle
170
     2
171
     1
172
     0
 90
        2
 40
0.0
 41
0.0
173
     1
 91
-1056964608
340
14
 92
       -2
290
     1
 42
2.0
291
     1
 43
8.0
  3
Standard
 44
4.0
300

342
11
174
     1
178
     1
175
     1
176
     0
 93
-1056964608
 45
4.0
292
     0
297
     0
 46
0.18
 94
-1056964608
 47
1.0
 49
1.0
140
1.0
293
     1
141
0.0
294
     1
177
     0
142
1.0
295
     0
296
     0
143
3.75
1001
ACAD_MLEADERVER
1070
     2
  0
MLINESTYLE
  5
18
102
{ACAD_REACTORS
330
17
102
}
330
17
100
AcDbMlineStyle
  2
STANDARD
 70
     0
  3

 62
    18
 51
90.0
 52
90.0
 71
     2
 49
0.5
 62
   256
  6
BYLAYER
 49
-0.5
 62
   256
  6
BYLAYER
  0
ACDBPLACEHOLDER
  5
84187
102
{ACAD_REACTORS
330
E
102
}
330
E
  0
ACDBPLACEHOLDER
  5
9A78A
102
{ACAD_REACTORS
330
E
102
}
330
E
  0
ACDBPLACEHOLDER
  5
F
102
{ACAD_REACTORS
330
E
102
}
330
E
  0
SCALE
  5
B8
102
{ACAD_REACTORS
330
B7
102
}
330
B7
100
AcDbScale
 70
     0
300
1:1
140
1.0
141
1.0
290
     1
  0
SCALE
  5
B9
102
{ACAD_REACTORS
330
B7
102
}
330
B7
100
AcDbScale
 70
     0
300
1:2
140
1.0
141
2.0
290
     0
  0
SCALE
  5
BA
102
{ACAD_REACTORS
330
B7
102
}
330
B7
100
AcDbScale
 70
     0
300
1:4
140
1.0
141
4.0
290
     0
  0
SCALE
  5
BB
102
{ACAD_REACTORS
330
B7
102
}
330
B7
100
AcDbScale
 70
     0
300
1:5
140
1.0
141
5.0
290
     0
  0
SCALE
  5
BC
102
{ACAD_REACTORS
330
B7
102
}
330
B7
100
AcDbScale
 70
     0
300
1:8
140
1.0
141
8.0
290
     0
  0
SCALE
  5
BD
102
{ACAD_REACTORS
330
B7
102
}
330
B7
100
AcDbScale
 70
     0
300
1:10
140
1.0
141
10.0
290
     0
  0
SCALE
  5
BE
102
{ACAD_REACTORS
330
B7
102
}
330
B7
100
AcDbScale
 70
     0
300
1:16
140
1.0
141
16.0
290
     0
  0
SCALE
  5
BF
102
{ACAD_REACTORS
330
B7
102
}
330
B7
100
AcDbScale
 70
     0
300
1:20
140
1.0
141
20.0
290
     0
  0
SCALE
  5
C0
102
{ACAD_REACTORS
330
B7
102
}
330
B7
100
AcDbScale
 70
     0
300
1:30
140
1.0
141
30.0
290
     0
  0
SCALE
  5
C1
102
{ACAD_REACTORS
330
B7
102
}
330
B7
100
AcDbScale
 70
     0
300
1:40
140
1.0
141
40.0
290
     0
  0
SCALE
  5
C2
102
{ACAD_REACTORS
330
B7
102
}
330
B7
100
AcDbScale
 70
     0
300
1:50
140
1.0
141
50.0
290
     0
  0
SCALE
  5
C3
102
{ACAD_REACTORS
330
B7
102
}
330
B7
100
AcDbScale
 70
     0
300
1:100
140
1.0
141
100.0
290
     0
  0
SCALE
  5
C4
102
{ACAD_REACTORS
330
B7
102
}
330
B7
100
AcDbScale
 70
     0
300
2:1
140
2.0
141
1.0
290
     0
  0
SCALE
  5
C5
102
{ACAD_REACTORS
330
B7
102
}
330
B7
100
AcDbScale
 70
     0
300
4:1
140
4.0
141
1.0
290
     0
  0
SCALE
  5
C6
102
{ACAD_REACTORS
330
B7
102
}
330
B7
100
AcDbScale
 70
     0
300
8:1
140
8.0
141
1.0
290
     0
  0
SCALE
  5
C7
102
{ACAD_REACTORS
330
B7
102
}
330
B7
100
AcDbScale
 70
     0
300
10:1
140
10.0
141
1.0
290
     0
  0
SCALE
  5
C8
102
{ACAD_REACTORS
330
B7
102
}
330
B7
100
AcDbScale
 70
     0
300
100:1
140
100.0
141
1.0
290
     0
  0
SCALE
  5
C9
102
{ACAD_REACTORS
330
B7
102
}
330
B7
100
AcDbScale
 70
     0
300
1/128" = 1'-0"
140
0.0078125
141
12.0
290
     0
  0
SCALE
  5
CA
102
{ACAD_REACTORS
330
B7
102
}
330
B7
100
AcDbScale
 70
     0
300
1/64" = 1'-0"
140
0.015625
141
12.0
290
     0
  0
SCALE
  5
CB
102
{ACAD_REACTORS
330
B7
102
}
330
B7
100
AcDbScale
 70
     0
300
1/32" = 1'-0"
140
0.03125
141
12.0
290
     0
  0
SCALE
  5
CC
102
{ACAD_REACTORS
330
B7
102
}
330
B7
100
AcDbScale
 70
     0
300
1/16" = 1'-0"
140
0.0625
141
12.0
290
     0
  0
SCALE
  5
CD
102
{ACAD_REACTORS
330
B7
102
}
330
B7
100
AcDbScale
 70
     0
300
3/32" = 1'-0"
140
0.09375
141
12.0
290
     0
  0
SCALE
  5
CE
102
{ACAD_REACTORS
330
B7
102
}
330
B7
100
AcDbScale
 70
     0
300
1/8" = 1'-0"
140
0.125
141
12.0
290
     0
  0
SCALE
  5
CF
102
{ACAD_REACTORS
330
B7
102
}
330
B7
100
AcDbScale
 70
     0
300
3/16" = 1'-0"
140
0.1875
141
12.0
290
     0
  0
SCALE
  5
D0
102
{ACAD_REACTORS
330
B7
102
}
330
B7
100
AcDbScale
 70
     0
300
1/4" = 1'-0"
140
0.25
141
12.0
290
     0
  0
SCALE
  5
D1
102
{ACAD_REACTORS
330
B7
102
}
330
B7
100
AcDbScale
 70
     0
300
3/8" = 1'-0"
140
0.375
141
12.0
290
     0
  0
SCALE
  5
D2
102
{ACAD_REACTORS
330
B7
102
}
330
B7
100
AcDbScale
 70
     0
300
1/2" = 1'-0"
140
0.5
141
12.0
290
     0
  0
SCALE
  5
D3
102
{ACAD_REACTORS
330
B7
102
}
330
B7
100
AcDbScale
 70
     0
300
3/4" = 1'-0"
140
0.75
141
12.0
290
     0
  0
SCALE
  5
D4
102
{ACAD_REACTORS
330
B7
102
}
330
B7
100
AcDbScale
 70
     0
300
1" = 1'-0"
140
1.0
141
12.0
290
     0
  0
SCALE
  5
D5
102
{ACAD_REACTORS
330
B7
102
}
330
B7
100
AcDbScale
 70
     0
300
1-1/2" = 1'-0"
140
1.5
141
12.0
290
     0
  0
SCALE
  5
D6
102
{ACAD_REACTORS
330
B7
102
}
330
B7
100
AcDbScale
 70
     0
300
3" = 1'-0"
140
3.0
141
12.0
290
     0
  0
SCALE
  5
D7
102
{ACAD_REACTORS
330
B7
102
}
330
B7
100
AcDbScale
 70
     0
300
6" = 1'-0"
140
6.0
141
12.0
290
     0
  0
SCALE
  5
D8
102
{ACAD_REACTORS
330
B7
102
}
330
B7
100
AcDbScale
 70
     0
300
1'-0" = 1'-0"
140
12.0
141
12.0
290
     0
  0
ACDBSECTIONVIEWSTYLE
  5
1EA
102
{ACAD_REACTORS
330
1E9
102
}
330
1E9
100
AcDbModelDocViewStyle
 70
     0
  3
Metric50
290
     1
100
AcDbSectionViewStyle
 70
     0
 71
     0
 90
      102
 71
     1
340
11
 40
5.0
340
0
340
0
 40
5.0
300
I, O, Q, S, X, Z
 40
10.0
 90
        0
 40
2.5
 90
        0
 71
     2
340
16
 90
       25
340
16
 90
       50
 40
5.0
 40
2.5
 40
5.0
 71
     3
340
11
 40
5.0
 90
        0
 40
15.0
 90
        1
300
%<\AcVar ViewSectionStartId>%-%<\AcVar ViewSectionEndId>% (%<\AcVar ViewScale \f "%sn">%)
 71
     4
300
ANSI31
 40
1.0
 90
        0
290
     0
290
     0
 90
        6
 40
0.0
 40
1.570796326794896
 40
0.2617993877991494
 40
1.308996938995747
 40
-0.2617993877991494
 40
1.832595714594046
  0
TABLESTYLE
  5
93
102
{ACAD_XDICTIONARY
360
AB2
102
}
102
{ACAD_REACTORS
330
92
102
}
330
92
100
AcDbTableStyle
  3
Standard
 70
     0
 71
     0
 40
1.5
 41
1.5
280
     0
281
     0
  7
Standard
140
4.5
170
     2
 62
     0
 63
     7
283
     0
274
    -2
284
     1
 64
     0
275
    -2
285
     1
 65
     0
276
    -2
286
     1
 66
     0
277
    -2
287
     1
 67
     0
278
    -2
288
     1
 68
     0
279
    -2
289
     1
 69
     0
  7
Standard
140
6.0
170
     5
 62
     0
 63
     7
283
     0
274
    -2
284
     1
 64
     0
275
    -2
285
     1
 65
     0
276
    -2
286
     1
 66
     0
277
    -2
287
     1
 67
     0
278
    -2
288
     1
 68
     0
279
    -2
289
     1
 69
     0
  7
Standard
140
4.5
170
     5
 62
     0
 63
     7
283
     0
274
    -2
284
     1
 64
     0
275
    -2
285
     1
 65
     0
276
    -2
286
     1
 66
     0
277
    -2
287
     1
 67
     0
278
    -2
288
     1
 68
     0
279
    -2
289
     1
 69
     0
1001
ACAD
1000
AcRTDxfName
1000
TABLESTYLE
  0
VISUALSTYLE
  5
185
102
{ACAD_XDICTIONARY
360
C17EF
102
}
102
{ACAD_REACTORS
330
17F
102
}
330
17F
100
AcDbVisualStyle
  2
2dWireframe
 70
     4
 71
     0
 72
     2
 73
     0
 90
        0
 40
0.6
 41
30.0
 62
     5
 63
     7
 74
     1
 91
        4
 64
     7
 65
   257
 75
     1
175
     1
 42
1.0
 92
        0
 66
   257
 43
1.0
 76
     1
 77
     6
 78
     2
 67
     7
 79
     5
170
     0
171
     0
290
     0
174
     0
 93
        1
 44
0.0
173
     0
291
     0
 45
0.0
1001
ACAD
1000
AcDbSavedByObjectVersion
1070
     0
  0
VISUALSTYLE
  5
3256D
102
{ACAD_XDICTIONARY
360
C17F1
102
}
102
{ACAD_REACTORS
330
17F
102
}
330
17F
100
AcDbVisualStyle
  2
3dWireframe
 70
     5
 71
     0
 72
     2
 73
     1
 90
        0
 40
0.6
 41
30.0
 62
     5
 63
     7
 74
     1
 91
        4
 64
     7
 65
   257
 75
     1
175
     1
 42
1.0
 92
        0
 66
   257
 43
1.0
 76
     1
 77
     6
 78
     2
 67
     7
 79
     5
170
     0
171
     0
290
     0
174
-28288
 93
        1
 44
0.0
173
     0
291
     0
 45
0.0
1001
ACAD
1000
AcDbSavedByObjectVersion
1070
     0
  0
VISUALSTYLE
  5
184
102
{ACAD_XDICTIONARY
360
C17F3
102
}
102
{ACAD_REACTORS
330
17F
102
}
330
17F
100
AcDbVisualStyle
  2
Basic
 70
     7
 71
     1
 72
     0
 73
     1
 90
        0
 40
0.6
 41
30.0
 62
     5
 63
     7
 74
     0
 91
        4
 64
     7
 65
   257
 75
     1
175
     1
 42
1.0
 92
        8
 66
     7
 43
1.0
 76
     1
 77
     6
 78
     2
 67
     7
 79
     5
170
     0
171
     0
290
     0
174
     0
 93
        1
 44
0.0
173
     0
291
     1
 45
0.0
1001
ACAD
1000
AcDbSavedByObjectVersion
1070
     0
  0
VISUALSTYLE
  5
18B
102
{ACAD_XDICTIONARY
360
C17F5
102
}
102
{ACAD_REACTORS
330
17F
102
}
330
17F
100
AcDbVisualStyle
  2
Brighten
 70
    12
 71
     2
 72
     2
 73
     0
 90
        0
 40
0.6
 41
30.0
 62
     5
 63
     7
 74
     1
 91
        4
 64
     7
 65
   257
 75
     1
175
     1
 42
1.0
 92
        8
 66
     7
 43
1.0
 76
     1
 77
     6
 78
     2
 67
     7
 79
     5
170
     0
171
     0
290
     0
174
-28288
 93
        1
 44
50.0
173
     0
291
     1
 45
0.0
1001
ACAD
1000
AcDbSavedByObjectVersion
1070
     0
  0
VISUALSTYLE
  5
18F
102
{ACAD_XDICTIONARY
360
C17F7
102
}
102
{ACAD_REACTORS
330
17F
102
}
330
17F
100
AcDbVisualStyle
  2
ColorChange
 70
    16
 71
     2
 72
     2
 73
     3
 90
        0
 40
0.6
 41
30.0
 62
     5
 63
     8
 74
     1
 91
        4
 64
     7
 65
   257
 75
     1
175
     1
 42
1.0
 92
        8
 66
     8
 43
1.0
 76
     1
 77
     6
 78
     2
 67
     7
 79
     5
170
     0
171
     0
290
     0
174
-28288
 93
        1
 44
0.0
173
     0
291
     1
 45
0.0
1001
ACAD
1000
AcDbSavedByObjectVersion
1070
     0
  0
VISUALSTYLE
  5
188
102
{ACAD_XDICTIONARY
360
C17F9
102
}
102
{ACAD_REACTORS
330
17F
102
}
330
17F
100
AcDbVisualStyle
  2
Conceptual
 70
     9
 71
     3
 72
     2
 73
     0
 90
        0
 40
0.6
 41
30.0
 62
     5
 63
     7
 74
     2
 91
        2
 64
     7
 65
   257
 75
     1
175
     1
 42
179.0
 92
        8
 66
     7
 43
1.0
 76
     1
 77
     6
 78
     2
 67
     7
 79
     3
170
     0
171
     0
290
     0
174
-28288
 93
        1
 44
0.0
173
     0
291
     0
 45
0.0
1001
ACAD
1000
AcDbSavedByObjectVersion
1070
     0
  0
VISUALSTYLE
  5
18A
102
{ACAD_XDICTIONARY
360
C17FB
102
}
102
{ACAD_REACTORS
330
17F
102
}
330
17F
100
AcDbVisualStyle
  2
Dim
 70
    11
 71
     2
 72
     2
 73
     0
 90
        0
 40
0.6
 41
30.0
 62
     5
 63
     7
 74
     1
 91
        4
 64
     7
 65
   257
 75
     1
175
     1
 42
1.0
 92
        8
 66
     7
 43
1.0
 76
     1
 77
     6
 78
     2
 67
     7
 79
     5
170
     0
171
     0
290
     0
174
-28288
 93
        1
 44
-50.0
173
     0
291
     1
 45
0.0
1001
ACAD
1000
AcDbSavedByObjectVersion
1070
     0
  0
VISUALSTYLE
  5
197
102
{ACAD_XDICTIONARY
360
C17FD
102
}
102
{ACAD_REACTORS
330
17F
102
}
330
17F
100
AcDbVisualStyle
  2
EdgeColorOff
 70
    22
 71
     2
 72
     2
 73
     0
 90
        0
 40
0.6
 41
30.0
 62
     5
 63
     7
 74
     1
 91
        4
 64
     7
 65
   257
 75
     1
175
     1
 42
1.0
 92
        8
 66
     7
 43
1.0
 76
     1
 77
     6
 78
     2
 67
     7
 79
     5
170
     0
171
     0
290
     0
174
-28288
 93
        1
 44
0.0
173
     0
291
     1
 45
0.0
1001
ACAD
1000
AcDbSavedByObjectVersion
1070
     0
  0
VISUALSTYLE
  5
18E
102
{ACAD_XDICTIONARY
360
C17FF
102
}
102
{ACAD_REACTORS
330
17F
102
}
330
17F
100
AcDbVisualStyle
  2
Facepattern
 70
    15
 71
     2
 72
     2
 73
     0
 90
        0
 40
0.6
 41
30.0
 62
     5
 63
     7
 74
     1
 91
        4
 64
     7
 65
   257
 75
     1
175
     1
 42
1.0
 92
        8
 66
     7
 43
1.0
 76
     1
 77
     6
 78
     2
 67
     7
 79
     5
170
     0
171
     0
290
     0
174
-28288
 93
        1
 44
0.0
173
     0
291
     1
 45
0.0
1001
ACAD
1000
AcDbSavedByObjectVersion
1070
     0
  0
VISUALSTYLE
  5
180
102
{ACAD_XDICTIONARY
360
C1801
102
}
102
{ACAD_REACTORS
330
17F
102
}
330
17F
100
AcDbVisualStyle
  2
Flat
 70
     0
 71
     2
 72
     1
 73
     1
 90
        2
 40
0.6
 41
30.0
 62
     5
 63
     7
 74
     0
 91
        0
 64
     7
 65
   257
 75
     1
175
     1
 42
1.0
 92
        8
 66
     7
 43
1.0
 76
     1
 77
     6
 78
     2
 67
     7
 79
     5
170
     0
171
     0
290
     0
174
 18624
 93
       13
 44
0.0
173
     0
291
     1
 45
0.0
1001
ACAD
1000
AcDbSavedByObjectVersion
1070
     0
  0
VISUALSTYLE
  5
181
102
{ACAD_XDICTIONARY
360
C1803
102
}
102
{ACAD_REACTORS
330
17F
102
}
330
17F
100
AcDbVisualStyle
  2
FlatWithEdges
 70
     1
 71
     2
 72
     1
 73
     1
 90
        2
 40
0.6
 41
30.0
 62
     5
 63
     7
 74
     1
 91
        0
 64
     7
 65
   257
 75
     1
175
     1
 42
1.0
 92
        0
 66
   257
 43
1.0
 76
     1
 77
     6
 78
     2
 67
     7
 79
     5
170
     0
171
     0
290
     0
174
  8448
 93
       13
 44
0.0
173
     0
291
     1
 45
0.0
1001
ACAD
1000
AcDbSavedByObjectVersion
1070
     0
  0
VISUALSTYLE
  5
182
102
{ACAD_XDICTIONARY
360
C1805
102
}
102
{ACAD_REACTORS
330
17F
102
}
330
17F
100
AcDbVisualStyle
  2
Gouraud
 70
     2
 71
     2
 72
     2
 73
     1
 90
        2
 40
0.6
 41
30.0
 62
     5
 63
     7
 74
     0
 91
        0
 64
     7
 65
   257
 75
     1
175
     1
 42
1.0
 92
        0
 66
     7
 43
1.0
 76
     1
 77
     6
 78
     2
 67
     7
 79
     5
170
     0
171
     0
290
     0
174
 20224
 93
       13
 44
0.0
173
     0
291
     1
 45
0.0
1001
ACAD
1000
AcDbSavedByObjectVersion
1070
     0
  0
VISUALSTYLE
  5
183
102
{ACAD_XDICTIONARY
360
C1807
102
}
102
{ACAD_REACTORS
330
17F
102
}
330
17F
100
AcDbVisualStyle
  2
GouraudWithEdges
 70
     3
 71
     2
 72
     2
 73
     1
 90
        2
 40
0.6
 41
30.0
 62
     5
 63
     7
 74
     1
 91
        0
 64
     7
 65
   257
 75
     1
175
     1
 42
1.0
 92
        0
 66
   257
 43
1.0
 76
     1
 77
     6
 78
     2
 67
     7
 79
     5
170
     0
171
     0
290
     0
174
-23328
 93
       13
 44
0.0
173
     0
291
     1
 45
0.0
1001
ACAD
1000
AcDbSavedByObjectVersion
1070
     0
  0
VISUALSTYLE
  5
187
102
{ACAD_XDICTIONARY
360
C1809
102
}
102
{ACAD_REACTORS
330
17F
102
}
330
17F
100
AcDbVisualStyle
  2
Hidden
 70
     6
 71
     1
 72
     2
 73
     2
 90
        0
 40
0.6
 41
30.0
 62
     5
 63
     7
 74
     2
 91
        2
 64
     7
 65
   257
 75
     2
175
     1
 42
40.0
 92
        0
 66
   257
 43
1.0
 76
     1
 77
     6
 78
     2
 67
     7
 79
     3
170
     0
171
     0
290
     0
174
-28288
 93
        1
 44
0.0
173
     0
291
     0
 45
0.0
1001
ACAD
1000
AcDbSavedByObjectVersion
1070
     0
  0
VISUALSTYLE
  5
195
102
{ACAD_XDICTIONARY
360
C180B
102
}
102
{ACAD_REACTORS
330
17F
102
}
330
17F
100
AcDbVisualStyle
  2
JitterOff
 70
    20
 71
     2
 72
     2
 73
     0
 90
        0
 40
0.6
 41
30.0
 62
     5
 63
     7
 74
     1
 91
        4
 64
     7
 65
   257
 75
     1
175
     1
 42
1.0
 92
       10
 66
     7
 43
1.0
 76
     1
 77
     6
 78
     2
 67
     7
 79
     5
170
     0
171
     0
290
     0
174
-28288
 93
        1
 44
0.0
173
     0
291
     1
 45
0.0
1001
ACAD
1000
AcDbSavedByObjectVersion
1070
     0
  0
VISUALSTYLE
  5
18D
102
{ACAD_XDICTIONARY
360
C180D
102
}
102
{ACAD_REACTORS
330
17F
102
}
330
17F
100
AcDbVisualStyle
  2
Linepattern
 70
    14
 71
     2
 72
     2
 73
     0
 90
        0
 40
0.6
 41
30.0
 62
     5
 63
     7
 74
     1
 91
        4
 64
     7
 65
   257
 75
     7
175
     7
 42
1.0
 92
        8
 66
     7
 43
1.0
 76
     1
 77
     6
 78
     2
 67
     7
 79
     5
170
     0
171
     0
290
     0
174
-28288
 93
        1
 44
0.0
173
     0
291
     1
 45
0.0
1001
ACAD
1000
AcDbSavedByObjectVersion
1070
     0
  0
VISUALSTYLE
  5
196
102
{ACAD_XDICTIONARY
360
C180F
102
}
102
{ACAD_REACTORS
330
17F
102
}
330
17F
100
AcDbVisualStyle
  2
OverhangOff
 70
    21
 71
     2
 72
     2
 73
     0
 90
        0
 40
0.6
 41
30.0
 62
     5
 63
     7
 74
     1
 91
        4
 64
     7
 65
   257
 75
     1
175
     1
 42
1.0
 92
        9
 66
     7
 43
1.0
 76
     1
 77
     6
 78
     2
 67
     7
 79
     5
170
     0
171
     0
290
     0
174
-28288
 93
        1
 44
0.0
173
     0
291
     1
 45
0.0
1001
ACAD
1000
AcDbSavedByObjectVersion
1070
     0
  0
VISUALSTYLE
  5
189
102
{ACAD_XDICTIONARY
360
C1811
102
}
102
{ACAD_REACTORS
330
17F
102
}
330
17F
100
AcDbVisualStyle
  2
Realistic
 70
     8
 71
     2
 72
     3
 73
     0
 90
        2
 40
0.6
 41
30.0
 62
     5
 63
     7
 74
     0
 91
        0
 64
     7
 65
   257
 75
     1
175
     1
 42
1.0
 92
        8
 66
   257
 43
1.0
 76
     1
 77
     6
 78
     2
 67
     7
 79
     3
170
     0
171
     0
290
     0
174
-28288
 93
       13
 44
0.0
173
     0
291
     0
 45
0.0
1001
ACAD
1000
AcDbSavedByObjectVersion
1070
     0
  0
VISUALSTYLE
  5
194
102
{ACAD_XDICTIONARY
360
C1813
102
}
102
{ACAD_REACTORS
330
17F
102
}
330
17F
100
AcDbVisualStyle
  2
Shaded
 70
    27
 71
     2
 72
     2
 73
     1
 90
        2
 40
0.6
 41
30.0
 62
     5
 63
     7
 74
     0
 91
        4
 64
     7
 65
   257
 75
     1
175
     1
 42
1.0
 92
        8
 66
   257
 43
1.0
 76
     1
 77
     6
 78
     2
 67
     8
 79
     3
170
     0
171
     0
290
     0
174
-28288
 93
        5
 44
0.0
173
     0
291
     0
 45
0.0
1001
ACAD
1000
AcDbSavedByObjectVersion
1070
     0
  0
VISUALSTYLE
  5
193
102
{ACAD_XDICTIONARY
360
C1815
102
}
102
{ACAD_REACTORS
330
17F
102
}
330
17F
100
AcDbVisualStyle
  2
Shaded with edges
 70
    26
 71
     2
 72
     2
 73
     1
 90
        2
 40
0.6
 41
30.0
 62
     5
 63
     7
 74
     1
 91
       10
 64
     7
 65
   257
 75
     2
175
     1
 42
1.0
 92
        8
 66
   257
 43
1.0
 76
     1
 77
     6
 78
     2
 67
     7
 79
     3
170
     0
171
     0
290
     0
174
     0
 93
        5
 44
0.0
173
     0
291
     0
 45
0.0
1001
ACAD
1000
AcDbSavedByObjectVersion
1070
     0
  0
VISUALSTYLE
  5
190
102
{ACAD_XDICTIONARY
360
C1817
102
}
102
{ACAD_REACTORS
330
17F
102
}
330
17F
100
AcDbVisualStyle
  2
Shades of Gray
 70
    23
 71
     2
 72
     2
 73
     3
 90
        0
 40
0.6
 41
30.0
 62
     5
 63
     7
 74
     2
 91
        2
 64
     7
 65
     7
 75
     1
175
     1
 42
40.0
 92
        8
 66
     7
 43
1.0
 76
     1
 77
     6
 78
     2
 67
     7
 79
     3
170
     0
171
     0
290
     0
174
-28288
 93
        1
 44
0.0
173
     0
291
     0
 45
0.0
1001
ACAD
1000
AcDbSavedByObjectVersion
1070
     0
  0
VISUALSTYLE
  5
191
102
{ACAD_XDICTIONARY
360
C1819
102
}
102
{ACAD_REACTORS
330
17F
102
}
330
17F
100
AcDbVisualStyle
  2
Sketchy
 70
    24
 71
     1
 72
     2
 73
     2
 90
        0
 40
0.6
 41
30.0
 62
     5
 63
     7
 74
     2
 91
        2
 64
     7
 65
     7
 75
     1
175
     1
 42
40.0
 92
       11
 66
     7
 43
1.0
 76
     1
 77
     6
 78
     2
 67
     7
 79
     6
170
     0
171
     0
290
     0
174
-28288
 93
        1
 44
0.0
173
     0
291
     0
 45
0.0
1001
ACAD
1000
AcDbSavedByObjectVersion
1070
     0
  0
VISUALSTYLE
  5
18C
102
{ACAD_XDICTIONARY
360
C181B
102
}
102
{ACAD_REACTORS
330
17F
102
}
330
17F
100
AcDbVisualStyle
  2
Thicken
 70
    13
 71
     2
 72
     2
 73
     0
 90
        0
 40
0.6
 41
30.0
 62
     5
 63
     7
 74
     1
 91
        4
 64
     7
 65
   257
 75
     1
175
     1
 42
1.0
 92
       12
 66
     7
 43
1.0
 76
     1
 77
     6
 78
     2
 67
     7
 79
     5
170
     0
171
     0
290
     0
174
-28288
 93
        1
 44
0.0
173
     0
291
     1
 45
0.0
1001
ACAD
1000
AcDbSavedByObjectVersion
1070
     0
  0
VISUALSTYLE
  5
186
102
{ACAD_XDICTIONARY
360
C181D
102
}
102
{ACAD_REACTORS
330
17F
102
}
330
17F
100
AcDbVisualStyle
  2
Wireframe
 70
     5
 71
     0
 72
     2
 73
     0
 90
        0
 40
0.6
 41
30.0
 62
     5
 63
     7
 74
     1
 91
        4
 64
     7
 65
   257
 75
     1
175
     1
 42
1.0
 92
        0
 66
   257
 43
1.0
 76
     1
 77
     6
 78
     2
 67
     7
 79
     3
170
     0
171
     0
290
     0
174
-28288
 93
        1
 44
0.0
173
     0
291
     0
 45
0.0
1001
ACAD
1000
AcDbSavedByObjectVersion
1070
     0
  0
VISUALSTYLE
  5
192
102
{ACAD_XDICTIONARY
360
C181F
102
}
102
{ACAD_REACTORS
330
17F
102
}
330
17F
100
AcDbVisualStyle
  2
X-Ray
 70
    25
 71
     2
 72
     2
 73
     1
 90
        1
 40
0.5
 41
30.0
 62
     5
 63
     7
 74
     1
 91
        0
 64
     7
 65
   257
 75
     1
175
     1
 42
1.0
 92
        8
 66
     7
 43
1.0
 76
     1
 77
     6
 78
     2
 67
     7
 79
     3
170
     0
171
     0
290
     0
174
-28288
 93
       13
 44
0.0
173
     0
291
     0
 45
0.0
1001
ACAD
1000
AcDbSavedByObjectVersion
1070
     0
  0
XRECORD
  5
C17CC
102
{ACAD_REACTORS
330
C17CB
102
}
330
C17CB
100
AcDbXrecord
280
     1
340
6C
  0
XRECORD
  5
C17CD
102
{ACAD_REACTORS
330
C17CB
102
}
330
C17CB
100
AcDbXrecord
280
     1
340
6B
  0
DICTIONARYVAR
  5
64438
102
{ACAD_REACTORS
330
59
102
}
330
59
100
DictionaryVariables
280
     0
  1
1
  0
DICTIONARYVAR
  5
DD
102
{ACAD_REACTORS
330
59
102
}
330
59
100
DictionaryVariables
280
     0
  1
1:1
  0
DICTIONARYVAR
  5
E9
102
{ACAD_REACTORS
330
59
102
}
330
59
100
DictionaryVariables
280
     0
  1
STANDARD
  0
DICTIONARYVAR
  5
98
102
{ACAD_REACTORS
330
59
102
}
330
59
100
DictionaryVariables
280
     0
  1
STANDARD
  0
DICTIONARYVAR
  5
209
102
{ACAD_REACTORS
330
59
102
}
330
59
100
DictionaryVariables
280
     0
  1
Metric50
  0
DICTIONARYVAR
  5
20A
102
{ACAD_REACTORS
330
59
102
}
330
59
100
DictionaryVariables
280
     0
  1
Metric50
  0
DICTIONARYVAR
  5
43
102
{ACAD_REACTORS
330
59
102
}
330
59
100
DictionaryVariables
280
     0
  1
2
  0
DICTIONARYVAR
  5
5E
102
{ACAD_REACTORS
330
59
102
}
330
59
100
DictionaryVariables
280
     0
  1
1
  0
DICTIONARYVAR
  5
365EC
102
{ACAD_REACTORS
330
59
102
}
330
59
100
DictionaryVariables
280
     0
  1
BYLAYER
  0
DICTIONARYVAR
  5
315AF
102
{ACAD_REACTORS
330
59
102
}
330
59
100
DictionaryVariables
280
     0
  1
1
  0
DICTIONARYVAR
  5
132F6
102
{ACAD_REACTORS
330
59
102
}
330
59
100
DictionaryVariables
280
    32
  1
2
  0
DICTIONARYVAR
  5
B6
102
{ACAD_REACTORS
330
59
102
}
330
59
100
DictionaryVariables
280
     0
  1

  0
DICTIONARYVAR
  5
E2
102
{ACAD_REACTORS
330
59
102
}
330
59
100
DictionaryVariables
280
     0
  1
0
  0
XRECORD
  5
2F259
102
{ACAD_REACTORS
330
2F256
102
}
330
2F256
100
AcDbXrecord
280
     1
301
2F258
310
49534F00000000000000000000000000000000000000000000000000000000000000000000000000000000000000000000000000000000000000000000000000000000000000000000000000
  0
DICTIONARY
  5
2FA52
102
{ACAD_REACTORS
330
2F256
102
}
330
2F256
100
AcDbDictionary
281
     1
  3
ZWM_CFG_DICT
350
2FA53
  0
DICTIONARY
  5
2F257
102
{ACAD_REACTORS
330
2F256
102
}
330
2F256
100
AcDbDictionary
281
     1
  3
ISO
350
2F258
  0
DICTIONARY
  5
C17E5
330
16F
100
AcDbDictionary
280
     1
281
     1
  3
ACAD_XREC_ROUNDTRIP
360
C17E6
  0
DICTIONARY
  5
C17E7
330
167
100
AcDbDictionary
280
     1
281
     1
  3
ACAD_XREC_ROUNDTRIP
360
C17E8
  0
DICTIONARY
  5
C17E9
330
177
100
AcDbDictionary
280
     1
281
     1
  3
ACAD_XREC_ROUNDTRIP
360
C17EA
  0
DICTIONARY
  5
C17EB
330
E1
100
AcDbDictionary
280
     1
281
     1
  3
ACAD_XREC_ROUNDTRIP
360
C17EC
  0
DICTIONARY
  5
AB2
330
93
100
AcDbDictionary
280
     1
281
     1
  3
ACAD_ROUNDTRIP_2008_TABLESTYLE_CELLSTYLEMAP
360
C17EE
  3
ACAD_XREC_ROUNDTRIP
360
C17ED
  0
DICTIONARY
  5
C17EF
330
185
100
AcDbDictionary
280
     1
281
     1
  3
ACAD_XREC_ROUNDTRIP
360
C17F0
  0
DICTIONARY
  5
C17F1
330
3256D
100
AcDbDictionary
280
     1
281
     1
  3
ACAD_XREC_ROUNDTRIP
360
C17F2
  0
DICTIONARY
  5
C17F3
330
184
100
AcDbDictionary
280
     1
281
     1
  3
ACAD_XREC_ROUNDTRIP
360
C17F4
  0
DICTIONARY
  5
C17F5
330
18B
100
AcDbDictionary
280
     1
281
     1
  3
ACAD_XREC_ROUNDTRIP
360
C17F6
  0
DICTIONARY
  5
C17F7
330
18F
100
AcDbDictionary
280
     1
281
     1
  3
ACAD_XREC_ROUNDTRIP
360
C17F8
  0
DICTIONARY
  5
C17F9
330
188
100
AcDbDictionary
280
     1
281
     1
  3
ACAD_XREC_ROUNDTRIP
360
C17FA
  0
DICTIONARY
  5
C17FB
330
18A
100
AcDbDictionary
280
     1
281
     1
  3
ACAD_XREC_ROUNDTRIP
360
C17FC
  0
DICTIONARY
  5
C17FD
330
197
100
AcDbDictionary
280
     1
281
     1
  3
ACAD_XREC_ROUNDTRIP
360
C17FE
  0
DICTIONARY
  5
C17FF
330
18E
100
AcDbDictionary
280
     1
281
     1
  3
ACAD_XREC_ROUNDTRIP
360
C1800
  0
DICTIONARY
  5
C1801
330
180
100
AcDbDictionary
280
     1
281
     1
  3
ACAD_XREC_ROUNDTRIP
360
C1802
  0
DICTIONARY
  5
C1803
330
181
100
AcDbDictionary
280
     1
281
     1
  3
ACAD_XREC_ROUNDTRIP
360
C1804
  0
DICTIONARY
  5
C1805
330
182
100
AcDbDictionary
280
     1
281
     1
  3
ACAD_XREC_ROUNDTRIP
360
C1806
  0
DICTIONARY
  5
C1807
330
183
100
AcDbDictionary
280
     1
281
     1
  3
ACAD_XREC_ROUNDTRIP
360
C1808
  0
DICTIONARY
  5
C1809
330
187
100
AcDbDictionary
280
     1
281
     1
  3
ACAD_XREC_ROUNDTRIP
360
C180A
  0
DICTIONARY
  5
C180B
330
195
100
AcDbDictionary
280
     1
281
     1
  3
ACAD_XREC_ROUNDTRIP
360
C180C
  0
DICTIONARY
  5
C180D
330
18D
100
AcDbDictionary
280
     1
281
     1
  3
ACAD_XREC_ROUNDTRIP
360
C180E
  0
DICTIONARY
  5
C180F
330
196
100
AcDbDictionary
280
     1
281
     1
  3
ACAD_XREC_ROUNDTRIP
360
C1810
  0
DICTIONARY
  5
C1811
330
189
100
AcDbDictionary
280
     1
281
     1
  3
ACAD_XREC_ROUNDTRIP
360
C1812
  0
DICTIONARY
  5
C1813
330
194
100
AcDbDictionary
280
     1
281
     1
  3
ACAD_XREC_ROUNDTRIP
360
C1814
  0
DICTIONARY
  5
C1815
330
193
100
AcDbDictionary
280
     1
281
     1
  3
ACAD_XREC_ROUNDTRIP
360
C1816
  0
DICTIONARY
  5
C1817
330
190
100
AcDbDictionary
280
     1
281
     1
  3
ACAD_XREC_ROUNDTRIP
360
C1818
  0
DICTIONARY
  5
C1819
330
191
100
AcDbDictionary
280
     1
281
     1
  3
ACAD_XREC_ROUNDTRIP
360
C181A
  0
DICTIONARY
  5
C181B
330
18C
100
AcDbDictionary
280
     1
281
     1
  3
ACAD_XREC_ROUNDTRIP
360
C181C
  0
DICTIONARY
  5
C181D
330
186
100
AcDbDictionary
280
     1
281
     1
  3
ACAD_XREC_ROUNDTRIP
360
C181E
  0
DICTIONARY
  5
C181F
330
192
100
AcDbDictionary
280
     1
281
     1
  3
ACAD_XREC_ROUNDTRIP
360
C1820
  0
XRECORD
  5
2FA53
102
{ACAD_REACTORS
330
2FA52
102
}
330
2FA52
100
AcDbXrecord
280
     1
310
010000005A776D4672616D654D61696E5F0000000000000000000000000000000000000000000000000000000000000000000000000000000000000000000000000000000000000000000000000000000000000000000000314600000000000000000000000000000000000000000000000000000000000000000000000000000000000000000000
  0
ACAD_PROXY_OBJECT
  5
2F258
102
{ACAD_REACTORS
330
2F257
102
}
330
2F257
100
AcDbProxyObject
 90
      499
 91
      517
 95
   262177
 70
     0
 93
     9026
310
406406FFFFFFFFFFFFFF023FFFCFFFF3FFFCFFFF3FFFCFFFF3FFFCFFFF3FFFFFFFCFFFFFFFF3FFFFFFFCFFFFFFFF3FFFFFFFCFFFFFFFF3FFFFFFFCFFFFFFFF405029400000000000000C400000000000003E0FCFFFF3FFFCFFFF3FFFE422AA555000000000000031000000000000000C400000000000000310000000000000
310
00C40000000000000031000000000000000C403FFFCFFFF3FFFCFFFF3FFFCFFFF3FFFCFFFF3FFFCFFFF3FFFCFFFFFFFFFFFFFFFFFFFF3FFFCFFFF3FFFCFFFF3FFFCFFFF3FFFCFFFF3FFFFFFFCFFFFFFFF3FFFFFFFCFFFFFFFF3FFFFFFFCFFFFFFFF3FFFFFFFCFFFFFFFFAAAA901000000000000011000000000000000C4000
310
0000000000051000000000000001C40000000000000011000000000000000C40000000000000051000000000000001C40606000202A368F214827681681FA0285683FFFFFFA23FC81A480298027802069200A6009E01481A480298027805555555555214B400AE009A0086009800BE008600B20082009C00852D002B802680
310
218026002F80210026002A80228021AB400AE009A0086009800BE00880092009A00A8008A00B000A80086AD002B802680218026002F8021002C802100260027802180258022EB400AE009A0086009800BE00880092009A00A8008A00B000A800BE00AC008A00A400B20098008200A4008E008A00862D002B80268021802600
310
2F802C8022802600260027802B80226B400AE009A0086009800BE00880092009A00A8008A00B000A800BE00A6009A0082009800980085AD002B802680218026002F8023802900228022802700216B400AE009A0086009800BE00A8008A00B000A800640085AD002B802680218026002F802A0022802C002A001980214B400A
310
E009A0086009800BE00A8008A00B000A80085AD002B802680218026002F8021002600208021802580228B400AE009A0086009800BE00880092009A00A8008A00B000A800BE009A008A0088009200AA009A0085AD002B802680218026002F802B80240024802A002280216B400AE009A0086009800BE00A8008A00B000A8006
310
200852D002B802680218026002F802200248026801B00214B400AE009A0086009800BE00880092009A006A00852D002B802680218026002F802200248026801A00214B400AE009A0086009800BE00880092009A006600852D002B802680218026002F802200248026801900214B400AE009A0086009800BE00880092009A00
310
620084AD002B802680218026002F80220024802680216B400AE009A0086009800BE00A8008A00B000A8006C00872D002B802680218026002F8022002480268020802900290027802B80216B400AE009A0086009800BE00A8008A00B000A800680089AD002B802680218026002F802200248026802A0022802C002A002F8026
310
002080290023802280212B400AE009A0086009800BE00A4008A00880085AD002B802680218026002F802A0022802C002A001A8021EB400AE009A0086009800BE00880092009A0098008A00820088008A00A40086AD002B802680218026002F8021002C80260020802C8022802900040CC0
340
0
340
0
340
0
340
0
340
0
340
0
340
0
340
0
340
0
340
0
340
0
340
0
340
0
340
0
340
0
340
0
340
0
340
0
340
0
340
0
340
0
340
0
340
0
340
0
340
0
360
2F25A
360
2F27E
360
2F285
360
2F286
360
2F291
360
2F292
360
2F293
360
2F294
360
2F295
360
2F296
360
2F297
360
2F298
360
2F299
360
2F29C
360
2F29D
360
2F29E
360
2F29F
360
2F2A0
360
2F2A2
360
2F2A3
360
2F2A5
360
2F2A6
360
2F2A7
360
2F2A8
360
2F2A9
360
2F2AA
360
2F2AB
 94
        0
  0
XRECORD
  5
C17E6
102
{ACAD_REACTORS
330
C17E5
102
}
330
C17E5
100
AcDbXrecord
280
     1
102
MATERIAL
148
0.0
149
0.0
149
0.0
 93
        0
 94
      127
282
     0
 72
     0
 77
     0
171
     0
175
     0
179
     0
273
     0
  0
XRECORD
  5
C17E8
102
{ACAD_REACTORS
330
C17E7
102
}
330
C17E7
100
AcDbXrecord
280
     1
102
MATERIAL
148
0.0
149
0.0
149
0.0
 93
        0
 94
      127
282
     0
 72
     0
 77
     0
171
     0
175
     0
179
     0
273
     0
  0
XRECORD
  5
C17EA
102
{ACAD_REACTORS
330
C17E9
102
}
330
C17E9
100
AcDbXrecord
280
     1
102
MATERIAL
148
0.0
149
0.0
149
0.0
 93
        0
 94
      127
282
     0
 72
     0
 77
     0
171
     0
175
     0
179
     0
273
     0
  0
XRECORD
  5
C17EC
102
{ACAD_REACTORS
330
C17EB
102
}
330
C17EB
100
AcDbXrecord
280
     1
102
ACAD_ROUNDTRIP_2010_MLEADER_STYLE
  0
CELLSTYLEMAP
  5
C17EE
102
{ACAD_REACTORS
330
AB2
102
}
330
AB2
100
AcDbCellStyleMap
 90
        3
300
CELLSTYLE
  1
TABLEFORMAT_BEGIN
 90
        5
170
     1
 91
        0
 92
    32768
 62
   257
 93
        1
300
CONTENTFORMAT
  1
CONTENTFORMAT_BEGIN
 90
        0
 91
        0
 92
      512
 93
        0
300

 40
0.0
140
1.0
 94
        5
 62
     0
340
11
144
6.0
309
CONTENTFORMAT_END
171
     1
301
MARGIN
  1
CELLMARGIN_BEGIN
 40
1.5
 40
1.5
 40
1.5
 40
1.5
 40
0.18
 40
0.18
309
CELLMARGIN_END
 94
        6
 95
        1
302
GRIDFORMAT
  1
GRIDFORMAT_BEGIN
 90
        0
 91
        1
 62
     0
 92
       -2
340
0
 93
        0
 40
0.045
309
GRIDFORMAT_END
 95
        2
302
GRIDFORMAT
  1
GRIDFORMAT_BEGIN
 90
        0
 91
        1
 62
     0
 92
       -2
340
0
 93
        0
 40
0.045
309
GRIDFORMAT_END
 95
        4
302
GRIDFORMAT
  1
GRIDFORMAT_BEGIN
 90
        0
 91
        1
 62
     0
 92
       -2
340
0
 93
        0
 40
0.045
309
GRIDFORMAT_END
 95
        8
302
GRIDFORMAT
  1
GRIDFORMAT_BEGIN
 90
        0
 91
        1
 62
     0
 92
       -2
340
0
 93
        0
 40
0.045
309
GRIDFORMAT_END
 95
       16
302
GRIDFORMAT
  1
GRIDFORMAT_BEGIN
 90
        0
 91
        1
 62
     0
 92
       -2
340
0
 93
        0
 40
0.045
309
GRIDFORMAT_END
 95
       32
302
GRIDFORMAT
  1
GRIDFORMAT_BEGIN
 90
        0
 91
        1
 62
     0
 92
       -2
340
0
 93
        0
 40
0.045
309
GRIDFORMAT_END
309
TABLEFORMAT_END
  1
CELLSTYLE_BEGIN
 90
        1
 91
        1
300
_TITLE
309
CELLSTYLE_END
300
CELLSTYLE
  1
TABLEFORMAT_BEGIN
 90
        5
170
     1
 91
        0
 92
        0
 62
   257
 93
        1
300
CONTENTFORMAT
  1
CONTENTFORMAT_BEGIN
 90
        0
 91
        0
 92
      512
 93
        0
300

 40
0.0
140
1.0
 94
        5
 62
     0
340
11
144
4.5
309
CONTENTFORMAT_END
171
     1
301
MARGIN
  1
CELLMARGIN_BEGIN
 40
1.5
 40
1.5
 40
1.5
 40
1.5
 40
0.18
 40
0.18
309
CELLMARGIN_END
 94
        6
 95
        1
302
GRIDFORMAT
  1
GRIDFORMAT_BEGIN
 90
        0
 91
        1
 62
     0
 92
       -2
340
0
 93
        0
 40
0.045
309
GRIDFORMAT_END
 95
        2
302
GRIDFORMAT
  1
GRIDFORMAT_BEGIN
 90
        0
 91
        1
 62
     0
 92
       -2
340
0
 93
        0
 40
0.045
309
GRIDFORMAT_END
 95
        4
302
GRIDFORMAT
  1
GRIDFORMAT_BEGIN
 90
        0
 91
        1
 62
     0
 92
       -2
340
0
 93
        0
 40
0.045
309
GRIDFORMAT_END
 95
        8
302
GRIDFORMAT
  1
GRIDFORMAT_BEGIN
 90
        0
 91
        1
 62
     0
 92
       -2
340
0
 93
        0
 40
0.045
309
GRIDFORMAT_END
 95
       16
302
GRIDFORMAT
  1
GRIDFORMAT_BEGIN
 90
        0
 91
        1
 62
     0
 92
       -2
340
0
 93
        0
 40
0.045
309
GRIDFORMAT_END
 95
       32
302
GRIDFORMAT
  1
GRIDFORMAT_BEGIN
 90
        0
 91
        1
 62
     0
 92
       -2
340
0
 93
        0
 40
0.045
309
GRIDFORMAT_END
309
TABLEFORMAT_END
  1
CELLSTYLE_BEGIN
 90
        2
 91
        1
300
_HEADER
309
CELLSTYLE_END
300
CELLSTYLE
  1
TABLEFORMAT_BEGIN
 90
        5
170
     1
 91
        0
 92
        0
 62
   257
 93
        1
300
CONTENTFORMAT
  1
CONTENTFORMAT_BEGIN
 90
        0
 91
        0
 92
      512
 93
        0
300

 40
0.0
140
1.0
 94
        2
 62
     0
340
11
144
4.5
309
CONTENTFORMAT_END
171
     1
301
MARGIN
  1
CELLMARGIN_BEGIN
 40
1.5
 40
1.5
 40
1.5
 40
1.5
 40
0.18
 40
0.18
309
CELLMARGIN_END
 94
        6
 95
        1
302
GRIDFORMAT
  1
GRIDFORMAT_BEGIN
 90
        0
 91
        1
 62
     0
 92
       -2
340
0
 93
        0
 40
0.045
309
GRIDFORMAT_END
 95
        2
302
GRIDFORMAT
  1
GRIDFORMAT_BEGIN
 90
        0
 91
        1
 62
     0
 92
       -2
340
0
 93
        0
 40
0.045
309
GRIDFORMAT_END
 95
        4
302
GRIDFORMAT
  1
GRIDFORMAT_BEGIN
 90
        0
 91
        1
 62
     0
 92
       -2
340
0
 93
        0
 40
0.045
309
GRIDFORMAT_END
 95
        8
302
GRIDFORMAT
  1
GRIDFORMAT_BEGIN
 90
        0
 91
        1
 62
     0
 92
       -2
340
0
 93
        0
 40
0.045
309
GRIDFORMAT_END
 95
       16
302
GRIDFORMAT
  1
GRIDFORMAT_BEGIN
 90
        0
 91
        1
 62
     0
 92
       -2
340
0
 93
        0
 40
0.045
309
GRIDFORMAT_END
 95
       32
302
GRIDFORMAT
  1
GRIDFORMAT_BEGIN
 90
        0
 91
        1
 62
     0
 92
       -2
340
0
 93
        0
 40
0.045
309
GRIDFORMAT_END
309
TABLEFORMAT_END
  1
CELLSTYLE_BEGIN
 90
        3
 91
        2
300
_DATA
309
CELLSTYLE_END
  0
XRECORD
  5
C17ED
102
{ACAD_REACTORS
330
AB2
102
}
330
AB2
100
AcDbXrecord
280
     1
102
ACAD_ROUNDTRIP_PRE2007_TABLESTYLE
 90
      512
 91
        0
  2

 91
      512
 92
        0
  3

 92
      512
 93
        0
  4

  0
XRECORD
  5
C17F0
102
{ACAD_REACTORS
330
C17EF
102
}
330
C17EF
100
AcDbXrecord
280
     1
102
RTVSPropertyOp0
 70
     1
102
RTVSPropertyOp1
 70
     1
102
RTVSPropertyOp2
 70
     1
102
RTVSPropertyOp3
 70
     1
102
RTVSPropertyOp4
 70
     1
102
RTVSPropertyOp5
 70
     1
102
RTVSPropertyOp6
 70
     1
102
RTVSPropertyOp7
 70
     1
102
RTVSPropertyOp8
 70
     1
102
RTVSPropertyOp9
 70
     1
102
RTVSPropertyOp10
 70
     1
102
RTVSPropertyOp11
 70
     1
102
RTVSPropertyOp12
 70
     1
102
RTVSPropertyOp13
 70
     1
102
RTVSPropertyOp14
 70
     1
102
RTVSPropertyOp15
 70
     1
102
RTVSPropertyOp16
 70
     1
102
RTVSPropertyOp17
 70
     1
102
RTVSPropertyOp18
 70
     1
102
RTVSPropertyOp19
 70
     1
102
RTVSPropertyOp20
 70
     1
102
RTVSPropertyOp21
 70
     1
102
RTVSPropertyOp22
 70
     1
102
RTVSPropertyOp23
 70
     1
102
RTVSPropertyOp24
 70
     1
102
RTVSPropertyOp25
 70
     1
102
RTVSPropertyOp26
 70
     1
102
RTVSPropertyOp27
 70
     1
102
RTVSPropertyOp28
 70
     1
102
RTVSPropertyOp29
 70
     1
102
RTVSPropertyOp30
 70
     1
102
RTVSPropertyOp31
 70
     1
102
RTVSPropertyOp32
 70
     1
102
RTVSPropertyOp33
 70
     1
102
RTVSPropertyOp34
 70
     1
102
RTVSPropertyOp35
 70
     1
102
RTVSPropertyOp36
 70
     1
102
RTVSPropertyOp37
 70
     1
102
RTVSPropertyOp38
 70
     1
102
RTVSPropertyOp39
 70
     1
102
RTVSPropertyOp40
 70
     1
102
RTVSPropertyOp41
 70
     1
102
RTVSPropertyOp42
 70
     1
102
RTVSPropertyOp43
 70
     1
102
RTVSPropertyOp44
 70
     1
102
RTVSPropertyOp45
 70
     1
102
RTVSPropertyOp46
 70
     1
102
RTVSPropertyOp47
 70
     1
102
RTVSPropertyOp48
 70
     1
102
RTVSPropertyOp49
 70
     1
102
RTVSPropertyOp50
 70
     1
102
RTVSPropertyOp51
 70
     0
102
RTVSPropertyOp52
 70
     0
102
RTVSPropertyOp53
 70
     1
102
RTVSPropertyOp54
 70
     1
102
RTVSPropertyOp55
 70
     1
102
RTVSPropertyOp56
 70
     1
102
RTVSPropertyOp57
 70
     1
102
RTVSPost2010Prop28
280
     1
102
RTVSPost2010PropOp28
 70
     1
102
RTVSPost2010Prop29
280
     1
102
RTVSPost2010PropOp29
 70
     1
102
RTVSPost2010Prop30
280
     0
102
RTVSPost2010PropOp30
 70
     1
102
RTVSPost2010Prop31
280
     0
102
RTVSPost2010PropOp31
 70
     1
102
RTVSPost2010Prop32
280
     0
102
RTVSPost2010PropOp32
 70
     1
102
RTVSPost2010Prop33
280
     0
102
RTVSPost2010PropOp33
 70
     1
102
RTVSPost2010Prop34
280
     0
102
RTVSPost2010PropOp34
 70
     1
102
RTVSPost2010Prop35
280
     0
102
RTVSPost2010PropOp35
 70
     1
102
RTVSPost2010Prop36
280
     0
102
RTVSPost2010PropOp36
 70
     1
102
RTVSPost2010Prop37
 90
       50
102
RTVSPost2010PropOp37
 70
     1
102
RTVSPost2010Prop38
140
0.0
102
RTVSPost2010PropOp38
 70
     1
102
RTVSPost2010Prop39
140
1.0
102
RTVSPost2010PropOp39
 70
     1
102
RTVSPost2010Prop40
 90
        0
102
RTVSPost2010PropOp40
 70
     1
102
RTVSPost2010Prop41ColorIndex
 90
       18
102
RTVSPost2010Prop41ColorRGB
 90
        0
102
RTVSPost2010PropOp41
 70
     1
102
RTVSPost2010Prop42
 90
       50
102
RTVSPost2010PropOp42
 70
     1
102
RTVSPost2010Prop43
 90
        3
102
RTVSPost2010PropOp43
 70
     1
102
RTVSPost2010Prop44ColorIndex
 90
        5
102
RTVSPost2010Prop44ColorRGB
 90
      255
102
RTVSPost2010PropOp44
 70
     1
102
RTVSPost2010Prop45
280
     0
102
RTVSPost2010PropOp45
 70
     1
102
RTVSPost2010Prop46
 90
       50
102
RTVSPost2010PropOp46
 70
     1
102
RTVSPost2010Prop47
 90
       50
102
RTVSPost2010PropOp47
 70
     1
102
RTVSPost2010Prop48
 90
       50
102
RTVSPost2010PropOp48
 70
     1
102
RTVSPost2010Prop49
280
     0
102
RTVSPost2010PropOp49
 70
     1
102
RTVSPost2010Prop50
 90
       50
102
RTVSPost2010PropOp50
 70
     1
102
RTVSPost2010Prop51ColorIndex
 90
      256
102
RTVSPost2010Prop51ColorRGB
 90
-16777216
102
RTVSPost2010PropOp51
 70
     0
102
RTVSPost2010Prop52
140
1.0
102
RTVSPost2010PropOp52
 70
     0
102
RTVSPost2010Prop53
 90
        0
102
RTVSPost2010PropOp53
 70
     1
102
RTVSPost2010Prop54
  1
strokes_ogs.tif
102
RTVSPost2010PropOp54
 70
     1
102
RTVSPost2010Prop55
280
     0
102
RTVSPost2010PropOp55
 70
     1
102
RTVSPost2010Prop56
140
1.0
102
RTVSPost2010PropOp56
 70
     1
102
RTVSPost2010Prop57
140
1.0
102
RTVSPost2010PropOp57
 70
     1
  0
XRECORD
  5
C17F2
102
{ACAD_REACTORS
330
C17F1
102
}
330
C17F1
100
AcDbXrecord
280
     1
102
RTVSPropertyOp0
 70
     1
102
RTVSPropertyOp1
 70
     1
102
RTVSPropertyOp2
 70
     1
102
RTVSPropertyOp3
 70
     1
102
RTVSPropertyOp4
 70
     1
102
RTVSPropertyOp5
 70
     1
102
RTVSPropertyOp6
 70
     1
102
RTVSPropertyOp7
 70
     1
102
RTVSPropertyOp8
 70
     1
102
RTVSPropertyOp9
 70
     1
102
RTVSPropertyOp10
 70
     1
102
RTVSPropertyOp11
 70
     1
102
RTVSPropertyOp12
 70
     1
102
RTVSPropertyOp13
 70
     1
102
RTVSPropertyOp14
 70
     1
102
RTVSPropertyOp15
 70
     1
102
RTVSPropertyOp16
 70
     1
102
RTVSPropertyOp17
 70
     1
102
RTVSPropertyOp18
 70
     1
102
RTVSPropertyOp19
 70
     1
102
RTVSPropertyOp20
 70
     1
102
RTVSPropertyOp21
 70
     1
102
RTVSPropertyOp22
 70
     1
102
RTVSPropertyOp23
 70
     1
102
RTVSPropertyOp24
 70
     1
102
RTVSPropertyOp25
 70
     1
102
RTVSPropertyOp26
 70
     1
102
RTVSPropertyOp27
 70
     1
102
RTVSPropertyOp28
 70
     1
102
RTVSPropertyOp29
 70
     1
102
RTVSPropertyOp30
 70
     1
102
RTVSPropertyOp31
 70
     1
102
RTVSPropertyOp32
 70
     1
102
RTVSPropertyOp33
 70
     1
102
RTVSPropertyOp34
 70
     1
102
RTVSPropertyOp35
 70
     1
102
RTVSPropertyOp36
 70
     1
102
RTVSPropertyOp37
 70
     1
102
RTVSPropertyOp38
 70
     1
102
RTVSPropertyOp39
 70
     1
102
RTVSPropertyOp40
 70
     1
102
RTVSPropertyOp41
 70
     1
102
RTVSPropertyOp42
 70
     1
102
RTVSPropertyOp43
 70
     1
102
RTVSPropertyOp44
 70
     1
102
RTVSPropertyOp45
 70
     1
102
RTVSPropertyOp46
 70
     1
102
RTVSPropertyOp47
 70
     1
102
RTVSPropertyOp48
 70
     1
102
RTVSPropertyOp49
 70
     1
102
RTVSPropertyOp50
 70
     1
102
RTVSPropertyOp51
 70
     0
102
RTVSPropertyOp52
 70
     0
102
RTVSPropertyOp53
 70
     1
102
RTVSPropertyOp54
 70
     1
102
RTVSPropertyOp55
 70
     1
102
RTVSPropertyOp56
 70
     1
102
RTVSPropertyOp57
 70
     1
102
RTVSPost2010Prop28
280
     0
102
RTVSPost2010PropOp28
 70
     1
102
RTVSPost2010Prop29
280
     1
102
RTVSPost2010PropOp29
 70
     1
102
RTVSPost2010Prop30
280
     1
102
RTVSPost2010PropOp30
 70
     1
102
RTVSPost2010Prop31
280
     0
102
RTVSPost2010PropOp31
 70
     1
102
RTVSPost2010Prop32
280
     0
102
RTVSPost2010PropOp32
 70
     1
102
RTVSPost2010Prop33
280
     0
102
RTVSPost2010PropOp33
 70
     1
102
RTVSPost2010Prop34
280
     0
102
RTVSPost2010PropOp34
 70
     1
102
RTVSPost2010Prop35
280
     0
102
RTVSPost2010PropOp35
 70
     1
102
RTVSPost2010Prop36
280
     0
102
RTVSPost2010PropOp36
 70
     1
102
RTVSPost2010Prop37
 90
       50
102
RTVSPost2010PropOp37
 70
     1
102
RTVSPost2010Prop38
140
0.0
102
RTVSPost2010PropOp38
 70
     1
102
RTVSPost2010Prop39
140
1.0
102
RTVSPost2010PropOp39
 70
     1
102
RTVSPost2010Prop40
 90
        0
102
RTVSPost2010PropOp40
 70
     1
102
RTVSPost2010Prop41ColorIndex
 90
       18
102
RTVSPost2010Prop41ColorRGB
 90
        0
102
RTVSPost2010PropOp41
 70
     1
102
RTVSPost2010Prop42
 90
       50
102
RTVSPost2010PropOp42
 70
     1
102
RTVSPost2010Prop43
 90
        3
102
RTVSPost2010PropOp43
 70
     1
102
RTVSPost2010Prop44ColorIndex
 90
        5
102
RTVSPost2010Prop44ColorRGB
 90
      255
102
RTVSPost2010PropOp44
 70
     1
102
RTVSPost2010Prop45
280
     0
102
RTVSPost2010PropOp45
 70
     1
102
RTVSPost2010Prop46
 90
       50
102
RTVSPost2010PropOp46
 70
     1
102
RTVSPost2010Prop47
 90
       50
102
RTVSPost2010PropOp47
 70
     1
102
RTVSPost2010Prop48
 90
       50
102
RTVSPost2010PropOp48
 70
     1
102
RTVSPost2010Prop49
280
     0
102
RTVSPost2010PropOp49
 70
     1
102
RTVSPost2010Prop50
 90
       50
102
RTVSPost2010PropOp50
 70
     1
102
RTVSPost2010Prop51ColorIndex
 90
      256
102
RTVSPost2010Prop51ColorRGB
 90
-16777216
102
RTVSPost2010PropOp51
 70
     0
102
RTVSPost2010Prop52
140
1.0
102
RTVSPost2010PropOp52
 70
     0
102
RTVSPost2010Prop53
 90
        2
102
RTVSPost2010PropOp53
 70
     1
102
RTVSPost2010Prop54
  1
strokes_ogs.tif
102
RTVSPost2010PropOp54
 70
     1
102
RTVSPost2010Prop55
280
     0
102
RTVSPost2010PropOp55
 70
     1
102
RTVSPost2010Prop56
140
1.0
102
RTVSPost2010PropOp56
 70
     1
102
RTVSPost2010Prop57
140
1.0
102
RTVSPost2010PropOp57
 70
     1
  0
XRECORD
  5
C17F4
102
{ACAD_REACTORS
330
C17F3
102
}
330
C17F3
100
AcDbXrecord
280
     1
102
RTVSPropertyOp0
 70
     1
102
RTVSPropertyOp1
 70
     1
102
RTVSPropertyOp2
 70
     1
102
RTVSPropertyOp3
 70
     1
102
RTVSPropertyOp4
 70
     1
102
RTVSPropertyOp5
 70
     1
102
RTVSPropertyOp6
 70
     1
102
RTVSPropertyOp7
 70
     1
102
RTVSPropertyOp8
 70
     1
102
RTVSPropertyOp9
 70
     1
102
RTVSPropertyOp10
 70
     1
102
RTVSPropertyOp11
 70
     1
102
RTVSPropertyOp12
 70
     1
102
RTVSPropertyOp13
 70
     1
102
RTVSPropertyOp14
 70
     1
102
RTVSPropertyOp15
 70
     1
102
RTVSPropertyOp16
 70
     1
102
RTVSPropertyOp17
 70
     1
102
RTVSPropertyOp18
 70
     1
102
RTVSPropertyOp19
 70
     1
102
RTVSPropertyOp20
 70
     1
102
RTVSPropertyOp21
 70
     1
102
RTVSPropertyOp22
 70
     1
102
RTVSPropertyOp23
 70
     1
102
RTVSPropertyOp24
 70
     1
102
RTVSPropertyOp25
 70
     1
102
RTVSPropertyOp26
 70
     1
102
RTVSPropertyOp27
 70
     1
102
RTVSPropertyOp28
 70
     1
102
RTVSPropertyOp29
 70
     1
102
RTVSPropertyOp30
 70
     1
102
RTVSPropertyOp31
 70
     1
102
RTVSPropertyOp32
 70
     1
102
RTVSPropertyOp33
 70
     1
102
RTVSPropertyOp34
 70
     1
102
RTVSPropertyOp35
 70
     1
102
RTVSPropertyOp36
 70
     1
102
RTVSPropertyOp37
 70
     1
102
RTVSPropertyOp38
 70
     1
102
RTVSPropertyOp39
 70
     1
102
RTVSPropertyOp40
 70
     1
102
RTVSPropertyOp41
 70
     1
102
RTVSPropertyOp42
 70
     1
102
RTVSPropertyOp43
 70
     1
102
RTVSPropertyOp44
 70
     1
102
RTVSPropertyOp45
 70
     1
102
RTVSPropertyOp46
 70
     1
102
RTVSPropertyOp47
 70
     1
102
RTVSPropertyOp48
 70
     1
102
RTVSPropertyOp49
 70
     1
102
RTVSPropertyOp50
 70
     1
102
RTVSPropertyOp51
 70
     0
102
RTVSPropertyOp52
 70
     0
102
RTVSPropertyOp53
 70
     1
102
RTVSPropertyOp54
 70
     1
102
RTVSPropertyOp55
 70
     1
102
RTVSPropertyOp56
 70
     1
102
RTVSPropertyOp57
 70
     1
102
RTVSPost2010Prop28
280
     0
102
RTVSPost2010PropOp28
 70
     1
102
RTVSPost2010Prop29
280
     1
102
RTVSPost2010PropOp29
 70
     1
102
RTVSPost2010Prop30
280
     1
102
RTVSPost2010PropOp30
 70
     1
102
RTVSPost2010Prop31
280
     0
102
RTVSPost2010PropOp31
 70
     1
102
RTVSPost2010Prop32
280
     0
102
RTVSPost2010PropOp32
 70
     1
102
RTVSPost2010Prop33
280
     0
102
RTVSPost2010PropOp33
 70
     1
102
RTVSPost2010Prop34
280
     0
102
RTVSPost2010PropOp34
 70
     1
102
RTVSPost2010Prop35
280
     0
102
RTVSPost2010PropOp35
 70
     1
102
RTVSPost2010Prop36
280
     0
102
RTVSPost2010PropOp36
 70
     1
102
RTVSPost2010Prop37
 90
       50
102
RTVSPost2010PropOp37
 70
     1
102
RTVSPost2010Prop38
140
0.0
102
RTVSPost2010PropOp38
 70
     1
102
RTVSPost2010Prop39
140
1.0
102
RTVSPost2010PropOp39
 70
     1
102
RTVSPost2010Prop40
 90
        0
102
RTVSPost2010PropOp40
 70
     1
102
RTVSPost2010Prop41ColorIndex
 90
       18
102
RTVSPost2010Prop41ColorRGB
 90
        0
102
RTVSPost2010PropOp41
 70
     1
102
RTVSPost2010Prop42
 90
       50
102
RTVSPost2010PropOp42
 70
     1
102
RTVSPost2010Prop43
 90
        3
102
RTVSPost2010PropOp43
 70
     1
102
RTVSPost2010Prop44ColorIndex
 90
        5
102
RTVSPost2010Prop44ColorRGB
 90
      255
102
RTVSPost2010PropOp44
 70
     1
102
RTVSPost2010Prop45
280
     0
102
RTVSPost2010PropOp45
 70
     1
102
RTVSPost2010Prop46
 90
       50
102
RTVSPost2010PropOp46
 70
     1
102
RTVSPost2010Prop47
 90
       50
102
RTVSPost2010PropOp47
 70
     1
102
RTVSPost2010Prop48
 90
       50
102
RTVSPost2010PropOp48
 70
     1
102
RTVSPost2010Prop49
280
     0
102
RTVSPost2010PropOp49
 70
     1
102
RTVSPost2010Prop50
 90
       50
102
RTVSPost2010PropOp50
 70
     1
102
RTVSPost2010Prop51ColorIndex
 90
      256
102
RTVSPost2010Prop51ColorRGB
 90
-16777216
102
RTVSPost2010PropOp51
 70
     0
102
RTVSPost2010Prop52
140
1.0
102
RTVSPost2010PropOp52
 70
     0
102
RTVSPost2010Prop53
 90
        0
102
RTVSPost2010PropOp53
 70
     1
102
RTVSPost2010Prop54
  1
strokes_ogs.tif
102
RTVSPost2010PropOp54
 70
     1
102
RTVSPost2010Prop55
280
     0
102
RTVSPost2010PropOp55
 70
     1
102
RTVSPost2010Prop56
140
1.0
102
RTVSPost2010PropOp56
 70
     1
102
RTVSPost2010Prop57
140
1.0
102
RTVSPost2010PropOp57
 70
     1
  0
XRECORD
  5
C17F6
102
{ACAD_REACTORS
330
C17F5
102
}
330
C17F5
100
AcDbXrecord
280
     1
102
RTVSPropertyOp0
 70
     1
102
RTVSPropertyOp1
 70
     1
102
RTVSPropertyOp2
 70
     1
102
RTVSPropertyOp3
 70
     1
102
RTVSPropertyOp4
 70
     1
102
RTVSPropertyOp5
 70
     1
102
RTVSPropertyOp6
 70
     1
102
RTVSPropertyOp7
 70
     1
102
RTVSPropertyOp8
 70
     1
102
RTVSPropertyOp9
 70
     1
102
RTVSPropertyOp10
 70
     1
102
RTVSPropertyOp11
 70
     1
102
RTVSPropertyOp12
 70
     1
102
RTVSPropertyOp13
 70
     1
102
RTVSPropertyOp14
 70
     1
102
RTVSPropertyOp15
 70
     1
102
RTVSPropertyOp16
 70
     1
102
RTVSPropertyOp17
 70
     1
102
RTVSPropertyOp18
 70
     1
102
RTVSPropertyOp19
 70
     1
102
RTVSPropertyOp20
 70
     1
102
RTVSPropertyOp21
 70
     1
102
RTVSPropertyOp22
 70
     1
102
RTVSPropertyOp23
 70
     1
102
RTVSPropertyOp24
 70
     1
102
RTVSPropertyOp25
 70
     1
102
RTVSPropertyOp26
 70
     1
102
RTVSPropertyOp27
 70
     1
102
RTVSPropertyOp28
 70
     1
102
RTVSPropertyOp29
 70
     1
102
RTVSPropertyOp30
 70
     1
102
RTVSPropertyOp31
 70
     1
102
RTVSPropertyOp32
 70
     1
102
RTVSPropertyOp33
 70
     1
102
RTVSPropertyOp34
 70
     1
102
RTVSPropertyOp35
 70
     1
102
RTVSPropertyOp36
 70
     1
102
RTVSPropertyOp37
 70
     1
102
RTVSPropertyOp38
 70
     1
102
RTVSPropertyOp39
 70
     1
102
RTVSPropertyOp40
 70
     1
102
RTVSPropertyOp41
 70
     1
102
RTVSPropertyOp42
 70
     1
102
RTVSPropertyOp43
 70
     1
102
RTVSPropertyOp44
 70
     1
102
RTVSPropertyOp45
 70
     1
102
RTVSPropertyOp46
 70
     1
102
RTVSPropertyOp47
 70
     1
102
RTVSPropertyOp48
 70
     1
102
RTVSPropertyOp49
 70
     1
102
RTVSPropertyOp50
 70
     1
102
RTVSPropertyOp51
 70
     0
102
RTVSPropertyOp52
 70
     0
102
RTVSPropertyOp53
 70
     1
102
RTVSPropertyOp54
 70
     1
102
RTVSPropertyOp55
 70
     1
102
RTVSPropertyOp56
 70
     1
102
RTVSPropertyOp57
 70
     1
102
RTVSPost2010Prop28
280
     0
102
RTVSPost2010PropOp28
 70
     1
102
RTVSPost2010Prop29
280
     1
102
RTVSPost2010PropOp29
 70
     1
102
RTVSPost2010Prop30
280
     1
102
RTVSPost2010PropOp30
 70
     1
102
RTVSPost2010Prop31
280
     0
102
RTVSPost2010PropOp31
 70
     1
102
RTVSPost2010Prop32
280
     0
102
RTVSPost2010PropOp32
 70
     1
102
RTVSPost2010Prop33
280
     0
102
RTVSPost2010PropOp33
 70
     1
102
RTVSPost2010Prop34
280
     0
102
RTVSPost2010PropOp34
 70
     1
102
RTVSPost2010Prop35
280
     0
102
RTVSPost2010PropOp35
 70
     1
102
RTVSPost2010Prop36
280
     0
102
RTVSPost2010PropOp36
 70
     1
102
RTVSPost2010Prop37
 90
       50
102
RTVSPost2010PropOp37
 70
     1
102
RTVSPost2010Prop38
140
0.0
102
RTVSPost2010PropOp38
 70
     1
102
RTVSPost2010Prop39
140
1.0
102
RTVSPost2010PropOp39
 70
     1
102
RTVSPost2010Prop40
 90
        0
102
RTVSPost2010PropOp40
 70
     1
102
RTVSPost2010Prop41ColorIndex
 90
       18
102
RTVSPost2010Prop41ColorRGB
 90
        0
102
RTVSPost2010PropOp41
 70
     1
102
RTVSPost2010Prop42
 90
       50
102
RTVSPost2010PropOp42
 70
     1
102
RTVSPost2010Prop43
 90
        3
102
RTVSPost2010PropOp43
 70
     1
102
RTVSPost2010Prop44ColorIndex
 90
        5
102
RTVSPost2010Prop44ColorRGB
 90
      255
102
RTVSPost2010PropOp44
 70
     1
102
RTVSPost2010Prop45
280
     0
102
RTVSPost2010PropOp45
 70
     1
102
RTVSPost2010Prop46
 90
       50
102
RTVSPost2010PropOp46
 70
     1
102
RTVSPost2010Prop47
 90
       50
102
RTVSPost2010PropOp47
 70
     1
102
RTVSPost2010Prop48
 90
       50
102
RTVSPost2010PropOp48
 70
     1
102
RTVSPost2010Prop49
280
     0
102
RTVSPost2010PropOp49
 70
     1
102
RTVSPost2010Prop50
 90
       50
102
RTVSPost2010PropOp50
 70
     1
102
RTVSPost2010Prop51ColorIndex
 90
      256
102
RTVSPost2010Prop51ColorRGB
 90
-16777216
102
RTVSPost2010PropOp51
 70
     0
102
RTVSPost2010Prop52
140
1.0
102
RTVSPost2010PropOp52
 70
     0
102
RTVSPost2010Prop53
 90
        0
102
RTVSPost2010PropOp53
 70
     1
102
RTVSPost2010Prop54
  1
strokes_ogs.tif
102
RTVSPost2010PropOp54
 70
     1
102
RTVSPost2010Prop55
280
     0
102
RTVSPost2010PropOp55
 70
     1
102
RTVSPost2010Prop56
140
1.0
102
RTVSPost2010PropOp56
 70
     1
102
RTVSPost2010Prop57
140
1.0
102
RTVSPost2010PropOp57
 70
     1
  0
XRECORD
  5
C17F8
102
{ACAD_REACTORS
330
C17F7
102
}
330
C17F7
100
AcDbXrecord
280
     1
102
RTVSPropertyOp0
 70
     1
102
RTVSPropertyOp1
 70
     1
102
RTVSPropertyOp2
 70
     1
102
RTVSPropertyOp3
 70
     1
102
RTVSPropertyOp4
 70
     1
102
RTVSPropertyOp5
 70
     1
102
RTVSPropertyOp6
 70
     1
102
RTVSPropertyOp7
 70
     1
102
RTVSPropertyOp8
 70
     1
102
RTVSPropertyOp9
 70
     1
102
RTVSPropertyOp10
 70
     1
102
RTVSPropertyOp11
 70
     1
102
RTVSPropertyOp12
 70
     1
102
RTVSPropertyOp13
 70
     1
102
RTVSPropertyOp14
 70
     1
102
RTVSPropertyOp15
 70
     1
102
RTVSPropertyOp16
 70
     1
102
RTVSPropertyOp17
 70
     1
102
RTVSPropertyOp18
 70
     1
102
RTVSPropertyOp19
 70
     1
102
RTVSPropertyOp20
 70
     1
102
RTVSPropertyOp21
 70
     1
102
RTVSPropertyOp22
 70
     1
102
RTVSPropertyOp23
 70
     1
102
RTVSPropertyOp24
 70
     1
102
RTVSPropertyOp25
 70
     1
102
RTVSPropertyOp26
 70
     1
102
RTVSPropertyOp27
 70
     1
102
RTVSPropertyOp28
 70
     1
102
RTVSPropertyOp29
 70
     1
102
RTVSPropertyOp30
 70
     1
102
RTVSPropertyOp31
 70
     1
102
RTVSPropertyOp32
 70
     1
102
RTVSPropertyOp33
 70
     1
102
RTVSPropertyOp34
 70
     1
102
RTVSPropertyOp35
 70
     1
102
RTVSPropertyOp36
 70
     1
102
RTVSPropertyOp37
 70
     1
102
RTVSPropertyOp38
 70
     1
102
RTVSPropertyOp39
 70
     1
102
RTVSPropertyOp40
 70
     1
102
RTVSPropertyOp41
 70
     1
102
RTVSPropertyOp42
 70
     1
102
RTVSPropertyOp43
 70
     1
102
RTVSPropertyOp44
 70
     1
102
RTVSPropertyOp45
 70
     1
102
RTVSPropertyOp46
 70
     1
102
RTVSPropertyOp47
 70
     1
102
RTVSPropertyOp48
 70
     1
102
RTVSPropertyOp49
 70
     1
102
RTVSPropertyOp50
 70
     1
102
RTVSPropertyOp51
 70
     0
102
RTVSPropertyOp52
 70
     0
102
RTVSPropertyOp53
 70
     1
102
RTVSPropertyOp54
 70
     1
102
RTVSPropertyOp55
 70
     1
102
RTVSPropertyOp56
 70
     1
102
RTVSPropertyOp57
 70
     1
102
RTVSPost2010Prop28
280
     0
102
RTVSPost2010PropOp28
 70
     1
102
RTVSPost2010Prop29
280
     1
102
RTVSPost2010PropOp29
 70
     1
102
RTVSPost2010Prop30
280
     1
102
RTVSPost2010PropOp30
 70
     1
102
RTVSPost2010Prop31
280
     0
102
RTVSPost2010PropOp31
 70
     1
102
RTVSPost2010Prop32
280
     0
102
RTVSPost2010PropOp32
 70
     1
102
RTVSPost2010Prop33
280
     0
102
RTVSPost2010PropOp33
 70
     1
102
RTVSPost2010Prop34
280
     0
102
RTVSPost2010PropOp34
 70
     1
102
RTVSPost2010Prop35
280
     0
102
RTVSPost2010PropOp35
 70
     1
102
RTVSPost2010Prop36
280
     0
102
RTVSPost2010PropOp36
 70
     1
102
RTVSPost2010Prop37
 90
       50
102
RTVSPost2010PropOp37
 70
     1
102
RTVSPost2010Prop38
140
0.0
102
RTVSPost2010PropOp38
 70
     1
102
RTVSPost2010Prop39
140
1.0
102
RTVSPost2010PropOp39
 70
     1
102
RTVSPost2010Prop40
 90
        0
102
RTVSPost2010PropOp40
 70
     1
102
RTVSPost2010Prop41ColorIndex
 90
       18
102
RTVSPost2010Prop41ColorRGB
 90
        0
102
RTVSPost2010PropOp41
 70
     1
102
RTVSPost2010Prop42
 90
       50
102
RTVSPost2010PropOp42
 70
     1
102
RTVSPost2010Prop43
 90
        3
102
RTVSPost2010PropOp43
 70
     1
102
RTVSPost2010Prop44ColorIndex
 90
        5
102
RTVSPost2010Prop44ColorRGB
 90
      255
102
RTVSPost2010PropOp44
 70
     1
102
RTVSPost2010Prop45
280
     0
102
RTVSPost2010PropOp45
 70
     1
102
RTVSPost2010Prop46
 90
       50
102
RTVSPost2010PropOp46
 70
     1
102
RTVSPost2010Prop47
 90
       50
102
RTVSPost2010PropOp47
 70
     1
102
RTVSPost2010Prop48
 90
       50
102
RTVSPost2010PropOp48
 70
     1
102
RTVSPost2010Prop49
280
     0
102
RTVSPost2010PropOp49
 70
     1
102
RTVSPost2010Prop50
 90
       50
102
RTVSPost2010PropOp50
 70
     1
102
RTVSPost2010Prop51ColorIndex
 90
      256
102
RTVSPost2010Prop51ColorRGB
 90
-16777216
102
RTVSPost2010PropOp51
 70
     0
102
RTVSPost2010Prop52
140
1.0
102
RTVSPost2010PropOp52
 70
     0
102
RTVSPost2010Prop53
 90
        0
102
RTVSPost2010PropOp53
 70
     1
102
RTVSPost2010Prop54
  1
strokes_ogs.tif
102
RTVSPost2010PropOp54
 70
     1
102
RTVSPost2010Prop55
280
     0
102
RTVSPost2010PropOp55
 70
     1
102
RTVSPost2010Prop56
140
1.0
102
RTVSPost2010PropOp56
 70
     1
102
RTVSPost2010Prop57
140
1.0
102
RTVSPost2010PropOp57
 70
     1
  0
XRECORD
  5
C17FA
102
{ACAD_REACTORS
330
C17F9
102
}
330
C17F9
100
AcDbXrecord
280
     1
102
RTVSPropertyOp0
 70
     1
102
RTVSPropertyOp1
 70
     1
102
RTVSPropertyOp2
 70
     1
102
RTVSPropertyOp3
 70
     1
102
RTVSPropertyOp4
 70
     1
102
RTVSPropertyOp5
 70
     1
102
RTVSPropertyOp6
 70
     1
102
RTVSPropertyOp7
 70
     1
102
RTVSPropertyOp8
 70
     1
102
RTVSPropertyOp9
 70
     1
102
RTVSPropertyOp10
 70
     1
102
RTVSPropertyOp11
 70
     1
102
RTVSPropertyOp12
 70
     1
102
RTVSPropertyOp13
 70
     1
102
RTVSPropertyOp14
 70
     1
102
RTVSPropertyOp15
 70
     1
102
RTVSPropertyOp16
 70
     1
102
RTVSPropertyOp17
 70
     1
102
RTVSPropertyOp18
 70
     1
102
RTVSPropertyOp19
 70
     1
102
RTVSPropertyOp20
 70
     1
102
RTVSPropertyOp21
 70
     1
102
RTVSPropertyOp22
 70
     1
102
RTVSPropertyOp23
 70
     1
102
RTVSPropertyOp24
 70
     1
102
RTVSPropertyOp25
 70
     1
102
RTVSPropertyOp26
 70
     1
102
RTVSPropertyOp27
 70
     1
102
RTVSPropertyOp28
 70
     1
102
RTVSPropertyOp29
 70
     1
102
RTVSPropertyOp30
 70
     1
102
RTVSPropertyOp31
 70
     1
102
RTVSPropertyOp32
 70
     1
102
RTVSPropertyOp33
 70
     1
102
RTVSPropertyOp34
 70
     1
102
RTVSPropertyOp35
 70
     1
102
RTVSPropertyOp36
 70
     1
102
RTVSPropertyOp37
 70
     1
102
RTVSPropertyOp38
 70
     1
102
RTVSPropertyOp39
 70
     1
102
RTVSPropertyOp40
 70
     1
102
RTVSPropertyOp41
 70
     1
102
RTVSPropertyOp42
 70
     1
102
RTVSPropertyOp43
 70
     1
102
RTVSPropertyOp44
 70
     1
102
RTVSPropertyOp45
 70
     1
102
RTVSPropertyOp46
 70
     1
102
RTVSPropertyOp47
 70
     1
102
RTVSPropertyOp48
 70
     1
102
RTVSPropertyOp49
 70
     1
102
RTVSPropertyOp50
 70
     1
102
RTVSPropertyOp51
 70
     0
102
RTVSPropertyOp52
 70
     0
102
RTVSPropertyOp53
 70
     1
102
RTVSPropertyOp54
 70
     1
102
RTVSPropertyOp55
 70
     1
102
RTVSPropertyOp56
 70
     1
102
RTVSPropertyOp57
 70
     1
102
RTVSPost2010Prop28
280
     0
102
RTVSPost2010PropOp28
 70
     1
102
RTVSPost2010Prop29
280
     1
102
RTVSPost2010PropOp29
 70
     1
102
RTVSPost2010Prop30
280
     1
102
RTVSPost2010PropOp30
 70
     1
102
RTVSPost2010Prop31
280
     0
102
RTVSPost2010PropOp31
 70
     1
102
RTVSPost2010Prop32
280
     0
102
RTVSPost2010PropOp32
 70
     1
102
RTVSPost2010Prop33
280
     0
102
RTVSPost2010PropOp33
 70
     1
102
RTVSPost2010Prop34
280
     0
102
RTVSPost2010PropOp34
 70
     1
102
RTVSPost2010Prop35
280
     0
102
RTVSPost2010PropOp35
 70
     1
102
RTVSPost2010Prop36
280
     0
102
RTVSPost2010PropOp36
 70
     1
102
RTVSPost2010Prop37
 90
       50
102
RTVSPost2010PropOp37
 70
     1
102
RTVSPost2010Prop38
140
0.0
102
RTVSPost2010PropOp38
 70
     1
102
RTVSPost2010Prop39
140
1.0
102
RTVSPost2010PropOp39
 70
     1
102
RTVSPost2010Prop40
 90
        0
102
RTVSPost2010PropOp40
 70
     1
102
RTVSPost2010Prop41ColorIndex
 90
       18
102
RTVSPost2010Prop41ColorRGB
 90
        0
102
RTVSPost2010PropOp41
 70
     1
102
RTVSPost2010Prop42
 90
       50
102
RTVSPost2010PropOp42
 70
     1
102
RTVSPost2010Prop43
 90
        3
102
RTVSPost2010PropOp43
 70
     1
102
RTVSPost2010Prop44ColorIndex
 90
        5
102
RTVSPost2010Prop44ColorRGB
 90
      255
102
RTVSPost2010PropOp44
 70
     1
102
RTVSPost2010Prop45
280
     0
102
RTVSPost2010PropOp45
 70
     1
102
RTVSPost2010Prop46
 90
       50
102
RTVSPost2010PropOp46
 70
     1
102
RTVSPost2010Prop47
 90
       50
102
RTVSPost2010PropOp47
 70
     1
102
RTVSPost2010Prop48
 90
       50
102
RTVSPost2010PropOp48
 70
     1
102
RTVSPost2010Prop49
280
     0
102
RTVSPost2010PropOp49
 70
     1
102
RTVSPost2010Prop50
 90
       50
102
RTVSPost2010PropOp50
 70
     1
102
RTVSPost2010Prop51ColorIndex
 90
      256
102
RTVSPost2010Prop51ColorRGB
 90
-16777216
102
RTVSPost2010PropOp51
 70
     0
102
RTVSPost2010Prop52
140
1.0
102
RTVSPost2010PropOp52
 70
     0
102
RTVSPost2010Prop53
 90
        0
102
RTVSPost2010PropOp53
 70
     1
102
RTVSPost2010Prop54
  1
strokes_ogs.tif
102
RTVSPost2010PropOp54
 70
     1
102
RTVSPost2010Prop55
280
     0
102
RTVSPost2010PropOp55
 70
     1
102
RTVSPost2010Prop56
140
1.0
102
RTVSPost2010PropOp56
 70
     1
102
RTVSPost2010Prop57
140
1.0
102
RTVSPost2010PropOp57
 70
     1
  0
XRECORD
  5
C17FC
102
{ACAD_REACTORS
330
C17FB
102
}
330
C17FB
100
AcDbXrecord
280
     1
102
RTVSPropertyOp0
 70
     1
102
RTVSPropertyOp1
 70
     1
102
RTVSPropertyOp2
 70
     1
102
RTVSPropertyOp3
 70
     1
102
RTVSPropertyOp4
 70
     1
102
RTVSPropertyOp5
 70
     1
102
RTVSPropertyOp6
 70
     1
102
RTVSPropertyOp7
 70
     1
102
RTVSPropertyOp8
 70
     1
102
RTVSPropertyOp9
 70
     1
102
RTVSPropertyOp10
 70
     1
102
RTVSPropertyOp11
 70
     1
102
RTVSPropertyOp12
 70
     1
102
RTVSPropertyOp13
 70
     1
102
RTVSPropertyOp14
 70
     1
102
RTVSPropertyOp15
 70
     1
102
RTVSPropertyOp16
 70
     1
102
RTVSPropertyOp17
 70
     1
102
RTVSPropertyOp18
 70
     1
102
RTVSPropertyOp19
 70
     1
102
RTVSPropertyOp20
 70
     1
102
RTVSPropertyOp21
 70
     1
102
RTVSPropertyOp22
 70
     1
102
RTVSPropertyOp23
 70
     1
102
RTVSPropertyOp24
 70
     1
102
RTVSPropertyOp25
 70
     1
102
RTVSPropertyOp26
 70
     1
102
RTVSPropertyOp27
 70
     1
102
RTVSPropertyOp28
 70
     1
102
RTVSPropertyOp29
 70
     1
102
RTVSPropertyOp30
 70
     1
102
RTVSPropertyOp31
 70
     1
102
RTVSPropertyOp32
 70
     1
102
RTVSPropertyOp33
 70
     1
102
RTVSPropertyOp34
 70
     1
102
RTVSPropertyOp35
 70
     1
102
RTVSPropertyOp36
 70
     1
102
RTVSPropertyOp37
 70
     1
102
RTVSPropertyOp38
 70
     1
102
RTVSPropertyOp39
 70
     1
102
RTVSPropertyOp40
 70
     1
102
RTVSPropertyOp41
 70
     1
102
RTVSPropertyOp42
 70
     1
102
RTVSPropertyOp43
 70
     1
102
RTVSPropertyOp44
 70
     1
102
RTVSPropertyOp45
 70
     1
102
RTVSPropertyOp46
 70
     1
102
RTVSPropertyOp47
 70
     1
102
RTVSPropertyOp48
 70
     1
102
RTVSPropertyOp49
 70
     1
102
RTVSPropertyOp50
 70
     1
102
RTVSPropertyOp51
 70
     0
102
RTVSPropertyOp52
 70
     0
102
RTVSPropertyOp53
 70
     1
102
RTVSPropertyOp54
 70
     1
102
RTVSPropertyOp55
 70
     1
102
RTVSPropertyOp56
 70
     1
102
RTVSPropertyOp57
 70
     1
102
RTVSPost2010Prop28
280
     0
102
RTVSPost2010PropOp28
 70
     1
102
RTVSPost2010Prop29
280
     1
102
RTVSPost2010PropOp29
 70
     1
102
RTVSPost2010Prop30
280
     1
102
RTVSPost2010PropOp30
 70
     1
102
RTVSPost2010Prop31
280
     0
102
RTVSPost2010PropOp31
 70
     1
102
RTVSPost2010Prop32
280
     0
102
RTVSPost2010PropOp32
 70
     1
102
RTVSPost2010Prop33
280
     0
102
RTVSPost2010PropOp33
 70
     1
102
RTVSPost2010Prop34
280
     0
102
RTVSPost2010PropOp34
 70
     1
102
RTVSPost2010Prop35
280
     0
102
RTVSPost2010PropOp35
 70
     1
102
RTVSPost2010Prop36
280
     0
102
RTVSPost2010PropOp36
 70
     1
102
RTVSPost2010Prop37
 90
       50
102
RTVSPost2010PropOp37
 70
     1
102
RTVSPost2010Prop38
140
0.0
102
RTVSPost2010PropOp38
 70
     1
102
RTVSPost2010Prop39
140
1.0
102
RTVSPost2010PropOp39
 70
     1
102
RTVSPost2010Prop40
 90
        0
102
RTVSPost2010PropOp40
 70
     1
102
RTVSPost2010Prop41ColorIndex
 90
       18
102
RTVSPost2010Prop41ColorRGB
 90
        0
102
RTVSPost2010PropOp41
 70
     1
102
RTVSPost2010Prop42
 90
       50
102
RTVSPost2010PropOp42
 70
     1
102
RTVSPost2010Prop43
 90
        3
102
RTVSPost2010PropOp43
 70
     1
102
RTVSPost2010Prop44ColorIndex
 90
        5
102
RTVSPost2010Prop44ColorRGB
 90
      255
102
RTVSPost2010PropOp44
 70
     1
102
RTVSPost2010Prop45
280
     0
102
RTVSPost2010PropOp45
 70
     1
102
RTVSPost2010Prop46
 90
       50
102
RTVSPost2010PropOp46
 70
     1
102
RTVSPost2010Prop47
 90
       50
102
RTVSPost2010PropOp47
 70
     1
102
RTVSPost2010Prop48
 90
       50
102
RTVSPost2010PropOp48
 70
     1
102
RTVSPost2010Prop49
280
     0
102
RTVSPost2010PropOp49
 70
     1
102
RTVSPost2010Prop50
 90
       50
102
RTVSPost2010PropOp50
 70
     1
102
RTVSPost2010Prop51ColorIndex
 90
      256
102
RTVSPost2010Prop51ColorRGB
 90
-16777216
102
RTVSPost2010PropOp51
 70
     0
102
RTVSPost2010Prop52
140
1.0
102
RTVSPost2010PropOp52
 70
     0
102
RTVSPost2010Prop53
 90
        0
102
RTVSPost2010PropOp53
 70
     1
102
RTVSPost2010Prop54
  1
strokes_ogs.tif
102
RTVSPost2010PropOp54
 70
     1
102
RTVSPost2010Prop55
280
     0
102
RTVSPost2010PropOp55
 70
     1
102
RTVSPost2010Prop56
140
1.0
102
RTVSPost2010PropOp56
 70
     1
102
RTVSPost2010Prop57
140
1.0
102
RTVSPost2010PropOp57
 70
     1
  0
XRECORD
  5
C17FE
102
{ACAD_REACTORS
330
C17FD
102
}
330
C17FD
100
AcDbXrecord
280
     1
102
RTVSPropertyOp0
 70
     0
102
RTVSPropertyOp1
 70
     0
102
RTVSPropertyOp2
 70
     0
102
RTVSPropertyOp3
 70
     0
102
RTVSPropertyOp4
 70
     0
102
RTVSPropertyOp5
 70
     0
102
RTVSPropertyOp6
 70
     0
102
RTVSPropertyOp7
 70
     0
102
RTVSPropertyOp8
 70
     0
102
RTVSPropertyOp9
 70
     0
102
RTVSPropertyOp10
 70
     0
102
RTVSPropertyOp11
 70
     0
102
RTVSPropertyOp12
 70
     0
102
RTVSPropertyOp13
 70
     0
102
RTVSPropertyOp14
 70
     2
102
RTVSPropertyOp15
 70
     0
102
RTVSPropertyOp16
 70
     0
102
RTVSPropertyOp17
 70
     0
102
RTVSPropertyOp18
 70
     0
102
RTVSPropertyOp19
 70
     0
102
RTVSPropertyOp20
 70
     0
102
RTVSPropertyOp21
 70
     0
102
RTVSPropertyOp22
 70
     0
102
RTVSPropertyOp23
 70
     0
102
RTVSPropertyOp24
 70
     0
102
RTVSPropertyOp25
 70
     0
102
RTVSPropertyOp26
 70
     0
102
RTVSPropertyOp27
 70
     0
102
RTVSPropertyOp28
 70
     1
102
RTVSPropertyOp29
 70
     1
102
RTVSPropertyOp30
 70
     1
102
RTVSPropertyOp31
 70
     1
102
RTVSPropertyOp32
 70
     1
102
RTVSPropertyOp33
 70
     1
102
RTVSPropertyOp34
 70
     1
102
RTVSPropertyOp35
 70
     1
102
RTVSPropertyOp36
 70
     1
102
RTVSPropertyOp37
 70
     1
102
RTVSPropertyOp38
 70
     1
102
RTVSPropertyOp39
 70
     1
102
RTVSPropertyOp40
 70
     1
102
RTVSPropertyOp41
 70
     1
102
RTVSPropertyOp42
 70
     1
102
RTVSPropertyOp43
 70
     1
102
RTVSPropertyOp44
 70
     1
102
RTVSPropertyOp45
 70
     1
102
RTVSPropertyOp46
 70
     1
102
RTVSPropertyOp47
 70
     1
102
RTVSPropertyOp48
 70
     1
102
RTVSPropertyOp49
 70
     1
102
RTVSPropertyOp50
 70
     1
102
RTVSPropertyOp51
 70
     0
102
RTVSPropertyOp52
 70
     0
102
RTVSPropertyOp53
 70
     1
102
RTVSPropertyOp54
 70
     1
102
RTVSPropertyOp55
 70
     1
102
RTVSPropertyOp56
 70
     1
102
RTVSPropertyOp57
 70
     1
102
RTVSPost2010Prop28
280
     0
102
RTVSPost2010PropOp28
 70
     1
102
RTVSPost2010Prop29
280
     1
102
RTVSPost2010PropOp29
 70
     1
102
RTVSPost2010Prop30
280
     1
102
RTVSPost2010PropOp30
 70
     1
102
RTVSPost2010Prop31
280
     0
102
RTVSPost2010PropOp31
 70
     1
102
RTVSPost2010Prop32
280
     0
102
RTVSPost2010PropOp32
 70
     1
102
RTVSPost2010Prop33
280
     0
102
RTVSPost2010PropOp33
 70
     1
102
RTVSPost2010Prop34
280
     0
102
RTVSPost2010PropOp34
 70
     1
102
RTVSPost2010Prop35
280
     0
102
RTVSPost2010PropOp35
 70
     1
102
RTVSPost2010Prop36
280
     0
102
RTVSPost2010PropOp36
 70
     1
102
RTVSPost2010Prop37
 90
       50
102
RTVSPost2010PropOp37
 70
     1
102
RTVSPost2010Prop38
140
0.0
102
RTVSPost2010PropOp38
 70
     1
102
RTVSPost2010Prop39
140
1.0
102
RTVSPost2010PropOp39
 70
     1
102
RTVSPost2010Prop40
 90
        0
102
RTVSPost2010PropOp40
 70
     1
102
RTVSPost2010Prop41ColorIndex
 90
       18
102
RTVSPost2010Prop41ColorRGB
 90
        0
102
RTVSPost2010PropOp41
 70
     1
102
RTVSPost2010Prop42
 90
       50
102
RTVSPost2010PropOp42
 70
     1
102
RTVSPost2010Prop43
 90
        3
102
RTVSPost2010PropOp43
 70
     1
102
RTVSPost2010Prop44ColorIndex
 90
        5
102
RTVSPost2010Prop44ColorRGB
 90
      255
102
RTVSPost2010PropOp44
 70
     1
102
RTVSPost2010Prop45
280
     0
102
RTVSPost2010PropOp45
 70
     1
102
RTVSPost2010Prop46
 90
       50
102
RTVSPost2010PropOp46
 70
     1
102
RTVSPost2010Prop47
 90
       50
102
RTVSPost2010PropOp47
 70
     1
102
RTVSPost2010Prop48
 90
       50
102
RTVSPost2010PropOp48
 70
     1
102
RTVSPost2010Prop49
280
     0
102
RTVSPost2010PropOp49
 70
     1
102
RTVSPost2010Prop50
 90
       50
102
RTVSPost2010PropOp50
 70
     1
102
RTVSPost2010Prop51ColorIndex
 90
      256
102
RTVSPost2010Prop51ColorRGB
 90
-16777216
102
RTVSPost2010PropOp51
 70
     0
102
RTVSPost2010Prop52
140
1.0
102
RTVSPost2010PropOp52
 70
     0
102
RTVSPost2010Prop53
 90
        0
102
RTVSPost2010PropOp53
 70
     1
102
RTVSPost2010Prop54
  1
strokes_ogs.tif
102
RTVSPost2010PropOp54
 70
     1
102
RTVSPost2010Prop55
280
     0
102
RTVSPost2010PropOp55
 70
     1
102
RTVSPost2010Prop56
140
1.0
102
RTVSPost2010PropOp56
 70
     1
102
RTVSPost2010Prop57
140
1.0
102
RTVSPost2010PropOp57
 70
     1
  0
XRECORD
  5
C1800
102
{ACAD_REACTORS
330
C17FF
102
}
330
C17FF
100
AcDbXrecord
280
     1
102
RTVSPropertyOp0
 70
     1
102
RTVSPropertyOp1
 70
     1
102
RTVSPropertyOp2
 70
     1
102
RTVSPropertyOp3
 70
     1
102
RTVSPropertyOp4
 70
     1
102
RTVSPropertyOp5
 70
     1
102
RTVSPropertyOp6
 70
     1
102
RTVSPropertyOp7
 70
     1
102
RTVSPropertyOp8
 70
     1
102
RTVSPropertyOp9
 70
     1
102
RTVSPropertyOp10
 70
     1
102
RTVSPropertyOp11
 70
     1
102
RTVSPropertyOp12
 70
     1
102
RTVSPropertyOp13
 70
     1
102
RTVSPropertyOp14
 70
     1
102
RTVSPropertyOp15
 70
     1
102
RTVSPropertyOp16
 70
     1
102
RTVSPropertyOp17
 70
     1
102
RTVSPropertyOp18
 70
     1
102
RTVSPropertyOp19
 70
     1
102
RTVSPropertyOp20
 70
     1
102
RTVSPropertyOp21
 70
     1
102
RTVSPropertyOp22
 70
     1
102
RTVSPropertyOp23
 70
     1
102
RTVSPropertyOp24
 70
     1
102
RTVSPropertyOp25
 70
     1
102
RTVSPropertyOp26
 70
     1
102
RTVSPropertyOp27
 70
     1
102
RTVSPropertyOp28
 70
     1
102
RTVSPropertyOp29
 70
     1
102
RTVSPropertyOp30
 70
     1
102
RTVSPropertyOp31
 70
     1
102
RTVSPropertyOp32
 70
     1
102
RTVSPropertyOp33
 70
     1
102
RTVSPropertyOp34
 70
     1
102
RTVSPropertyOp35
 70
     1
102
RTVSPropertyOp36
 70
     1
102
RTVSPropertyOp37
 70
     1
102
RTVSPropertyOp38
 70
     1
102
RTVSPropertyOp39
 70
     1
102
RTVSPropertyOp40
 70
     1
102
RTVSPropertyOp41
 70
     1
102
RTVSPropertyOp42
 70
     1
102
RTVSPropertyOp43
 70
     1
102
RTVSPropertyOp44
 70
     1
102
RTVSPropertyOp45
 70
     1
102
RTVSPropertyOp46
 70
     1
102
RTVSPropertyOp47
 70
     1
102
RTVSPropertyOp48
 70
     1
102
RTVSPropertyOp49
 70
     1
102
RTVSPropertyOp50
 70
     1
102
RTVSPropertyOp51
 70
     0
102
RTVSPropertyOp52
 70
     0
102
RTVSPropertyOp53
 70
     1
102
RTVSPropertyOp54
 70
     1
102
RTVSPropertyOp55
 70
     1
102
RTVSPropertyOp56
 70
     1
102
RTVSPropertyOp57
 70
     1
102
RTVSPost2010Prop28
280
     0
102
RTVSPost2010PropOp28
 70
     1
102
RTVSPost2010Prop29
280
     1
102
RTVSPost2010PropOp29
 70
     1
102
RTVSPost2010Prop30
280
     1
102
RTVSPost2010PropOp30
 70
     1
102
RTVSPost2010Prop31
280
     0
102
RTVSPost2010PropOp31
 70
     1
102
RTVSPost2010Prop32
280
     0
102
RTVSPost2010PropOp32
 70
     1
102
RTVSPost2010Prop33
280
     0
102
RTVSPost2010PropOp33
 70
     1
102
RTVSPost2010Prop34
280
     0
102
RTVSPost2010PropOp34
 70
     1
102
RTVSPost2010Prop35
280
     0
102
RTVSPost2010PropOp35
 70
     1
102
RTVSPost2010Prop36
280
     0
102
RTVSPost2010PropOp36
 70
     1
102
RTVSPost2010Prop37
 90
       50
102
RTVSPost2010PropOp37
 70
     1
102
RTVSPost2010Prop38
140
0.0
102
RTVSPost2010PropOp38
 70
     1
102
RTVSPost2010Prop39
140
1.0
102
RTVSPost2010PropOp39
 70
     1
102
RTVSPost2010Prop40
 90
        0
102
RTVSPost2010PropOp40
 70
     1
102
RTVSPost2010Prop41ColorIndex
 90
       18
102
RTVSPost2010Prop41ColorRGB
 90
        0
102
RTVSPost2010PropOp41
 70
     1
102
RTVSPost2010Prop42
 90
       50
102
RTVSPost2010PropOp42
 70
     1
102
RTVSPost2010Prop43
 90
        3
102
RTVSPost2010PropOp43
 70
     1
102
RTVSPost2010Prop44ColorIndex
 90
        5
102
RTVSPost2010Prop44ColorRGB
 90
      255
102
RTVSPost2010PropOp44
 70
     1
102
RTVSPost2010Prop45
280
     0
102
RTVSPost2010PropOp45
 70
     1
102
RTVSPost2010Prop46
 90
       50
102
RTVSPost2010PropOp46
 70
     1
102
RTVSPost2010Prop47
 90
       50
102
RTVSPost2010PropOp47
 70
     1
102
RTVSPost2010Prop48
 90
       50
102
RTVSPost2010PropOp48
 70
     1
102
RTVSPost2010Prop49
280
     0
102
RTVSPost2010PropOp49
 70
     1
102
RTVSPost2010Prop50
 90
       50
102
RTVSPost2010PropOp50
 70
     1
102
RTVSPost2010Prop51ColorIndex
 90
      256
102
RTVSPost2010Prop51ColorRGB
 90
-16777216
102
RTVSPost2010PropOp51
 70
     0
102
RTVSPost2010Prop52
140
1.0
102
RTVSPost2010PropOp52
 70
     0
102
RTVSPost2010Prop53
 90
        0
102
RTVSPost2010PropOp53
 70
     1
102
RTVSPost2010Prop54
  1
strokes_ogs.tif
102
RTVSPost2010PropOp54
 70
     1
102
RTVSPost2010Prop55
280
     0
102
RTVSPost2010PropOp55
 70
     1
102
RTVSPost2010Prop56
140
1.0
102
RTVSPost2010PropOp56
 70
     1
102
RTVSPost2010Prop57
140
1.0
102
RTVSPost2010PropOp57
 70
     1
  0
XRECORD
  5
C1802
102
{ACAD_REACTORS
330
C1801
102
}
330
C1801
100
AcDbXrecord
280
     1
102
RTVSPropertyOp0
 70
     1
102
RTVSPropertyOp1
 70
     1
102
RTVSPropertyOp2
 70
     1
102
RTVSPropertyOp3
 70
     1
102
RTVSPropertyOp4
 70
     1
102
RTVSPropertyOp5
 70
     1
102
RTVSPropertyOp6
 70
     1
102
RTVSPropertyOp7
 70
     1
102
RTVSPropertyOp8
 70
     1
102
RTVSPropertyOp9
 70
     1
102
RTVSPropertyOp10
 70
     1
102
RTVSPropertyOp11
 70
     1
102
RTVSPropertyOp12
 70
     1
102
RTVSPropertyOp13
 70
     1
102
RTVSPropertyOp14
 70
     1
102
RTVSPropertyOp15
 70
     1
102
RTVSPropertyOp16
 70
     1
102
RTVSPropertyOp17
 70
     1
102
RTVSPropertyOp18
 70
     1
102
RTVSPropertyOp19
 70
     1
102
RTVSPropertyOp20
 70
     1
102
RTVSPropertyOp21
 70
     1
102
RTVSPropertyOp22
 70
     1
102
RTVSPropertyOp23
 70
     1
102
RTVSPropertyOp24
 70
     1
102
RTVSPropertyOp25
 70
     1
102
RTVSPropertyOp26
 70
     1
102
RTVSPropertyOp27
 70
     1
102
RTVSPropertyOp28
 70
     1
102
RTVSPropertyOp29
 70
     1
102
RTVSPropertyOp30
 70
     1
102
RTVSPropertyOp31
 70
     1
102
RTVSPropertyOp32
 70
     1
102
RTVSPropertyOp33
 70
     1
102
RTVSPropertyOp34
 70
     1
102
RTVSPropertyOp35
 70
     1
102
RTVSPropertyOp36
 70
     1
102
RTVSPropertyOp37
 70
     1
102
RTVSPropertyOp38
 70
     1
102
RTVSPropertyOp39
 70
     1
102
RTVSPropertyOp40
 70
     1
102
RTVSPropertyOp41
 70
     1
102
RTVSPropertyOp42
 70
     1
102
RTVSPropertyOp43
 70
     1
102
RTVSPropertyOp44
 70
     1
102
RTVSPropertyOp45
 70
     1
102
RTVSPropertyOp46
 70
     1
102
RTVSPropertyOp47
 70
     1
102
RTVSPropertyOp48
 70
     1
102
RTVSPropertyOp49
 70
     1
102
RTVSPropertyOp50
 70
     1
102
RTVSPropertyOp51
 70
     0
102
RTVSPropertyOp52
 70
     0
102
RTVSPropertyOp53
 70
     1
102
RTVSPropertyOp54
 70
     1
102
RTVSPropertyOp55
 70
     1
102
RTVSPropertyOp56
 70
     1
102
RTVSPropertyOp57
 70
     1
102
RTVSPost2010Prop28
280
     0
102
RTVSPost2010PropOp28
 70
     1
102
RTVSPost2010Prop29
280
     1
102
RTVSPost2010PropOp29
 70
     1
102
RTVSPost2010Prop30
280
     1
102
RTVSPost2010PropOp30
 70
     1
102
RTVSPost2010Prop31
280
     0
102
RTVSPost2010PropOp31
 70
     1
102
RTVSPost2010Prop32
280
     0
102
RTVSPost2010PropOp32
 70
     1
102
RTVSPost2010Prop33
280
     0
102
RTVSPost2010PropOp33
 70
     1
102
RTVSPost2010Prop34
280
     0
102
RTVSPost2010PropOp34
 70
     1
102
RTVSPost2010Prop35
280
     0
102
RTVSPost2010PropOp35
 70
     1
102
RTVSPost2010Prop36
280
     0
102
RTVSPost2010PropOp36
 70
     1
102
RTVSPost2010Prop37
 90
       50
102
RTVSPost2010PropOp37
 70
     1
102
RTVSPost2010Prop38
140
0.0
102
RTVSPost2010PropOp38
 70
     1
102
RTVSPost2010Prop39
140
1.0
102
RTVSPost2010PropOp39
 70
     1
102
RTVSPost2010Prop40
 90
        0
102
RTVSPost2010PropOp40
 70
     1
102
RTVSPost2010Prop41ColorIndex
 90
       18
102
RTVSPost2010Prop41ColorRGB
 90
        0
102
RTVSPost2010PropOp41
 70
     1
102
RTVSPost2010Prop42
 90
       50
102
RTVSPost2010PropOp42
 70
     1
102
RTVSPost2010Prop43
 90
        3
102
RTVSPost2010PropOp43
 70
     1
102
RTVSPost2010Prop44ColorIndex
 90
        5
102
RTVSPost2010Prop44ColorRGB
 90
      255
102
RTVSPost2010PropOp44
 70
     1
102
RTVSPost2010Prop45
280
     0
102
RTVSPost2010PropOp45
 70
     1
102
RTVSPost2010Prop46
 90
       50
102
RTVSPost2010PropOp46
 70
     1
102
RTVSPost2010Prop47
 90
       50
102
RTVSPost2010PropOp47
 70
     1
102
RTVSPost2010Prop48
 90
       50
102
RTVSPost2010PropOp48
 70
     1
102
RTVSPost2010Prop49
280
     0
102
RTVSPost2010PropOp49
 70
     1
102
RTVSPost2010Prop50
 90
       50
102
RTVSPost2010PropOp50
 70
     1
102
RTVSPost2010Prop51ColorIndex
 90
      256
102
RTVSPost2010Prop51ColorRGB
 90
-16777216
102
RTVSPost2010PropOp51
 70
     0
102
RTVSPost2010Prop52
140
1.0
102
RTVSPost2010PropOp52
 70
     0
102
RTVSPost2010Prop53
 90
        0
102
RTVSPost2010PropOp53
 70
     1
102
RTVSPost2010Prop54
  1
strokes_ogs.tif
102
RTVSPost2010PropOp54
 70
     1
102
RTVSPost2010Prop55
280
     0
102
RTVSPost2010PropOp55
 70
     1
102
RTVSPost2010Prop56
140
1.0
102
RTVSPost2010PropOp56
 70
     1
102
RTVSPost2010Prop57
140
1.0
102
RTVSPost2010PropOp57
 70
     1
  0
XRECORD
  5
C1804
102
{ACAD_REACTORS
330
C1803
102
}
330
C1803
100
AcDbXrecord
280
     1
102
RTVSPropertyOp0
 70
     1
102
RTVSPropertyOp1
 70
     1
102
RTVSPropertyOp2
 70
     1
102
RTVSPropertyOp3
 70
     1
102
RTVSPropertyOp4
 70
     1
102
RTVSPropertyOp5
 70
     1
102
RTVSPropertyOp6
 70
     1
102
RTVSPropertyOp7
 70
     1
102
RTVSPropertyOp8
 70
     1
102
RTVSPropertyOp9
 70
     1
102
RTVSPropertyOp10
 70
     1
102
RTVSPropertyOp11
 70
     1
102
RTVSPropertyOp12
 70
     1
102
RTVSPropertyOp13
 70
     1
102
RTVSPropertyOp14
 70
     1
102
RTVSPropertyOp15
 70
     1
102
RTVSPropertyOp16
 70
     1
102
RTVSPropertyOp17
 70
     1
102
RTVSPropertyOp18
 70
     1
102
RTVSPropertyOp19
 70
     1
102
RTVSPropertyOp20
 70
     1
102
RTVSPropertyOp21
 70
     1
102
RTVSPropertyOp22
 70
     1
102
RTVSPropertyOp23
 70
     1
102
RTVSPropertyOp24
 70
     1
102
RTVSPropertyOp25
 70
     1
102
RTVSPropertyOp26
 70
     1
102
RTVSPropertyOp27
 70
     1
102
RTVSPropertyOp28
 70
     1
102
RTVSPropertyOp29
 70
     1
102
RTVSPropertyOp30
 70
     1
102
RTVSPropertyOp31
 70
     1
102
RTVSPropertyOp32
 70
     1
102
RTVSPropertyOp33
 70
     1
102
RTVSPropertyOp34
 70
     1
102
RTVSPropertyOp35
 70
     1
102
RTVSPropertyOp36
 70
     1
102
RTVSPropertyOp37
 70
     1
102
RTVSPropertyOp38
 70
     1
102
RTVSPropertyOp39
 70
     1
102
RTVSPropertyOp40
 70
     1
102
RTVSPropertyOp41
 70
     1
102
RTVSPropertyOp42
 70
     1
102
RTVSPropertyOp43
 70
     1
102
RTVSPropertyOp44
 70
     1
102
RTVSPropertyOp45
 70
     1
102
RTVSPropertyOp46
 70
     1
102
RTVSPropertyOp47
 70
     1
102
RTVSPropertyOp48
 70
     1
102
RTVSPropertyOp49
 70
     1
102
RTVSPropertyOp50
 70
     1
102
RTVSPropertyOp51
 70
     0
102
RTVSPropertyOp52
 70
     0
102
RTVSPropertyOp53
 70
     1
102
RTVSPropertyOp54
 70
     1
102
RTVSPropertyOp55
 70
     1
102
RTVSPropertyOp56
 70
     1
102
RTVSPropertyOp57
 70
     1
102
RTVSPost2010Prop28
280
     0
102
RTVSPost2010PropOp28
 70
     1
102
RTVSPost2010Prop29
280
     1
102
RTVSPost2010PropOp29
 70
     1
102
RTVSPost2010Prop30
280
     1
102
RTVSPost2010PropOp30
 70
     1
102
RTVSPost2010Prop31
280
     0
102
RTVSPost2010PropOp31
 70
     1
102
RTVSPost2010Prop32
280
     0
102
RTVSPost2010PropOp32
 70
     1
102
RTVSPost2010Prop33
280
     0
102
RTVSPost2010PropOp33
 70
     1
102
RTVSPost2010Prop34
280
     0
102
RTVSPost2010PropOp34
 70
     1
102
RTVSPost2010Prop35
280
     0
102
RTVSPost2010PropOp35
 70
     1
102
RTVSPost2010Prop36
280
     0
102
RTVSPost2010PropOp36
 70
     1
102
RTVSPost2010Prop37
 90
       50
102
RTVSPost2010PropOp37
 70
     1
102
RTVSPost2010Prop38
140
0.0
102
RTVSPost2010PropOp38
 70
     1
102
RTVSPost2010Prop39
140
1.0
102
RTVSPost2010PropOp39
 70
     1
102
RTVSPost2010Prop40
 90
        0
102
RTVSPost2010PropOp40
 70
     1
102
RTVSPost2010Prop41ColorIndex
 90
       18
102
RTVSPost2010Prop41ColorRGB
 90
        0
102
RTVSPost2010PropOp41
 70
     1
102
RTVSPost2010Prop42
 90
       50
102
RTVSPost2010PropOp42
 70
     1
102
RTVSPost2010Prop43
 90
        3
102
RTVSPost2010PropOp43
 70
     1
102
RTVSPost2010Prop44ColorIndex
 90
        5
102
RTVSPost2010Prop44ColorRGB
 90
      255
102
RTVSPost2010PropOp44
 70
     1
102
RTVSPost2010Prop45
280
     0
102
RTVSPost2010PropOp45
 70
     1
102
RTVSPost2010Prop46
 90
       50
102
RTVSPost2010PropOp46
 70
     1
102
RTVSPost2010Prop47
 90
       50
102
RTVSPost2010PropOp47
 70
     1
102
RTVSPost2010Prop48
 90
       50
102
RTVSPost2010PropOp48
 70
     1
102
RTVSPost2010Prop49
280
     0
102
RTVSPost2010PropOp49
 70
     1
102
RTVSPost2010Prop50
 90
       50
102
RTVSPost2010PropOp50
 70
     1
102
RTVSPost2010Prop51ColorIndex
 90
      256
102
RTVSPost2010Prop51ColorRGB
 90
-16777216
102
RTVSPost2010PropOp51
 70
     0
102
RTVSPost2010Prop52
140
1.0
102
RTVSPost2010PropOp52
 70
     0
102
RTVSPost2010Prop53
 90
        0
102
RTVSPost2010PropOp53
 70
     1
102
RTVSPost2010Prop54
  1
strokes_ogs.tif
102
RTVSPost2010PropOp54
 70
     1
102
RTVSPost2010Prop55
280
     0
102
RTVSPost2010PropOp55
 70
     1
102
RTVSPost2010Prop56
140
1.0
102
RTVSPost2010PropOp56
 70
     1
102
RTVSPost2010Prop57
140
1.0
102
RTVSPost2010PropOp57
 70
     1
  0
XRECORD
  5
C1806
102
{ACAD_REACTORS
330
C1805
102
}
330
C1805
100
AcDbXrecord
280
     1
102
RTVSPropertyOp0
 70
     1
102
RTVSPropertyOp1
 70
     1
102
RTVSPropertyOp2
 70
     1
102
RTVSPropertyOp3
 70
     1
102
RTVSPropertyOp4
 70
     1
102
RTVSPropertyOp5
 70
     1
102
RTVSPropertyOp6
 70
     1
102
RTVSPropertyOp7
 70
     1
102
RTVSPropertyOp8
 70
     1
102
RTVSPropertyOp9
 70
     1
102
RTVSPropertyOp10
 70
     1
102
RTVSPropertyOp11
 70
     1
102
RTVSPropertyOp12
 70
     1
102
RTVSPropertyOp13
 70
     1
102
RTVSPropertyOp14
 70
     1
102
RTVSPropertyOp15
 70
     1
102
RTVSPropertyOp16
 70
     1
102
RTVSPropertyOp17
 70
     1
102
RTVSPropertyOp18
 70
     1
102
RTVSPropertyOp19
 70
     1
102
RTVSPropertyOp20
 70
     1
102
RTVSPropertyOp21
 70
     1
102
RTVSPropertyOp22
 70
     1
102
RTVSPropertyOp23
 70
     1
102
RTVSPropertyOp24
 70
     1
102
RTVSPropertyOp25
 70
     1
102
RTVSPropertyOp26
 70
     1
102
RTVSPropertyOp27
 70
     1
102
RTVSPropertyOp28
 70
     1
102
RTVSPropertyOp29
 70
     1
102
RTVSPropertyOp30
 70
     1
102
RTVSPropertyOp31
 70
     1
102
RTVSPropertyOp32
 70
     1
102
RTVSPropertyOp33
 70
     1
102
RTVSPropertyOp34
 70
     1
102
RTVSPropertyOp35
 70
     1
102
RTVSPropertyOp36
 70
     1
102
RTVSPropertyOp37
 70
     1
102
RTVSPropertyOp38
 70
     1
102
RTVSPropertyOp39
 70
     1
102
RTVSPropertyOp40
 70
     1
102
RTVSPropertyOp41
 70
     1
102
RTVSPropertyOp42
 70
     1
102
RTVSPropertyOp43
 70
     1
102
RTVSPropertyOp44
 70
     1
102
RTVSPropertyOp45
 70
     1
102
RTVSPropertyOp46
 70
     1
102
RTVSPropertyOp47
 70
     1
102
RTVSPropertyOp48
 70
     1
102
RTVSPropertyOp49
 70
     1
102
RTVSPropertyOp50
 70
     1
102
RTVSPropertyOp51
 70
     0
102
RTVSPropertyOp52
 70
     0
102
RTVSPropertyOp53
 70
     1
102
RTVSPropertyOp54
 70
     1
102
RTVSPropertyOp55
 70
     1
102
RTVSPropertyOp56
 70
     1
102
RTVSPropertyOp57
 70
     1
102
RTVSPost2010Prop28
280
     0
102
RTVSPost2010PropOp28
 70
     1
102
RTVSPost2010Prop29
280
     1
102
RTVSPost2010PropOp29
 70
     1
102
RTVSPost2010Prop30
280
     1
102
RTVSPost2010PropOp30
 70
     1
102
RTVSPost2010Prop31
280
     0
102
RTVSPost2010PropOp31
 70
     1
102
RTVSPost2010Prop32
280
     0
102
RTVSPost2010PropOp32
 70
     1
102
RTVSPost2010Prop33
280
     0
102
RTVSPost2010PropOp33
 70
     1
102
RTVSPost2010Prop34
280
     0
102
RTVSPost2010PropOp34
 70
     1
102
RTVSPost2010Prop35
280
     0
102
RTVSPost2010PropOp35
 70
     1
102
RTVSPost2010Prop36
280
     0
102
RTVSPost2010PropOp36
 70
     1
102
RTVSPost2010Prop37
 90
       50
102
RTVSPost2010PropOp37
 70
     1
102
RTVSPost2010Prop38
140
0.0
102
RTVSPost2010PropOp38
 70
     1
102
RTVSPost2010Prop39
140
1.0
102
RTVSPost2010PropOp39
 70
     1
102
RTVSPost2010Prop40
 90
        0
102
RTVSPost2010PropOp40
 70
     1
102
RTVSPost2010Prop41ColorIndex
 90
       18
102
RTVSPost2010Prop41ColorRGB
 90
        0
102
RTVSPost2010PropOp41
 70
     1
102
RTVSPost2010Prop42
 90
       50
102
RTVSPost2010PropOp42
 70
     1
102
RTVSPost2010Prop43
 90
        3
102
RTVSPost2010PropOp43
 70
     1
102
RTVSPost2010Prop44ColorIndex
 90
        5
102
RTVSPost2010Prop44ColorRGB
 90
      255
102
RTVSPost2010PropOp44
 70
     1
102
RTVSPost2010Prop45
280
     0
102
RTVSPost2010PropOp45
 70
     1
102
RTVSPost2010Prop46
 90
       50
102
RTVSPost2010PropOp46
 70
     1
102
RTVSPost2010Prop47
 90
       50
102
RTVSPost2010PropOp47
 70
     1
102
RTVSPost2010Prop48
 90
       50
102
RTVSPost2010PropOp48
 70
     1
102
RTVSPost2010Prop49
280
     0
102
RTVSPost2010PropOp49
 70
     1
102
RTVSPost2010Prop50
 90
       50
102
RTVSPost2010PropOp50
 70
     1
102
RTVSPost2010Prop51ColorIndex
 90
      256
102
RTVSPost2010Prop51ColorRGB
 90
-16777216
102
RTVSPost2010PropOp51
 70
     0
102
RTVSPost2010Prop52
140
1.0
102
RTVSPost2010PropOp52
 70
     0
102
RTVSPost2010Prop53
 90
        0
102
RTVSPost2010PropOp53
 70
     1
102
RTVSPost2010Prop54
  1
strokes_ogs.tif
102
RTVSPost2010PropOp54
 70
     1
102
RTVSPost2010Prop55
280
     0
102
RTVSPost2010PropOp55
 70
     1
102
RTVSPost2010Prop56
140
1.0
102
RTVSPost2010PropOp56
 70
     1
102
RTVSPost2010Prop57
140
1.0
102
RTVSPost2010PropOp57
 70
     1
  0
XRECORD
  5
C1808
102
{ACAD_REACTORS
330
C1807
102
}
330
C1807
100
AcDbXrecord
280
     1
102
RTVSPropertyOp0
 70
     1
102
RTVSPropertyOp1
 70
     1
102
RTVSPropertyOp2
 70
     1
102
RTVSPropertyOp3
 70
     1
102
RTVSPropertyOp4
 70
     1
102
RTVSPropertyOp5
 70
     1
102
RTVSPropertyOp6
 70
     1
102
RTVSPropertyOp7
 70
     1
102
RTVSPropertyOp8
 70
     1
102
RTVSPropertyOp9
 70
     1
102
RTVSPropertyOp10
 70
     1
102
RTVSPropertyOp11
 70
     1
102
RTVSPropertyOp12
 70
     1
102
RTVSPropertyOp13
 70
     1
102
RTVSPropertyOp14
 70
     1
102
RTVSPropertyOp15
 70
     1
102
RTVSPropertyOp16
 70
     1
102
RTVSPropertyOp17
 70
     1
102
RTVSPropertyOp18
 70
     1
102
RTVSPropertyOp19
 70
     1
102
RTVSPropertyOp20
 70
     1
102
RTVSPropertyOp21
 70
     1
102
RTVSPropertyOp22
 70
     1
102
RTVSPropertyOp23
 70
     1
102
RTVSPropertyOp24
 70
     1
102
RTVSPropertyOp25
 70
     1
102
RTVSPropertyOp26
 70
     1
102
RTVSPropertyOp27
 70
     1
102
RTVSPropertyOp28
 70
     1
102
RTVSPropertyOp29
 70
     1
102
RTVSPropertyOp30
 70
     1
102
RTVSPropertyOp31
 70
     1
102
RTVSPropertyOp32
 70
     1
102
RTVSPropertyOp33
 70
     1
102
RTVSPropertyOp34
 70
     1
102
RTVSPropertyOp35
 70
     1
102
RTVSPropertyOp36
 70
     1
102
RTVSPropertyOp37
 70
     1
102
RTVSPropertyOp38
 70
     1
102
RTVSPropertyOp39
 70
     1
102
RTVSPropertyOp40
 70
     1
102
RTVSPropertyOp41
 70
     1
102
RTVSPropertyOp42
 70
     1
102
RTVSPropertyOp43
 70
     1
102
RTVSPropertyOp44
 70
     1
102
RTVSPropertyOp45
 70
     1
102
RTVSPropertyOp46
 70
     1
102
RTVSPropertyOp47
 70
     1
102
RTVSPropertyOp48
 70
     1
102
RTVSPropertyOp49
 70
     1
102
RTVSPropertyOp50
 70
     1
102
RTVSPropertyOp51
 70
     0
102
RTVSPropertyOp52
 70
     0
102
RTVSPropertyOp53
 70
     1
102
RTVSPropertyOp54
 70
     1
102
RTVSPropertyOp55
 70
     1
102
RTVSPropertyOp56
 70
     1
102
RTVSPropertyOp57
 70
     1
102
RTVSPost2010Prop28
280
     0
102
RTVSPost2010PropOp28
 70
     1
102
RTVSPost2010Prop29
280
     1
102
RTVSPost2010PropOp29
 70
     1
102
RTVSPost2010Prop30
280
     1
102
RTVSPost2010PropOp30
 70
     1
102
RTVSPost2010Prop31
280
     0
102
RTVSPost2010PropOp31
 70
     1
102
RTVSPost2010Prop32
280
     0
102
RTVSPost2010PropOp32
 70
     1
102
RTVSPost2010Prop33
280
     0
102
RTVSPost2010PropOp33
 70
     1
102
RTVSPost2010Prop34
280
     0
102
RTVSPost2010PropOp34
 70
     1
102
RTVSPost2010Prop35
280
     0
102
RTVSPost2010PropOp35
 70
     1
102
RTVSPost2010Prop36
280
     0
102
RTVSPost2010PropOp36
 70
     1
102
RTVSPost2010Prop37
 90
       50
102
RTVSPost2010PropOp37
 70
     1
102
RTVSPost2010Prop38
140
0.0
102
RTVSPost2010PropOp38
 70
     1
102
RTVSPost2010Prop39
140
1.0
102
RTVSPost2010PropOp39
 70
     1
102
RTVSPost2010Prop40
 90
        0
102
RTVSPost2010PropOp40
 70
     1
102
RTVSPost2010Prop41ColorIndex
 90
       18
102
RTVSPost2010Prop41ColorRGB
 90
        0
102
RTVSPost2010PropOp41
 70
     1
102
RTVSPost2010Prop42
 90
       50
102
RTVSPost2010PropOp42
 70
     1
102
RTVSPost2010Prop43
 90
        3
102
RTVSPost2010PropOp43
 70
     1
102
RTVSPost2010Prop44ColorIndex
 90
        5
102
RTVSPost2010Prop44ColorRGB
 90
      255
102
RTVSPost2010PropOp44
 70
     1
102
RTVSPost2010Prop45
280
     0
102
RTVSPost2010PropOp45
 70
     1
102
RTVSPost2010Prop46
 90
       50
102
RTVSPost2010PropOp46
 70
     1
102
RTVSPost2010Prop47
 90
       50
102
RTVSPost2010PropOp47
 70
     1
102
RTVSPost2010Prop48
 90
       50
102
RTVSPost2010PropOp48
 70
     1
102
RTVSPost2010Prop49
280
     0
102
RTVSPost2010PropOp49
 70
     1
102
RTVSPost2010Prop50
 90
       50
102
RTVSPost2010PropOp50
 70
     1
102
RTVSPost2010Prop51ColorIndex
 90
      256
102
RTVSPost2010Prop51ColorRGB
 90
-16777216
102
RTVSPost2010PropOp51
 70
     0
102
RTVSPost2010Prop52
140
1.0
102
RTVSPost2010PropOp52
 70
     0
102
RTVSPost2010Prop53
 90
        0
102
RTVSPost2010PropOp53
 70
     1
102
RTVSPost2010Prop54
  1
strokes_ogs.tif
102
RTVSPost2010PropOp54
 70
     1
102
RTVSPost2010Prop55
280
     0
102
RTVSPost2010PropOp55
 70
     1
102
RTVSPost2010Prop56
140
1.0
102
RTVSPost2010PropOp56
 70
     1
102
RTVSPost2010Prop57
140
1.0
102
RTVSPost2010PropOp57
 70
     1
  0
XRECORD
  5
C180A
102
{ACAD_REACTORS
330
C1809
102
}
330
C1809
100
AcDbXrecord
280
     1
102
RTVSPropertyOp0
 70
     1
102
RTVSPropertyOp1
 70
     1
102
RTVSPropertyOp2
 70
     1
102
RTVSPropertyOp3
 70
     1
102
RTVSPropertyOp4
 70
     1
102
RTVSPropertyOp5
 70
     1
102
RTVSPropertyOp6
 70
     1
102
RTVSPropertyOp7
 70
     1
102
RTVSPropertyOp8
 70
     1
102
RTVSPropertyOp9
 70
     1
102
RTVSPropertyOp10
 70
     1
102
RTVSPropertyOp11
 70
     1
102
RTVSPropertyOp12
 70
     1
102
RTVSPropertyOp13
 70
     1
102
RTVSPropertyOp14
 70
     1
102
RTVSPropertyOp15
 70
     1
102
RTVSPropertyOp16
 70
     1
102
RTVSPropertyOp17
 70
     1
102
RTVSPropertyOp18
 70
     1
102
RTVSPropertyOp19
 70
     1
102
RTVSPropertyOp20
 70
     1
102
RTVSPropertyOp21
 70
     1
102
RTVSPropertyOp22
 70
     1
102
RTVSPropertyOp23
 70
     1
102
RTVSPropertyOp24
 70
     1
102
RTVSPropertyOp25
 70
     1
102
RTVSPropertyOp26
 70
     1
102
RTVSPropertyOp27
 70
     1
102
RTVSPropertyOp28
 70
     1
102
RTVSPropertyOp29
 70
     1
102
RTVSPropertyOp30
 70
     1
102
RTVSPropertyOp31
 70
     1
102
RTVSPropertyOp32
 70
     1
102
RTVSPropertyOp33
 70
     1
102
RTVSPropertyOp34
 70
     1
102
RTVSPropertyOp35
 70
     1
102
RTVSPropertyOp36
 70
     1
102
RTVSPropertyOp37
 70
     1
102
RTVSPropertyOp38
 70
     1
102
RTVSPropertyOp39
 70
     1
102
RTVSPropertyOp40
 70
     1
102
RTVSPropertyOp41
 70
     1
102
RTVSPropertyOp42
 70
     1
102
RTVSPropertyOp43
 70
     1
102
RTVSPropertyOp44
 70
     1
102
RTVSPropertyOp45
 70
     1
102
RTVSPropertyOp46
 70
     1
102
RTVSPropertyOp47
 70
     1
102
RTVSPropertyOp48
 70
     1
102
RTVSPropertyOp49
 70
     1
102
RTVSPropertyOp50
 70
     1
102
RTVSPropertyOp51
 70
     0
102
RTVSPropertyOp52
 70
     0
102
RTVSPropertyOp53
 70
     1
102
RTVSPropertyOp54
 70
     1
102
RTVSPropertyOp55
 70
     1
102
RTVSPropertyOp56
 70
     1
102
RTVSPropertyOp57
 70
     1
102
RTVSPost2010Prop28
280
     0
102
RTVSPost2010PropOp28
 70
     1
102
RTVSPost2010Prop29
280
     1
102
RTVSPost2010PropOp29
 70
     1
102
RTVSPost2010Prop30
280
     1
102
RTVSPost2010PropOp30
 70
     1
102
RTVSPost2010Prop31
280
     0
102
RTVSPost2010PropOp31
 70
     1
102
RTVSPost2010Prop32
280
     0
102
RTVSPost2010PropOp32
 70
     1
102
RTVSPost2010Prop33
280
     0
102
RTVSPost2010PropOp33
 70
     1
102
RTVSPost2010Prop34
280
     0
102
RTVSPost2010PropOp34
 70
     1
102
RTVSPost2010Prop35
280
     0
102
RTVSPost2010PropOp35
 70
     1
102
RTVSPost2010Prop36
280
     0
102
RTVSPost2010PropOp36
 70
     1
102
RTVSPost2010Prop37
 90
       50
102
RTVSPost2010PropOp37
 70
     1
102
RTVSPost2010Prop38
140
0.0
102
RTVSPost2010PropOp38
 70
     1
102
RTVSPost2010Prop39
140
1.0
102
RTVSPost2010PropOp39
 70
     1
102
RTVSPost2010Prop40
 90
        0
102
RTVSPost2010PropOp40
 70
     1
102
RTVSPost2010Prop41ColorIndex
 90
       18
102
RTVSPost2010Prop41ColorRGB
 90
        0
102
RTVSPost2010PropOp41
 70
     1
102
RTVSPost2010Prop42
 90
       50
102
RTVSPost2010PropOp42
 70
     1
102
RTVSPost2010Prop43
 90
        3
102
RTVSPost2010PropOp43
 70
     1
102
RTVSPost2010Prop44ColorIndex
 90
        5
102
RTVSPost2010Prop44ColorRGB
 90
      255
102
RTVSPost2010PropOp44
 70
     1
102
RTVSPost2010Prop45
280
     0
102
RTVSPost2010PropOp45
 70
     1
102
RTVSPost2010Prop46
 90
       50
102
RTVSPost2010PropOp46
 70
     1
102
RTVSPost2010Prop47
 90
       50
102
RTVSPost2010PropOp47
 70
     1
102
RTVSPost2010Prop48
 90
       50
102
RTVSPost2010PropOp48
 70
     1
102
RTVSPost2010Prop49
280
     0
102
RTVSPost2010PropOp49
 70
     1
102
RTVSPost2010Prop50
 90
       50
102
RTVSPost2010PropOp50
 70
     1
102
RTVSPost2010Prop51ColorIndex
 90
      256
102
RTVSPost2010Prop51ColorRGB
 90
-16777216
102
RTVSPost2010PropOp51
 70
     0
102
RTVSPost2010Prop52
140
1.0
102
RTVSPost2010PropOp52
 70
     0
102
RTVSPost2010Prop53
 90
        0
102
RTVSPost2010PropOp53
 70
     1
102
RTVSPost2010Prop54
  1
strokes_ogs.tif
102
RTVSPost2010PropOp54
 70
     1
102
RTVSPost2010Prop55
280
     0
102
RTVSPost2010PropOp55
 70
     1
102
RTVSPost2010Prop56
140
1.0
102
RTVSPost2010PropOp56
 70
     1
102
RTVSPost2010Prop57
140
1.0
102
RTVSPost2010PropOp57
 70
     1
  0
XRECORD
  5
C180C
102
{ACAD_REACTORS
330
C180B
102
}
330
C180B
100
AcDbXrecord
280
     1
102
RTVSPropertyOp0
 70
     0
102
RTVSPropertyOp1
 70
     0
102
RTVSPropertyOp2
 70
     0
102
RTVSPropertyOp3
 70
     0
102
RTVSPropertyOp4
 70
     0
102
RTVSPropertyOp5
 70
     0
102
RTVSPropertyOp6
 70
     0
102
RTVSPropertyOp7
 70
     0
102
RTVSPropertyOp8
 70
     0
102
RTVSPropertyOp9
 70
     0
102
RTVSPropertyOp10
 70
     0
102
RTVSPropertyOp11
 70
     0
102
RTVSPropertyOp12
 70
     0
102
RTVSPropertyOp13
 70
     0
102
RTVSPropertyOp14
 70
     2
102
RTVSPropertyOp15
 70
     0
102
RTVSPropertyOp16
 70
     0
102
RTVSPropertyOp17
 70
     0
102
RTVSPropertyOp18
 70
     0
102
RTVSPropertyOp19
 70
     0
102
RTVSPropertyOp20
 70
     0
102
RTVSPropertyOp21
 70
     0
102
RTVSPropertyOp22
 70
     0
102
RTVSPropertyOp23
 70
     0
102
RTVSPropertyOp24
 70
     0
102
RTVSPropertyOp25
 70
     0
102
RTVSPropertyOp26
 70
     0
102
RTVSPropertyOp27
 70
     0
102
RTVSPropertyOp28
 70
     1
102
RTVSPropertyOp29
 70
     1
102
RTVSPropertyOp30
 70
     1
102
RTVSPropertyOp31
 70
     1
102
RTVSPropertyOp32
 70
     1
102
RTVSPropertyOp33
 70
     1
102
RTVSPropertyOp34
 70
     1
102
RTVSPropertyOp35
 70
     1
102
RTVSPropertyOp36
 70
     1
102
RTVSPropertyOp37
 70
     1
102
RTVSPropertyOp38
 70
     1
102
RTVSPropertyOp39
 70
     1
102
RTVSPropertyOp40
 70
     1
102
RTVSPropertyOp41
 70
     1
102
RTVSPropertyOp42
 70
     1
102
RTVSPropertyOp43
 70
     1
102
RTVSPropertyOp44
 70
     1
102
RTVSPropertyOp45
 70
     1
102
RTVSPropertyOp46
 70
     1
102
RTVSPropertyOp47
 70
     1
102
RTVSPropertyOp48
 70
     1
102
RTVSPropertyOp49
 70
     1
102
RTVSPropertyOp50
 70
     1
102
RTVSPropertyOp51
 70
     0
102
RTVSPropertyOp52
 70
     0
102
RTVSPropertyOp53
 70
     1
102
RTVSPropertyOp54
 70
     1
102
RTVSPropertyOp55
 70
     1
102
RTVSPropertyOp56
 70
     1
102
RTVSPropertyOp57
 70
     1
102
RTVSPost2010Prop28
280
     0
102
RTVSPost2010PropOp28
 70
     1
102
RTVSPost2010Prop29
280
     1
102
RTVSPost2010PropOp29
 70
     1
102
RTVSPost2010Prop30
280
     1
102
RTVSPost2010PropOp30
 70
     1
102
RTVSPost2010Prop31
280
     0
102
RTVSPost2010PropOp31
 70
     1
102
RTVSPost2010Prop32
280
     0
102
RTVSPost2010PropOp32
 70
     1
102
RTVSPost2010Prop33
280
     0
102
RTVSPost2010PropOp33
 70
     1
102
RTVSPost2010Prop34
280
     0
102
RTVSPost2010PropOp34
 70
     1
102
RTVSPost2010Prop35
280
     0
102
RTVSPost2010PropOp35
 70
     1
102
RTVSPost2010Prop36
280
     0
102
RTVSPost2010PropOp36
 70
     1
102
RTVSPost2010Prop37
 90
       50
102
RTVSPost2010PropOp37
 70
     1
102
RTVSPost2010Prop38
140
0.0
102
RTVSPost2010PropOp38
 70
     1
102
RTVSPost2010Prop39
140
1.0
102
RTVSPost2010PropOp39
 70
     1
102
RTVSPost2010Prop40
 90
        0
102
RTVSPost2010PropOp40
 70
     1
102
RTVSPost2010Prop41ColorIndex
 90
       18
102
RTVSPost2010Prop41ColorRGB
 90
        0
102
RTVSPost2010PropOp41
 70
     1
102
RTVSPost2010Prop42
 90
       50
102
RTVSPost2010PropOp42
 70
     1
102
RTVSPost2010Prop43
 90
        3
102
RTVSPost2010PropOp43
 70
     1
102
RTVSPost2010Prop44ColorIndex
 90
        5
102
RTVSPost2010Prop44ColorRGB
 90
      255
102
RTVSPost2010PropOp44
 70
     1
102
RTVSPost2010Prop45
280
     0
102
RTVSPost2010PropOp45
 70
     1
102
RTVSPost2010Prop46
 90
       50
102
RTVSPost2010PropOp46
 70
     1
102
RTVSPost2010Prop47
 90
       50
102
RTVSPost2010PropOp47
 70
     1
102
RTVSPost2010Prop48
 90
       50
102
RTVSPost2010PropOp48
 70
     1
102
RTVSPost2010Prop49
280
     0
102
RTVSPost2010PropOp49
 70
     1
102
RTVSPost2010Prop50
 90
       50
102
RTVSPost2010PropOp50
 70
     1
102
RTVSPost2010Prop51ColorIndex
 90
      256
102
RTVSPost2010Prop51ColorRGB
 90
-16777216
102
RTVSPost2010PropOp51
 70
     0
102
RTVSPost2010Prop52
140
1.0
102
RTVSPost2010PropOp52
 70
     0
102
RTVSPost2010Prop53
 90
        0
102
RTVSPost2010PropOp53
 70
     1
102
RTVSPost2010Prop54
  1
strokes_ogs.tif
102
RTVSPost2010PropOp54
 70
     1
102
RTVSPost2010Prop55
280
     0
102
RTVSPost2010PropOp55
 70
     1
102
RTVSPost2010Prop56
140
1.0
102
RTVSPost2010PropOp56
 70
     1
102
RTVSPost2010Prop57
140
1.0
102
RTVSPost2010PropOp57
 70
     1
  0
XRECORD
  5
C180E
102
{ACAD_REACTORS
330
C180D
102
}
330
C180D
100
AcDbXrecord
280
     1
102
RTVSPropertyOp0
 70
     1
102
RTVSPropertyOp1
 70
     1
102
RTVSPropertyOp2
 70
     1
102
RTVSPropertyOp3
 70
     1
102
RTVSPropertyOp4
 70
     1
102
RTVSPropertyOp5
 70
     1
102
RTVSPropertyOp6
 70
     1
102
RTVSPropertyOp7
 70
     1
102
RTVSPropertyOp8
 70
     1
102
RTVSPropertyOp9
 70
     1
102
RTVSPropertyOp10
 70
     1
102
RTVSPropertyOp11
 70
     1
102
RTVSPropertyOp12
 70
     1
102
RTVSPropertyOp13
 70
     1
102
RTVSPropertyOp14
 70
     1
102
RTVSPropertyOp15
 70
     1
102
RTVSPropertyOp16
 70
     1
102
RTVSPropertyOp17
 70
     1
102
RTVSPropertyOp18
 70
     1
102
RTVSPropertyOp19
 70
     1
102
RTVSPropertyOp20
 70
     1
102
RTVSPropertyOp21
 70
     1
102
RTVSPropertyOp22
 70
     1
102
RTVSPropertyOp23
 70
     1
102
RTVSPropertyOp24
 70
     1
102
RTVSPropertyOp25
 70
     1
102
RTVSPropertyOp26
 70
     1
102
RTVSPropertyOp27
 70
     1
102
RTVSPropertyOp28
 70
     1
102
RTVSPropertyOp29
 70
     1
102
RTVSPropertyOp30
 70
     1
102
RTVSPropertyOp31
 70
     1
102
RTVSPropertyOp32
 70
     1
102
RTVSPropertyOp33
 70
     1
102
RTVSPropertyOp34
 70
     1
102
RTVSPropertyOp35
 70
     1
102
RTVSPropertyOp36
 70
     1
102
RTVSPropertyOp37
 70
     1
102
RTVSPropertyOp38
 70
     1
102
RTVSPropertyOp39
 70
     1
102
RTVSPropertyOp40
 70
     1
102
RTVSPropertyOp41
 70
     1
102
RTVSPropertyOp42
 70
     1
102
RTVSPropertyOp43
 70
     1
102
RTVSPropertyOp44
 70
     1
102
RTVSPropertyOp45
 70
     1
102
RTVSPropertyOp46
 70
     1
102
RTVSPropertyOp47
 70
     1
102
RTVSPropertyOp48
 70
     1
102
RTVSPropertyOp49
 70
     1
102
RTVSPropertyOp50
 70
     1
102
RTVSPropertyOp51
 70
     0
102
RTVSPropertyOp52
 70
     0
102
RTVSPropertyOp53
 70
     1
102
RTVSPropertyOp54
 70
     1
102
RTVSPropertyOp55
 70
     1
102
RTVSPropertyOp56
 70
     1
102
RTVSPropertyOp57
 70
     1
102
RTVSPost2010Prop28
280
     0
102
RTVSPost2010PropOp28
 70
     1
102
RTVSPost2010Prop29
280
     1
102
RTVSPost2010PropOp29
 70
     1
102
RTVSPost2010Prop30
280
     1
102
RTVSPost2010PropOp30
 70
     1
102
RTVSPost2010Prop31
280
     0
102
RTVSPost2010PropOp31
 70
     1
102
RTVSPost2010Prop32
280
     0
102
RTVSPost2010PropOp32
 70
     1
102
RTVSPost2010Prop33
280
     0
102
RTVSPost2010PropOp33
 70
     1
102
RTVSPost2010Prop34
280
     0
102
RTVSPost2010PropOp34
 70
     1
102
RTVSPost2010Prop35
280
     0
102
RTVSPost2010PropOp35
 70
     1
102
RTVSPost2010Prop36
280
     0
102
RTVSPost2010PropOp36
 70
     1
102
RTVSPost2010Prop37
 90
       50
102
RTVSPost2010PropOp37
 70
     1
102
RTVSPost2010Prop38
140
0.0
102
RTVSPost2010PropOp38
 70
     1
102
RTVSPost2010Prop39
140
1.0
102
RTVSPost2010PropOp39
 70
     1
102
RTVSPost2010Prop40
 90
        0
102
RTVSPost2010PropOp40
 70
     1
102
RTVSPost2010Prop41ColorIndex
 90
       18
102
RTVSPost2010Prop41ColorRGB
 90
        0
102
RTVSPost2010PropOp41
 70
     1
102
RTVSPost2010Prop42
 90
       50
102
RTVSPost2010PropOp42
 70
     1
102
RTVSPost2010Prop43
 90
        3
102
RTVSPost2010PropOp43
 70
     1
102
RTVSPost2010Prop44ColorIndex
 90
        5
102
RTVSPost2010Prop44ColorRGB
 90
      255
102
RTVSPost2010PropOp44
 70
     1
102
RTVSPost2010Prop45
280
     0
102
RTVSPost2010PropOp45
 70
     1
102
RTVSPost2010Prop46
 90
       50
102
RTVSPost2010PropOp46
 70
     1
102
RTVSPost2010Prop47
 90
       50
102
RTVSPost2010PropOp47
 70
     1
102
RTVSPost2010Prop48
 90
       50
102
RTVSPost2010PropOp48
 70
     1
102
RTVSPost2010Prop49
280
     0
102
RTVSPost2010PropOp49
 70
     1
102
RTVSPost2010Prop50
 90
       50
102
RTVSPost2010PropOp50
 70
     1
102
RTVSPost2010Prop51ColorIndex
 90
      256
102
RTVSPost2010Prop51ColorRGB
 90
-16777216
102
RTVSPost2010PropOp51
 70
     0
102
RTVSPost2010Prop52
140
1.0
102
RTVSPost2010PropOp52
 70
     0
102
RTVSPost2010Prop53
 90
        0
102
RTVSPost2010PropOp53
 70
     1
102
RTVSPost2010Prop54
  1
strokes_ogs.tif
102
RTVSPost2010PropOp54
 70
     1
102
RTVSPost2010Prop55
280
     0
102
RTVSPost2010PropOp55
 70
     1
102
RTVSPost2010Prop56
140
1.0
102
RTVSPost2010PropOp56
 70
     1
102
RTVSPost2010Prop57
140
1.0
102
RTVSPost2010PropOp57
 70
     1
  0
XRECORD
  5
C1810
102
{ACAD_REACTORS
330
C180F
102
}
330
C180F
100
AcDbXrecord
280
     1
102
RTVSPropertyOp0
 70
     0
102
RTVSPropertyOp1
 70
     0
102
RTVSPropertyOp2
 70
     0
102
RTVSPropertyOp3
 70
     0
102
RTVSPropertyOp4
 70
     0
102
RTVSPropertyOp5
 70
     0
102
RTVSPropertyOp6
 70
     0
102
RTVSPropertyOp7
 70
     0
102
RTVSPropertyOp8
 70
     0
102
RTVSPropertyOp9
 70
     0
102
RTVSPropertyOp10
 70
     0
102
RTVSPropertyOp11
 70
     0
102
RTVSPropertyOp12
 70
     0
102
RTVSPropertyOp13
 70
     0
102
RTVSPropertyOp14
 70
     2
102
RTVSPropertyOp15
 70
     0
102
RTVSPropertyOp16
 70
     0
102
RTVSPropertyOp17
 70
     0
102
RTVSPropertyOp18
 70
     0
102
RTVSPropertyOp19
 70
     0
102
RTVSPropertyOp20
 70
     0
102
RTVSPropertyOp21
 70
     0
102
RTVSPropertyOp22
 70
     0
102
RTVSPropertyOp23
 70
     0
102
RTVSPropertyOp24
 70
     0
102
RTVSPropertyOp25
 70
     0
102
RTVSPropertyOp26
 70
     0
102
RTVSPropertyOp27
 70
     0
102
RTVSPropertyOp28
 70
     1
102
RTVSPropertyOp29
 70
     1
102
RTVSPropertyOp30
 70
     1
102
RTVSPropertyOp31
 70
     1
102
RTVSPropertyOp32
 70
     1
102
RTVSPropertyOp33
 70
     1
102
RTVSPropertyOp34
 70
     1
102
RTVSPropertyOp35
 70
     1
102
RTVSPropertyOp36
 70
     1
102
RTVSPropertyOp37
 70
     1
102
RTVSPropertyOp38
 70
     1
102
RTVSPropertyOp39
 70
     1
102
RTVSPropertyOp40
 70
     1
102
RTVSPropertyOp41
 70
     1
102
RTVSPropertyOp42
 70
     1
102
RTVSPropertyOp43
 70
     1
102
RTVSPropertyOp44
 70
     1
102
RTVSPropertyOp45
 70
     1
102
RTVSPropertyOp46
 70
     1
102
RTVSPropertyOp47
 70
     1
102
RTVSPropertyOp48
 70
     1
102
RTVSPropertyOp49
 70
     1
102
RTVSPropertyOp50
 70
     1
102
RTVSPropertyOp51
 70
     0
102
RTVSPropertyOp52
 70
     0
102
RTVSPropertyOp53
 70
     1
102
RTVSPropertyOp54
 70
     1
102
RTVSPropertyOp55
 70
     1
102
RTVSPropertyOp56
 70
     1
102
RTVSPropertyOp57
 70
     1
102
RTVSPost2010Prop28
280
     0
102
RTVSPost2010PropOp28
 70
     1
102
RTVSPost2010Prop29
280
     1
102
RTVSPost2010PropOp29
 70
     1
102
RTVSPost2010Prop30
280
     1
102
RTVSPost2010PropOp30
 70
     1
102
RTVSPost2010Prop31
280
     0
102
RTVSPost2010PropOp31
 70
     1
102
RTVSPost2010Prop32
280
     0
102
RTVSPost2010PropOp32
 70
     1
102
RTVSPost2010Prop33
280
     0
102
RTVSPost2010PropOp33
 70
     1
102
RTVSPost2010Prop34
280
     0
102
RTVSPost2010PropOp34
 70
     1
102
RTVSPost2010Prop35
280
     0
102
RTVSPost2010PropOp35
 70
     1
102
RTVSPost2010Prop36
280
     0
102
RTVSPost2010PropOp36
 70
     1
102
RTVSPost2010Prop37
 90
       50
102
RTVSPost2010PropOp37
 70
     1
102
RTVSPost2010Prop38
140
0.0
102
RTVSPost2010PropOp38
 70
     1
102
RTVSPost2010Prop39
140
1.0
102
RTVSPost2010PropOp39
 70
     1
102
RTVSPost2010Prop40
 90
        0
102
RTVSPost2010PropOp40
 70
     1
102
RTVSPost2010Prop41ColorIndex
 90
       18
102
RTVSPost2010Prop41ColorRGB
 90
        0
102
RTVSPost2010PropOp41
 70
     1
102
RTVSPost2010Prop42
 90
       50
102
RTVSPost2010PropOp42
 70
     1
102
RTVSPost2010Prop43
 90
        3
102
RTVSPost2010PropOp43
 70
     1
102
RTVSPost2010Prop44ColorIndex
 90
        5
102
RTVSPost2010Prop44ColorRGB
 90
      255
102
RTVSPost2010PropOp44
 70
     1
102
RTVSPost2010Prop45
280
     0
102
RTVSPost2010PropOp45
 70
     1
102
RTVSPost2010Prop46
 90
       50
102
RTVSPost2010PropOp46
 70
     1
102
RTVSPost2010Prop47
 90
       50
102
RTVSPost2010PropOp47
 70
     1
102
RTVSPost2010Prop48
 90
       50
102
RTVSPost2010PropOp48
 70
     1
102
RTVSPost2010Prop49
280
     0
102
RTVSPost2010PropOp49
 70
     1
102
RTVSPost2010Prop50
 90
       50
102
RTVSPost2010PropOp50
 70
     1
102
RTVSPost2010Prop51ColorIndex
 90
      256
102
RTVSPost2010Prop51ColorRGB
 90
-16777216
102
RTVSPost2010PropOp51
 70
     0
102
RTVSPost2010Prop52
140
1.0
102
RTVSPost2010PropOp52
 70
     0
102
RTVSPost2010Prop53
 90
        0
102
RTVSPost2010PropOp53
 70
     1
102
RTVSPost2010Prop54
  1
strokes_ogs.tif
102
RTVSPost2010PropOp54
 70
     1
102
RTVSPost2010Prop55
280
     0
102
RTVSPost2010PropOp55
 70
     1
102
RTVSPost2010Prop56
140
1.0
102
RTVSPost2010PropOp56
 70
     1
102
RTVSPost2010Prop57
140
1.0
102
RTVSPost2010PropOp57
 70
     1
  0
XRECORD
  5
C1812
102
{ACAD_REACTORS
330
C1811
102
}
330
C1811
100
AcDbXrecord
280
     1
102
RTVSPropertyOp0
 70
     1
102
RTVSPropertyOp1
 70
     1
102
RTVSPropertyOp2
 70
     1
102
RTVSPropertyOp3
 70
     1
102
RTVSPropertyOp4
 70
     1
102
RTVSPropertyOp5
 70
     1
102
RTVSPropertyOp6
 70
     1
102
RTVSPropertyOp7
 70
     1
102
RTVSPropertyOp8
 70
     1
102
RTVSPropertyOp9
 70
     1
102
RTVSPropertyOp10
 70
     1
102
RTVSPropertyOp11
 70
     1
102
RTVSPropertyOp12
 70
     1
102
RTVSPropertyOp13
 70
     1
102
RTVSPropertyOp14
 70
     1
102
RTVSPropertyOp15
 70
     1
102
RTVSPropertyOp16
 70
     1
102
RTVSPropertyOp17
 70
     1
102
RTVSPropertyOp18
 70
     1
102
RTVSPropertyOp19
 70
     1
102
RTVSPropertyOp20
 70
     1
102
RTVSPropertyOp21
 70
     1
102
RTVSPropertyOp22
 70
     1
102
RTVSPropertyOp23
 70
     1
102
RTVSPropertyOp24
 70
     1
102
RTVSPropertyOp25
 70
     1
102
RTVSPropertyOp26
 70
     1
102
RTVSPropertyOp27
 70
     1
102
RTVSPropertyOp28
 70
     1
102
RTVSPropertyOp29
 70
     1
102
RTVSPropertyOp30
 70
     1
102
RTVSPropertyOp31
 70
     1
102
RTVSPropertyOp32
 70
     1
102
RTVSPropertyOp33
 70
     1
102
RTVSPropertyOp34
 70
     1
102
RTVSPropertyOp35
 70
     1
102
RTVSPropertyOp36
 70
     1
102
RTVSPropertyOp37
 70
     1
102
RTVSPropertyOp38
 70
     1
102
RTVSPropertyOp39
 70
     1
102
RTVSPropertyOp40
 70
     1
102
RTVSPropertyOp41
 70
     1
102
RTVSPropertyOp42
 70
     1
102
RTVSPropertyOp43
 70
     1
102
RTVSPropertyOp44
 70
     1
102
RTVSPropertyOp45
 70
     1
102
RTVSPropertyOp46
 70
     1
102
RTVSPropertyOp47
 70
     1
102
RTVSPropertyOp48
 70
     1
102
RTVSPropertyOp49
 70
     1
102
RTVSPropertyOp50
 70
     1
102
RTVSPropertyOp51
 70
     0
102
RTVSPropertyOp52
 70
     0
102
RTVSPropertyOp53
 70
     1
102
RTVSPropertyOp54
 70
     1
102
RTVSPropertyOp55
 70
     1
102
RTVSPropertyOp56
 70
     1
102
RTVSPropertyOp57
 70
     1
102
RTVSPost2010Prop28
280
     0
102
RTVSPost2010PropOp28
 70
     1
102
RTVSPost2010Prop29
280
     1
102
RTVSPost2010PropOp29
 70
     1
102
RTVSPost2010Prop30
280
     1
102
RTVSPost2010PropOp30
 70
     1
102
RTVSPost2010Prop31
280
     0
102
RTVSPost2010PropOp31
 70
     1
102
RTVSPost2010Prop32
280
     0
102
RTVSPost2010PropOp32
 70
     1
102
RTVSPost2010Prop33
280
     0
102
RTVSPost2010PropOp33
 70
     1
102
RTVSPost2010Prop34
280
     0
102
RTVSPost2010PropOp34
 70
     1
102
RTVSPost2010Prop35
280
     0
102
RTVSPost2010PropOp35
 70
     1
102
RTVSPost2010Prop36
280
     0
102
RTVSPost2010PropOp36
 70
     1
102
RTVSPost2010Prop37
 90
       50
102
RTVSPost2010PropOp37
 70
     1
102
RTVSPost2010Prop38
140
0.0
102
RTVSPost2010PropOp38
 70
     1
102
RTVSPost2010Prop39
140
1.0
102
RTVSPost2010PropOp39
 70
     1
102
RTVSPost2010Prop40
 90
        0
102
RTVSPost2010PropOp40
 70
     1
102
RTVSPost2010Prop41ColorIndex
 90
       18
102
RTVSPost2010Prop41ColorRGB
 90
        0
102
RTVSPost2010PropOp41
 70
     1
102
RTVSPost2010Prop42
 90
       50
102
RTVSPost2010PropOp42
 70
     1
102
RTVSPost2010Prop43
 90
        3
102
RTVSPost2010PropOp43
 70
     1
102
RTVSPost2010Prop44ColorIndex
 90
        5
102
RTVSPost2010Prop44ColorRGB
 90
      255
102
RTVSPost2010PropOp44
 70
     1
102
RTVSPost2010Prop45
280
     0
102
RTVSPost2010PropOp45
 70
     1
102
RTVSPost2010Prop46
 90
       50
102
RTVSPost2010PropOp46
 70
     1
102
RTVSPost2010Prop47
 90
       50
102
RTVSPost2010PropOp47
 70
     1
102
RTVSPost2010Prop48
 90
       50
102
RTVSPost2010PropOp48
 70
     1
102
RTVSPost2010Prop49
280
     0
102
RTVSPost2010PropOp49
 70
     1
102
RTVSPost2010Prop50
 90
       50
102
RTVSPost2010PropOp50
 70
     1
102
RTVSPost2010Prop51ColorIndex
 90
      256
102
RTVSPost2010Prop51ColorRGB
 90
-16777216
102
RTVSPost2010PropOp51
 70
     0
102
RTVSPost2010Prop52
140
1.0
102
RTVSPost2010PropOp52
 70
     0
102
RTVSPost2010Prop53
 90
        0
102
RTVSPost2010PropOp53
 70
     1
102
RTVSPost2010Prop54
  1
strokes_ogs.tif
102
RTVSPost2010PropOp54
 70
     1
102
RTVSPost2010Prop55
280
     0
102
RTVSPost2010PropOp55
 70
     1
102
RTVSPost2010Prop56
140
1.0
102
RTVSPost2010PropOp56
 70
     1
102
RTVSPost2010Prop57
140
1.0
102
RTVSPost2010PropOp57
 70
     1
  0
XRECORD
  5
C1814
102
{ACAD_REACTORS
330
C1813
102
}
330
C1813
100
AcDbXrecord
280
     1
102
RTVSPropertyOp0
 70
     1
102
RTVSPropertyOp1
 70
     1
102
RTVSPropertyOp2
 70
     1
102
RTVSPropertyOp3
 70
     1
102
RTVSPropertyOp4
 70
     1
102
RTVSPropertyOp5
 70
     1
102
RTVSPropertyOp6
 70
     1
102
RTVSPropertyOp7
 70
     1
102
RTVSPropertyOp8
 70
     1
102
RTVSPropertyOp9
 70
     1
102
RTVSPropertyOp10
 70
     1
102
RTVSPropertyOp11
 70
     1
102
RTVSPropertyOp12
 70
     1
102
RTVSPropertyOp13
 70
     1
102
RTVSPropertyOp14
 70
     1
102
RTVSPropertyOp15
 70
     1
102
RTVSPropertyOp16
 70
     1
102
RTVSPropertyOp17
 70
     1
102
RTVSPropertyOp18
 70
     1
102
RTVSPropertyOp19
 70
     1
102
RTVSPropertyOp20
 70
     1
102
RTVSPropertyOp21
 70
     1
102
RTVSPropertyOp22
 70
     1
102
RTVSPropertyOp23
 70
     1
102
RTVSPropertyOp24
 70
     1
102
RTVSPropertyOp25
 70
     1
102
RTVSPropertyOp26
 70
     1
102
RTVSPropertyOp27
 70
     1
102
RTVSPropertyOp28
 70
     1
102
RTVSPropertyOp29
 70
     1
102
RTVSPropertyOp30
 70
     1
102
RTVSPropertyOp31
 70
     1
102
RTVSPropertyOp32
 70
     1
102
RTVSPropertyOp33
 70
     1
102
RTVSPropertyOp34
 70
     1
102
RTVSPropertyOp35
 70
     1
102
RTVSPropertyOp36
 70
     1
102
RTVSPropertyOp37
 70
     1
102
RTVSPropertyOp38
 70
     1
102
RTVSPropertyOp39
 70
     1
102
RTVSPropertyOp40
 70
     1
102
RTVSPropertyOp41
 70
     1
102
RTVSPropertyOp42
 70
     1
102
RTVSPropertyOp43
 70
     1
102
RTVSPropertyOp44
 70
     1
102
RTVSPropertyOp45
 70
     1
102
RTVSPropertyOp46
 70
     1
102
RTVSPropertyOp47
 70
     1
102
RTVSPropertyOp48
 70
     1
102
RTVSPropertyOp49
 70
     1
102
RTVSPropertyOp50
 70
     1
102
RTVSPropertyOp51
 70
     0
102
RTVSPropertyOp52
 70
     0
102
RTVSPropertyOp53
 70
     1
102
RTVSPropertyOp54
 70
     1
102
RTVSPropertyOp55
 70
     1
102
RTVSPropertyOp56
 70
     1
102
RTVSPropertyOp57
 70
     1
102
RTVSPost2010Prop28
280
     0
102
RTVSPost2010PropOp28
 70
     1
102
RTVSPost2010Prop29
280
     1
102
RTVSPost2010PropOp29
 70
     1
102
RTVSPost2010Prop30
280
     1
102
RTVSPost2010PropOp30
 70
     1
102
RTVSPost2010Prop31
280
     0
102
RTVSPost2010PropOp31
 70
     1
102
RTVSPost2010Prop32
280
     0
102
RTVSPost2010PropOp32
 70
     1
102
RTVSPost2010Prop33
280
     0
102
RTVSPost2010PropOp33
 70
     1
102
RTVSPost2010Prop34
280
     0
102
RTVSPost2010PropOp34
 70
     1
102
RTVSPost2010Prop35
280
     0
102
RTVSPost2010PropOp35
 70
     1
102
RTVSPost2010Prop36
280
     0
102
RTVSPost2010PropOp36
 70
     1
102
RTVSPost2010Prop37
 90
       50
102
RTVSPost2010PropOp37
 70
     1
102
RTVSPost2010Prop38
140
0.0
102
RTVSPost2010PropOp38
 70
     1
102
RTVSPost2010Prop39
140
1.0
102
RTVSPost2010PropOp39
 70
     1
102
RTVSPost2010Prop40
 90
        0
102
RTVSPost2010PropOp40
 70
     1
102
RTVSPost2010Prop41ColorIndex
 90
       18
102
RTVSPost2010Prop41ColorRGB
 90
        0
102
RTVSPost2010PropOp41
 70
     1
102
RTVSPost2010Prop42
 90
       50
102
RTVSPost2010PropOp42
 70
     1
102
RTVSPost2010Prop43
 90
        3
102
RTVSPost2010PropOp43
 70
     1
102
RTVSPost2010Prop44ColorIndex
 90
        5
102
RTVSPost2010Prop44ColorRGB
 90
      255
102
RTVSPost2010PropOp44
 70
     1
102
RTVSPost2010Prop45
280
     0
102
RTVSPost2010PropOp45
 70
     1
102
RTVSPost2010Prop46
 90
       50
102
RTVSPost2010PropOp46
 70
     1
102
RTVSPost2010Prop47
 90
       50
102
RTVSPost2010PropOp47
 70
     1
102
RTVSPost2010Prop48
 90
       50
102
RTVSPost2010PropOp48
 70
     1
102
RTVSPost2010Prop49
280
     0
102
RTVSPost2010PropOp49
 70
     1
102
RTVSPost2010Prop50
 90
       50
102
RTVSPost2010PropOp50
 70
     1
102
RTVSPost2010Prop51ColorIndex
 90
      256
102
RTVSPost2010Prop51ColorRGB
 90
-16777216
102
RTVSPost2010PropOp51
 70
     0
102
RTVSPost2010Prop52
140
1.0
102
RTVSPost2010PropOp52
 70
     0
102
RTVSPost2010Prop53
 90
        0
102
RTVSPost2010PropOp53
 70
     1
102
RTVSPost2010Prop54
  1
strokes_ogs.tif
102
RTVSPost2010PropOp54
 70
     1
102
RTVSPost2010Prop55
280
     0
102
RTVSPost2010PropOp55
 70
     1
102
RTVSPost2010Prop56
140
1.0
102
RTVSPost2010PropOp56
 70
     1
102
RTVSPost2010Prop57
140
1.0
102
RTVSPost2010PropOp57
 70
     1
  0
XRECORD
  5
C1816
102
{ACAD_REACTORS
330
C1815
102
}
330
C1815
100
AcDbXrecord
280
     1
102
RTVSPropertyOp0
 70
     1
102
RTVSPropertyOp1
 70
     1
102
RTVSPropertyOp2
 70
     1
102
RTVSPropertyOp3
 70
     1
102
RTVSPropertyOp4
 70
     1
102
RTVSPropertyOp5
 70
     1
102
RTVSPropertyOp6
 70
     1
102
RTVSPropertyOp7
 70
     1
102
RTVSPropertyOp8
 70
     1
102
RTVSPropertyOp9
 70
     1
102
RTVSPropertyOp10
 70
     1
102
RTVSPropertyOp11
 70
     1
102
RTVSPropertyOp12
 70
     1
102
RTVSPropertyOp13
 70
     1
102
RTVSPropertyOp14
 70
     1
102
RTVSPropertyOp15
 70
     1
102
RTVSPropertyOp16
 70
     1
102
RTVSPropertyOp17
 70
     1
102
RTVSPropertyOp18
 70
     1
102
RTVSPropertyOp19
 70
     1
102
RTVSPropertyOp20
 70
     1
102
RTVSPropertyOp21
 70
     1
102
RTVSPropertyOp22
 70
     1
102
RTVSPropertyOp23
 70
     1
102
RTVSPropertyOp24
 70
     1
102
RTVSPropertyOp25
 70
     1
102
RTVSPropertyOp26
 70
     1
102
RTVSPropertyOp27
 70
     1
102
RTVSPropertyOp28
 70
     1
102
RTVSPropertyOp29
 70
     1
102
RTVSPropertyOp30
 70
     1
102
RTVSPropertyOp31
 70
     1
102
RTVSPropertyOp32
 70
     1
102
RTVSPropertyOp33
 70
     1
102
RTVSPropertyOp34
 70
     1
102
RTVSPropertyOp35
 70
     1
102
RTVSPropertyOp36
 70
     1
102
RTVSPropertyOp37
 70
     1
102
RTVSPropertyOp38
 70
     1
102
RTVSPropertyOp39
 70
     1
102
RTVSPropertyOp40
 70
     1
102
RTVSPropertyOp41
 70
     1
102
RTVSPropertyOp42
 70
     1
102
RTVSPropertyOp43
 70
     1
102
RTVSPropertyOp44
 70
     1
102
RTVSPropertyOp45
 70
     1
102
RTVSPropertyOp46
 70
     1
102
RTVSPropertyOp47
 70
     1
102
RTVSPropertyOp48
 70
     1
102
RTVSPropertyOp49
 70
     1
102
RTVSPropertyOp50
 70
     1
102
RTVSPropertyOp51
 70
     0
102
RTVSPropertyOp52
 70
     0
102
RTVSPropertyOp53
 70
     1
102
RTVSPropertyOp54
 70
     1
102
RTVSPropertyOp55
 70
     1
102
RTVSPropertyOp56
 70
     1
102
RTVSPropertyOp57
 70
     1
102
RTVSPost2010Prop28
280
     0
102
RTVSPost2010PropOp28
 70
     1
102
RTVSPost2010Prop29
280
     1
102
RTVSPost2010PropOp29
 70
     1
102
RTVSPost2010Prop30
280
     1
102
RTVSPost2010PropOp30
 70
     1
102
RTVSPost2010Prop31
280
     0
102
RTVSPost2010PropOp31
 70
     1
102
RTVSPost2010Prop32
280
     0
102
RTVSPost2010PropOp32
 70
     1
102
RTVSPost2010Prop33
280
     0
102
RTVSPost2010PropOp33
 70
     1
102
RTVSPost2010Prop34
280
     0
102
RTVSPost2010PropOp34
 70
     1
102
RTVSPost2010Prop35
280
     0
102
RTVSPost2010PropOp35
 70
     1
102
RTVSPost2010Prop36
280
     0
102
RTVSPost2010PropOp36
 70
     1
102
RTVSPost2010Prop37
 90
       50
102
RTVSPost2010PropOp37
 70
     1
102
RTVSPost2010Prop38
140
0.0
102
RTVSPost2010PropOp38
 70
     1
102
RTVSPost2010Prop39
140
1.0
102
RTVSPost2010PropOp39
 70
     1
102
RTVSPost2010Prop40
 90
        0
102
RTVSPost2010PropOp40
 70
     1
102
RTVSPost2010Prop41ColorIndex
 90
       18
102
RTVSPost2010Prop41ColorRGB
 90
        0
102
RTVSPost2010PropOp41
 70
     1
102
RTVSPost2010Prop42
 90
       50
102
RTVSPost2010PropOp42
 70
     1
102
RTVSPost2010Prop43
 90
        3
102
RTVSPost2010PropOp43
 70
     1
102
RTVSPost2010Prop44ColorIndex
 90
        5
102
RTVSPost2010Prop44ColorRGB
 90
      255
102
RTVSPost2010PropOp44
 70
     1
102
RTVSPost2010Prop45
280
     0
102
RTVSPost2010PropOp45
 70
     1
102
RTVSPost2010Prop46
 90
       50
102
RTVSPost2010PropOp46
 70
     1
102
RTVSPost2010Prop47
 90
       50
102
RTVSPost2010PropOp47
 70
     1
102
RTVSPost2010Prop48
 90
       50
102
RTVSPost2010PropOp48
 70
     1
102
RTVSPost2010Prop49
280
     0
102
RTVSPost2010PropOp49
 70
     1
102
RTVSPost2010Prop50
 90
       50
102
RTVSPost2010PropOp50
 70
     1
102
RTVSPost2010Prop51ColorIndex
 90
      256
102
RTVSPost2010Prop51ColorRGB
 90
-16777216
102
RTVSPost2010PropOp51
 70
     0
102
RTVSPost2010Prop52
140
1.0
102
RTVSPost2010PropOp52
 70
     0
102
RTVSPost2010Prop53
 90
        0
102
RTVSPost2010PropOp53
 70
     1
102
RTVSPost2010Prop54
  1
strokes_ogs.tif
102
RTVSPost2010PropOp54
 70
     1
102
RTVSPost2010Prop55
280
     0
102
RTVSPost2010PropOp55
 70
     1
102
RTVSPost2010Prop56
140
1.0
102
RTVSPost2010PropOp56
 70
     1
102
RTVSPost2010Prop57
140
1.0
102
RTVSPost2010PropOp57
 70
     1
  0
XRECORD
  5
C1818
102
{ACAD_REACTORS
330
C1817
102
}
330
C1817
100
AcDbXrecord
280
     1
102
RTVSPropertyOp0
 70
     1
102
RTVSPropertyOp1
 70
     1
102
RTVSPropertyOp2
 70
     1
102
RTVSPropertyOp3
 70
     1
102
RTVSPropertyOp4
 70
     1
102
RTVSPropertyOp5
 70
     1
102
RTVSPropertyOp6
 70
     1
102
RTVSPropertyOp7
 70
     1
102
RTVSPropertyOp8
 70
     1
102
RTVSPropertyOp9
 70
     1
102
RTVSPropertyOp10
 70
     1
102
RTVSPropertyOp11
 70
     1
102
RTVSPropertyOp12
 70
     1
102
RTVSPropertyOp13
 70
     1
102
RTVSPropertyOp14
 70
     1
102
RTVSPropertyOp15
 70
     1
102
RTVSPropertyOp16
 70
     1
102
RTVSPropertyOp17
 70
     1
102
RTVSPropertyOp18
 70
     1
102
RTVSPropertyOp19
 70
     1
102
RTVSPropertyOp20
 70
     1
102
RTVSPropertyOp21
 70
     1
102
RTVSPropertyOp22
 70
     1
102
RTVSPropertyOp23
 70
     1
102
RTVSPropertyOp24
 70
     1
102
RTVSPropertyOp25
 70
     1
102
RTVSPropertyOp26
 70
     1
102
RTVSPropertyOp27
 70
     1
102
RTVSPropertyOp28
 70
     1
102
RTVSPropertyOp29
 70
     1
102
RTVSPropertyOp30
 70
     1
102
RTVSPropertyOp31
 70
     1
102
RTVSPropertyOp32
 70
     1
102
RTVSPropertyOp33
 70
     1
102
RTVSPropertyOp34
 70
     1
102
RTVSPropertyOp35
 70
     1
102
RTVSPropertyOp36
 70
     1
102
RTVSPropertyOp37
 70
     1
102
RTVSPropertyOp38
 70
     1
102
RTVSPropertyOp39
 70
     1
102
RTVSPropertyOp40
 70
     1
102
RTVSPropertyOp41
 70
     1
102
RTVSPropertyOp42
 70
     1
102
RTVSPropertyOp43
 70
     1
102
RTVSPropertyOp44
 70
     1
102
RTVSPropertyOp45
 70
     1
102
RTVSPropertyOp46
 70
     1
102
RTVSPropertyOp47
 70
     1
102
RTVSPropertyOp48
 70
     1
102
RTVSPropertyOp49
 70
     1
102
RTVSPropertyOp50
 70
     1
102
RTVSPropertyOp51
 70
     0
102
RTVSPropertyOp52
 70
     0
102
RTVSPropertyOp53
 70
     1
102
RTVSPropertyOp54
 70
     1
102
RTVSPropertyOp55
 70
     1
102
RTVSPropertyOp56
 70
     1
102
RTVSPropertyOp57
 70
     1
102
RTVSPost2010Prop28
280
     0
102
RTVSPost2010PropOp28
 70
     1
102
RTVSPost2010Prop29
280
     1
102
RTVSPost2010PropOp29
 70
     1
102
RTVSPost2010Prop30
280
     1
102
RTVSPost2010PropOp30
 70
     1
102
RTVSPost2010Prop31
280
     0
102
RTVSPost2010PropOp31
 70
     1
102
RTVSPost2010Prop32
280
     0
102
RTVSPost2010PropOp32
 70
     1
102
RTVSPost2010Prop33
280
     0
102
RTVSPost2010PropOp33
 70
     1
102
RTVSPost2010Prop34
280
     0
102
RTVSPost2010PropOp34
 70
     1
102
RTVSPost2010Prop35
280
     0
102
RTVSPost2010PropOp35
 70
     1
102
RTVSPost2010Prop36
280
     0
102
RTVSPost2010PropOp36
 70
     1
102
RTVSPost2010Prop37
 90
       50
102
RTVSPost2010PropOp37
 70
     1
102
RTVSPost2010Prop38
140
0.0
102
RTVSPost2010PropOp38
 70
     1
102
RTVSPost2010Prop39
140
1.0
102
RTVSPost2010PropOp39
 70
     1
102
RTVSPost2010Prop40
 90
        0
102
RTVSPost2010PropOp40
 70
     1
102
RTVSPost2010Prop41ColorIndex
 90
       18
102
RTVSPost2010Prop41ColorRGB
 90
        0
102
RTVSPost2010PropOp41
 70
     1
102
RTVSPost2010Prop42
 90
       50
102
RTVSPost2010PropOp42
 70
     1
102
RTVSPost2010Prop43
 90
        3
102
RTVSPost2010PropOp43
 70
     1
102
RTVSPost2010Prop44ColorIndex
 90
        5
102
RTVSPost2010Prop44ColorRGB
 90
      255
102
RTVSPost2010PropOp44
 70
     1
102
RTVSPost2010Prop45
280
     0
102
RTVSPost2010PropOp45
 70
     1
102
RTVSPost2010Prop46
 90
       50
102
RTVSPost2010PropOp46
 70
     1
102
RTVSPost2010Prop47
 90
       50
102
RTVSPost2010PropOp47
 70
     1
102
RTVSPost2010Prop48
 90
       50
102
RTVSPost2010PropOp48
 70
     1
102
RTVSPost2010Prop49
280
     0
102
RTVSPost2010PropOp49
 70
     1
102
RTVSPost2010Prop50
 90
       50
102
RTVSPost2010PropOp50
 70
     1
102
RTVSPost2010Prop51ColorIndex
 90
      256
102
RTVSPost2010Prop51ColorRGB
 90
-16777216
102
RTVSPost2010PropOp51
 70
     0
102
RTVSPost2010Prop52
140
1.0
102
RTVSPost2010PropOp52
 70
     0
102
RTVSPost2010Prop53
 90
        0
102
RTVSPost2010PropOp53
 70
     1
102
RTVSPost2010Prop54
  1
strokes_ogs.tif
102
RTVSPost2010PropOp54
 70
     1
102
RTVSPost2010Prop55
280
     0
102
RTVSPost2010PropOp55
 70
     1
102
RTVSPost2010Prop56
140
1.0
102
RTVSPost2010PropOp56
 70
     1
102
RTVSPost2010Prop57
140
1.0
102
RTVSPost2010PropOp57
 70
     1
  0
XRECORD
  5
C181A
102
{ACAD_REACTORS
330
C1819
102
}
330
C1819
100
AcDbXrecord
280
     1
102
RTVSPropertyOp0
 70
     1
102
RTVSPropertyOp1
 70
     1
102
RTVSPropertyOp2
 70
     1
102
RTVSPropertyOp3
 70
     1
102
RTVSPropertyOp4
 70
     1
102
RTVSPropertyOp5
 70
     1
102
RTVSPropertyOp6
 70
     1
102
RTVSPropertyOp7
 70
     1
102
RTVSPropertyOp8
 70
     1
102
RTVSPropertyOp9
 70
     1
102
RTVSPropertyOp10
 70
     1
102
RTVSPropertyOp11
 70
     1
102
RTVSPropertyOp12
 70
     1
102
RTVSPropertyOp13
 70
     1
102
RTVSPropertyOp14
 70
     1
102
RTVSPropertyOp15
 70
     1
102
RTVSPropertyOp16
 70
     1
102
RTVSPropertyOp17
 70
     1
102
RTVSPropertyOp18
 70
     1
102
RTVSPropertyOp19
 70
     1
102
RTVSPropertyOp20
 70
     1
102
RTVSPropertyOp21
 70
     1
102
RTVSPropertyOp22
 70
     1
102
RTVSPropertyOp23
 70
     1
102
RTVSPropertyOp24
 70
     1
102
RTVSPropertyOp25
 70
     1
102
RTVSPropertyOp26
 70
     1
102
RTVSPropertyOp27
 70
     1
102
RTVSPropertyOp28
 70
     1
102
RTVSPropertyOp29
 70
     1
102
RTVSPropertyOp30
 70
     1
102
RTVSPropertyOp31
 70
     1
102
RTVSPropertyOp32
 70
     1
102
RTVSPropertyOp33
 70
     1
102
RTVSPropertyOp34
 70
     1
102
RTVSPropertyOp35
 70
     1
102
RTVSPropertyOp36
 70
     1
102
RTVSPropertyOp37
 70
     1
102
RTVSPropertyOp38
 70
     1
102
RTVSPropertyOp39
 70
     1
102
RTVSPropertyOp40
 70
     1
102
RTVSPropertyOp41
 70
     1
102
RTVSPropertyOp42
 70
     1
102
RTVSPropertyOp43
 70
     1
102
RTVSPropertyOp44
 70
     1
102
RTVSPropertyOp45
 70
     1
102
RTVSPropertyOp46
 70
     1
102
RTVSPropertyOp47
 70
     1
102
RTVSPropertyOp48
 70
     1
102
RTVSPropertyOp49
 70
     1
102
RTVSPropertyOp50
 70
     1
102
RTVSPropertyOp51
 70
     0
102
RTVSPropertyOp52
 70
     0
102
RTVSPropertyOp53
 70
     1
102
RTVSPropertyOp54
 70
     1
102
RTVSPropertyOp55
 70
     1
102
RTVSPropertyOp56
 70
     1
102
RTVSPropertyOp57
 70
     1
102
RTVSPost2010Prop28
280
     0
102
RTVSPost2010PropOp28
 70
     1
102
RTVSPost2010Prop29
280
     1
102
RTVSPost2010PropOp29
 70
     1
102
RTVSPost2010Prop30
280
     1
102
RTVSPost2010PropOp30
 70
     1
102
RTVSPost2010Prop31
280
     0
102
RTVSPost2010PropOp31
 70
     1
102
RTVSPost2010Prop32
280
     0
102
RTVSPost2010PropOp32
 70
     1
102
RTVSPost2010Prop33
280
     0
102
RTVSPost2010PropOp33
 70
     1
102
RTVSPost2010Prop34
280
     0
102
RTVSPost2010PropOp34
 70
     1
102
RTVSPost2010Prop35
280
     0
102
RTVSPost2010PropOp35
 70
     1
102
RTVSPost2010Prop36
280
     0
102
RTVSPost2010PropOp36
 70
     1
102
RTVSPost2010Prop37
 90
       50
102
RTVSPost2010PropOp37
 70
     1
102
RTVSPost2010Prop38
140
0.0
102
RTVSPost2010PropOp38
 70
     1
102
RTVSPost2010Prop39
140
1.0
102
RTVSPost2010PropOp39
 70
     1
102
RTVSPost2010Prop40
 90
        0
102
RTVSPost2010PropOp40
 70
     1
102
RTVSPost2010Prop41ColorIndex
 90
       18
102
RTVSPost2010Prop41ColorRGB
 90
        0
102
RTVSPost2010PropOp41
 70
     1
102
RTVSPost2010Prop42
 90
       50
102
RTVSPost2010PropOp42
 70
     1
102
RTVSPost2010Prop43
 90
        3
102
RTVSPost2010PropOp43
 70
     1
102
RTVSPost2010Prop44ColorIndex
 90
        5
102
RTVSPost2010Prop44ColorRGB
 90
      255
102
RTVSPost2010PropOp44
 70
     1
102
RTVSPost2010Prop45
280
     0
102
RTVSPost2010PropOp45
 70
     1
102
RTVSPost2010Prop46
 90
       50
102
RTVSPost2010PropOp46
 70
     1
102
RTVSPost2010Prop47
 90
       50
102
RTVSPost2010PropOp47
 70
     1
102
RTVSPost2010Prop48
 90
       50
102
RTVSPost2010PropOp48
 70
     1
102
RTVSPost2010Prop49
280
     0
102
RTVSPost2010PropOp49
 70
     1
102
RTVSPost2010Prop50
 90
       50
102
RTVSPost2010PropOp50
 70
     1
102
RTVSPost2010Prop51ColorIndex
 90
      256
102
RTVSPost2010Prop51ColorRGB
 90
-16777216
102
RTVSPost2010PropOp51
 70
     0
102
RTVSPost2010Prop52
140
1.0
102
RTVSPost2010PropOp52
 70
     0
102
RTVSPost2010Prop53
 90
        0
102
RTVSPost2010PropOp53
 70
     1
102
RTVSPost2010Prop54
  1
strokes_ogs.tif
102
RTVSPost2010PropOp54
 70
     1
102
RTVSPost2010Prop55
280
     0
102
RTVSPost2010PropOp55
 70
     1
102
RTVSPost2010Prop56
140
1.0
102
RTVSPost2010PropOp56
 70
     1
102
RTVSPost2010Prop57
140
1.0
102
RTVSPost2010PropOp57
 70
     1
  0
XRECORD
  5
C181C
102
{ACAD_REACTORS
330
C181B
102
}
330
C181B
100
AcDbXrecord
280
     1
102
RTVSPropertyOp0
 70
     1
102
RTVSPropertyOp1
 70
     1
102
RTVSPropertyOp2
 70
     1
102
RTVSPropertyOp3
 70
     1
102
RTVSPropertyOp4
 70
     1
102
RTVSPropertyOp5
 70
     1
102
RTVSPropertyOp6
 70
     1
102
RTVSPropertyOp7
 70
     1
102
RTVSPropertyOp8
 70
     1
102
RTVSPropertyOp9
 70
     1
102
RTVSPropertyOp10
 70
     1
102
RTVSPropertyOp11
 70
     1
102
RTVSPropertyOp12
 70
     1
102
RTVSPropertyOp13
 70
     1
102
RTVSPropertyOp14
 70
     1
102
RTVSPropertyOp15
 70
     1
102
RTVSPropertyOp16
 70
     1
102
RTVSPropertyOp17
 70
     1
102
RTVSPropertyOp18
 70
     1
102
RTVSPropertyOp19
 70
     1
102
RTVSPropertyOp20
 70
     1
102
RTVSPropertyOp21
 70
     1
102
RTVSPropertyOp22
 70
     1
102
RTVSPropertyOp23
 70
     1
102
RTVSPropertyOp24
 70
     1
102
RTVSPropertyOp25
 70
     1
102
RTVSPropertyOp26
 70
     1
102
RTVSPropertyOp27
 70
     1
102
RTVSPropertyOp28
 70
     1
102
RTVSPropertyOp29
 70
     1
102
RTVSPropertyOp30
 70
     1
102
RTVSPropertyOp31
 70
     1
102
RTVSPropertyOp32
 70
     1
102
RTVSPropertyOp33
 70
     1
102
RTVSPropertyOp34
 70
     1
102
RTVSPropertyOp35
 70
     1
102
RTVSPropertyOp36
 70
     1
102
RTVSPropertyOp37
 70
     1
102
RTVSPropertyOp38
 70
     1
102
RTVSPropertyOp39
 70
     1
102
RTVSPropertyOp40
 70
     1
102
RTVSPropertyOp41
 70
     1
102
RTVSPropertyOp42
 70
     1
102
RTVSPropertyOp43
 70
     1
102
RTVSPropertyOp44
 70
     1
102
RTVSPropertyOp45
 70
     1
102
RTVSPropertyOp46
 70
     1
102
RTVSPropertyOp47
 70
     1
102
RTVSPropertyOp48
 70
     1
102
RTVSPropertyOp49
 70
     1
102
RTVSPropertyOp50
 70
     1
102
RTVSPropertyOp51
 70
     0
102
RTVSPropertyOp52
 70
     0
102
RTVSPropertyOp53
 70
     1
102
RTVSPropertyOp54
 70
     1
102
RTVSPropertyOp55
 70
     1
102
RTVSPropertyOp56
 70
     1
102
RTVSPropertyOp57
 70
     1
102
RTVSPost2010Prop28
280
     0
102
RTVSPost2010PropOp28
 70
     1
102
RTVSPost2010Prop29
280
     1
102
RTVSPost2010PropOp29
 70
     1
102
RTVSPost2010Prop30
280
     1
102
RTVSPost2010PropOp30
 70
     1
102
RTVSPost2010Prop31
280
     0
102
RTVSPost2010PropOp31
 70
     1
102
RTVSPost2010Prop32
280
     0
102
RTVSPost2010PropOp32
 70
     1
102
RTVSPost2010Prop33
280
     0
102
RTVSPost2010PropOp33
 70
     1
102
RTVSPost2010Prop34
280
     0
102
RTVSPost2010PropOp34
 70
     1
102
RTVSPost2010Prop35
280
     0
102
RTVSPost2010PropOp35
 70
     1
102
RTVSPost2010Prop36
280
     0
102
RTVSPost2010PropOp36
 70
     1
102
RTVSPost2010Prop37
 90
       50
102
RTVSPost2010PropOp37
 70
     1
102
RTVSPost2010Prop38
140
0.0
102
RTVSPost2010PropOp38
 70
     1
102
RTVSPost2010Prop39
140
1.0
102
RTVSPost2010PropOp39
 70
     1
102
RTVSPost2010Prop40
 90
        0
102
RTVSPost2010PropOp40
 70
     1
102
RTVSPost2010Prop41ColorIndex
 90
       18
102
RTVSPost2010Prop41ColorRGB
 90
        0
102
RTVSPost2010PropOp41
 70
     1
102
RTVSPost2010Prop42
 90
       50
102
RTVSPost2010PropOp42
 70
     1
102
RTVSPost2010Prop43
 90
        3
102
RTVSPost2010PropOp43
 70
     1
102
RTVSPost2010Prop44ColorIndex
 90
        5
102
RTVSPost2010Prop44ColorRGB
 90
      255
102
RTVSPost2010PropOp44
 70
     1
102
RTVSPost2010Prop45
280
     0
102
RTVSPost2010PropOp45
 70
     1
102
RTVSPost2010Prop46
 90
       50
102
RTVSPost2010PropOp46
 70
     1
102
RTVSPost2010Prop47
 90
       50
102
RTVSPost2010PropOp47
 70
     1
102
RTVSPost2010Prop48
 90
       50
102
RTVSPost2010PropOp48
 70
     1
102
RTVSPost2010Prop49
280
     0
102
RTVSPost2010PropOp49
 70
     1
102
RTVSPost2010Prop50
 90
       50
102
RTVSPost2010PropOp50
 70
     1
102
RTVSPost2010Prop51ColorIndex
 90
      256
102
RTVSPost2010Prop51ColorRGB
 90
-16777216
102
RTVSPost2010PropOp51
 70
     0
102
RTVSPost2010Prop52
140
1.0
102
RTVSPost2010PropOp52
 70
     0
102
RTVSPost2010Prop53
 90
        0
102
RTVSPost2010PropOp53
 70
     1
102
RTVSPost2010Prop54
  1
strokes_ogs.tif
102
RTVSPost2010PropOp54
 70
     1
102
RTVSPost2010Prop55
280
     0
102
RTVSPost2010PropOp55
 70
     1
102
RTVSPost2010Prop56
140
1.0
102
RTVSPost2010PropOp56
 70
     1
102
RTVSPost2010Prop57
140
1.0
102
RTVSPost2010PropOp57
 70
     1
  0
XRECORD
  5
C181E
102
{ACAD_REACTORS
330
C181D
102
}
330
C181D
100
AcDbXrecord
280
     1
102
RTVSPropertyOp0
 70
     1
102
RTVSPropertyOp1
 70
     1
102
RTVSPropertyOp2
 70
     1
102
RTVSPropertyOp3
 70
     1
102
RTVSPropertyOp4
 70
     1
102
RTVSPropertyOp5
 70
     1
102
RTVSPropertyOp6
 70
     1
102
RTVSPropertyOp7
 70
     1
102
RTVSPropertyOp8
 70
     1
102
RTVSPropertyOp9
 70
     1
102
RTVSPropertyOp10
 70
     1
102
RTVSPropertyOp11
 70
     1
102
RTVSPropertyOp12
 70
     1
102
RTVSPropertyOp13
 70
     1
102
RTVSPropertyOp14
 70
     1
102
RTVSPropertyOp15
 70
     1
102
RTVSPropertyOp16
 70
     1
102
RTVSPropertyOp17
 70
     1
102
RTVSPropertyOp18
 70
     1
102
RTVSPropertyOp19
 70
     1
102
RTVSPropertyOp20
 70
     1
102
RTVSPropertyOp21
 70
     1
102
RTVSPropertyOp22
 70
     1
102
RTVSPropertyOp23
 70
     1
102
RTVSPropertyOp24
 70
     1
102
RTVSPropertyOp25
 70
     1
102
RTVSPropertyOp26
 70
     1
102
RTVSPropertyOp27
 70
     1
102
RTVSPropertyOp28
 70
     1
102
RTVSPropertyOp29
 70
     1
102
RTVSPropertyOp30
 70
     1
102
RTVSPropertyOp31
 70
     1
102
RTVSPropertyOp32
 70
     1
102
RTVSPropertyOp33
 70
     1
102
RTVSPropertyOp34
 70
     1
102
RTVSPropertyOp35
 70
     1
102
RTVSPropertyOp36
 70
     1
102
RTVSPropertyOp37
 70
     1
102
RTVSPropertyOp38
 70
     1
102
RTVSPropertyOp39
 70
     1
102
RTVSPropertyOp40
 70
     1
102
RTVSPropertyOp41
 70
     1
102
RTVSPropertyOp42
 70
     1
102
RTVSPropertyOp43
 70
     1
102
RTVSPropertyOp44
 70
     1
102
RTVSPropertyOp45
 70
     1
102
RTVSPropertyOp46
 70
     1
102
RTVSPropertyOp47
 70
     1
102
RTVSPropertyOp48
 70
     1
102
RTVSPropertyOp49
 70
     1
102
RTVSPropertyOp50
 70
     1
102
RTVSPropertyOp51
 70
     0
102
RTVSPropertyOp52
 70
     0
102
RTVSPropertyOp53
 70
     1
102
RTVSPropertyOp54
 70
     1
102
RTVSPropertyOp55
 70
     1
102
RTVSPropertyOp56
 70
     1
102
RTVSPropertyOp57
 70
     1
102
RTVSPost2010Prop28
280
     0
102
RTVSPost2010PropOp28
 70
     1
102
RTVSPost2010Prop29
280
     1
102
RTVSPost2010PropOp29
 70
     1
102
RTVSPost2010Prop30
280
     1
102
RTVSPost2010PropOp30
 70
     1
102
RTVSPost2010Prop31
280
     0
102
RTVSPost2010PropOp31
 70
     1
102
RTVSPost2010Prop32
280
     0
102
RTVSPost2010PropOp32
 70
     1
102
RTVSPost2010Prop33
280
     0
102
RTVSPost2010PropOp33
 70
     1
102
RTVSPost2010Prop34
280
     0
102
RTVSPost2010PropOp34
 70
     1
102
RTVSPost2010Prop35
280
     0
102
RTVSPost2010PropOp35
 70
     1
102
RTVSPost2010Prop36
280
     0
102
RTVSPost2010PropOp36
 70
     1
102
RTVSPost2010Prop37
 90
       50
102
RTVSPost2010PropOp37
 70
     1
102
RTVSPost2010Prop38
140
0.0
102
RTVSPost2010PropOp38
 70
     1
102
RTVSPost2010Prop39
140
1.0
102
RTVSPost2010PropOp39
 70
     1
102
RTVSPost2010Prop40
 90
        0
102
RTVSPost2010PropOp40
 70
     1
102
RTVSPost2010Prop41ColorIndex
 90
       18
102
RTVSPost2010Prop41ColorRGB
 90
        0
102
RTVSPost2010PropOp41
 70
     1
102
RTVSPost2010Prop42
 90
       50
102
RTVSPost2010PropOp42
 70
     1
102
RTVSPost2010Prop43
 90
        3
102
RTVSPost2010PropOp43
 70
     1
102
RTVSPost2010Prop44ColorIndex
 90
        5
102
RTVSPost2010Prop44ColorRGB
 90
      255
102
RTVSPost2010PropOp44
 70
     1
102
RTVSPost2010Prop45
280
     0
102
RTVSPost2010PropOp45
 70
     1
102
RTVSPost2010Prop46
 90
       50
102
RTVSPost2010PropOp46
 70
     1
102
RTVSPost2010Prop47
 90
       50
102
RTVSPost2010PropOp47
 70
     1
102
RTVSPost2010Prop48
 90
       50
102
RTVSPost2010PropOp48
 70
     1
102
RTVSPost2010Prop49
280
     0
102
RTVSPost2010PropOp49
 70
     1
102
RTVSPost2010Prop50
 90
       50
102
RTVSPost2010PropOp50
 70
     1
102
RTVSPost2010Prop51ColorIndex
 90
      256
102
RTVSPost2010Prop51ColorRGB
 90
-16777216
102
RTVSPost2010PropOp51
 70
     0
102
RTVSPost2010Prop52
140
1.0
102
RTVSPost2010PropOp52
 70
     0
102
RTVSPost2010Prop53
 90
        0
102
RTVSPost2010PropOp53
 70
     1
102
RTVSPost2010Prop54
  1
strokes_ogs.tif
102
RTVSPost2010PropOp54
 70
     1
102
RTVSPost2010Prop55
280
     0
102
RTVSPost2010PropOp55
 70
     1
102
RTVSPost2010Prop56
140
1.0
102
RTVSPost2010PropOp56
 70
     1
102
RTVSPost2010Prop57
140
1.0
102
RTVSPost2010PropOp57
 70
     1
  0
XRECORD
  5
C1820
102
{ACAD_REACTORS
330
C181F
102
}
330
C181F
100
AcDbXrecord
280
     1
102
RTVSPropertyOp0
 70
     1
102
RTVSPropertyOp1
 70
     1
102
RTVSPropertyOp2
 70
     1
102
RTVSPropertyOp3
 70
     1
102
RTVSPropertyOp4
 70
     1
102
RTVSPropertyOp5
 70
     1
102
RTVSPropertyOp6
 70
     1
102
RTVSPropertyOp7
 70
     1
102
RTVSPropertyOp8
 70
     1
102
RTVSPropertyOp9
 70
     1
102
RTVSPropertyOp10
 70
     1
102
RTVSPropertyOp11
 70
     1
102
RTVSPropertyOp12
 70
     1
102
RTVSPropertyOp13
 70
     1
102
RTVSPropertyOp14
 70
     1
102
RTVSPropertyOp15
 70
     1
102
RTVSPropertyOp16
 70
     1
102
RTVSPropertyOp17
 70
     1
102
RTVSPropertyOp18
 70
     1
102
RTVSPropertyOp19
 70
     1
102
RTVSPropertyOp20
 70
     1
102
RTVSPropertyOp21
 70
     1
102
RTVSPropertyOp22
 70
     1
102
RTVSPropertyOp23
 70
     1
102
RTVSPropertyOp24
 70
     1
102
RTVSPropertyOp25
 70
     1
102
RTVSPropertyOp26
 70
     1
102
RTVSPropertyOp27
 70
     1
102
RTVSPropertyOp28
 70
     1
102
RTVSPropertyOp29
 70
     1
102
RTVSPropertyOp30
 70
     1
102
RTVSPropertyOp31
 70
     1
102
RTVSPropertyOp32
 70
     1
102
RTVSPropertyOp33
 70
     1
102
RTVSPropertyOp34
 70
     1
102
RTVSPropertyOp35
 70
     1
102
RTVSPropertyOp36
 70
     1
102
RTVSPropertyOp37
 70
     1
102
RTVSPropertyOp38
 70
     1
102
RTVSPropertyOp39
 70
     1
102
RTVSPropertyOp40
 70
     1
102
RTVSPropertyOp41
 70
     1
102
RTVSPropertyOp42
 70
     1
102
RTVSPropertyOp43
 70
     1
102
RTVSPropertyOp44
 70
     1
102
RTVSPropertyOp45
 70
     1
102
RTVSPropertyOp46
 70
     1
102
RTVSPropertyOp47
 70
     1
102
RTVSPropertyOp48
 70
     1
102
RTVSPropertyOp49
 70
     1
102
RTVSPropertyOp50
 70
     1
102
RTVSPropertyOp51
 70
     0
102
RTVSPropertyOp52
 70
     0
102
RTVSPropertyOp53
 70
     1
102
RTVSPropertyOp54
 70
     1
102
RTVSPropertyOp55
 70
     1
102
RTVSPropertyOp56
 70
     1
102
RTVSPropertyOp57
 70
     1
102
RTVSPost2010Prop28
280
     0
102
RTVSPost2010PropOp28
 70
     1
102
RTVSPost2010Prop29
280
     1
102
RTVSPost2010PropOp29
 70
     1
102
RTVSPost2010Prop30
280
     1
102
RTVSPost2010PropOp30
 70
     1
102
RTVSPost2010Prop31
280
     0
102
RTVSPost2010PropOp31
 70
     1
102
RTVSPost2010Prop32
280
     0
102
RTVSPost2010PropOp32
 70
     1
102
RTVSPost2010Prop33
280
     0
102
RTVSPost2010PropOp33
 70
     1
102
RTVSPost2010Prop34
280
     0
102
RTVSPost2010PropOp34
 70
     1
102
RTVSPost2010Prop35
280
     0
102
RTVSPost2010PropOp35
 70
     1
102
RTVSPost2010Prop36
280
     0
102
RTVSPost2010PropOp36
 70
     1
102
RTVSPost2010Prop37
 90
       50
102
RTVSPost2010PropOp37
 70
     1
102
RTVSPost2010Prop38
140
0.0
102
RTVSPost2010PropOp38
 70
     1
102
RTVSPost2010Prop39
140
1.0
102
RTVSPost2010PropOp39
 70
     1
102
RTVSPost2010Prop40
 90
        0
102
RTVSPost2010PropOp40
 70
     1
102
RTVSPost2010Prop41ColorIndex
 90
       18
102
RTVSPost2010Prop41ColorRGB
 90
        0
102
RTVSPost2010PropOp41
 70
     1
102
RTVSPost2010Prop42
 90
       50
102
RTVSPost2010PropOp42
 70
     1
102
RTVSPost2010Prop43
 90
        3
102
RTVSPost2010PropOp43
 70
     1
102
RTVSPost2010Prop44ColorIndex
 90
        5
102
RTVSPost2010Prop44ColorRGB
 90
      255
102
RTVSPost2010PropOp44
 70
     1
102
RTVSPost2010Prop45
280
     0
102
RTVSPost2010PropOp45
 70
     1
102
RTVSPost2010Prop46
 90
       50
102
RTVSPost2010PropOp46
 70
     1
102
RTVSPost2010Prop47
 90
       50
102
RTVSPost2010PropOp47
 70
     1
102
RTVSPost2010Prop48
 90
       50
102
RTVSPost2010PropOp48
 70
     1
102
RTVSPost2010Prop49
280
     0
102
RTVSPost2010PropOp49
 70
     1
102
RTVSPost2010Prop50
 90
       50
102
RTVSPost2010PropOp50
 70
     1
102
RTVSPost2010Prop51ColorIndex
 90
      256
102
RTVSPost2010Prop51ColorRGB
 90
-16777216
102
RTVSPost2010PropOp51
 70
     0
102
RTVSPost2010Prop52
140
1.0
102
RTVSPost2010PropOp52
 70
     0
102
RTVSPost2010Prop53
 90
        0
102
RTVSPost2010PropOp53
 70
     1
102
RTVSPost2010Prop54
  1
strokes_ogs.tif
102
RTVSPost2010PropOp54
 70
     1
102
RTVSPost2010Prop55
280
     0
102
RTVSPost2010PropOp55
 70
     1
102
RTVSPost2010Prop56
140
1.0
102
RTVSPost2010PropOp56
 70
     1
102
RTVSPost2010Prop57
140
1.0
102
RTVSPost2010PropOp57
 70
     1
  0
ACAD_PROXY_OBJECT
  5
2F25A
330
2F258
100
AcDbProxyObject
 90
      499
 91
      518
 95
   262177
 70
     0
 93
    41014
310
4052940608419000081002030420C800040801018210640002040080C108320001020040608419000081002030420C800040801018210640002040080C108320001020040608419000081002030420C800040801018210640002040080C108320001020040608419000081002030420C800040801018210640002040080C10
310
8320001020040608419000081002030420C800040801018210640002040080C108320001020040608419000081002030420C800040801018210640002040080C108320001020040608419000081002030420C800040801018210640002040080C108320001020040608419000081002030420C800040801018210640002040
310
080C108320001020040608419000081002030420C800040801018210640002040080C108320001020040608419000081002030420C800040801018210640002040080C108320001020040608419000081002037FFFFFFFFFFFFF801FFFE7FFF9FFFE7FFF9FFFE7FFF9FFFE7FFF9FFFFFFFE7FFFFFFF9FFFFFFFE7FFFFFFF9F
310
FFFFFFE7FFFFFFF9FFFFFFFE7FFFFFFFA0294FFFFFFFFFFFFFFFF9FFFE7FFF9FFFE7FFF9FFFE7FFF9FFFE7FFF9FFFFFFFE7FFFFFFF9FFFFFFFE7FFFFFFF9FFFFFFFE7FFFFFFF9FFFFFFFE7FFFFFFFD555481A480298027805218B400AE009A009800B200BE00A80090009200860096006000892180378037003A0037803A80
310
3900100036003480370032801000360030803C8032803900555214B400AE009A009800B200BE00A800900092009C0087AA00340034803700100036003480370032801000360030803C8032803900555218B400AE009A009800B200BE0086008A009C00A8008A00A40088A180328037003A0032803900100036003480370032
310
801000360030803C8032803900555218B400AE009A009800B200BE0088008200A60090008A008800862200308039803400328032001000360030803C8032803900555216B400AE009A009800B200BE0090008200A8008600900088240030803A0031803400100026003480370032801000360030803C8032803900555214B4
310
00AE009A009800B200BE00A8008A00B000A800852A0032803C003A001000360030803C8032803900555218B400AE009A009800B200BE00880092009A009A008A009C0087A200348036803280370039803480378037001000360030803C8032803900555214B400AE009A009800B200BE009A008200A40096008629803C8036
310
803100378036001000260030803C8032803900555218B400AE009A009800B200BE0088009200AC00920088008A008B220037803A803100360032801000320037803A003980100036003480370032801000360030803C8032803900555218B400AE009A009800B200BE00A800900092008600960062008CA180378037003A00
310
37803A8039001000220037803A003A0032803200100036003480370032801000360030803C8032803900555220B400AE009A009800B200BE00A0008200A0008A00A4008C00A40082009A008A0085A30039003080368032801000360030803C8032803900555214B400AE009A009800B200BE009000920088008A0086240034
310
8032003200328037001000360030803C8032803900555214B400AE009A009800B200BE00A00098009E00A800852800360037803A001000360030803C8032803900555220B400AE009A009800B200BE008200A600A6009200A600A80082009C00A800620086AA80398032803900100032003280330034803700328032001880
310
555220B400AE009A009800B200BE008200A600A6009200A600A80082009C00A800640086AA80398032803900100032003280330034803700328032001900555220B400AE009A009800B200BE008200A600A6009200A600A80082009C00A800660086AA80398032803900100032003280330034803700328032001980555212
310
B400AE009A009800B200BE00880092009A008B220034803680328037003980348037803700100029803C8036803100378036001000260030803C803280390055521CB400AE009A009800B200BE00880092009A00BE00A8008A00B000A8008A22003480368032803700398034803780370010002A0032803C003A0010002600
310
30803C8032803900555220B400AE009A009800B200BE00880092009A00BE0098008A00820088008A00A4008B22003480368032803700398034803780370010002600328030803200328039001000260030803C803280390055521EB400AE009A009800B200BE00880092009A00BE008200A400A4009E00AE008AA200348036
310
80328037003980348037803700100020803900390037803B801000260030803C803280390055521AB400AE009A009800B200BE0084008200980098009E009E009C008A2100308036003600378037803700100029803C8036803100378036001000260030803C8032803900555224B400AE009A009800B200BE008400820098
310
0098009E009E009C00BE00A8008A00B000A80089210030803600360037803780370010002A0032803C003A001000260030803C8032803900555228B400AE009A009800B200BE0084008200980098009E009E009C00BE0098008A00820088008A00A4008A210030803600360037803780370010002600328030803200328039
310
001000260030803C8032803900555226B400AE009A009800B200BE0084008200980098009E009E009C00BE008200A400A4009E00AE0089A100308036003600378037803700100020803900390037803B801000260030803C803280390055521AB400AE009A009800B200BE00A600AA00A4008C00A600B2009A008A29803A80
310
39003300308031803280100029803C8036803100378036001000260030803C8032803900555224B400AE009A009800B200BE00A600AA00A4008C00A600B2009A00BE00A8008A00B000A8008929803A803900330030803180328010002A0032803C003A001000260030803C8032803900555228B400AE009A009800B200BE00
310
A600AA00A4008C00A600B2009A00BE0098008A00820088008A00A4008A29803A803900330030803180328010002600328030803200328039001000260030803C8032803900555226B400AE009A009800B200BE00A600AA00A4008C00A600B2009A00BE008200A400A4009E00AE0089A9803A80390033003080318032801000
310
20803900390037803B801000260030803C8032803900555214B400AE009A009800B200BE009C009E00A8008A0088A70037803A003280100029803C8036803100378036001000260030803C803280390055521EB400AE009A009800B200BE009C009E00A8008A00BE00A8008A00B000A80087A70037803A00328010002A0032
310
803C003A001000260030803C8032803900555222B400AE009A009800B200BE009C009E00A8008A00BE0098008A00820088008A00A40088A70037803A00328010002600328030803200328039001000260030803C8032803900555220B400AE009A009800B200BE009C009E00A8008A00BE008200A400A4009E00AE00882700
310
37803A003280100020803900390037803B801000260030803C803280390055521AB400AE009A009800B200BE008C0086008C00A40082009A008A00912300328030803A003A803900328010002180378037003A00390037803600100023003900308036803280100029803C8036803100378036001000260030803C80328039
310
00555224B400AE009A009800B200BE008C0086008C00A40082009A008A00BE00A8008A00B000A800902300328030803A003A803900328010002180378037003A0039003780360010002300390030803680328010002A0032803C003A001000260030803C8032803900555228B400AE009A009800B200BE008C0086008C00A4
310
0082009A008A00BE0098008A00820088008A00A400912300328030803A003A803900328010002180378037003A0039003780360010002300390030803680328010002600328030803200328039001000260030803C8032803900555226B400AE009A009800B200BE008C0086008C00A40082009A008A00BE008200A400A400
310
9E00AE0090A300328030803A003A803900328010002180378037003A00390037803600100023003900308036803280100020803900390037803B801000260030803C803280390055521AB400AE009A009800B200BE0088008200A800AA009A00920088008EA20030803A003A803680100024803200328037003A0034803300
310
348032803900100029803C8036803100378036001000260030803C8032803900555224B400AE009A009800B200BE0088008200A800AA009A0092008800BE00A8008A00B000A8008DA20030803A003A803680100024803200328037003A003480330034803280390010002A0032803C003A001000260030803C803280390055
310
5228B400AE009A009800B200BE0088008200A800AA009A0092008800BE0098008A00820088008A00A4008EA20030803A003A803680100024803200328037003A003480330034803280390010002600328030803200328039001000260030803C8032803900555226B400AE009A009800B200BE0088008200A800AA009A0092
310
008800BE008200A400A4009E00AE008E220030803A003A803680100024803200328037003A0034803300348032803900100020803900390037803B801000260030803C8032803900555228B400AE009A009800B200BE0086009E009C00A600A800A400AA008600A800BE00980092009C008A008A21803780370039803A0039
310
003A8031803A00348026003480370032801000260030803C803280390055555555226B400AE009A009800B200BE0088008200A800AA009A0092008800BE008200A400A4009E00AE0082208026802F801A80224B400AE009A009800B200BE0088008200A800AA009A0092008800BE00A8008A00B000A80082208026802F801B
310
00226B400AE009A009800B200BE0084008200980098009E009E009C00BE008200A400A4009E00AE0082208026802F801A80220B400AE009A009800B200BE008200A600A6009200A600A80082009C00A800660082208026802F801900220B400AE009A009800B200BE008200A600A6009200A600A80082009C00A8006400822
310
08026802F801900220B400AE009A009800B200BE008200A600A6009200A600A80082009C00A800620082208026802F801900220B400AE009A009800B200BE009C009E00A8008A00BE008200A400A4009E00AE0082208026802F801A80228B400AE009A009800B200BE0084008200980098009E009E009C00BE0098008A0082
310
0088008A00A40082208026802F801A8021AB400AE009A009800B200BE0084008200980098009E009E009C0082208026802F801A80226B400AE009A009800B200BE008C0086008C00A40082009A008A00BE008200A400A4009E00AE0082208026802F801A80218B400AE009A009800B200BE00880092009A009A008A009C008
310
2208026802F801A80214B400AE009A009800B200BE009C009E00A8008A0082208026802F801A80220B400AE009A009800B200BE00880092009A00BE0098008A00820088008A00A40082208026802F801A80218B400AE009A009800B200BE0088009200AC00920088008A0082A08026802F8018801880224B400AE009A00980
310
0B200BE008C0086008C00A40082009A008A00BE00A8008A00B000A80082208026802F801B00218B400AE009A009800B200BE0086008A009C00A8008A00A40082208026802F801B80224B400AE009A009800B200BE00A600AA00A4008C00A600B2009A00BE00A8008A00B000A80082208026802F801B0021AB400AE009A0098
310
00B200BE008C0086008C00A40082009A008A0082208026802F801A8021EB400AE009A009800B200BE00880092009A00BE008200A400A4009E00AE0082208026802F801A80218B400AE009A009800B200BE00A8009000920086009600620082208026802F801980214B400AE009A009800B200BE00A8008A00B000A80082208
310
026802F801B00214B400AE009A009800B200BE00A800900092009C0082208026802F801A00218B400AE009A009800B200BE00A8009000920086009600600082208026802F801800228B400AE009A009800B200BE0088008200A800AA009A0092008800BE0098008A00820088008A00A40082208026802F801A80222B400AE0
310
09A009800B200BE009C009E00A8008A00BE0098008A00820088008A00A40082208026802F801A80226B400AE009A009800B200BE00A600AA00A4008C00A600B2009A00BE008200A400A4009E00AE0082208026802F801A80214B400AE009A009800B200BE009A008200A400960082208026802F801A80218B400AE009A0098
310
00B200BE0088008200A60090008A00880082208026802F80198021AB400AE009A009800B200BE0088008200A800AA009A009200880082208026802F801A80228B400AE009A009800B200BE008C0086008C00A40082009A008A00BE0098008A00820088008A00A40082208026802F801A80214B400AE009A009800B200BE00A
310
00098009E00A80082208026802F801C0021AB400AE009A009800B200BE00A600AA00A4008C00A600B2009A0082208026802F801B0021EB400AE009A009800B200BE009C009E00A8008A00BE00A8008A00B000A80082208026802F801B00228B400AE009A009800B200BE00A600AA00A4008C00A600B2009A00BE0098008A00
310
820088008A00A40082208026802F801A80228B400AE009A009800B200BE0086009E009C00A600A800A400AA008600A800BE00980092009C008A0082A08026802F802180260021CB400AE009A009800B200BE00880092009A00BE00A8008A00B000A80082208026802F801B00220B400AE009A009800B200BE00A0008200A00
310
08A00A4008C00A40082009A008A0083208026802F80210027802900224B400AE009A009800B200BE0084008200980098009E009E009C00BE00A8008A00B000A80082208026802F801B00212B400AE009A009800B200BE00880092009A0082208026802F801B00214B400AE009A009800B200BE009000920088008A0082A080
310
26802F8019802700216B400AE009A009800B200BE0090008200A8008600900082208026802F801A00555500805448C
340
0
340
0
340
0
340
0
340
0
340
0
340
0
340
0
340
0
340
0
340
0
340
0
340
0
340
0
340
0
340
0
 94
        0
  0
ACAD_PROXY_OBJECT
  5
2F27E
330
2F258
100
AcDbProxyObject
 90
      499
 91
      519
 95
   262177
 70
     0
 93
    10358
310
4050940608419000081002030420C800040801018210640002040080C108320001020040608419000081002030420C800040801018210640002040080C108320001020040608419000081002037FFFFFFFFFFFFF801FFFE7FFF9FFFE7FFF9FFFE7FFF9FFFE7FFF9FFFFFFFE7FFFFFFF9FFFFFFFE7FFFFFFF9FFFFFFFE7FFFF
310
FFF9FFFFFFFE7FFFFFFFA0284FFFFFFFFFFFFFFFF9FFFE7FFF9FFFE7FFF9FFFE7FFF9FFFE7FFF9FFFFFFFE7FFFFFFF9FFFFFFFE7FFFFFFF9FFFFFFFE7FFFFFFF9FFFFFFFE7FFFFFFFD555481A480298027805222B400AE009A00A800A600BE00A6009E009C008E00A8009200BE00980092009C008A0088A70032803B802F80
310
29803780370033802F802A003C80380032803300308031803280555218B400AE009A00A800A600BE00A6009E009C008E00A800920086A9803780370033802F802A003C8038003280330030803180328055521CB400AE009A00A800A600BE008C0082009C008E00A6009E009C008E0088A30030803700338039803780370033
310
802F802A003C80380032803300308031803280555216B400AE009A00A800A600BE00960082009200A8009200872900328033803A803600308039002F80298031803900348038003A00555216B400AE009A00A800A600BE0090008A009200A800920086A10037803600320033003080318032802F802A003C80380032805552
310
16B400AE009A00A800A600BE00B0009200AE008A009C0087AA0034803680328039802F80270032803B802F802900378036803080370055521CB400AE009A00A800A600BE00A600B2009A00BE00A8008A00B000A8008829803C8036803100378036002F802A0032803C003A002F802A003C803800328055521AB400AE009A00
310
A800A600BE00A600B2009A00BE008E008800A8008B248037003700328039002F8029803C8036803100378036002F802A0032803C003A002F802A003C8038003280555222B400AE009A00A800A600BE00A8008A0086009000A4008A00A200AA008A00A600A800902A00328031803400370034803180308036002F8029003280
310
38803A803480390032803680328037003A0039802F802A0032803C003A002F802A003C803800328055555555216B400AE009A00A800A600BE00960082009200A8009200872900328033803A803600308039002F80298031803900348038003A0021CB400AE009A00A800A600BE00A600B2009A00BE00A8008A00B000A80083
310
A08021802480298027802A002980218B400AE009A00A800A600BE00A6009E009C008E00A800920086A9803780370033802F803A003C80380032803300308031803280222B400AE009A00A800A600BE00A8008A0086009000A4008A00A200AA008A00A600A80083A08021802480298027802A002980216B400AE009A00A800A
310
600BE00B0009200AE008A009C0087AA0034803680328039802F80270032803B802F8029003780368030803700216B400AE009A00A800A600BE0090008A009200A800920086A10037803600320033003080318032802F802A003C8038003280222B400AE009A00A800A600BE00A6009E009C008E00A8009200BE00980092009
310
C008A0088A70032803B802F8029803780370033802F803A003C8038003280330030803180328021AB400AE009A00A800A600BE00A600B2009A00BE008E008800A800842D002B80248029802780238022002A0021CB400AE009A00A800A600BE008C0082009C008E00A6009E009C008E0088A30030803700338039803780370
310
033802F802A003C8038003280330030803180328055550C114
340
0
340
0
340
0
340
0
340
0
340
0
340
0
340
0
340
0
340
0
340
0
340
0
340
0
340
0
340
0
340
0
 94
        0
  0
ACAD_PROXY_OBJECT
  5
2F285
330
2F258
100
AcDbProxyObject
 90
      499
 91
      520
 95
   262177
 70
     0
 93
     7057
310
4050840608419000081002030420C800040801018210640002040080C108320001020040608419000081002030420C800040801018210640002040080C1083200010200406FFFFFFFFFFFFFF003FFFCFFFF3FFFCFFFF3FFFCFFFF3FFFCFFFF3FFFFFFFCFFFFFFFF3FFFFFFFCFFFFFFFF3FFFFFFFCFFFFFFFF3FFFFFFFCFFFF
310
FFFF40508FFFFFFFFFFFFFFFF3FFFCFFFF3FFFCFFFF3FFFCFFFF3FFFCFFFF3FFFFFFFCFFFFFFFF3FFFFFFFCFFFFFFFF3FFFFFFFCFFFFFFFF3FFFFFFFCFFFFFFFFAAAA903490053004F00A43568015C013401300150017C01080164013001040164011401480107420079004C006100790065007200AAA42968015C01340130
310
0150017C013001240138011401044C0069006E006500AAA43168015C013401300150017C01100104014C0120011401100106440061007300680065006400AAA43168015C013401300150017C010C011401380150011401480106430065006E00740065007200AAA43568015C013401300150017C0140012001040138015001
310
3C013401075000680061006E0074006F006D00AAA42D68015C013401300150017C0108014801140104012C010542007200650061006B00AAA42968015C013401300150017C015C01040158011401045700610076006500AAA43168015C013401300150017C01680124011C01680104011C01065A00690067005A0061006700
310
AAAAAAAA43568015C013401300150017C01400120010401380150013C0134010C41004D005F00490053004F0030003900570030003500300043568015C013401300150017C0108016401300104016401140148010A63006F006E00740069006E0075006F007500730043168015C013401300150017C01680124011C0168010
310
4011C010861006D007A00690067007A006100670042D68015C013401300150017C0108014801140104012C01065A00490047005A004100470043168015C013401300150017C010C01140138015001140148010C41004D005F00490053004F0030003800570030003500300042968015C013401300150017C01300124013801
310
14010A63006F006E00740069006E0075006F007500730042968015C013401300150017C015C010401580114010A63006F006E00740069006E0075006F007500730043168015C013401300150017C01100104014C012001140110010C41004D005F00490053004F00300032005700300035003000AAAA741580
340
0
340
0
340
0
340
0
340
0
340
0
340
0
340
0
340
0
340
0
340
0
340
0
340
0
340
0
340
0
340
0
 94
        0
  0
ACAD_PROXY_OBJECT
  5
2F286
330
2F258
100
AcDbProxyObject
 90
      499
 91
      521
 95
   262177
 70
     0
 93
    10915
310
4050940608419000081002030420C800040801018210640002040080C108320001020040608419000081002030420C800040801018210640002040080C108320001020040608419000081002037FFFFFFFFFFFFF801FFFE7FFF9FFFE7FFF9FFFE7FFF9FFFE7FFF9FFFFFFFE7FFFFFFF9FFFFFFFE7FFFFFFF9FFFFFFFE7FFFF
310
FFF9FFFFFFFE7FFFFFFFA028550000000000000A1000000000000000840405427FFFFFFFFFFFFFFFCFFFF3FFFCFFFF3FFFCFFFF3FFFCFFFF3FFFCFFFFFFFF3FFFFFFFCFFFFFFFF3FFFFFFFCFFFFFFFF3FFFFFFFCFFFFFFFF3FFFFFFFEAAAA40D24014C013C0290A5A0057004D00440053005F004D00410049004E0045D4001
310
C801A401B4018401C801E40080011001A401B4019401B801CC01A401BC01B80080014C01D001E401B0019402AA90C5A0057004D00440053005F004C0049004E004500410052004593001A401B80194018401C80080011001A401B4019401B801CC01A401BC01B80080014C01D001E401B0019402AA90E5A0057004D0044005
310
3005F004400490041004D0045005400450052004611001A4018401B4019401D0019401C80080011001A401B4019401B801CC01A401BC01B80080014C01D001E401B0019402AA90C5A0057004D00440053005F00520041004400490041004C00459480184019001A4018401B00080011001A401B4019401B801CC01A401BC01
310
B80080014C01D001E401B0019402AA90C5A0057004D00440053005F004100520043004C0045004E0045D0401C8018C00800130019401B80080011001A401B4019401B801CC01A401BC01B80080014C01D001E401B0019402AA90C5A0057004D00440053005F004C004500410044004500520045930019401840190019401C8
310
0080011001A401B4019401B801CC01A401BC01B80080014C01D001E401B0019402AA90E5A0057004D00440053005F004F005200440049004E004100540045004690C01BC01BC01C8019001A401B8018401D001940080011001A401B4019401B801CC01A401BC01B80080014C01D001E401B0019402AA90D5A0057004D00440
310
053005F0041004E00470055004C004100520045D0401B8019C01D401B0018401C80080011001A401B4019401B801CC01A401BC01B80080014C01D001E401B0019402AA90D5A0057004D00440053005F00420041004C004C004F004F004E0045D08018401B001B001BC01BC01B80080011001A401B4019401B801CC01A401BC
310
01B80080014C01D001E401B0019402AAAAAAA90E5A0057004D00440053005F004F005200440049004E0041005400450043924014C013C017C010C013C013C0148011001240138010401500114010D5A0057004D00440053005F0041004E00470055004C004100520042D24014C013C017C01040138011C0154013001040148
310
010E5A0057004D00440053005F004400490041004D00450054004500520043124014C013C017C01100124010401340114015001140148010C5A0057004D00440053005F004100520043004C0045004E0042924014C013C017C013001240138011401040148010D5A0057004D00440053005F00420041004C004C004F004F00
310
4E0042D24014C013C017C0108010401300130013C013C0138010C5A0057004D00440053005F004C0049004E0045004100520042924014C013C017C013001240138011401040148010C5A0057004D00440053005F004C004500410044004500520043524014C013C017C011001240134013001140104011001140148010A5A0
310
057004D00440053005F004D00410049004E0043124014C013C017C011001240134014C0150016401300114010C5A0057004D00440053005F00520041004400490041004C0042924014C013C017C01480104011001240154014C02AAAAA08E0
340
0
340
0
340
0
340
0
340
0
340
0
340
0
340
0
340
0
340
0
340
0
340
0
340
0
340
0
340
0
340
0
 94
        0
  0
ACAD_PROXY_OBJECT
  5
2F291
330
2F258
100
AcDbProxyObject
 90
      499
 91
      522
 95
   262177
 70
     0
 93
    26127
310
4051E40608419000081002030420C800040801018210640002040080C108320001020040608419000081002030420C800040801018210640002040080C108320001020040608419000081002030420C800040801018210640002040080C108320001020040608419000081002030420C800040801018210640002040080C10
310
8320001020040608419000081002030420C800040801018210640002040080C108320001020040608419000081002030420C800040801018210640002040080C108320001020040608419000081002030420C800040801018210640002040080C108320001020040608419000081002030420C80004080101BFFFFFFFFFFFF
310
FC00FFFF3FFFCFFFF3FFFCFFFF3FFFCFFFF3FFFCFFFFFFFF3FFFFFFFCFFFFFFFF3FFFFFFFCFFFFFFFF3FFFFFFFCFFFFFFFF3FFFFFFFD0147BFFFFFFFFFFFFFFFCFFFF3FFFCFFFF3FFFCFFFF3FFFCFFFF3FFFCFFFFFFFF3FFFFFFFCFFFFFFFF3FFFFFFFCFFFFFFFF3FFFFFFFCFFFFFFFF3FFFFFFFEAAAA40D24014C013C0290
310
D5A0057004D0043004C005F004200590042004C004F0043004B004210801E40080010801B001BC018C01AC02AA90D5A0057004D0043004C005F00420059004C0041005900450052004210801E400800130018401E4019401C802AA90B5A0057004D0043004C005F0042004C00410043004B004150801B00184018C01AC02AA
310
90C5A0057004D0043004C005F00590045004C004C004F00570041964019401B001B001BC01DC02AA90B5A0057004D0043004C005F0047005200450045004E004151C01C80194019401B802AA90A5A0057004D0043004C005F0042004C00550045004110801B001D4019402AA90B5A0057004D0043004C005F0057004800490
310
0540045004155C01A001A401D0019402AA9095A0057004D0043004C005F0052004500440040D480194019002AA90A5A0057004D0043004C005F004300590041004E004110C01E4018401B802AA90A5A0057004D0043004C005F00540045005800540041150019401E001D002AA90D5A0057004D0043004C005F00440049004
310
D0054004500580054004211001A401B400800150019401E001D002AA9095A0057004D0043004C005F00440049004D0040D1001A401B402AA90E5A0057004D0043004C005F00440049004D004100520052004F0057004251001A401B40080010401C801C801BC01DC02AA90F5A0057004D0043004C005F00440049004D004C0
310
0450041004400450052004291001A401B400800130019401840190019401C802AA9135A0057004D0043004C005F00440049004D0054004500580054005F0053004D0041004C004C004391001A401B400800150019401E001D00080014C01B4018401B001B002AA9145A0057004D0043004C005F00440049004D00540045005
310
80054005F004D0045004400490055004D0043D1001A401B400800150019401E001D0008001340194019001A401D401B402AA9135A0057004D0043004C005F00440049004D0054004500580054005F004C0041005200470045004391001A401B400800150019401E001D000800130018401C8019C019402AA9175A0057004D0
310
043004C005F00440049004D0054004500580054005F0056004500520059004C00410052004700450044D1001A401B400800150019401E001D000800158019401C801E400800130018401C8019C019402AA90A5A0057004D0043004C005F00440049004D003100461240190019401B801D001A4019801A4018C018401D001A4
310
01BC01B8013001A401B801940080010C01BC01B001BC01C802AA90A5A0057004D0043004C005F00440049004D0032004850401D0008001C001C8019401CC019401B801D0008001D0019401B401C001BC01C8018401C801E4008001A0018401D8019401B8009C01D0008001D401CC0194019002AA90A5A0057004D0043004C0
310
05F00440049004D0033004850401D0008001C001C8019401CC019401B801D0008001D0019401B401C001BC01C8018401C801E4008001A0018401D8019401B8009C01D0008001D401CC0194019002AA90A5A0057004D0043004C005F00440049004D0034004850401D0008001C001C8019401CC019401B801D0008001D00194
310
01B401C001BC01C8018401C801E4008001A0018401D8019401B8009C01D0008001D401CC0194019002AA90A5A0057004D0043004C005F00440049004D0035004850401D0008001C001C8019401CC019401B801D0008001D0019401B401C001BC01C8018401C801E4008001A0018401D8019401B8009C01D0008001D401CC01
310
94019002AA90A5A0057004D0043004C005F00440049004D0036004850401D0008001C001C8019401CC019401B801D0008001D0019401B401C001BC01C8018401C801E4008001A0018401D8019401B8009C01D0008001D401CC0194019002AA90B5A0057004D0043004C005F00540045005800540031004850401D0008001C0
310
01C8019401CC019401B801D0008001D0019401B401C001BC01C8018401C801E4008001A0018401D8019401B8009C01D0008001D401CC0194019002AA90B5A0057004D0043004C005F00540045005800540032004850401D0008001C001C8019401CC019401B801D0008001D0019401B401C001BC01C8018401C801E4008001
310
A0018401D8019401B8009C01D0008001D401CC0194019002AA90B5A0057004D0043004C005F00540045005800540033004850401D0008001C001C8019401CC019401B801D0008001D0019401B401C001BC01C8018401C801E4008001A0018401D8019401B8009C01D0008001D401CC0194019002AA90B5A0057004D0043004
310
C005F00540045005800540034004850401D0008001C001C8019401CC019401B801D0008001D0019401B401C001BC01C8018401C801E4008001A0018401D8019401B8009C01D0008001D401CC0194019002AA90B5A0057004D0043004C005F00540045005800540035004850401D0008001C001C8019401CC019401B801D000
310
8001D0019401B401C001BC01C8018401C801E4008001A0018401D8019401B8009C01D0008001D401CC0194019002AA90B5A0057004D0043004C005F00540045005800540036004850401D0008001C001C8019401CC019401B801D0008001D0019401B401C001BC01C8018401C801E4008001A0018401D8019401B8009C01D0
310
008001D401CC0194019002AAAAAAA90A5A0057004D0043004C005F004300590041004E00408C400C0010A5A0057004D0043004C005F0042004C0055004500404D0010D5A0057004D0043004C005F00440049004D00540045005800540040CC800D400D8010D5A0057004D0043004C005F004200590042004C004F0043004B0
310
0404C001175A0057004D0043004C005F00440049004D0054004500580054005F0056004500520059004C00410052004700450040CC800D400D8010C5A0057004D0043004C005F00590045004C004C004F005700404C801135A0057004D0043004C005F00440049004D0054004500580054005F0053004D0041004C004C0040
310
CC800D400D8010B5A0057004D0043004C005F0047005200450045004E00404CC010B5A0057004D0043004C005F005400450058005400320040CC800D400D8010B5A0057004D0043004C005F005400450058005400330040CC800D400D8010A5A0057004D0043004C005F005400450058005400404C4010B5A0057004D00430
310
04C005F0042004C00410043004B00408C400C001145A0057004D0043004C005F00440049004D0054004500580054005F004D0045004400490055004D0040CC800D400D8010B5A0057004D0043004C005F0057004800490054004500404DC010B5A0057004D0043004C005F005400450058005400310040CC800D400D8010A5
310
A0057004D0043004C005F00440049004D00360040CC800D400D8010A5A0057004D0043004C005F00440049004D00350040CC800D400D8010A5A0057004D0043004C005F00440049004D00340040CC800D400D8010A5A0057004D0043004C005F00440049004D00330040CC800D400D8010A5A0057004D0043004C005F00440
310
049004D00320040CC800D400D8010A5A0057004D0043004C005F00440049004D00310040CC800D400D801095A0057004D0043004C005F00440049004D0040CC800D400D8010B5A0057004D0043004C005F005400450058005400360040CC800D400D8010E5A0057004D0043004C005F00440049004D004100520052004F005
310
70040CC800D400D8010B5A0057004D0043004C005F005400450058005400340040CC800D400D801135A0057004D0043004C005F00440049004D0054004500580054005F004C00410052004700450040CC800D400D801095A0057004D0043004C005F00520045004400408C400DC010B5A0057004D0043004C005F005400450
310
058005400350040CC800D400D8010F5A0057004D0043004C005F00440049004D004C004500410044004500520040CC800D400D8010D5A0057004D0043004C005F00420059004C00410059004500520040CC800D400D802AAA9716A
340
0
340
0
340
0
340
0
340
0
340
0
340
0
340
0
340
0
340
0
340
0
340
0
340
0
340
0
340
0
340
0
 94
        0
  0
ACAD_PROXY_OBJECT
  5
2F292
330
2F258
100
AcDbProxyObject
 90
      499
 91
      523
 95
   262177
 70
     0
 93
     2953
310
406406FFFFFFFFFFFFFF003FFFCFFFF3FFFCFFFF3FFFCFFFF3FFFCFFFF3FFFFFFFCFFFFFFFF3FFFFFFFCFFFFFFFF3FFFFFFFCFFFFFFFF3FFFFFFFCFFFFFFFF407FFFFFFFFFFFFFFFCFFFF3FFFCFFFF3FFFCFFFF3FFFCFFFF3FFFCFFFFFFFF3FFFFFFFCFFFFFFFF3FFFFFFFCFFFFFFFF3FFFFFFFCFFFFFFFF3FFFFFFFEAAA90
310
140502544040000000000000C404FFFF3FFFCFFFF3FFFEAAA555000000000000031000000000000000C40000000000000031000000000000000C40000000000000031000000000000000C403FFFCFFFF3FFFCFFFF3FFFCFFFF3FFFCFFFF3FFFCFFFF3FFFCFFFFFFFFFFFFFFFFFFFF3FFFCFFFF3FFFCFFFF3FFFCFFFF3FFFCF
310
FFF3FFFFFFFCFFFFFFFF3FFFFFFFCFFFFFFFF3FFFFFFFCFFFFFFFF3FFFFFFFCFFFFFFFFAAAA9013F2A7C749358940FE40D24014C013C02903490053004F0040D24014C013C02AAAAAAA903490053004F0040D24014C013C0103490053004F00907490053004F002E0078006D006C00AAAA0E02FF
340
0
340
0
340
0
340
0
340
0
340
0
340
0
340
0
340
0
340
0
340
0
340
0
340
0
340
0
340
0
340
0
340
0
340
0
340
0
340
0
340
0
340
0
340
0
340
0
340
0
340
0
340
0
340
0
340
0
340
0
340
0
 94
        0
  0
ACAD_PROXY_OBJECT
  5
2F293
330
2F258
100
AcDbProxyObject
 90
      499
 91
      524
 95
   262177
 70
     0
 93
     6252
310
406406FFFFFFFFFFFFFF003FFFCFFFF3FFFCFFFF3FFFCFFFF3FFFCFFFF3FFFFFFFCFFFFFFFF3FFFFFFFCFFFFFFFF3FFFFFFFCFFFFFFFF3FFFFFFFCFFFFFFFF407FFFFFFFFFFFFFFFCFFFF3FFFCFFFF3FFFCFFFF3FFFCFFFF3FFFCFFFFFFFF3FFFFFFFCFFFFFFFF3FFFFFFFCFFFFFFFF3FFFFFFFCFFFFFFFF3FFFFFFFEAAA90
310
14050256C068FFFF3FFFCFFFF3FFFE405174AA405034110541907421094290B4310D4390F441114491345115459645956659D685A56A5AD6C5B56E5BD705C5725CD745D5765E241D07555000000000000031000000000000000C40000000000000031000000000000000C40000000000000031000000000000000C403FFFCF
310
FFF3FFFCFFFF3FFFCFFFF3FFFCFFFF3FFFCFFFF3FFFCFFFFFFFFFFFFFFFFFFFF3FFFCFFFF3FFFCFFFF3FFFCFFFF3FFFCFFFF3FFFFFFFCFFFFFFFF3FFFFFFFCFFFFFFFF3FFFFFFFCFFFFFFFF3FFFFFFFCFFFFFFFFAAAA40901821664000204012030414C800040801405014224050240D044150641D02800000000000004200
310
000000000001F07E0000000000007C1F9353333333333927E4D4CCCCCCCCCE49FD2069200A6009E01481A480298027802069200A6009E015555555481A480298027802069200A6009E0081A48029802780483A4802980278017003C003680360020664005C006A0081998017001A802026A00809B80204620060008118801A
310
002046400600081990017001A8020666005C006A00809A802026E008118801800204620068008119001800555521A8A00DC00C200C400D800CA008A00F000E000D800DE00C800CA01520EAC00A800BE0084009E009E0098015220A600F200DA00A800CA00F000E800A600D200F400CA00A400C200E800D200DE01520AAC00A
310
800BE00A4007001520AA800C200C400D800CA0082AA003080310036003280212A800C200C400D800CA005C00C800EE00CE008239803A0030803900208E600E800C200E4008439803A0030803900170032003B803380210B600A4008A009800A0009E00A600BA008A2D8021002080260026002780278027002F802800208029
310
002A002F80218027802A8027002A002E804D817D
340
0
340
0
340
0
340
0
340
0
340
0
340
0
340
0
340
0
340
0
340
0
340
0
340
0
340
0
340
0
340
0
340
0
340
0
340
0
340
0
340
0
340
0
340
0
340
0
340
0
340
0
340
0
340
0
340
0
340
0
340
0
340
0
 94
        0
  0
ACAD_PROXY_OBJECT
  5
2F294
330
2F258
100
AcDbProxyObject
 90
      499
 91
      525
 95
   262177
 70
     0
 93
    25183
310
406406FFFFFFFFFFFFFF003FFFCFFFF3FFFCFFFF3FFFCFFFF3FFFCFFFF3FFFFFFFCFFFFFFFF3FFFFFFFCFFFFFFFF3FFFFFFFCFFFFFFFF3FFFFFFFCFFFFFFFF407FFFFFFFFFFFFFFFCFFFF3FFFCFFFF3FFFCFFFF3FFFCFFFF3FFFCFFFFFFFF3FFFFFFFCFFFFFFFF3FFFFFFFCFFFFFFFF3FFFFFFFCFFFFFFFF3FFFFFFFEAAA90
310
140502774068FFFF3FFFCFFFF3FFFE405174AE4050240D044150641D084250A42D0C4350E43D104451244D144551659165599675A1695A96B5B16D5B96F5C1715C9735D1755D97890741D5540000000000000C40000000000000031000000000000000C40000000000000031000000000000000C4000000000000003100FFF
310
F3FFFCFFFF3FFFCFFFF3FFFCFFFF3FFFCFFFF3FFFCFFFF3FFFFFFFFFFFFFFFFFFFCFFFF3FFFCFFFF3FFFCFFFF3FFFCFFFF3FFFCFFFFFFFF3FFFFFFFCFFFFFFFF3FFFFFFFCFFFFFFFF3FFFFFFFCFFFFFFFF3FFFFFFFEAAA92040608419000081002030420C800040801018210640002040080C1083200010200406084190000
310
81002030420C800040801018210640002040080C108320001020040608419000081002030420C800040801018210640002040080C108320001020040608419000081002030420C800040801018210640002040080C108320001020040608419000081002030420C800040801018210640002040080C1083200010200406085
310
9900008100480C108320001020040608419000081002030420C800040801018210640002040080C108320001020040608419000081002030420C800040801018210640002040080C108320001020040608599000081001FFFE80C1053200010200502A0199999999999BD8FC00000000000010400000000000000D103FF843
310
1148000000000000E03F0000000000000310241524014C013C00DC00E002905490053004F003700380041524014C013C00DC00E002AAAAAAA905490053004F003700380041524014C013C00DC00E00105490053004F0037003800909490053004F00370038002E0078006D006C0040CC800B800D4010333002E003500404D4
310
01013700408C400C0010231003400408C800C0010332002E00350040CCC00B800D401013500404DC010231003000408C400D0010232003000AAAA4211C017C0158018401B001D4019401CC02AAA6214801E8008000C800D400C000EC014801E8008000C400D800C000EC014801E8008000C400C000C000EC014801E8008000
310
D800CC00EC014801E8008000D000C000EC014801E8008000C800D400EC014801E8008000C400D800EC014801E8008000C400C000EC014801E8008000D800B800CC00EC014801E8008000D000EC014801E8008000C800B800D400EC014801E8008000C400B800D800EC014801E8008000C400EC014801E8008000C000B800D8
310
00CC00EC014801E8008000C000B800D000EC014801E8008000C000B800C800D400EC014801E8008000C000B800C400D800EC014801E8008000C000B800C400EC014801E8008000C000B800C000D800EC014801E8008000C000B800C000D000EC010942005F0054006F006F006C00740069007000AAA90F500072006F006300
310
65007300730069006E00670020006D006F006400650042904009C017C015001BC01BC01B001D001A401C002AAA4514C01D401C801980184018C0194008001C801BC01D4019C01A001B8019401CC01CC008001480184010741005F004C006100620065006C00AAA90141004210C017C0158018401B001D4019401CC02AAA908
310
41005F00560061006C00750065007300AAA956520061002000350030003B00520061002000320035003B00520061002000310032002E0035003B0052006100200036002E0033003B0052006100200033002E0032003B0052006100200031002E0036003B0052006100200030002E0038003B0052006100200030002E003400
310
3B0052006100200030002E0032003B0052006100200030002E0031003B0052006100200030002E00300035003B0052006100200030002E003000320035003B004250C009C017C0158018401B001D4019401CC02AAA6214801E8008000C800D400C000EC014801E8008000C400D800C000EC014801E8008000C400C000C000E
310
C014801E8008000D800CC00EC014801E8008000D000C000EC014801E8008000C800D400EC014801E8008000C400D800EC014801E8008000C400C000EC014801E8008000D800B800CC00EC014801E8008000D000EC014801E8008000C800B800D400EC014801E8008000C400B800D800EC014801E8008000C400EC014801E80
310
08000C000B800D800CC00EC014801E8008000C000B800D000EC014801E8008000C000B800C800D400EC014801E8008000C000B800C400D800EC014801E8008000C000B800C400EC014801E8008000C000B800C000D800EC014801E8008000C000B800C000D000EC010947005F0054006F006F006C00740069007000AAA91E4
310
F00740068006500720020006D0069006E0069006D0075006D00200072006F007500670068006E006500730073002000760061006C007500650073004290C009C017C015001BC01BC01B001D001A401C002AAA4593C01D001A0019401C8008001C801BC01D4019C01A001B8019401CC01CC008001D8018401B001D4019401CC
310
0108430027005F004C006100620065006C00AAA9024300270042108009C017C013001840188019401B002AAA40908009C010747005F004C006100620065006C00AAA901470041D14017C013001840188019401B002AAA40514010845005F00560061006C00750065007300AAAA42508009C017C0158018401B001D4019401C
310
C02AAA909410027005F00560061006C00750065007300AAA956520061002000350030003B00520061002000320035003B00520061002000310032002E0035003B0052006100200036002E0033003B0052006100200033002E0032003B0052006100200031002E0036003B0052006100200030002E0038003B0052006100200
310
030002E0034003B0052006100200030002E0032003B0052006100200030002E0031003B0052006100200030002E00300035003B0052006100200030002E003000320035003B0042504017C015001BC01BC01B001D001A401C002AAA46DD401C801980184018C0194008001C801BC01D4019C01A001B8019401CC01CC008001
310
48018400B401B401A401B801A401B401D401B4010743005F004C006100620065006C00AAA901430042510017C015001BC01BC01B001D001A401C002AAA4411001A401C80194018C01D001A401BC01B8008001BC0198008001B0018401E4010744005F004C006100620065006C00AAA90144004694001BC01CC01D000B401DC
310
019401B00190008001B40184018C01A001A401B801A401B8019C017C011401B80184018801B0019402AAA42908009C017C015001BC01BC01B001D001A401C002AAA43D4001C801BC018C019401CC01CC01A401B8019C008001B401BC01900194010746005F004C006100620065006C00AAA901460041D08017C01300184018
310
8019401B002AAA405080108410027005F004C006100620065006C00AAA9024100270042118017C0158018401B001D4019401CC02AAA90842005F00560061006C00750065007300AAAA42518017C015001BC01BC01B001D001A401C002AAA44D3C01D001A0019401C8008001CC018401B401C001B00194008001B0019401B80
310
19C01D001A0010945005F0054006F006F006C00740069007000AAA9134D0061006300680069006E0069006E006700200061006C006C006F00770061006E00630065004250C017C015001BC01BC01B001D001A401C002AAA4914C018401B401C001B001A401B8019C008001B0019401B8019C01D001A0008001BC01C8008001
310
8C01BC01C801C801D4019C018401D001940190008001A0019401A4019C01A001D0010D45006E00610062006C0065004500780070006C006F0064006500A907560054005F0042004F004F004C00A910530079006D005400650078007400530069007A00650052006100740069006F00A905560054005F0052003800A9023500
310
3000408C800D40104310032002E00350040CD800B800CC010333002E00320040CC400B800D8010330002E00380040CC000B800D0010330002E00320040CC000B800C4010430002E0030003500414C000B800C000C800D4010332003500300040CC400D800C00103310030003000408D800CC010234003000408C800D401023
310
1003600408C400C0010336002E003300404D0010332002E00350040CC400B800D801013100410C000B800D800CC010330002E003400410C000B800C800D4010430002E003100360040CC000B800C4010430002E0030003600410C000B800C000D0039136
340
0
340
0
340
0
340
0
340
0
340
0
340
0
340
0
340
0
340
0
340
0
340
0
340
0
340
0
340
0
340
0
340
0
340
0
340
0
340
0
340
0
340
0
340
0
340
0
340
0
340
0
340
0
340
0
340
0
340
0
340
0
 94
        0
  0
ACAD_PROXY_OBJECT
  5
2F295
330
2F258
100
AcDbProxyObject
 90
      499
 91
      526
 95
   262177
 70
     0
 93
     8258
310
406406FFFFFFFFFFFFFF003FFFCFFFF3FFFCFFFF3FFFCFFFF3FFFCFFFF3FFFFFFFCFFFFFFFF3FFFFFFFCFFFFFFFF3FFFFFFFCFFFFFFFF3FFFFFFFCFFFFFFFF407FFFFFFFFFFFFFFFCFFFF3FFFCFFFF3FFFCFFFF3FFFCFFFF3FFFCFFFFFFFF3FFFFFFFCFFFFFFFF3FFFFFFFCFFFFFFFF3FFFFFFFCFFFFFFFF3FFFFFFFEAAA90
310
14050224404068FFFF3FFFCFFFF3FFFE405174A24050341105419084250A42D0D4390F4411244D144551B471645956659D685A56A5AD6C5B56E5BD705C5725CD745D5765E241D07555000000000000031000000000000000C40000000000000031000000000000000C40000000000000031000000000000000C403FFFCFFFF
310
408FFFF3FFFCFFFF3FFFCFFFF3FFFCFFFF3FFFCFFFFFFFFFFFFFFFFFFFF3FFFCFFFF3FFFCFFFF3FFFCFFFF3FFFCFFFF3FFFFFFFCFFFFFFFF3FFFFFFFCFFFFFFFF3FFFFFFFCFFFFFFFF3FFFFFFFCFFFFFFFFAAAA4310182046400020400812030408C800040801084060811900008100480C105320001020000000000000000
310
10101820A64000204012030414C800040800758642A15028A43F40608599000081001FFFE80C1083200010200406081190000810020480C102320001020041101821664000204007FFFA030414C8000408014050280000000000001880800000000000020800000000000000020481A4802980278052069200A6009E0081A4
310
8029802780555555552069200A6009E0081A480298027802069200A6009E0120E9200A6009E005C00F000DA00D80081990017001A8020666005C006A00809A802026E00811880180020462006800811900180020664005C006A0081998017001A802026A00809B80204620060008118801A0020464006001555483A2002480
310
2680208026002A002A805482AB002A002F80248019005483A20024802680208026002A002D005482AB002A002F80248019005484220024802680208026002A002A002D005482AB002A002F802480190054882A0032803C003A0029003480338034003A00278033003300398032803A002C00555484A2002480268020802600
310
2A002900270022005482AB002A002F8029001C005483A20024802680208026002A0023005482AB002A002F8029001C005486A2803700308031003600328022803C00380036003780320032805483AB002A002F802100278027802600548422002480268020802800278029802A005483AB002A002F80210029802A00290054
310
81AD802E80110020E880092009A0082009800A8008801520AAC00A800BE00920064015210880092009A0082009800A800A8008801520AAC00A800BE0092006401520C880092009A0082009800A801520EAC00A800BE0084009E009E0098015220A600F200DA00A800CA00F000E800A600D200F400CA00A400C200E800D200D
310
E01520AAC00A800BE00A400700156E0843
340
0
340
0
340
0
340
0
340
0
340
0
340
0
340
0
340
0
340
0
340
0
340
0
340
0
340
0
340
0
340
0
340
0
340
0
340
0
340
0
340
0
340
0
340
0
340
0
340
0
340
0
340
0
340
0
340
0
340
0
340
0
 94
        0
  0
ACAD_PROXY_OBJECT
  5
2F296
330
2F258
100
AcDbProxyObject
 90
      499
 91
      527
 95
   262177
 70
     0
 93
    17432
310
406406FFFFFFFFFFFFFF003FFFCFFFF3FFFCFFFF3FFFCFFFF3FFFCFFFF3FFFFFFFCFFFFFFFF3FFFFFFFCFFFFFFFF3FFFFFFFCFFFFFFFF3FFFFFFFCFFFFFFFF407FFFFFFFFFFFFFFFCFFFF3FFFCFFFF3FFFCFFFF3FFFCFFFF3FFFCFFFFFFFF3FFFFFFFCFFFFFFFF3FFFFFFFCFFFFFFFF3FFFFFFFCFFFFFFFF3FFFFFFFEAAA90
310
140502724068FFFF3FFFCFFFF3FFFE425174A24050341105419084250A42D0D4390F4411244D144551B471645956659D685A56A5AD6C5B56E5BD705C5725CD745D5765E11490140D0441506421094290B4350E43D10449134511546D1C41D07555000000000000031000000000000000C40000000000000031000000000000
310
000C40000000000000031000000000000000C403FFFCFFFF3FFFCFFFF3FFFCFFFF3FFFCFFFF3FFFCFFFF3FFFCFFFFFFFFFFFFFFFFFFFF3FFFCFFFF3FFFCFFFF3FFFCFFFF3FFFCFFFF3FFFFFFFCFFFFFFFF3FFFFFFFCFFFFFFFF3FFFFFFFCFFFFFFFF3FFFFFFFCFFFFFFFFAAAA469018210640002040080C102320001020040
310
90182046400020400842030408C80004080240608419000081002030420C800040801018210640002040080C108320001020040608419000081002030420C800040801018210640002040080C10832000102004060829900008100480C108320001020040608419000081002030420C800040801018210640002040080C105
310
32000102001D6190A8540A290FD01821664000204007FFFA030420C800040801018210640002040080C1023200010200409018210640002040080C102320001020041101821664000204007FFFA030414C80004080140503000000000000031000000000000000C405B43EA0340A81D04A0B41A83D08A1342A85D0DA1D43E8
310
6540681503A0941683507A114268550BC0000000000000620481A4802980278052069200A6009E0081A48029802780555555552069200A6009E0081A480298027802069200A6009E0120E9200A6009E005C00F000DA00D80081990017001A8020666005C006A00809A802026E0081188018002046200680081190018002066
310
4005C006A0081998017001A802026A00809B80204620060008118801A0020464006001555486358029803C803680368032803A0039003C8029803A0039005554883D802E002B801880170018002E00230030803680338032003A001D8034803E8020E880092009A0082009800A800AA01520AAC00A800BE0092006401520E8
310
80092009A0082009800A800B401520AAC00A800BE00920064015210880092009A0082009800A800A800B401520AAC00A800BE00920064015218D600A000DE00E600D200E800D200DE00DC00A600E800E401555220F600B800AE0062005C006000B8008C00C200DA00CE00C800E8007600D400FA008A3580280039003780330
310
034803600328027803300208037003C80260034803700328029803A0039005554883D802E002B801880170018002E00230030803680338032003A001D8035803E80218D6008C00D800C200E800DC00CA00E600E600A600E800E401555220F600B800AE0062005C006000B8008C00C200DA00CE00C800E8007600C600FA0089
310
358021803480390031803A8036003080390029003A80370027803A803A0029803A0039005554883D802E002B801880170018002E00230030803680338032003A001D8034003E80228D600A000CA00E400E000CA00DC00C800D200C600EA00D800C200E400D200E800F200A600E800E401555220F600B800AE0062005C00600
310
0B8008C00C200DA00CE00C800E8007600C400FA0087B58021803480390031803A8036003080390034803A003C8029803A0039005554883D802E002B801880170018002E00330030803680338032003A001D8032803E8021ED600A800DE00E800C200D800A400EA00DC009E00EA00E800A600E800E401555220F600B800AE00
310
62005C006000B8008C00C200DA00CE00C800E8007600E800FA0088358029803A00390030803480338034003A00370032803980398029803A0039005554883D802E002B801880170018002E00230030803680338032003A001D803A803E80212880092009A0082009800A800A4009C008801520AAC00A800BE00A4007001521
310
ED600A000C200E400C200D800D800CA00D800D200E600DA00A600E800E401555220F600B800AE0062005C006000B8008C00C200DA00CE00C800E8007600CC00FA008735802080370033803A8036003080390034803A003C8029803A0039005554883D802E002B801880170018002E00230030803680338032003A001D80308
310
03E80220D6008600F200D800D200DC00C800E400D200C600D200E800F200A600E800E401555220F600B800AE0062005C006000B8008C00C200DA00CE00C800E8007600CE00FA0086B580240030803B0032802700378023803280378029803A003900555520E880092009A0082009800A8008C01520AAC00A800BE00A400700
310
1521A8A00DC00C200C400D800CA008A00F000E000D800DE00C800CA01520EAC00A800BE0084009E009E009801523CD6008600DE00DC00C600CA00DC00E800E400D200C600D200E800F2008200DC00C8008600DE00C200F000D200C200D800D200E800F200A600E800E401555220F600B800AE0062005C006000B8008C00C20
310
0DA00CE00C800E8007600E400FA008422002480268020802800278029802A005483AB002A002F80210029802A0029005481AD802E80110020E880092009A0082009800A8008801520AAC00A800BE0092006401522ED600A000E400DE00CC00D200D800CA009E00CC008200DC00F200A600EA00E400CC00C200C600CA00A600
310
E800E401555220F600B800AE0062005C006000B8008C00C200DA00CE00C800E8007600C800FA0084220024802680208026002A002A0022005482AB002A002F80248019005483220024802680208026002A005483AB002A002F802100278027802600548829803C8036802A0032803C003A00298034803D003280290030803A
310
00348037805482AB002A002F8029001C0054D45F
340
0
340
0
340
0
340
0
340
0
340
0
340
0
340
0
340
0
340
0
340
0
340
0
340
0
340
0
340
0
340
0
340
0
340
0
340
0
340
0
340
0
340
0
340
0
340
0
340
0
340
0
340
0
340
0
340
0
340
0
340
0
 94
        0
  0
ACAD_PROXY_OBJECT
  5
2F297
330
2F258
100
AcDbProxyObject
 90
      499
 91
      528
 95
   262177
 70
     0
 93
     4503
310
406406FFFFFFFFFFFFFF003FFFCFFFF3FFFCFFFF3FFFCFFFF3FFFCFFFF3FFFFFFFCFFFFFFFF3FFFFFFFCFFFFFFFF3FFFFFFFCFFFFFFFF3FFFFFFFCFFFFFFFF407FFFFFFFFFFFFFFFCFFFF3FFFCFFFF3FFFCFFFF3FFFCFFFF3FFFCFFFFFFFF3FFFFFFFCFFFFFFFF3FFFFFFFCFFFFFFFF3FFFFFFFCFFFFFFFF3FFFFFFFEAAA90
310
1405027EC068FFFF3FFFCFFFF3FFFE45D1741645D184651A90741D5540000000000000C40000000000000031000000000000000C40000000000000031000000000000000C4000000000000003100FFFF3FFFCFFFF3FFFCFFFF3FFFCFFFF3FFFCFFFF3FFFCFFFF3FFFFFFFFFFFFFFFFFFFCFFFF3FFFCFFFF3FFFCFFFF3FFFCF
310
FFF3FFFCFFFFFFFF3FFFFFFFCFFFFFFFF3FFFFFFFCFFFFFFFF3FFFFFFFCFFFFFFFF3FFFFFFFEAAA90240608599000081001FFFE80C1053200010200501000000000000380FC0000000000000C40903490053004F00A40D24014C013C0103490053004F00AAAAAAAA40D24014C013C0103490053004F0040D24014C013C0241
310
D24014C013C00B801E001B401B0010332002E00350040CCC00B800D401013500404DC010231003000408C400D001023200300040CC800B800D4010333002E003500404D401013700408C400C0010231003400408C800C002AAA90D45006E00610062006C0065004500780070006C006F0064006500A907560054005F004200
310
4F004F004C00A910530079006D005400650078007400530069007A00650052006100740069006F00A905560054005F0052003800A8A81E
340
0
340
0
340
0
340
0
340
0
340
0
340
0
340
0
340
0
340
0
340
0
340
0
340
0
340
0
340
0
340
0
340
0
340
0
340
0
340
0
340
0
340
0
340
0
340
0
340
0
340
0
340
0
340
0
340
0
340
0
340
0
 94
        0
  0
ACAD_PROXY_OBJECT
  5
2F298
330
2F258
100
AcDbProxyObject
 90
      499
 91
      529
 95
   262177
 70
     0
 93
     4951
310
406406FFFFFFFFFFFFFF003FFFCFFFF3FFFCFFFF3FFFCFFFF3FFFCFFFF3FFFFFFFCFFFFFFFF3FFFFFFFCFFFFFFFF3FFFFFFFCFFFFFFFF3FFFFFFFCFFFFFFFF407FFFFFFFFFFFFFFFCFFFF3FFFCFFFF3FFFCFFFF3FFFCFFFF3FFFCFFFFFFFF3FFFFFFFCFFFFFFFF3FFFFFFFCFFFFFFFF3FFFFFFFCFFFFFFFF3FFFFFFFEAAA90
310
14050203C04068FFFF3FFFCFFFF3FFFE405174A64050341105419084250A42D0D4390F4411244D144551B4716359165599675A1695A96B5B16D5B96F5C1715C9735D1755D97841D17461194691B4716341D07555000000000000031000000000000000C40000000000000031000000000000000C4000000000000003100000
310
0000000000C403FFFCFFFF3FFFCFFFF3FFFCFFFF3FFFCFFFF3FFFCFFFF3FFFCFFFFFFFFFFFFFFFFFFFF3FFFCFFFF3FFFCFFFF3FFFCFFFF3FFFCFFFF3FFFFFFFCFFFFFFFF3FFFFFFFCFFFFFFFF3FFFFFFFCFFFFFFFF3FFFFFFFCFFFFFFFFAAAA40901821664000204007FFFA030414C8000408014040000000000000C408000
310
0000000000C40903490053004F00A40D24014C013C0103490053004F00AAAAAAAA40D24014C013C0103490053004F0040D24014C013C0241D24014C013C00B801E001B401B0010332002E00350040CCC00B800D401013500404DC010231003000408C400D001023200300040CC800B800D4010333002E003500404D4010137
310
00408C400C0010231003400408C800C002AAA90D45006E00610062006C0065004500780070006C006F0064006500A907560054005F0042004F004F004C00A910530079006D005400650078007400530069007A00650052006100740069006F00A905560054005F0052003800A8A81E
340
0
340
0
340
0
340
0
340
0
340
0
340
0
340
0
340
0
340
0
340
0
340
0
340
0
340
0
340
0
340
0
340
0
340
0
340
0
340
0
340
0
340
0
340
0
340
0
340
0
340
0
340
0
340
0
340
0
340
0
340
0
 94
        0
  0
ACAD_PROXY_OBJECT
  5
2F299
330
2F258
100
AcDbProxyObject
 90
      499
 91
      530
 95
   262177
 70
     0
 93
     4928
310
406406FFFFFFFFFFFFFF003FFFCFFFF3FFFCFFFF3FFFCFFFF3FFFCFFFF3FFFFFFFCFFFFFFFF3FFFFFFFCFFFFFFFF3FFFFFFFCFFFFFFFF3FFFFFFFCFFFFFFFF407FFFFFFFFFFFFFFFCFFFF3FFFCFFFF3FFFCFFFF3FFFCFFFF3FFFCFFFFFFFF3FFFFFFFCFFFFFFFF3FFFFFFFCFFFFFFFF3FFFFFFFCFFFFFFFF3FFFFFFFEAAA90
310
1405020B404068FFFF3FFFCFFFF3FFFE4051749E40D0441506421094290B4350E43D10449134511546D1C59165599675A1695A96B5B16D5B96F5C1715C9735D1755D97890741D5540000000000000C40000000000000031000000000000000C40000000000000031000000000000000C4000000000000003100FFFF3FFFCFF
310
FF3FFFCFFFF3FFFCFFFF3FFFCFFFF3FFFCFFFF3FFFFFFFFFFFFFFFFFFFCFFFF3FFFCFFFF3FFFCFFFF3FFFCFFFF3FFFCFFFFFFFF3FFFFFFFCFFFFFFFF3FFFFFFFCFFFFFFFF3FFFFFFFCFFFFFFFF3FFFFFFFEAAA90240608599000081001FFFE80C1053200010200501000000000000021000000000000000840000000000020
310
1190281C81A4802980278052069200A6009E0081A48029802780555555552069200A6009E0081A480298027802069200A6009E0120E9200A6009E005C00F000DA00D80081990017001A8020666005C006A00809A802026E00811880180020462006800811900180020664005C006A0081998017001A802026A00809B802046
310
20060008118801A0020464006001555486A2803700308031003600328022803C00380036003780320032805483AB002A002F802100278027802600548829803C8036802A0032803C003A00298034803D003280290030803A00348037805482AB002A002F8029001C0054540F
340
0
340
0
340
0
340
0
340
0
340
0
340
0
340
0
340
0
340
0
340
0
340
0
340
0
340
0
340
0
340
0
340
0
340
0
340
0
340
0
340
0
340
0
340
0
340
0
340
0
340
0
340
0
340
0
340
0
340
0
340
0
340
2F29A
340
2F29B
 94
        0
  0
ACAD_PROXY_OBJECT
  5
2F29C
330
2F258
100
AcDbProxyObject
 90
      499
 91
      531
 95
   262177
 70
     0
 93
     4818
310
406406FFFFFFFFFFFFFF003FFFCFFFF3FFFCFFFF3FFFCFFFF3FFFCFFFF3FFFFFFFCFFFFFFFF3FFFFFFFCFFFFFFFF3FFFFFFFCFFFFFFFF3FFFFFFFCFFFFFFFF407FFFFFFFFFFFFFFFCFFFF3FFFCFFFF3FFFCFFFF3FFFCFFFF3FFFCFFFFFFFF3FFFFFFFCFFFFFFFF3FFFFFFFCFFFFFFFF3FFFFFFFCFFFFFFFF3FFFFFFFEAAA90
310
14050217C04068FFFF3FFFCFFFF3FFFE405174A24050341105419084250A42D0D4390F4411244D144551B471645956659D685A56A5AD6C5B56E5BD705C5725CD745D5765E10745D184651A46D1C58D0741D5540000000000000C40000000000000031000000000000000C40000000000000031000000000000000C40000000
310
00000003100FFFF3FFFCFFFF3FFFCFFFF3FFFCFFFF3FFFCFFFF3FFFCFFFF3FFFFFFFFFFFFFFFFFFFCFFFF3FFFCFFFF3FFFCFFFF3FFFCFFFF3FFFCFFFFFFFF3FFFFFFFCFFFFFFFF3FFFFFFFCFFFFFFFF3FFFFFFFCFFFFFFFF3FFFFFFFEAAA90240608599000081001FFFE80C10532000102005011312069200A6009E01481A4
310
80298027802069200A6009E015555555481A480298027802069200A6009E0081A48029802780483A4802980278017003C003680360020664005C006A0081998017001A802026A00809B80204620060008118801A002046400600081990017001A8020666005C006A00809A802026E008118801800204620068008119001800
310
555521A8A00DC00C200C400D800CA008A00F000E000D800DE00C800CA01520EAC00A800BE0084009E009E0098015220A600F200DA00A800CA00F000E800A600D200F400CA00A400C200E800D200DE01520AAC00A800BE00A400700151503F0
340
0
340
0
340
0
340
0
340
0
340
0
340
0
340
0
340
0
340
0
340
0
340
0
340
0
340
0
340
0
340
0
340
0
340
0
340
0
340
0
340
0
340
0
340
0
340
0
340
0
340
0
340
0
340
0
340
0
340
0
340
0
 94
        0
  0
ACAD_PROXY_OBJECT
  5
2F29D
330
2F258
100
AcDbProxyObject
 90
      499
 91
      532
 95
   262177
 70
     0
 93
    10067
310
406406FFFFFFFFFFFFFF003FFFCFFFF3FFFCFFFF3FFFCFFFF3FFFCFFFF3FFFFFFFCFFFFFFFF3FFFFFFFCFFFFFFFF3FFFFFFFCFFFFFFFF3FFFFFFFCFFFFFFFF407FFFFFFFFFFFFFFFCFFFF3FFFCFFFF3FFFCFFFF3FFFCFFFF3FFFCFFFFFFFF3FFFFFFFCFFFFFFFF3FFFFFFFCFFFFFFFF3FFFFFFFCFFFFFFFF3FFFFFFFEAAA90
310
14050216408068FFFF3FFFCFFFF3FFFE4051749E4050240D0441506421094290B4350E43D10449134511559165599675A1695A96B5B16D5B96F5C1715C9735D1755D97890741D5540000000000000C40000000000000031000000000000000C40000000000000031000000000000000C4000000000000003100FFFF3FFFCFF
310
FF3FFFCFFFF3FFFCFFFF3FFFCFFFF3FFFCFFFF3FFFFFFFFFFFFFFFFFFFCFFFF3FFFCFFFF3FFFCFFFF3FFFCFFFF3FFFCFFFFFFFF3FFFFFFFCFFFFFFFF3FFFFFFFCFFFFFFFF3FFFFFFFCFFFFFFFF3FFFFFFFEAAA90240608599000081001FFFE80C1053200010200501492903490053004F00A40D24014C013C0103490053004
310
F00AAAAAAAA40D24014C013C0103490053004F0040D24014C013C0241D24014C013C00B801E001B401B0010332002E00350040CCC00B800D401013500404DC010231003000408C400D001023200300040CC800B800D4010333002E003500404D401013700408C400C0010231003400408C800C002AAA90D45006E006100620
310
06C0065004500780070006C006F0064006500A907560054005F0042004F004F004C00A910530079006D005400650078007400530069007A00650052006100740069006F00A905560054005F0052003800A909520031002E0030002F0032002E00310032004294800C400B800C800D400BC00C800B800D800D4010952003100
310
2E0036002F0033002E00330035004254800C800B800C000BC00D000B800C800D40108520032002E0035002F0035002E0033004254800CC00B800C400D400BC00D800B800DC0108520034002E0030002F0038002E0035004254800D400B800C000BC00C400C000B800D80109520036002E0033002F00310033002E003200425
310
4800E000B800C000BC00C400DC00B800C0010A5200310030002E0030002F00320031002E0032004290400C000B800D400BC010400C400B800C000D8010A410030002E00360033002F0031002E00330032004250400C000B800E000BC00C400B800DC00C00109410031002E0030002F0032002E00310032004290400C400B80
310
0C800D400BC00C800B800D800D40109410031002E0036002F0033002E00330035004250400C800B800C000BC00D000B800C800D40108410032002E0035002F0035002E0033004250400CC00B800C400D400BC00D800B800DC0108410034002E0030002F0038002E0035004250400D400B800C000BC00C400C000B800D80109
310
410036002E0033002F00310033002E0032004250400E000B800C000BC00C400DC00B800C0010A4100310030002E0030002F00320031002E0032004250800C400B800C000BC00CC00B800C400D40107420031002E00320035002F0034004190800C400B800D800BC00D40108420032002E0030002F0036002E0033004190800
310
C800B800D400BC00E00108420033002E00310035002F00310030004250800D000B800C000BC00C400C800B800D40107420035002E0030002F003100360041D0800D800B800CC00BC00C400E00109420038002E0030002F00320032002E0034004210800C400C000B800C000BC00C800E00008721
340
0
340
0
340
0
340
0
340
0
340
0
340
0
340
0
340
0
340
0
340
0
340
0
340
0
340
0
340
0
340
0
340
0
340
0
340
0
340
0
340
0
340
0
340
0
340
0
340
0
340
0
340
0
340
0
340
0
340
0
340
0
 94
        0
  0
ACAD_PROXY_OBJECT
  5
2F29E
330
2F258
100
AcDbProxyObject
 90
      499
 91
      533
 95
   262177
 70
     0
 93
     7413
310
406406FFFFFFFFFFFFFF003FFFCFFFF3FFFCFFFF3FFFCFFFF3FFFCFFFF3FFFFFFFCFFFFFFFF3FFFFFFFCFFFFFFFF3FFFFFFFCFFFFFFFF3FFFFFFFCFFFFFFFF407FFFFFFFFFFFFFFFCFFFF3FFFCFFFF3FFFCFFFF3FFFCFFFF3FFFCFFFFFFFF3FFFFFFFCFFFFFFFF3FFFFFFFCFFFFFFFF3FFFFFFFCFFFFFFFF3FFFFFFFEAAA90
310
14050218C08068FFFF3FFFCFFFF3FFFE405174AE4050240D044150641D084250A42D0C4350E43D104451244D144551659165599675A1695A96B5B16D5B96F5C1715C9735D1755D97890741D5540000000000000C40000000000000031000000000000000C40000000000000031000000000000000C4000000000000003100F
310
FFF3FFFCFFFF3FFFCFFFF3FFFCFFFF3FFFCFFFF3FFFCFFFF3FFFFFFFFFFFFFFFFFFFCFFFF3FFFCFFFF3FFFCFFFF3FFFCFFFF3FFFCFFFFFFFF3FFFFFFFCFFFFFFFF3FFFFFFFCFFFFFFFF3FFFFFFFCFFFFFFFF3FFFFFFFEAAA90A406081190000810020480C102320001020042101820464000204012030414C8000408007586
310
42A15028A43F40608599000081001FFFE80C1083200010200406081190000810020480C102320001020041101821664000204007FFFA030414C800040801406A40D24014C013C02903490053004F0040D24014C013C02AAAAAAA903490053004F0040D24014C013C0103490053004F00907490053004F002E0078006D006C0
310
040CC800B800D4010333002E003500404D401013700408C400C0010231003400408C800C0010332002E00350040CCC00B800D401013500404DC010231003000408C400D0010232003000AAAA41D1001240134010401300150015402A415580150017C012400C802A41D1001240134010401300150016802A415580150017C0
310
12400C802A42110012401340104013001500150016802A415580150017C012400C802A41D1001240134010401300150011802A415580150017C014800E002A4351401B80184018801B00194011401E001C001B001BC0190019402A41D580150017C0108013C013C013002A421100124013401040140013C014C015002A41D5
310
80150017C0108014C0150014802A40D6C017400880107440049004D0041004C0054004400A905560054005F0049003200A908440049004D0041004C00540054004400A905560054005F0049003200A906440049004D0041004C005400A907560054005F0042004F004F004C00A910530079006D00540065007800740053006
310
9007A00650052006100740069006F00A905560054005F0052003800A903490053004F00FE0E8
340
0
340
0
340
0
340
0
340
0
340
0
340
0
340
0
340
0
340
0
340
0
340
0
340
0
340
0
340
0
340
0
340
0
340
0
340
0
340
0
340
0
340
0
340
0
340
0
340
0
340
0
340
0
340
0
340
0
340
0
340
0
 94
        0
  0
ACAD_PROXY_OBJECT
  5
2F29F
330
2F258
100
AcDbProxyObject
 90
      499
 91
      534
 95
   262177
 70
     0
 93
     2897
310
406406FFFFFFFFFFFFFF003FFFCFFFF3FFFCFFFF3FFFCFFFF3FFFCFFFF3FFFFFFFCFFFFFFFF3FFFFFFFCFFFFFFFF3FFFFFFFCFFFFFFFF3FFFFFFFCFFFFFFFF407FFFFFFFFFFFFFFFCFFFF3FFFCFFFF3FFFCFFFF3FFFCFFFF3FFFCFFFFFFFF3FFFFFFFCFFFFFFFF3FFFFFFFCFFFFFFFF3FFFFFFFCFFFFFFFF3FFFFFFFEAAA90
310
1405021B408040000000000000C408FFFF3FFFCFFFF3FFFEAAA555000000000000031000000000000000C40000000000000031000000000000000C40000000000000031000000000000000C403FFFCFFFF3FFFCFFFF3FFFCFFFF3FFFCFFFF3FFFCFFFF3FFFCFFFFFFFFFFFFFFFFFFFF3FFFCFFFF3FFFCFFFF3FFFCFFFF3FFF
310
CFFFF3FFFFFFFCFFFFFFFF3FFFFFFFCFFFFFFFF3FFFFFFFCFFFFFFFF3FFFFFFFCFFFFFFFFAAAA901A40D24014C013C02903490053004F0040D24014C013C02AAAAAAA903490053004F0040D24014C013C0103490053004F00907490053004F002E0078006D006C00AAAA0E0280
340
0
340
0
340
0
340
0
340
0
340
0
340
0
340
0
340
0
340
0
340
0
340
0
340
0
340
0
340
0
340
0
340
0
340
0
340
0
340
0
340
0
340
0
340
0
340
0
340
0
340
0
340
0
340
0
340
0
340
0
340
0
 94
        0
  0
ACAD_PROXY_OBJECT
  5
2F2A0
330
2F258
100
AcDbProxyObject
 90
      499
 91
      535
 95
   262177
 70
     0
 93
     6888
310
406406FFFFFFFFFFFFFF003FFFCFFFF3FFFCFFFF3FFFCFFFF3FFFCFFFF3FFFFFFFCFFFFFFFF3FFFFFFFCFFFFFFFF3FFFFFFFCFFFFFFFF3FFFFFFFCFFFFFFFF407FFFFFFFFFFFFFFFCFFFF3FFFCFFFF3FFFCFFFF3FFFCFFFF3FFFCFFFFFFFF3FFFFFFFCFFFFFFFF3FFFFFFFCFFFFFFFF3FFFFFFFCFFFFFFFF3FFFFFFFEAAA90
310
14050209C08068FFFF3FFFCFFFF3FFFE4064A24050341105419084250A42D0D4390F4411244D144551B471645956659D685A56A5AD6C5B56E5BD705C5725CD745D5765E241D074666666666666E63F55000000000000031000000000000000C40000000000000031000000000000000C400000000000000310000000000000
310
00C403FFFCFFFF3FFFCFFFF3FFFCFFFF3FFFCFFFF3FFFCFFFF3FFFCFFFFFFFFFFFFFFFFFFFF3FFFCFFFF3FFFCFFFF3FFFCFFFF3FFFCFFFF3FFFFFFFCFFFFFFFF3FFFFFFFCFFFFFFFF3FFFFFFFCFFFFFFFF3FFFFFFFCFFFFFFFFAAAA40901821664000204007FFFA030414C800040801404666666666666E63F470C20198603
310
310066280CC90199003318066380CCA0199603330066680CCE0199E03340066880CD2019A603350066A80CD6019AE0343687511A2704C0A8AD0545A8BD18A3346A820240561A8DD1CC8624802980278019001A801A80198016801900180018801C8052369200A6009E0064006A006A0066005A006400600062007200400040
310
0040009200A6009E00680060006C0066005A0064006000600072008624802980278019001A801A80198016801900180018801C80555555552189200A6009E0064006A006A0066005A0064006000620072008DA4802980278019001A801A80198016801900180018801C801000100010002480298027801A0018001B0019801
310
6801900180018001C802189200A6009E0064006A006A0066005A0064006000620072012169200A6009E0064006000620072005C00F000DA00D80081990017001A8020666005C006A00809A802026E00811880180020462006800811900180020664005C006A0081998017001A802026A00809B80204620060008118801A002
310
0464006001555486A2803700308031003600328022803C00380036003780320032805483AB002A002F802100278027802600548829803C8036802A0032803C003A00298034803D003280290030803A00348037805482AB002A002F8029001C00555419
340
0
340
0
340
0
340
0
340
0
340
0
340
0
340
0
340
0
340
0
340
0
340
0
340
0
340
0
340
0
340
0
340
0
340
0
340
0
340
0
340
0
340
0
340
0
340
0
340
0
340
0
340
0
340
0
340
0
340
0
340
0
340
2F2A1
 94
        0
  0
ACAD_PROXY_OBJECT
  5
2F2A2
330
2F258
100
AcDbProxyObject
 90
      499
 91
      536
 95
   262177
 70
     0
 93
     5656
310
406406FFFFFFFFFFFFFF003FFFCFFFF3FFFCFFFF3FFFCFFFF3FFFCFFFF3FFFFFFFCFFFFFFFF3FFFFFFFCFFFFFFFF3FFFFFFFCFFFFFFFF3FFFFFFFCFFFFFFFF407FFFFFFFFFFFFFFFCFFFF3FFFCFFFF3FFFCFFFF3FFFCFFFF3FFFCFFFFFFFF3FFFFFFFCFFFFFFFF3FFFFFFFCFFFFFFFF3FFFFFFFCFFFFFFFF3FFFFFFFEAAA90
310
1405023BC08064FFFF3FFFCFFFF3FFFEAA41E555000000000000031000000000000000C40000000000000031000000000000000C40000000000000031000000000000000C403FFFCFFFF3FFFCFFFF3FFFCFFFF3FFFCFFFF3FFFCFFFF3FFFCFFFFFFFFFFFFFFFFFFFF3FFFCFFFF3FFFCFFFF3FFFCFFFF3FFFCFFFF3FFFFFFFC
310
FFFFFFFF3FFFFFFFCFFFFFFFF3FFFFFFFCFFFFFFFF3FFFFFFFCFFFFFFFFAAAA40901821664000204007FFFA030414C80004080140A20484A192069200A6009E01481A480298027802069200A6009E015555555481A480298027802069200A6009E0081A48029802780483A4802980278017003C003680360020664005C006A
310
0081998017001A802026A00809B80204620060008118801A0020464006001555486A2803700308031003600328022803C00380036003780320032805483AB002A002F802100278027802600548829803C8036802A0032803C003A00298034803D003280290030803A00348037805482AB002A002F8029001C0054912D80220
310
022802A002080248026002F80260020802100228026002E80100014002D80220022802A002080248026002F80208021002980298021802080260022802E80148020C620060006000600074006200829A80180018001D00188020A64006000600074006200829880180018001D0018802086A0060007400620082190018001D
310
0018802086200600074006200819A801D00188020664007400620080B010A02C24280B110A02C64280B210A02CA4281AB0024802480202CE4280B410A02D24280B510A02D642A019
340
0
340
0
340
0
340
0
340
0
340
0
340
0
340
0
340
0
340
0
340
0
340
0
340
0
340
0
340
0
340
0
340
0
340
0
340
0
340
0
340
0
340
0
340
0
340
0
340
0
340
0
340
0
340
0
340
0
340
0
340
0
340
16
 94
        0
  0
ACAD_PROXY_OBJECT
  5
2F2A3
330
2F258
100
AcDbProxyObject
 90
      499
 91
      537
 95
   262177
 70
     0
 93
     9222
310
406406FFFFFFFFFFFFFF003FFFCFFFF3FFFCFFFF3FFFCFFFF3FFFCFFFF3FFFFFFFCFFFFFFFF3FFFFFFFCFFFFFFFF3FFFFFFFCFFFFFFFF3FFFFFFFCFFFFFFFF407FFFFFFFFFFFFFFFCFFFF3FFFCFFFF3FFFCFFFF3FFFCFFFF3FFFCFFFFFFFF3FFFFFFFCFFFFFFFF3FFFFFFFCFFFFFFFF3FFFFFFFCFFFFFFFF3FFFFFFFEAAA90
310
1405020840C068FFFF3FFFF3FFFE405174A24050341105419084250A42D0D4390F4411244D144551B471645956659D685A56A5AD6C5B56E5BD705C5725CD745D5765E241D07555000000000000031000000000000000C40000000000000031000000000000000C40000000000000031000000000000000C403FFFCFFFF3FFF
310
CFFFF3FFFCFFFF3FFFCFFFF3FFFCFFFF3FFFCFFFFFFFFFFFFFFFFFFFF3FFFCFFFF3FFFCFFFF3FFFCFFFF3FFFCFFFF3FFFFFFFCFFFFFFFF3FFFFFFFCFFFFFFFF3FFFFFFFCFFFFFFFF3FFFFFFFCFFFFFFFFAAAA40D018204640002040081203042CC800040800FFFF4060829900008100281440640A808000000000000488000
310
00000000000A2022693C83A480298027801900180018001880520E9200A6009E00640060006000620083A4802980278019001800180018805555555520E9200A6009E00640060006000620083A48029802780190018001800188020E9200A6009E0064006000600062012169200A6009E0064006000600062005C00F000DA0
310
0D80081990017001A8020666005C006A00809A802026E00811880180020462006800811900180020664005C006A0081998017001A802026A00809B80204620060008118801A00204640060015554862A0032803C003A0028003780398034803A00348037803700555486A2803700308031003600328022803C003800360037
310
80320032805483AB002A002F802100278027802600548829803C8036802A0032803C003A00298034803D003280290030803A00348037805482AB002A002F8029001C0054A1AD802980228021802A002480278027002F80260020802100228026002F8023002480290029802A002E8016802D802980228021802A0024802780
310
27002F80260020802100228026002F802600208029802A002E802E0028002E0027802D802980228021802A002480278027002F80260020802100228026002F80298021802080260022802E8020C620060006000600074006200829A80180018001D00188020A64006000600074006200829880180018001D0018802086A006
310
0007400620082190018001D0018802086200600074006200819A801D0018802066400740062008198801D0018802066200740064008198801D001A8020862007400620060008218801D0019001800208620074006A0060008298801D0018801800180020A620074006400600060008298801D001A801800180020C62007400
310
620060006000600080A080202840080A180202880080A2802028C0080A380202900080A480202940080A580202980080A6802029C0080A780202A00080A880202A40080A980202A80080AA80202AC0080AB80202B00080AC80202B400809680202C04280B090A02C44280B190A02C84280B290A02CC4280B390A02D04280B4
310
90A02D44280B590E00BD
340
0
340
0
340
0
340
0
340
0
340
0
340
0
340
0
340
0
340
0
340
0
340
0
340
0
340
0
340
0
340
0
340
0
340
0
340
0
340
0
340
0
340
0
340
0
340
0
340
0
340
0
340
0
340
0
340
0
340
0
340
0
340
2F2A4
 94
        0
  0
ACAD_PROXY_OBJECT
  5
2F2A5
330
2F258
100
AcDbProxyObject
 90
      499
 91
      538
 95
   262177
 70
     0
 93
     8493
310
406406FFFFFFFFFFFFFF003FFFCFFFF3FFFCFFFF3FFFCFFFF3FFFCFFFF3FFFFFFFCFFFFFFFF3FFFFFFFCFFFFFFFF3FFFFFFFCFFFFFFFF3FFFFFFFCFFFFFFFF407FFFFFFFFFFFFFFFCFFFF3FFFCFFFF3FFFCFFFF3FFFCFFFF3FFFCFFFFFFFF3FFFFFFFCFFFFFFFF3FFFFFFFCFFFFFFFF3FFFFFFFCFFFFFFFF3FFFFFFFEAAA90
310
1405022140C068FFFF3FFFCFFFF3FFFC0000000000000C40421084A24050341105419084250A42D0D4390F4411244D144551B471645956659D685A56A5AD6C5B56E5BD705C5725CD745D5765E241D07555000000000000031000000000000000C40000000000000031000000000000000C4000000000000003100000000000
310
0000C403FFFCFFFF3FFFCFFFF3FFFCFFFF3FFFCFFFF3FFFCFFFF3FFFCFFFFFFFFFFFFFFFFFFFF3FFFCFFFF3FFFCFFFF3FFFCFFFF3FFFCFFFF3FFFFFFFCFFFFFFFF3FFFFFFFCFFFFFFFF3FFFFFFFCFFFFFFFF3FFFFFFFCFFFFFFFFAAAA41101820A640002040000000000000006202030408C80004080240608599000081001
310
FFFE80C1053200010200501000000000000091010844D27903490053004F00A40D24014C013C0103490053004F00AAAAAAAA40D24014C013C0103490053004F0040D24014C013C0241D24014C013C00B801E001B401B0010332002E00350040CCC00B800D401013500404DC010231003000408C400D001023200300040CC80
310
0B800D4010333002E003500404D401013700408C400C0010231003400408C800C002AAA90E4C006100620065006C004100720072006F007700530069007A006500AAA90C540065007800740050006F0073006900740069006F006E00AAA90D45006E00610062006C0065004500780070006C006F0064006500A90756005400
310
5F0042004F004F004C00A910530079006D005400650078007400530069007A00650052006100740069006F00A905560054005F0052003800A91B5B0056004900450057005F004E0041004D0045005D005C0050005C004F005B0056004900450057005F005300430041004C0045005D00418C400C000C000C000E800C401053
310
500300030003A003100414C800C000C000E800C401053100300030003A003100410D400C000E800C40104320030003A003100410C400C000E800C4010335003A00310040CC800E800C4010331003A00310040CC400E800C8010331003A003500410C400E800C400C0010431003A0032003000410C400E800D400C001053100
310
3A00310030003000414C400E800C800C000C0010531003A00350030003000418C400E800C400C000C000C00101410040508010143004051001014500405180101470040520010149004052801014B004053001014D004053801014F00405400101510040548010153004055001015500405580101570040560010159004056
310
801012D004058085016121405888501632140590850165214059885016721405A085016921405A885016B217814E
340
0
340
0
340
0
340
0
340
0
340
0
340
0
340
0
340
0
340
0
340
0
340
0
340
0
340
0
340
0
340
0
340
0
340
0
340
0
340
0
340
0
340
0
340
0
340
0
340
0
340
0
340
0
340
0
340
0
340
0
340
0
 94
        0
  0
ACAD_PROXY_OBJECT
  5
2F2A6
330
2F258
100
AcDbProxyObject
 90
      499
 91
      539
 95
   262177
 70
     0
 93
     5181
310
406406FFFFFFFFFFFFFF003FFFCFFFF3FFFCFFFF3FFFCFFFF3FFFCFFFF3FFFFFFFCFFFFFFFF3FFFFFFFCFFFFFFFF3FFFFFFFCFFFFFFFF3FFFFFFFCFFFFFFFF407FFFFFFFFFFFFFFFCFFFF3FFFCFFFF3FFFCFFFF3FFFCFFFF3FFFCFFFFFFFF3FFFFFFFCFFFFFFFF3FFFFFFFCFFFFFFFF3FFFFFFFCFFFFFFFF3FFFFFFFEAAA90
310
1405022DC0C064FFFF3FFFCFFFF3FFFE405174A24050341105419084250A42D0D4390F4411244D144551B471645956659D685A56A5AD6C5B56E5BD705C5725CD745D5765E241D07555000000000000031000000000000000C40000000000000031000000000000000C40000000000000031000000000000000C403FFFCFFFF
310
3FFFCFFFF3FFFCFFFF3FFFCFFFF3FFFCFFFF3FFFCFFFFFFFFFFFFFFFFFFFF3FFFCFFFF3FFFCFFFF3FFFCFFFF3FFFCFFFF3FFFFFFFCFFFFFFFF3FFFFFFFCFFFFFFFF3FFFFFFFCFFFFFFFF3FFFFFFFCFFFFFFFFAAAA40901821664000204007FFFA030414C800040801406000000000000021000000000000003440000000000
310
000091020000000000000310240D24014C013C02903490053004F0040D24014C013C02AAAAAAA903490053004F0040D24014C013C0103490053004F00907490053004F002E0078006D006C0040CC800B800D4010333002E003500404D401013700408C400C0010231003400408C800C0010332002E00350040CCC00B800D40
310
1013500404DC010231003000408C400D001023200300042D6C011001240134017C01580104013001540114017402AAA4351401B80184018801B00194011401E001C001B001BC0190019402A41D580150017C0108013C013C013002A4414C01E401B40150019401E001D0014C01A401E801940148018401D001A401BC02A415
310
580150017C014800E002AE207A
340
0
340
0
340
0
340
0
340
0
340
0
340
0
340
0
340
0
340
0
340
0
340
0
340
0
340
0
340
0
340
0
340
0
340
0
340
0
340
0
340
0
340
0
340
0
340
0
340
0
340
0
340
0
340
0
340
0
340
0
340
0
 94
        0
  0
ACAD_PROXY_OBJECT
  5
2F2A7
330
2F258
100
AcDbProxyObject
 90
      499
 91
      540
 95
   262177
 70
     0
 93
     3027
310
406406FFFFFFFFFFFFFF003FFFCFFFF3FFFCFFFF3FFFCFFFF3FFFCFFFF3FFFFFFFCFFFFFFFF3FFFFFFFCFFFFFFFF3FFFFFFFCFFFFFFFF3FFFFFFFCFFFFFFFF407FFFFFFFFFFFFFFFCFFFF3FFFCFFFF3FFFCFFFF3FFFCFFFF3FFFCFFFFFFFF3FFFFFFFCFFFFFFFF3FFFFFFFCFFFFFFFF3FFFFFFFCFFFFFFFF3FFFFFFFEAAA90
310
1405023040C040000000000000C404FFFF3FFFCFFFF3FFFEAAA555000000000000031000000000000000C40000000000000031000000000000000C40000000000000031000000000000000C403FFFCFFFF3FFFCFFFF3FFFCFFFF3FFFCFFFF3FFFCFFFF3FFFCFFFFFFFFFFFFFFFFFFFF3FFFCFFFF3FFFCFFFF3FFFCFFFF3FFF
310
CFFFF3FFFFFFFCFFFFFFFF3FFFFFFFCFFFFFFFF3FFFFFFFCFFFFFFFF3FFFFFFFCFFFFFFFFAAAA901000000000000071000000000000000C40903490053004F00A40D24014C013C0103490053004F00AAAAAAAA40D24014C013C0103490053004F0040D24014C013C0241D24014C013C00B801E001B401B002AAA8380A0
340
0
340
0
340
0
340
0
340
0
340
0
340
0
340
0
340
0
340
0
340
0
340
0
340
0
340
0
340
0
340
0
340
0
340
0
340
0
340
0
340
0
340
0
340
0
340
0
340
0
340
0
340
0
340
0
340
0
340
0
340
0
 94
        0
  0
ACAD_PROXY_OBJECT
  5
2F2A8
330
2F258
100
AcDbProxyObject
 90
      499
 91
      541
 95
   262177
 70
     0
 93
    72737
310
406406FFFFFFFFFFFFFF003FFFCFFFF3FFFCFFFF3FFFCFFFF3FFFCFFFF3FFFFFFFCFFFFFFFF3FFFFFFFCFFFFFFFF3FFFFFFFCFFFFFFFF3FFFFFFFCFFFFFFFF407FFFFFFFFFFFFFFFCFFFF3FFFCFFFF3FFFCFFFF3FFFCFFFF3FFFCFFFFFFFF3FFFFFFFCFFFFFFFF3FFFFFFFCFFFFFFFF3FFFFFFFCFFFFFFFF3FFFFFFFEAAA90
310
1405023300C069973FFFD033FFFE592A41E555000000000000031000000000000000C40000000000000031000000000000000C40000000000000031000000000000000C403FFFCFFFF3FFFCFFFF3FFFCFFFF3FFFCFFFF3FFFCFFFF3FFFCFFFFFFFFFFFFFFFFFFFF3FFFCFFFF3FFFCFFFF3FFFCFFFF3FFFCFFFF3FFFFFFFCFF
310
FFFFFF3FFFFFFFCFFFFFFFF3FFFFFFFCFFFFFFFF3FFFFFFFCFFFFFFFFAAAA51D018210640002040080C1083200010200406081190000810020480C108320001020040608419000081002030408C8000408010840608419000081002030420C800040801018210640002040080C10232000102009018210640002040080C108
310
320001020040608419000081002030420C800040801018210640002040080C108320001020040608419000081002030420C800040801018210640002040080C108320001020040608419000081002030420C800040801018210640002040080C108320001020040608419000081002030420C8000408010182106400020400
310
80C108320001020040608419000081002030420C800040801018210640002040080C108320001020040608419000081002030420C800040801018210640002040080C10532000102009018210640002040080C108320001020040608419000081002030420C800040801018210640002040080C10832000102004060841900
310
0081002030420C800040801018210640002040080C1023200010200405018210640002040080C108320001020040608419000081002030420C800040801018210640002040080C10532000102001D6190A8540A290FD018210640002040080C108320001020040608419000081002030420C80004080101821064000204008
310
0C108320001020040608419000081002030420C800040801018210640002040080C108320001020040608599000081001FFFE80C108320001020040608419000081002030420C8000408010182046400020400812030420C800040801018204640002040082203042CC8000408024060829900008100280A07205780000000
310
000001880CB80000000000002880CB80000000000002880CB80000000000003880CB8000000000000188081A07D08A0000000000000310000000000000034401723F0BD4A170DD005C8FC2F5285C35400000000000000F10140A40D029034150540D0C431084310C42240D24014C013C02903490053004F0040D24014C013C
310
02AAAAAAA903490053004F0040D24014C013C0103490053004F00907490053004F002E0078006D006C00410C800B800C800D0010433002E003100350040CCC00B800D4010334002E003500404D4010336002E003300404E402AAA9234F0076006500720076006900650077005400610062006C00650043006F006C0075006D
310
006E005F005500730065007200540079007000650031005F004C006100620065006C00AAA90C5500730065007200200044006500660069006E00650031004714001BC01B0018401C801500184018801B00194010C01BC01B001D401B401B8017C010401B8019C01B00194017C013001840188019401B002AAA4155001A0019
310
401D001840107440049004D0041004C0054005500A905560054005F0049003200A924430061007200740065007300690061006E005400610062006C00650043006F006C0075006D006E005F005200610064006900750073005F004C006100620065006C005F0055004900AAA90172004850C018401C801D0019401CC01A401
310
8401B801500184018801B00194010C01BC01B001D401B401B8017C01480184019001A401D401CC017C013001840188019401B002AAA405C80107440049004D0041004C0054005A00A905560054005F0049003200A92550006F006C00610072005400610062006C00650043006F006C0075006D006E005F0044006500730063
310
00720069007000740069006F006E005F004C006100620065006C005F0055004900AAA90B4400650073006300720069007000740069006F006E004893C01D8019401C801D801A4019401DC01500184018801B00194010C01BC01B001D401B401B8017C014401D4018401B801D001A401D001E4017C013001840188019401B00
310
2AAA41D4401D4018401B001A401D001E4011C430061007200740065007300690061006E005400610062006C00650043006F006C0075006D006E005F0059005F004C006100620065006C00AAA901590042110012401340104013001500150016802A415580150017C012400C802A4754001BC01B0018401C801500184018801
310
B00194010C01BC01B001D401B401B8017C01480184019001A401D401CC017C013001840188019401B002AAA405C801264F0076006500720076006900650077005400610062006C00650043006F006C0075006D006E005F005500730065007200540079007000650033005F004C006100620065006C005F0055004900AAA90C
310
5500730065007200200044006500660069006E00650033004990C018401C801D0019401CC01A4018401B801500184018801B00194010C01BC01B001D401B401B8017C0110019401CC018C01C801A401C001D001A401BC01B8017C013001840188019401B002AAA42D10019401CC018C01C801A401C001D001A401BC01B8012
310
7430061007200740065007300690061006E005400610062006C00650043006F006C0075006D006E005F005500730065007200540079007000650035005F004C006100620065006C005F0055004900AAA90C5500730065007200200044006500660069006E006500350049D0C018401C801D0019401CC01A4018401B8015001
310
84018801B00194010C01BC01B001D401B401B8017C015401CC019401C8015001E401C0019400D0017C013001840188019401B0017C0154012402AAA4315401CC019401C8008001100194019801A401B8019400D00127430061007200740065007300690061006E005400610062006C00650043006F006C0075006D006E005F
310
005500730065007200540079007000650033005F004C006100620065006C005F0055004900AAA90C5500730065007200200044006500660069006E006500330049D0C018401C801D0019401CC01A4018401B801500184018801B00194010C01BC01B001D401B401B8017C015401CC019401C8015001E401C0019400C8017C0
310
13001840188019401B0017C0154012402AAA4315401CC019401C8008001100194019801A401B8019400C80127430061007200740065007300690061006E005400610062006C00650043006F006C0075006D006E005F005500730065007200540079007000650031005F004C006100620065006C005F0055004900AAA90C550
310
0730065007200200044006500660069006E00650031004A50C018401C801D0019401CC01A4018401B801500184018801B00194010C01BC01B001D401B401B8017C0110019401CC018C01C801A401C001D001A401BC01B8017C013001840188019401B0017C0154012402AAA42D10019401CC018C01C801A401C001D001A401
310
BC01B8011F50006F006C00610072005400610062006C00650043006F006C0075006D006E005F0048006F006C0065004900740065006D005F004C006100620065006C00AAA90448006F006C0065004710C018401C801D0019401CC01A4018401B801500184018801B00194010C01BC01B001D401B401B8017C0160017C01300
310
1840188019401B002AAA4056001264F0076006500720076006900650077005400610062006C00650043006F006C0075006D006E005F005500730065007200540079007000650031005F004C006100620065006C005F0055004900AAA90C5500730065007200200044006500660069006E006500310048D3C01D8019401C801
310
D801A4019401DC01500184018801B00194010C01BC01B001D401B401B8017C015401CC019401C8015001E401C0019400D0017C013001840188019401B002AAA4315401CC019401C8008001100194019801A401B8019400D00123430061007200740065007300690061006E005400610062006C00650043006F006C0075006D
310
006E005F004400690061006D0065007400650072005F004C006100620065006C00AAA9032500250063004993C01D8019401C801D801A4019401DC01500184018801B00194010C01BC01B001D401B401B8017C015401CC019401C8015001E401C0019400C8017C013001840188019401B0017C0154012402AAA4315401CC019
310
401C8008001100194019801A401B8019400C80126430061007200740065007300690061006E005400610062006C00650043006F006C0075006D006E005F0048006F006C0065004900740065006D005F004C006100620065006C005F0055004900AAA90448006F006C0065004953C01D8019401C801D801A4019401DC015001
310
84018801B00194010C01BC01B001D401B401B8017C011001A4018401B4019401D0019401C8017C013001840188019401B0017C0154012402AAA40760012050006F006C00610072005400610062006C00650043006F006C0075006D006E005F005200610064006900750073005F004C006100620065006C005F0055004900AA
310
A901720046D4001BC01B0018401C801500184018801B00194010C01BC01B001D401B401B8017C0164017C013001840188019401B0017C0154012402AAA40564011B50006F006C00610072005400610062006C00650043006F006C0075006D006E005F0058005F004C006100620065006C005F0055004900AAA90158004990C
310
018401C801D0019401CC01A4018401B801500184018801B00194010C01BC01B001D401B401B8017C011001A4018401B4019401D0019401C8017C013001840188019401B0017C0154012402AAA4076001234F0076006500720076006900650077005400610062006C00650043006F006C0075006D006E005F00550073006500
310
7200540079007000650035005F004C006100620065006C00AAA90C5500730065007200200044006500660069006E006500350048D3C01D8019401C801D801A4019401DC01500184018801B00194010C01BC01B001D401B401B8017C015401CC019401C8015001E401C0019400CC017C013001840188019401B002AAA431540
310
1CC019401C8008001100194019801A401B8019400CC01224F0076006500720076006900650077005400610062006C00650043006F006C0075006D006E005F004400690061006D0065007400650072005F004C006100620065006C00AAA9032500250063004894001BC01B0018401C801500184018801B00194010C01BC01B0
310
01D401B401B8017C0110019401CC018C01C801A401C001D001A401BC01B8017C013001840188019401B002AAA42D10019401CC018C01C801A401C001D001A401BC01B80109440049004D0041004C00540052004E004400A905560054005F0052003800A9264F0076006500720076006900650077005400610062006C006500
310
43006F006C0075006D006E005F005500730065007200540079007000650034005F004C006100620065006C005F0055004900AAA90C5500730065007200200044006500660069006E006500340047D4001BC01B0018401C801500184018801B00194010C01BC01B001D401B401B8017C010401B8019C01B00194017C0130018
310
40188019401B0017C0154012402AAA4155001A0019401D00184012050006F006C00610072005400610062006C00650043006F006C0075006D006E005F005500730065007200540079007000650035005F004C006100620065006C00AAA90C5500730065007200200044006500660069006E00650035004814001BC01B00184
310
01C801500184018801B00194010C01BC01B001D401B401B8017C015401CC019401C8015001E401C0019400D0017C013001840188019401B002AAA4315401CC019401C8008001100194019801A401B8019400D0012050006F006C00610072005400610062006C00650043006F006C0075006D006E005F005500730065007200
310
540079007000650033005F004C006100620065006C00AAA90C5500730065007200200044006500660069006E00650033004814001BC01B0018401C801500184018801B00194010C01BC01B001D401B401B8017C015401CC019401C8015001E401C0019400C8017C013001840188019401B002AAA4315401CC019401C800800
310
1100194019801A401B8019400C8012050006F006C00610072005400610062006C00650043006F006C0075006D006E005F005500730065007200540079007000650031005F004C006100620065006C00AAA90C5500730065007200200044006500660069006E00650031004614001BC01B0018401C801500184018801B00194
310
010C01BC01B001D401B401B8017C0164017C013001840188019401B002AAA40564011850006F006C00610072005400610062006C00650043006F006C0075006D006E005F0058005F004C006100620065006C00AAA90158004452001BC01B00194010C01A0018401C801D0013001BC01840190015001E401C0019402AAA4953
310
C01D8019401C801D801A4019401DC01500184018801B00194010C01BC01B001D401B401B8017C012001BC01B00194012401D0019401B4017C013001840188019401B0017C0154012402AAA4112001BC01B001940123430061007200740065007300690061006E005400610062006C00650043006F006C0075006D006E005F0
310
041006E0067006C0065005F004C006100620065006C005F0055004900AAA905540068006500740061004993C01D8019401C801D801A4019401DC01500184018801B00194010C01BC01B001D401B401B8017C015401CC019401C8015001E401C0019400D4017C013001840188019401B0017C0154012402AAA4315401CC0194
310
01C8008001100194019801A401B8019400D401234F0076006500720076006900650077005400610062006C00650043006F006C0075006D006E005F005500730065007200540079007000650032005F004C006100620065006C00AAA90C5500730065007200200044006500660069006E00650032004893C01D8019401C801D
310
801A4019401DC01500184018801B00194010C01BC01B001D401B401B8017C012001BC01B00194012401D0019401B4017C013001840188019401B002AAA4112001BC01B001940107440049004D0041004C0054004600A905560054005F0052003800A9254F0076006500720076006900650077005400610062006C006500430
310
06F006C0075006D006E005F005100750061006E0074006900740079005F004C006100620065006C005F0055004900AAA9075100750061006C0069007400790047D0C018401C801D0019401CC01A4018401B801500184018801B00194010C01BC01B001D401B401B8017C0164017C013001840188019401B0017C0154012402
310
AAA40564011F430061007200740065007300690061006E005400610062006C00650043006F006C0075006D006E005F0058005F004C006100620065006C005F0055004900AAA901580047D4001BC01B0018401C801500184018801B00194010C01BC01B001D401B401B8017C011001A4018401B4019401D0019401C8017C013
310
001840188019401B002AAA40C940094018C0124430061007200740065007300690061006E005400610062006C00650043006F006C0075006D006E005F005500730065007200540079007000650035005F004C006100620065006C00AAA90C5500730065007200200044006500660069006E00650035004910C018401C801D0
310
019401CC01A4018401B801500184018801B00194010C01BC01B001D401B401B8017C015401CC019401C8015001E401C0019400D0017C013001840188019401B002AAA4315401CC019401C8008001100194019801A401B8019400D00124430061007200740065007300690061006E005400610062006C00650043006F006C00
310
75006D006E005F005500730065007200540079007000650033005F004C006100620065006C00AAA90C5500730065007200200044006500660069006E00650033004910C018401C801D0019401CC01A4018401B801500184018801B00194010C01BC01B001D401B401B8017C015401CC019401C8015001E401C0019400C8017
310
C013001840188019401B002AAA4315401CC019401C8008001100194019801A401B8019400C80124430061007200740065007300690061006E005400610062006C00650043006F006C0075006D006E005F005500730065007200540079007000650031005F004C006100620065006C00AAA90C5500730065007200200044006
310
500660069006E00650031004810C018401C801D0019401CC01A4018401B801500184018801B00194010C01BC01B001D401B401B8017C010401B8019C01B00194017C013001840188019401B002AAA4155001A0019401D00184010D45006E00610062006C0065004500780070006C006F0064006500A907560054005F004200
310
4F004F004C00A92250006F006C00610072005400610062006C00650043006F006C0075006D006E005F0048006F006C0065004900740065006D005F004C006100620065006C005F0055004900AAA90448006F006C00650048D0C018401C801D0019401CC01A4018401B801500184018801B00194010C01BC01B001D401B401B
310
8017C012001BC01B00194012401D0019401B4017C013001840188019401B002AAA4112001BC01B001940108440049004D00410050004F0053005400A907560054005F004200530054005200A9035B005D00220041D1001240134010401300150011002A415580150017C012400C802A4894001BC01B0018401C80150018401
310
8801B00194010C01BC01B001D401B401B8017C011001A4018401B4019401D0019401C8017C013001840188019401B0017C0154012402AAA407600108440049004D0041004C00540054004400A905560054005F0049003200A906440049004D0041004C005400A907560054005F0042004F004F004C00A910530079006D0054
310
00650078007400530069007A00650052006100740069006F00A905560054005F0052003800A9054C006100620065006C0040560010159004211001A4018401B4019401D0019401C8010B4400650073006300720069007000740069006F006E004153001840188019401B0010B50006F006C006100720052006100640069007
310
50073004294001BC01B0018401C8010401B8019C01B0019401084400690061006D00650074006500720042D10019401CC018C01C801A401C001D001A401BC01B8010848006F006C0065004900740065006D004211001A4018401B4019401D0019401C801085100750061006E0074006900740079004255401CC019401C8015
310
001E401C0019400D00109350030002E003000300030003000300030004255401CC019401C8015001E401C0019400D40109350030002E003000300030003000300030004153001840188019401B00109320030002E003000300030003000300030004211001A4018401B4019401D0019401C80109320035002E003000300030
310
003000300030004255401CC019401C8015001E401C0019400C40109350030002E003000300030003000300030004255401CC019401C8015001E401C0019400C80109350030002E00300030003000300030003000405640109320030002E0030003000300030003000300042D10019401CC018C01C801A401C001D001A401BC
310
01B80109350030002E003000300030003000300030004255401CC019401C8015001E401C0019400CC0109350030002E00300030003000300030003000405600109320030002E003000300030003000300030004294001BC01B0018401C8010401B8019C01B001940109320030002E0030003000300030003000300042D4001
310
BC01B0018401C801480184019001A401D401CC0109320030002E003000300030003000300030004255401CC019401C8015001E401C0019400D00109350030002E003000300030003000300030004255401CC019401C8015001E401C0019400D40109350030002E003000300030003000300030004153001840188019401B00
310
109320030002E003000300030003000300030004211001A4018401B4019401D0019401C80109320035002E003000300030003000300030004255401CC019401C8015001E401C0019400C40109350030002E003000300030003000300030004255401CC019401C8015001E401C0019400C80109350030002E00300030003000
310
300030003000405640109320030002E0030003000300030003000300042D10019401CC018C01C801A401C001D001A401BC01B80109350030002E003000300030003000300030004255401CC019401C8015001E401C0019400CC0109350030002E00300030003000300030003000405600109320030002E0030003000300030
310
00300030004294001BC01B0018401C8010401B8019C01B001940109320030002E0030003000300030003000300042D4001BC01B0018401C801480184019001A401D401CC0109320030002E003000300030003000300030004214401D4018401B801D001A401D001E40109330030002E0030003000300030003000300042554
310
01CC019401C8015001E401C0019400D00109350030002E003000300030003000300030004255401CC019401C8015001E401C0019400D40109350030002E003000300030003000300030004212001BC01B00194012401D0019401B40109320030002E003000300030003000300030004211001A4018401B4019401D0019401C
310
80109320035002E003000300030003000300030004255401CC019401C8015001E401C0019400C40109350030002E003000300030003000300030004255401CC019401C8015001E401C0019400C80109350030002E003000300030003000300030004255401CC019401C8015001E401C0019400CC0109350030002E00300030
310
0030003000300030004255401CC019401C8015001E401C0019400D0010C5500730065007200200044006500660069006E00650034004255401CC019401C8015001E401C0019400D4010C5500730065007200200044006500660069006E00650035004153001840188019401B0010448006F006C0065004211001A4018401B4
310
019401D0019401C801032500250063004255401CC019401C8015001E401C0019400C4010C5500730065007200200044006500660069006E00650031004255401CC019401C8015001E401C0019400C8010C5500730065007200200044006500660069006E0065003200405640101590042D10019401CC018C01C801A401C001
310
D001A401BC01B8010B4400650073006300720069007000740069006F006E004255401CC019401C8015001E401C0019400CC010C5500730065007200200044006500660069006E006500330040560010158004294001BC01B0018401C8010401B8019C01B0019401055400680065007400610042D4001BC01B0018401C80148
310
0184019001A401D401CC010172004255401CC019401C8015001E401C0019400D0010C5500730065007200200044006500660069006E00650034004255401CC019401C8015001E401C0019400D4010C5500730065007200200044006500660069006E00650035004153001840188019401B0010448006F006C0065004211001
310
A4018401B4019401D0019401C801032500250063004255401CC019401C8015001E401C0019400C4010C5500730065007200200044006500660069006E00650031004255401CC019401C8015001E401C0019400C8010C5500730065007200200044006500660069006E0065003200405640101590042D10019401CC018C01C8
310
01A401C001D001A401BC01B8010B4400650073006300720069007000740069006F006E004255401CC019401C8015001E401C0019400CC010C5500730065007200200044006500660069006E006500330040560010158004294001BC01B0018401C8010401B8019C01B0019401055400680065007400610042D4001BC01B001
310
8401C801480184019001A401D401CC010172004214401D4018401B801D001A401D001E401075100750061006C006900740079004255401CC019401C8015001E401C0019400D0010C5500730065007200200044006500660069006E00650034004255401CC019401C8015001E401C0019400D4010C550073006500720020004
310
4006500660069006E00650035004212001BC01B00194012401D0019401B4010448006F006C0065004211001A4018401B4019401D0019401C801032500250063004255401CC019401C8015001E401C0019400C4010C5500730065007200200044006500660069006E00650031004255401CC019401C8015001E401C0019400C
310
8010C5500730065007200200044006500660069006E00650032004255401CC019401C8015001E401C0019400CC010C5500730065007200200044006500660069006E00650033000100EEFCD3
340
0
340
0
340
0
340
0
340
0
340
0
340
0
340
0
340
0
340
0
340
0
340
0
340
0
340
0
340
0
340
0
340
0
340
0
340
0
340
0
340
0
340
0
340
0
340
0
340
0
340
0
340
0
340
0
340
0
340
0
340
0
 94
        0
  0
ACAD_PROXY_OBJECT
  5
2F2A9
330
2F258
100
AcDbProxyObject
 90
      499
 91
      542
 95
   262177
 70
     0
 93
     5848
310
406406FFFFFFFFFFFFFF003FFFCFFFF3FFFCFFFF3FFFCFFFF3FFFCFFFF3FFFFFFFCFFFFFFFF3FFFFFFFCFFFFFFFF3FFFFFFFCFFFFFFFF3FFFFFFFCFFFFFFFF4050140407F80001054061841E000081002034420F00004080101A210780002040080D1083C000102004068841E00008100486A480298027802F802800308039
310
003A0039802600348039803A005486A480298027802F802800308039003A0039802600348039803A00555521A9200A6009E00BE00A000C200E400E800E6009800D200E600E80086A480298027802F802800308039003A0039802600348039803A0021A9200A6009E00BE00A000C200E400E800E6009800D200E600E8008B34
310
80398037802F803800308039003A003600348039803A002F8034003280308032001880170032003B80338022CD200E600DE00BE00E000C200E400E800D800D200E600E800BE00C400DE00C800F20062005C00C800EE00CE0085B2003280330030803A8036003A0017003C00368036004832900228026002800278029802089
310
200E800CA00DA0120EAC00A800BE008400A600A800A40084228022002A002F802700278027002280548329002280260028802A002C80206A200E800F20120EAC00A800BE008400A600A800A40084228022002A002F8027002780270022805483A18027802680280022002280298021688008A00A6008600A4009200A000A80
310
092009E009C0120EAC00A800BE008400A600A800A40084228022002A002F802700278027002280548421802780268028002700208026802280210A600A80082009C0088008200A400880120EAC00A800BE008400A600A800A40084228022002A002F8027002780270022805483A180278026802800268020802A002109A008
310
200A8008A00A40092008200980120EAC00A800BE008400A600A800A400842180268021002F80220027802B80270022E8C00CA0064006E0076008C00CA0066006E007600860068006000760086006C006000760068006A0076006400600148427
340
0
340
0
340
0
340
0
340
0
340
0
340
0
340
0
 94
        0
  0
ACAD_PROXY_OBJECT
  5
2F2AA
330
2F258
100
AcDbProxyObject
 90
      499
 91
      543
 95
   262177
 70
     0
 93
    14200
310
406406FFFFFFFFFFFFFF003FFFCFFFF3FFFCFFFF3FFFCFFFF3FFFCFFFF3FFFFFFFCFFFFFFFF3FFFFFFFCFFFFFFFF3FFFFFFFCFFFFFFFF3FFFFFFFCFFFFFFFF4050140410051340688419000081002034420C80004080101A210640002040080D108320001020040688419000081002034420C80004080101A2106400020400
310
80D108320001020040688419000081002034420C80004080101A210640002040080D108320001020040688419000081002034420C80004080101A210640002040080D1053200010200901A210640002040080D108320001020040688419000081007FFFFFFFFFFFFFFF9FFFE7FFF9FFFE7FFF9FFFE7FFF9FFFE7FFF9FFFFFF
310
FE7FFFFFFF9FFFFFFFE7FFFFFFF9FFFFFFFE7FFFFFFF9FFFFFFFE7FFFFFFFD555485A480298027802F802A0034803A00360032802F8020805485A480298027802F802A0034803A00360032802F80208055552169200A6009E00BE00A800D200E800D800CA00BE00820085A480298027802F802A0034803A00360032802F802
310
0802169200A6009E00BE00A800D200E800D800CA00BE00820121CD200E600DE00BE00E800D200E800D800CA00C2005C00C800EE00CE0085B2003280330030803A8036003A0017003C003680360052108C00920098008A009C0082009A008A0084A30034803600328010002700308036803280483AB002A002F80210029802A
310
0029002108A008800A800BE009C009E009C008A0152088C00A60086009A0085A300298021802680100027003A803680310032803900483AB002A002F80210029802A0029002108A008800A800BE009C009E009C008A0152128C00A40082009A008A00A6009200B4008A0082298034803D003280483AB002A002F8021002980
310
2A0029002108A008800A800BE009C009E009C008A01521088008A00A60092008E009C008A00A4008422003280398034803380370032803900483AB002A002F80210029802A0029002108A008800A800BE009C009E009C008A01520888008200A8008A0085A200328039803480338037001000220030803A003280483AB002A
310
002F80210029802A002900210A000A8009200BE0088008200A8008A01520A860090008A008600960082A1803400328031803580483AB002A002F80210029802A0029002108A008800A800BE009C009E009C008A015212860090008A008600960088008200A8008A0085218034003280318035801000220030803A003280483
310
AB002A002F80210029802A002900210A000A8009200BE0088008200A8008A01520E8200A000A000A4009E00AC008A0083A08038003800390037803B003280483AB002A002F80210029802A0029002108A008800A800BE009C009E009C008A0152108200A000A000A40088008200A8008A0086208038003800390037803B003
310
2801000220030803A003280483AB002A002F80210029802A002900210A000A8009200BE0088008200A8008A01520A9200A600A600AA008A0082A480398039803A803280483AB002A002F80210029802A0029002108A008800A800BE009C009E009C008A0152129200A600A600AA008A0088008200A8008A008524803980398
310
03A8032801000220030803A003280483AB002A002F80210029802A002900210A000A8009200BE0088008200A8008A015206A4008A00AC0081A90032803B00483AB002A002F80210029802A0029002108A008800A800BE009C009E009C008A0152088600A800A4009C008821803780370039803A003900308031803A0010002
310
7003A803680310032803900483AB002A002F80210029802A0029002108A008800A800BE009C009E009C008A01520CA00082008E008A009C009E008629803400328032803A00100027003A803680310032803900483AB002A002F80210029802A0029002108A008800A800BE009C009E009C008A01520AA6008600820098008
310
A0082A9803180308036003280483AB002A002F80210029802A0029002108A008800A800BE009C009E009C008A015216A000A4009E0094008A008600A8009A008200A400960087A200328039803480338037001000208031803A0034803B0034803A003C80482AB002A002F8029001C002108A008800A800BE009C009E009C0
310
08A01483A18027802680280022002280298021A8800E400C200EE00D200DC00CE004000A800D200E800D800CA0120EAC00A800BE008400A600A800A40084228022002A002F8027002780270022805485218027802680280029802A8021002200228029802208800E400C200EE00D200DC00CE004000A600EA00C400E800D20
310
0E800D800CA0120EAC00A800BE008400A600A800A40084228022002A002F80270027802700228054842180278026802800270020802680228021C8800E400C200EE00D200DC00CE0040009C00EA00DA00C400CA00E40120EAC00A800BE008400A600A800A40084228022002A002F802700278027002280555554E45D
340
0
340
0
340
0
340
0
340
0
340
0
340
0
340
0
340
0
340
0
340
0
340
0
340
0
340
0
340
0
340
0
 94
        0
  0
ACAD_PROXY_OBJECT
  5
2F2AB
330
2F258
100
AcDbProxyObject
 90
      499
 91
      544
 95
   262177
 70
     0
 93
     3801
310
406406FFFFFFFFFFFFFF003FFFCFFFF3FFFCFFFF3FFFCFFFF3FFFCFFFF3FFFFFFFCFFFFFFFF3FFFFFFFCFFFFFFFF3FFFFFFFCFFFFFFFF3FFFFFFFCFFFFFFFF405024040000000000407A400000000000241C9000000000000002440000000000000091000000000000002440AA54040000000000407A400000000000241C90
310
00000000000002440000000000000091000000000000002440AA490241003300A90241003300AAAA4590400CC017C0140018401C801D001A401D001A401BC01B8017C01B0018401B8019001CC018C018401C0019401024100330042540018401C801D001A401D001A401BC01B8010950006100720074006900740069006F00
310
6E00405300116690073006F005F00610033005F006C0061006E006400730063006100700065005F0070002E006400770067009096C0061006E006400730063006100700065004550400CC017C0140018401C801D001A401D001A401BC01B8017C01C001BC01C801D001C8018401A401D001024100330042540018401C801D0
310
01A401D001A401BC01B8010950006100720074006900740069006F006E00405300114690073006F005F00610033005F006C0061006E006400730063006100700065002E0064007700670090870006F00720074007200610069007400FC09A6
340
0
340
0
340
0
340
0
340
0
340
0
340
0
340
0
 94
        0
  0
ENDSEC
  0
EOF
