  0
SECTION
  2
HEADER
  9
$ACADVER
  1
AC1015
  9
$ACADMAINTVER
 70
    20
  9
$DWGCODEPAGE
  3
ANSI_1251
  9
$INSBASE
 10
0.0
 20
0.0
 30
0.0
  9
$EXTMIN
 10
727909.3599414436
 20
163902.3240757195
 30
-80.0
  9
$EXTMAX
 10
749145.8493011935
 20
172661.3528025692
 30
40.0
  9
$LIMMIN
 10
0.0
 20
0.0
  9
$LIMMAX
 10
420.0
 20
297.0
  9
$ORTHOMODE
 70
     0
  9
$REGENMODE
 70
     1
  9
$FILLMODE
 70
     1
  9
$QTEXTMODE
 70
     0
  9
$MIRRTEXT
 70
     0
  9
$LTSCALE
 40
1.0
  9
$ATTMODE
 70
     1
  9
$TEXTSIZE
 40
2.5
  9
$TRACEWID
 40
1.0
  9
$TEXTSTYLE
  7
Standard
  9
$CLAYER
  8
0
  9
$CELTYPE
  6
ByLayer
  9
$CECOLOR
 62
   256
  9
$CELTSCALE
 40
1.0
  9
$DISPSILH
 70
     0
  9
$DIMSCALE
 40
15.0
  9
$DIMASZ
 40
1.0
  9
$DIMEXO
 40
0.625
  9
$DIMDLI
 40
3.75
  9
$DIMRND
 40
1.0
  9
$DIMDLE
 40
0.0
  9
$DIMEXE
 40
1.25
  9
$DIMTP
 40
0.0
  9
$DIMTM
 40
0.0
  9
$DIMTXT
 40
2.5
  9
$DIMCEN
 40
2.5
  9
$DIMTSZ
 40
0.0
  9
$DIMTOL
 70
     0
  9
$DIMLIM
 70
     0
  9
$DIMTIH
 70
     0
  9
$DIMTOH
 70
     0
  9
$DIMSE1
 70
     0
  9
$DIMSE2
 70
     0
  9
$DIMTAD
 70
     1
  9
$DIMZIN
 70
     8
  9
$DIMBLK
  1
Oblique
  9
$DIMASO
 70
     1
  9
$DIMSHO
 70
     1
  9
$DIMPOST
  1

  9
$DIMAPOST
  1

  9
$DIMALT
 70
     0
  9
$DIMALTD
 70
     3
  9
$DIMALTF
 40
0.03937007874016
  9
$DIMLFAC
 40
1.0
  9
$DIMTOFL
 70
     1
  9
$DIMTVP
 40
0.0
  9
$DIMTIX
 70
     0
  9
$DIMSOXD
 70
     0
  9
$DIMSAH
 70
     0
  9
$DIMBLK1
  1

  9
$DIMBLK2
  1

  9
$DIMSTYLE
  2
Копия ISO-25
  9
$DIMCLRD
 70
     0
  9
$DIMCLRE
 70
     0
  9
$DIMCLRT
 70
     0
  9
$DIMTFAC
 40
1.0
  9
$DIMGAP
 40
0.625
  9
$DIMJUST
 70
     0
  9
$DIMSD1
 70
     0
  9
$DIMSD2
 70
     0
  9
$DIMTOLJ
 70
     0
  9
$DIMTZIN
 70
     8
  9
$DIMALTZ
 70
     0
  9
$DIMALTTZ
 70
     0
  9
$DIMUPT
 70
     0
  9
$DIMDEC
 70
     2
  9
$DIMTDEC
 70
     2
  9
$DIMALTU
 70
     2
  9
$DIMALTTD
 70
     3
  9
$DIMTXSTY
  7
Standard
  9
$DIMAUNIT
 70
     0
  9
$DIMADEC
 70
     0
  9
$DIMALTRND
 40
0.0
  9
$DIMAZIN
 70
     0
  9
$DIMDSEP
 70
    44
  9
$DIMATFIT
 70
     3
  9
$DIMFRAC
 70
     0
  9
$DIMLDRBLK
  1

  9
$DIMLUNIT
 70
     2
  9
$DIMLWD
 70
    -2
  9
$DIMLWE
 70
    -2
  9
$DIMTMOVE
 70
     0
  9
$LUNITS
 70
     2
  9
$LUPREC
 70
     4
  9
$SKETCHINC
 40
1.0
  9
$FILLETRAD
 40
10.0
  9
$AUNITS
 70
     0
  9
$AUPREC
 70
     0
  9
$MENU
  1
.
  9
$ELEVATION
 40
0.0
  9
$PELEVATION
 40
0.0
  9
$THICKNESS
 40
0.0
  9
$LIMCHECK
 70
     0
  9
$CHAMFERA
 40
0.0
  9
$CHAMFERB
 40
0.0
  9
$CHAMFERC
 40
0.0
  9
$CHAMFERD
 40
0.0
  9
$SKPOLY
 70
     0
  9
$TDCREATE
 40
2461058.954629630
  9
$TDUCREATE
 40
2461058.829629630
  9
$TDUPDATE
 40
2461238.563525058
  9
$TDUUPDATE
 40
2461238.438525058
  9
$TDINDWG
 40
0.130290197
  9
$TDUSRTIMER
 40
0.130290197
  9
$USRTIMER
 70
     1
  9
$ANGBASE
 50
0.0
  9
$ANGDIR
 70
     0
  9
$PDMODE
 70
    34
  9
$PDSIZE
 40
0.0
  9
$PLINEWID
 40
0.0
  9
$SPLFRAME
 70
     0
  9
$SPLINETYPE
 70
     6
  9
$SPLINESEGS
 70
     8
  9
$HANDSEED
  5
8D7BC
  9
$SURFTAB1
 70
     6
  9
$SURFTAB2
 70
     6
  9
$SURFTYPE
 70
     6
  9
$SURFU
 70
     6
  9
$SURFV
 70
     6
  9
$UCSBASE
  2

  9
$UCSNAME
  2

  9
$UCSORG
 10
0.0
 20
0.0
 30
0.0
  9
$UCSXDIR
 10
1.0
 20
0.0
 30
0.0
  9
$UCSYDIR
 10
0.0
 20
1.0
 30
0.0
  9
$UCSORTHOREF
  2

  9
$UCSORTHOVIEW
 70
     0
  9
$UCSORGTOP
 10
0.0
 20
0.0
 30
0.0
  9
$UCSORGBOTTOM
 10
0.0
 20
0.0
 30
0.0
  9
$UCSORGLEFT
 10
0.0
 20
0.0
 30
0.0
  9
$UCSORGRIGHT
 10
0.0
 20
0.0
 30
0.0
  9
$UCSORGFRONT
 10
0.0
 20
0.0
 30
0.0
  9
$UCSORGBACK
 10
0.0
 20
0.0
 30
0.0
  9
$PUCSBASE
  2

  9
$PUCSNAME
  2

  9
$PUCSORG
 10
0.0
 20
0.0
 30
0.0
  9
$PUCSXDIR
 10
1.0
 20
0.0
 30
0.0
  9
$PUCSYDIR
 10
0.0
 20
1.0
 30
0.0
  9
$PUCSORTHOREF
  2

  9
$PUCSORTHOVIEW
 70
     0
  9
$PUCSORGTOP
 10
0.0
 20
0.0
 30
0.0
  9
$PUCSORGBOTTOM
 10
0.0
 20
0.0
 30
0.0
  9
$PUCSORGLEFT
 10
0.0
 20
0.0
 30
0.0
  9
$PUCSORGRIGHT
 10
0.0
 20
0.0
 30
0.0
  9
$PUCSORGFRONT
 10
0.0
 20
0.0
 30
0.0
  9
$PUCSORGBACK
 10
0.0
 20
0.0
 30
0.0
  9
$USERI1
 70
     0
  9
$USERI2
 70
     0
  9
$USERI3
 70
     0
  9
$USERI4
 70
     0
  9
$USERI5
 70
     0
  9
$USERR1
 40
0.0
  9
$USERR2
 40
0.0
  9
$USERR3
 40
0.0
  9
$USERR4
 40
0.0
  9
$USERR5
 40
0.0
  9
$WORLDVIEW
 70
     1
  9
$SHADEDGE
 70
     3
  9
$SHADEDIF
 70
    70
  9
$TILEMODE
 70
     1
  9
$MAXACTVP
 70
    64
  9
$PINSBASE
 10
0.0
 20
0.0
 30
0.0
  9
$PLIMCHECK
 70
     0
  9
$PEXTMIN
 10
3729.845519397341
 20
277.3399535575188
 30
0.0
  9
$PEXTMAX
 10
4022.159210556088
 20
474.400848286651
 30
0.0
  9
$PLIMMIN
 10
3747.970595425519
 20
299.9904763336189
  9
$PLIMMAX
 10
3994.636692901951
 20
474.400848286651
  9
$UNITMODE
 70
     0
  9
$VISRETAIN
 70
     1
  9
$PLINEGEN
 70
     0
  9
$PSLTSCALE
 70
     1
  9
$TREEDEPTH
 70
  3020
  9
$CMLSTYLE
  2
Standard
  9
$CMLJUST
 70
     0
  9
$CMLSCALE
 40
20.0
  9
$PROXYGRAPHICS
 70
     1
  9
$MEASUREMENT
 70
     1
  9
$CELWEIGHT
370
    -1
  9
$ENDCAPS
280
     0
  9
$JOINSTYLE
280
     0
  9
$LWDISPLAY
290
     0
  9
$INSUNITS
 70
     4
  9
$HYPERLINKBASE
  1

  9
$STYLESHEET
  1
для КП.ctb
  9
$XEDIT
290
     1
  9
$CEPSNTYPE
380
     0
  9
$PSTYLEMODE
290
     1
  9
$FINGERPRINTGUID
  2
{DA547EBE-B73C-ED49-8864-E9D1A2BDE9F9}
  9
$VERSIONGUID
  2
{3527F63B-29D8-4472-81C8-3FB0DDD5B430}
  9
$EXTNAMES
290
     1
  9
$PSVPSCALE
 40
0.0
  9
$OLESTARTUP
290
     0
  0
ENDSEC
  0
SECTION
  2
CLASSES
  0
CLASS
  1
ACDBDICTIONARYWDFLT
  2
AcDbDictionaryWithDefault
  3
ObjectDBX Classes
 90
        0
280
     0
281
     0
  0
CLASS
  1
ACDBPLACEHOLDER
  2
AcDbPlaceHolder
  3
ObjectDBX Classes
 90
    32768
280
     0
281
     0
  0
CLASS
  1
LAYOUT
  2
AcDbLayout
  3
ObjectDBX Classes
 90
    32768
280
     0
281
     0
  0
CLASS
  1
DICTIONARYVAR
  2
AcDbDictionaryVar
  3
ObjectDBX Classes
 90
        0
280
     0
281
     0
  0
CLASS
  1
TABLESTYLE
  2
AcDbTableStyle
  3
ObjectDBX Classes
 90
     4095
280
     0
281
     0
  0
CLASS
  1
MATERIAL
  2
AcDbMaterial
  3
ObjectDBX Classes
 90
     1153
280
     0
281
     0
  0
CLASS
  1
VISUALSTYLE
  2
AcDbVisualStyle
  3
ObjectDBX Classes
 90
     4095
280
     0
281
     0
  0
CLASS
  1
SCALE
  2
AcDbScale
  3
ObjectDBX Classes
 90
     1153
280
     0
281
     0
  0
CLASS
  1
MLEADERSTYLE
  2
AcDbMLeaderStyle
  3
ACDB_MLEADERSTYLE_CLASS
 90
     4095
280
     0
281
     0
  0
CLASS
  1
CELLSTYLEMAP
  2
AcDbCellStyleMap
  3
ObjectDBX Classes
 90
     1152
280
     0
281
     0
  0
CLASS
  1
EXACXREFPANELOBJECT
  2
ExAcXREFPanelObject
  3
EXAC_ESW
 90
    33793
280
     0
281
     0
  0
CLASS
  1
NPOCOLLECTION
  2
AcDbImpNonPersistentObjectsCollection
  3
ObjectDBX Classes
 90
    33921
280
     0
281
     0
  0
CLASS
  1
LAYER_INDEX
  2
AcDbLayerIndex
  3
ObjectDBX Classes
 90
    32768
280
     0
281
     0
  0
CLASS
  1
SPATIAL_INDEX
  2
AcDbSpatialIndex
  3
ObjectDBX Classes
 90
    32768
280
     0
281
     0
  0
CLASS
  1
IDBUFFER
  2
AcDbIdBuffer
  3
ObjectDBX Classes
 90
    32768
280
     0
281
     0
  0
CLASS
  1
ACDBSECTIONVIEWSTYLE
  2
AcDbSectionViewStyle
  3
ObjectDBX Classes
 90
     1025
280
     0
281
     0
  0
CLASS
  1
ACDBDETAILVIEWSTYLE
  2
AcDbDetailViewStyle
  3
ObjectDBX Classes
 90
     1025
280
     0
281
     0
  0
CLASS
  1
DIMASSOC
  2
AcDbDimAssoc
  3
"AcDbDimAssoc|Product Desc:     AcDim ARX App For Dimension|Company:          Autodesk, Inc.|WEB Address:      www.autodesk.com"
 90
        0
280
     0
281
     0
  0
CLASS
  1
SORTENTSTABLE
  2
AcDbSortentsTable
  3
ObjectDBX Classes
 90
        0
280
     0
281
     0
  0
CLASS
  1
MULTILEADER
  2
AcDbMLeader
  3
ACDB_MLEADER_CLASS
 90
     1025
280
     0
281
     1
  0
CLASS
  1
ACAD_EVALUATION_GRAPH
  2
AcDbEvalGraph
  3
ObjectDBX Classes
 90
    33921
280
     0
281
     0
  0
CLASS
  1
ACAECUSTOBJ
  2
AcAeEditorObj
  3
AcAeEditorObj
 90
    33792
280
     0
281
     0
  0
CLASS
  1
ACDB_DYNAMICBLOCKPURGEPREVENTER_VERSION
  2
AcDbDynamicBlockPurgePreventer
  3
ObjectDBX Classes
 90
    33921
280
     0
281
     0
  0
CLASS
  1
SOLID_BACKGROUND
  2
AcDbSolidBackground
  3
SCENEOE
 90
    36863
280
     0
281
     0
  0
CLASS
  1
RAPIDRTRENDERSETTINGS
  2
AcDbRapidRTRenderSettings
  3
ObjectDBX Classes
 90
     1024
280
     0
281
     0
  0
CLASS
  1
ACDB_ALDIMOBJECTCONTEXTDATA_CLASS
  2
AcDbAlignedDimensionObjectContextData
  3
ObjectDBX Classes
 90
    33921
280
     0
281
     0
  0
CLASS
  1
IMAGEDEF
  2
AcDbRasterImageDef
  3
ISM
 90
        0
280
     0
281
     0
  0
CLASS
  1
RASTERVARIABLES
  2
AcDbRasterVariables
  3
ISM
 90
        0
280
     0
281
     0
  0
CLASS
  1
IMAGEDEF_REACTOR
  2
AcDbRasterImageDefReactor
  3
ISM
 90
    32769
280
     0
281
     0
  0
CLASS
  1
IMAGE
  2
AcDbRasterImage
  3
ISM
 90
    34943
280
     0
281
     1
  0
CLASS
  1
BLOCKBASEPOINTPARAMETER
  2
AcDbBlockBasepointParameter
  3
ObjectDBX Classes
 90
    33921
280
     0
281
     0
  0
CLASS
  1
ACDB_BLOCKREPRESENTATION_DATA
  2
AcDbBlockRepresentationData
  3
ObjectDBX Classes
 90
    33921
280
     0
281
     0
  0
CLASS
  1
ACDBASSOCNETWORK
  2
AcDbAssocNetwork
  3
ObjectDBX Classes
 90
     1025
280
     0
281
     0
  0
CLASS
  1
ACDBASSOCVARIABLE
  2
AcDbAssocVariable
  3
ObjectDBX Classes
 90
    33793
280
     0
281
     0
  0
CLASS
  1
ACDBASSOCVALUEDEPENDENCY
  2
AcDbAssocValueDependency
  3
ObjectDBX Classes
 90
    33793
280
     0
281
     0
  0
CLASS
  1
ACDBASSOCDEPENDENCY
  2
AcDbAssocDependency
  3
ObjectDBX Classes
 90
    33793
280
     0
281
     0
  0
CLASS
  1
ASSOCDIMDEPENDENCYBODY
  2
AcDbAssocDimDependencyBody
  3
ObjectDBX Classes
 90
    33793
280
     0
281
     0
  0
CLASS
  1
ACDBASSOC2DCONSTRAINTGROUP
  2
AcDbAssoc2dConstraintGroup
  3
ObjectDBX Classes
 90
    33793
280
     0
281
     0
  0
CLASS
  1
ACDBASSOCGEOMDEPENDENCY
  2
AcDbAssocGeomDependency
  3
ObjectDBX Classes
 90
    33793
280
     0
281
     0
  0
CLASS
  1
ACDB_ANGDIMOBJECTCONTEXTDATA_CLASS
  2
AcDbAngularDimensionObjectContextData
  3
ObjectDBX Classes
 90
    33921
280
     0
281
     0
  0
CLASS
  1
WIPEOUT
  2
AcDbWipeout
  3
WipeOut|Product Desc: Object Enabler for WipeOut entity | Company: Autodesk, Inc. | WEB Address: www.autodesk.com
 90
    34943
280
     0
281
     1
  0
CLASS
  1
SPDSEXTPROXYENT
  2
SPDSExtProxyEnt
  3
SPDSExtApp |Product Desc: SPDS Extension for AutoCAD® 2010 |Company: Autodesk |WEB Address: www.autodesk.com
 90
    32768
280
     0
281
     1
  0
CLASS
  1
SPDSDIMCONTAINER2
  2
McDbContainer2
  3
SPDSGraphiCS|Product: СПДС GraphiCS|Company: СиСофт Девелопмент|Website: www.csdev.ru
 90
     4095
280
     1
281
     0
  0
CLASS
  1
BLOCKLINEARPARAMETER
  2
AcDbBlockLinearParameter
  3
ObjectDBX Classes
 90
    33921
280
     0
281
     0
  0
CLASS
  1
BLOCKLOOKUPPARAMETER
  2
AcDbBlockLookupParameter
  3
ObjectDBX Classes
 90
    33921
280
     0
281
     0
  0
CLASS
  1
BLOCKLOOKUPGRIP
  2
AcDbBlockLookupGrip
  3
ObjectDBX Classes
 90
    33921
280
     0
281
     0
  0
CLASS
  1
BLOCKGRIPLOCATIONCOMPONENT
  2
AcDbBlockGripExpr
  3
ObjectDBX Classes
 90
    33921
280
     0
281
     0
  0
CLASS
  1
BLOCKLOOKUPACTION
  2
AcDbBlockLookupAction
  3
ObjectDBX Classes
 90
    33921
280
     0
281
     0
  0
CLASS
  1
BLOCKSTRETCHACTION
  2
AcDbBlockStretchAction
  3
ObjectDBX Classes
 90
    33921
280
     0
281
     0
  0
CLASS
  1
BLOCKVISIBILITYPARAMETER
  2
AcDbBlockVisibilityParameter
  3
ObjectDBX Classes
 90
    33921
280
     0
281
     0
  0
CLASS
  1
BLOCKVISIBILITYGRIP
  2
AcDbBlockVisibilityGrip
  3
ObjectDBX Classes
 90
    33921
280
     0
281
     0
  0
CLASS
  1
ACDB_DYNAMICBLOCKPROXYNODE
  2
AcDbDynamicBlockProxyNode
  3
ObjectDBX Classes
 90
    33921
280
     0
281
     0
  0
CLASS
  1
BLOCKUSERPARAMETER
  2
AcDbBlockUserParameter
  3
ObjectDBX Classes
 90
    33921
280
     0
281
     0
  0
CLASS
  1
BLOCKMOVEACTION
  2
AcDbBlockMoveAction
  3
ObjectDBX Classes
 90
    33921
280
     0
281
     0
  0
CLASS
  1
FIELD
  2
AcDbField
  3
ObjectDBX Classes
 90
     1152
280
     0
281
     0
  0
CLASS
  1
ACDB_BLKREFOBJECTCONTEXTDATA_CLASS
  2
AcDbBlkRefObjectContextData
  3
ObjectDBX Classes
 90
    33921
280
     0
281
     0
  0
CLASS
  1
ACDB_MTEXTATTRIBUTEOBJECTCONTEXTDATA_CLASS
  2
AcDbMTextAttributeObjectContextData
  3
ObjectDBX Classes
 90
    33921
280
     0
281
     0
  0
CLASS
  1
FIELDLIST
  2
AcDbFieldList
  3
ObjectDBX Classes
 90
     1152
280
     0
281
     0
  0
CLASS
  1
SPDSDATACONTAINER
  2
mcsDbDataContainer
  3
SPDSGraphiCS|Product: СПДС GraphiCS|Company: СиСофт Девелопмент|Website: www.csdev.ru
 90
      893
280
     0
281
     0
  0
CLASS
  1
SPDSDIMMARKER
  2
McDbMarker
  3
SPDSGraphiCS|Product: СПДС GraphiCS|Company: СиСофт Девелопмент|Website: www.csdev.ru
 90
      893
280
     0
281
     1
  0
CLASS
  1
ACDB_MTEXTOBJECTCONTEXTDATA_CLASS
  2
AcDbMTextObjectContextData
  3
ObjectDBX Classes
 90
    33921
280
     0
281
     0
  0
CLASS
  1
ACDB_PROXY_ENTITY_DATA
  2
AcDbProxyEntityData
  3
ObjectDBX Classes
 90
        0
280
     0
281
     0
  0
CLASS
  1
ACDBPLACEHOLDER
  2
AcDbPlaceHolder
  3
ObjectDBX Classes
 90
        0
280
     0
281
     0
  0
CLASS
  1
LAYOUT
  2
AcDbLayout
  3
ObjectDBX Classes
 90
        0
280
     0
281
     0
  0
ENDSEC
  0
SECTION
  2
TABLES
  0
TABLE
  2
VPORT
  5
8
102
{ACAD_XDICTIONARY
360
8D47A
102
}
330
0
100
AcDbSymbolTable
 70
     1
  0
VPORT
  5
EA
330
8
100
AcDbSymbolTableRecord
100
AcDbViewportTableRecord
  2
*Active
 70
     0
 10
0.0
 20
0.0
 11
1.0
 21
1.0
 12
623373.5401682138
 22
233268.0839627569
 13
0.0
 23
0.0
 14
10.0
 24
10.0
 15
10.0
 25
10.0
 16
-0.0000000002328306
 26
0.0
 36
937106.0062627835
 17
114565.2466182272
 27
-64854.83596303527
 37
0.0
 40
10835.77443126606
 41
2.512158054711246
 42
50.0
 43
0.0
 44
0.0
 50
0.0
 51
0.0
 71
     0
 72
  1000
 73
     1
 74
     3
 75
     0
 76
     0
 77
     0
 78
     0
281
     0
 65
     1
110
0.0
120
0.0
130
0.0
111
1.0
121
0.0
131
0.0
112
0.0
122
1.0
132
0.0
 79
     0
146
0.0
1001
ACAD_NAV_VCDISPLAY
1070
     3
  0
ENDTAB
  0
TABLE
  2
LTYPE
  5
5
330
0
100
AcDbSymbolTable
 70
     2
  0
LTYPE
  5
14
330
5
100
AcDbSymbolTableRecord
100
AcDbLinetypeTableRecord
  2
ByBlock
 70
     0
  3

 72
    65
 73
     0
 40
0.0
  0
LTYPE
  5
15
330
5
100
AcDbSymbolTableRecord
100
AcDbLinetypeTableRecord
  2
ByLayer
 70
     0
  3

 72
    65
 73
     0
 40
0.0
  0
LTYPE
  5
16
330
5
100
AcDbSymbolTableRecord
100
AcDbLinetypeTableRecord
  2
Continuous
 70
     0
  3
Solid line
 72
    65
 73
     0
 40
0.0
  0
ENDTAB
  0
TABLE
  2
LAYER
  5
2
102
{ACAD_XDICTIONARY
360
1FF
102
}
330
0
100
AcDbSymbolTable
 70
     5
  0
LAYER
  5
10
102
{ACAD_XDICTIONARY
360
13C
102
}
330
2
100
AcDbSymbolTableRecord
100
AcDbLayerTableRecord
  2
0
 70
     0
 62
     7
  6
Continuous
370
    -3
390
F
  0
LAYER
  5
9F0
102
{ACAD_XDICTIONARY
360
8D472
102
}
330
2
100
AcDbSymbolTableRecord
100
AcDbLayerTableRecord
  2
Defpoints
 70
     0
 62
     7
  6
Continuous
290
     0
370
    -3
390
F
  0
LAYER
  5
D17D
102
{ACAD_XDICTIONARY
360
8D474
102
}
330
2
100
AcDbSymbolTableRecord
100
AcDbLayerTableRecord
  2
ADSK_CONSTRAINTS
 70
     0
 62
     7
  6
Continuous
370
    -3
390
F
1001
AcAecLayerStandard
1000

1000

  0
LAYER
  5
1BB7A
102
{ACAD_XDICTIONARY
360
8D476
102
}
330
2
100
AcDbSymbolTableRecord
100
AcDbLayerTableRecord
  2
PDF _Геометрия
 70
     0
 62
   250
  6
Continuous
370
    -3
390
F
  0
ENDTAB
  0
TABLE
  2
STYLE
  5
3
330
0
100
AcDbSymbolTable
 70
     3
  0
STYLE
  5
11
330
3
100
AcDbSymbolTableRecord
100
AcDbTextStyleTableRecord
  2
Standard
 70
     0
 40
0.0
 41
1.0
 50
0.0
 71
     0
 42
2.5
  3
isocpeui.ttf
  4

1001
ACAD
1000
ISOCPEUR
1071
 16777250
  0
STYLE
  5
8D521
330
3
100
AcDbSymbolTableRecord
100
AcDbTextStyleTableRecord
  2
MtX_Arial
 70
     0
 40
0.0
 41
1.0
 50
0.0
 71
     0
 42
2.5
  3

  4

1001
ACAD
1000
Arial
1071
    52258
  0
ENDTAB
  0
TABLE
  2
VIEW
  5
6
330
0
100
AcDbSymbolTable
 70
     0
  0
ENDTAB
  0
TABLE
  2
UCS
  5
7
330
0
100
AcDbSymbolTable
 70
     0
  0
ENDTAB
  0
TABLE
  2
APPID
  5
9
330
0
100
AcDbSymbolTable
 70
    45
  0
APPID
  5
12
330
9
100
AcDbSymbolTableRecord
100
AcDbRegAppTableRecord
  2
ACAD
 70
     0
  0
APPID
  5
9E
330
9
100
AcDbSymbolTableRecord
100
AcDbRegAppTableRecord
  2
ACAD_PSEXT
 70
     0
  0
APPID
  5
133
330
9
100
AcDbSymbolTableRecord
100
AcDbRegAppTableRecord
  2
AcadAnnoPO
 70
     0
  0
APPID
  5
134
330
9
100
AcDbSymbolTableRecord
100
AcDbRegAppTableRecord
  2
AcadAnnotative
 70
     0
  0
APPID
  5
135
330
9
100
AcDbSymbolTableRecord
100
AcDbRegAppTableRecord
  2
ACAD_DSTYLE_DIMJAG
 70
     0
  0
APPID
  5
136
330
9
100
AcDbSymbolTableRecord
100
AcDbRegAppTableRecord
  2
ACAD_DSTYLE_DIMTALN
 70
     0
  0
APPID
  5
165
330
9
100
AcDbSymbolTableRecord
100
AcDbRegAppTableRecord
  2
ACAD_MLEADERVER
 70
     0
  0
APPID
  5
217
330
9
100
AcDbSymbolTableRecord
100
AcDbRegAppTableRecord
  2
ACAD_NAV_VCDISPLAY
 70
     0
  0
APPID
  5
9FA
330
9
100
AcDbSymbolTableRecord
100
AcDbRegAppTableRecord
  2
ACAD_DSTYLE_DIMJOGGED_JOGANGLE_SYMBOL
 70
     0
  0
APPID
  5
9FB
330
9
100
AcDbSymbolTableRecord
100
AcDbRegAppTableRecord
  2
ACAD_DSTYLE_DIMBREAK
 70
     0
  0
APPID
  5
9FC
330
9
100
AcDbSymbolTableRecord
100
AcDbRegAppTableRecord
  2
AcAecLayerStandard
 70
     0
  0
APPID
  5
9FD
330
9
100
AcDbSymbolTableRecord
100
AcDbRegAppTableRecord
  2
AcCmTransparency
 70
     0
  0
APPID
  5
9FE
330
9
100
AcDbSymbolTableRecord
100
AcDbRegAppTableRecord
  2
ACAD_DSTYLE_DIMRADIAL_EXTENSION
 70
     0
  0
APPID
  5
9FF
330
9
100
AcDbSymbolTableRecord
100
AcDbRegAppTableRecord
  2
AcDbBlockRepETag
 70
     0
  0
APPID
  5
A00
330
9
100
AcDbSymbolTableRecord
100
AcDbRegAppTableRecord
  2
IdsDescr
 70
     0
  0
APPID
  5
1CC4
330
9
100
AcDbSymbolTableRecord
100
AcDbRegAppTableRecord
  2
ACAD_EXEMPT_FROM_CAD_STANDARDS
 70
     0
  0
APPID
  5
1F5B
330
9
100
AcDbSymbolTableRecord
100
AcDbRegAppTableRecord
  2
AcDbDynamicBlockGUID
 70
     0
  0
APPID
  5
2034
330
9
100
AcDbSymbolTableRecord
100
AcDbRegAppTableRecord
  2
ACAUTHENVIRON
 70
     0
  0
APPID
  5
2037
330
9
100
AcDbSymbolTableRecord
100
AcDbRegAppTableRecord
  2
AcDbDynamicBlockTrueName
 70
     0
  0
APPID
  5
208B
330
9
100
AcDbSymbolTableRecord
100
AcDbRegAppTableRecord
  2
GradientColor1ACI
 70
     0
  0
APPID
  5
208C
330
9
100
AcDbSymbolTableRecord
100
AcDbRegAppTableRecord
  2
GradientColor2ACI
 70
     0
  0
APPID
  5
3DE7
330
9
100
AcDbSymbolTableRecord
100
AcDbRegAppTableRecord
  2
AcadAnnoMonitorAlertIconDisabled
 70
     0
  0
APPID
  5
4031
330
9
100
AcDbSymbolTableRecord
100
AcDbRegAppTableRecord
  2
PLOTTRANSPARENCY
 70
     0
  0
APPID
  5
A6F5
330
9
100
AcDbSymbolTableRecord
100
AcDbRegAppTableRecord
  2
AcDbBlockRepBTag
 70
     0
  0
APPID
  5
D186
330
9
100
AcDbSymbolTableRecord
100
AcDbRegAppTableRecord
  2
ACAD_DSTYLE_DIMINSPECT
 70
     0
  0
APPID
  5
D187
330
9
100
AcDbSymbolTableRecord
100
AcDbRegAppTableRecord
  2
ACAD_DSTYLE_DIMJAG_POSITION
 70
     0
  0
APPID
  5
DAD3
330
9
100
AcDbSymbolTableRecord
100
AcDbRegAppTableRecord
  2
Siberia
 70
     0
  0
APPID
  5
20276
330
9
100
AcDbSymbolTableRecord
100
AcDbRegAppTableRecord
  2
ACAD_DIMASSOC_CALC_DIMLFAC
 70
     0
  0
APPID
  5
20277
330
9
100
AcDbSymbolTableRecord
100
AcDbRegAppTableRecord
  2
ACAD_DIMASSOC_DIMLFAC
 70
     0
  0
APPID
  5
20278
330
9
100
AcDbSymbolTableRecord
100
AcDbRegAppTableRecord
  2
ACAD_DIMASSOC_OVERRIDDEN_DIMLFAC
 70
     0
  0
APPID
  5
2C90A
330
9
100
AcDbSymbolTableRecord
100
AcDbRegAppTableRecord
  2
ACAD_DSTYLE_DIMTEXT_FILL
 70
     0
  0
APPID
  5
2C90B
330
9
100
AcDbSymbolTableRecord
100
AcDbRegAppTableRecord
  2
AcDbDynamicBlockTrueName2
 70
     0
  0
APPID
  5
2C90C
330
9
100
AcDbSymbolTableRecord
100
AcDbRegAppTableRecord
  2
AdvanceSteel
 70
     0
  0
APPID
  5
2C99A
330
9
100
AcDbSymbolTableRecord
100
AcDbRegAppTableRecord
  2
PE_URL
 70
     0
  0
APPID
  5
2ECA3
330
9
100
AcDbSymbolTableRecord
100
AcDbRegAppTableRecord
  2
MCS_DOCUMENT_ID
 70
     0
  0
APPID
  5
2ECA6
330
9
100
AcDbSymbolTableRecord
100
AcDbRegAppTableRecord
  2
MCS_PARAMS_DATA
 70
     0
  0
APPID
  5
2ECA8
330
9
100
AcDbSymbolTableRecord
100
AcDbRegAppTableRecord
  2
MC_VERSION_DATA
 70
     0
  0
APPID
  5
2ECA9
330
9
100
AcDbSymbolTableRecord
100
AcDbRegAppTableRecord
  2
MCS_DIM1
 70
     0
  0
APPID
  5
2ECAA
330
9
100
AcDbSymbolTableRecord
100
AcDbRegAppTableRecord
  2
McsXdata5
 70
     0
  0
APPID
  5
35133
330
9
100
AcDbSymbolTableRecord
100
AcDbRegAppTableRecord
  2
McDocData
 70
     0
  0
APPID
  5
3D55B
330
9
100
AcDbSymbolTableRecord
100
AcDbRegAppTableRecord
  2
AcadAnnoAV
 70
     0
  0
APPID
  5
8C584
330
9
100
AcDbSymbolTableRecord
100
AcDbRegAppTableRecord
  2
ZWCAD_MTEXT_RTL_PARAGRAPHS
 70
     0
  0
APPID
  5
8CAE3
330
9
100
AcDbSymbolTableRecord
100
AcDbRegAppTableRecord
  2
_APP0
 70
     0
  0
APPID
  5
8D47C
330
9
100
AcDbSymbolTableRecord
100
AcDbRegAppTableRecord
  2
DetailViewStyle
 70
     0
  0
APPID
  5
8D487
330
9
100
AcDbSymbolTableRecord
100
AcDbRegAppTableRecord
  2
SectionViewStyle
 70
     0
  0
ENDTAB
  0
TABLE
  2
DIMSTYLE
  5
A
330
0
100
AcDbSymbolTable
 70
     4
100
AcDbDimStyleTable
 71
     1
340
79EF3
  0
DIMSTYLE
105
79EF3
330
A
100
AcDbSymbolTableRecord
100
AcDbDimStyleTableRecord
  2
Копия ISO-25
 70
     0
 40
15.0
 41
1.0
 42
0.625
 43
3.75
 44
1.25
 45
1.0
 73
     0
 74
     0
 77
     1
 78
     8
140
2.5
141
2.5
143
0.03937007874016
147
0.625
171
     3
172
     1
271
     2
272
     2
274
     3
278
    44
283
     0
284
     8
340
11
342
10C1E
1001
ACAD_DSTYLE_DIMBREAK
1070
   391
1040
3.75
1001
ACAD_DSTYLE_DIMJAG
1070
   388
1040
1.5
1001
ACAD_DSTYLE_DIMTALN
1070
   392
1070
     0
  0
ENDTAB
  0
TABLE
  2
BLOCK_RECORD
  5
1
330
0
100
AcDbSymbolTable
 70
   252
  0
BLOCK_RECORD
  5
1F
102
{ACAD_XDICTIONARY
360
1CE
102
}
330
1
100
AcDbSymbolTableRecord
100
AcDbBlockTableRecord
  2
*Model_Space
340
22
  0
BLOCK_RECORD
  5
8B4FB
102
{ACAD_XDICTIONARY
360
8B4FC
102
}
330
1
100
AcDbSymbolTableRecord
100
AcDbBlockTableRecord
  2
*Paper_Space
340
8B514
  0
BLOCK_RECORD
  5
10C1E
330
1
100
AcDbSymbolTableRecord
100
AcDbBlockTableRecord
  2
_Oblique
340
0
102
{BLKREFS
331
893AE
331
893AF
331
893B8
331
893B9
331
893C1
331
893C2
331
893CA
331
893CB
331
893D3
331
893D4
331
893DC
331
893DD
331
893E5
331
893E6
331
893EF
331
893F0
331
89400
331
89401
331
8953D
331
8953E
331
89546
331
89547
331
8954F
331
89550
331
89722
331
89723
331
8A7C4
331
8A7C9
331
8A7D2
331
8A7D3
331
8A7DC
331
8A7DD
331
8A7E8
331
8A7E9
331
8A7F1
331
8A7F2
331
8A7FA
331
8A7FB
331
8A806
331
8A807
331
8A80F
331
8A818
331
8A819
331
8A822
331
8A823
331
8A82A
331
8A833
331
8A834
331
8A83C
331
8A83D
331
8A845
331
8A846
331
8A851
331
8A852
331
8A9F6
331
8A9F7
331
8AA02
331
8AA03
331
8AA0A
331
8AA0B
331
8AA16
331
8AA17
331
8AA1E
331
8AA1F
331
8AA2A
331
8AA2B
331
8AA32
331
8AA33
331
8B0D6
331
8B0D7
331
8B15A
331
8B15B
331
8B163
331
8B164
331
8B16D
331
8B16E
331
8B186
331
8B187
331
8B18F
331
8B190
331
8B199
331
8B19A
331
8B1B2
331
8B1B3
331
8B1BC
331
8B1BD
331
8B1FF
331
8B200
331
8B208
331
8B209
331
8B211
331
8B212
331
8B21A
331
8B21B
331
8B223
331
8B224
331
8B22C
331
8B22D
331
8B235
331
8B236
331
8B23E
331
8B23F
331
8B247
331
8B248
331
8B250
331
8B251
331
8BCCC
331
8BCCD
331
8BCD5
331
8BCD6
331
8BCDE
331
8BCDF
331
8BCE7
331
8BCE8
331
8BCF0
331
8BCF1
331
8BCF9
331
8BCFA
331
8BD02
331
8BD03
331
8BD3F
331
8BD40
331
8BD49
331
8BD4A
331
8BD52
331
8BD53
331
8C105
331
8C106
331
8C122
331
8C123
331
8C12B
331
8C12C
331
8C147
331
8C148
331
8C150
331
8C151
331
8C26A
331
8C26B
331
8C284
331
8C285
331
8C2A5
331
8C2A6
331
8C2AE
331
8C2AF
331
8C2BF
331
8C2C0
331
8C2D0
331
8C2D1
331
8C2D9
331
8C2DA
331
8C2E2
331
8C2E3
331
8C75A
331
8C75B
331
8C767
331
8C768
331
8C773
331
8C774
331
8C78A
331
8C78B
331
8C796
331
8C797
331
8C7A2
331
8C7A3
331
8C7AE
331
8C7AF
331
8C7BA
331
8C7BB
331
8C7C6
331
8C7C7
331
8C7E8
331
8C7E9
331
8C7F4
331
8C7F5
331
8C800
331
8C801
331
8C80C
331
8C80D
331
8C819
331
8C81A
331
8C825
331
8C826
331
8C848
331
8C849
331
8C854
331
8C855
331
8C860
331
8C861
331
8C86C
331
8C86D
331
8C878
331
8C879
331
8C884
331
8C885
331
8C890
331
8C891
331
8C89C
331
8C89D
331
8C8A8
331
8C8A9
331
8C8B4
331
8C8B5
331
8C8C0
331
8C8C1
331
8C8CC
331
8C8CD
331
8C8D9
331
8C8DA
331
8C8FC
331
8C8FD
331
8C908
331
8C909
331
8C915
331
8C916
331
8C921
331
8C922
331
8C92D
331
8C92E
331
8C939
331
8C93A
331
8C945
331
8C946
331
8C951
331
8C952
331
8C95D
331
8C95E
331
8C969
331
8C96A
331
8C975
331
8C976
331
8C981
331
8C982
331
8C98D
331
8C98E
331
8C99A
331
8C99B
331
8C9A7
331
8C9A8
331
8C9B3
331
8C9B4
331
8C9BF
331
8C9C0
331
8C9CC
331
8C9CD
331
8CA1A
331
8CA1B
331
8CA26
331
8CA27
331
8CA33
331
8CA34
331
8CA55
331
8CA56
331
8CA61
331
8CA62
331
8CA6E
331
8CA6F
331
8CA7A
331
8CA7B
331
8CA87
331
8CA88
331
8CA94
331
8CA95
331
8CAA1
331
8CAA2
331
8CAAD
331
8CAAE
331
8CAB9
331
8CABA
331
8CAD0
331
8CAD1
331
8CADC
331
8CADD
331
8D024
331
8D025
331
8D02E
331
8D02F
331
8D037
331
8D038
331
8D048
331
8D049
331
8D051
331
8D052
331
8D05A
331
8D05B
331
8D063
331
8D064
331
8D06C
331
8D06D
331
8D076
331
8D077
331
8D08F
331
8D090
331
8D098
331
8D099
331
8D0A1
331
8D0A2
331
8D0AA
331
8D0AB
331
8D0B4
331
8D0B5
331
8D0BD
331
8D0BE
331
8D0D7
331
8D0D8
331
8D0E0
331
8D0E1
331
8D0E9
331
8D0EA
331
8D0F2
331
8D0F3
331
8D0FB
331
8D0FC
331
8D104
331
8D105
331
8D10D
331
8D10E
331
8D116
331
8D117
331
8D11F
331
8D120
331
8D128
331
8D129
331
8D132
331
8D133
331
8D13B
331
8D13C
331
8D145
331
8D146
331
8D15F
331
8D160
331
8D168
331
8D169
331
8D172
331
8D173
331
8D17B
331
8D17C
331
8D184
331
8D185
331
8D18D
331
8D18E
331
8D198
331
8D199
331
8D1A1
331
8D1A2
331
8D1AC
331
8D1AD
331
8D1B5
331
8D1B6
331
8D1BE
331
8D1BF
331
8D1C7
331
8D1C8
331
8D1D0
331
8D1D1
331
8D1DA
331
8D1DB
331
8D1E4
331
8D1E5
331
8D1EE
331
8D1EF
331
8D1F7
331
8D1F8
331
8D202
331
8D203
331
8D23B
331
8D23C
331
8D244
331
8D245
331
8D24E
331
8D24F
331
8D268
331
8D269
331
8D272
331
8D273
331
8D27B
331
8D27C
331
8D28C
331
8D28D
331
8D295
331
8D296
331
8D29E
331
8D29F
331
8D2A7
331
8D2A8
331
8D2B1
331
8D2B2
331
8D2BB
331
8D2BC
331
8D2C4
331
8D2C5
331
8D2CD
331
8D2CE
102
}
  0
BLOCK_RECORD
  5
8B49C
102
{ACAD_XDICTIONARY
360
8B49D
102
}
330
1
100
AcDbSymbolTableRecord
100
AcDbBlockTableRecord
  2
*Paper_Space1
340
8B4B8
  0
BLOCK_RECORD
  5
D2
102
{ACAD_XDICTIONARY
360
732EA
102
}
330
1
100
AcDbSymbolTableRecord
100
AcDbBlockTableRecord
  2
*Paper_Space90
340
D3
  0
BLOCK_RECORD
  5
78886
102
{ACAD_XDICTIONARY
360
78887
102
}
330
1
100
AcDbSymbolTableRecord
100
AcDbBlockTableRecord
  2
*Paper_Space91
340
788F5
  0
ENDTAB
  0
ENDSEC
  0
SECTION
  2
BLOCKS
  0
BLOCK
  5
20
330
1F
100
AcDbEntity
  8
0
100
AcDbBlockBegin
  2
*Model_Space
 70
     0
 10
0.0
 20
0.0
 30
0.0
  3
*Model_Space
  1

  0
ENDBLK
  5
21
330
1F
100
AcDbEntity
  8
0
100
AcDbBlockEnd
  0
BLOCK
  5
8B4FE
330
8B4FB
100
AcDbEntity
 67
     1
  8
0
100
AcDbBlockBegin
  2
*Paper_Space
 70
     0
 10
0.0
 20
0.0
 30
0.0
  3
*Paper_Space
  1

  0
ENDBLK
  5
8B513
330
8B4FB
100
AcDbEntity
 67
     1
  8
0
100
AcDbBlockEnd
  0
BLOCK
  5
10C20
330
10C1E
100
AcDbEntity
  8
0
100
AcDbBlockBegin
  2
_Oblique
 70
     0
 10
0.0
 20
0.0
 30
0.0
  3
_Oblique
  1

  0
LINE
  5
10C1F
330
10C1E
100
AcDbEntity
  8
0
  6
ByBlock
 62
     0
370
    -2
100
AcDbLine
 10
-0.5
 20
-0.5
 30
0.0
 11
0.5
 21
0.5
 31
0.0
  0
ENDBLK
  5
10C21
330
10C1E
100
AcDbEntity
  8
0
100
AcDbBlockEnd
  0
BLOCK
  5
8B49F
330
8B49C
100
AcDbEntity
  8
0
100
AcDbBlockBegin
  2
*Paper_Space1
 70
     0
 10
0.0
 20
0.0
 30
0.0
  3
*Paper_Space1
  1

  0
VIEWPORT
  5
8B4A0
102
{ACAD_XDICTIONARY
360
8B4A1
102
}
330
8B49C
100
AcDbEntity
  8
0
100
AcDbViewport
 10
3853.435575482567
 20
391.2425041871153
 30
0.0
 40
565.607443382951
 41
296.2537109584043
 68
     1
 69
    -1
 12
3853.435575482567
 22
391.2425041871153
 13
0.0
 23
0.0
 14
10.0
 24
10.0
 15
10.0
 25
10.0
 16
0.0
 26
0.0
 36
1.0
 17
0.0
 27
0.0
 37
0.0
 42
50.0
 43
0.0
 44
0.0
 45
296.2537109584043
 50
0.0
 51
0.0
 72
  1000
 90
   819232
  1

281
     0
 71
     1
 74
     0
110
0.0
120
0.0
130
0.0
111
1.0
121
0.0
131
0.0
112
0.0
122
1.0
132
0.0
 79
     0
146
0.0
  0
VIEWPORT
  5
8B4A6
102
{ACAD_XDICTIONARY
360
8B4A7
102
}
330
8B49C
100
AcDbEntity
  8
Defpoints
 48
20.0
100
AcDbViewport
 10
3864.159438439716
 20
382.9028352470244
 30
0.0
 40
268.62783808475
 41
176.278253178458
 69
    -1
 12
6842.326604308983
 22
-122.4950611115235
 13
0.0
 23
0.0
 14
10.0
 24
10.0
 15
10.0
 25
10.0
 16
0.0
 26
0.0
 36
10220.66164389161
 17
730367.662085814
 27
170869.74377666
 37
0.0
 42
50.0
 43
0.0
 44
0.0
 45
4027.261365784351
 50
0.0
 51
0.0
 72
  1000
 90
   819296
  1

281
     0
 71
     1
 74
     0
110
355066.4747717344
120
-25460.25235228561
130
0.0
111
1.0
121
0.0
131
0.0
112
0.0
122
1.0
132
0.0
 79
     0
146
0.0
  0
LWPOLYLINE
  5
8B4A9
330
8B49C
100
AcDbEntity
  8
PDF _Геометрия
 62
     7
370
    18
100
AcDbPolyline
 90
        4
 70
     1
 43
0.0
 10
3994.624055820275
 20
299.9904763336189
 10
3747.983232507194
 20
299.9904763336189
 10
3747.983232507194
 20
474.400848286651
 10
3994.624055820275
 20
474.400848286651
  0
LWPOLYLINE
  5
8B4AA
330
8B49C
100
AcDbEntity
  8
PDF _Геометрия
 62
     7
370
    25
100
AcDbPolyline
 90
        4
 70
     1
 43
0.0
 10
3753.671668859521
 20
471.4646948679245
 10
3753.671668859521
 20
302.9266297523435
 10
3991.687798818916
 20
302.9266297523435
 10
3991.687798818916
 20
471.4646948679245
  0
MTEXT
  5
8B4AB
102
{ACAD_XDICTIONARY
360
8B4AC
102
}
330
8B49C
100
AcDbEntity
  8
0
100
AcDbMText
 10
3962.334859010402
 20
307.5112689805921
 30
0.0
 40
1.960051181559144
 41
56.23300164453627
 71
     1
 72
     1
  1
12758(10)
 73
     1
 44
1.0
1001
ACAD
1000
MTEXTBEGIN
1070
    73
1070
     1
1070
    44
1040
1.0
1070
    74
1070
     0
1000
MTEXTEND
  0
LWPOLYLINE
  5
8B4B0
330
8B49C
100
AcDbEntity
  8
0
100
AcDbPolyline
 90
        4
 70
     1
 43
0.0
 10
3959.489856011058
 20
302.9266297523435
 10
3991.687798818916
 20
302.9266297523435
 10
3991.687798818916
 20
309.0957271858631
 10
3959.489856011058
 20
309.0957271858631
  0
VIEWPORT
  5
8B4B1
102
{ACAD_XDICTIONARY
360
8B4B2
102
}
330
8B49C
100
AcDbEntity
  8
Defpoints
 48
20.0
100
AcDbViewport
 10
3882.198522605924
 20
320.0111830460717
 30
0.0
 40
168.8753789100608
 41
98.28069629850848
 69
    -1
 12
-2009.419620963953
 22
-6598.384671846247
 13
0.0
 23
0.0
 14
10.0
 24
10.0
 15
10.0
 25
10.0
 16
0.0
 26
0.0
 36
10220.66164389161
 17
730367.662085814
 27
170869.74377666
 37
0.0
 42
50.0
 43
0.0
 44
0.0
 45
2330.736885827462
 50
0.0
 51
0.0
 72
  1000
 90
   819296
  1

281
     0
 71
     1
 74
     0
110
355066.4747717344
120
-25460.25235228561
130
0.0
111
1.0
121
0.0
131
0.0
112
0.0
122
1.0
132
0.0
 79
     0
146
0.0
  0
MTEXT
  5
8B4B4
330
8B49C
100
AcDbEntity
  8
0
100
AcDbMText
 10
3917.68566522365
 20
343.086812695075
 30
0.0
 40
1.960051181559144
 41
56.23300164453627
 71
     1
 72
     1
  1
\U+0412\U+0442\U+0434 \U+0413
 73
     1
 44
1.0
1001
ACAD
1000
MTEXTBEGIN
1070
    73
1070
     1
1070
    44
1040
1.0
1070
    74
1070
     0
1000
MTEXTEND
  0
MTEXT
  5
8B4B6
330
8B49C
100
AcDbEntity
  8
0
100
AcDbMText
 10
3763.084162187801
 20
310.2673209666832
 30
0.0
 40
1.960051181559144
 41
131.3385732921372
 71
     1
 72
     1
  3
\U+0421\U+0442\U+0435\U+043A\U+043B\U+043E \U+0437\U+0430\U+043A\U+0430\U+043B\U+0435\U+043D\U+043D\U+043E\U+0435 10 \U+043C\U+043C \U+043F\U+0440\U+043E\U+0437\U+0440\U+0430\U+0447\U+043D\U+043E\U+0435 , \U+041F\U+041A , \U+0417\U+0410\U+041A
  1
\U+0410\U+041B\U+041A\U+0410
 73
     1
 44
1.0
1001
ACAD
1000
MTEXTBEGIN
1070
    73
1070
     1
1070
    44
1040
1.0
1070
    74
1070
     0
1000
MTEXTEND
  0
ENDBLK
  5
8B4B7
330
8B49C
100
AcDbEntity
  8
0
100
AcDbBlockEnd
  0
BLOCK
  5
D4
330
D2
100
AcDbEntity
  8
0
100
AcDbBlockBegin
  2
*Paper_Space90
 70
     0
 10
0.0
 20
0.0
 30
0.0
  3
*Paper_Space90
  1

  0
VIEWPORT
  5
5B22
102
{ACAD_XDICTIONARY
360
5B23
102
}
330
D2
100
AcDbEntity
  8
0
100
AcDbViewport
 10
3256.00093802691
 20
388.9553436173582
 30
0.0
 40
573.6851089054722
 41
300.4846283816522
 68
     1
 69
    -1
 12
3256.00093802691
 22
388.9553436173582
 13
0.0
 23
0.0
 14
10.0
 24
10.0
 15
10.0
 25
10.0
 16
0.0
 26
0.0
 36
1.0
 17
0.0
 27
0.0
 37
0.0
 42
50.0
 43
0.0
 44
0.0
 45
300.4846283816522
 50
0.0
 51
0.0
 72
  1000
 90
   819232
  1

281
     0
 71
     1
 74
     0
110
0.0
120
0.0
130
0.0
111
1.0
121
0.0
131
0.0
112
0.0
122
1.0
132
0.0
 79
     0
146
0.0
  0
VIEWPORT
  5
4337A
102
{ACAD_XDICTIONARY
360
4337B
102
}
330
D2
100
AcDbEntity
  8
Defpoints
 48
20.0
100
AcDbViewport
 10
3243.111283283909
 20
392.6315263762861
 30
0.0
 40
268.62783808475
 41
176.278253178458
 69
    -1
 12
747680.173085309
 22
169274.1204420366
 13
0.0
 23
0.0
 14
10.0
 24
10.0
 15
10.0
 25
10.0
 16
0.0
 26
0.0
 36
1.0
 17
0.0
 27
0.0
 37
0.0
 42
50.0
 43
0.0
 44
0.0
 45
7421.0736951428
 50
0.0
 51
0.0
 72
  1000
 90
   819296
  1

281
     0
 71
     1
 74
     0
110
355066.4747717344
120
-25460.25235228561
130
0.0
111
1.0
121
0.0
131
0.0
112
0.0
122
1.0
132
0.0
 79
     0
146
0.0
  0
LWPOLYLINE
  5
43386
330
D2
100
AcDbEntity
  8
PDF _Геометрия
 62
     7
370
    18
100
AcDbPolyline
 90
        4
 70
     1
 43
0.0
 10
3373.575900664468
 20
309.7191674628805
 10
3126.935077351385
 20
309.7191674628805
 10
3126.935077351385
 20
484.1295394159126
 10
3373.575900664468
 20
484.1295394159126
  0
LWPOLYLINE
  5
43387
330
D2
100
AcDbEntity
  8
PDF _Геометрия
 62
     7
370
    25
100
AcDbPolyline
 90
        4
 70
     1
 43
0.0
 10
3132.623513703713
 20
481.1933859971861
 10
3132.623513703713
 20
312.6553208816051
 10
3370.639643663107
 20
312.6553208816051
 10
3370.639643663107
 20
481.1933859971861
  0
MTEXT
  5
43388
102
{ACAD_XDICTIONARY
360
72E25
102
}
330
D2
100
AcDbEntity
  8
0
100
AcDbMText
 10
3341.286703854594
 20
317.2399601098537
 30
0.0
 40
1.960051181559144
 41
56.23300164453627
 71
     1
 72
     1
  1
12758(10)
 73
     1
 44
1.0
1001
ACAD
1000
MTEXTBEGIN
1070
    73
1070
     1
1070
    44
1040
1.0
1070
    74
1070
     0
1000
MTEXTEND
  0
LWPOLYLINE
  5
43392
330
D2
100
AcDbEntity
  8
0
100
AcDbPolyline
 90
        4
 70
     1
 43
0.0
 10
3338.441700855251
 20
312.6553208816051
 10
3370.639643663108
 20
312.6553208816051
 10
3370.639643663108
 20
318.8244183151247
 10
3338.441700855251
 20
318.8244183151247
  0
ENDBLK
  5
D5
330
D2
100
AcDbEntity
  8
0
100
AcDbBlockEnd
  0
BLOCK
  5
78889
330
78886
100
AcDbEntity
  8
0
100
AcDbBlockBegin
  2
*Paper_Space91
 70
     0
 10
0.0
 20
0.0
 30
0.0
  3
*Paper_Space91
  1

  0
VIEWPORT
  5
7888A
102
{ACAD_XDICTIONARY
360
7888B
102
}
330
78886
100
AcDbEntity
  8
0
100
AcDbViewport
 10
3871.413874852818
 20
387.195662310135
 30
0.0
 40
352.3172571026836
 41
184.5366359167372
 68
     1
 69
    -1
 12
3871.413874852818
 22
387.195662310135
 13
0.0
 23
0.0
 14
10.0
 24
10.0
 15
10.0
 25
10.0
 16
0.0
 26
0.0
 36
1.0
 17
0.0
 27
0.0
 37
0.0
 42
50.0
 43
0.0
 44
0.0
 45
184.5366359167372
 50
0.0
 51
0.0
 72
  1000
 90
   819232
  1

281
     0
 71
     1
 74
     0
110
0.0
120
0.0
130
0.0
111
1.0
121
0.0
131
0.0
112
0.0
122
1.0
132
0.0
 79
     0
146
0.0
  0
VIEWPORT
  5
788A2
102
{ACAD_XDICTIONARY
360
788A3
102
}
330
78886
100
AcDbEntity
  8
Defpoints
 48
20.0
100
AcDbViewport
 10
3538.843538003154
 20
399.1812425140615
 30
0.0
 40
259.4346054679061
 41
174.4585496612525
 69
    -1
 12
736803.1650575078
 22
153392.8517383816
 13
0.0
 23
0.0
 14
10.0
 24
10.0
 15
10.0
 25
10.0
 16
0.0
 26
0.0
 36
1.0
 17
0.0
 27
0.0
 37
0.0
 42
50.0
 43
0.0
 44
0.0
 45
5028.137097465663
 50
0.0
 51
0.0
 72
  1000
 90
   819296
  1

281
     0
 71
     1
 74
     0
110
355066.4747717344
120
-25460.25235228561
130
0.0
111
1.0
121
0.0
131
0.0
112
0.0
122
1.0
132
0.0
 79
     0
146
0.0
  0
VIEWPORT
  5
8B377
102
{ACAD_XDICTIONARY
360
8B378
102
}
330
78886
100
AcDbEntity
  8
Defpoints
 48
20.0
100
AcDbViewport
 10
3864.159438439716
 20
382.9028352470244
 30
0.0
 40
268.62783808475
 41
176.278253178458
 69
    -1
 12
-6.313842504248896
 22
-82.06048018066429
 13
0.0
 23
0.0
 14
10.0
 24
10.0
 15
10.0
 25
10.0
 16
0.0
 26
0.0
 36
10220.66164389161
 17
730367.662085814
 27
170869.74377666
 37
0.0
 42
50.0
 43
0.0
 44
0.0
 45
4027.261339651344
 50
0.0
 51
0.0
 72
  1000
 90
   819296
  1

281
     0
 71
     1
 74
     0
110
355066.4747717344
120
-25460.25235228561
130
0.0
111
1.0
121
0.0
131
0.0
112
0.0
122
1.0
132
0.0
 79
     0
146
0.0
  0
LWPOLYLINE
  5
8B37A
330
78886
100
AcDbEntity
  8
PDF _Геометрия
 62
     7
370
    18
100
AcDbPolyline
 90
        4
 70
     1
 43
0.0
 10
3994.624055820275
 20
299.9904763336189
 10
3747.983232507194
 20
299.9904763336189
 10
3747.983232507194
 20
474.400848286651
 10
3994.624055820275
 20
474.400848286651
  0
LWPOLYLINE
  5
8B37B
330
78886
100
AcDbEntity
  8
PDF _Геометрия
 62
     7
370
    25
100
AcDbPolyline
 90
        4
 70
     1
 43
0.0
 10
3753.671668859521
 20
471.4646948679245
 10
3753.671668859521
 20
302.9266297523435
 10
3991.687798818916
 20
302.9266297523435
 10
3991.687798818916
 20
471.4646948679245
  0
MTEXT
  5
8B37C
102
{ACAD_XDICTIONARY
360
8B37D
102
}
330
78886
100
AcDbEntity
  8
0
100
AcDbMText
 10
3962.334859010402
 20
307.5112689805921
 30
0.0
 40
1.960051181559144
 41
56.23300164453627
 71
     1
 72
     1
  1
12758(10)
 73
     1
 44
1.0
1001
ACAD
1000
MTEXTBEGIN
1070
    73
1070
     1
1070
    44
1040
1.0
1070
    74
1070
     0
1000
MTEXTEND
  0
LWPOLYLINE
  5
8B381
330
78886
100
AcDbEntity
  8
0
100
AcDbPolyline
 90
        4
 70
     1
 43
0.0
 10
3959.489856011058
 20
302.9266297523435
 10
3991.687798818916
 20
302.9266297523435
 10
3991.687798818916
 20
309.0957271858631
 10
3959.489856011058
 20
309.0957271858631
  0
VIEWPORT
  5
8B3BB
102
{ACAD_XDICTIONARY
360
8B3BC
102
}
330
78886
100
AcDbEntity
  8
Defpoints
 48
20.0
100
AcDbViewport
 10
3814.283208852371
 20
331.6774983520724
 30
0.0
 40
168.8753789100608
 41
98.28069629850848
 69
    -1
 12
-2009.419620963953
 22
-6598.384671846247
 13
0.0
 23
0.0
 14
10.0
 24
10.0
 15
10.0
 25
10.0
 16
0.0
 26
0.0
 36
10220.66164389161
 17
730367.662085814
 27
170869.74377666
 37
0.0
 42
50.0
 43
0.0
 44
0.0
 45
2330.736885827462
 50
0.0
 51
0.0
 72
  1000
 90
   819296
  1

281
     0
 71
     1
 74
     0
110
355066.4747717344
120
-25460.25235228561
130
0.0
111
1.0
121
0.0
131
0.0
112
0.0
122
1.0
132
0.0
 79
     0
146
0.0
  0
MTEXT
  5
8B440
330
78886
100
AcDbEntity
  8
0
100
AcDbMText
 10
3858.2597653178
 20
363.591245704337
 30
0.0
 40
1.960051181559144
 41
56.23300164453627
 71
     1
 72
     1
  1
\U+0412\U+0442\U+0434 \U+0413
 73
     1
 44
1.0
1001
ACAD
1000
MTEXTBEGIN
1070
    73
1070
     1
1070
    44
1040
1.0
1070
    74
1070
     0
1000
MTEXTEND
  0
MTEXT
  5
8B46D
330
78886
100
AcDbEntity
  8
0
100
AcDbMText
 10
3763.084162187801
 20
310.2673209666832
 30
0.0
 40
1.960051181559144
 41
131.3385732921372
 71
     1
 72
     1
  3
\U+0421\U+0442\U+0435\U+043A\U+043B\U+043E \U+0437\U+0430\U+043A\U+0430\U+043B\U+0435\U+043D\U+043D\U+043E\U+0435 10 \U+043C\U+043C \U+043F\U+0440\U+043E\U+0437\U+0440\U+0430\U+0447\U+043D\U+043E\U+0435 , \U+041F\U+041A , \U+0417\U+0410\U+041A
  1
\U+0410\U+041B\U+041A\U+0410
 73
     1
 44
1.0
1001
ACAD
1000
MTEXTBEGIN
1070
    73
1070
     1
1070
    44
1040
1.0
1070
    74
1070
     0
1000
MTEXTEND
  0
ENDBLK
  5
788F4
330
78886
100
AcDbEntity
  8
0
100
AcDbBlockEnd
  0
ENDSEC
  0
SECTION
  2
ENTITIES
  0
CIRCLE
  5
886EC
330
1F
100
AcDbEntity
  8
0
100
AcDbCircle
 10
729334.5893815642
 20
171650.983532011
 30
0.0
 40
24.0
  0
CIRCLE
  5
89620
330
1F
100
AcDbEntity
  8
0
100
AcDbCircle
 10
728135.9337185946
 20
172181.9366111899
 30
0.0
 40
8.0
  0
CIRCLE
  5
89621
330
1F
100
AcDbEntity
  8
0
100
AcDbCircle
 10
728135.9337185946
 20
172226.9366111899
 30
0.0
 40
8.0
  0
CIRCLE
  5
89623
330
1F
100
AcDbEntity
  8
0
100
AcDbCircle
 10
728135.9337185946
 20
171931.9366111899
 30
0.0
 40
8.0
  0
CIRCLE
  5
89624
330
1F
100
AcDbEntity
  8
0
100
AcDbCircle
 10
728135.9337185946
 20
171976.9366111899
 30
0.0
 40
8.0
  0
CIRCLE
  5
89625
330
1F
100
AcDbEntity
  8
0
100
AcDbCircle
 10
728135.9337185946
 20
170389.0304528322
 30
0.0
 40
8.0
  0
CIRCLE
  5
89626
330
1F
100
AcDbEntity
  8
0
100
AcDbCircle
 10
728135.9337185946
 20
170434.0304528322
 30
0.0
 40
8.0
  0
CIRCLE
  5
89988
330
1F
100
AcDbEntity
  8
0
100
AcDbCircle
 10
737196.4790521428
 20
171014.483532011
 30
0.0
 40
6.0
  0
CIRCLE
  5
89989
330
1F
100
AcDbEntity
  8
0
100
AcDbCircle
 10
737196.4790521428
 20
171614.483532011
 30
0.0
 40
6.0
  0
CIRCLE
  5
8A1FC
330
1F
100
AcDbEntity
  8
0
 48
20.0
100
AcDbCircle
 10
729129.3433680309
 20
168057.3510704434
 30
0.0
 40
10.0
  0
CIRCLE
  5
8A1FD
330
1F
100
AcDbEntity
  8
0
 48
20.0
100
AcDbCircle
 10
729129.3433680309
 20
167984.3510704434
 30
0.0
 40
10.0
  0
CIRCLE
  5
8A376
330
1F
100
AcDbEntity
  8
0
 48
20.0
100
AcDbCircle
 10
732066.6379648774
 20
168057.3510704434
 30
40.0
 40
10.0
  0
CIRCLE
  5
8A377
330
1F
100
AcDbEntity
  8
0
 48
20.0
100
AcDbCircle
 10
732066.6379648774
 20
167984.3510704434
 30
40.0
 40
10.0
  0
CIRCLE
  5
8A883
330
1F
100
AcDbEntity
  8
0
 48
20.0
100
AcDbCircle
 10
729696.5245721318
 20
165567.4120795545
 30
-0.0000000005647252
 40
10.0
  0
CIRCLE
  5
8A893
330
1F
100
AcDbEntity
  8
0
 48
20.0
100
AcDbCircle
 10
731480.6139482461
 20
165567.4120795545
 30
-0.0000000005647252
 40
10.0
  0
CIRCLE
  5
8A99B
330
1F
100
AcDbEntity
  8
0
 48
20.0
100
AcDbCircle
 10
729696.5245721318
 20
167601.4120795537
 30
-0.0000000005647252
 40
10.0
  0
CIRCLE
  5
8AAB5
330
1F
100
AcDbEntity
  8
0
100
AcDbCircle
 10
730350.5245721322
 20
166224.9120795541
 30
0.0
 40
6.0
  0
CIRCLE
  5
8AAB6
330
1F
100
AcDbEntity
  8
0
100
AcDbCircle
 10
730350.5245721322
 20
166824.9120795541
 30
0.0
 40
6.0
  0
CIRCLE
  5
8AD32
330
1F
100
AcDbEntity
  8
0
 48
20.0
100
AcDbCircle
 10
731480.6139482461
 20
167601.4120795537
 30
-0.0000000005647252
 40
10.0
  0
CIRCLE
  5
8CBCA
330
1F
100
AcDbEntity
  8
0
 48
20.0
100
AcDbCircle
 10
746296.9065599364
 20
167287.4750653866
 30
0.0
 40
10.0
  0
CIRCLE
  5
8CBCB
330
1F
100
AcDbEntity
  8
0
 48
20.0
100
AcDbCircle
 10
746296.9065599364
 20
167214.4750653866
 30
0.0
 40
10.0
  0
CIRCLE
  5
8CBCC
330
1F
100
AcDbEntity
  8
0
 48
20.0
100
AcDbCircle
 10
743241.1584060139
 20
167287.4750653866
 30
0.0
 40
10.0
  0
CIRCLE
  5
8CBCD
330
1F
100
AcDbEntity
  8
0
 48
20.0
100
AcDbCircle
 10
743241.1584060139
 20
167214.4750653866
 30
0.0
 40
10.0
  0
CIRCLE
  5
8CBCE
330
1F
100
AcDbEntity
  8
0
 48
20.0
100
AcDbCircle
 10
745808.5030148641
 20
165763.4743098767
 30
0.0
 40
10.0
  0
CIRCLE
  5
8CBD2
330
1F
100
AcDbEntity
  8
0
 48
20.0
100
AcDbCircle
 10
739333.546439494
 20
167287.4750653866
 30
0.0
 40
10.0
  0
CIRCLE
  5
8CBD3
330
1F
100
AcDbEntity
  8
0
 48
20.0
100
AcDbCircle
 10
739333.546439494
 20
167214.4750653866
 30
0.0
 40
10.0
  0
CIRCLE
  5
8CBD4
330
1F
100
AcDbEntity
  8
0
 48
20.0
100
AcDbCircle
 10
742309.158406014
 20
167287.4750653866
 30
0.0
 40
10.0
  0
CIRCLE
  5
8CBD5
330
1F
100
AcDbEntity
  8
0
 48
20.0
100
AcDbCircle
 10
742309.158406014
 20
167214.4750653866
 30
0.0
 40
10.0
  0
CIRCLE
  5
8CBE3
330
1F
100
AcDbEntity
  8
0
 48
20.0
100
AcDbCircle
 10
742775.1583168003
 20
167249.9749950061
 30
0.0
 40
14.0
  0
CIRCLE
  5
8CBE4
330
1F
100
AcDbEntity
  8
0
 48
20.0
100
AcDbCircle
 10
742775.1583168006
 20
166137.4750653865
 30
0.0
 40
14.0
  0
CIRCLE
  5
8CBE5
330
1F
100
AcDbEntity
  8
0
 48
20.0
100
AcDbCircle
 10
736941.4228511494
 20
167249.9749950061
 30
0.0
 40
14.0
  0
CIRCLE
  5
8CBE6
330
1F
100
AcDbEntity
  8
0
 48
20.0
100
AcDbCircle
 10
736941.4228511496
 20
166137.4750653865
 30
0.0
 40
14.0
  0
CIRCLE
  5
8CBE7
330
1F
100
AcDbEntity
  8
0
 48
20.0
100
AcDbCircle
 10
749077.8493011934
 20
167249.9749950059
 30
0.0
 40
14.0
  0
CIRCLE
  5
8CBE8
330
1F
100
AcDbEntity
  8
0
 48
20.0
100
AcDbCircle
 10
749077.8493011932
 20
166137.4750653864
 30
0.0
 40
14.0
  0
CIRCLE
  5
8CBE9
330
1F
100
AcDbEntity
  8
0
 48
20.0
100
AcDbCircle
 10
744455.8596825221
 20
166137.4750653866
 30
0.0
 40
22.5
  0
CIRCLE
  5
8CBEA
330
1F
100
AcDbEntity
  8
0
 48
20.0
100
AcDbCircle
 10
744390.8596825221
 20
166137.4750653866
 30
0.0
 40
22.5
  0
CIRCLE
  5
8CC24
330
1F
100
AcDbEntity
  8
0
 48
20.0
100
AcDbCircle
 10
745086.5030148641
 20
165763.4745158852
 30
0.0
 40
10.0
  0
CIRCLE
  5
8CC2B
330
1F
100
AcDbEntity
  8
0
 48
20.0
100
AcDbCircle
 10
743761.8596825217
 20
167213.4750653861
 30
-0.0000000005647252
 40
10.0
  0
CIRCLE
  5
8CC33
330
1F
100
AcDbEntity
  8
0
 48
20.0
100
AcDbCircle
 10
743761.8596825217
 20
165182.4752713956
 30
0.0
 40
10.0
  0
CIRCLE
  5
8CC59
330
1F
100
AcDbEntity
  8
0
 48
20.0
100
AcDbCircle
 10
741000.3951346386
 20
165503.7744986674
 30
0.0
 40
10.0
  0
CIRCLE
  5
8CC5C
330
1F
100
AcDbEntity
  8
0
 48
20.0
100
AcDbCircle
 10
739616.6042146416
 20
166137.4750653866
 30
0.0
 40
22.5
  0
CIRCLE
  5
8CC5D
330
1F
100
AcDbEntity
  8
0
 48
20.0
100
AcDbCircle
 10
739681.6042146415
 20
166137.4750653866
 30
0.0
 40
22.5
  0
CIRCLE
  5
8CC69
330
1F
100
AcDbEntity
  8
0
 48
20.0
100
AcDbCircle
 10
741722.3951346385
 20
165503.7747046759
 30
0.0
 40
10.0
  0
CIRCLE
  5
8CC70
330
1F
100
AcDbEntity
  8
0
 48
20.0
100
AcDbCircle
 10
740310.604214642
 20
167213.4750653861
 30
-0.0000000005647252
 40
10.0
  0
CIRCLE
  5
8CC78
330
1F
100
AcDbEntity
  8
0
 48
20.0
100
AcDbCircle
 10
740310.604214642
 20
165182.4752713956
 30
0.0
 40
10.0
  0
TEXT
  5
8D4FA
330
1F
100
AcDbEntity
  8
0
100
AcDbText
 10
728348.7430725891
 20
171867.3372276777
 30
0.0
 40
50.0
  1
СТ.1
100
AcDbText
1001
ACAD
1000
MTEXTBEGIN
1070
    73
1070
     1
1070
    44
1040
1.0
1070
    74
1070
     0
1000
MTEXTEND
  0
TEXT
  5
8D4FB
330
1F
100
AcDbEntity
  8
0
100
AcDbText
 10
729827.753684217
 20
171867.3372276777
 30
0.0
 40
50.0
  1
СТ.2
100
AcDbText
1001
ACAD
1000
MTEXTBEGIN
1070
    73
1070
     1
1070
    44
1040
1.0
1070
    74
1070
     0
1000
MTEXTEND
  0
TEXT
  5
8D4FC
330
1F
100
AcDbEntity
  8
0
100
AcDbText
 10
731558.1252105213
 20
171867.3372276777
 30
0.0
 40
50.0
  1
СТ.3
100
AcDbText
1001
ACAD
1000
MTEXTBEGIN
1070
    73
1070
     1
1070
    44
1040
1.0
1070
    74
1070
     0
1000
MTEXTEND
  0
TEXT
  5
8D4FD
330
1F
100
AcDbEntity
  8
0
100
AcDbText
 10
732808.0443262014
 20
171867.3372276777
 30
0.0
 40
50.0
  1
СТ.4
100
AcDbText
1001
ACAD
1000
MTEXTBEGIN
1070
    73
1070
     1
1070
    44
1040
1.0
1070
    74
1070
     0
1000
MTEXTEND
  0
TEXT
  5
8D4FE
330
1F
100
AcDbEntity
  8
0
100
AcDbText
 10
736644.7833491026
 20
171530.3372276776
 30
0.0
 40
50.0
  1
СТ.8
100
AcDbText
1001
ACAD
1000
MTEXTBEGIN
1070
    73
1070
     1
1070
    44
1040
1.0
1070
    74
1070
     0
1000
MTEXTEND
  0
TEXT
  5
8D4FF
330
1F
100
AcDbEntity
  8
0
100
AcDbText
 10
735322.2955650666
 20
171530.3372276776
 30
0.0
 40
50.0
  1
СТ.7
100
AcDbText
1001
ACAD
1000
MTEXTBEGIN
1070
    73
1070
     1
1070
    44
1040
1.0
1070
    74
1070
     0
1000
MTEXTEND
  0
TEXT
  5
8D500
330
1F
100
AcDbEntity
  8
0
100
AcDbText
 10
738109.078809682
 20
171530.3372276776
 30
0.0
 40
50.0
  1
СТ.9
100
AcDbText
1001
ACAD
1000
MTEXTBEGIN
1070
    73
1070
     1
1070
    44
1040
1.0
1070
    74
1070
     0
1000
MTEXTEND
  0
TEXT
  5
8D501
330
1F
100
AcDbEntity
  8
0
100
AcDbText
 10
728547.888257998
 20
167781.6494580624
 30
0.0
 40
50.0
  1
СТ.11
100
AcDbText
1001
ACAD
1000
MTEXTBEGIN
1070
    73
1070
     1
1070
    44
1040
1.0
1070
    74
1070
     0
1000
MTEXTEND
  0
TEXT
  5
8D502
330
1F
100
AcDbEntity
  8
0
100
AcDbText
 10
729918.7882387052
 20
166954.84746471
 30
0.0
 40
50.0
  1
СТ.12
100
AcDbText
1001
ACAD
1000
MTEXTBEGIN
1070
    73
1070
     1
1070
    44
1040
1.0
1070
    74
1070
     0
1000
MTEXTEND
  0
TEXT
  5
8D503
330
1F
100
AcDbEntity
  8
0
100
AcDbText
 10
731025.7248081247
 20
166954.84746471
 30
0.0
 40
50.0
  1
СТ.13
100
AcDbText
1001
ACAD
1000
MTEXTBEGIN
1070
    73
1070
     1
1070
    44
1040
1.0
1070
    74
1070
     0
1000
MTEXTEND
  0
TEXT
  5
8D504
330
1F
100
AcDbEntity
  8
0
100
AcDbText
 10
732419.3957196192
 20
167781.6494580624
 30
0.0
 40
50.0
  1
СТ.14
100
AcDbText
1001
ACAD
1000
MTEXTBEGIN
1070
    73
1070
     1
1070
    44
1040
1.0
1070
    74
1070
     0
1000
MTEXTEND
  0
TEXT
  5
8D506
330
1F
100
AcDbEntity
  8
0
100
AcDbText
 10
739331.7075727624
 20
171530.3372276776
 30
0.0
 40
50.0
  1
СТ.10
100
AcDbText
1001
ACAD
1000
MTEXTBEGIN
1070
    73
1070
     1
1070
    44
1040
1.0
1070
    74
1070
     0
1000
MTEXTEND
  0
TEXT
  5
8D522
330
1F
100
AcDbEntity
  8
0
100
AcDbText
 10
728334.667947362
 20
171575.4904069586
 30
0.0
 40
100.0
  1
№1
  7
MtX_Arial
100
AcDbText
1001
ACAD
1000
MTEXTBEGIN
1070
    73
1070
     1
1070
    44
1040
1.0
1070
    74
1070
     0
1000
MTEXTEND
  0
TEXT
  5
8D523
330
1F
100
AcDbEntity
  8
0
100
AcDbText
 10
729940.4904081061
 20
171584.4614821583
 30
0.0
 40
100.0
  1
№2
  7
MtX_Arial
100
AcDbText
1001
ACAD
1000
MTEXTBEGIN
1070
    73
1070
     1
1070
    44
1040
1.0
1070
    74
1070
     0
1000
MTEXTEND
  0
TEXT
  5
8D524
330
1F
100
AcDbEntity
  8
0
100
AcDbText
 10
731456.6021168534
 20
171669.6866965554
 30
0.0
 40
100.0
  1
№3
  7
MtX_Arial
100
AcDbText
1001
ACAD
1000
MTEXTBEGIN
1070
    73
1070
     1
1070
    44
1040
1.0
1070
    74
1070
     0
1000
MTEXTEND
  0
TEXT
  5
8D525
330
1F
100
AcDbEntity
  8
0
100
AcDbText
 10
732739.4658704086
 20
171531.0443079043
 30
0.0
 40
100.0
  1
№4
  7
MtX_Arial
100
AcDbText
1001
ACAD
1000
MTEXTBEGIN
1070
    73
1070
     1
1070
    44
1040
1.0
1070
    74
1070
     0
1000
MTEXTEND
  0
TEXT
  5
8D526
330
1F
100
AcDbEntity
  8
0
100
AcDbText
 10
735310.8975459744
 20
171213.2385863102
 30
0.0
 40
100.0
  1
№5
  7
MtX_Arial
100
AcDbText
1001
ACAD
1000
MTEXTBEGIN
1070
    73
1070
     1
1070
    44
1040
1.0
1070
    74
1070
     0
1000
MTEXTEND
  0
TEXT
  5
8D527
330
1F
100
AcDbEntity
  8
0
100
AcDbText
 10
736477.137321934
 20
170952.6681285753
 30
0.0
 40
100.0
  1
№6
  7
MtX_Arial
100
AcDbText
1001
ACAD
1000
MTEXTBEGIN
1070
    73
1070
     1
1070
    44
1040
1.0
1070
    74
1070
     0
1000
MTEXTEND
  0
TEXT
  5
8D528
330
1F
100
AcDbEntity
  8
0
100
AcDbText
 10
738005.8085359606
 20
171019.283940493
 30
0.0
 40
100.0
  1
№7
  7
MtX_Arial
100
AcDbText
1001
ACAD
1000
MTEXTBEGIN
1070
    73
1070
     1
1070
    44
1040
1.0
1070
    74
1070
     0
1000
MTEXTEND
  0
TEXT
  5
8D529
330
1F
100
AcDbEntity
  8
0
100
AcDbText
 10
739293.1578271158
 20
170987.47590035
 30
0.0
 40
100.0
  1
№8
  7
MtX_Arial
100
AcDbText
1001
ACAD
1000
MTEXTBEGIN
1070
    73
1070
     1
1070
    44
1040
1.0
1070
    74
1070
     0
1000
MTEXTEND
  0
TEXT
  5
8D52A
330
1F
100
AcDbEntity
  8
0
100
AcDbText
 10
728581.7837494405
 20
166895.3199480123
 30
0.0
 40
100.0
  1
№9
  7
MtX_Arial
100
AcDbText
1001
ACAD
1000
MTEXTBEGIN
1070
    73
1070
     1
1070
    44
1040
1.0
1070
    74
1070
     0
1000
MTEXTEND
  0
TEXT
  5
8D52B
330
1F
100
AcDbEntity
  8
0
100
AcDbText
 10
729813.9609281175
 20
166537.8226013048
 30
0.0
 40
100.0
  1
№10
  7
MtX_Arial
100
AcDbText
1001
ACAD
1000
MTEXTBEGIN
1070
    73
1070
     1
1070
    44
1040
1.0
1070
    74
1070
     0
1000
MTEXTEND
  0
TEXT
  5
8D52C
330
1F
100
AcDbEntity
  8
0
100
AcDbText
 10
731060.940380874
 20
166552.9845347046
 30
0.0
 40
100.0
  1
№11
  7
MtX_Arial
100
AcDbText
1001
ACAD
1000
MTEXTBEGIN
1070
    73
1070
     1
1070
    44
1040
1.0
1070
    74
1070
     0
1000
MTEXTEND
  0
TEXT
  5
8D52D
330
1F
100
AcDbEntity
  8
0
100
AcDbText
 10
732325.8619840301
 20
167001.538294689
 30
0.0
 40
100.0
  1
№12
  7
MtX_Arial
100
AcDbText
1001
ACAD
1000
MTEXTBEGIN
1070
    73
1070
     1
1070
    44
1040
1.0
1070
    74
1070
     0
1000
MTEXTEND
  0
TEXT
  5
8D559
330
1F
100
AcDbEntity
  8
0
100
AcDbText
 10
744057.1746374283
 20
166607.0986957486
 30
0.0
 40
45.0
  1
СТ.7
100
AcDbText
1001
ACAD
1000
MTEXTBEGIN
1070
    73
1070
     1
1070
    44
1040
1.0
1070
    74
1070
     0
1000
MTEXTEND
  0
TEXT
  5
8D55A
330
1F
100
AcDbEntity
  8
0
100
AcDbText
 10
745382.9081829809
 20
166048.3897482894
 30
0.0
 40
45.0
  1
СТ.8
100
AcDbText
1001
ACAD
1000
MTEXTBEGIN
1070
    73
1070
     1
1070
    44
1040
1.0
1070
    74
1070
     0
1000
MTEXTEND
  0
TEXT
  5
8D55B
330
1F
100
AcDbEntity
  8
0
100
AcDbText
 10
742632.5288053273
 20
166782.7745803218
 30
0.0
 40
45.0
  1
СТ.6
100
AcDbText
1001
ACAD
1000
MTEXTBEGIN
1070
    73
1070
     1
1070
    44
1040
1.0
1070
    74
1070
     0
1000
MTEXTEND
  0
TEXT
  5
8D55C
330
1F
100
AcDbEntity
  8
0
100
AcDbText
 10
746631.5358624763
 20
166782.7745803218
 30
0.0
 40
45.0
  1
СТ.9
100
AcDbText
1001
ACAD
1000
MTEXTBEGIN
1070
    73
1070
     1
1070
    44
1040
1.0
1070
    74
1070
     0
1000
MTEXTEND
  0
TEXT
  5
8D55D
330
1F
100
AcDbEntity
  8
0
100
AcDbText
 10
747841.1227874975
 20
166782.7745803218
 30
0.0
 40
45.0
  1
СТ.10
100
AcDbText
1001
ACAD
1000
MTEXTBEGIN
1070
    73
1070
     1
1070
    44
1040
1.0
1070
    74
1070
     0
1000
MTEXTEND
  0
TEXT
  5
8D55E
330
1F
100
AcDbEntity
  8
0
100
AcDbText
 10
737797.0970741694
 20
166782.7745803218
 30
0.0
 40
45.0
  1
СТ.2
100
AcDbText
1001
ACAD
1000
MTEXTBEGIN
1070
    73
1070
     1
1070
    44
1040
1.0
1070
    74
1070
     0
1000
MTEXTEND
  0
TEXT
  5
8D55F
330
1F
100
AcDbEntity
  8
0
100
AcDbText
 10
738804.1196484128
 20
166782.7745803218
 30
0.0
 40
45.0
  1
СТ.3
100
AcDbText
1001
ACAD
1000
MTEXTBEGIN
1070
    73
1070
     1
1070
    44
1040
1.0
1070
    74
1070
     0
1000
MTEXTEND
  0
TEXT
  5
8D560
330
1F
100
AcDbEntity
  8
0
100
AcDbText
 10
736978.6237928012
 20
166782.7745803218
 30
0.0
 40
45.0
  1
СТ.1
100
AcDbText
1001
ACAD
1000
MTEXTBEGIN
1070
    73
1070
     1
1070
    44
1040
1.0
1070
    74
1070
     0
1000
MTEXTEND
  0
TEXT
  5
8D561
330
1F
100
AcDbEntity
  8
0
100
AcDbText
 10
748894.6011813395
 20
166782.7745803218
 30
0.0
 40
45.0
  1
СТ.12
100
AcDbText
1001
ACAD
1000
MTEXTBEGIN
1070
    73
1070
     1
1070
    44
1040
1.0
1070
    74
1070
     0
1000
MTEXTEND
  0
TEXT
  5
8D573
330
1F
100
AcDbEntity
  8
0
100
AcDbText
 10
739880.2892597355
 20
166607.0986957486
 30
0.0
 40
45.0
  1
СТ.4
100
AcDbText
1001
ACAD
1000
MTEXTBEGIN
1070
    73
1070
     1
1070
    44
1040
1.0
1070
    74
1070
     0
1000
MTEXTEND
  0
TEXT
  5
8D574
330
1F
100
AcDbEntity
  8
0
100
AcDbText
 10
741290.9899665219
 20
165788.6899370801
 30
0.0
 40
45.0
  1
СТ.5
100
AcDbText
1001
ACAD
1000
MTEXTBEGIN
1070
    73
1070
     1
1070
    44
1040
1.0
1070
    74
1070
     0
1000
MTEXTEND
  0
TEXT
  5
8D578
330
1F
100
AcDbEntity
  8
0
100
AcDbText
 10
736898.7201805776
 20
167525.9425762819
 30
0.0
 40
100.0
  1
№14
  7
MtX_Arial
100
AcDbText
1001
ACAD
1000
MTEXTBEGIN
1070
    73
1070
     1
1070
    44
1040
1.0
1070
    74
1070
     0
1000
MTEXTEND
  0
TEXT
  5
8D579
330
1F
100
AcDbEntity
  8
0
100
AcDbText
 10
737669.9337232533
 20
167405.3937532861
 30
0.0
 40
100.0
  1
№15
  7
MtX_Arial
100
AcDbText
1001
ACAD
1000
MTEXTBEGIN
1070
    73
1070
     1
1070
    44
1040
1.0
1070
    74
1070
     0
1000
MTEXTEND
  0
TEXT
  5
8D57A
330
1F
100
AcDbEntity
  8
0
100
AcDbText
 10
738665.7230704187
 20
167405.3937532861
 30
0.0
 40
100.0
  1
№16
  7
MtX_Arial
100
AcDbText
1001
ACAD
1000
MTEXTBEGIN
1070
    73
1070
     1
1070
    44
1040
1.0
1070
    74
1070
     0
1000
MTEXTEND
  0
TEXT
  5
8D57B
330
1F
100
AcDbEntity
  8
0
100
AcDbText
 10
739873.0375549708
 20
165634.9520626277
 30
0.0
 40
100.0
  1
№17
  7
MtX_Arial
100
AcDbText
1001
ACAD
1000
MTEXTBEGIN
1070
    73
1070
     1
1070
    44
1040
1.0
1070
    74
1070
     0
1000
MTEXTEND
  0
TEXT
  5
8D57C
330
1F
100
AcDbEntity
  8
0
100
AcDbText
 10
741457.0731188014
 20
165928.6906963091
 30
0.0
 40
100.0
  1
№18
  7
MtX_Arial
100
AcDbText
1001
ACAD
1000
MTEXTBEGIN
1070
    73
1070
     1
1070
    44
1040
1.0
1070
    74
1070
     0
1000
MTEXTEND
  0
TEXT
  5
8D57D
330
1F
100
AcDbEntity
  8
0
100
AcDbText
 10
742669.9624857992
 20
165660.9681807068
 30
0.0
 40
100.0
  1
№19
  7
MtX_Arial
100
AcDbText
1001
ACAD
1000
MTEXTBEGIN
1070
    73
1070
     1
1070
    44
1040
1.0
1070
    74
1070
     0
1000
MTEXTEND
  0
TEXT
  5
8D57E
330
1F
100
AcDbEntity
  8
0
100
AcDbText
 10
743952.8262393544
 20
165625.0838799081
 30
0.0
 40
100.0
  1
№20
  7
MtX_Arial
100
AcDbText
1001
ACAD
1000
MTEXTBEGIN
1070
    73
1070
     1
1070
    44
1040
1.0
1070
    74
1070
     0
1000
MTEXTEND
  0
TEXT
  5
8D57F
330
1F
100
AcDbEntity
  8
0
100
AcDbText
 10
745126.755508342
 20
166165.8739250794
 30
0.0
 40
100.0
  1
№21
  7
MtX_Arial
100
AcDbText
1001
ACAD
1000
MTEXTBEGIN
1070
    73
1070
     1
1070
    44
1040
1.0
1070
    74
1070
     0
1000
MTEXTEND
  0
TEXT
  5
8D580
330
1F
100
AcDbEntity
  8
0
100
AcDbText
 10
746636.1469205785
 20
166260.2732653512
 30
0.0
 40
100.0
  1
№22
  7
MtX_Arial
100
AcDbText
1001
ACAD
1000
MTEXTBEGIN
1070
    73
1070
     1
1070
    44
1040
1.0
1070
    74
1070
     0
1000
MTEXTEND
  0
TEXT
  5
8D581
330
1F
100
AcDbEntity
  8
0
100
AcDbText
 10
747813.1519867776
 20
166274.6269856707
 30
0.0
 40
100.0
  1
№23 
  7
MtX_Arial
100
AcDbText
1001
ACAD
1000
MTEXTBEGIN
1070
    73
1070
     1
1070
    44
1040
1.0
1070
    74
1070
     0
1000
MTEXTEND
  0
TEXT
  5
8D582
330
1F
100
AcDbEntity
  8
0
100
AcDbText
 10
748820.6466306214
 20
167391.0772942719
 30
0.0
 40
100.0
  1
№24
  7
MtX_Arial
100
AcDbText
1001
ACAD
1000
MTEXTBEGIN
1070
    73
1070
     1
1070
    44
1040
1.0
1070
    74
1070
     0
1000
MTEXTEND
  0
TEXT
  5
8D5B8
330
1F
100
AcDbEntity
  8
0
100
AcDbText
 10
734044.591034995
 20
166870.2351765111
 30
0.0
 40
50.0
  1
СТ.15
100
AcDbText
1001
ACAD
1000
MTEXTBEGIN
1070
    73
1070
     1
1070
    44
1040
1.0
1070
    74
1070
     0
1000
MTEXTEND
  0
CIRCLE
  5
8D5BA
330
1F
100
AcDbEntity
  8
0
 48
20.0
100
AcDbCircle
 10
733357.9240522013
 20
166789.0833629942
 30
0.0
 40
10.0
  0
CIRCLE
  5
8D5BE
330
1F
100
AcDbEntity
  8
0
 48
20.0
100
AcDbCircle
 10
734867.9240522002
 20
166789.0833629942
 30
0.0
 40
10.0
  0
TEXT
  5
8D5C1
330
1F
100
AcDbEntity
  8
0
100
AcDbText
 10
734331.098089757
 20
166832.2270931939
 30
0.0
 40
100.0
  1
№13
  7
MtX_Arial
100
AcDbText
1001
ACAD
1000
MTEXTBEGIN
1070
    73
1070
     1
1070
    44
1040
1.0
1070
    74
1070
     0
1000
MTEXTEND
  0
LINE
  5
8D6B6
330
1F
100
AcDbEntity
  8
0
100
AcDbLine
 10
728107.9337185946
 20
172453.983532011
 30
0.0
 11
728761.9337185946
 21
172453.983532011
 31
0.0
  0
LINE
  5
8D6B7
330
1F
100
AcDbEntity
  8
0
100
AcDbLine
 10
728761.9337185946
 20
172453.983532011
 30
0.0
 11
728761.9337185946
 21
170160.983532011
 31
0.0
  0
LINE
  5
8D6B8
330
1F
100
AcDbEntity
  8
0
100
AcDbLine
 10
728761.9337185946
 20
170160.983532011
 30
0.0
 11
728107.9337185946
 21
170160.983532011
 31
0.0
  0
LINE
  5
8D6B9
330
1F
100
AcDbEntity
  8
0
100
AcDbLine
 10
728107.9337185946
 20
170160.983532011
 30
0.0
 11
728107.9337185946
 21
172453.983532011
 31
0.0
  0
LINE
  5
8D6BA
330
1F
100
AcDbEntity
  8
0
100
AcDbLine
 10
732310.6927065312
 20
171276.983532011
 30
0.0
 11
730966.6927136854
 21
171276.983532011
 31
0.0
  0
LINE
  5
8D6BB
330
1F
100
AcDbEntity
  8
0
100
AcDbLine
 10
730966.6927136854
 20
171276.983532011
 30
0.0
 11
730966.6927136854
 21
172432.983532011
 31
0.0
  0
LINE
  5
8D6BC
330
1F
100
AcDbEntity
  8
0
100
AcDbLine
 10
730966.6927136854
 20
172432.983532011
 30
0.0
 11
732310.6927065312
 21
172432.983532011
 31
0.0
  0
LINE
  5
8D6BD
330
1F
100
AcDbEntity
  8
0
100
AcDbLine
 10
732310.6927065312
 20
172432.983532011
 30
0.0
 11
732310.6927065312
 21
171276.983532011
 31
0.0
  0
LINE
  5
8D6BE
330
1F
100
AcDbEntity
  8
0
100
AcDbLine
 10
733165.6278970989
 20
170176.9835320541
 30
0.0
 11
733165.6278970993
 21
172432.983532011
 31
0.0
  0
LINE
  5
8D6BF
330
1F
100
AcDbEntity
  8
0
100
AcDbLine
 10
733165.6278970993
 20
172432.983532011
 30
0.0
 11
732552.6278970994
 21
172432.983532011
 31
0.0
  0
LINE
  5
8D6C0
330
1F
100
AcDbEntity
  8
0
100
AcDbLine
 10
732552.6278970994
 20
172432.983532011
 30
0.0
 11
732552.6278970989
 21
170176.9835320541
 31
0.0
  0
LINE
  5
8D6C1
330
1F
100
AcDbEntity
  8
0
100
AcDbLine
 10
732552.6278970989
 20
170176.9835320541
 30
0.0
 11
733165.6278970989
 21
170176.9835320541
 31
0.0
  0
LINE
  5
8D6C2
330
1F
100
AcDbEntity
  8
0
100
AcDbLine
 10
734977.3148956881
 20
170333.983532011
 30
0.0
 11
735943.314888534
 21
170333.983532011
 31
0.0
  0
LINE
  5
8D6C3
330
1F
100
AcDbEntity
  8
0
100
AcDbLine
 10
735943.314888534
 20
170333.983532011
 30
0.0
 11
735943.314888534
 21
172482.983532011
 31
0.0
  0
LINE
  5
8D6C4
330
1F
100
AcDbEntity
  8
0
100
AcDbLine
 10
735943.314888534
 20
172482.983532011
 30
0.0
 11
734977.3148956881
 21
172482.983532011
 31
0.0
  0
LINE
  5
8D6C5
330
1F
100
AcDbEntity
  8
0
100
AcDbLine
 10
734977.3148956881
 20
172482.983532011
 30
0.0
 11
734977.3148956881
 21
170333.983532011
 31
0.0
  0
LINE
  5
8D6C6
330
1F
100
AcDbEntity
  8
0
 48
20.0
100
AcDbLine
 10
729711.2235013556
 20
165534.4120795541
 30
0.0
 11
730450.5245721319
 21
165534.4120795541
 31
0.0
  0
LINE
  5
8D6C7
330
1F
100
AcDbEntity
  8
0
 48
20.0
100
AcDbLine
 10
730450.5245721319
 20
165534.4120795541
 30
0.0
 11
730450.5245721319
 21
167634.4120795541
 31
0.0
  0
LINE
  5
8D6C8
330
1F
100
AcDbEntity
  8
0
 48
20.0
100
AcDbLine
 10
730450.5245721319
 20
167634.4120795541
 30
0.0
 11
729711.2235013556
 21
167634.4120795541
 31
0.0
  0
ARC
  5
8D6C9
330
1F
100
AcDbEntity
  8
0
 48
20.0
100
AcDbCircle
 10
729711.3740367499
 20
167579.412285562
 30
0.0
 40
55.00000000072874
100
AcDbArc
 50
90.15681915497799
 51
133.3868490329446
  0
ARC
  5
8D6CA
330
1F
100
AcDbEntity
  8
0
 48
20.0
100
AcDbCircle
 10
729618.5245721318
 20
167677.4120795536
 30
0.0
 40
79.99999999991468
100
AcDbArc
 50
269.9999999999958
 51
313.5004529555944
  0
LINE
  5
8D6CB
330
1F
100
AcDbEntity
  8
0
 48
20.0
100
AcDbLine
 10
729618.5245721318
 20
167597.4120795537
 30
0.0
 11
729550.5245721319
 21
167597.4120795537
 31
0.0
  0
LINE
  5
8D6CC
330
1F
100
AcDbEntity
  8
0
 48
20.0
100
AcDbLine
 10
729550.5245721319
 20
167597.4120795537
 30
0.0
 11
729550.5245721319
 21
165571.4120795545
 31
0.0
  0
LINE
  5
8D6CD
330
1F
100
AcDbEntity
  8
0
 48
20.0
100
AcDbLine
 10
729550.5245721319
 20
165571.4120795545
 30
0.0
 11
729618.5245721318
 21
165571.4120795545
 31
0.0
  0
ARC
  5
8D6CE
330
1F
100
AcDbEntity
  8
0
 48
20.0
100
AcDbCircle
 10
729618.524572132
 20
165491.4120795546
 30
0.0
 40
79.9999999999232
100
AcDbArc
 50
46.49954704458971
 51
90.00000000005007
  0
ARC
  5
8D6CF
330
1F
100
AcDbEntity
  8
0
 48
20.0
100
AcDbCircle
 10
729711.3740367492
 20
165589.4118735442
 30
0.0
 40
54.99999999878077
100
AcDbArc
 50
226.6131509659861
 51
269.8431808457547
  0
LINE
  5
8D6D0
330
1F
100
AcDbEntity
  8
0
 48
20.0
100
AcDbLine
 10
731465.9150190223
 20
167634.4120795541
 30
0.0
 11
730726.6139482462
 21
167634.4120795541
 31
0.0
  0
LINE
  5
8D6D1
330
1F
100
AcDbEntity
  8
0
 48
20.0
100
AcDbLine
 10
730726.6139482462
 20
167634.4120795541
 30
0.0
 11
730726.6139482462
 21
165577.4120795541
 31
0.0
  0
LINE
  5
8D6D2
330
1F
100
AcDbEntity
  8
0
 48
20.0
100
AcDbLine
 10
730726.6139482462
 20
165577.4120795541
 30
0.0
 11
730864.6139482461
 21
165577.4120795541
 31
0.0
  0
ARC
  5
8D6D3
330
1F
100
AcDbEntity
  8
0
 48
20.0
100
AcDbCircle
 10
730864.6139482461
 20
165567.4120795541
 30
0.0
 40
10.0
100
AcDbArc
 50
0.0
 51
90.0
  0
LINE
  5
8D6D4
330
1F
100
AcDbEntity
  8
0
 48
20.0
100
AcDbLine
 10
730874.6139482462
 20
165567.4120795541
 30
0.0
 11
730874.6139482462
 21
165534.4120795541
 31
0.0
  0
LINE
  5
8D6D5
330
1F
100
AcDbEntity
  8
0
 48
20.0
100
AcDbLine
 10
730874.6139482462
 20
165534.4120795541
 30
0.0
 11
731465.9150190223
 21
165534.4120795541
 31
0.0
  0
ARC
  5
8D6D6
330
1F
100
AcDbEntity
  8
0
 48
20.0
100
AcDbCircle
 10
731465.7644836285
 20
165589.4118735452
 30
0.0
 40
54.99999999971119
100
AcDbArc
 50
270.1568191546113
 51
313.3868490339387
  0
ARC
  5
8D6D7
330
1F
100
AcDbEntity
  8
0
 48
20.0
100
AcDbCircle
 10
731558.6139482461
 20
165491.4120795545
 30
0.0
 40
80.00000000005751
100
AcDbArc
 50
90.00000000000129
 51
133.5004529551599
  0
LINE
  5
8D6D8
330
1F
100
AcDbEntity
  8
0
 48
20.0
100
AcDbLine
 10
731558.6139482461
 20
165571.4120795545
 30
0.0
 11
731626.6139482461
 21
165571.4120795541
 31
0.0
  0
LINE
  5
8D6D9
330
1F
100
AcDbEntity
  8
0
 48
20.0
100
AcDbLine
 10
731626.6139482461
 20
165571.4120795541
 30
0.0
 11
731626.6139482461
 21
167597.4120795541
 31
0.0
  0
LINE
  5
8D6DA
330
1F
100
AcDbEntity
  8
0
 48
20.0
100
AcDbLine
 10
731626.6139482461
 20
167597.4120795541
 30
0.0
 11
731558.6139482461
 21
167597.4120795537
 31
0.0
  0
ARC
  5
8D6DB
330
1F
100
AcDbEntity
  8
0
 48
20.0
100
AcDbCircle
 10
731558.6139482467
 20
167677.4120795552
 30
0.0
 40
80.00000000145647
100
AcDbArc
 50
226.499547045149
 51
269.9999999996165
  0
ARC
  5
8D6DC
330
1F
100
AcDbEntity
  8
0
 48
20.0
100
AcDbCircle
 10
731465.7644836282
 20
167579.4122855624
 30
0.0
 40
55.0000000002858
100
AcDbArc
 50
46.6131509664308
 51
89.84318084512642
  0
LINE
  5
8D6DD
330
1F
100
AcDbEntity
  8
0
 48
20.0
100
AcDbLine
 10
728281.3433680309
 20
165924.3510704425
 30
0.0
 11
729162.3433680308
 21
165924.3510704425
 31
0.0
  0
LINE
  5
8D6DE
330
1F
100
AcDbEntity
  8
0
 48
20.0
100
AcDbLine
 10
729162.3433680308
 20
165924.3510704425
 30
0.0
 11
729162.3433680308
 21
168298.3510704425
 31
0.0
  0
LINE
  5
8D6DF
330
1F
100
AcDbEntity
  8
0
 48
20.0
100
AcDbLine
 10
729162.3433680308
 20
168298.3510704425
 30
0.0
 11
728281.3433680309
 21
168298.3510704425
 31
0.0
  0
LINE
  5
8D6E0
330
1F
100
AcDbEntity
  8
0
 48
20.0
100
AcDbLine
 10
728281.3433680309
 20
168298.3510704425
 30
0.0
 11
728281.3433680309
 21
165924.3510704425
 31
0.0
  0
LINE
  5
8D6E1
330
1F
100
AcDbEntity
  8
0
 48
20.0
100
AcDbLine
 10
732033.6379648775
 20
165924.3510704448
 30
0.0
 11
732913.6379648774
 21
165924.3510704448
 31
0.0
  0
LINE
  5
8D6E2
330
1F
100
AcDbEntity
  8
0
 48
20.0
100
AcDbLine
 10
732913.6379648774
 20
165924.3510704448
 30
0.0
 11
732913.6379648774
 21
168298.3510704449
 31
0.0
  0
LINE
  5
8D6E3
330
1F
100
AcDbEntity
  8
0
 48
20.0
100
AcDbLine
 10
732913.6379648774
 20
168298.3510704449
 30
0.0
 11
732033.6379648775
 21
168298.3510704449
 31
0.0
  0
LINE
  5
8D6E4
330
1F
100
AcDbEntity
  8
0
 48
20.0
100
AcDbLine
 10
732033.6379648775
 20
168298.3510704449
 30
0.0
 11
732033.6379648775
 21
165924.3510704448
 31
0.0
  0
LINE
  5
8D6E5
330
1F
100
AcDbEntity
  8
0
100
AcDbLine
 10
737668.7789766904
 20
172482.983532011
 30
0.0
 11
738637.2789731146
 21
172482.983532011
 31
0.0
  0
LINE
  5
8D6E6
330
1F
100
AcDbEntity
  8
0
100
AcDbLine
 10
738637.2789731146
 20
172482.983532011
 30
0.0
 11
738637.2789731146
 21
170333.983532011
 31
0.0
  0
LINE
  5
8D6E7
330
1F
100
AcDbEntity
  8
0
100
AcDbLine
 10
738637.2789731146
 20
170333.983532011
 30
0.0
 11
737668.7789766904
 21
170333.983532011
 31
0.0
  0
LINE
  5
8D6E8
330
1F
100
AcDbEntity
  8
0
100
AcDbLine
 10
737668.7789766904
 20
170333.983532011
 30
0.0
 11
737668.7789766904
 21
172482.983532011
 31
0.0
  0
LINE
  5
8D6E9
330
1F
100
AcDbEntity
  8
0
100
AcDbLine
 10
738891.3379301382
 20
170333.983532011
 30
0.0
 11
739859.8379265611
 21
170333.983532011
 31
0.0
  0
LINE
  5
8D6EA
330
1F
100
AcDbEntity
  8
0
100
AcDbLine
 10
739859.8379265611
 20
170333.983532011
 30
0.0
 11
739859.8379265611
 21
172482.983532011
 31
0.0
  0
LINE
  5
8D6EB
330
1F
100
AcDbEntity
  8
0
100
AcDbLine
 10
739859.8379265611
 20
172482.983532011
 30
0.0
 11
738891.3379301382
 21
172482.983532011
 31
0.0
  0
LINE
  5
8D6EC
330
1F
100
AcDbEntity
  8
0
100
AcDbLine
 10
738891.3379301382
 20
172482.983532011
 30
0.0
 11
738891.3379301382
 21
170333.983532011
 31
0.0
  0
ARC
  5
8D6ED
330
1F
100
AcDbEntity
  8
0
 48
2.0
100
AcDbCircle
 10
729957.0893779871
 20
172378.9835320111
 30
0.0
 40
11.99999999996654
100
AcDbArc
 50
122.5789703927032
 51
57.42102960729677
  0
ARC
  5
8D6EE
330
1F
100
AcDbEntity
  8
0
 48
2.0
100
AcDbCircle
 10
729950.0893779868
 20
172389.9379831612
 30
0.0
 40
1.000000000230637
100
AcDbArc
 50
302.5789704024776
 51
359.9999999931004
  0
LINE
  5
8D6EF
330
1F
100
AcDbEntity
  8
0
 48
2.0
100
AcDbLine
 10
729951.0893779872
 20
172389.9379831611
 30
0.0
 11
729951.0893779872
 21
172407.983532011
 31
0.0
  0
LINE
  5
8D6F0
330
1F
100
AcDbEntity
  8
0
 48
2.0
100
AcDbLine
 10
729951.0893779872
 20
172407.983532011
 30
0.0
 11
729360.5893815641
 21
172407.983532011
 31
0.0
  0
LINE
  5
8D6F1
330
1F
100
AcDbEntity
  8
0
 48
2.0
100
AcDbLine
 10
729360.5893815641
 20
172407.983532011
 30
0.0
 11
729360.5893815641
 21
172389.9379831611
 31
0.0
  0
ARC
  5
8D6F2
330
1F
100
AcDbEntity
  8
0
 48
2.0
100
AcDbCircle
 10
729361.5893815644
 20
172389.9379831612
 30
0.0
 40
1.000000000230637
100
AcDbArc
 50
180.0000000052321
 51
237.4210295975224
  0
ARC
  5
8D6F3
330
1F
100
AcDbEntity
  8
0
 48
2.0
100
AcDbCircle
 10
729354.5893815641
 20
172378.9835320111
 30
0.0
 40
11.99999999996655
100
AcDbArc
 50
122.5789703927032
 51
57.4210296072968
  0
ARC
  5
8D6F4
330
1F
100
AcDbEntity
  8
0
 48
2.0
100
AcDbCircle
 10
729347.5893815639
 20
172389.9379831612
 30
0.0
 40
1.000000000230637
100
AcDbArc
 50
302.5789704024776
 51
359.9999999931004
  0
LINE
  5
8D6F5
330
1F
100
AcDbEntity
  8
0
 48
2.0
100
AcDbLine
 10
729348.5893815641
 20
172389.9379831611
 30
0.0
 11
729348.5893815641
 21
172407.983532011
 31
0.0
  0
LINE
  5
8D6F6
330
1F
100
AcDbEntity
  8
0
 48
2.0
100
AcDbLine
 10
729348.5893815641
 20
172407.983532011
 30
0.0
 11
729274.5893815641
 21
172407.983532011
 31
0.0
  0
LINE
  5
8D6F7
330
1F
100
AcDbEntity
  8
0
 48
2.0
100
AcDbLine
 10
729274.5893815641
 20
172407.983532011
 30
0.0
 11
729274.5893815641
 21
171260.983532011
 31
0.0
  0
LINE
  5
8D6F8
330
1F
100
AcDbEntity
  8
0
 48
2.0
100
AcDbLine
 10
729274.5893815641
 20
171260.983532011
 30
0.0
 11
730639.5893744102
 21
171260.983532011
 31
0.0
  0
LINE
  5
8D6F9
330
1F
100
AcDbEntity
  8
0
 48
2.0
100
AcDbLine
 10
730639.5893744102
 20
171260.983532011
 30
0.0
 11
730639.5893744102
 21
172407.983532011
 31
0.0
  0
LINE
  5
8D6FA
330
1F
100
AcDbEntity
  8
0
 48
2.0
100
AcDbLine
 10
730639.5893744102
 20
172407.983532011
 30
0.0
 11
730565.5893744101
 21
172407.983532011
 31
0.0
  0
LINE
  5
8D6FB
330
1F
100
AcDbEntity
  8
0
 48
2.0
100
AcDbLine
 10
730565.5893744101
 20
172407.983532011
 30
0.0
 11
730565.5893744101
 21
172389.9379831611
 31
0.0
  0
ARC
  5
8D6FC
330
1F
100
AcDbEntity
  8
0
 48
2.0
100
AcDbCircle
 10
730566.5893744104
 20
172389.9379831612
 30
0.0
 40
1.000000000230637
100
AcDbArc
 50
180.0000000052321
 51
237.4210295975224
  0
ARC
  5
8D6FD
330
1F
100
AcDbEntity
  8
0
 48
2.0
100
AcDbCircle
 10
730559.5893744102
 20
172378.9835320111
 30
0.0
 40
11.99999999996655
100
AcDbArc
 50
122.5789703927032
 51
57.4210296072968
  0
ARC
  5
8D6FE
330
1F
100
AcDbEntity
  8
0
 48
2.0
100
AcDbCircle
 10
730552.58937441
 20
172389.9379831612
 30
0.0
 40
1.000000000230637
100
AcDbArc
 50
302.5789704024776
 51
359.9999999931004
  0
LINE
  5
8D6FF
330
1F
100
AcDbEntity
  8
0
 48
2.0
100
AcDbLine
 10
730553.5893744101
 20
172389.9379831611
 30
0.0
 11
730553.5893744101
 21
172407.983532011
 31
0.0
  0
LINE
  5
8D700
330
1F
100
AcDbEntity
  8
0
 48
2.0
100
AcDbLine
 10
730553.5893744101
 20
172407.983532011
 30
0.0
 11
729963.0893779871
 21
172407.983532011
 31
0.0
  0
LINE
  5
8D701
330
1F
100
AcDbEntity
  8
0
 48
2.0
100
AcDbLine
 10
729963.0893779871
 20
172407.983532011
 30
0.0
 11
729963.0893779871
 21
172389.9379831611
 31
0.0
  0
ARC
  5
8D702
330
1F
100
AcDbEntity
  8
0
 48
2.0
100
AcDbCircle
 10
729964.0893779873
 20
172389.9379831612
 30
0.0
 40
1.000000000230637
100
AcDbArc
 50
180.0000000052321
 51
237.4210295975224
  0
ARC
  5
8D703
330
1F
100
AcDbEntity
  8
0
 48
2.0
100
AcDbCircle
 10
736756.4790557192
 20
172428.983532011
 30
0.0
 40
11.99999999994257
100
AcDbArc
 50
122.5789703927763
 51
57.42102960722363
  0
ARC
  5
8D704
330
1F
100
AcDbEntity
  8
0
 48
2.0
100
AcDbCircle
 10
736749.4790557191
 20
172439.9379831611
 30
0.0
 40
1.000000000141086
100
AcDbArc
 50
302.5789703996673
 51
359.9999999959107
  0
LINE
  5
8D705
330
1F
100
AcDbEntity
  8
0
 48
2.0
100
AcDbLine
 10
736750.4790557193
 20
172439.937983161
 30
0.0
 11
736750.4790557193
 21
172457.983532011
 31
0.0
  0
LINE
  5
8D706
330
1F
100
AcDbEntity
  8
0
 48
2.0
100
AcDbLine
 10
736750.4790557193
 20
172457.983532011
 30
0.0
 11
736292.4790592963
 21
172457.983532011
 31
0.0
  0
LINE
  5
8D707
330
1F
100
AcDbEntity
  8
0
 48
2.0
100
AcDbLine
 10
736292.4790592963
 20
172457.983532011
 30
0.0
 11
736292.4790592963
 21
172439.9379831611
 31
0.0
  0
ARC
  5
8D708
330
1F
100
AcDbEntity
  8
0
 48
2.0
100
AcDbCircle
 10
736293.4790592966
 20
172439.9379831612
 30
0.0
 40
1.000000000230637
100
AcDbArc
 50
180.0000000068996
 51
237.4210295975224
  0
ARC
  5
8D709
330
1F
100
AcDbEntity
  8
0
 48
2.0
100
AcDbCircle
 10
736286.4790592964
 20
172428.983532011
 30
0.0
 40
11.99999999994257
100
AcDbArc
 50
122.5789703927763
 51
57.42102960722363
  0
ARC
  5
8D70A
330
1F
100
AcDbEntity
  8
0
 48
2.0
100
AcDbCircle
 10
736279.4790592961
 20
172439.9379831612
 30
0.0
 40
1.000000000230636
100
AcDbArc
 50
302.5789704024776
 51
359.9999999947679
  0
LINE
  5
8D70B
330
1F
100
AcDbEntity
  8
0
 48
2.0
100
AcDbLine
 10
736280.4790592964
 20
172439.9379831611
 30
0.0
 11
736280.4790592964
 21
172457.983532011
 31
0.0
  0
LINE
  5
8D70C
330
1F
100
AcDbEntity
  8
0
 48
2.0
100
AcDbLine
 10
736280.4790592964
 20
172457.983532011
 30
0.0
 11
736206.4790592963
 21
172457.983532011
 31
0.0
  0
LINE
  5
8D70D
330
1F
100
AcDbEntity
  8
0
 48
2.0
100
AcDbLine
 10
736206.4790592963
 20
172457.983532011
 30
0.0
 11
736206.4790592963
 21
170323.983532011
 31
0.0
  0
LINE
  5
8D70E
330
1F
100
AcDbEntity
  8
0
 48
2.0
100
AcDbLine
 10
736206.4790592963
 20
170323.983532011
 30
0.0
 11
737306.4790521422
 21
170323.983532011
 31
0.0
  0
LINE
  5
8D70F
330
1F
100
AcDbEntity
  8
0
 48
2.0
100
AcDbLine
 10
737306.4790521422
 20
170323.983532011
 30
0.0
 11
737306.4790521422
 21
172457.983532011
 31
0.0
  0
LINE
  5
8D710
330
1F
100
AcDbEntity
  8
0
 48
2.0
100
AcDbLine
 10
737306.4790521422
 20
172457.983532011
 30
0.0
 11
737232.4790521422
 21
172457.983532011
 31
0.0
  0
LINE
  5
8D711
330
1F
100
AcDbEntity
  8
0
 48
2.0
100
AcDbLine
 10
737232.4790521422
 20
172457.983532011
 30
0.0
 11
737232.4790521422
 21
172439.9379831611
 31
0.0
  0
ARC
  5
8D712
330
1F
100
AcDbEntity
  8
0
 48
2.0
100
AcDbCircle
 10
737233.4790521424
 20
172439.9379831611
 30
0.0
 40
1.000000000141086
100
AcDbArc
 50
180.0000000024218
 51
237.4210296003327
  0
ARC
  5
8D713
330
1F
100
AcDbEntity
  8
0
 48
2.0
100
AcDbCircle
 10
737226.4790521423
 20
172428.983532011
 30
0.0
 40
11.99999999994257
100
AcDbArc
 50
122.5789703927763
 51
57.42102960722363
  0
ARC
  5
8D714
330
1F
100
AcDbEntity
  8
0
 48
2.0
100
AcDbCircle
 10
737219.4790521422
 20
172439.9379831611
 30
0.0
 40
1.000000000141086
100
AcDbArc
 50
302.5789703996673
 51
359.9999999959107
  0
LINE
  5
8D715
330
1F
100
AcDbEntity
  8
0
 48
2.0
100
AcDbLine
 10
737220.4790521422
 20
172439.9379831611
 30
0.0
 11
737220.4790521422
 21
172457.983532011
 31
0.0
  0
LINE
  5
8D716
330
1F
100
AcDbEntity
  8
0
 48
2.0
100
AcDbLine
 10
737220.4790521422
 20
172457.983532011
 30
0.0
 11
736762.4790557193
 21
172457.983532011
 31
0.0
  0
LINE
  5
8D717
330
1F
100
AcDbEntity
  8
0
 48
2.0
100
AcDbLine
 10
736762.4790557193
 20
172457.983532011
 30
0.0
 11
736762.4790557193
 21
172439.937983161
 31
0.0
  0
ARC
  5
8D718
330
1F
100
AcDbEntity
  8
0
 48
2.0
100
AcDbCircle
 10
736763.4790557193
 20
172439.9379831611
 30
0.0
 40
1.000000000141086
100
AcDbArc
 50
180.0000000024218
 51
237.4210296003327
  0
LINE
  5
8D719
330
1F
100
AcDbEntity
  8
0
100
AcDbLine
 10
728669.9337185947
 20
171128.9835320112
 30
0.0
 11
728713.9337185947
 21
171128.9835320112
 31
0.0
  0
ARC
  5
8D71A
330
1F
100
AcDbEntity
  8
0
100
AcDbCircle
 10
728713.9337185947
 20
171150.9835320111
 30
0.0
 40
22.0
100
AcDbArc
 50
270.0
 51
90.0
  0
LINE
  5
8D71B
330
1F
100
AcDbEntity
  8
0
100
AcDbLine
 10
728713.9337185947
 20
171172.9835320111
 30
0.0
 11
728669.9337185947
 21
171172.9835320111
 31
0.0
  0
ARC
  5
8D71C
330
1F
100
AcDbEntity
  8
0
100
AcDbCircle
 10
728669.9337185947
 20
171150.9835320111
 30
0.0
 40
22.0
100
AcDbArc
 50
90.00000000000001
 51
270.0
  0
LINE
  5
8D71D
330
1F
100
AcDbEntity
  8
0
 48
20.0
100
AcDbLine
 10
742275.158406014
 20
165163.4750653866
 30
0.0
 11
743275.1584060131
 21
165163.4750653866
 31
0.0
  0
LINE
  5
8D71E
330
1F
100
AcDbEntity
  8
0
 48
20.0
100
AcDbLine
 10
743275.1584060131
 20
165163.4750653866
 30
0.0
 11
743275.1584060131
 21
167936.4750653865
 31
0.0
  0
LINE
  5
8D71F
330
1F
100
AcDbEntity
  8
0
 48
20.0
100
AcDbLine
 10
743275.1584060131
 20
167936.4750653865
 30
0.0
 11
742275.158406014
 21
167936.4750653865
 31
0.0
  0
LINE
  5
8D720
330
1F
100
AcDbEntity
  8
0
 48
20.0
100
AcDbLine
 10
742275.158406014
 20
167936.4750653865
 30
0.0
 11
742275.158406014
 21
165163.4750653866
 31
0.0
  0
LINE
  5
8D721
330
1F
100
AcDbEntity
  8
0
 48
20.0
100
AcDbLine
 10
747473.6846895942
 20
167936.4750653865
 30
0.0
 11
748022.6851940385
 21
167936.475065385
 31
0.0
  0
LINE
  5
8D722
330
1F
100
AcDbEntity
  8
0
 48
20.0
100
AcDbLine
 10
748022.6851940385
 20
167936.475065385
 30
0.0
 11
748022.6851940385
 21
167893.4750653865
 31
0.0
  0
LINE
  5
8D723
330
1F
100
AcDbEntity
  8
0
 48
20.0
100
AcDbLine
 10
748032.6851940384
 20
167883.4750653865
 30
0.0
 11
748412.6846895951
 21
167883.4750653865
 31
0.0
  0
LINE
  5
8D724
330
1F
100
AcDbEntity
  8
0
 48
20.0
100
AcDbLine
 10
748412.6846895951
 20
167883.4750653865
 30
0.0
 11
748412.6846895951
 21
165163.475065384
 31
0.0
  0
LINE
  5
8D725
330
1F
100
AcDbEntity
  8
0
 48
20.0
100
AcDbLine
 10
748412.6846895951
 20
165163.475065384
 30
0.0
 11
747473.6846895942
 21
165163.4750653866
 31
0.0
  0
LINE
  5
8D726
330
1F
100
AcDbEntity
  8
0
 48
20.0
100
AcDbLine
 10
747473.6846895942
 20
165163.4750653866
 30
0.0
 11
747473.6846895942
 21
167936.4750653865
 31
0.0
  0
LINE
  5
8D727
330
1F
100
AcDbEntity
  8
0
 48
20.0
100
AcDbLine
 10
738280.7822244197
 20
167936.4750653865
 30
0.0
 11
737816.7479782671
 21
167936.475065385
 31
0.0
  0
LINE
  5
8D728
330
1F
100
AcDbEntity
  8
0
 48
20.0
100
AcDbLine
 10
737816.7479782671
 20
167936.475065385
 30
0.0
 11
737816.7479782671
 21
167893.4750653868
 31
0.0
  0
LINE
  5
8D729
330
1F
100
AcDbEntity
  8
0
 48
20.0
100
AcDbLine
 10
737806.7479782671
 20
167883.4750653868
 30
0.0
 11
737426.7484827104
 21
167883.4750653868
 31
0.0
  0
LINE
  5
8D72A
330
1F
100
AcDbEntity
  8
0
 48
20.0
100
AcDbLine
 10
737426.7484827104
 20
167883.4750653868
 30
0.0
 11
737426.7484827104
 21
165163.475065384
 31
0.0
  0
LINE
  5
8D72B
330
1F
100
AcDbEntity
  8
0
 48
20.0
100
AcDbLine
 10
737426.7484827104
 20
165163.475065384
 30
0.0
 11
738280.7822244197
 21
165163.4750653866
 31
0.0
  0
LINE
  5
8D72C
330
1F
100
AcDbEntity
  8
0
 48
20.0
100
AcDbLine
 10
738280.7822244197
 20
165163.4750653866
 30
0.0
 11
738280.7822244197
 21
167936.4750653865
 31
0.0
  0
LINE
  5
8D72D
330
1F
100
AcDbEntity
  8
0
 48
20.0
100
AcDbLine
 10
736868.9228511495
 20
167883.4750653868
 30
0.0
 11
737213.9228511494
 21
167883.4750653868
 31
0.0
  0
LINE
  5
8D72E
330
1F
100
AcDbEntity
  8
0
 48
20.0
100
AcDbLine
 10
737213.9228511494
 20
167883.4750653868
 30
0.0
 11
737213.9228511494
 21
165163.475065384
 31
0.0
  0
LINE
  5
8D72F
330
1F
100
AcDbEntity
  8
0
 48
20.0
100
AcDbLine
 10
737213.9228511494
 20
165163.475065384
 30
0.0
 11
736868.9228511495
 21
165163.4750653866
 31
0.0
  0
LINE
  5
8D730
330
1F
100
AcDbEntity
  8
0
 48
20.0
100
AcDbLine
 10
736868.9228511495
 20
165163.4750653866
 30
0.0
 11
736868.9228511495
 21
167883.4750653868
 31
0.0
  0
LINE
  5
8D731
330
1F
100
AcDbEntity
  8
0
 48
20.0
100
AcDbLine
 10
749145.8493011935
 20
167883.4750653868
 30
0.0
 11
748790.8493011935
 21
167883.4750653868
 31
0.0
  0
LINE
  5
8D732
330
1F
100
AcDbEntity
  8
0
 48
20.0
100
AcDbLine
 10
748790.8493011935
 20
167883.4750653868
 30
0.0
 11
748790.8493011935
 21
165163.475065384
 31
0.0
  0
LINE
  5
8D733
330
1F
100
AcDbEntity
  8
0
 48
20.0
100
AcDbLine
 10
748790.8493011935
 20
165163.475065384
 30
0.0
 11
749145.8493011935
 21
165163.4750653866
 31
0.0
  0
LINE
  5
8D734
330
1F
100
AcDbEntity
  8
0
 48
20.0
100
AcDbLine
 10
749145.8493011935
 20
165163.4750653866
 30
0.0
 11
749145.8493011935
 21
167883.4750653868
 31
0.0
  0
ARC
  5
8D735
330
1F
100
AcDbEntity
  8
0
 48
20.0
100
AcDbCircle
 10
746286.9065599353
 20
166122.4750653866
 30
0.0
 40
10.00000000002403
100
AcDbArc
 50
185.2159085704263
 51
84.78409142972706
  0
ARC
  5
8D736
330
1F
100
AcDbEntity
  8
0
 48
20.0
100
AcDbCircle
 10
746287.9065599354
 20
166133.4295165367
 30
0.0
 40
0.9999999999926341
100
AcDbArc
 50
180.0000000002955
 51
264.7840914281044
  0
LINE
  5
8D737
330
1F
100
AcDbEntity
  8
0
 48
20.0
100
AcDbLine
 10
746286.9065599353
 20
166133.4295165367
 30
0.0
 11
746286.9065599353
 21
166141.5206142364
 31
0.0
  0
ARC
  5
8D738
330
1F
100
AcDbEntity
  8
0
 48
20.0
100
AcDbCircle
 10
746287.9065599354
 20
166141.5206142364
 30
0.0
 40
1.000000000008574
100
AcDbArc
 50
95.21590857272929
 51
180.0000000005381
  0
ARC
  5
8D739
330
1F
100
AcDbEntity
  8
0
 48
20.0
100
AcDbCircle
 10
746286.9065599353
 20
166152.4750653866
 30
0.0
 40
10.00000000002833
100
AcDbArc
 50
275.2159085702279
 51
174.784091429772
  0
ARC
  5
8D73A
330
1F
100
AcDbEntity
  8
0
 48
20.0
100
AcDbCircle
 10
746275.9521087853
 20
166153.4750653865
 30
0.0
 40
0.9999999999016607
100
AcDbArc
 50
269.999999994022
 51
354.7840914345371
  0
LINE
  5
8D73B
330
1F
100
AcDbEntity
  8
0
 48
20.0
100
AcDbLine
 10
746275.9521087853
 20
166152.4750653866
 30
0.0
 11
746262.9065599355
 21
166152.4750653866
 31
0.0
  0
LINE
  5
8D73C
330
1F
100
AcDbEntity
  8
0
 48
20.0
100
AcDbLine
 10
746262.9065599355
 20
166152.4750653866
 30
0.0
 11
746262.9065599355
 21
167936.4750653865
 31
0.0
  0
LINE
  5
8D73D
330
1F
100
AcDbEntity
  8
0
 48
20.0
100
AcDbLine
 10
746262.9065599355
 20
167936.4750653865
 30
0.0
 11
747201.9065599363
 21
167936.4750653839
 31
0.0
  0
LINE
  5
8D73E
330
1F
100
AcDbEntity
  8
0
 48
20.0
100
AcDbLine
 10
747201.9065599363
 20
167936.4750653839
 30
0.0
 11
747201.9065599363
 21
165163.475065384
 31
0.0
  0
LINE
  5
8D73F
330
1F
100
AcDbEntity
  8
0
 48
20.0
100
AcDbLine
 10
747201.9065599363
 20
165163.475065384
 30
0.0
 11
746262.9065599355
 21
165163.4750653866
 31
0.0
  0
LINE
  5
8D740
330
1F
100
AcDbEntity
  8
0
 48
20.0
100
AcDbLine
 10
746262.9065599355
 20
165163.4750653866
 30
0.0
 11
746262.9065599355
 21
166122.4750653866
 31
0.0
  0
LINE
  5
8D741
330
1F
100
AcDbEntity
  8
0
 48
20.0
100
AcDbLine
 10
746262.9065599355
 20
166122.4750653866
 30
0.0
 11
746275.9521087853
 21
166122.4750653866
 31
0.0
  0
ARC
  5
8D742
330
1F
100
AcDbEntity
  8
0
 48
20.0
100
AcDbCircle
 10
746275.9521087853
 20
166121.4750653866
 30
0.0
 40
0.9999999999016607
100
AcDbArc
 50
5.215908565462836
 51
90.00000000597795
  0
ARC
  5
8D743
330
1F
100
AcDbEntity
  8
0
 48
20.0
100
AcDbCircle
 10
739343.546439494
 20
166152.4750653866
 30
0.0
 40
10.00000000000965
100
AcDbArc
 50
5.215908570356386
 51
264.7840914296436
  0
ARC
  5
8D744
330
1F
100
AcDbEntity
  8
0
 48
20.0
100
AcDbCircle
 10
739354.500890644
 20
166153.4750653865
 30
0.0
 40
0.9999999999175351
100
AcDbArc
 50
185.2159085662931
 51
270.0000000051476
  0
LINE
  5
8D745
330
1F
100
AcDbEntity
  8
0
 48
20.0
100
AcDbLine
 10
739354.5008906442
 20
166152.4750653866
 30
0.0
 11
739367.546439494
 21
166152.4750653866
 31
0.0
  0
LINE
  5
8D746
330
1F
100
AcDbEntity
  8
0
 48
20.0
100
AcDbLine
 10
739367.546439494
 20
166152.4750653866
 30
0.0
 11
739367.546439494
 21
167936.4750653865
 31
0.0
  0
LINE
  5
8D747
330
1F
100
AcDbEntity
  8
0
 48
20.0
100
AcDbLine
 10
739367.546439494
 20
167936.4750653865
 30
0.0
 11
738513.5464394941
 21
167936.4750653865
 31
0.0
  0
LINE
  5
8D748
330
1F
100
AcDbEntity
  8
0
 48
20.0
100
AcDbLine
 10
738513.5464394941
 20
167936.4750653865
 30
0.0
 11
738513.5464394941
 21
165163.4750653866
 31
0.0
  0
LINE
  5
8D749
330
1F
100
AcDbEntity
  8
0
 48
20.0
100
AcDbLine
 10
738513.5464394941
 20
165163.4750653866
 30
0.0
 11
739367.546439494
 21
165163.4750653866
 31
0.0
  0
LINE
  5
8D74A
330
1F
100
AcDbEntity
  8
0
 48
20.0
100
AcDbLine
 10
739367.546439494
 20
165163.4750653866
 30
0.0
 11
739367.546439494
 21
166122.4750653866
 31
0.0
  0
LINE
  5
8D74B
330
1F
100
AcDbEntity
  8
0
 48
20.0
100
AcDbLine
 10
739367.546439494
 20
166122.4750653866
 30
0.0
 11
739354.5008906442
 21
166122.4750653866
 31
0.0
  0
ARC
  5
8D74C
330
1F
100
AcDbEntity
  8
0
 48
20.0
100
AcDbCircle
 10
739354.500890644
 20
166121.4750653867
 30
0.0
 40
0.9999999999175351
100
AcDbArc
 50
89.99999999485234
 51
174.7840914337069
  0
ARC
  5
8D74D
330
1F
100
AcDbEntity
  8
0
 48
20.0
100
AcDbCircle
 10
739343.546439494
 20
166122.4750653866
 30
0.0
 40
10.00000000003015
100
AcDbArc
 50
95.21590857023074
 51
354.7840914296159
  0
ARC
  5
8D74E
330
1F
100
AcDbEntity
  8
0
 48
20.0
100
AcDbCircle
 10
739342.5464394941
 20
166133.4295165367
 30
0.0
 40
0.9999999999160921
100
AcDbArc
 50
275.2159085678921
 51
0.0000000037078143
  0
LINE
  5
8D74F
330
1F
100
AcDbEntity
  8
0
 48
20.0
100
AcDbLine
 10
739343.546439494
 20
166133.4295165367
 30
0.0
 11
739343.546439494
 21
166141.5206142365
 31
0.0
  0
ARC
  5
8D750
330
1F
100
AcDbEntity
  8
0
 48
20.0
100
AcDbCircle
 10
739342.546439494
 20
166141.5206142365
 30
0.0
 40
1.000000000008574
100
AcDbArc
 50
359.9999999994619
 51
84.78409142727072
  0
ARC
  5
8D751
330
1F
100
AcDbEntity
  8
0
 48
20.0
100
AcDbCircle
 10
745006.503014864
 20
165684.4745158851
 30
0.0
 40
80.00000000005995
100
AcDbArc
 50
46.4995470446288
 51
90.00000000001101
  0
LINE
  5
8D752
330
1F
100
AcDbEntity
  8
0
 48
20.0
100
AcDbLine
 10
745006.503014864
 20
165764.4745158852
 30
0.0
 11
744937.5030148641
 21
165764.4745158852
 31
0.0
  0
LINE
  5
8D753
330
1F
100
AcDbEntity
  8
0
 48
20.0
100
AcDbLine
 10
744937.5030148641
 20
165764.4745158852
 30
0.0
 11
744937.5030148641
 21
166412.4743098766
 31
0.0
  0
LINE
  5
8D754
330
1F
100
AcDbEntity
  8
0
 48
20.0
100
AcDbLine
 10
744937.5030148641
 20
166412.4743098766
 30
0.0
 11
745843.5030148641
 21
166412.4743098766
 31
0.0
  0
LINE
  5
8D755
330
1F
100
AcDbEntity
  8
0
 48
20.0
100
AcDbLine
 10
745843.5030148641
 20
166412.4743098766
 30
0.0
 11
745843.5030148641
 21
165727.4743098766
 31
0.0
  0
LINE
  5
8D756
330
1F
100
AcDbEntity
  8
0
 48
20.0
100
AcDbLine
 10
745843.5030148641
 20
165727.4743098766
 30
0.0
 11
745099.3524794814
 21
165727.4743098766
 31
0.0
  0
ARC
  5
8D757
330
1F
100
AcDbEntity
  8
0
 48
20.0
100
AcDbCircle
 10
745099.3524794814
 20
165782.4743098762
 30
0.0
 40
54.99999999961425
100
AcDbArc
 50
226.6131509670356
 51
270.0000000000569
  0
LINE
  5
8D758
330
1F
100
AcDbEntity
  8
0
 48
20.0
100
AcDbLine
 10
740295.905285397
 20
167246.4750653866
 30
0.0
 11
739556.604214642
 21
167246.4750653866
 31
0.0
  0
LINE
  5
8D759
330
1F
100
AcDbEntity
  8
0
 48
20.0
100
AcDbLine
 10
739556.604214642
 20
167246.4750653866
 30
0.0
 11
739556.604214642
 21
165149.4750653866
 31
0.0
  0
LINE
  5
8D75A
330
1F
100
AcDbEntity
  8
0
 48
20.0
100
AcDbLine
 10
739556.604214642
 20
165149.4750653866
 30
0.0
 11
740295.7547500243
 21
165149.4750653866
 31
0.0
  0
ARC
  5
8D75B
330
1F
100
AcDbEntity
  8
0
 48
20.0
100
AcDbCircle
 10
740295.7547500243
 20
165204.4750653868
 30
0.0
 40
55.00000000016092
100
AcDbArc
 50
270.0000000000358
 51
313.5214907563988
  0
ARC
  5
8D75C
330
1F
100
AcDbEntity
  8
0
 48
20.0
100
AcDbCircle
 10
740388.6042146419
 20
165106.4752713956
 30
0.0
 40
80.00000000001469
100
AcDbArc
 50
90.00000000002591
 51
133.4078867820395
  0
LINE
  5
8D75D
330
1F
100
AcDbEntity
  8
0
 48
20.0
100
AcDbLine
 10
740388.6042146419
 20
165186.4752713956
 30
0.0
 11
740456.604214642
 21
165186.4752713956
 31
0.0
  0
LINE
  5
8D75E
330
1F
100
AcDbEntity
  8
0
 48
20.0
100
AcDbLine
 10
740456.604214642
 20
165186.4752713956
 30
0.0
 11
740456.604214642
 21
167209.4750653861
 31
0.0
  0
LINE
  5
8D75F
330
1F
100
AcDbEntity
  8
0
 48
20.0
100
AcDbLine
 10
740456.604214642
 20
167209.4750653861
 30
0.0
 11
740388.6042146419
 21
167209.4750653861
 31
0.0
  0
ARC
  5
8D760
330
1F
100
AcDbEntity
  8
0
 48
20.0
100
AcDbCircle
 10
740388.6042146419
 20
167289.4750653861
 30
0.0
 40
80.00000000000012
100
AcDbArc
 50
226.5921132179867
 51
270.0000000000003
  0
ARC
  5
8D761
330
1F
100
AcDbEntity
  8
0
 48
20.0
100
AcDbCircle
 10
740295.7547500243
 20
167191.4752713951
 30
0.0
 40
55.00000000004986
100
AcDbArc
 50
46.47850924351118
 51
89.84318086743334
  0
LINE
  5
8D762
330
1F
100
AcDbEntity
  8
0
 48
20.0
100
AcDbLine
 10
741709.5456700214
 20
165467.7744986674
 30
0.0
 11
740965.3951346385
 21
165467.7744986674
 31
0.0
  0
LINE
  5
8D763
330
1F
100
AcDbEntity
  8
0
 48
20.0
100
AcDbLine
 10
740965.3951346385
 20
165467.7744986674
 30
0.0
 11
740965.3951346385
 21
166152.7744986673
 31
0.0
  0
LINE
  5
8D764
330
1F
100
AcDbEntity
  8
0
 48
20.0
100
AcDbLine
 10
740965.3951346385
 20
166152.7744986673
 30
0.0
 11
741871.3951346386
 21
166152.7744986673
 31
0.0
  0
LINE
  5
8D765
330
1F
100
AcDbEntity
  8
0
 48
20.0
100
AcDbLine
 10
741871.3951346386
 20
166152.7744986673
 30
0.0
 11
741871.3951346386
 21
165504.7747046759
 31
0.0
  0
LINE
  5
8D766
330
1F
100
AcDbEntity
  8
0
 48
20.0
100
AcDbLine
 10
741871.3951346386
 20
165504.7747046759
 30
0.0
 11
741802.3951346386
 21
165504.7747046759
 31
0.0
  0
ARC
  5
8D767
330
1F
100
AcDbEntity
  8
0
 48
20.0
100
AcDbCircle
 10
741802.3951346384
 20
165424.7747046765
 30
0.0
 40
79.99999999944602
100
AcDbArc
 50
89.99999999991846
 51
133.5004529493693
  0
ARC
  5
8D768
330
1F
100
AcDbEntity
  8
0
 48
20.0
100
AcDbCircle
 10
741709.5456700214
 20
165522.7744986674
 30
0.0
 40
55.00000000003293
100
AcDbArc
 50
269.9999999999901
 51
313.3868490417948
  0
LINE
  5
8D769
330
1F
100
AcDbEntity
  8
0
 48
0.0
100
AcDbLine
 10
735016.9240522008
 20
166790.0833629942
 30
0.0
 11
735016.9240522006
 21
167030.0831569861
 31
0.0
  0
LINE
  5
8D76A
330
1F
100
AcDbEntity
  8
0
 48
0.0
100
AcDbLine
 10
735016.9240522006
 20
167030.0831569861
 30
0.0
 11
733208.9240522011
 21
167030.0831569852
 31
0.0
  0
LINE
  5
8D76B
330
1F
100
AcDbEntity
  8
0
 48
0.0
100
AcDbLine
 10
733208.9240522011
 20
167030.0831569852
 30
0.0
 11
733208.9240522013
 21
166790.0833629942
 31
0.0
  0
LINE
  5
8D76C
330
1F
100
AcDbEntity
  8
0
 48
0.0
100
AcDbLine
 10
733208.9240522013
 20
166790.0833629942
 30
0.0
 11
733277.9240522014
 21
166790.0833629942
 31
0.0
  0
ARC
  5
8D76D
330
1F
100
AcDbEntity
  8
0
 48
0.0
100
AcDbCircle
 10
733277.9240522014
 20
166710.0833629941
 30
0.0
 40
80.00000000000349
100
AcDbArc
 50
46.59211321179976
 51
90.0000000000063
  0
ARC
  5
8D76E
330
1F
100
AcDbEntity
  8
0
 48
0.0
100
AcDbCircle
 10
733370.7735168186
 20
166808.0831569856
 30
0.0
 40
54.99999999999612
100
AcDbArc
 50
226.4785092531751
 51
270.0001177350128
  0
LINE
  5
8D76F
330
1F
100
AcDbEntity
  8
0
 48
0.0
100
AcDbLine
 10
733370.7736298361
 20
166753.0831569857
 30
0.0
 11
734855.0748982042
 21
166753.0831569865
 31
0.0
  0
ARC
  5
8D770
330
1F
100
AcDbEntity
  8
0
 48
0.0
100
AcDbCircle
 10
734855.0745875829
 20
166808.0831569859
 30
0.0
 40
55.00000000031779
100
AcDbArc
 50
270.0003235871413
 51
313.386849005005
  0
ARC
  5
8D771
330
1F
100
AcDbEntity
  8
0
 48
0.0
100
AcDbCircle
 10
734947.9240522002
 20
166710.0833629941
 30
0.0
 40
80.00000000000643
100
AcDbArc
 50
89.9999999999885
 51
133.5004529743725
  0
LINE
  5
8D772
330
1F
100
AcDbEntity
  8
0
 48
0.0
100
AcDbLine
 10
734947.9240522002
 20
166790.0833629942
 30
0.0
 11
735016.9240522008
 21
166790.0833629942
 31
0.0
  0
LINE
  5
8D773
330
1F
100
AcDbEntity
  8
0
100
AcDbLine
 10
744515.8596825217
 20
167246.4750653866
 30
0.0
 11
743776.7091471389
 21
167246.4750653866
 31
0.0
  0
ARC
  5
8D774
330
1F
100
AcDbEntity
  8
0
100
AcDbCircle
 10
743776.7083675187
 20
167191.4764772969
 30
0.0
 40
54.9985880952411
100
AcDbArc
 50
89.99918781653809
 51
133.3871217509388
  0
ARC
  5
8D775
330
1F
100
AcDbEntity
  8
0
100
AcDbCircle
 10
743683.8596825215
 20
167289.4750653862
 30
0.0
 40
80.00000000012237
100
AcDbArc
 50
270.0000000000727
 51
313.5004529554442
  0
LINE
  5
8D776
330
1F
100
AcDbEntity
  8
0
100
AcDbLine
 10
743683.8596825217
 20
167209.4750653861
 30
0.0
 11
743615.8596825217
 21
167209.4750653861
 31
0.0
  0
LINE
  5
8D777
330
1F
100
AcDbEntity
  8
0
100
AcDbLine
 10
743615.8596825217
 20
167209.4750653861
 30
0.0
 11
743615.8596825217
 21
165186.4752713956
 31
0.0
  0
LINE
  5
8D778
330
1F
100
AcDbEntity
  8
0
100
AcDbLine
 10
743615.8596825217
 20
165186.4752713956
 30
0.0
 11
743683.8596825217
 21
165186.4752713956
 31
0.0
  0
ARC
  5
8D779
330
1F
100
AcDbEntity
  8
0
100
AcDbCircle
 10
743683.8596825214
 20
165106.4752713948
 30
0.0
 40
80.0000000007884
100
AcDbArc
 50
46.49954704465524
 51
89.99999999983783
  0
ARC
  5
8D77A
330
1F
100
AcDbEntity
  8
0
100
AcDbCircle
 10
743776.7091471387
 20
165204.4750653849
 30
0.0
 40
54.99999999827899
100
AcDbArc
 50
226.6131509661292
 51
270.0000000003536
  0
LINE
  5
8D77B
330
1F
100
AcDbEntity
  8
0
100
AcDbLine
 10
743776.7091471392
 20
165149.4750653866
 30
0.0
 11
744515.8596825217
 21
165149.4750653866
 31
0.0
  0
LINE
  5
8D77C
330
1F
100
AcDbEntity
  8
0
100
AcDbLine
 10
744515.8596825217
 20
165149.4750653866
 30
0.0
 11
744515.8596825217
 21
167246.4750653866
 31
0.0
  0
ARC
  5
8D77D
330
1F
100
AcDbEntity
  8
0
 48
20.0
100
AcDbCircle
 10
748032.6851940382
 20
167893.4750653865
 30
0.0
 40
9.999999999912688
100
AcDbArc
 50
179.9999999994997
 51
270.000000000667
  0
ARC
  5
8D77E
330
1F
100
AcDbEntity
  8
0
 48
20.0
100
AcDbCircle
 10
737806.7479782671
 20
167893.4750653867
 30
0.0
 40
9.999999999883584
100
AcDbArc
 50
269.999999999333
 51
0.0000000005002885
  0
VIEWPORT
  5
8B4FF
102
{ACAD_XDICTIONARY
360
8B500
102
}
330
8B4FB
100
AcDbEntity
 67
     1
  8
0
100
AcDbViewport
 10
3879.914915959247
 20
385.5512061733362
 30
0.0
 40
357.4504549340078
 41
187.2253008634321
 68
     1
 69
    -1
 12
3879.914915959247
 22
385.5512061733362
 13
0.0
 23
0.0
 14
10.0
 24
10.0
 15
10.0
 25
10.0
 16
0.0
 26
0.0
 36
1.0
 17
0.0
 27
0.0
 37
0.0
 42
50.0
 43
0.0
 44
0.0
 45
187.2253008634321
 50
0.0
 51
0.0
 72
  1000
 90
   819232
  1

281
     0
 71
     1
 74
     0
110
0.0
120
0.0
130
0.0
111
1.0
121
0.0
131
0.0
112
0.0
122
1.0
132
0.0
 79
     0
146
0.0
  0
VIEWPORT
  5
8B502
102
{ACAD_XDICTIONARY
360
8B503
102
}
330
8B4FB
100
AcDbEntity
 67
     1
  8
Defpoints
 48
20.0
100
AcDbViewport
 10
3864.159438439716
 20
398.3528155760442
 30
0.0
 40
268.62783808475
 41
145.3782925204184
 68
     2
 69
    -1
 12
171.5728241154828
 22
-3998.978753864422
 13
0.0
 23
0.0
 14
10.0
 24
10.0
 15
10.0
 25
10.0
 16
0.0
 26
0.0
 36
10220.66164389161
 17
730367.662085814
 27
170869.74377666
 37
0.0
 42
50.0
 43
0.0
 44
0.0
 45
3321.319393257554
 50
0.0
 51
0.0
 72
  1000
 90
   819296
  1

281
     0
 71
     1
 74
     0
110
355066.4747717344
120
-25460.25235228561
130
0.0
111
1.0
121
0.0
131
0.0
112
0.0
122
1.0
132
0.0
 79
     0
146
0.0
  0
LWPOLYLINE
  5
8B505
330
8B4FB
100
AcDbEntity
 67
     1
  8
PDF _Геометрия
 62
     7
370
    18
100
AcDbPolyline
 90
        4
 70
     1
 43
0.0
 10
3994.624055820275
 20
299.9904763336189
 10
3747.983232507194
 20
299.9904763336189
 10
3747.983232507194
 20
474.400848286651
 10
3994.624055820275
 20
474.400848286651
  0
LWPOLYLINE
  5
8B506
330
8B4FB
100
AcDbEntity
 67
     1
  8
PDF _Геометрия
 62
     7
370
    25
100
AcDbPolyline
 90
        4
 70
     1
 43
0.0
 10
3753.671668859521
 20
471.4646948679245
 10
3753.671668859521
 20
302.9266297523435
 10
3991.687798818916
 20
302.9266297523435
 10
3991.687798818916
 20
471.4646948679245
  0
MTEXT
  5
8B507
102
{ACAD_XDICTIONARY
360
8B508
102
}
330
8B4FB
100
AcDbEntity
 67
     1
  8
0
100
AcDbMText
 10
3962.334859010402
 20
307.5112689805921
 30
0.0
 40
1.960051181559144
 41
56.23300164453627
 71
     1
 72
     1
  1
12758(10)
 73
     1
 44
1.0
1001
ACAD
1000
MTEXTBEGIN
1070
    73
1070
     1
1070
    44
1040
1.0
1070
    74
1070
     0
1000
MTEXTEND
  0
LWPOLYLINE
  5
8B50C
330
8B4FB
100
AcDbEntity
 67
     1
  8
0
100
AcDbPolyline
 90
        4
 70
     1
 43
0.0
 10
3959.489856011058
 20
302.9266297523435
 10
3991.687798818916
 20
302.9266297523435
 10
3991.687798818916
 20
309.0957271858631
 10
3959.489856011058
 20
309.0957271858631
  0
VIEWPORT
  5
8B50D
102
{ACAD_XDICTIONARY
360
8B50E
102
}
330
8B4FB
100
AcDbEntity
 67
     1
  8
Defpoints
 48
20.0
100
AcDbViewport
 10
3937.721521101057
 20
326.480301706773
 30
0.0
 40
168.8753789100608
 41
98.28069629850848
 68
     3
 69
    -1
 12
3570.112286775521
 22
-14105.6588861557
 13
0.0
 23
0.0
 14
10.0
 24
10.0
 15
10.0
 25
10.0
 16
0.0
 26
0.0
 36
10220.66164389161
 17
730367.662085814
 27
170869.74377666
 37
0.0
 42
50.0
 43
0.0
 44
0.0
 45
722.3301512553794
 50
0.0
 51
0.0
 72
  1000
 90
   819296
  1

281
     0
 71
     1
 74
     0
110
355066.4747717344
120
-25460.25235228561
130
0.0
111
1.0
121
0.0
131
0.0
112
0.0
122
1.0
132
0.0
 79
     0
146
0.0
  0
MTEXT
  5
8B512
330
8B4FB
100
AcDbEntity
 67
     1
  8
0
100
AcDbMText
 10
3763.084162187801
 20
310.2673209666832
 30
0.0
 40
1.960051181559144
 41
131.3385732921372
 71
     1
 72
     1
  3
\U+0421\U+0442\U+0435\U+043A\U+043B\U+043E \U+0437\U+0430\U+043A\U+0430\U+043B\U+0435\U+043D\U+043D\U+043E\U+0435 10 \U+043C\U+043C \U+043F\U+0440\U+043E\U+0437\U+0440\U+0430\U+0447\U+043D\U+043E\U+0435 , \U+041F\U+041A , \U+0417\U+0410\U+041A
  1
\U+0410\U+041B\U+041A\U+0410
 73
     1
 44
1.0
1001
ACAD
1000
MTEXTBEGIN
1070
    73
1070
     1
1070
    44
1040
1.0
1070
    74
1070
     0
1000
MTEXTEND
  0
ENDSEC
  0
SECTION
  2
OBJECTS
  0
DICTIONARY
  5
C
330
0
100
AcDbDictionary
281
     1
  3
ACAD_ASSOCNETWORK
350
2C994
  3
ACAD_BACKGROUND
350
6A06
  3
ACAD_CIP_PREVIOUS_PRODUCT_INFO
350
216
  3
ACAD_COLOR
350
6B
  3
ACAD_DATALINK
350
8C522
  3
ACAD_DETAILVIEWSTYLE
350
21B
  3
ACAD_FIELDLIST
350
2C98F
  3
ACAD_GROUP
350
D
  3
ACAD_IMAGE_DICT
350
8CD7
  3
ACAD_IMAGE_VARS
350
8CD9
  3
ACAD_LAYOUT
350
1A
  3
ACAD_MATERIAL
350
6A
  3
ACAD_MLEADERSTYLE
350
12D
  3
ACAD_MLINESTYLE
350
17
  3
ACAD_PLOTSETTINGS
350
19
  3
ACAD_PLOTSTYLENAME
350
E
  3
ACAD_RENDER_RAPIDRT_SETTINGS
350
AFBD
  3
ACAD_SCALELIST
350
10C
  3
ACAD_SECTIONVIEWSTYLE
350
219
  3
ACAD_TABLESTYLE
350
7E
  3
ACAD_VISUALSTYLE
350
EF
  3
ACDB_RECOMPOSE_DATA
350
8D7BB
  3
ACDBHEADERROUNDTRIPXREC
350
8D781
  3
ACDBVARIABLEDICTIONARY
350
8D584
  3
AEC_PROPERTY_SET_DEFS
350
2C991
  3
DWGPROPS
350
8D784
  3
MCS_STREAM_DICT
350
2ECA1
  3
Siberia
350
52DE
  0
DICTIONARY
  5
8D47A
330
8
100
AcDbDictionary
280
     1
281
     1
  3
ACAD_XREC_ROUNDTRIP
360
8D795
  0
DICTIONARY
  5
1FF
330
2
100
AcDbDictionary
280
     1
281
     1
  3
ACAD_LAYERSTATES
360
200
  0
DICTIONARY
  5
13C
330
10
100
AcDbDictionary
280
     1
281
     1
  3
ACAD_XREC_ROUNDTRIP
360
8D791
  0
DICTIONARY
  5
8D472
330
9F0
100
AcDbDictionary
280
     1
281
     1
  3
ACAD_XREC_ROUNDTRIP
360
8D792
  0
DICTIONARY
  5
8D474
330
D17D
100
AcDbDictionary
280
     1
281
     1
  3
ACAD_XREC_ROUNDTRIP
360
8D793
  0
DICTIONARY
  5
8D476
330
1BB7A
100
AcDbDictionary
280
     1
281
     1
  3
ACAD_XREC_ROUNDTRIP
360
8D794
  0
DICTIONARY
  5
1CE
330
1F
100
AcDbDictionary
280
     1
281
     1
  3
ACAD_SORTENTS
360
2096
  0
DICTIONARY
  5
8B4FC
330
8B4FB
100
AcDbDictionary
280
     1
281
     1
  3
ACAD_SORTENTS
360
8B4FD
  0
DICTIONARY
  5
8B49D
330
8B49C
100
AcDbDictionary
280
     1
281
     1
  3
ACAD_SORTENTS
360
8B49E
  0
DICTIONARY
  5
732EA
330
D2
100
AcDbDictionary
280
     1
281
     1
  3
ACAD_SORTENTS
360
732EB
  0
DICTIONARY
  5
78887
330
78886
100
AcDbDictionary
280
     1
281
     1
  3
ACAD_SORTENTS
360
78888
  0
DICTIONARY
  5
8B4A1
330
8B4A0
100
AcDbDictionary
280
     1
281
     1
  3
ACAD_XREC_ROUNDTRIP
360
8D788
  3
ASDK_XREC_ANNOTATION_SCALE_INFO
360
8B4A2
  0
DICTIONARY
  5
8B4A7
330
8B4A6
100
AcDbDictionary
280
     1
281
     1
  3
ACAD_XREC_ROUNDTRIP
360
8D789
  3
ASDK_XREC_ANNOTATION_SCALE_INFO
360
8B4A8
  0
DICTIONARY
  5
8B4AC
330
8B4AB
100
AcDbDictionary
280
     1
281
     1
  3
ACAD_FIELD
360
8B4AD
  0
DICTIONARY
  5
8B4B2
330
8B4B1
100
AcDbDictionary
280
     1
281
     1
  3
ACAD_XREC_ROUNDTRIP
360
8D78A
  3
ASDK_XREC_ANNOTATION_SCALE_INFO
360
8B4B3
  0
DICTIONARY
  5
5B23
330
5B22
100
AcDbDictionary
280
     1
281
     1
  3
ACAD_XREC_ROUNDTRIP
360
8D78B
  3
ASDK_XREC_ANNOTATION_SCALE_INFO
360
5B24
  0
DICTIONARY
  5
4337B
330
4337A
100
AcDbDictionary
280
     1
281
     1
  3
ACAD_XREC_ROUNDTRIP
360
8D78C
  3
ASDK_XREC_ANNOTATION_SCALE_INFO
360
4337C
  0
DICTIONARY
  5
72E25
330
43388
100
AcDbDictionary
280
     1
281
     1
  3
ACAD_FIELD
360
72E26
  0
DICTIONARY
  5
7888B
330
7888A
100
AcDbDictionary
280
     1
281
     1
  3
ACAD_XREC_ROUNDTRIP
360
8D78D
  3
ASDK_XREC_ANNOTATION_SCALE_INFO
360
7888C
  0
DICTIONARY
  5
788A3
330
788A2
100
AcDbDictionary
280
     1
281
     1
  3
ACAD_XREC_ROUNDTRIP
360
8D78E
  3
ASDK_XREC_ANNOTATION_SCALE_INFO
360
788A4
  0
DICTIONARY
  5
8B378
330
8B377
100
AcDbDictionary
280
     1
281
     1
  3
ACAD_XREC_ROUNDTRIP
360
8D78F
  3
ASDK_XREC_ANNOTATION_SCALE_INFO
360
8B379
  0
DICTIONARY
  5
8B37D
330
8B37C
100
AcDbDictionary
280
     1
281
     1
  3
ACAD_FIELD
360
8B37E
  0
DICTIONARY
  5
8B3BC
330
8B3BB
100
AcDbDictionary
280
     1
281
     1
  3
ACAD_XREC_ROUNDTRIP
360
8D790
  3
ASDK_XREC_ANNOTATION_SCALE_INFO
360
8B3BD
  0
DICTIONARY
  5
8B500
330
8B4FF
100
AcDbDictionary
280
     1
281
     1
  3
ACAD_XREC_ROUNDTRIP
360
8D785
  3
ASDK_XREC_ANNOTATION_SCALE_INFO
360
8B501
  0
DICTIONARY
  5
8B503
330
8B502
100
AcDbDictionary
280
     1
281
     1
  3
ACAD_XREC_ROUNDTRIP
360
8D786
  3
ASDK_XREC_ANNOTATION_SCALE_INFO
360
8B504
  0
DICTIONARY
  5
8B508
330
8B507
100
AcDbDictionary
280
     1
281
     1
  3
ACAD_FIELD
360
8B509
  0
DICTIONARY
  5
8B50E
330
8B50D
100
AcDbDictionary
280
     1
281
     1
  3
ACAD_XREC_ROUNDTRIP
360
8D787
  3
ASDK_XREC_ANNOTATION_SCALE_INFO
360
8B50F
  0
DICTIONARY
  5
2C994
102
{ACAD_REACTORS
330
C
102
}
330
C
100
AcDbDictionary
281
     1
  3
ACAD_ASSOCNETWORK
350
2C995
  0
DICTIONARY
  5
6A06
102
{ACAD_REACTORS
330
C
102
}
330
C
100
AcDbDictionary
281
     1
  0
XRECORD
  5
216
102
{ACAD_REACTORS
330
C
102
}
330
C
100
AcDbXrecord
280
     1
300
ACD
300
2020
300
ACD_F_S
  0
DICTIONARY
  5
6B
102
{ACAD_REACTORS
330
C
102
}
330
C
100
AcDbDictionary
281
     1
  0
DICTIONARY
  5
8C522
102
{ACAD_REACTORS
330
C
102
}
330
C
100
AcDbDictionary
280
     1
281
     1
  0
DICTIONARY
  5
21B
102
{ACAD_REACTORS
330
C
102
}
330
C
100
AcDbDictionary
281
     1
  3
Imperial24
350
2A64
  3
Metric50
350
21C
  0
FIELDLIST
  5
2C98F
102
{ACAD_REACTORS
330
C
102
}
330
C
100
AcDbIdSet
 90
        8
330
72E27
330
72E28
330
8B37F
330
8B380
330
8B4AE
330
8B4AF
330
8B50A
330
8B50B
100
AcDbFieldList
  0
DICTIONARY
  5
D
102
{ACAD_REACTORS
330
C
102
}
330
C
100
AcDbDictionary
281
     1
  0
DICTIONARY
  5
8CD7
102
{ACAD_REACTORS
330
C
102
}
330
C
100
AcDbDictionary
281
     1
  3
01af67cc-9107-4722-a0f9-c2cbd167adab
350
69267
  3
0362def3-e5c4-4e61-8f8b-118b96cce3c9
350
69A5F
  3
1617095948193
350
D232
  3
1d4bfc1d-8f16-4421-8975-ce1bc63833cd
350
1A92C
  3
1eadf2d4-3835-4aee-8970-81f526254083
350
43865
  3
1ebda025-a088-4ddb-b064-89c4abfe0991
350
10694
  3
20210324_105213
350
D1A1
  3
21f24c17-aa3c-4b1d-8c32-aad60f4a11b8
350
271E4
  3
28cf0301-8c82-4595-b40f-259b9ff88e67
350
37C71
  3
30254dab-3fb5-4326-9bba-2323ea99a638
350
1069D
  3
340f498e-5aea-4985-bd78-b1e54fea0596
350
1069A
  3
4669ed5a-2d7b-48de-b2ad-f259a1330429
350
43F27
  3
489ff186-03f2-4789-9580-3da8d4ec7670
350
1AB39
  3
49effeae-f56d-48a2-92ec-18fc3ee16fe3
350
69D63
  3
603fa7d7-5e63-4163-a063-523fa1cdad93
350
43868
  3
74b487b9-720a-4597-904e-7f67c10fb778
350
3C715
  3
878e375e-9f8a-4f03-b669-f05057f4c2d1
350
1AB3C
  3
8a8ff2dc-13a1-4555-9320-9239f5ff05f3
350
2B08B
  3
8cc76c0a-352b-4738-af64-2e0aea6fcbc4
350
10697
  3
9750181f-30ab-4be1-86ef-2f2ea87b0e1e
350
43A54
  3
9854b84b-af6e-478f-8500-bc47a6f77d10
350
34801
  3
9c781e9f-c97b-467e-8647-7de267a70200
350
438F6
  3
9d0f1628-0213-4e5e-aa03-7fd791f01641
350
3C712
  3
a7c9d15f-1841-4994-afeb-a756be6b38a4
350
37B7D
  3
a877d462-568f-402b-82ac-9846b27aebde
350
106BA
  3
b1e77073-0903-4ce7-be2c-d7f9b5bd0c4e
350
18573
  3
b43901c7-8f15-46d3-92e2-cc01810d3649
350
4C238
  3
b49dcc4d-222b-47dd-ac67-5b5e272933fe
350
1AB3F
  3
ced195fb-bd89-407b-8f6e-4992d6e76433
350
4C313
  3
d8defa94-e8a6-4975-adb7-8c403f4a5884
350
69870
  3
d9c58fe6-4bda-46a5-9853-217f46be5de5
350
556EF
  3
e358c212-3eba-43f4-b6bf-8646179f6cda
350
18570
  3
e4a74831-92b2-45b7-80db-63592489c3f0
350
1358C
  3
e8ed8807-0e96-4693-b515-608eeef2d34a
350
2ECAD
  3
efe60713-ce35-49ea-935b-78b299373f5e
350
699CF
  3
IMG_20200313_160614
350
8CD8
  0
RASTERVARIABLES
  5
8CD9
102
{ACAD_REACTORS
330
C
102
}
330
C
100
AcDbRasterVariables
 90
        0
 70
     1
 71
     1
 72
     1
  0
DICTIONARY
  5
1A
102
{ACAD_REACTORS
330
C
102
}
330
C
100
AcDbDictionary
281
     1
  3
Model
350
22
  3
МС1
350
D3
  3
С1
350
788F5
  3
С2
350
8B4B8
  3
С3
350
8B514
  0
DICTIONARY
  5
6A
102
{ACAD_REACTORS
330
C
102
}
330
C
100
AcDbDictionary
281
     1
  3
ByBlock
350
ED
  3
ByLayer
350
EC
  3
Global
350
EE
  0
DICTIONARY
  5
12D
102
{ACAD_REACTORS
330
C
102
}
330
C
100
AcDbDictionary
281
     1
  3
Standard
350
12E
  0
DICTIONARY
  5
17
102
{ACAD_REACTORS
330
C
102
}
330
C
100
AcDbDictionary
281
     1
  3
Standard
350
18
  0
DICTIONARY
  5
19
102
{ACAD_REACTORS
330
C
102
}
330
C
100
AcDbDictionary
281
     1
  0
ACDBDICTIONARYWDFLT
  5
E
102
{ACAD_REACTORS
330
C
102
}
330
C
100
AcDbDictionary
281
     1
  3
Normal
350
F
100
AcDbDictionaryWithDefault
340
F
  0
DICTIONARY
  5
AFBD
102
{ACAD_REACTORS
330
C
102
}
330
C
100
AcDbDictionary
281
     1
  3
1-я скорость
350
AFC3
  3
2-я скорость
350
AFC2
  3
3-я скорость
350
AFC1
  3
Высокое
350
AFC0
  3
Низкое
350
AFBE
  3
Среднее
350
AFBF
  0
DICTIONARY
  5
10C
102
{ACAD_REACTORS
330
C
102
}
330
C
100
AcDbDictionary
281
     1
  3
*A1
350
2C90F
  3
A0
350
10D
  3
A1
350
1BE
  3
A2
350
1BF
  3
A3
350
1C0
  3
A4
350
1C1
  3
A5
350
1C2
  3
A6
350
1C3
  3
A7
350
1C4
  3
A8
350
1C5
  3
A9
350
1C6
  3
B0
350
1C7
  3
B1
350
1C8
  3
B2
350
1C9
  3
B3
350
1CA
  3
B4
350
1CB
  3
B5
350
1CC
  3
B6
350
1CD
  0
DICTIONARY
  5
219
102
{ACAD_REACTORS
330
C
102
}
330
C
100
AcDbDictionary
281
     1
  3
Imperial24
350
2A63
  3
Metric50
350
21A
  0
DICTIONARY
  5
7E
102
{ACAD_REACTORS
330
C
102
}
330
C
100
AcDbDictionary
281
     1
  3
Standard
350
7F
  0
DICTIONARY
  5
EF
102
{ACAD_REACTORS
330
C
102
}
330
C
100
AcDbDictionary
281
     1
  3
2dWireframe
350
F5
  3
3D Hidden
350
2A61
  3
3dWireframe
350
2A62
  3
Basic
350
F4
  3
Brighten
350
FB
  3
ColorChange
350
FF
  3
Conceptual
350
F8
  3
Dim
350
FA
  3
EdgeColorOff
350
1E6
  3
Facepattern
350
FE
  3
Flat
350
F0
  3
FlatWithEdges
350
F1
  3
Gouraud
350
F2
  3
GouraudWithEdges
350
F3
  3
Hidden
350
F7
  3
JitterOff
350
1E4
  3
Linepattern
350
FD
  3
OverhangOff
350
1E5
  3
Realistic
350
F9
  3
Shaded
350
1F3
  3
Shaded with edges
350
1F2
  3
Shades of Gray
350
1EF
  3
Sketchy
350
1F0
  3
Thicken
350
FC
  3
Wireframe
350
F6
  3
X-Ray
350
1F1
  0
XRECORD
  5
8D7BB
102
{ACAD_REACTORS
330
C
102
}
330
C
100
AcDbXrecord
280
     1
 90
        1
330
7F
  0
DICTIONARY
  5
8D781
102
{ACAD_REACTORS
330
C
102
}
330
C
100
AcDbDictionary
281
     1
  3
COLORDICT
350
8D782
  3
MATERIALDICT
350
8D783
  0
DICTIONARY
  5
8D584
102
{ACAD_REACTORS
330
C
102
}
330
C
100
AcDbDictionary
281
     2
  3
#REVCLOUDAPPROXARCLEN
350
8D585
  3
ANNOALLVISIBLE
350
8D586
  3
CANNOSCALE
350
8D587
  3
CMLEADERSTYLE
350
8D588
  3
CTABLESTYLE
350
8D589
  3
CVIEWSECTIONSTYLE
350
8D58A
  3
DIMADEC
350
8D58B
  3
DIMASSOC
350
8D58C
  3
DIMLAYER
350
8D58D
  3
DRAWORDERCTL
350
8D58E
  3
EXPORTPAPERSPACE
350
8D58F
  3
FIELDEVAL
350
8D590
  3
HIDETEXT
350
8D591
  3
HPCOLOR
350
8D592
  3
HPINHERIT
350
8D593
  3
HPLAYER
350
8D594
  3
HPTRANSPARENCY
350
8D595
  3
INDEXCTL
350
8D596
  3
LAYEREVAL
350
8D597
  3
LAYERNOTIFY
350
8D598
  3
LIGHTINGUNITS
350
8D599
  3
MLEADERSCALE
350
8D59A
  3
MSLTSCALE
350
8D59B
  3
OLEFRAME
350
8D59C
  3
PDFFRAME
350
8D59D
  3
PSOLHEIGHT
350
8D780
  3
PSOLWIDTH
350
8D77F
  3
SOLIDHIST
350
8D59E
  3
SORTENTS
350
8D59F
  0
DICTIONARY
  5
2C991
102
{ACAD_REACTORS
330
C
102
}
330
C
100
AcDbDictionary
281
     1
  0
XRECORD
  5
8D784
102
{ACAD_REACTORS
330
C
102
}
330
C
100
AcDbXrecord
280
     1
  1
DWGPROPS COOKIE
  2

  3

  4

  6

  7

  8
user46
  9

300
=
301
=
302
=
303
=
304
=
305
=
306
=
307
=
308
=
309
=
 40
0.0
 41
2461058.95462963
 42
2461238.563525058
  1

 90
        0
  0
DICTIONARY
  5
2ECA1
102
{ACAD_REACTORS
330
C
102
}
330
C
100
AcDbDictionary
281
     1
  3
MC_VERSION_DATA
350
2ECA7
  3
McDocData
350
35132
  3
MCS_DOCUMENT_ID
350
2ECA2
  3
MCS_PARAMS_DATA
350
2ECA5
  3
rm9295
350
2ECA4
  0
DICTIONARY
  5
52DE
102
{ACAD_REACTORS
330
C
102
}
330
C
100
AcDbDictionary
280
     1
281
     1
  3
Styles
360
52DF
  0
XRECORD
  5
8D795
102
{ACAD_REACTORS
330
8D47A
102
}
330
8D47A
100
AcDbXrecord
280
     1
102
VTR_0.000_0.000_1.000_1.000_VISUALSTYLE
340
F5
102
VTR_0.000_0.000_1.000_1.000_GRIDDISPLAY
 70
     3
102
VTR_0.000_0.000_1.000_1.000_GRIDMAJOR
 70
     5
102
VTR_0.000_0.000_1.000_1.000_DEFAULTLIGHTING
280
     1
102
VTR_0.000_0.000_1.000_1.000_DEFAULTLIGHTINGTYPE
 70
     1
102
VTR_0.000_0.000_1.000_1.000_BRIGHTNESS
141
0.0
102
VTR_0.000_0.000_1.000_1.000_CONTRAST
142
0.0
  0
DICTIONARY
  5
200
102
{ACAD_REACTORS
330
1FF
102
}
330
1FF
100
AcDbDictionary
281
     1
  3
Все вкл.
350
1D78
  3
Только стекло
350
1D7B
  0
XRECORD
  5
8D791
102
{ACAD_REACTORS
330
13C
102
}
330
13C
100
AcDbXrecord
280
     1
102
MATERIAL
340
EE
  0
XRECORD
  5
8D792
102
{ACAD_REACTORS
330
8D472
102
}
330
8D472
100
AcDbXrecord
280
     1
102
MATERIAL
340
EE
  0
XRECORD
  5
8D793
102
{ACAD_REACTORS
330
8D474
102
}
330
8D474
100
AcDbXrecord
280
     1
102
MATERIAL
340
EE
  0
XRECORD
  5
8D794
102
{ACAD_REACTORS
330
8D476
102
}
330
8D476
100
AcDbXrecord
280
     1
102
COLORACI
 70
   250
102
COLORTRUE
 90
-1036831949
102
MATERIAL
340
EE
  0
SORTENTSTABLE
  5
2096
102
{ACAD_REACTORS
330
1CE
102
}
330
1CE
100
AcDbSortentsTable
330
1F
331
8D500
  5
8CC26
331
8CBCC
  5
8D50E
331
8A377
  5
8D4D6
331
8A99B
  5
8D4EB
331
8D55D
  5
8D53C
331
89625
  5
8D4C2
331
886EC
  5
8CC59
331
8CC69
  5
8D56D
331
8CBCE
  5
8D510
331
8D502
  5
8CC2A
331
8AD32
  5
8D4F1
331
8D573
  5
8D568
331
8D525
  5
8D4FA
331
8D52B
  5
8D500
331
8CC5C
  5
8D56A
331
8D4FB
  5
8CBF8
331
8D522
  5
8D4F7
331
8D527
  5
8D4FC
331
8CBE4
  5
8D542
331
8CBCB
  5
8D50D
331
8D528
  5
8D4FD
331
8A1FC
  5
8D4CF
331
89621
  5
8CC78
331
8AAB6
  5
8D4EE
331
8D561
  5
8D540
331
8D574
  5
8D569
331
89988
  5
8D4C4
331
8A1FD
  5
8D4D0
331
8D52A
  5
8D4FF
331
8D4FA
  5
8CBF7
331
89624
  5
8D4C1
331
89623
  5
8D4C0
331
8CC5D
  5
8D56B
331
8CC2B
  5
8D559
331
8D4FC
  5
8CC00
331
8D4FD
  5
8CC01
331
8D4FE
  5
8CC24
331
8D4FF
  5
8CC25
331
8D501
  5
8CC29
331
8D503
  5
8CC2B
331
8D504
  5
8CC31
331
8CBCA
  5
8D50C
331
8CC78
  5
8D576
331
8D506
  5
8CC33
331
8CBEA
  5
8D548
331
8CC70
  5
8D572
331
89620
  5
8CC77
331
89626
  5
8D4C3
331
89989
  5
8D4C5
331
8D560
  5
8D53F
331
8D52C
  5
8D501
331
8A376
  5
8D4D5
331
8CBD3
  5
8D522
331
8A883
  5
8D4DD
331
8A893
  5
8D4E1
331
8AAB5
  5
8D4ED
331
8D523
  5
8D4F8
331
8D524
  5
8D4F9
331
8D526
  5
8D4FB
331
8D529
  5
8D4FE
331
8D52D
  5
8D502
331
8CBCD
  5
8D50F
331
8CBE6
  5
8D544
331
8CBE7
  5
8D545
331
8CBD2
  5
8D520
331
8CBD4
  5
8D523
331
8CBD5
  5
8D524
331
8D559
  5
8D538
331
8D55A
  5
8D539
331
8D55B
  5
8D53A
331
8D55C
  5
8D53B
331
8D55E
  5
8D53D
331
8D55F
  5
8D53E
331
8CBE3
  5
8D541
331
8CBE5
  5
8D543
331
8CBE8
  5
8D546
331
8CBE9
  5
8D547
331
8CC24
  5
8D554
331
8CC33
  5
8D55D
331
8CC59
  5
8D567
  0
SORTENTSTABLE
  5
8B4FD
102
{ACAD_REACTORS
330
8B4FC
102
}
330
8B4FC
100
AcDbSortentsTable
330
8B4FB
331
8B4FF
  5
4337A
  0
SORTENTSTABLE
  5
8B49E
102
{ACAD_REACTORS
330
8B49D
102
}
330
8B49D
100
AcDbSortentsTable
330
8B49C
331
8B4A0
  5
4337A
  0
SORTENTSTABLE
  5
732EB
102
{ACAD_REACTORS
330
732EA
102
}
330
732EA
100
AcDbSortentsTable
330
D2
331
5B22
  5
4337A
331
4337A
  5
43386
331
43388
  5
43392
331
43387
  5
43388
331
43392
  5
43399
331
43386
  5
43387
  0
SORTENTSTABLE
  5
78888
102
{ACAD_REACTORS
330
78887
102
}
330
78887
100
AcDbSortentsTable
330
78886
331
788A2
  5
55699
331
7888A
  5
4337A
  0
XRECORD
  5
8D788
102
{ACAD_REACTORS
330
8B4A1
102
}
330
8B4A1
100
AcDbXrecord
280
     1
102
VISUALSTYLE
340
F5
102
GRIDDISPLAY
 70
     3
102
GRIDMAJOR
 70
     5
102
DEFAULTLIGHTING
280
     1
102
DEFAULTLIGHTINGTYPE
 70
     1
102
BRIGHTNESS
141
0.0
102
CONTRAST
142
0.0
  0
XRECORD
  5
8B4A2
102
{ACAD_REACTORS
330
8B4A1
102
}
330
8B4A1
100
AcDbXrecord
280
     1
 90
        1
340
10D
  0
XRECORD
  5
8D789
102
{ACAD_REACTORS
330
8B4A7
102
}
330
8B4A7
100
AcDbXrecord
280
     1
102
VISUALSTYLE
340
F5
102
GRIDDISPLAY
 70
     3
102
GRIDMAJOR
 70
     5
102
DEFAULTLIGHTING
280
     1
102
DEFAULTLIGHTINGTYPE
 70
     1
102
BRIGHTNESS
141
0.0
102
CONTRAST
142
0.0
  0
XRECORD
  5
8B4A8
102
{ACAD_REACTORS
330
8B4A7
102
}
330
8B4A7
100
AcDbXrecord
280
     1
 90
        1
340
10D
  0
DICTIONARY
  5
8B4AD
102
{ACAD_REACTORS
330
8B4AC
102
}
330
8B4AC
100
AcDbDictionary
280
     1
281
     1
  3
TEXT
360
8B4AE
  0
XRECORD
  5
8D78A
102
{ACAD_REACTORS
330
8B4B2
102
}
330
8B4B2
100
AcDbXrecord
280
     1
102
VISUALSTYLE
340
F5
102
GRIDDISPLAY
 70
     3
102
GRIDMAJOR
 70
     5
102
DEFAULTLIGHTING
280
     1
102
DEFAULTLIGHTINGTYPE
 70
     1
102
BRIGHTNESS
141
0.0
102
CONTRAST
142
0.0
  0
XRECORD
  5
8B4B3
102
{ACAD_REACTORS
330
8B4B2
102
}
330
8B4B2
100
AcDbXrecord
280
     1
 90
        1
340
10D
  0
XRECORD
  5
8D78B
102
{ACAD_REACTORS
330
5B23
102
}
330
5B23
100
AcDbXrecord
280
     1
102
VISUALSTYLE
340
F5
102
GRIDDISPLAY
 70
     3
102
GRIDMAJOR
 70
     5
102
DEFAULTLIGHTING
280
     1
102
DEFAULTLIGHTINGTYPE
 70
     1
102
BRIGHTNESS
141
0.0
102
CONTRAST
142
0.0
  0
XRECORD
  5
5B24
102
{ACAD_REACTORS
330
5B23
102
}
330
5B23
100
AcDbXrecord
280
     1
 90
        1
340
10D
  0
XRECORD
  5
8D78C
102
{ACAD_REACTORS
330
4337B
102
}
330
4337B
100
AcDbXrecord
280
     1
102
VISUALSTYLE
340
F5
102
GRIDDISPLAY
 70
     3
102
GRIDMAJOR
 70
     5
102
DEFAULTLIGHTING
280
     1
102
DEFAULTLIGHTINGTYPE
 70
     1
102
BRIGHTNESS
141
0.0
102
CONTRAST
142
0.0
  0
XRECORD
  5
4337C
102
{ACAD_REACTORS
330
4337B
102
}
330
4337B
100
AcDbXrecord
280
     1
 90
        1
340
10D
  0
DICTIONARY
  5
72E26
102
{ACAD_REACTORS
330
72E25
102
}
330
72E25
100
AcDbDictionary
280
     1
281
     1
  3
TEXT
360
72E27
  0
XRECORD
  5
8D78D
102
{ACAD_REACTORS
330
7888B
102
}
330
7888B
100
AcDbXrecord
280
     1
102
VISUALSTYLE
340
F5
102
GRIDDISPLAY
 70
     3
102
GRIDMAJOR
 70
     5
102
DEFAULTLIGHTING
280
     1
102
DEFAULTLIGHTINGTYPE
 70
     1
102
BRIGHTNESS
141
0.0
102
CONTRAST
142
0.0
  0
XRECORD
  5
7888C
102
{ACAD_REACTORS
330
7888B
102
}
330
7888B
100
AcDbXrecord
280
     1
 90
        1
340
10D
  0
XRECORD
  5
8D78E
102
{ACAD_REACTORS
330
788A3
102
}
330
788A3
100
AcDbXrecord
280
     1
102
VISUALSTYLE
340
F5
102
GRIDDISPLAY
 70
     3
102
GRIDMAJOR
 70
     5
102
DEFAULTLIGHTING
280
     1
102
DEFAULTLIGHTINGTYPE
 70
     1
102
BRIGHTNESS
141
0.0
102
CONTRAST
142
0.0
  0
XRECORD
  5
788A4
102
{ACAD_REACTORS
330
788A3
102
}
330
788A3
100
AcDbXrecord
280
     1
 90
        1
340
10D
  0
XRECORD
  5
8D78F
102
{ACAD_REACTORS
330
8B378
102
}
330
8B378
100
AcDbXrecord
280
     1
102
VISUALSTYLE
340
F5
102
GRIDDISPLAY
 70
     3
102
GRIDMAJOR
 70
     5
102
DEFAULTLIGHTING
280
     1
102
DEFAULTLIGHTINGTYPE
 70
     1
102
BRIGHTNESS
141
0.0
102
CONTRAST
142
0.0
  0
XRECORD
  5
8B379
102
{ACAD_REACTORS
330
8B378
102
}
330
8B378
100
AcDbXrecord
280
     1
 90
        1
340
10D
  0
DICTIONARY
  5
8B37E
102
{ACAD_REACTORS
330
8B37D
102
}
330
8B37D
100
AcDbDictionary
280
     1
281
     1
  3
TEXT
360
8B37F
  0
XRECORD
  5
8D790
102
{ACAD_REACTORS
330
8B3BC
102
}
330
8B3BC
100
AcDbXrecord
280
     1
102
VISUALSTYLE
340
F5
102
GRIDDISPLAY
 70
     3
102
GRIDMAJOR
 70
     5
102
DEFAULTLIGHTING
280
     1
102
DEFAULTLIGHTINGTYPE
 70
     1
102
BRIGHTNESS
141
0.0
102
CONTRAST
142
0.0
  0
XRECORD
  5
8B3BD
102
{ACAD_REACTORS
330
8B3BC
102
}
330
8B3BC
100
AcDbXrecord
280
     1
 90
        1
340
10D
  0
XRECORD
  5
8D785
102
{ACAD_REACTORS
330
8B500
102
}
330
8B500
100
AcDbXrecord
280
     1
102
VISUALSTYLE
340
F5
102
GRIDDISPLAY
 70
     3
102
GRIDMAJOR
 70
     5
102
DEFAULTLIGHTING
280
     1
102
DEFAULTLIGHTINGTYPE
 70
     1
102
BRIGHTNESS
141
0.0
102
CONTRAST
142
0.0
  0
XRECORD
  5
8B501
102
{ACAD_REACTORS
330
8B500
102
}
330
8B500
100
AcDbXrecord
280
     1
 90
        1
340
10D
  0
XRECORD
  5
8D786
102
{ACAD_REACTORS
330
8B503
102
}
330
8B503
100
AcDbXrecord
280
     1
102
VISUALSTYLE
340
F5
102
GRIDDISPLAY
 70
     3
102
GRIDMAJOR
 70
     5
102
DEFAULTLIGHTING
280
     1
102
DEFAULTLIGHTINGTYPE
 70
     1
102
BRIGHTNESS
141
0.0
102
CONTRAST
142
0.0
  0
XRECORD
  5
8B504
102
{ACAD_REACTORS
330
8B503
102
}
330
8B503
100
AcDbXrecord
280
     1
 90
        1
340
10D
  0
DICTIONARY
  5
8B509
102
{ACAD_REACTORS
330
8B508
102
}
330
8B508
100
AcDbDictionary
280
     1
281
     1
  3
TEXT
360
8B50A
  0
XRECORD
  5
8D787
102
{ACAD_REACTORS
330
8B50E
102
}
330
8B50E
100
AcDbXrecord
280
     1
102
VISUALSTYLE
340
F5
102
GRIDDISPLAY
 70
     3
102
GRIDMAJOR
 70
     5
102
DEFAULTLIGHTING
280
     1
102
DEFAULTLIGHTINGTYPE
 70
     1
102
BRIGHTNESS
141
0.0
102
CONTRAST
142
0.0
  0
XRECORD
  5
8B50F
102
{ACAD_REACTORS
330
8B50E
102
}
330
8B50E
100
AcDbXrecord
280
     1
 90
        1
340
10D
  0
ACDBASSOCNETWORK
  5
2C995
102
{ACAD_REACTORS
330
2C994
102
}
330
2C994
100
AcDbAssocAction
 90
        1
 90
        0
330
0
360
0
 90
        0
 90
        0
 90
        0
100
AcDbAssocNetwork
 90
        0
 90
     1559
 90
        0
 90
        0
  0
ACDBDETAILVIEWSTYLE
  5
2A64
102
{ACAD_XDICTIONARY
360
8C520
102
}
102
{ACAD_REACTORS
330
21B
102
}
330
21B
100
AcDbModelDocViewStyle
 70
     0
  3
Imperial24
290
     0
100
AcDbDetailViewStyle
 70
     0
 71
     0
 90
        7
 71
     1
340
11
 40
0.24
340
0
 40
0.24
300

 40
0.36
280
     3
 71
     2
340
16
 90
       25
 71
     3
340
11
 40
0.24
 90
        1
 40
0.75
 90
        1
300
%<\AcVar ViewType \f "%tc1">% %<\AcVar ViewDetailId>%\PМАСШТАБ %<\AcVar ViewScale \f "%sn">%
 71
     4
340
16
 90
       25
340
16
 90
       25
280
     0
1001
DetailViewStyle
1005
16
1070
    25
1004
1800000002000000000000C0000000000000000000000000
1040
15.0
1040
10.0
1070
     0
1070
     1
1070
     0
1070
     1
1070
     0
  0
ACDBDETAILVIEWSTYLE
  5
21C
102
{ACAD_XDICTIONARY
360
8C51C
102
}
102
{ACAD_REACTORS
330
21B
102
}
330
21B
100
AcDbModelDocViewStyle
 70
     0
  3
Metric50
290
     0
100
AcDbDetailViewStyle
 70
     0
 71
     0
 90
        7
 71
     1
340
11
 40
5.0
340
0
 40
5.0
300

 40
0.0
280
     1
 71
     2
340
16
 90
       25
 71
     3
340
11
 40
5.0
 90
        0
 40
15.0
 90
        1
300
%<\AcVar ViewDetailId>% (%<\AcVar ViewScale \f "%sn">%)
 71
     4
340
16
 90
       25
340
16
 90
       25
280
     0
  0
IMAGEDEF
  5
69267
102
{ACAD_REACTORS
330
8CD7
102
}
330
8CD7
100
AcDbRasterImageDef
 90
        0
  1

 10
1280.0
 20
959.9999999999999
 11
0.00078125
 21
0.00078125
280
     0
281
     0
  0
IMAGEDEF
  5
69A5F
102
{ACAD_REACTORS
330
8CD7
102
}
330
8CD7
100
AcDbRasterImageDef
 90
        0
  1

 10
1200.0
 20
1600.0
 11
0.0008333333333333
 21
0.0008333333333333
280
     0
281
     0
  0
IMAGEDEF
  5
D232
102
{ACAD_REACTORS
330
8CD7
102
}
330
8CD7
100
AcDbRasterImageDef
 90
        0
  1
D:\Dropbox\!FortisGlass\!Коммерческие предложения\2021\03. Март\30. Симферополь, Саша, ограждение лестницы\1617095948193.jpg
 10
1024.0
 20
633.0
 11
0.0009765625
 21
0.0009765625
280
     0
281
     0
  0
IMAGEDEF
  5
1A92C
102
{ACAD_REACTORS
330
8CD7
102
}
330
8CD7
100
AcDbRasterImageDef
 90
        0
  1

 10
1200.0
 20
1600.0
 11
0.0008333333333333
 21
0.0008333333333333
280
     0
281
     0
  0
IMAGEDEF
  5
43865
102
{ACAD_REACTORS
330
8CD7
102
}
330
8CD7
100
AcDbRasterImageDef
 90
        0
  1

 10
1200.0
 20
1600.0
 11
0.0008333333333333
 21
0.0008333333333333
280
     0
281
     0
  0
IMAGEDEF
  5
10694
102
{ACAD_REACTORS
330
8CD7
102
}
330
8CD7
100
AcDbRasterImageDef
 90
        0
  1

 10
1600.0
 20
1086.0
 11
0.000625
 21
0.000625
280
     0
281
     0
  0
IMAGEDEF
  5
D1A1
102
{ACAD_REACTORS
330
8CD7
102
}
330
8CD7
100
AcDbRasterImageDef
 90
        0
  1
D:\Dropbox\!FortisGlass\!Коммерческие предложения\2021\03. Март\24. Симферополь, Александр, ограждение на точках\20210324_105213.jpg
 10
720.0
 20
1600.0
 11
0.0013888888888889
 21
0.0013888888888889
280
     0
281
     0
  0
IMAGEDEF
  5
271E4
102
{ACAD_REACTORS
330
8CD7
102
}
330
8CD7
100
AcDbRasterImageDef
 90
        0
  1

 10
900.0
 20
1600.0
 11
0.0011111111111111
 21
0.0011111111111111
280
     0
281
     0
  0
IMAGEDEF
  5
37C71
102
{ACAD_REACTORS
330
8CD7
102
}
330
8CD7
100
AcDbRasterImageDef
 90
        0
  1

 10
1200.0
 20
1600.0
 11
0.0008333333333333
 21
0.0008333333333333
280
     0
281
     0
  0
IMAGEDEF
  5
1069D
102
{ACAD_REACTORS
330
8CD7
102
}
330
8CD7
100
AcDbRasterImageDef
 90
        0
  1

 10
1600.0
 20
1093.0
 11
0.000625
 21
0.000625
280
     0
281
     0
  0
IMAGEDEF
  5
1069A
102
{ACAD_REACTORS
330
8CD7
102
}
330
8CD7
100
AcDbRasterImageDef
 90
        0
  1

 10
1152.0
 20
1600.0
 11
0.0008680555555556
 21
0.0008680555555556
280
     0
281
     0
  0
IMAGEDEF
  5
43F27
102
{ACAD_REACTORS
330
8CD7
102
}
330
8CD7
100
AcDbRasterImageDef
 90
        0
  1

 10
1200.0
 20
1600.0
 11
0.0008333333333333
 21
0.0008333333333333
280
     0
281
     0
  0
IMAGEDEF
  5
1AB39
102
{ACAD_REACTORS
330
8CD7
102
}
330
8CD7
100
AcDbRasterImageDef
 90
        0
  1
D:\Подработка\Эдуард Екатеринбург\Ограждения Бобровский\489ff186-03f2-4789-9580-3da8d4ec7670.jpg
 10
900.0
 20
1600.0
 11
0.0011111111111111
 21
0.0011111111111111
280
     0
281
     0
  0
IMAGEDEF
  5
69D63
102
{ACAD_REACTORS
330
8CD7
102
}
330
8CD7
100
AcDbRasterImageDef
 90
        0
  1

 10
1200.0
 20
1600.0
 11
0.0008333333333333
 21
0.0008333333333333
280
     0
281
     0
  0
IMAGEDEF
  5
43868
102
{ACAD_REACTORS
330
8CD7
102
}
330
8CD7
100
AcDbRasterImageDef
 90
        0
  1

 10
1200.0
 20
1600.0
 11
0.0008333333333333
 21
0.0008333333333333
280
     0
281
     0
  0
IMAGEDEF
  5
3C715
102
{ACAD_REACTORS
330
8CD7
102
}
330
8CD7
100
AcDbRasterImageDef
 90
        0
  1

 10
767.9999999999999
 20
1024.0
 11
0.0013020833333333
 21
0.0013020833333333
280
     0
281
     0
  0
IMAGEDEF
  5
1AB3C
102
{ACAD_REACTORS
330
8CD7
102
}
330
8CD7
100
AcDbRasterImageDef
 90
        0
  1
D:\Подработка\Эдуард Екатеринбург\Ограждения Бобровский\878e375e-9f8a-4f03-b669-f05057f4c2d1.jpg
 10
900.0
 20
1600.0
 11
0.0011111111111111
 21
0.0011111111111111
280
     0
281
     0
  0
IMAGEDEF
  5
2B08B
102
{ACAD_REACTORS
330
8CD7
102
}
330
8CD7
100
AcDbRasterImageDef
 90
        0
  1

 10
1200.0
 20
1600.0
 11
0.0008333333333333
 21
0.0008333333333333
280
     0
281
     0
  0
IMAGEDEF
  5
10697
102
{ACAD_REACTORS
330
8CD7
102
}
330
8CD7
100
AcDbRasterImageDef
 90
        0
  1

 10
1139.0
 20
1600.0
 11
0.0008779631255487
 21
0.0008779631255487
280
     0
281
     0
  0
IMAGEDEF
  5
43A54
102
{ACAD_REACTORS
330
8CD7
102
}
330
8CD7
100
AcDbRasterImageDef
 90
        0
  1

 10
1200.0
 20
1600.0
 11
0.0008333333333333
 21
0.0008333333333333
280
     0
281
     0
  0
IMAGEDEF
  5
34801
102
{ACAD_REACTORS
330
8CD7
102
}
330
8CD7
100
AcDbRasterImageDef
 90
        0
  1

 10
1200.0
 20
1600.0
 11
0.0008333333333333
 21
0.0008333333333333
280
     0
281
     0
  0
IMAGEDEF
  5
438F6
102
{ACAD_REACTORS
330
8CD7
102
}
330
8CD7
100
AcDbRasterImageDef
 90
        0
  1
D:\Подработка\Эдуард Екатеринбург\Ограждение\Ограждение Э 13.09.2023\9c781e9f-c97b-467e-8647-7de267a70200.jpg
 10
1200.0
 20
1600.0
 11
0.0008333333333333
 21
0.0008333333333333
280
     0
281
     0
  0
IMAGEDEF
  5
3C712
102
{ACAD_REACTORS
330
8CD7
102
}
330
8CD7
100
AcDbRasterImageDef
 90
        0
  1

 10
767.9999999999999
 20
1024.0
 11
0.0013020833333333
 21
0.0013020833333333
280
     0
281
     0
  0
IMAGEDEF
  5
37B7D
102
{ACAD_REACTORS
330
8CD7
102
}
330
8CD7
100
AcDbRasterImageDef
 90
        0
  1
D:\Подработка\Эдуард Екатеринбург\Ограждение 10.11.2022\a7c9d15f-1841-4994-afeb-a756be6b38a4.jpg
 10
1200.0
 20
1600.0
 11
0.0008333333333333
 21
0.0008333333333333
280
     0
281
     0
  0
IMAGEDEF
  5
106BA
102
{ACAD_REACTORS
330
8CD7
102
}
330
8CD7
100
AcDbRasterImageDef
 90
        0
  1

 10
1600.0
 20
1133.0
 11
0.000625
 21
0.000625
280
     0
281
     0
  0
IMAGEDEF
  5
18573
102
{ACAD_REACTORS
330
8CD7
102
}
330
8CD7
100
AcDbRasterImageDef
 90
        0
  1

 10
1149.0
 20
1600.0
 11
0.0008703220191471
 21
0.0008703220191471
280
     0
281
     0
  0
IMAGEDEF
  5
4C238
102
{ACAD_REACTORS
330
8CD7
102
}
330
8CD7
100
AcDbRasterImageDef
 90
        0
  1

 10
1600.0
 20
1200.0
 11
0.000625
 21
0.000625
280
     0
281
     0
  0
IMAGEDEF
  5
1AB3F
102
{ACAD_REACTORS
330
8CD7
102
}
330
8CD7
100
AcDbRasterImageDef
 90
        0
  1
D:\Подработка\Эдуард Екатеринбург\Ограждения Бобровский\b49dcc4d-222b-47dd-ac67-5b5e272933fe.jpg
 10
900.0
 20
1600.0
 11
0.0011111111111111
 21
0.0011111111111111
280
     0
281
     0
  0
IMAGEDEF
  5
4C313
102
{ACAD_REACTORS
330
8CD7
102
}
330
8CD7
100
AcDbRasterImageDef
 90
        0
  1

 10
1600.0
 20
1200.0
 11
0.000625
 21
0.000625
280
     0
281
     0
  0
IMAGEDEF
  5
69870
102
{ACAD_REACTORS
330
8CD7
102
}
330
8CD7
100
AcDbRasterImageDef
 90
        0
  1

 10
1280.0
 20
959.9999999999999
 11
0.2645833333333333
 21
0.2645833333333333
280
     0
281
     5
  0
IMAGEDEF
  5
556EF
102
{ACAD_REACTORS
330
8CD7
102
}
330
8CD7
100
AcDbRasterImageDef
 90
        0
  1

 10
1200.0
 20
1600.0
 11
0.2645833333333333
 21
0.2645833333333333
280
     0
281
     5
  0
IMAGEDEF
  5
18570
102
{ACAD_REACTORS
330
8CD7
102
}
330
8CD7
100
AcDbRasterImageDef
 90
        0
  1

 10
1195.0
 20
1600.0
 11
0.000836820083682
 21
0.000836820083682
280
     0
281
     0
  0
IMAGEDEF
  5
1358C
102
{ACAD_REACTORS
330
8CD7
102
}
330
8CD7
100
AcDbRasterImageDef
 90
        0
  1

 10
1600.0
 20
1036.0
 11
0.000625
 21
0.000625
280
     0
281
     0
  0
IMAGEDEF
  5
2ECAD
102
{ACAD_REACTORS
330
8CD7
102
}
330
8CD7
100
AcDbRasterImageDef
 90
        0
  1

 10
1024.0
 20
767.9999999999999
 11
0.2645833333333333
 21
0.2645833333333333
280
     0
281
     5
  0
IMAGEDEF
  5
699CF
102
{ACAD_REACTORS
330
8CD7
102
}
330
8CD7
100
AcDbRasterImageDef
 90
        0
  1
D:\Подработка\Екатеринбург (Антон, Андрей, Никита, Илья)\Ограждения\Андрей Ограждение 24.01.2024\efe60713-ce35-49ea-935b-78b299373f5e.jpg
 10
1200.0
 20
1600.0
 11
0.0008333333333333
 21
0.0008333333333333
280
     0
281
     0
  0
IMAGEDEF
  5
8CD8
102
{ACAD_REACTORS
330
8CD7
102
}
330
8CD7
100
AcDbRasterImageDef
 90
        0
  1
D:\Dropbox\!FortisGlass\!Заказы\В работе\2020\006 - Симферополь, Алексей, Уральская, ограждение лестницы\IMG_20200313_160614.jpg
 10
4000.0
 20
3000.0
 11
0.00025
 21
0.00025
280
     0
281
     0
  0
LAYOUT
  5
22
102
{ACAD_XDICTIONARY
360
205
102
}
102
{ACAD_REACTORS
330
1A
102
}
330
1A
100
AcDbPlotSettings
  1

  2
DWG To PDF.pc3
  4
ISO_full_bleed_A3_(420.00_x_297.00_MM)
  6

 40
0.0
 41
0.0
 42
0.0
 43
0.0
 44
420.0
 45
297.0
 46
0.0
 47
0.0151515151510466
 48
621113.0080869759
 49
220229.9147362541
140
626722.9650367288
141
224196.5509633522
142
1.0
143
13.35704035655445
 70
 11924
 72
     1
 73
     0
 74
     4
  7

 75
     0
147
0.0748668846769852
148
-621113.0080869759
149
-220229.9147362541
100
AcDbLayout
  1
Model
 70
     1
 71
     0
 10
0.0
 20
0.0
 11
12.0
 21
9.0
 12
0.0
 22
0.0
 32
0.0
 14
0.0
 24
0.0
 34
0.0
 15
0.0
 25
0.0
 35
0.0
146
0.0
 13
0.0
 23
0.0
 33
0.0
 16
1.0
 26
0.0
 36
0.0
 17
0.0
 27
1.0
 37
0.0
 76
     0
330
1F
331
EA
1001
PLOTTRANSPARENCY
1071
        1
1001
ACAD_PSEXT
1000
DWG To PDF.pc3
1000
DWG To PDF
1000
Файл
1000

1070
     0
  0
LAYOUT
  5
D3
102
{ACAD_XDICTIONARY
360
7F71
102
}
102
{ACAD_REACTORS
330
1A
102
}
330
1A
100
AcDbPlotSettings
  1

  2
DWG To PDF.pc3
  4
ISO_full_bleed_A2_(594.00_x_420.00_MM)
  6

 40
0.0
 41
0.0
 42
0.0
 43
0.0
 44
594.0
 45
420.0
 46
0.0304315290645718
 47
0.0
 48
3126.935077351385
 49
309.7191674628805
140
3373.575900664468
141
484.1295394159126
142
1.0
143
0.4152627903643623
 70
   660
 72
     1
 73
     0
 74
     4
  7

 75
     0
147
2.408113664897773
148
-3126.935077351385
149
-309.7191674628805
100
AcDbLayout
  1
МС1
 70
     1
 71
     1
 10
3126.922440269711
 20
309.7191674628805
 11
3373.588537746142
 21
484.1295394159126
 12
0.0
 22
0.0
 32
0.0
 14
3108.797364241533
 24
304.492399787057
 34
0.0
 15
3377.425202326283
 25
484.1295394159126
 35
0.0
146
0.0
 13
0.0
 23
0.0
 33
0.0
 16
1.0
 26
0.0
 36
0.0
 17
0.0
 27
1.0
 37
0.0
 76
     0
330
D2
331
5B22
1001
PLOTTRANSPARENCY
1071
        1
1001
ACAD_PSEXT
1000
DWG To PDF.pc3
1000
DWG To PDF
1000
Файл
1000

1070
     0
  0
LAYOUT
  5
788F5
102
{ACAD_XDICTIONARY
360
788F6
102
}
102
{ACAD_REACTORS
330
1A
102
}
330
1A
100
AcDbPlotSettings
  1

  2
DWG To PDF.pc3
  4
ISO_full_bleed_A2_(594.00_x_420.00_MM)
  6

 40
0.0
 41
0.0
 42
0.0
 43
0.0
 44
594.0
 45
420.0
 46
0.0304315290645718
 47
0.0
 48
3747.983232507194
 49
299.9904763336189
140
3994.624055820275
141
474.400848286651
142
1.0
143
0.4152627903643623
 70
   660
 72
     1
 73
     0
 74
     4
  7

 75
     0
147
2.408113664897773
148
-3747.983232507194
149
-299.9904763336189
100
AcDbLayout
  1
С1
 70
     1
 71
     2
 10
3747.970595425519
 20
299.9904763336189
 11
3994.636692901951
 21
474.400848286651
 12
0.0
 22
0.0
 32
0.0
 14
3409.126235269201
 24
282.5371502028181
 34
0.0
 15
3998.473357482091
 25
486.4105173446878
 35
0.0
146
0.0
 13
0.0
 23
0.0
 33
0.0
 16
1.0
 26
0.0
 36
0.0
 17
0.0
 27
1.0
 37
0.0
 76
     0
330
78886
331
7888A
1001
PLOTTRANSPARENCY
1071
        1
1001
ACAD_PSEXT
1000
DWG To PDF.pc3
1000
DWG To PDF
1000
Файл
1000

1070
     0
  0
LAYOUT
  5
8B4B8
102
{ACAD_XDICTIONARY
360
8B4B9
102
}
102
{ACAD_REACTORS
330
1A
102
}
330
1A
100
AcDbPlotSettings
  1

  2
DWG To PDF.pc3
  4
ISO_full_bleed_A2_(594.00_x_420.00_MM)
  6

 40
0.0
 41
0.0
 42
0.0
 43
0.0
 44
594.0
 45
420.0
 46
0.0304315290645718
 47
0.0
 48
3747.983232507194
 49
299.9904763336189
140
3994.624055820275
141
474.400848286651
142
1.0
143
0.4152627903643623
 70
   660
 72
     1
 73
     0
 74
     4
  7

 75
     0
147
2.408113664897773
148
-3747.983232507194
149
-299.9904763336189
100
AcDbLayout
  1
С2
 70
     1
 71
     3
 10
3747.970595425519
 20
299.9904763336189
 11
3994.636692901951
 21
474.400848286651
 12
0.0
 22
0.0
 32
0.0
 14
3729.845519397341
 24
270.8708348968174
 34
0.0
 15
3998.473357482091
 25
474.400848286651
 35
0.0
146
0.0
 13
0.0
 23
0.0
 33
0.0
 16
1.0
 26
0.0
 36
0.0
 17
0.0
 27
1.0
 37
0.0
 76
     0
330
8B49C
331
8B4A0
1001
PLOTTRANSPARENCY
1071
        1
1001
ACAD_PSEXT
1000
DWG To PDF.pc3
1000
DWG To PDF
1000
Файл
1000

1070
     0
  0
LAYOUT
  5
8B514
102
{ACAD_XDICTIONARY
360
8B515
102
}
102
{ACAD_REACTORS
330
1A
102
}
330
1A
100
AcDbPlotSettings
  1

  2
DWG To PDF.pc3
  4
ISO_full_bleed_A2_(594.00_x_420.00_MM)
  6

 40
0.0
 41
0.0
 42
0.0
 43
0.0
 44
594.0
 45
420.0
 46
0.0304315290645718
 47
0.0
 48
3747.983232507194
 49
299.9904763336189
140
3994.624055820275
141
474.400848286651
142
1.0
143
0.4152627903643623
 70
   660
 72
     1
 73
     0
 74
     4
  7

 75
     0
147
2.408113664897773
148
-3747.983232507194
149
-299.9904763336189
100
AcDbLayout
  1
С3
 70
     1
 71
     4
 10
3747.970595425519
 20
299.9904763336189
 11
3994.636692901951
 21
474.400848286651
 12
0.0
 22
0.0
 32
0.0
 14
3729.845519397341
 24
277.3399535575188
 34
0.0
 15
4022.159210556088
 25
474.400848286651
 35
0.0
146
0.0
 13
0.0
 23
0.0
 33
0.0
 16
1.0
 26
0.0
 36
0.0
 17
0.0
 27
1.0
 37
0.0
 76
     0
330
8B4FB
331
8B4FF
1001
PLOTTRANSPARENCY
1071
        1
1001
ACAD_PSEXT
1000
DWG To PDF.pc3
1000
DWG To PDF
1000
Файл
1000

1070
     0
  0
MATERIAL
  5
ED
102
{ACAD_XDICTIONARY
360
1F9
102
}
102
{ACAD_REACTORS
330
6A
102
}
330
6A
100
AcDbMaterial
  1
ByBlock
 73
     2
 78
     2
172
     2
176
     2
270
     2
274
     2
  0
MATERIAL
  5
EC
102
{ACAD_XDICTIONARY
360
1F7
102
}
102
{ACAD_REACTORS
330
6A
102
}
330
6A
100
AcDbMaterial
  1
ByLayer
 73
     2
 78
     2
172
     2
176
     2
270
     2
274
     2
  0
MATERIAL
  5
EE
102
{ACAD_XDICTIONARY
360
173
102
}
102
{ACAD_REACTORS
330
6A
102
}
330
6A
100
AcDbMaterial
  1
Global
 73
     2
 43
0.0007999999797903
 43
0.0
 43
0.0
 43
0.0
 43
0.0
 43
0.0007999999797903
 43
0.0
 43
0.0
 43
0.0
 43
0.0
 43
1.0
 43
0.0
 43
0.0
 43
0.0
 43
0.0
 43
1.0
 78
     2
172
     2
 49
0.0007999999797903
 49
0.0
 49
0.0
 49
0.0
 49
0.0
 49
0.0007999999797903
 49
0.0
 49
0.0
 49
0.0
 49
0.0
 49
1.0
 49
0.0
 49
0.0
 49
0.0
 49
0.0
 49
1.0
176
     2
142
0.0007999999797903
142
0.0
142
0.0
142
0.0
142
0.0
142
0.0007999999797903
142
0.0
142
0.0
142
0.0
142
0.0
142
1.0
142
0.0
142
0.0
142
0.0
142
0.0
142
1.0
270
     2
144
0.0007999999797903
144
0.0
144
0.0
144
0.0
144
0.0
144
0.0007999999797903
144
0.0
144
0.0
144
0.0
144
0.0
144
1.0
144
0.0
144
0.0
144
0.0
144
0.0
144
1.0
274
     2
1001
ACAD
1070
    -1
1070
     3
1070
     0
1000

1071
        0
1070
     0
  0
MLEADERSTYLE
  5
12E
102
{ACAD_XDICTIONARY
360
8D485
102
}
102
{ACAD_REACTORS
330
12D
102
}
330
12D
100
AcDbMLeaderStyle
170
     2
171
     1
172
     0
 90
        2
 40
0.0
 41
0.0
173
     1
 91
-1056964608
340
14
 92
       -2
290
     1
 42
2.0
291
     1
 43
8.0
  3
Standard
 44
4.0
300

342
11
174
     1
178
     1
175
     1
176
     0
 93
-1056964608
 45
4.0
292
     0
297
     0
 46
4.0
 94
-1056964608
 47
1.0
 49
1.0
140
1.0
293
     1
141
0.0
294
     1
177
     0
142
1.0
295
     0
296
     0
143
3.75
1001
ACAD_MLEADERVER
1070
     2
  0
MLINESTYLE
  5
18
102
{ACAD_REACTORS
330
17
102
}
330
17
100
AcDbMlineStyle
  2
STANDARD
 70
     0
  3

 62
   256
 51
90.0
 52
90.0
 71
     2
 49
0.5
 62
   256
  6
BYLAYER
 49
-0.5
 62
   256
  6
BYLAYER
  0
ACDBPLACEHOLDER
  5
F
102
{ACAD_REACTORS
330
E
102
}
330
E
  0
ACAD_PROXY_OBJECT
  5
AFC3
102
{ACAD_REACTORS
330
AFBD
102
}
330
AFBD
100
AcDbProxyObject
 90
      499
 91
      524
 95
  8192031
 70
     0
 93
      968
310
40AD0540D01404D002000040902000000000000021000000000000000840A1862005A009E084000820874087C0880087C0882088408980923E240870086E0886086008760870086E0860088C0870089E0840006408400084086A088E086A087A0870086A0840006200640040008E08600882087C0864098C05
  0
ACAD_PROXY_OBJECT
  5
AFC2
102
{ACAD_REACTORS
330
AFBD
102
}
330
AFBD
100
AcDbProxyObject
 90
      499
 91
      524
 95
  8192031
 70
     0
 93
      944
310
40AD0440D014053C40902000000000000021000000000000000840A1864005A009E084000820874087C0880087C0882088408980923E240870086E0886086008760870086E0860088C0870089E0840006408400084086A088E086A087A0870086A0840006C0060004000780870087A08860884098C05
  0
ACAD_PROXY_OBJECT
  5
AFC1
102
{ACAD_REACTORS
330
AFBD
102
}
330
AFBD
100
AcDbProxyObject
 90
      499
 91
      524
 95
  8192031
 70
     0
 93
      944
310
40AD0340D014050A40502000000000000021000000000000000840A1866005A009E084000820874087C0880087C0882088408980923E240870086E0886086008760870086E0860088C0870089E0840006408400084086A088E086A087A0870086A084000620060004000780870087A08860884098C05
  0
ACAD_PROXY_OBJECT
  5
AFC0
102
{ACAD_REACTORS
330
AFBD
102
}
330
AFBD
100
AcDbProxyObject
 90
      499
 91
      524
 95
  8192031
 70
     0
 93
      920
310
40AD0240E4290140902000000000000021000000000000000840A0E2408960882087C0874087C086A092463E088008700878086A087A089E086A08840882089E084000620060004000860880087C0864087A086A0872084000640870086E0886086008760870086E0860088C08700870096C05
  0
ACAD_PROXY_OBJECT
  5
AFBE
102
{ACAD_REACTORS
330
AFBD
102
}
330
AFBD
100
AcDbProxyObject
 90
      499
 91
      524
 95
  8192031
 70
     0
 93
      872
310
40AE40E40501902000000000000021000000000000000840A0C3A0870086E0874087C086A092443E088008700878086A087A089E086A08840882089E08400062004000860880087C0864086A087A0898084000640870086E0886086008760870086E0860088C08700870092C05
  0
ACAD_PROXY_OBJECT
  5
AFBF
102
{ACAD_REACTORS
330
AFBD
102
}
330
AFBD
100
AcDbProxyObject
 90
      499
 91
      524
 95
  8192031
 70
     0
 93
      904
310
40AD0140E4150140502000000000000021000000000000000840A0E420880086A0868087A086A086A092443E088008700878086A087A089E086A08840882089E0840006A004000860880087C0864087A086A0872084000640870086E0886086008760870086E0860088C08700870094C05
  0
SCALE
  5
2C90F
102
{ACAD_REACTORS
330
10C
102
}
330
10C
100
AcDbScale
 70
     0
300
1:500
140
1.0
141
500.0
290
     0
  0
SCALE
  5
10D
102
{ACAD_REACTORS
330
10C
102
}
330
10C
100
AcDbScale
 70
     0
300
1:1
140
1.0
141
1.0
290
     1
  0
SCALE
  5
1BE
102
{ACAD_REACTORS
330
10C
102
}
330
10C
100
AcDbScale
 70
     0
300
1:2
140
1.0
141
2.0
290
     0
  0
SCALE
  5
1BF
102
{ACAD_REACTORS
330
10C
102
}
330
10C
100
AcDbScale
 70
     0
300
1:4
140
1.0
141
4.0
290
     0
  0
SCALE
  5
1C0
102
{ACAD_REACTORS
330
10C
102
}
330
10C
100
AcDbScale
 70
     0
300
1:5
140
1.0
141
5.0
290
     0
  0
SCALE
  5
1C1
102
{ACAD_REACTORS
330
10C
102
}
330
10C
100
AcDbScale
 70
     0
300
1:8
140
1.0
141
8.0
290
     0
  0
SCALE
  5
1C2
102
{ACAD_REACTORS
330
10C
102
}
330
10C
100
AcDbScale
 70
     0
300
1:10
140
1.0
141
10.0
290
     0
  0
SCALE
  5
1C3
102
{ACAD_REACTORS
330
10C
102
}
330
10C
100
AcDbScale
 70
     0
300
1:16
140
1.0
141
16.0
290
     0
  0
SCALE
  5
1C4
102
{ACAD_REACTORS
330
10C
102
}
330
10C
100
AcDbScale
 70
     0
300
1:20
140
1.0
141
20.0
290
     0
  0
SCALE
  5
1C5
102
{ACAD_REACTORS
330
10C
102
}
330
10C
100
AcDbScale
 70
     0
300
1:30
140
1.0
141
30.0
290
     0
  0
SCALE
  5
1C6
102
{ACAD_REACTORS
330
10C
102
}
330
10C
100
AcDbScale
 70
     0
300
1:40
140
1.0
141
40.0
290
     0
  0
SCALE
  5
1C7
102
{ACAD_REACTORS
330
10C
102
}
330
10C
100
AcDbScale
 70
     0
300
1:50
140
1.0
141
50.0
290
     0
  0
SCALE
  5
1C8
102
{ACAD_REACTORS
330
10C
102
}
330
10C
100
AcDbScale
 70
     0
300
1:100
140
1.0
141
100.0
290
     0
  0
SCALE
  5
1C9
102
{ACAD_REACTORS
330
10C
102
}
330
10C
100
AcDbScale
 70
     0
300
2:1
140
2.0
141
1.0
290
     0
  0
SCALE
  5
1CA
102
{ACAD_REACTORS
330
10C
102
}
330
10C
100
AcDbScale
 70
     0
300
4:1
140
4.0
141
1.0
290
     0
  0
SCALE
  5
1CB
102
{ACAD_REACTORS
330
10C
102
}
330
10C
100
AcDbScale
 70
     0
300
8:1
140
8.0
141
1.0
290
     0
  0
SCALE
  5
1CC
102
{ACAD_REACTORS
330
10C
102
}
330
10C
100
AcDbScale
 70
     0
300
10:1
140
10.0
141
1.0
290
     0
  0
SCALE
  5
1CD
102
{ACAD_REACTORS
330
10C
102
}
330
10C
100
AcDbScale
 70
     0
300
100:1
140
100.0
141
1.0
290
     0
  0
ACDBSECTIONVIEWSTYLE
  5
2A63
102
{ACAD_XDICTIONARY
360
8C51E
102
}
102
{ACAD_REACTORS
330
219
102
}
330
219
100
AcDbModelDocViewStyle
 70
     0
  3
Imperial24
290
     0
100
AcDbSectionViewStyle
 70
     0
 71
     0
 90
      206
 71
     1
340
11
 40
0.24
340
0
340
0
 40
0.24
300
I, O, Q, S, X, Z
 40
0.48
 90
        3
 40
0.18
 90
        1
 71
     2
340
16
 90
       25
340
16
 90
       50
 40
0.24
 40
0.0
 40
0.24
 71
     3
340
11
 40
0.24
 90
        1
 40
0.75
 90
        1
300
%<\AcVar ViewType \f "%tc1">% %<\AcVar ViewSectionStartId>%-%<\AcVar ViewSectionEndId>%\PМАСШТАБ %<\AcVar ViewScale \f "%sn">%
 71
     4
300
ANSI31
 40
1.0
 90
        0
290
     0
290
     0
 90
        6
 40
0.0
 40
1.570796326794896
 40
0.2617993877991494
 40
1.308996938995747
 40
-0.2617993877991494
 40
1.832595714594046
1001
SectionViewStyle
1005
16
1070
    25
1070
     0
1070
     1
1070
     0
1070
     1
1070
     0
1040
0.0
1005
16
1070
    25
1070
     1
  0
ACDBSECTIONVIEWSTYLE
  5
21A
102
{ACAD_XDICTIONARY
360
8C51A
102
}
102
{ACAD_REACTORS
330
219
102
}
330
219
100
AcDbModelDocViewStyle
 70
     0
  3
Metric50
290
     0
100
AcDbSectionViewStyle
 70
     0
 71
     0
 90
      230
 71
     1
340
11
 40
5.0
340
0
340
0
 40
5.0
300
I, O, Q, S, X, Z
 40
10.0
 90
        0
 40
2.5
 90
        0
 71
     2
340
16
 90
       25
340
16
 90
       50
 40
5.0
 40
2.5
 40
5.0
 71
     3
340
11
 40
5.0
 90
        0
 40
15.0
 90
        1
300
%<\AcVar ViewSectionStartId>%-%<\AcVar ViewSectionEndId>% (%<\AcVar ViewScale \f "%sn">%)
 71
     4
300
ANSI31
 40
1.0
 90
        0
290
     0
290
     0
 90
        6
 40
0.0
 40
1.570796326794896
 40
0.2617993877991494
 40
1.308996938995747
 40
-0.2617993877991494
 40
1.832595714594046
  0
TABLESTYLE
  5
7F
102
{ACAD_XDICTIONARY
360
162
102
}
102
{ACAD_REACTORS
330
7E
102
}
330
7E
100
AcDbTableStyle
  3
Standard
 70
     0
 71
     0
 40
1.5
 41
1.5
280
     0
281
     0
  7
Standard
140
4.5
170
     2
 62
     0
 63
     7
283
     0
274
    -2
284
     1
 64
     0
275
    -2
285
     1
 65
     0
276
    -2
286
     1
 66
     0
277
    -2
287
     1
 67
     0
278
    -2
288
     1
 68
     0
279
    -2
289
     1
 69
     0
  7
Standard
140
6.0
170
     5
 62
     0
 63
     7
283
     0
274
    -2
284
     1
 64
     0
275
    -2
285
     1
 65
     0
276
    -2
286
     1
 66
     0
277
    -2
287
     1
 67
     0
278
    -2
288
     1
 68
     0
279
    -2
289
     1
 69
     0
  7
Standard
140
4.5
170
     5
 62
     0
 63
     7
283
     0
274
    -2
284
     1
 64
     0
275
    -2
285
     1
 65
     0
276
    -2
286
     1
 66
     0
277
    -2
287
     1
 67
     0
278
    -2
288
     1
 68
     0
279
    -2
289
     1
 69
     0
  0
VISUALSTYLE
  5
F5
102
{ACAD_XDICTIONARY
360
8D48A
102
}
102
{ACAD_REACTORS
330
EF
102
}
330
EF
100
AcDbVisualStyle
  2
2dWireframe
 70
     4
 71
     0
 72
     2
 73
     1
 90
        0
 40
0.6
 41
30.0
 62
     5
 63
     7
 74
     1
 91
        4
 64
     7
 65
   257
 75
     1
175
     1
 42
1.0
 92
        0
 66
   257
 43
1.0
 76
     1
 77
     6
 78
     2
 67
     7
 79
     5
170
     0
171
     0
290
     0
174
-28288
 93
        1
 44
0.0
173
     0
291
     0
 45
0.0
1001
ACAD
1000
AcDbSavedByObjectVersion
1070
     0
  0
VISUALSTYLE
  5
2A61
102
{ACAD_XDICTIONARY
360
8D48C
102
}
102
{ACAD_REACTORS
330
EF
102
}
330
EF
100
AcDbVisualStyle
  2
3D Hidden
 70
     6
 71
     1
 72
     2
 73
     2
 90
        0
 40
0.6
 41
30.0
 62
     5
 63
     7
 74
     2
 91
        2
 64
     7
 65
   257
 75
     2
175
     1
 42
40.0
 92
        0
 66
   257
 43
1.0
 76
     1
 77
     6
 78
     2
 67
     7
 79
     3
170
     0
171
     0
290
     0
174
-22016
 93
        1
 44
0.0
173
     0
291
     0
 45
0.0
1001
ACAD
1000
AcDbSavedByObjectVersion
1070
     0
  0
VISUALSTYLE
  5
2A62
102
{ACAD_XDICTIONARY
360
8D48E
102
}
102
{ACAD_REACTORS
330
EF
102
}
330
EF
100
AcDbVisualStyle
  2
3dWireframe
 70
     5
 71
     0
 72
     2
 73
     0
 90
        0
 40
0.6
 41
30.0
 62
     5
 63
     7
 74
     1
 91
        4
 64
     7
 65
   257
 75
     1
175
     1
 42
1.0
 92
        0
 66
   257
 43
1.0
 76
     1
 77
     6
 78
     2
 67
     7
 79
     5
170
     0
171
     0
290
     0
174
-21824
 93
        1
 44
0.0
173
     0
291
     0
 45
0.0
1001
ACAD
1000
AcDbSavedByObjectVersion
1070
     0
  0
VISUALSTYLE
  5
F4
102
{ACAD_XDICTIONARY
360
8D490
102
}
102
{ACAD_REACTORS
330
EF
102
}
330
EF
100
AcDbVisualStyle
  2
Basic
 70
     7
 71
     1
 72
     0
 73
     1
 90
        0
 40
0.6
 41
30.0
 62
     5
 63
     7
 74
     0
 91
        4
 64
     7
 65
   257
 75
     1
175
     1
 42
1.0
 92
        8
 66
     7
 43
1.0
 76
     1
 77
     6
 78
     2
 67
     7
 79
     5
170
     0
171
     0
290
     0
174
-28288
 93
        1
 44
0.0
173
     0
291
     1
 45
0.0
1001
ACAD
1000
AcDbSavedByObjectVersion
1070
     0
  0
VISUALSTYLE
  5
FB
102
{ACAD_XDICTIONARY
360
8D492
102
}
102
{ACAD_REACTORS
330
EF
102
}
330
EF
100
AcDbVisualStyle
  2
Brighten
 70
    12
 71
     2
 72
     2
 73
     1
 90
        0
 40
0.6
 41
30.0
 62
     5
 63
     7
 74
     1
 91
        4
 64
     7
 65
   257
 75
     1
175
     1
 42
1.0
 92
        8
 66
     7
 43
1.0
 76
     1
 77
     6
 78
     2
 67
     7
 79
     5
170
     0
171
     0
290
     0
174
-28288
 93
        1
 44
50.0
173
     0
291
     1
 45
0.0
1001
ACAD
1000
AcDbSavedByObjectVersion
1070
     0
  0
VISUALSTYLE
  5
FF
102
{ACAD_XDICTIONARY
360
8D494
102
}
102
{ACAD_REACTORS
330
EF
102
}
330
EF
100
AcDbVisualStyle
  2
ColorChange
 70
    16
 71
     2
 72
     2
 73
     3
 90
        0
 40
0.6
 41
30.0
 62
     5
 63
     8
 74
     1
 91
        4
 64
     7
 65
   257
 75
     1
175
     1
 42
1.0
 92
        8
 66
     8
 43
1.0
 76
     1
 77
     6
 78
     2
 67
     7
 79
     5
170
     0
171
     0
290
     0
174
-28288
 93
        1
 44
0.0
173
     0
291
     1
 45
0.0
1001
ACAD
1000
AcDbSavedByObjectVersion
1070
     0
  0
VISUALSTYLE
  5
F8
102
{ACAD_XDICTIONARY
360
8D496
102
}
102
{ACAD_REACTORS
330
EF
102
}
330
EF
100
AcDbVisualStyle
  2
Conceptual
 70
     9
 71
     3
 72
     2
 73
     1
 90
        0
 40
0.6
 41
30.0
 62
     5
 63
     7
 74
     2
 91
        2
 64
     7
 65
   257
 75
     1
175
     1
 42
40.0
 92
        8
 66
     7
 43
1.0
 76
     1
 77
     6
 78
     2
 67
     7
 79
     3
170
     0
171
     0
290
     0
174
-28288
 93
        1
 44
0.0
173
     0
291
     0
 45
0.0
1001
ACAD
1000
AcDbSavedByObjectVersion
1070
     0
  0
VISUALSTYLE
  5
FA
102
{ACAD_XDICTIONARY
360
8D498
102
}
102
{ACAD_REACTORS
330
EF
102
}
330
EF
100
AcDbVisualStyle
  2
Dim
 70
    11
 71
     2
 72
     2
 73
     1
 90
        0
 40
0.6
 41
30.0
 62
     5
 63
     7
 74
     1
 91
        4
 64
     7
 65
   257
 75
     1
175
     1
 42
1.0
 92
        8
 66
     7
 43
1.0
 76
     1
 77
     6
 78
     2
 67
     7
 79
     5
170
     0
171
     0
290
     0
174
-28288
 93
        1
 44
-50.0
173
     0
291
     1
 45
0.0
1001
ACAD
1000
AcDbSavedByObjectVersion
1070
     0
  0
VISUALSTYLE
  5
1E6
102
{ACAD_XDICTIONARY
360
8D49A
102
}
102
{ACAD_REACTORS
330
EF
102
}
330
EF
100
AcDbVisualStyle
  2
EdgeColorOff
 70
    22
 71
     2
 72
     2
 73
     0
 90
        0
 40
0.6
 41
30.0
 62
     5
 63
     7
 74
     1
 91
        4
 64
     7
 65
   257
 75
     1
175
     1
 42
1.0
 92
        8
 66
     7
 43
1.0
 76
     1
 77
     6
 78
     2
 67
     7
 79
     5
170
     0
171
     0
290
     0
174
-24064
 93
        1
 44
0.0
173
     0
291
     1
 45
0.0
1001
ACAD
1000
AcDbSavedByObjectVersion
1070
     0
  0
VISUALSTYLE
  5
FE
102
{ACAD_XDICTIONARY
360
8D49C
102
}
102
{ACAD_REACTORS
330
EF
102
}
330
EF
100
AcDbVisualStyle
  2
Facepattern
 70
    15
 71
     2
 72
     2
 73
     1
 90
        0
 40
0.6
 41
30.0
 62
     5
 63
     7
 74
     1
 91
        4
 64
     7
 65
   257
 75
     1
175
     1
 42
1.0
 92
        8
 66
     7
 43
1.0
 76
     1
 77
     6
 78
     2
 67
     7
 79
     5
170
     0
171
     0
290
     0
174
-28288
 93
        1
 44
0.0
173
     0
291
     1
 45
0.0
1001
ACAD
1000
AcDbSavedByObjectVersion
1070
     0
  0
VISUALSTYLE
  5
F0
102
{ACAD_XDICTIONARY
360
8D49E
102
}
102
{ACAD_REACTORS
330
EF
102
}
330
EF
100
AcDbVisualStyle
  2
Flat
 70
     0
 71
     2
 72
     1
 73
     1
 90
        2
 40
0.6
 41
30.0
 62
     5
 63
     7
 74
     0
 91
        0
 64
     7
 65
   257
 75
     1
175
     1
 42
1.0
 92
        8
 66
     7
 43
1.0
 76
     1
 77
     6
 78
     2
 67
     7
 79
     5
170
     0
171
     0
290
     0
174
-28288
 93
       13
 44
0.0
173
     0
291
     1
 45
0.0
1001
ACAD
1000
AcDbSavedByObjectVersion
1070
     0
  0
VISUALSTYLE
  5
F1
102
{ACAD_XDICTIONARY
360
8D4A0
102
}
102
{ACAD_REACTORS
330
EF
102
}
330
EF
100
AcDbVisualStyle
  2
FlatWithEdges
 70
     1
 71
     2
 72
     1
 73
     1
 90
        2
 40
0.6
 41
30.0
 62
     5
 63
     7
 74
     1
 91
        0
 64
     7
 65
   257
 75
     1
175
     1
 42
1.0
 92
        0
 66
   257
 43
1.0
 76
     1
 77
     6
 78
     2
 67
     7
 79
     5
170
     0
171
     0
290
     0
174
-28288
 93
       13
 44
0.0
173
     0
291
     1
 45
0.0
1001
ACAD
1000
AcDbSavedByObjectVersion
1070
     0
  0
VISUALSTYLE
  5
F2
102
{ACAD_XDICTIONARY
360
8D4A2
102
}
102
{ACAD_REACTORS
330
EF
102
}
330
EF
100
AcDbVisualStyle
  2
Gouraud
 70
     2
 71
     2
 72
     2
 73
     1
 90
        2
 40
0.6
 41
30.0
 62
     5
 63
     7
 74
     0
 91
        0
 64
     7
 65
   257
 75
     1
175
     1
 42
1.0
 92
        0
 66
     7
 43
1.0
 76
     1
 77
     6
 78
     2
 67
     7
 79
     5
170
     0
171
     0
290
     0
174
-28288
 93
       13
 44
0.0
173
     0
291
     1
 45
0.0
1001
ACAD
1000
AcDbSavedByObjectVersion
1070
     0
  0
VISUALSTYLE
  5
F3
102
{ACAD_XDICTIONARY
360
8D4A4
102
}
102
{ACAD_REACTORS
330
EF
102
}
330
EF
100
AcDbVisualStyle
  2
GouraudWithEdges
 70
     3
 71
     2
 72
     2
 73
     1
 90
        2
 40
0.6
 41
30.0
 62
     5
 63
     7
 74
     1
 91
        0
 64
     7
 65
   257
 75
     1
175
     1
 42
1.0
 92
        0
 66
   257
 43
1.0
 76
     1
 77
     6
 78
     2
 67
     7
 79
     5
170
     0
171
     0
290
     0
174
-28288
 93
       13
 44
0.0
173
     0
291
     1
 45
0.0
1001
ACAD
1000
AcDbSavedByObjectVersion
1070
     0
  0
VISUALSTYLE
  5
F7
102
{ACAD_XDICTIONARY
360
8D4A6
102
}
102
{ACAD_REACTORS
330
EF
102
}
330
EF
100
AcDbVisualStyle
  2
Hidden
 70
     6
 71
     1
 72
     2
 73
     2
 90
        0
 40
0.6
 41
30.0
 62
     5
 63
     7
 74
     2
 91
        2
 64
     7
 65
   257
 75
     2
175
     1
 42
40.0
 92
        0
 66
   257
 43
1.0
 76
     1
 77
     6
 78
     2
 67
     7
 79
     3
170
     0
171
     0
290
     0
174
-28288
 93
        1
 44
0.0
173
     0
291
     0
 45
0.0
1001
ACAD
1000
AcDbSavedByObjectVersion
1070
     0
  0
VISUALSTYLE
  5
1E4
102
{ACAD_XDICTIONARY
360
8D4A8
102
}
102
{ACAD_REACTORS
330
EF
102
}
330
EF
100
AcDbVisualStyle
  2
JitterOff
 70
    20
 71
     2
 72
     2
 73
     0
 90
        0
 40
0.6
 41
30.0
 62
     5
 63
     7
 74
     1
 91
        4
 64
     7
 65
   257
 75
     1
175
     1
 42
1.0
 92
       10
 66
     7
 43
1.0
 76
     1
 77
     6
 78
     2
 67
     7
 79
     5
170
     0
171
     0
290
     0
174
-28288
 93
        1
 44
0.0
173
     0
291
     1
 45
0.0
1001
ACAD
1000
AcDbSavedByObjectVersion
1070
     0
  0
VISUALSTYLE
  5
FD
102
{ACAD_XDICTIONARY
360
8D4AA
102
}
102
{ACAD_REACTORS
330
EF
102
}
330
EF
100
AcDbVisualStyle
  2
Linepattern
 70
    14
 71
     2
 72
     2
 73
     1
 90
        0
 40
0.6
 41
30.0
 62
     5
 63
     7
 74
     1
 91
        4
 64
     7
 65
   257
 75
     7
175
     7
 42
1.0
 92
        8
 66
     7
 43
1.0
 76
     1
 77
     6
 78
     2
 67
     7
 79
     5
170
     0
171
     0
290
     0
174
-28288
 93
        1
 44
0.0
173
     0
291
     1
 45
0.0
1001
ACAD
1000
AcDbSavedByObjectVersion
1070
     0
  0
VISUALSTYLE
  5
1E5
102
{ACAD_XDICTIONARY
360
8D4AC
102
}
102
{ACAD_REACTORS
330
EF
102
}
330
EF
100
AcDbVisualStyle
  2
OverhangOff
 70
    21
 71
     2
 72
     2
 73
     0
 90
        0
 40
0.6
 41
30.0
 62
     5
 63
     7
 74
     1
 91
        4
 64
     7
 65
   257
 75
     1
175
     1
 42
1.0
 92
        9
 66
     7
 43
1.0
 76
     1
 77
     6
 78
     2
 67
     7
 79
     5
170
     0
171
     0
290
     0
174
 25600
 93
        1
 44
0.0
173
     0
291
     1
 45
0.0
1001
ACAD
1000
AcDbSavedByObjectVersion
1070
     0
  0
VISUALSTYLE
  5
F9
102
{ACAD_XDICTIONARY
360
8D4AE
102
}
102
{ACAD_REACTORS
330
EF
102
}
330
EF
100
AcDbVisualStyle
  2
Realistic
 70
     8
 71
     2
 72
     2
 73
     0
 90
        2
 40
0.6
 41
30.0
 62
     5
 63
     7
 74
     0
 91
        0
 64
     7
 65
   257
 75
     1
175
     1
 42
1.0
 92
        8
 66
   257
 43
1.0
 76
     1
 77
     6
 78
     2
 67
     7
 79
     3
170
     0
171
     0
290
     0
174
-28288
 93
       13
 44
0.0
173
     0
291
     0
 45
0.0
1001
ACAD
1000
AcDbSavedByObjectVersion
1070
     0
  0
VISUALSTYLE
  5
1F3
102
{ACAD_XDICTIONARY
360
8D4B0
102
}
102
{ACAD_REACTORS
330
EF
102
}
330
EF
100
AcDbVisualStyle
  2
Shaded
 70
    27
 71
     2
 72
     2
 73
     1
 90
        2
 40
0.6
 41
30.0
 62
     5
 63
     7
 74
     0
 91
        4
 64
     7
 65
   257
 75
     1
175
     1
 42
1.0
 92
        8
 66
   257
 43
1.0
 76
     1
 77
     6
 78
     2
 67
     8
 79
     3
170
     0
171
     0
290
     0
174
-22016
 93
        5
 44
0.0
173
     0
291
     0
 45
0.0
1001
ACAD
1000
AcDbSavedByObjectVersion
1070
     0
  0
VISUALSTYLE
  5
1F2
102
{ACAD_XDICTIONARY
360
8D4B2
102
}
102
{ACAD_REACTORS
330
EF
102
}
330
EF
100
AcDbVisualStyle
  2
Shaded with edges
 70
    26
 71
     2
 72
     2
 73
     1
 90
        2
 40
0.6
 41
30.0
 62
     5
 63
     7
 74
     1
 91
        2
 64
     7
 65
   257
 75
     2
175
     1
 42
1.0
 92
        8
 66
   257
 43
1.0
 76
     1
 77
     6
 78
     2
 67
     7
 79
     3
170
     0
171
     0
290
     0
174
     0
 93
        5
 44
0.0
173
     0
291
     0
 45
0.0
1001
ACAD
1000
AcDbSavedByObjectVersion
1070
     0
  0
VISUALSTYLE
  5
1EF
102
{ACAD_XDICTIONARY
360
8D4B4
102
}
102
{ACAD_REACTORS
330
EF
102
}
330
EF
100
AcDbVisualStyle
  2
Shades of Gray
 70
    23
 71
     2
 72
     2
 73
     3
 90
        0
 40
0.6
 41
30.0
 62
     5
 63
     7
 74
     2
 91
        2
 64
     7
 65
     7
 75
     1
175
     1
 42
40.0
 92
        8
 66
     7
 43
1.0
 76
     1
 77
     6
 78
     2
 67
     7
 79
     3
170
     0
171
     0
290
     0
174
     0
 93
        1
 44
0.0
173
     0
291
     0
 45
0.0
1001
ACAD
1000
AcDbSavedByObjectVersion
1070
     0
  0
VISUALSTYLE
  5
1F0
102
{ACAD_XDICTIONARY
360
8D4B6
102
}
102
{ACAD_REACTORS
330
EF
102
}
330
EF
100
AcDbVisualStyle
  2
Sketchy
 70
    24
 71
     1
 72
     2
 73
     2
 90
        0
 40
0.6
 41
30.0
 62
     5
 63
     7
 74
     2
 91
        2
 64
     7
 65
     7
 75
     1
175
     1
 42
40.0
 92
       11
 66
     7
 43
1.0
 76
     1
 77
     6
 78
     2
 67
     7
 79
     6
170
     0
171
     0
290
     0
174
     0
 93
        1
 44
0.0
173
     0
291
     0
 45
0.0
1001
ACAD
1000
AcDbSavedByObjectVersion
1070
     0
  0
VISUALSTYLE
  5
FC
102
{ACAD_XDICTIONARY
360
8D4B8
102
}
102
{ACAD_REACTORS
330
EF
102
}
330
EF
100
AcDbVisualStyle
  2
Thicken
 70
    13
 71
     2
 72
     2
 73
     1
 90
        0
 40
0.6
 41
30.0
 62
     5
 63
     7
 74
     1
 91
        4
 64
     7
 65
   257
 75
     1
175
     1
 42
1.0
 92
       12
 66
     7
 43
1.0
 76
     1
 77
     6
 78
     2
 67
     7
 79
     5
170
     0
171
     0
290
     0
174
-28288
 93
        1
 44
0.0
173
     0
291
     1
 45
0.0
1001
ACAD
1000
AcDbSavedByObjectVersion
1070
     0
  0
VISUALSTYLE
  5
F6
102
{ACAD_XDICTIONARY
360
8D4BA
102
}
102
{ACAD_REACTORS
330
EF
102
}
330
EF
100
AcDbVisualStyle
  2
Wireframe
 70
     5
 71
     0
 72
     2
 73
     0
 90
        0
 40
0.6
 41
30.0
 62
     5
 63
     7
 74
     1
 91
        4
 64
     7
 65
   257
 75
     1
175
     1
 42
1.0
 92
        0
 66
   257
 43
1.0
 76
     1
 77
     6
 78
     2
 67
     7
 79
     3
170
     0
171
     0
290
     0
174
-28288
 93
        1
 44
0.0
173
     0
291
     0
 45
0.0
1001
ACAD
1000
AcDbSavedByObjectVersion
1070
     0
  0
VISUALSTYLE
  5
1F1
102
{ACAD_XDICTIONARY
360
8D4BC
102
}
102
{ACAD_REACTORS
330
EF
102
}
330
EF
100
AcDbVisualStyle
  2
X-Ray
 70
    25
 71
     2
 72
     2
 73
     1
 90
        1
 40
0.5
 41
30.0
 62
     5
 63
     7
 74
     1
 91
        0
 64
     7
 65
   257
 75
     1
175
     1
 42
1.0
 92
        8
 66
     7
 43
1.0
 76
     1
 77
     6
 78
     2
 67
     7
 79
     3
170
     0
171
     0
290
     0
174
     0
 93
       13
 44
0.0
173
     0
291
     0
 45
0.0
1001
ACAD
1000
AcDbSavedByObjectVersion
1070
     0
  0
XRECORD
  5
8D782
102
{ACAD_REACTORS
330
8D781
102
}
330
8D781
100
AcDbXrecord
280
     1
340
6B
  0
XRECORD
  5
8D783
102
{ACAD_REACTORS
330
8D781
102
}
330
8D781
100
AcDbXrecord
280
     1
340
6A
  0
DICTIONARYVAR
  5
8D585
102
{ACAD_REACTORS
330
8D584
102
}
330
8D584
100
DictionaryVariables
280
     0
  1
100.000000
  0
DICTIONARYVAR
  5
8D586
102
{ACAD_REACTORS
330
8D584
102
}
330
8D584
100
DictionaryVariables
280
     0
  1
1
  0
DICTIONARYVAR
  5
8D587
102
{ACAD_REACTORS
330
8D584
102
}
330
8D584
100
DictionaryVariables
280
     0
  1
1:1
  0
DICTIONARYVAR
  5
8D588
102
{ACAD_REACTORS
330
8D584
102
}
330
8D584
100
DictionaryVariables
280
     0
  1
STANDARD
  0
DICTIONARYVAR
  5
8D589
102
{ACAD_REACTORS
330
8D584
102
}
330
8D584
100
DictionaryVariables
280
     0
  1
STANDARD
  0
DICTIONARYVAR
  5
8D58A
102
{ACAD_REACTORS
330
8D584
102
}
330
8D584
100
DictionaryVariables
280
     0
  1
Metric50
  0
DICTIONARYVAR
  5
8D58B
102
{ACAD_REACTORS
330
8D584
102
}
330
8D584
100
DictionaryVariables
280
     0
  1
0
  0
DICTIONARYVAR
  5
8D58C
102
{ACAD_REACTORS
330
8D584
102
}
330
8D584
100
DictionaryVariables
280
     0
  1
2
  0
DICTIONARYVAR
  5
8D58D
102
{ACAD_REACTORS
330
8D584
102
}
330
8D584
100
DictionaryVariables
280
     0
  1
Размеры
  0
DICTIONARYVAR
  5
8D58E
102
{ACAD_REACTORS
330
8D584
102
}
330
8D584
100
DictionaryVariables
280
     0
  1
3
  0
DICTIONARYVAR
  5
8D58F
102
{ACAD_REACTORS
330
8D584
102
}
330
8D584
100
DictionaryVariables
280
     0
  1
1
  0
DICTIONARYVAR
  5
8D590
102
{ACAD_REACTORS
330
8D584
102
}
330
8D584
100
DictionaryVariables
280
     0
  1
31
  0
DICTIONARYVAR
  5
8D591
102
{ACAD_REACTORS
330
8D584
102
}
330
8D584
100
DictionaryVariables
280
     0
  1
1
  0
DICTIONARYVAR
  5
8D592
102
{ACAD_REACTORS
330
8D584
102
}
330
8D584
100
DictionaryVariables
280
     0
  1
RGB:99,100,102
  0
DICTIONARYVAR
  5
8D593
102
{ACAD_REACTORS
330
8D584
102
}
330
8D584
100
DictionaryVariables
280
     0
  1
0
  0
DICTIONARYVAR
  5
8D594
102
{ACAD_REACTORS
330
8D584
102
}
330
8D584
100
DictionaryVariables
280
     0
  1
A-HATCH-WALL
  0
DICTIONARYVAR
  5
8D595
102
{ACAD_REACTORS
330
8D584
102
}
330
8D584
100
DictionaryVariables
280
     0
  1
80
  0
DICTIONARYVAR
  5
8D596
102
{ACAD_REACTORS
330
8D584
102
}
330
8D584
100
DictionaryVariables
280
     0
  1
0
  0
DICTIONARYVAR
  5
8D597
102
{ACAD_REACTORS
330
8D584
102
}
330
8D584
100
DictionaryVariables
280
     0
  1
0
  0
DICTIONARYVAR
  5
8D598
102
{ACAD_REACTORS
330
8D584
102
}
330
8D584
100
DictionaryVariables
280
     0
  1
0
  0
DICTIONARYVAR
  5
8D599
102
{ACAD_REACTORS
330
8D584
102
}
330
8D584
100
DictionaryVariables
280
     0
  1
2
  0
DICTIONARYVAR
  5
8D59A
102
{ACAD_REACTORS
330
8D584
102
}
330
8D584
100
DictionaryVariables
280
     0
  1
1.000000
  0
DICTIONARYVAR
  5
8D59B
102
{ACAD_REACTORS
330
8D584
102
}
330
8D584
100
DictionaryVariables
280
     0
  1
1
  0
DICTIONARYVAR
  5
8D59C
102
{ACAD_REACTORS
330
8D584
102
}
330
8D584
100
DictionaryVariables
280
     0
  1
2
  0
DICTIONARYVAR
  5
8D59D
102
{ACAD_REACTORS
330
8D584
102
}
330
8D584
100
DictionaryVariables
280
     0
  1
1
  0
DICTIONARYVAR
  5
8D780
102
{ACAD_REACTORS
330
8D584
102
}
330
8D584
100
DictionaryVariables
280
     0
  1
80.000000
  0
DICTIONARYVAR
  5
8D77F
102
{ACAD_REACTORS
330
8D584
102
}
330
8D584
100
DictionaryVariables
280
     0
  1
5.000000
  0
DICTIONARYVAR
  5
8D59E
102
{ACAD_REACTORS
330
8D584
102
}
330
8D584
100
DictionaryVariables
280
     0
  1
0
  0
DICTIONARYVAR
  5
8D59F
102
{ACAD_REACTORS
330
8D584
102
}
330
8D584
100
DictionaryVariables
280
     0
  1
127
  0
XRECORD
  5
2ECA7
102
{ACAD_REACTORS
330
2ECA1
102
}
330
2ECA1
100
AcDbXrecord
280
     1
300
MC_VERSION_DATA
 90
      104
310
0600000002000000810000001C000000E304000000000000000000007801936764E5606090E265601085311499999898991904985919181818399964EF32F12AB2C8B388B028B22830B8331431243214306430643238330433C07491A95D0A0050640B1781000000
  0
XRECORD
  5
35132
102
{ACAD_REACTORS
330
2ECA1
102
}
330
2ECA1
100
AcDbXrecord
280
     1
300
McDocData
 90
       56
310
0600000002000100150000001C000000E304000000000000000000007801936764BBB32DF73610D9B36D07D3DFECA5006C2A0A9015000000
  0
XRECORD
  5
2ECA2
102
{ACAD_REACTORS
330
2ECA1
102
}
330
2ECA1
100
AcDbXrecord
280
     1
300
MCS_DOCUMENT_ID
 90
       60
310
0600000002000000150000001C000000E304000000000000000000007801E3DD379DBD456F76805B637183C994875758FE03010063F20B3E15000000
  0
XRECORD
  5
2ECA5
102
{ACAD_REACTORS
330
2ECA1
102
}
330
2ECA1
100
AcDbXrecord
280
     1
300
MCS_PARAMS_DATA
 90
    13159
310
0600000002000000E9DD02001C000000E304000000000000000000007801ED7D09B85DC751E6D5E9233D3D799525D95A2CE9598A65CBB2A5A7CD926D49D67B922D4BF122397182F30D30CCE48B3136C4099971321B62206167F8583F074842563BABC32CDF0081090349ECC45988839D845C2721106008222B04087E53D5F7
310
F639D5B7ABAAFB9E9B779FB9B7F57D969E5FFDBD9CBFABAAABABFBF4995A3E698AC298EDF0DFDE72AB292E32E5DC798529969A62D1F26269B108FE45C4E256AB356716CFC1DFCB8B9BF17713CB8AA385992CB6B68B1553E5DEF2EA727F79A09C6ACD9487CA5DF0D3DE72A69CB5BF3BD4FD69B2986817C5CA72BA9C2C26DB85
310
590F98D9126A1F5643E5901A32A75BC36AA9352CF24C6B58FA605A431BA7D6D2618DD3D5685CD39E71AD472B9A9C2C56B58BC90D6008D796D795B796C7C0280E8209F9167775D7E2C04EA502605D678A72E78E9DD3D54F7BAC6D0DA51D18B261B4632D6B280DA1610DA721B0ABE13434AC3142AB1ACA137DDD80512DF68CEA
310
2C349445D6789EF64D6889956CB226918002B2E228AB8E093054A61418A8420A2CAD6F380C09B57D239308B18DA02C2691C4BFCB240E4EE23733898393F8F799C4C149FC874CE2E024AEC09037CFCE7C14923AB1FC53D6C4C135F11F33898393F82D247189176CBBF4D0015EC76962478240281BA9C54BA608D5189A061131
310
2481216212FA439306523DFF2C93B5264E9604219D13201E59128692256208592226A13F942CA99EA73359B066DD64EC9CE0AC4122AB85B32A6F8697C7354B82909114209E664918AA59228668968849E80FD52CA99EB9AC59E99AB548D62C4119A983972064240588A75912866A9688219A256212FA43354BAA67A54CD60B
310
E366284148E70488479684A164891842968849E80F254BAAC7C86409FC8EB1661599AC749F752192557A41E904E67997162DD90A2308507A1D616D300241138C41C0026390785FD0FE22B52C4392A63C926C327C629BCC910E806EA900CB908E40822208E0278288F603D9D1EBB800C999F0C8D9881A041B7317B58B65EBCB
310
55E546F8EFB2F2FC7253B9BEDC56AE2965D61A9684C76856D2F2DCB0280E40D3A230324D8B367F561CCB86AD3E3921B989CE565175B2C1EA0A84E238FF74AD4A42C083E808EA26844AECBA35520BEEBBC720F1BE103721F565FD2490B4CEB304BB18315B0A61624796CE4563314B5E64FF7CF17AC136A08391BA2C5B314C15
310
D8C87DAACF29689884FE2063B1FE7C05F56A274B99C07215D840EF2408E99C00F1C89230942C1103CAE51E52C424F4879225D5F32924ABF0C8EA2ACFAB1FC03F8F4ACA536B5904081D4DAAD1D297864412139140652232B99F486B5A9D1BD1787D7223E33AC69AB80FE7FCA4936E27D1BBC149B79BF0DC4D7D66AD131B5C50
310
3EBB3C0CC775F6C189B68370D26D2F9C7A9B2CD6B78B732E86DFCCC0819EFD20C7D370B5DCCE2C7664A0E29E6375F3D09833DD6134563BA5A1B456B9B7E1B4E61CE5705A1BEAB855CE7B28CFF6E9701A709E6A19AEE5CC1C1C9EA47198227534C1641A96ADF59117570A2488DD880B62BDED8A53BEF4776C0E3C907B64EFA4
310
EDBFE9FA9F1714C564B1A35D5CB81E7CC954EB50B9073CCE117BDA7616FEBDDE1E1ABC19FE1FCFDD1E2C6F2E6F827F278BCDEDE2FC2928B10B7EF7ECF21A5B72067E469F847F1F80B2D6232D5CE340E382356E3564E15A47055CC0D641BF17B0F5051D77B4CE057BF66211D8BE9F71B07D81086E316CD3B26B511DE0B8946A
310
A8F55C4454BA28239CBEC888683F2ADEA53A8A22732372839B597E88DF5D1B80D6C09F6F5ECF4E9F510C8C5A0C6315280A421D8A83408DE2A0943EA132456B3ABE0F48F30F212DC3397591295B734A8E380E822E464196B7380A894B40017309A8A47E2177F1BAD6E5EC3AF0D44DBE09CA627E685BA061931D0D834856F6E8
310
510C8C630C63D52B0A42ED8A8340B9E2A0943EA16A456B3A1D92E6D4714E632D0E22EA2FD6E499A58CA266A9A088592AA8A47E51B394EBFA6199BCD61C840F3017B04184234F06914E8A208F3C1945C95350843C0595D42F4A9E5CD77F55C843DAA2E48920DA4909E49327A23CF26414254F4625F5CB234FACEB4742F2D830
310
DAFD12738CEE679E59E89C0AB084E908242B8200A22288683F9020BD8E2FFF4010BBAEC289007612CF69178BD79653B07B7879B95AD93FEC0B0F5DEE076F99ECAB0012DB5F01E0B9BF02FD3E038E425F2D7C0507C58FFFC83B51DF92ED3D01059D8FA32CED0930243B050614A7C0D2FA867426D4F65524913D73F8B4A2CCDD
310
2CB708812E462096BB1806898B6280B52826A13FC857AC9EAF21595779DB5CD66F88CB3AE7BE4400744CADA1F6915215769F59AF03B7992388683F2A1F29F6E30ADD475E02672C56D95316B26152F38FE2A1CBFDE0031F196BC012DB570BC8737F05FA7D865E1F197D866DE1A0ACE84E5C67B58B7243B91686E47CC5D2FB40
310
C3C3A4A3ED70F4014757D00F1C86A21F787F7DC761E8A3F643E120D0C32E17C3004CC140AC2EBFBB8503B2018644B6918625E1019B95B403D5B0280E5AD3A230804D8B367F561CD886AD6E0F0799FA8295E505E0FEA69243C4281E1EB29FFA03F7176B20707FF1023DEE2F5EA0DF67E8757FD1160E8683B2B9EBFED6B58BB3
310
A9E5B9BA56A9A70007280D0FDBBCB41DBE018AA3250E521C867690E2833D3B0EFB00AD5F192AC1A55D25C0031D1BCAE5E515609B6B2140D9062E3836A7E2C277A0F240C620E5AD2A0C54012AC36015803A0C56C1A01CA04A0CD483AB42A558D3558AE5ED62C2570A7936EEBB0C3C78BF65EC80F75D0807B9FF4230B0FD176A
310
F24C38807DB7B4431F340C9DD6D9F0090F73A70D5A52999E074C29130C5A52A1DE414B2BD4336869859A3C53EFA025B5747D38689233A7F5C9C337406978E8E6A5D53938DE751B500DD03AAE2E07293ED8B36B7370C2B3BFE3649040A5D7486D04ABBD18E6E0AD3645B0BADCA1586FA372F0F04DCAD9216F54102DB9594118
310
E666059B3E230E6DA316DF89832A2660856B97307C22794909050F1347D9E14980E160A4C080FA14585ADF90D684DADE9549847D39410D52AF5279184964B3D8457E0BB57BB3ABCD00E35504FF3B936592EF64381C462F52820827B1756A32B56149F037CD4A5AFFD8B028FACCA645C18F362DDAFC59D1DF366CF5B7B30F1E
310
DC07BF1B495CEA6D8ED1E15801D681A995A9D6AED6F6D6EED6746B8F7284AA61C91EED496F33B0943E8AF65A4A3F457B2CA59FA2CD9FB5D752FA68F5377190FD83AA76D3D46C81DF6A6F7830527800B9AC1D10458CA46B62205613EB6D23414AE9F7200970CA94B94D7D83BC6CB515C2991109E2BA24436A4E144C458C8671
310
EC689884FE543C29F54C8713E8BA6EA26D45BB58BA0E567CE816D6C3CEC816356BD3A0143C42FFA52CCB0D8A21F14D8AC1583429D6ECD970C41AB4B60B0731DFC5817A2B5E3F62762249BC6F34AA6F64A4CEF8C0AF86D2DA0FF0E2CA05086267FD82586FBBB279BEF46E24C17FFFD62D3CBC53822F422EE1EDDBEF2AE05DB6
310
35EDE2ACE5F056DB3E880E0EC03B6D87E1FDDABDF0377E4DE2BC76B16423BCCB865F9C3804EFB94D16989FBF0864D7C13BB8B3F6DDB7CE3BBB1BED1BB9FB6CB963DDB7E2E437E086D601A0734119B0DAB2B03D40855CE01E80CE2F700F165C0FD0721796833DB287046FA0BC1FCC4889970AA59E8764C4D4437262E22139B1
310
DE36F5904CE9634882FF8E205DEDE08D4453F05FE74CF126088BB46478C392F000CD4A5A621B1645D29B168501695AB4F9B3E240366CF5261C6431359ECF267BA971810E731C4964B3BAE2C163B72A5C644488335E19527B0F0553B9100DE3FC888649E84FE551947A4E2059F96CB21764BAD9AE7CE56DE15570F4F45CCA99
310
9FBEF030A8FDE0ADC6F55500D5AFBF02A08BFD15E8F719504BFB69A1BCC48E8AEF25DD8B6C4F3DF5949C4A8983A0EF5190253D8E42A61350406F022AA95F4864B4AEF25559A79F7907EECB4D59A7B9D72CED466E5CA77F8CD1E9418EF9E5B39AF6CEC44128B49F6C1CAC0270678354506ECE3635804DFD386353749A7607DF
310
535F5E8DE27BE286183E887DA2057A639F78819ED8275EA0DF67E88D7D622D94CF52747AEEF4E178EC2383488C2182BCD84746D1D8474191D8474125F58BC63E625DE54F303A9DFE4216CE0A7DA0A1DFE9684B6C1F7064B81F3850DD0FBCBFBE23F9E9B597976A3A9C725BC59C08A2BA22817C1D16519E0ECB28AAC3322AA9
310
5F9E0E4B75953FC9E8303D114F4FD5E6D3ECB0412C1FEAB7314ABFDCD990B4DF42E5164DE74F2B275A5CF03B2782A86E49205FE74594A7F3328AEABC8C4AEA97A7F3525DE54F313ADF2CC38A3EBC6149789E66252DF90D8BE288342D0AC3D4B468F367C5016DD66A799962231F3F7D3A1EDBC820A28B22C8B31119456D4441
310
111B515049FDA23622D6555ECEB0E72EDD7AAFE260A218E8630C63A98B8290B93808888B8352FA84B4C56A2AB732AC39977BF870423C2D83C8D88A204FE76414D5390545744E4125F58BEA9C58577905C39EA35CBBB32D8A21E32BD5E3E99C08A23A278388CEC9A0943E519D936A2AB731AC399DB3F7B471AB769CB8E22032
310
B6624D9ECEC928AA730A8AE89C824AEA17D539B1AEF2CACC1EA71F5EA65466EFAACCDE00ECFDB465CF3F84D1FFB14834E506A5C086FA2F658DBD4131B4FE26C5C01D3429D6ECD9D061F4DF5AB95DB181D3730971A60C227E4E0479FE574651FFABA088FF555049FDA2FE57ACABFC996C03EA9973BB73D2BF56DA5C449362CD
310
6C6047B681E83C20DBC0CF661B18011B98CE3630800DFCB76C032360033BB30D0C6003BB14F65A29BBB13288446C22C88B2465148D2415148924155452BF682429D655EE56D813E75E9A079141A49722C8634F4651F61414614F4125F58BB227D655FE1CE37F9B5CC78284362A07CFD2A49CA5BD51411C89660561709A156C
310
FA8C38844D5A2CF72836D14AD903914144F744906713328ADA84822236A1A092FA456D42ACABDCABB037F5DE846CBE0C22BD14411E7B328AB2A7A0087B0A2AA95F943DB1AEF26A86BD68A61E6C328A813EC63096BA2808998B8380B83828A54F485BACA6721FC39A4BD4CFBD776D7CD7520691B115419ECEC928AA730A8AE8
310
9C824AEA17D539B1AE72BFC25EEB74CAC7574410E9A55893C79E8CA2EC2928C29E824AEA17654FACABBC46616F4EFA640B8DA06410E9A508F2D89351943D0545D8535049FDA2EC897595AFB5ECF9D9FC8BBA774C745E1F9F82CB672E8355DE2AE55EC13E4B40FFFB2B6149EEB30832DE6F11A0BFDF22FD3F0B0E4C7FAD94D7
310
2A3A7E3A2522924144974490A7E3328AEAB882223AAEA092FA45755CAEEB3BF1F34CDBE99D33E673AD8E8E9B275B67CCE3ADC3D357CFDE35D3FD33BB0D7FB809FFBAED961BF09FFA4FF77F4FCD9EBAFFE5FB6767EEBF6566E6D42D37A27C76E696233377DD72E4C6D9FD4766EE3F3E8B3F1F3975CF9123DBF61C3972C389BD
310
CFDD75E2252F78FEADD3C7EE06E82BEEB8F738C867507EDB9E23B3CFBBF5E4736FB8F786137761B999BB67EEBF036A3C7AF5B15337DC7BE2F67B668EDF7DFCBE13A7B02F4777CCDC7F72C7CCEC3D33279E732794BFB3DBB5A3779D7CC51D771FFBDE171F9DB9FF86DB8EDD75F0A038E78EEFB397CBC7F6D9D182C7F7E1C131
310
8DF1C32F1AE7871F679B87D9717CD5FEBBC249FF936ED2FF284CFA1FEA99F4AFC699745E27FDFBEFBCF3E63B6EBF63DB2B6EBA0F27EBE377DFF3FD3377DD7164E6C8F1A3B3A7A0F1932F7EC1CC73EEB8F7D8A91994DD3B733FFCF2E4FEA3333BF6CFC0EFEEC5E0A00A526E9BD971E239C7BFE7D85DB71C9D39B5E77BE4C97E
310
EC9E190C7EDC9ED94EEE63F7D038A98FDF43C3643E7E0F3D8E368D93F7D88DF45367C14ADD4F46D97B68A40F67621A4F07401A4105D8D4868EC0B4460401298D0822DA0F4C65E8757C16C9612F125D24CEFFC544E7DE4D0901DDD211969F0804098A4180A11824DE17E42852CBE7459294D77FBA754A88BA63028292244108
310
4922A4264984C4FB4248926AF90C92E45F34EA6E582E7C553AD1BD6A74B6309DAB46D7C3E5A253AD7D7085E801F8E960791B5C237A335C2C8A9FF2DE04978C1E83EB47F1EA5177D1E80CA03ABFB3D7890EA319A06808CDD8311F463BA838436907B46F28ED0C697CD00E86F13C2F5C2DB965C1FC70D21A378F732592942776
310
F6863D73159233EE975F4F87249C8B938F59026713E1CF37AF676FB98D62C0DBC430D6954741E887E32070A271504A9FD07D456BFAF72169D6E519EEEA73F43B8AD4B965B66C3DDBF1E26A9212C46E6E11C47ADB9527E74BDF1F926003697329AB31A20C3A21C9ECE38B427C7859088F2E0BB536F1B1C5923BC38756C67644
310
477E4726C198ED9904635E9E4930E615210992FFA812279C93D49C12EC23CB4E69211CE17F081F7AFC1CE17FCC2418F39F3209C6FCE74C8231FF2524A11B4AEFB67F1E57D71232061C63AC1EBA96102BB29FB38ED6843734C741297D226B09B94FAFBF282FD1A57D06F383A851FE6DEBF1EF13E3249B8082118CA3AC5E25C0
310
700A4E81816EA5C0D2FA86FA9550DBCB9044F69B14F94BC3A6F74BC3FF16C9DA460FAD568BF709765DEBA21E460AA3284BBDA57D58D8FA2AA5347A294DACB74D97F64CDB6F449F34EE99B13765128C797326C198B784247403849C239592C4E6256130E8FC55F879C851CD91BE342461F45303F7E143E7AF6A17CBFAF84835
310
4EE7F4EADA7E8AC254DFB42804900D8B3E883ED18F933C9F581E66A3A528061E2686A16BBD8E03661AA36B3D0554AFF514504A9FC85A4FAEE90D485A5ECEF8675DAC435CB4C9D85B241396330FA07B619733E2F7F3DC3E8CFC2DBAC2C5CB32A40ED8154CB521A7615CE8AE6112FA5305F14A3D0FE5D065CEA5CE9D8E79FE85
310
D9DF366F0D4973A14BF871541ABA3052378E660BEEAAF77C2FB656295E5C699320768A2488F5B62BF5E14B3F24872EEC710ABAB5C103A03B2EF86101960D1D41773AF83A70228DD411ED0732A3D7F10DD4907CAE861F82BFCBB31C84004F0F36CBFD3D92C8CE7239691724ED9E961DF6F8AC35E7421262331DFAEC2806DC65
310
0C1346E4DCB48ACE3B5A13D97DE9C4D16C4D297D0A2272B6A670967353FDF868CEA24C020C7626C1181392E002A1DED895C67B818C8458BD322FCA0B8434C00B8524B60B855A9B34A20B4A7E131D67CE578D76BEEA1F709073BECA5A33BB10E67268FF84A4E57CD56091FC6BD0A7B2917CCE570591FC3F6633D5F3559C997E
310
0B49F3B7EB6371768EFCFF3924CD45FE61A20EE952A4107AC8D2677292EF9D72BCC7E67668D0C7034814C602BCF08F47D01850409040504044FB414342BE8E3F400DC9493E9E9C3F44727268305868F03E24910D0D72922F080D3E243BECF149D53C169290A7FAC8FBAAE6C321696EBA1E1FCDF94826C1988F66128CF95848
310
C2E827F9DE8F0F9D937CA39DE4FB000E724EF2F597E47B0449CB91FC6091FCAB7392CF142EAF6C832BE550DAEB91AC6CA6FD99E9A3E1AC9D23FF58E4FFC1903417F98F4F92EFAD39C957984B05FFFE47A82139C9C727F93E9E4383C14FF23D8E24E6245FE77C7F373490D29BE653B2C31E9F54CDA74312F2541F9BEAFF2424
310
CD4DF5E3A3399FC92418B3278C77C64F13F686248C7E92EF13A8FE39C937DA49BE3FC641CED983FEB2074F206939C9272C02F12C48C29BA7BF8A3E958DE4F349BE60BBFE0D485636D3FECCF4C9307ECB917F2CF2FF64489A8BF7C627C9F73639DE63733B637592AF8D1A92937CAC2298A77268307892EFB348221B1A48A9AE
310
EA4831F8A8357C5C422EA59020F5E162B99AFA2A390DE3EE12D030EE9CB38681502A96E4FB4276D8C6FC103AECABBC8B066DAC20DD8559396C11E08E3C4B80FAE8B588A88E5ECB0877F45A4644FB511DBD16EBF86124475CAE7C4B301738A44FA2780905DD8BA32C570930242C0506ACA5C0D2FAD6B35C111ED49C4612599F
310
94972BC172E573E89372EA68B453479FC74156D6A467275C5AC661C06CBD651A83B10E250A427712078133898352FA848E245AD39F2169A22F16AE39C1D98A383C09E5FB3B01D5EB8B25588F2F1661BE2F1661697DEBF1C5526DBF967D71FAF9B03F8D9829F30E24EA9BA7C91CA6D724184C68A61C28305316D46BA62C28A5
310
4F81997235FD3992965F0295F36DDCF52F5F0C491BBFD4D1DBD137F99A635994CE4C552B1111004AADD660AD4C47A0894510605F1144B41F68597A1D7F811A9253477CEAE82F919C1C1AF0CBD1D4FB4CFF0A4964976952D2070D30926319D5D4D199ECB08DF98A4CC2B2E08ED14A59CC968291828B74335E28B57E5A11A393
310
D6C4E0A135B1DE36FA66A5F4576512C6E7BCD7D764120A55131829198D50EA690223A69AC08989267062BD6DAA094CE9AFCB2440A2BAE7CA5D6A0E8C947424947A2430624A022726247062BD6D4A0253FAFF2109397F35DAF9ABBFC641CEF92B1BB1BB97CDBC553F9778FB1B242D07A98305A9BF9EF357E9F9AB2F45CC9449
310
DFE0B4E469328781092286B15354148413551C04D3551C94D2279CBAA235FD2D92E66721BC324CFA26208DC3F47690C184A471A0803416D44B1A0B4AE953401A57D39743D25CC81CC608A31AFABC23E7AFE4F71B4B2427E7AFF8FCD562242787068385064BC4D020E7AF8263066787BECA39ECF1C95A9C139290A7FAD829E7
310
7343D2C64F73CECB2418737E26C198E521096E238F4BF9893208C525995D1688425C0EC8425806C842AD4D0CFBC59237870FED7C409817A5E13E23854EC865BD4C6758B83E516CB6C09AAD9770433F4ECD89F5B669A693297D4B488244185220CAB45138EDBE19075BDCE1D329B5DA47979A342DAD4D75E427F0A1737A77B4
310
D3BB4B719095F42E97134AC8E4E05EB0175F31F58429100E14A44058506F0A8405A5F429488170354D2269790D37D81AEEB548227B06211F150FD670CB90AC9CA9B4B31CBB0BC3652ACF0A4973E1C7F8642ADF1592E06205364145E3171E40020A16E0C5B03C8206B2028244B30222DA0F1ADDF0755C80E4E44C254FCE0A24
310
27CF7283CD722B91447696CB99CA60965B8564E515C768AF382EC441CE2B0E3994E1561C17655F3CF80BF3AF137D715E7104BEF88DD94CFBFF2ADE6A242D2FD364DFC62DD3D684A48DDF32EDE19084BC4CC3FD495CEDAF4572F2328D5FA6AD4372F2326DB065DAC548625EA6A55D98BD45F655BD1B57349B14C84802A757E6
310
E59002214D1F854292390A855A9B345F1494BC347C68374B8DCF299A6765128CB94C26217C9D8DEE8833525047A745A1D4DB1167C468064A69BA23CE95D6DB4663502ABF3C9360CCF72109A5779FD604C62C4B8B163F1DA1364410302A3AC26A4504829A1183809B8C41E27D412D89D4B21549E2A7D61B6596ACEA019512C4
310
29AF0CA9AD47C15426A46180A94877EC298B28C65994D2D66DA2462D92B9EA0E8084A8475140508D922044A34448AD512224DE17A251522D2765DFB324383A431D3023757A04878A4269AD42BCB8D21E41EC144710EB6D5307CC74ED944C4278808992C048494742A9470223A6247062420227D6DBA62430A5AF4012D67A0E
310
F86C74C093934579A658B4D9B799DB5134B1AC38519493C58A76B1F4F2D6BA727F3953CE9653ADCDADADADC9E2BC76B1047FBBBD457F435193C559EDA27408C8F62C2F86DD245036E426AD0E0CBB4D54ACA1B709DA3AF43617603CD1AE86FD9CEBD158F3EEDE68EFEE6DC4415676F798B7A5D1857A6705390CD8480C639D54
310
14845E250E02371007A5F4090D2D5AD306242DA7F0FCD9DADB4488DFEB68DE8D24B2EB8CBCBB17ECEE4D45CC94D9830ECC94C3F49A048309CD94030566CA827ACD9405A5F4293053AEA64B90B4BCBBE719A6E7DBB8DDBD4D21692EAD04D1F898DC94F3A688B971335EC23C159CB267EA09CD8D0305E6C6827ACD8D05F59A1B
310
0B4A9915DF1C218D31D1ECA3DE12218D198D80340E9332AAF80693E70F988AEC6B5C71D07035EDC1086959D3C24BCACD66248D9D0D77DB3F8F5FCFBAF7EED8CB985AD3440CF5693288F83405546B9A024AE9130921E49A7E2B24CDCD868B59BA1429744A965A8A143192A38981164DACB78D5428A55F7733684E3ECEC11FE7
310
F80D2427AF05075B0BBE3E9338F871D9372089EC823ABFBA102CA8DF81645D28EE445CE9EBF3EAEE4EC4F945D1D9A9B8B2F3CFF6603F21BD20B8649AD14D2E68678A66257112695812E69786251B3F27CE4ACDDA7C1007970D75C0CAE00FB3EE0D826A0E038FE285C20C86863A62636150CDD584E741A2CDE175017150EFF2
310
8D6BEE21242D1F8E50CF839887651FFB42DF65B8AC0B2A968DAD207B2241600C23903A3C94ABA96FDCD0302E50D43009FDA94246A59E372259790369B43790DE1CF1B54C4E21F0B51CA6D7AF3198D0D77220B2ACEC386416D4EB6B59504A9FC8B2526EEEDD485A5E34F01E33F5A3186F1135EFC38FE19F2FA9090D19538FB2
310
88A19A278388E629A05AF314504A9F88E6C935BD1349BBC88B7BDDD453F8C3715337E63D5C2CE904BBD393C592338599DE0E3F4C9C294AF8017E5A7AA6588C3FC18F93678A25F647F879D99962A2F3F3B48D91E7BF11A068DE1BF1A6E179E3CB9BC8E7B115120ACC632B4319171A8ECCDFB3FCDA49309E9C08E31361BF8EE4
310
E439CD77A26E15903AA7BD2693085193F4854CB4F28493256F4712F34A565FC9BE1649CAD9C2B437E8DE8C642909A5BCE1C86C38BE3E24CD066870BABE54F7CE18A90B22D8B27554C68BE9DE5958B777132927D6DBAE220FBEED37C92440E6644C8ED33C24FB1A292536BE59B3B7225979F6D267AFD7214939B538DAA9C5DF
310
907D67F86E519567073FCC4889130FA5DE04C288E904C289DD429A6DBA7ED7501093C3174CE56F4312F2B26AB065D51B644D1A9F59F88D3209E37396E94F778039E5140E9FC2F93C92937DCD60BEE60B48625E58A72DACFF12C9F217D66E8D185E8141A778464AA6F850EA4DF18C984EF19C984CF19C586F9BAE1199D27F85
310
24E46076B483D93FC341565EB4CC29242685F483D3409A38217D8B77D4E8264896584281C9C651D66D24C0D07DA4C0C08DA4C0D2FAD6930E171ED47C31F4B1DD1363E2363139A12163A093B17A2C7D5110921707017571504A9F90B6684D7F2E92269EEA20A4C998BA83228692268308690AA8264D01A5F4899026D7F41722
310
69B216258C3D796D4EAC8792268308690AA8264D01D5A429A0144D7B1849CB2B127E45F22E24479C00847DC29E094042C108125F2CA07A270009D6330188307F021061697DEB9900A4DADE8D24E61549DA8AE47F863ECC6EE29BF02B6FA867A20C465092599D1285A849B210F447166A6DA2AE8825FF57F8D06E19363EA9A1
310
DF924908B70571EC1D458C14464296DAF157C4A8019A18744013EB6DA31E28A57F1349C86BD1D15E8BFE771CE4BC16B5EE90FD3A19B318372FC96B5188FCA545664F2822C1FE47E863634B31B2AC1223EDD15E213C88A4E51502BF42384B354B2124CE2B84566BAE1B0FA2037C08352CAF10D256086F0D7D980BA8C2E43E8D
310
13192989D542A9172732621A27726212277262BD6D1A2732A5DF8E24E43871B4E3C4B7E1202B7122F3921C99ADC53C2199AD458CD5FD6E682083D002E220B0833808AC210EAAF379729FFE9D3A21098151CF8424A1A093246525A02C750930242F0506F4A5C0D2FA961827BE23F4B1DDD19163C05A17644C3DCA22866A9E0C
310
229AA7806ACD5340297D42DA6204982791B41C27F271E213484ECE24F35BA6A9AF277D1249CC71625A9CF854E8C35C9CD8F38AA24B44D060518280B788D4E2858D4235F52BA6068FCBF226433F48236212FA434349A99ECF2159FC7BC93D9F9538D17D2F79B6583C599CD32E165FDE3A58EE856F02E0F70026DB85D9D9DADB
310
7AB8FBF3EED674F5F31EF2FB6BECEFBD3793E7B31947121C369DC766EA819FE776AA85C77CB7E35630F3DDCE90C6A73284797E9ECFA231E5C5D9682FCE3E85839C17676EEEB4214C7405F7D2BC388395ABB4704C5C9CFD4918D8C4D626242D20AE84485A40C4FCCB5D9CB53369D2F7B9E5D1FE74C4C731FB7444D33A391A0E
310
03F3BDE72A180CD534B1A2F0223FAEA6E0223F1694D227920690FBF499AC69FD6BDAF93831E4DC09BF103C579D35F31E9B972015E8302B91C49C3B49CB9DAC46B2F8F782CE55AF4D60A46E7107998E505AAF997971B5D415C46E852A88F5B6ABF5205FFA629984F045613F7714DC2C413A1296F54860C494044E4C48E0C47A
310
DB9404A6F40624212931F4F26E62E83EBCB00E1341EB6D5A68B258DE2E262E8104D161F8FFEBCA6BCB69F89C24268E369587CA63DDFF47CC452099018CFB1D7E387239FC6E9F2DB1A65D9CE5D732D5EAA497B434D20276CAD11E261B16AE53B5A63DA37A5529F833AB57CEAE9E59BD7A46EA55E5459E515C4DC91E7C7CCE55
310
6F0E49F0165FCC65E4C1228EC3801EC6EA0917714C45E1228E058131469BFBF6DDC6FEAC9034B7ED63D40088913A8385282394D61E991757AE51103B1F2588F5B62BABE54B5F9A4930664B26C1984D4842DED118ED1D8D0B7190FD1D0DE7F3C667B6BC0049C8E754A42309700E8A1C4693722D5FC21468CEE6F1D9BCBF4672
310
B2860DA6617F8324B2D9BCA77B4E78B80DCA2A41B3C88810172DC9903A5C533055CCA6615CE0A66112FA5385704A3D5F1677243ABB184CBC9D57005F09491BBFD9F0AB48C2A294CF553066261D6CC38D664B25E40AA4F368F86DDC18869899584F75864E690B578DD1B6DC6BBB4A3D5F43B272903CDA41F2191C643F48F6D2
310
12CCDE72E04B390CE860AC9E309BC25414665358506F368505A5F409E79F68C7BF81A489218F701C066923B1A684824EC65196BA0418BA941418D097024BEB1B529850DBDF2289FE9E5C9778F10007D13C19538FB288A19A278390BC588FEC6DEF71504A9F88E6C97DDAB31948CB2B117E25B217C911CD5258DCF598A584F2
310
555F40F59AA504EB314B11E69BA5084BEB5B8F594AB55D8D24E6958877AE405A60997D4896EFC35C501DEE3DA3A629521845596A354B1157B12364BEC396BD6F527062BD6DD41CA5EDFD990463AEC92418736D26C198EB6412989B9D884F60A4C42E43A9E7131831F5099CD8656CC0657062BD6DEA1398D2073209C61C9449
310
089DF0A8CE0E87641242BDA12430525D25AB1C8BA0D0AAA9795364D8B4F7D50D4E4CA648467CBD4C42B8854E4960A4848450EAF904464C7D0227263E8113EB6D539FC0943E2C931052464960A4A423A1D423811153123831218113EB6D531298D2CF0B49B0A94633CAF7413E1F1F9AFD0695B2B93181E72F31EC64177B9874
310
D511560B2210D4841804B4210689F705B52252CB0C929497F6EC689B5924272FED795B48BD6EE108929897F6694BFBA34816BFB40FEFAFA2B3152325334628F5662B464C672B4E4C662B4EACB74D672BA6F40D3209E37384E646998490B251D584632109DE3609ECB9B39E1BF9480382A22601ADBDA421D1741291604589C8
310
E47EA26DA5D5799348EEAB1FC03F8FC6C98D00EB4EEB404A6E0449C88D216B7263C8E47E127223753E3B24574E6652F365D6E8D03DB9ACE7C8C3C23D77E4F4BE52E52D40B9D27ADBD49133A58FCB242C55CF7F3352D29150EA91C088E96CC689C96CC689F5B629094CE91332094B54121829E94828F54860C494044E4C48E0
310
C47ADB9404A6F4CD210993B8D2325BCC232D96054D0C5D51C496074D8E44A87260429547DA472EB4F2B7846438FB0ED7EED4373052322AA1D4D308464C358213138DE0C47ADB542398D2B7862478D3D605E197B482599DC340A762F5585AA22024270E028AE2A0943E215DD19A6E0B49739A739559BCB1D5329DBFEB5B91A9
310
FA4810328E02C453240943B549C41095123109FDA1CA25D57352262BD447CA1323255D0AA51E3B8C9812C38909279C586F9B32C1943E159210D3B26C66B787A4653393CCECB937E60CE2E4567E1D6AEE407272065160077D1739B3271D0E7A1E929833886919C45348169F410C77C7E8ACC748C9CC134ABD598F11D3598F13
310
93598F13EB6DD3598F297D7B488237EBE57735AE0F165DE63911D2B8683B21462637E2755E9461EAF9971B91DF89A4E5FD33360B6B5E80E4E4D96FB0D9EFF9A159BA6034F47CA3EAD0FF5526C198EF0849F066B5FC2593306764BE3393265D24D9998E19AD318FE15B327956E367B50FA9EF61098B1874CCF1A50EC64A7194
310
8D9612601881A7C020124F81A5F52D714DF76124915DD3156BF8F9B29ADA60DB4082B845830CA9572D0AA65ABA6818B77ED13009FDA956324A3D1F0F5F5A7321C0F81C883827BC42C89BFDF29A8E59D39D1792E634677C82C74FA0F924DDBE993FCB62EF1C653E32E3F9CD9ED3B1DF4ED6EAF30AE00FE7B51DE2BFE7B51D32
310
07CC6B3B904BB5A63DCFBC7D048DC97897599C8D3BF993934579A65874A53C79A7C080AC049855C6141C4EE449385086245C62FF70524FA9EF7124335F7631DA975D7C1407395F76E1EEB609BF71C35D9B71B67A839C748D85BFE0915060C464BD23A07A175912AC679125C2FC4596084BEB5BCF224BAAED63A879FE5E5037
310
6416EF7AC0555614039D8C612C7D5110921707017571504A9F90B6684DEF41D272EE83CF7DFC0E929333FA7C9093FA46CCEF228939F7E1ED674B291DF3FBA20FCBD7EE590698BC87F9BF21696ED91F1ECEAD126BF006332305C72A97AD97856CE17A352788DD224C10EB6D57A933BEF41FC8248467D529098C947424947A24
310
30E22A9D08FDE4C484044EACB74D49604AFF6148C2E8BFF9FBBEF0A1BBD37EF619A2CF783F92C6DF5209A78AA1D89C593C077F33678B61F92F419CF2CA90DA7A144C65421AC6D9918649E84F65514A3D1F40B2D6A66641566382646259717E01EF05D82C49E79FED109DAB8902A5203C889261900B5ABA9B95C44168581286
310
A661C9C6CF89C3D8ACCD4742F731FA3EF383F8D0F9B604B4540C775887671E459272BE6EB4F375BF87839CF375FDE5EB2EC9F93A0891A4441CCE450929C7FF134E3CB17455CED77D3D9BAB7EC08B4BAFBF376B9A449A981A372F431FC7E6ED9E2EF980A1CA2AC077252448BD22912074852462C80A49C6D42B241993D01FB2
310
4212EBF9D19B81AC9C46E7E3C8572239398DCE1B4D6A1AFD5548226B8E52329998A308A9D55F8250731431C41C654C6D8E3226A13FC41CC57A7E02C9F2B7025D56777C8E10FE64363B08528513CAA966F7AE4CE2E024FE54F65D906CDE94B605F8634856CEBA8C76D6E5C77190FD09CADBB3615E53216B5FB048F8C36160FE
310
8CD56327F4280867F43808A6F43828A54F38A9476BFA7DD18D487139098144481D7248101A0289181202C9983A04923109FD21219058CF4F8B1AF622FBE78BE1F979A26132A61E4D1143354C06110D5340B58629A0943E110D936BFA99903417378ECF35946F3919F8A6D1DF107A701C1FFA35A1BA8FFE48FF6CF8D0CEC6C7
310
E725A19F431272BE8ACF57FDBCAC21E3933DF8059984F131935F9449181F4DF8259984F1098A7E5926616570B950B5EC8023908CD445F8ACB45E6CF0E26A9D2188DD124310EB6D570B0BBEF4AFC8244CA8243052D29150EA91C08829099C9890C089F5B629094CE90790843C75F253E7AB919CBCD533D856CFAF228979AB27
310
2D5DFA36246B93773675051E6B833774CF6A17E525E5C67225FCCD8F083AEA3ED0E037D2D1D687F501479FD60F1C7C5C3FF0FEFA8E3EB08FDA7F0957CFACC64A9F75ADA648382B209C3FC4EB61ECCA4C86D4F38482A9260B0DE3660C0D93D09F6AEE50EAF965242BFB48DE2253F7E57E0549CCB3303F0BEF5A9DC9112F29DE
310
8DE4F85B2F2EFF13BE5154B929088819A9F308ACB4764EBCB8F24B82D8B92441ACB75D3922BEF4AB6412C66761FBA34842DE691DED9DD61FC141F6CFB73B731F1F4D7F259290438EC1428EDF5649140EC3E304123F0BDF7313A250979D50E295D9D790536030C1A4C060A24981A51DFAFF1D24915D2940A68C8D66AA291816
310
7512C4CD8532A49E8C154C35236B18372D6B9884FE5413B452CF7BB2C6C13917C91A90C104C5FCDDAC71E1E133C190CCEF658D1B5CE36ED8083E2EAF4D596F6E6E44727228C2CF75A9D98F6348223B8B8AC934884322C9B451CDB7DD8464B1EF7AB7F851C088A3FB2179090113BC8EB0F1460482E1460C02D1460C12EF0BCE
310
94915A8E2349FEADB1EE95586AC7E653ADCEED0EE663AD62F164B1B15D9CBBAEDC5F1E2CF796D7C0DFCF86BFA75A87CA9DE561F8795739595CD22ECE0B1187CBE9725F85D9DA2E56AC85FFDB0F250E95D7A9F56D6B172B35AC5F33A2B7407D9D3AF7D8368E415F67CA6BE1B77E5FEDF514E3F7D0A03E63F7D0D63AC7EFA9D1
310
E18CE153830F1DC3A71E4BBBC6996EFCC67A06276F7E4B637C4E68CDCA248C4FA2F7884CC23239D87509710902AE2402A9D36B664B2154E35D8F28625C7A4DAB27A13F557A4DA9E7A84CD6F81C713D1192601DA8B9943DD127CADC74C394ABA32D4E580525ACD0CDDDAC506BB39A09B8925BF193C73943435776D5B4699E8B
310
E4E40C0DEF2E5333347720893943E39DE1937253665BF805F2D8CBA098A38962C03FC430D6374541E8A3E220F05571504A9FD077456BBA3224CD4DD2E313EF5C95493066A74C0273C335A8B2D313460AEA294BBD282F2CEC05789C98C4769C586F9B46744CE95D3209CCC12D420223251D09A51E098C187D85A39013131238
310
B1DE362581297D0592904F348DF689A6DD38C8393E1B2C3EDB8E24FAC7C262336E0E397664D2A47B14F14216F64A16338DA4F1C9B9D08357879D206DC148F5C9E1744B9F79167062FA7924212FB8F905F72F2039D9A10FE6D07F1149CC0BEEB405F73DB3D91CC51744BE0FC9C9E6389839DE8B2466734C33C7EF47B2F2B26D
310
B4976D3F8083ACAC38988BCB831507878198D05BB9309830C9C9818224270BEA4D72B2A0943E05494EAEA617675F0CCB8A01EFB07D49F6C5C10978712FE2654896BF5C737B9E6CF48E36AA03C0185480B54E1D41F748D95E9816D865A48E683FD022F53AEE0BC9E9FA9EDDF6CF17D44B25654CED2F440CF5613288F8300554
310
FB300594D227E2C3E49ADE771E6814FFA939E9E603B752877783240874CF669965489DA8563055B65AC3B894B58649E84F95BC56EA79349315F82A4907CC0791AC9C55E13DE287909C1C548F7650FD011CE4FC6E07BE93B1B4105E56318F6492E22FC03C8624C55F80292E47AEE1EBA653F87553BC616A6F6BAA75A03C00AF
310
BA9CD32E16EF6C4D77FF5F7C9DA49F2A6056B511197C3CC0F372E9BDA8A3CB01EAA8E2CF41EA7011EA20757C1BF8A8A2DC01FAF1E17569CA72B2AB2C371566B258D52E2637947BECDB4DD3F02652E76DA9C9E2A276B16CA37DEFE948390BFFD692E5ED6262A57D270ADFAD3A04EF2BC94A350F4D49647FFB9B9295741EDA12
310
95793EDA92947E3EDA1AE2788946340FCFF53E34367F451E4B78E5C4D90791347FD1594D241B5B2DF88039FE5DCF2E551A03BD220BA0DAC5017C1B66119EE5F1086A2F3C22DA0F4F37D93A1E4372F20E8F1F5238F5483DE1FC112431AFAF467B7DF547D9F7EA277EB84D8B8F65DF8B5F3B63A711F3F1EC7B07DFD1F968F6BD
310
9D75D38A72035CEEBCA99C6AED6A6D6FED86C5F71E290B823B241B713D063743E392AB9FA21073342D0A998786451FC7414EC8487C6F7791F9AF7191891772E06272AA751D5C7381D7691C288FC0FF5D0BCBCAE9F256C852E032B483B811100761C97918109D8B3A3ABFBFDE62C3B2F2E273885DA0E11F18D29C593C077F2F
310
2F86D7053FD05DA03E78A1F442F58106EB0BD58767803E780B8E05E2E113E82CF256909724AD5634EF4772D85D026977153660BB17264908D03B1D61DD440482561C838091C520F1BEA08A466A790449F2D32C4B7166315B60A90CEC191A0863BA4091428764A925461123299A1808D1C47ADB488452FA519984F1B949E38F
310
6512C647139E0849B0FEC48CF2BD084FCA0FCD7AD62A6B08ACF000B046471B0BA88329A90AFB56A95EC7700E3F7D12C9C9B308CE09E841D9E144E1F2CE4EE8DA72AADC565E5EAE86A9E3B11799625767BB7443B9B65C5F9E0F3CB61E78CC149B3BE095E505E52A2800E0B2B5BBF3FB75EDE2EC8B013905255697DFDD729855
310
E51A446D79C0146B3A4BB9F5507623FC7719A03741EDDB2CE289279E304FC31D85EBDBC5391BCAE5E51580580BF26D5017AE195759A4291F78AC657B878B42DA1EF6740360FCB6286223C8D7759E85F4067B3265DB42023641DF77D414E0961E56BBCE568D5DEDB07360B2986C170657B348D81C74091E0E779449574DB7A7
310
5889FF44DDA78022BDACD1C6EA27E92C02379417433FB75A266C2FCBD64B3BAC9ED72E966C84A7D8009CAE06397C5F696ECEB2B9A25D2C5D07BFC16EAD07D996EA1136ACFDFFCB15D4CEE9DD0200
  0
ACAD_PROXY_OBJECT
  5
2ECA4
102
{ACAD_REACTORS
330
2ECA1
102
}
330
2ECA1
100
AcDbProxyObject
 90
      499
 91
      558
 95
  8192031
 70
     0
 93
      125
310
4050D780163040000020002010000000
  0
DICTIONARY
  5
52DF
102
{ACAD_REACTORS
330
52DE
102
}
330
52DE
100
AcDbDictionary
280
     1
281
     1
  3
293626d6-9c49-48cd-93b5-b0ab6a6d168e
360
DAD4
  0
XRECORD
  5
1D78
102
{ACAD_XDICTIONARY
360
1D79
102
}
102
{ACAD_REACTORS
330
200
102
}
330
200
100
AcDbXrecord
280
     1
 91
     2047
301

290
     0
302
0
330
0
 90
        8
 62
     7
370
    30
331
16
  1
Цвет_7
440
        0
330
0
 90
        8
 62
    92
370
    -3
331
16
  1
Цвет_92
440
        0
330
0
 90
        8
 62
     6
370
    -3
331
16
  1
Цвет_6
440
        0
330
0
 90
        8
 62
     5
370
    30
331
16
  1
Цвет_5
440
        0
330
9F0
 90
        0
 62
     7
370
    -3
331
16
  1
Цвет_7
440
        0
330
10
 90
        8
 62
     7
370
    -3
331
16
  1
Цвет_7
440
        0
330
0
 90
        8
 62
     7
370
    -3
331
16
  1
Цвет_7
440
        0
  0
XRECORD
  5
1D7B
102
{ACAD_XDICTIONARY
360
1D7C
102
}
102
{ACAD_REACTORS
330
200
102
}
330
200
100
AcDbXrecord
280
     1
 91
     2047
301

290
     0
302
0
330
0
 90
        9
 62
     7
370
    30
331
16
  1
Цвет_7
440
        0
330
0
 90
        9
 62
    92
370
    -3
331
16
  1
Цвет_92
440
        0
330
0
 90
        9
 62
     6
370
    -3
331
16
  1
Цвет_6
440
        0
330
0
 90
        8
 62
     5
370
    30
331
16
  1
Цвет_5
440
        0
330
9F0
 90
        1
 62
     7
370
    -3
331
16
  1
Цвет_7
440
        0
330
10
 90
        9
 62
     7
370
    -3
331
16
  1
Цвет_7
440
        0
330
0
 90
        9
 62
     7
370
    -3
331
16
  1
Цвет_7
440
        0
  0
FIELD
  5
8B4AE
102
{ACAD_REACTORS
330
8B4AD
102
}
330
8B4AD
100
AcDbField
  1
_text
  2
%<\_FldIdx 0>%
 90
        1
360
8B4AF
 97
        0
 91
       63
 92
        0
 94
        8
 95
        2
 96
        0
300

 93
        1
  6
ACFD_FIELDTEXT_CHECKSUM
 90
        2
140
2142.0
  7
ACFD_FIELD_VALUE
 90
        4
  1
12758(10)
301
12758(10)
 98
        9
  0
FIELD
  5
72E27
102
{ACAD_REACTORS
330
72E26
102
}
330
72E26
100
AcDbField
  1
_text
  2
%<\_FldIdx 0>%
 90
        1
360
72E28
 97
        0
 91
       63
 92
        0
 94
        8
 95
        2
 96
        0
300

 93
        1
  6
ACFD_FIELDTEXT_CHECKSUM
 90
        2
140
2142.0
  7
ACFD_FIELD_VALUE
 90
        4
  1
12758(10)
301
12758(10)
 98
        9
  0
FIELD
  5
8B37F
102
{ACAD_REACTORS
330
8B37E
102
}
330
8B37E
100
AcDbField
  1
_text
  2
%<\_FldIdx 0>%
 90
        1
360
8B380
 97
        0
 91
       63
 92
        0
 94
        8
 95
        2
 96
        0
300

 93
        1
  6
ACFD_FIELDTEXT_CHECKSUM
 90
        2
140
2142.0
  7
ACFD_FIELD_VALUE
 90
        4
  1
12758(10)
301
12758(10)
 98
        9
  0
FIELD
  5
8B50A
102
{ACAD_REACTORS
330
8B509
102
}
330
8B509
100
AcDbField
  1
_text
  2
%<\_FldIdx 0>%
 90
        1
360
8B50B
 97
        0
 91
       63
 92
        0
 94
        8
 95
        2
 96
        0
300

 93
        1
  6
ACFD_FIELDTEXT_CHECKSUM
 90
        2
140
2142.0
  7
ACFD_FIELD_VALUE
 90
        4
  1
12758(10)
301
12758(10)
 98
        9
  0
DICTIONARY
  5
8C520
330
2A64
100
AcDbDictionary
280
     1
281
     1
  3
ACAD_XREC_ROUNDTRIP
360
8C521
  0
DICTIONARY
  5
8C51C
330
21C
100
AcDbDictionary
280
     1
281
     1
  3
ACAD_XREC_ROUNDTRIP
360
8C51D
  0
DICTIONARY
  5
205
330
22
100
AcDbDictionary
280
     1
281
     1
  3
ADSK_XREC_LAYOUTTHUMBNAIL
360
8D796
  0
DICTIONARY
  5
7F71
330
D3
100
AcDbDictionary
280
     1
281
     1
  3
ADSK_XREC_LAYOUTTHUMBNAIL
360
8D797
  0
DICTIONARY
  5
788F6
330
788F5
100
AcDbDictionary
280
     1
281
     1
  3
ADSK_XREC_LAYOUTTHUMBNAIL
360
8D798
  0
DICTIONARY
  5
8B4B9
330
8B4B8
100
AcDbDictionary
280
     1
281
     1
  3
ADSK_XREC_LAYOUTTHUMBNAIL
360
8D799
  0
DICTIONARY
  5
8B515
330
8B514
100
AcDbDictionary
280
     1
281
     1
  3
ADSK_XREC_LAYOUTTHUMBNAIL
360
8D79A
  0
DICTIONARY
  5
1F9
330
ED
100
AcDbDictionary
280
     1
281
     1
  3
ACAD_XREC_ROUNDTRIP
360
8D79B
  3
FBXASSET
360
1FA
  0
DICTIONARY
  5
1F7
330
EC
100
AcDbDictionary
280
     1
281
     1
  3
ACAD_XREC_ROUNDTRIP
360
8D79C
  3
FBXASSET
360
1F8
  0
DICTIONARY
  5
173
330
EE
100
AcDbDictionary
280
     1
281
     1
  3
ACAD_XREC_ROUNDTRIP
360
8D79D
  3
FBXASSET
360
1FB
  0
DICTIONARY
  5
8D485
330
12E
100
AcDbDictionary
280
     1
281
     1
  3
ACAD_XREC_ROUNDTRIP
360
8D79E
  0
DICTIONARY
  5
8C51E
330
2A63
100
AcDbDictionary
280
     1
281
     1
  3
ACAD_XREC_ROUNDTRIP
360
8C51F
  0
DICTIONARY
  5
8C51A
330
21A
100
AcDbDictionary
280
     1
281
     1
  3
ACAD_XREC_ROUNDTRIP
360
8C51B
  0
DICTIONARY
  5
162
330
7F
100
AcDbDictionary
280
     1
281
     1
  3
ACAD_ROUNDTRIP_2008_TABLESTYLE_CELLSTYLEMAP
360
8D7A0
  3
ACAD_XREC_ROUNDTRIP
360
8D79F
  0
DICTIONARY
  5
8D48A
330
F5
100
AcDbDictionary
280
     1
281
     1
  3
ACAD_XREC_ROUNDTRIP
360
8D7A1
  0
DICTIONARY
  5
8D48C
330
2A61
100
AcDbDictionary
280
     1
281
     1
  3
ACAD_XREC_ROUNDTRIP
360
8D7A2
  0
DICTIONARY
  5
8D48E
330
2A62
100
AcDbDictionary
280
     1
281
     1
  3
ACAD_XREC_ROUNDTRIP
360
8D7A3
  0
DICTIONARY
  5
8D490
330
F4
100
AcDbDictionary
280
     1
281
     1
  3
ACAD_XREC_ROUNDTRIP
360
8D7A4
  0
DICTIONARY
  5
8D492
330
FB
100
AcDbDictionary
280
     1
281
     1
  3
ACAD_XREC_ROUNDTRIP
360
8D7A5
  0
DICTIONARY
  5
8D494
330
FF
100
AcDbDictionary
280
     1
281
     1
  3
ACAD_XREC_ROUNDTRIP
360
8D7A6
  0
DICTIONARY
  5
8D496
330
F8
100
AcDbDictionary
280
     1
281
     1
  3
ACAD_XREC_ROUNDTRIP
360
8D7A7
  0
DICTIONARY
  5
8D498
330
FA
100
AcDbDictionary
280
     1
281
     1
  3
ACAD_XREC_ROUNDTRIP
360
8D7A8
  0
DICTIONARY
  5
8D49A
330
1E6
100
AcDbDictionary
280
     1
281
     1
  3
ACAD_XREC_ROUNDTRIP
360
8D7A9
  0
DICTIONARY
  5
8D49C
330
FE
100
AcDbDictionary
280
     1
281
     1
  3
ACAD_XREC_ROUNDTRIP
360
8D7AA
  0
DICTIONARY
  5
8D49E
330
F0
100
AcDbDictionary
280
     1
281
     1
  3
ACAD_XREC_ROUNDTRIP
360
8D7AB
  0
DICTIONARY
  5
8D4A0
330
F1
100
AcDbDictionary
280
     1
281
     1
  3
ACAD_XREC_ROUNDTRIP
360
8D7AC
  0
DICTIONARY
  5
8D4A2
330
F2
100
AcDbDictionary
280
     1
281
     1
  3
ACAD_XREC_ROUNDTRIP
360
8D7AD
  0
DICTIONARY
  5
8D4A4
330
F3
100
AcDbDictionary
280
     1
281
     1
  3
ACAD_XREC_ROUNDTRIP
360
8D7AE
  0
DICTIONARY
  5
8D4A6
330
F7
100
AcDbDictionary
280
     1
281
     1
  3
ACAD_XREC_ROUNDTRIP
360
8D7AF
  0
DICTIONARY
  5
8D4A8
330
1E4
100
AcDbDictionary
280
     1
281
     1
  3
ACAD_XREC_ROUNDTRIP
360
8D7B0
  0
DICTIONARY
  5
8D4AA
330
FD
100
AcDbDictionary
280
     1
281
     1
  3
ACAD_XREC_ROUNDTRIP
360
8D7B1
  0
DICTIONARY
  5
8D4AC
330
1E5
100
AcDbDictionary
280
     1
281
     1
  3
ACAD_XREC_ROUNDTRIP
360
8D7B2
  0
DICTIONARY
  5
8D4AE
330
F9
100
AcDbDictionary
280
     1
281
     1
  3
ACAD_XREC_ROUNDTRIP
360
8D7B3
  0
DICTIONARY
  5
8D4B0
330
1F3
100
AcDbDictionary
280
     1
281
     1
  3
ACAD_XREC_ROUNDTRIP
360
8D7B4
  0
DICTIONARY
  5
8D4B2
330
1F2
100
AcDbDictionary
280
     1
281
     1
  3
ACAD_XREC_ROUNDTRIP
360
8D7B5
  0
DICTIONARY
  5
8D4B4
330
1EF
100
AcDbDictionary
280
     1
281
     1
  3
ACAD_XREC_ROUNDTRIP
360
8D7B6
  0
DICTIONARY
  5
8D4B6
330
1F0
100
AcDbDictionary
280
     1
281
     1
  3
ACAD_XREC_ROUNDTRIP
360
8D7B7
  0
DICTIONARY
  5
8D4B8
330
FC
100
AcDbDictionary
280
     1
281
     1
  3
ACAD_XREC_ROUNDTRIP
360
8D7B8
  0
DICTIONARY
  5
8D4BA
330
F6
100
AcDbDictionary
280
     1
281
     1
  3
ACAD_XREC_ROUNDTRIP
360
8D7B9
  0
DICTIONARY
  5
8D4BC
330
1F1
100
AcDbDictionary
280
     1
281
     1
  3
ACAD_XREC_ROUNDTRIP
360
8D7BA
  0
XRECORD
  5
DAD4
102
{ACAD_REACTORS
330
52DF
102
}
330
52DF
100
AcDbXrecord
280
     1
300
<BreakingStyle type="Siberia.Styles.BreakingStyle" version="1" hash="547D98593C0FC2BCCC6275ED4300AE9B89461777"><Color>256</Color><Id>293626d6-9c49-48cd-93b5-b0ab6a6d168e</Id><LayerName>*Current*</LayerName><Name>Обрыв [базовый]</Name><NameInDrawing>Обрыв [базовый]</NameInDrawing><Overhang>3</Overhang><WaveRatio>10</WaveRatio><ZigzagLength>5</ZigzagLength><ZigzagWidth>10</ZigzagWidth></BreakingStyle>
  0
DICTIONARY
  5
1D79
330
1D78
100
AcDbDictionary
280
     1
281
     1
  3
AcadLayerStateAnnoScale
360
1D7A
  0
DICTIONARY
  5
1D7C
330
1D7B
100
AcDbDictionary
280
     1
281
     1
  3
AcadLayerStateAnnoScale
360
1D7D
  0
FIELD
  5
8B4AF
330
8B4AE
100
AcDbField
  1
AcVar
  2
\AcVar Filename \f "%fn2"
  4
%fn2
 90
        0
 97
        0
 91
       63
 92
        0
 94
       59
 95
        2
 96
        0
300

 93
        1
  6
Variable
 90
        4
  1
Filename
  7
ACFD_FIELD_VALUE
 90
        4
  1
C:\Users\user46\Desktop\Югрос\Файлы\12758(10).dxf
301
12758(10)
 98
        9
  0
FIELD
  5
72E28
330
72E27
100
AcDbField
  1
AcVar
  2
\AcVar Filename \f "%fn2"
  4
%fn2
 90
        0
 97
        0
 91
       63
 92
        0
 94
       59
 95
        2
 96
        0
300

 93
        1
  6
Variable
 90
        4
  1
Filename
  7
ACFD_FIELD_VALUE
 90
        4
  1
C:\Users\user46\Desktop\Югрос\Файлы\12758(10).dxf
301
12758(10)
 98
        9
  0
FIELD
  5
8B380
330
8B37F
100
AcDbField
  1
AcVar
  2
\AcVar Filename \f "%fn2"
  4
%fn2
 90
        0
 97
        0
 91
       63
 92
        0
 94
       59
 95
        2
 96
        0
300

 93
        1
  6
Variable
 90
        4
  1
Filename
  7
ACFD_FIELD_VALUE
 90
        4
  1
C:\Users\user46\Desktop\Югрос\Файлы\12758(10).dxf
301
12758(10)
 98
        9
  0
FIELD
  5
8B50B
330
8B50A
100
AcDbField
  1
AcVar
  2
\AcVar Filename \f "%fn2"
  4
%fn2
 90
        0
 97
        0
 91
       63
 92
        0
 94
       59
 95
        2
 96
        0
300

 93
        1
  6
Variable
 90
        4
  1
Filename
  7
ACFD_FIELD_VALUE
 90
        4
  1
C:\Users\user46\Desktop\Югрос\Файлы\12758(10).dxf
301
12758(10)
 98
        9
  0
XRECORD
  5
8C521
102
{ACAD_REACTORS
330
8C520
102
}
330
8C520
100
AcDbXrecord
280
     1
102
DISPLAYNAME
  1
Imperial24
102
FLAGS
 90
        0
  0
XRECORD
  5
8C51D
102
{ACAD_REACTORS
330
8C51C
102
}
330
8C51C
100
AcDbXrecord
280
     1
102
DISPLAYNAME
  1
Metric50
102
FLAGS
 90
        0
  0
XRECORD
  5
8D796
102
{ACAD_REACTORS
330
205
102
}
330
205
100
AcDbXrecord
280
     1
310
28000000000100008600000001000800000000000086000000000000000000000000000000000000FFFFFF00FFFFFF00FFFFFF000000000000000000000000000000000000000000000000000000000000000000330000006600000099000000CC000000FF00000000330000333300006633000099330000CC330000FF3300
310
0000660000336600006666000099660000CC660000FF66000000990000339900006699000099990000CC990000FF99000000CC000033CC000066CC000099CC0000CCCC0000FFCC000000FF000033FF000066FF000099FF0000CCFF0000FFFF000000003300330033006600330099003300CC003300FF003300003333003333
310
33006633330099333300CC333300FF33330000663300336633006666330099663300CC663300FF66330000993300339933006699330099993300CC993300FF99330000CC330033CC330066CC330099CC3300CCCC3300FFCC330000FF330033FF330066FF330099FF3300CCFF3300FFFF330000006600330066006600660099
310
006600CC006600FF00660000336600333366006633660099336600CC336600FF33660000666600336666006666660099666600CC666600FF66660000996600339966006699660099996600CC996600FF99660000CC660033CC660066CC660099CC6600CCCC6600FFCC660000FF660033FF660066FF660099FF6600CCFF6600
310
FFFF660000009900330099006600990099009900CC009900FF00990000339900333399006633990099339900CC339900FF33990000669900336699006666990099669900CC669900FF66990000999900339999006699990099999900CC999900FF99990000CC990033CC990066CC990099CC9900CCCC9900FFCC990000FF99
310
0033FF990066FF990099FF9900CCFF9900FFFF99000000CC003300CC006600CC009900CC00CC00CC00FF00CC000033CC003333CC006633CC009933CC00CC33CC00FF33CC000066CC003366CC006666CC009966CC00CC66CC00FF66CC000099CC003399CC006699CC009999CC00CC99CC00FF99CC0000CCCC0033CCCC0066CC
310
CC0099CCCC00CCCCCC00FFCCCC0000FFCC0033FFCC0066FFCC0099FFCC00CCFFCC00FFFFCC000000FF003300FF006600FF009900FF00CC00FF00FF00FF000033FF003333FF006633FF009933FF00CC33FF00FF33FF000066FF003366FF006666FF009966FF00CC66FF00FF66FF000099FF003399FF006699FF009999FF00CC
310
99FF00FF99FF0000CCFF0033CCFF0066CCFF0099CCFF00CCCCFF00FFCCFF0000FFFF0033FFFF0066FFFF0099FFFF00CCFFFF00FFFFFF00000000000D0D0D001A1A1A00282828003535350043434300505050005D5D5D006B6B6B00787878008686860093939300A1A1A100AEAEAE00BBBBBB00C9C9C900D6D6D600E4E4E400
310
F1F1F100FFFFFF000000000000000000000000000000000000000000000000000000000000000000000000000000000000000000000000000000000000000000000000000000000000000000000000000000000000000000000000000000000000000000000000000000000000000000000000000000000000000000000000
310
00000000000000000000000000000000000000000000000000000000000000000000000000000000000000000000000000000000000000000000000000000000000000000000000000000000000000000000000000000000000000000000000000000000000000000000000000000000000000000000000000000000000000
310
00000000000000000000000000000000000000000000000000000000000000000000000000000000000000000000000000000000000000000000000000000000000000000000000000000000000000000000000000000000000000000000000000000000000000000000000000000000000000000000000000000000000000
310
00000000000000000000000000000000000000000000000000000000000000000000000000000000000000000000000000000000000000000000000000000000000000000000000000000000000000000000000000000000000000000000000000000000000000000000000000000000000000000000000000000000000000
310
00000000000000000000000000000000000000000000000000000000000000000000000000000000000000000000000000000000000000000000000000000000000000000000000000000000000000000000000000000000000000000000000000000000000000000000000000000000000000000000000000000000000000
310
00000000000000000000000000000000000000000000000000000000000000000000000000000000000000000000000000000000000000000000000000000000000000000000000000000000000000000000000000000000000000000000000000000000000000000000000000000000000000000000000000000000000000
310
00000000000000000000000000000000000000000000000000000000000000000000000000000000000000000000000000000000000000000000000000000000000000000000000000000000000000000000000000000000000000000000000000000000000000000000000000000000000000000000000000000000000000
310
00000000000000000000000000000000000000000000000000000000000000000000000000000000000000000000000000000000000000000000000000000000000000000000000000000000000000000000000000000000000000000000000000000000000000000000000000000000000000000000000000000000000000
310
00000000000000000000000000000000000000000000000000000000000000000000000000000000000000000000000000000000000000000000000000000000000000000000000000000000000000000000000000000000000000000000000000000000000000000000000000000000000000000000000000000000000000
310
00000000000000000000000000000000000000000000000000000000000000000000000000000000000000000000000000000000000000000000000000000000000000000000000000000000000000000000000000000000000000000000000000000000000000000000000000000000000000000000000000000000000000
310
00000000000000000000000000000000000000000000000000000000000000000000000000000000000000000000000000000000000000000000000000000000000000000000000000000000000000000000000000000000000000000000000000000000000000000000000000000000000000000000000000000000000000
310
00000000000000000000000000000000000000000000000000000000000000000000000000000000000000000000000000000000000000000000000000000000000000000000000000000000000000000000000000000000000000000000000000000000000000000000000000000000000000000000000000000000000000
310
00000000000000000000000000000000000000000000000000000000000000000000000000000000000000000000000000000000000000000000000000000000000000000000000000000000000000000000000000000000000000000000000000000000000000000000000000000000000000000000000000000000000000
310
00000000000000000000000000000000000000000000000000000000000000000000000000000000000000000000000000000000000000000000000000000000000000000000000000000000000000000000000000000000000000000000000000000000000000000000000000000000000000000000000000000000000000
310
00000000000000000000000000000000000000000000000000000000000000000000000000000000000000000000000000000000000000000000000000000000000000000000000000000000000000000000000000000000000000000000000000000000000000000000000000000000000000000000000000000000000000
310
00000000000000000000000000000000000000000000000000000000000000000000000000000000000000000000000000000000000000000000000000000000000000000000000000000000000000000000000000000000000000000000000000000000000000000000000000000000000000000000000000000000000000
310
00000000000000000000000000000000000000000000000000000000000000000000000000000000000000000000000000000000000000000000000000000000000000000000000000000000000000000000000000000000000000000000000000000000000000000000000000000000000000000000000000000000000000
310
00000000000000000000000000000000000000000000000000000000000000000000000000000000000000000000000000000000000000000000000000000000000000000000000000000000000000000000000000000000000000000000000000000000000000000000000000000000000000000000000000000000000000
310
00000000000000000000000000000000000000000000000000000000000000000000000000000000000000000000000000000000000000000000000000000000000000000000000000000000000000000000000000000000000000000000000000000000000000000000000000000000000000000000000000000000000000
310
00000000000000000000000000000000000000000000000000000000000000000000000000000000000000000000000000000000000000000000000000000000000000000000000000000000000000000000000000000000000000000000000000000000000000000000000000000000000000000000000000000000000000
310
00000000000000000000000000000000000000000000000000000000000000000000000000000000000000000000000000000000000000000000000000000000000000000000000000000000000000000000000000000000000000000000000000000000000000000000000000000000000000000000000000000000000000
310
00000000000000000000000000000000000000000000000000000000000000000000000000000000000000000000000000000000000000000000000000000000000000000000000000000000000000000000000000000000000000000000000000000000000000000000000000000000000000000000000000000000000000
310
00000000000000000000000000000000000000000000000000000000000000000000000000000000000000000000000000000000000000000000000000000000000000000000000000000000000000000000000000000000000000000000000000000000000000000000000000000000000000000000000000000000000000
310
00000000000000000000000000000000000000000000000000000000000000000000000000000000000000000000000000000000000000000000000000000000000000000000000000000000000000000000000000000000000000000000000000000000000000000000000000000000000000000000000000000000000000
310
00000000000000000000000000000000000000000000000000000000000000000000000000000000000000000000000000000000000000000000000000000000000000000000000000000000000000000000000000000000000000000000000000000000000000000000000000000000000000000000000000000000000000
310
00000000000000000000000000000000000000000000000000000000000000000000000000000000000000000000000000000000000000000000000000000000000000000000000000000000000000000000000000000000000000000000000000000000000000000000000000000000000000000000000000000000000000
310
00000000000000000000000000000000000000000000000000000000000000000000000000000000000000000000000000000000000000000000000000000000000000000000000000000000000000000000000000000000000000000000000000000000000000000000000000000000000000000000000000000000000000
310
00000000000000000000000000000000000000000000000000000000000000000000000000000000000000000000000000000000000000000000000000000000000000000000000000000000000000000000000000000000000000000000000000000000000000000000000000000000000000000000000000000000000000
310
00000000000000000000000000000000000000000000000000000000000000000000000000000000000000000000000000000000000000000000000000000000000000000000000000000000000000000000000000000000000000000000000000000000000000000000000000000000000000000000000000000000000000
310
00000000000000000000000000000000000000000000000000000000000000000000000000000000000000000000000000000000000000000000000000000000000000000000000000000000000000000000000000000000000000000000000000000000000000000000000000000000000000000000000000000000000000
310
00000000000000000000000000000000000000000000000000000000000000000000000000000000000000000000000000000000000000000000000000000000000000000000000000000000000000000000000000000000000000000000000000000000000000000000000000000000000000000000000000000000000000
310
00000000000000000000000000000000000000000000000000000000000000000000000000000000000000000000000000000000000000000000000000000000000000000000000000000000000000000000000000000000000000000000000000000000000000000000000000000000000000000000000000000000000000
310
00000000000000000000000000000000000000000000000000000000000000000000000000000000000000000000000000000000000000000000000000000000000000000000000000000000000000000000000000000000000000000000000000000000000000000000000000000000000000000000000000000000000000
310
00000000000000000000000000000000000000000000000000000000000000000000000000000000000000000000000000000000000000000000000000000000000000000000000000000000000000000000000000000000000000000000000000000000000000000000000000000000000000000000000000000000000000
310
00000000000000000000000000000000000000000000000000000000000000000000000000000000000000000000000000000000000000000000000000000000000000000000000000000000000000000000000000000000000000000000000000000000000000000000000000000000000000000000000000000000000000
310
00000000000000000000000000000000000000000000000000000000000000000000000000000000000000000000000000000000000000000000000000000000000000000000000000000000000000000000000000000000000000000000000000000000000000000000000000000000000000000000000000000000000000
310
00000000000000000000000000000000000000000000000000000000000000000000000000000000000000000000000000000000000000000000000000000000000000000000000000000000000000000000000000000000000000000000000000000000000000000000000000000000000000000000000000000000000000
310
00000000000000000000000000000000000000000000000000000000000000000000000000000000000000000000000000000000000000000000000000000000000000000000000000000000000000000000000000000000000000000000000000000000000000000000000000000000000000000000000000000000000000
310
00000000000000000000000000000000000000000000000000000000000000000000000000000000000000000000000000000000000000000000000000000000000000000000000000000000000000000000000000000000000000000000000000000000000000000000000000000000000000000000000000000000000000
310
00000000000000000000000000000000000000000000000000000000000000000000000000000000000000000000000000000000000000000000000000000000000000000000000000000000000000000000000000000000000000000000000000000000000000000000000000000000000000000000000000000000000000
310
00000000000000000000000000000000000000000000000000000000000000000000000000000000000000000000000000000000000000000000000000000000000000000000000000000000000000000000000000000000000000000000000000000000000000000000000000000000000000000000000000000000000000
310
00000000000000000000000000000000000000000000000000000000000000000000000000000000000000000000000000000000000000000000000000000000000000000000000000000000000000000000000000000000000000000000000000000000000000000000000000000000000000000000000000000000000000
310
00000000000000000000000000000000000000000000000000000000000000000000000000000000000000000000000000000000000000000000000000000000000000000000000000000000000000000000000000000000000000000000000000000000000000000000000000000000000000000000000000000000000000
310
00000000000000000000000000000000000000000000000000000000000000000000000000000000000000000000000000000000000000000000000000000000000000000000000000000000000000000000000000000000000000000000000000000000000000000000000000000000000000000000000000000000000000
310
00000000000000000000000000000000000000000000000000000000000000000000000000000000000000000000000000000000000000000000000000000000000000000000000000000000000000000000000000000000000000000000000000000000000000000000000000000000000000000000000000000000000000
310
00000000000000000000000000000000000000000000000000000000000000000000000000000000000000000000000000000000000000000000000000000000000000000000000000000000000000000000000000000000000000000000000000000000000000000000000000000000000000000000000000000000000000
310
00000000000000000000000000000000000000000000000000000000000000000000000000000000000000000000000000000000000000000000000000000000000000000000000000000000000000000000000000000000000000000000000000000000000000000000000000000000000000000000000000000000000000
310
00000000000000000000000000000000000000000000000000000000000000000000000000000000000000000000000000000000000000000000000000000000000000000000000000000000000000000000000000000000000000000000000000000000000000000000000000000000000000000000000000000000000000
310
00000000000000000000000000000000000000000000000000000000000000000000000000000000000000000000000000000000000000000000000000000000000000000000000000000000000000000000000000000000000000000000000000000000000000000000000000000000000000000000000000000000000000
310
00000000000000000000000000000000000000000000000000000000000000000000000000000000000000000000000000000000000000000000000000000000000000000000000000000000000000000000000000000000000000000000000000000000000000000000000000000000000000000000000000000000000000
310
00000000000000000000000000000000000000000000000000000000000000000000000000000000000000000000000000000000000000000000000000000000000000000000000000000000000000000000000000000000000000000000000000000000000000000000000000000000000000000000000000000000000000
310
00000000000000000000000000000000000000000000000000000000000000000000000000000000000000000000000000000000000000000000000000000000000000000000000000000000000000000000000000000000000000000000000000000000000000000000000000000000000000000000000000000000000000
310
00000000000000000000000000000000000000000000000000000000000000000000000000000000000000000000000000000000000000000000000000000000000000000000000000000000000000000000000000000000000000000000000000000000000000000000000000000000000000000000000000000000000000
310
00000000000000000000000000000000000000000000000000000000000000000000000000000000000000000000000000000000000000000000000000000000000000000000000000000000000000000000000000000000000000000000000000000000000000000000000000000000000000000000000000000000000000
310
00000000000000000000000000000000000000000000000000000000000000000000000000000000000000000000000000000000000000000000000000000000000000000000000000000000000000000000000000000000000000000000000000000000000000000000000000000000000000000000000000000000000000
310
00000000000000000000000000000000000000000000000000000000000000000000000000000000000000000000000000000000000000000000000000000000000000000000000000000000000000000000000000000000000000000000000000000000000000000000000000000000000000000000000000000000000000
310
00000000000000000000000000000000000000000000000000000000000000000000000000000000000000000000000000000000000000000000000000000000000000000000000000000000000000000000000000000000000000000000000000000000000000000000000000000000000000000000000000000000000000
310
00000000000000000000000000000000000000000000000000000000000000000000000000000000000000000000000000000000000000000000000000000000000000000000000000000000000000000000000000000000000000000000000000000000000000000000000000000000000000000000000000000000000000
310
00000000000000000000000000000000000000000000000000000000000000000000000000000000000000000000000000000000000000000000000000000000000000000000000000000000000000000000000000000000000000000000000000000000000000000000000000000000000000000000000000000000000000
310
00000000000000000000000000000000000000000000000000000000000000000000000000000000000000000000000000000000000000000000000000000000000000000000000000000000000000000000000000000000000000000000000000000000000000000000000000000000000000000000000000000000000000
310
00000000000000000000000000000000000000000000000000000000000000000000000000000000000000000000000000000000000000000000000000000000000000000000000000000000000000000000000000000000000000000000000000000000000000000000000000000000000000000000000000000000000000
310
00000000000000000000000000000000000000000000000000000000000000000000000000000000000000000000000000000000000000000000000000000000000000000000000000000000000000000000000000000000000000000000000000000000000000000000000000000000000000000000000000000000000000
310
00000000000000000000000000000000000000000000000000000000000000000000000000000000000000000000000000000000000000000000000000000000000000000000000000000000000000000000000000000000000000000000000000000000000000000000000000000000000000000000000000000000000000
310
00000000000000000000000000000000000000000000000000000000000000000000000000000000000000000000000000000000000000000000000000000000000000000000000000000000000000000000000000000000000000000000000000000000000000000000000000000000000000000000000000000000000000
310
00000000000000000000000000000000000000000000000000000000000000000000000000000000000000000000000000000000000000000000000000000000000000000000000000000000000000000000000000000000000000000000000000000000000000000000000000000000000000000000000000000000000000
310
00000000000000000000000000000000000000000000000000000000000000000000000000000000000000000000000000000000000000000000000000000000000000000000000000000000000000000000000000000000000000000000000000000000000000000000000000000000000000000000000000000000000000
310
00000000000000000000000000000000000000000000000000000000000000000000000000000000000000000000000000000000000000000000000000000000000000000000000000000000000000000000000000000000000000000000000000000000000000000000000000000000000000000000000000000000000000
310
00000000000000000000000000000000000000000000000000000000000000000000000000000000000000000000000000000000000000000000000000000000000000000000000000000000000000000000000000000000000000000000000000000000000000000000000000000000000000000000000000000000000000
310
00000000000000000000000000000000000000000000000000000000000000000000000000000000000000000000000000000000000000000000000000000000000000000000000000000000000000000000000000000000000000000000000000000000000000000000000000000000000000000000000000000000000000
310
0000000000000000000000000000000000000000000000000000000000000000000000000000000000000000000000000000000000000000000000000000000000000000000000E2E2E2E2E2E2E2E2E20000000000000000000000000000000000000000000000000000000000000000000000000000000000000000000000
310
00000000000000000000000000000000000000000000000000000000000000000000000000000000000000000000000000000000000000000000000000000000000000000000000000000000000000000000000000000000000000000000000000000000000000000000000000000000000000000000000000000000000000
310
00000000000000000000000000000000000000000000000000000000000000000000000000000000000000000000000000000000000000000000000000000000000000000000000000E200000000000000E2000000000000000000000000000000000000000000000000000000000000000000000000000000000000000000
310
00000000000000000000000000000000000000000000000000000000000000000000000000000000000000000000000000000000000000000000000000000000000000000000000000000000000000000000000000000000000000000000000000000000000000000000000000000000000000000000000000000000000000
310
000000000000000000000000000000000000000000000000000000000000000000000000000000000000000000000000000000000000000000000000000000000000000000000000000000E200000000000000E200000000000000000000000000000000000000000000000000000000000000000000000000000000000000
310
00000000000000000000000000000000000000000000000000000000000000000000000000000000000000000000000000000000000000000000000000000000000000000000000000000000000000000000000000000000000000000000000000000000000000000000000000000000000000000000000000000000000000
310
0000000000000000000000000000000000000000000000000000000000000000000000000000000000000000000000000000000000000000000000000000000000000000000000000000000000E200000000000000E20000000000000000000000000000000000000000000000000000000000000000000000000000000000
310
00000000000000000000000000000000000000000000000000000000000000000000000000000000000000000000000000000000000000000000000000000000000000000000000000000000000000000000000000000000000000000000000000000000000000000000000000000000000000000000000000000000000000
310
00000000000000000000000000000000000000000000000000000000000000000000000000000000000000000000000000000000000000000000000000000000000000000000000000000000000000E200000000000000E2000000000000000000000000000000000000000000000000000000000000000000000000000000
310
00000000000000000000000000000000000000000000000000000000000000000000000000000000000000000000000000000000000000000000000000000000000000000000000000000000000000000000000000000000000000000000000000000000000000000000000000000000000000000000000000000000000000
310
000000000000000000000000000000000000000000000000000000000000000000000000000000000000000000000000000000000000000000000000000000000000000000000000000000000000000000E2E2E2E2E2E2E2E2E200000000000000000000000000000000000000000000000000000000000000000000000000
310
00000000000000000000000000000000000000000000000000000000000000000000000000000000000000000000000000000000000000000000000000000000000000000000000000000000000000000000000000000000000000000000000000000000000000000000000000000000000000000000000000000000000000
310
00000000000000000000000000000000000000000000000000000000000000000000000000000000000000000000000000000000000000000000000000000000000000000000000000000000000000000000000000000000000000000000000000000000000000000000000000000000000000000000000000000000000000
310
00000000000000000000000000000000000000000000000000000000000000000000000000000000000000000000000000000000000000000000000000000000000000000000000000000000000000000000000000000000000000000000000000000000000000000000000000000000000000000000000000000000000000
310
00000000000000000000000000000000000000000000000000000000000000000000000000000000000000000000000000000000000000000000000000000000000000000000000000000000000000000000000000000000000000000000000000000000000000000000000000000000000000000000000000000000000000
310
00000000000000000000000000000000000000000000000000000000000000000000000000000000000000000000000000000000000000000000000000000000000000000000000000000000000000000000000000000000000000000000000000000000000000000000000000000000000000000000000000000000000000
310
00000000000000000000000000000000000000000000000000000000000000000000000000000000000000000000000000000000000000000000000000000000000000000000000000000000000000000000000000000000000000000FE2000000000000E20000E20000000000000000000000000000000000000000000000
310
00000000000000000000000000000000000000000000000000000000000000000000000000000000000000000000000000000000000000000000000000000000000000000000000000000000000000000000000000000000000000000000000000000000000000000000000000000000000000000000000000000000000000
310
000000000000000000000000000000000000000000000000000000000000000000000000000000000000000000000000000000000000000000000000000000000000000000000000000000000000000000000000000000000000000000E2E2E2E20F0FE2E2E2E20FE2E2E2E200000000000000000000000000000000000000
310
00000000000000000000000000000000000000000000000000000000000000000000000000000000000000000000000000000000000000000000000000000000000000000000000000000000000000000000000000000000000000000000000000000000000000000000000000000000000000000000000000000000000000
310
0000000000000000000000000000000000000000000000000000000000000000000000000000000000000000000000000000000000000000000000000000000000000000000000000000000000000000000000000000000000E2E2E2E2E2E2E2E2E20000000FE2E2E20000E2E2E2E2E2E2E2E2E20000000000000000000000
310
00000000000000000000000000000000000000000000000000000000000000000000000000000000000000000000000000000000000000000000000000000000000000000000000000000000000000000000000000000000000000000000000000000000000000000000000000000000000000000000000000000000000000
310
000000000000000000000000000000000000000000000000000000000000000000000000000000000000000000000000000000000000000000000000000000000000000000000000000000000000000000000000000000000000E2E20F0F0F0FE2E20F000000000FE20F000000000FE2E20F0F0F0FE2E20000000000000000
310
00000000000000000000000000000000000000000000000000000000000000000000000000000000000000000000000000000000000000000000000000000000000000000000000000000000000000000000000000000000000000000000000000000000000000000000000000000000000000000000000000000000000000
310
0000000000000000000000000000000000000000000000000000000000000000000000000000000000000000000000000000000000000000000000000000000000000000000000000000000000000000000000000000000000000000E20F000000000FE20F000000000FE20F000000000FE20F000000000FE2000000000000
310
00000000000000000000000000000000000000000000000000000000000000000000000000000000000000000000000000000000000000000000000000000000000000000000000000000000000000000000000000000000000000000000000000000000000000000000000000000000000000000000000000000000000000
310
00000000000000000000000000000000000000000000000000000000000000000000000000000000000000000000000000000000000000000000000000000000000000000000000000000000000000000000000000000000000000000000E20F000000000FE20F000000E2E2E20F000000000FE20F000000000FE200000000
310
00000000000000000000000000000000000000000000000000000000000000000000000000000000000000000000000000000000000000000000000000000000000000000000000000000000000000000000000000000000000000000000000000000000000000000000000000000000000000000000000000000000000000
310
000000000000000000000000000000000000000000000000000000000000000000000000000000000000000000000000000000000000000000000000000000000000000000000000000000000000000000000000000000000000000000000000E20F000000000FE20F00000000E2E20F000000000FE20F000000000FE20000
310
00000000000000000000000000000000000000000000000000000000000000000000000000000000000000000000000000000000000000000000000000000000000000000000000000000000000000000000000000000000000000000000000000000000000000000000000000000000000000000000000000000000000000
310
0000000000000000000000000000000000000000000000000000000000000000000000000000000000000000000000000000000000000000000000000000000000000000000000000000000000000000000000000000000000000000000000000000E20F000000000FE20F000000000FE20F000000000FE20F000000000FE2
310
00000000000000000000000000000000000000000000000000000000000000000000000000000000000000000000000000000000000000000000000000000000000000000000000000000000000000000000000000000000000000000000000000000000000000000000000000000000000000000000000000000000000000
310
00000000000000000000000000000000000000000000000000000000000000000000000000000000000000000000000000000000000000000000000000000000000000000000000000000000000000000000000000000000000000000000000000000000E20F000000000FE20F000000E2E2E20F000000000FE20F00000000
310
0FE20000000000000000000000000000000000000000000000000000000000000000000000000000000000000000000000000000000000000000000000000000000000000000000000000000000000000000000000000000000000000000000000000000000000000000000000000000000000000000000000000000000000
310
000000000000000000000000000000000000000000000000000000000000000000000000000000000000000000000000000000000000000000000000000000000000000000000000000000000000000000000000000000000000000000000000000000000000E20F000000000FE20F00000000E2000F000000000FE20F0000
310
0000E2E2000000000000000000000000000000000000000000000000000000000000000000000000000000000000000000000000000000000000000000000000000000000000000000000000000000000000000000000000000000000000000000000000000000000000000000000000000000000000000000000000000000
310
0000000000000000000000000000000000000000000000000000000000000000000000000000000000000000000000000000000000000000000000000000000000000000000000000000000000000000000000000000000000000000000000000000000000000000E20F000000000FE2E2000000000F000F000000000FE20F
310
000000000FE200000000000000000000000000000000000000000000000000000000000000000000000000000000000000000000000000000000000000000000000000000000000000000000000000000000000000000000000000000000000000000000000000000000000000000000000000000000000000000000000000
310
00000000000000000000000000000000000000000000000000000000000000000000000000000000000000000000000000000000000000000000000000000000000000000000000000000000000000000000000000000000000000000000000000000000000000000000E20F000000000FE2E20F0000000F000F0000000F0F
310
E20F000000000FE20000000000000000000000000000000000000000000000000000000000000000000000000000000000000000000000000000000000000000000000000000000000000000000000000000000000000000000000000000000000000000000000000000000000000000000000000000000000000000000000
310
000000000000000000000000000000000000000000000000000000000000000000000000000000000000000000000000000000000000000000000000000000000000000000000000000000000000000000000000000000000000000000000000000000000000000000000000E20F000000000FE2E2E20F00000F000F0000E2
310
0F0FE20F000000000FE2000000000000000000000000000000000000000000000000000000000000000000000000000000000000000000000000000000000000000000000000000000000000000000000000000000000000000000000000000000000000000000000000000000000000000000000000000000000000000000
310
0000000000000000000000000000000000000000000000000000000000000000000000000000000000000000000000000000000000000000000000000000000000000000000000000000000000000000000000000000000000000000000000000000000000000000000000000000E20F8B0000000FE2E2E2E20F0FE200E20F
310
0F0FE2E2E20F008B00000FE200000000000000000000000000000000000000000000000000000000000000000000000000000000000000000000000000000000000000000000000000000000000000000000000000000000000000000000000000000000000000000000000000000000000000000000000000000000000000
310
00000000000000000000000000000000000000000000000000000000000000000000000000000000000000000000000000000000000000000000000000000000000000000000000000000000000000000000000000000000000000000000000000000000000000000000000000000000E20F00000000E200E2E2E2E2E2E200
310
E2E2E2E2E2E200E2000000000FE20000000000000000000000000000000000000000000000000000000000000000000000000000000000000000000000000000000000000000000000000000000000000000000000000000000000000000000000000000000000000000000000000000000000000000000000000000000000
310
000000000000000000000000000000000000000000000000000000000000000000000000000000000000000000000000000000000000000000000000000000000000000000000000000000000000000000000000000000000000000000000000000000000000000000000000000000000000E20F0000E2E2E2E2E2E2E20F0F
310
0F0F0F0FE20FE200E2E2E2E200000FE2000000000000000000000000000000000000000000000000000000000000000000000000000000000000000000000000000000000000000000000000000000000000000000000000000000000000000000000000000000000000000000000000000000000000000000000000000000
310
0000000000000000000000000000000000000000000000000000000000000000000000000000000000000000000000000000000000000000000000000000000000000000000000000000000000000000000000000000000000000000000000000000000000000000000000000000000000000000E20F0000E2000FE2E2E2E2
310
000000000000E2E20000E20F00E200000FE200000000000000000000000000000000000000000000000000000000000000000000000000000000000000000000000000000000000000000000000000000000000000000000000000000000000000000000000000000000000000000000000000000000000000000000000000
310
00000000000000000000000000000000000000000000000000000000000000000000000000000000000000000000000000000000000000000000000000000000000000000000000000000000000000000000000000000000000000000000000000000000000000000000000000000000000000000000E2E20F0FE2E2E200E2
310
E2E2E2E2E2E2E2E2E2E2000000E2E2E20F0FE2E20000000000000000000000000000000000000000000000000000000000000000000000000000000000000000000000000000000000000000000000000000000000000000000000000000000000000000000000000000000000000000000000000000000000000000000000
310
00000000000000000000000000000000000000000000000000000000000000000000000000000000000000000000000000000000000000000000000000000000000000000000000000000000000000000000000000000000000000000000000000000000000000000000000000000000000000000000000000000000000000
310
00000000000000000000000000000000000000000000000000000000000000000000000000000000000000000000000000000000000000000000000000000000000000000000000000000000000000000000000000000000000000000000000000000000000000000000000000000000000000000000000000000000000000
310
00000000000000000000000000000000000000000000000000000000000000000000000000000000000000000000000000000000000000000000000000000000000000000000000000000000000000000000000000000000000000000000000000000000000000000000000000000000000000000000000000000000000000
310
00000000000000000000000000000000000000000000000000000000000000000000000000000000000000000000000000000000000000000000000000000000000000000000000000000000000000000000000000000000000000000000000000000000000000000000000000000000000000000000000000000000000000
310
00000000000000000000000000000000000000000000000000000000000000000000000000000000000000000000000000000000000000000000000000000000000000000000000000000000000000000000000000000000000000000000000000000000000000000000000000000000000000000000000000000000000000
310
00000000000000000000000000000000000000000000000000000000000000000000000000000000000000000000000000000000000000000000000000000000000000000000000000000000000000000000000000000000000000000000000000000000000000000000000000000000000000000000000000000000000000
310
00000000000000000000000000000000000000000000000000000000000000000000000000000000000000000000000000000000000000000000000000000000000000000000000000000000000000000000000000000000000000000000000000000000000000000000000000000000000000000000000000000000000000
310
00000000000000000000000000000000000000000000000000000000000000000000000000000000000000000000000000000000000000000000000000000000000000000000000000000000000000000000000000000000000000000000000000000000000000000000000000000000000000000000000000000000000000
310
00000000000000000000000000000000000000000000000000000000000000000000000000000000000000000000000000000000000000000000000000000000000000000000000000000000000000000000000000000000000000000000000000000000000000000000000000000000000000000000000000000000000000
310
00000000000000000000000000000000000000000000000000000000000000000000000000000000000000000000000000000000000000000000000000000000000000000000000000000000000000000000000000000000000000000000000000000000000000000000000000000000000000000000000000000000000000
310
00000000000000000000000000000000000000000000000000000000000000000000000000000000000000000000000000000000000000000000000000000000000000000000000000000000000000000000000000000000000000000000000000000000000000000000000000000000000000000000000000000000000000
310
00000000000000000000000000000000000000000000000000000000000000000000000000000000000000000000000000000000000000000000000000000000000000000000000000000000000000000000000000000000000000000000000000000000000000000000000000000000000000000000000000000000000000
310
00000000000000000000000000000000000000000000000000000000000000000000000000000000000000000000000000000000000000000000000000000000000000000000000000000000000000000000000000000000000000000000000000000000000000000000000000000000000000000000000000000000000000
310
00000000000000000000000000000000000000000000000000000000000000000000000000000000000000000000000000000000000000000000000000000000000000000000000000000000000000000000000000000000000000000000000000000000000000000000000000000000000000000000000000000000000000
310
00000000000000000000000000000000000000000000000000000000000000000000000000000000000000000000000000000000000000000000000000000000000000000000000000000000000000000000000000000000000000000000000000000000000000000000000000000000000000000000000000000000000000
310
00000000000000000000000000000000000000000000000000000000000000000000000000000000000000000000000000000000000000000000000000000000000000000000000000000000000000000000000000000000000000000000000000000000000000000000000000000000000000000000000000000000000000
310
00000000000000000000000000000000000000000000000000000000000000000000000000000000000000000000000000000000000000000000000000000000000000000000000000000000000000000000000000000000000000000000000000000000000000000000000000000000000000000000000000000000000000
310
000000000000000000E2E20000E20000000000000000000000000000000000000000E2000000E2000000000000000000E2E2E2E2E2E200E2E2E2E2E2E2E200E2E2E2E2E2E2E2E2E2E2E2E2E2E20000000000000000000000000000000000000000000000000000000000000000000000000000000000000000000000000000
310
00000000000000000000000000000000000000000000000000000000000000000000000000000000000000000000000000000000000000000000000000000000000000000000000000000000000000000000000000000000000000000000000000000000000000000000000000000000000000000000000000000000000000
310
00000000000000000000E2E2E2E2E2E2E200000000000000000000000000000000000000E2E2E2E2E2000000000000000000E200000000E200E20000000000E200E20000000000E2E20000000000E2000000000000000000000000000000000000000000000000000000000000000000000000000000000000000000000000
310
00000000000000000000000000000000000000000000000000000000000000000000000000000000000000000000000000000000000000000000000000000000000000000000000000000000000000000000000000000000000000000000000000000000000000000000000000000000000000000000000000000000000000
310
000000000000000000000000E2E2000000E2E200000000000000000000000000000000000000E20000000F0000000000000000E2E20F0F0F0FE2E2E20F0F0F0F0FE2E2E20F0F0F0F0FE2E20F0F0F0F0FE200000000000000000000000000000000000000000000000000000000000000000000000000000000000000000000
310
00000000000000000000000000000000000000000000000000000000000000000000000000000000000000000000000000000000000000000000000000000000000000000000000000000000000000000000000000000000000000000000000000000000000000000000000000000000000000000000000000000000000000
310
0000000000000000000000000000E2E2E20000E2E200000000000000000000000000000000000000E20000000F0000000000000000E20F000000000FE20F00000000000FE20F0000000000E20F00000000000F0000000000000000000000000000000000000000000000000000000000000000000000000000000000000000
310
00000000000000000000000000000000000000000000000000000000000000000000000000000000000000000000000000000000000000000000000000000000000000000000000000000000000000000000000000000000000000000000000000000000000000000000000000000000000000000000000000000000000000
310
00000000000000000000000000000000E2E2000000E2E200000000000000000000000000000000000000E20000000F0000000000000000E20F000000000FE20F00000000000FE20F0000000000E20F00000000000F000000000000000000000000000000000000000000000000000000000000000000000000000000000000
310
00000000000000000000000000000000000000000000000000000000000000000000000000000000000000000000000000000000000000000000000000000000000000000000000000000000000000000000000000000000000000000000000000000000000000000000000000000000000000000000000000000000000000
310
000000000000000000000000000000000000E2E2000000E2E200000000000000000000000000000000000000E20000000F0000000000000000E20F000000000FE20F00000000000FE20F0000000000E20F00000000000F00000000000000000000000000000000000000000000000000000000000000000000000000000000
310
00000000000000000000000000000000000000000000000000000000000000000000000000000000000000000000000000000000000000000000000000000000000000000000000000000000000000000000000000000000000000000000000000000000000000000000000000000000000000000000000000000000000000
310
0000000000000000000000000000000000000000E2E20000E2E2E2E2E2E2E2E2E2E2E2E200E2E2E2E2E2E2E2E2E2E20000000F0000000000000000E20F000000000FE20F00000000E2E2E20F0000000000E20F00000000000F0000000000000000000000000000000000000000000000000000000000000000000000000000
310
00000000000000000000000000000000000000000000000000000000000000000000000000000000000000000000000000000000000000000000000000000000000000000000000000000000000000000000000000000000000000000000000000000000000000000000000000000000000000000000000000000000000000
310
00000000000000000000000000000000000000000000E2E200E2E2E2E2E20F0F0F0F0F0F0FE2E2E20F0F0F0F0F0F0FE2E20000000F0000000000000000E20F000000000FE20F00000000E2E2E20F0000000000E20F00000000000F000000000000000000000000000000000000000000000000000000000000000000000000
310
00000000000000000000000000000000000000000000000000000000000000000000000000000000000000000000000000000000000000000000000000000000000000000000000000000000000000000000000000000000000000000000000000000000000000000000000000000000000000000000000000000000000000
310
000000000000000000000000000000000000000000000000E2E20000000FE2E2000000000000000FE20F000000000000000FE20000000F0000000000000000E20F000000000FE20F00000000000FE20F0000000000E20F00000000000F00000000000000000000000000000000000000000000000000000000000000000000
310
00000000000000000000000000000000000000000000000000000000000000000000000000000000000000000000000000000000000000000000000000000000000000000000000000000000000000000000000000000000000000000000000000000000000000000000000000000000000000000000000000000000000000
310
0000000000000000000000000000000000000000000000000000E2E20000000FE2E2E20000000000000FE20F000000000000000FE20000000F0000000000000000E20F000000000FE20F00000000E2E2E20F0000000000E20F00000000000F0000000000000000000000000000000000000000000000000000000000000000
310
00000000000000000000000000000000000000000000000000000000000000000000000000000000000000000000000000000000000000000000000000000000000000000000000000000000000000000000000000000000000000000000000000000000000000000000000000000000000000000000000000000000000000
310
00000000000000000000000000000000000000000000000000000000E2E2E200000FE2E2E2E200000000000FE20F000000000000000FE20000000F0000000000000000E20F000000000FE20F00000000E2E2E20F0000000000E20F00000000000F000000000000000000000000000000000000000000000000000000000000
310
00000000000000000000000000000000000000000000000000000000000000000000000000000000000000000000000000000000000000000000000000000000000000000000000000000000000000000000000000000000000000000000000000000000000000000000000000000000000000000000000000000000000000
310
000000000000000000000000000000000000000000000000000000000000E2E20000000FE2E2000000000000000FE20F000000000000000FE20000000F0000000000000000E20F000000000FE20F00000000000FE20F0000000000E20F00000000000F00000000000000000000000000000000000000000000000000000000
310
00000000000000000000000000000000000000000000000000000000000000000000000000000000000000000000000000000000000000000000000000000000000000000000000000000000000000000000000000000000000000000000000000000000000000000000000000000000000000000000000000000000000000
310
0000000000000000000000000000000000000000000000000000000000000000E2E2E200000FE2E2000000000000000FE20F000000000000000FE20000000F0000000000000000E20F000000000FE20F00000000000FE20F0000000000E20F00000000000F0000000000000000000000000000000000000000000000000000
310
00000000000000000000000000000000000000000000000000000000000000000000000000000000000000000000000000000000000000000000000000000000000000000000000000000000000000000000000000000000000000000000000000000000000000000000000000000000000000000000000000000000000000
310
00000000000000000000000000000000000000000000000000000000000000000000E2E2E200000FE2E2E2E200E2E2E2E2E2E20F000000000000000FE20000000F0000000000000000E20F000000000FE2E20000E20000E2E20F0000000000E20F00000000000F000000000000000000000000000000000000000000000000
310
00000000000000000000000000000000000000000000000000000000000000000000000000000000000000000000000000000000000000000000000000000000000000000000000000000000000000000000000000000000000000000000000000000000000000000000000000000000000000000000000000000000000000
310
000000000000000000000000000000000000000000000000000000000000000000000000E2E20F0F0FE2E2E20FE2E20FE2E2E20FE2E20F0F0F0F0F0F0F0FE20F0F0F0F0000000000000000E2E20F0F0F0F0FE20FE2E2E2E2E20FE2E20F0F0F0F0FE2E20F0F0F0F0F0F00000000000000000000000000000000000000000000
310
00000000000000000000000000000000000000000000000000000000000000000000000000000000000000000000000000000000000000000000000000000000000000000000000000000000000000000000000000000000000000000000000000000000000000000000000000000000000000000000000000000000000000
310
000000000000000000000000000000000000000000000000000000000000000000000000000000E20000000000E2E2E2E2E2000000E2000000000000000000000000000000000000000000000000000000000000E2E2E2E2E200E2E20000000000000000000000000000000000000000000000000000000000000000000000
310
00000000000000000000000000000000000000000000000000000000000000000000000000000000000000000000000000000000000000000000000000000000000000000000000000000000000000000000000000000000000000000000000000000000000000000000000000000000000000000000000000000000000000
310
00000000000000000000000000000000000000000000000000000000000000000000000000000000000000000000000000000000000000000000000000000000000000000000000000000000000000000000000000000000000000000000000000000000000000000000000000000000000000000000000000000000000000
310
00000000000000000000000000000000000000000000000000000000000000000000000000000000000000000000000000000000000000000000000000000000000000000000000000000000000000000000000000000000000000000000000000000000000000000000000000000000000000000000000000000000000000
310
00000000000000000000000000000000000000000000000000000000000000000000000000000000000000000000000000000000000000000000000000000000000000000000000000000000000000000000000000000000000000000000000000000000000000000000000000000000000000000000000000000000000000
310
00000000000000000000000000000000000000000000000000000000000000000000000000000000000000000000000000000000000000000000000000000000000000000000000000000000000000000000000000000000000000000000000000000000000000000000000000000000000000000000000000000000000000
310
00000000000000000000000000000000000000000000000000000000000000000000000000000000000000000000000000000000000000000000000000000000000000000000000000000000000000000000000000000000000000000000000000000000000000000000000000000000000000000000000000000000000000
310
00000000000000000000000000000000000000000000000000000000000000000000000000000000000000000000000000000000000000000000000000000000000000000000000000000000000000000000000000000000000000000000000000000000000000000000000000000000000000000000000000000000000000
310
00000000000000000000000000000000000000000000000000000000000000000000000000000000000000000000000000000000000000000000000000000000000000000000000000000000000000000000000000000000000000000000000000000000000000000000000000000000000000000000000000000000000000
310
00000000000000000000000000000000000000000000000000000000000000000000000000000000000000000000000000000000000000000000000000000000000000000000000000000000000000000000000000000000000000000000000000000000000000000000000000000000000000000000000000000000000000
310
00000000000000000000000000000000000000000000000000000000000000000000000000000000000000000000000000000000000000000000000000000000000000000000000000000000000000000000000000000000000000000000000000000000000000000000000000000000000000000000000000000000000000
310
00000000000000000000000000000000000000000000000000000000000000000000000000000000000000000000000000000000000000000000000000000000000000000000000000000000000000000000000000000000000000000000000000000000000000000000000000000000000000000000000000000000000000
310
00000000000000000000000000000000000000000000000000000000000000000000000000000000000000000000000000000000000000000000000000000000000000000000000000000000000000000000000000000000000000000000000000000000000000000000000000000000000000000000000000000000000000
310
00000000000000000000000000000000000000000000000000000000000000000000000000000000000000000000000000000000000000000000000000000000000000000000000000000000000000000000000000000000000000000000000000000000000000000000000000000000000000000000000000000000000000
310
00000000000000000000000000000000000000000000000000000000000000000000000000000000000000000000000000000000000000000000000000000000000000000000000000000000000000000000000000000000000000000000000000000000000000000000000000000000000000000000000000000000000000
310
00000000000000000000000000000000000000000000000000000000000000000000000000000000000000000000000000000000000000000000000000000000000000000000000000000000000000000000000000000000000000000000000000000000000000000000000000000000000000000000000000000000000000
310
00000000000000000000000000000000000000000000000000000000000000000000000000000000000000000000000000000000000000000000000000000000000000000000000000000000000000000000000000000000000000000000000000000000000000000000000000000000000000000000000000000000000000
310
00000000000000000000000000000000000000000000000000000000000000000000000000000000000000000000000000000000000000000000000000000000000000000000000000000000000000000000000000000000000000000000000000000000000000000000000000000000000000000000000000000000000000
310
00000000000000000000000000000000000000000000000000000000000000000000000000000000000000000000000000000000000000000000000000000000000000000000000000000000000000000000000000000000000000000000000000000000000000000000000000000000000000000000000000000000000000
310
00000000000000000000000000000000000000000000000000000000000000000000000000000000000000000000000000000000000000000000000000000000000000000000000000000000000000000000000000000000000000000000000000000000000000000000000000000000000000000000000000000000000000
310
00000000000000000000000000000000000000000000000000000000000000000000000000000000000000000000000000000000000000000000000000000000000000000000000000000000000000000000000000000000000000000000000000000000000000000000000000000000000000000000000000000000000000
310
00000000000000000000000000000000000000000000000000000000000000000000000000000000000000000000000000000000000000000000000000000000000000000000000000000000000000000000000000000000000000000000000000000000000000000000000000000000000000000000000000000000000000
310
00000000000000000000000000000000000000000000000000000000000000000000000000000000000000000000000000000000000000000000000000000000000000000000000000000000000000000000000000000000000000000000000000000000000000000000000000000000000000000000000000000000000000
310
00000000000000000000000000000000000000000000000000000000000000000000000000000000000000000000000000000000000000000000000000000000000000000000000000000000000000000000000000000000000000000000000000000000000000000000000000000000000000000000000000000000000000
310
00000000000000000000000000000000000000000000000000000000000000000000000000000000000000000000000000000000000000000000000000000000000000000000000000000000000000000000000000000000000000000000000000000000000000000000000000000000000000000000000000000000000000
310
00000000000000000000000000000000000000000000000000000000000000000000000000000000000000000000000000000000000000000000000000000000000000000000000000000000000000000000000000000000000000000000000000000000000000000000000000000000000000000000000000000000000000
310
00000000000000000000000000000000000000000000000000000000000000000000000000000000000000000000000000000000000000000000000000000000000000000000000000000000000000000000000000000000000000000000000000000000000000000000000000000000000000000000000000000000000000
310
00000000000000000000000000000000000000000000000000000000000000000000000000000000000000000000000000000000000000000000000000000000000000000000000000000000000000000000000000000000000000000000000000000000000000000000000000000000000000000000000000000000000000
310
00000000000000000000000000000000000000000000000000000000000000000000000000000000000000000000000000000000000000000000000000000000000000000000000000000000000000000000000000000000000000000000000000000000000000000000000000000000000000000000000000000000000000
310
00000000000000000000000000000000000000000000000000000000000000000000000000000000000000000000000000000000000000000000000000000000000000000000000000000000000000000000000000000000000000000000000000000000000000000000000000000000000000000000000000000000000000
310
00000000000000000000000000000000000000000000000000000000000000000000000000000000000000000000000000000000000000000000000000000000000000000000000000000000000000000000000000000000000000000000000000000000000000000000000000000000000000000000000000000000000000
310
00000000000000000000000000000000000000000000000000000000000000000000000000000000000000000000000000000000000000000000000000000000000000000000000000000000000000000000000000000000000000000000000000000000000000000000000000000000000000000000000000000000000000
310
00000000000000000000000000000000000000000000000000000000000000000000000000000000000000000000000000000000000000000000000000000000000000000000000000000000000000000000000000000000000000000000000000000000000000000000000000000000000000000000000000000000000000
310
00000000000000000000000000000000000000000000000000000000000000000000000000000000000000000000000000000000000000000000000000000000000000000000000000000000000000000000000000000000000000000000000000000000000000000000000000000000000000000000000000000000000000
310
00000000000000000000000000000000000000000000000000000000000000000000000000000000000000000000000000000000000000000000000000000000000000000000000000000000000000000000000000000000000000000000000000000000000000000000000000000000000000000000000000000000000000
310
00000000000000000000000000000000000000000000000000000000000000000000000000000000000000000000000000000000000000000000000000000000000000000000000000000000000000000000000000000000000000000000000000000000000000000000000000000000000000000000000000000000000000
310
00000000000000000000000000000000000000000000000000000000000000000000000000000000000000000000000000000000000000000000000000000000000000000000000000000000000000000000000000000000000000000000000000000000000000000000000000000000000000000000000000000000000000
310
00000000000000000000000000000000000000000000000000000000000000000000000000000000000000000000000000000000000000000000000000000000000000000000000000000000000000000000000000000000000000000000000000000000000000000000000000000000000000000000000000000000000000
310
00000000000000000000000000000000000000000000000000000000000000000000000000000000000000000000000000000000000000000000000000000000000000000000000000000000000000000000000000000000000000000000000000000000000000000000000000000000000000000000000000000000000000
310
00000000000000000000000000000000000000000000000000000000000000000000000000000000000000000000000000000000000000000000000000000000000000000000000000000000000000000000000000000000000000000000000000000000000000000000000000000000000000000000000000000000000000
310
00000000000000000000000000000000000000000000000000000000000000000000000000000000000000000000000000000000000000000000000000000000000000000000000000000000000000000000000000000000000000000000000000000000000000000000000000000000000000000000000000000000000000
310
00000000000000000000000000000000000000000000000000000000000000000000000000000000000000000000000000000000000000000000000000000000000000000000000000000000000000000000000000000000000000000000000000000000000000000000000000000000000000000000000000000000000000
310
00000000000000000000000000000000000000000000000000000000000000000000000000000000000000000000000000000000000000000000000000000000000000000000000000000000000000000000000000000000000000000000000000000000000000000000000000000000000000000000000000000000000000
310
00000000000000000000000000000000000000000000000000000000000000000000000000000000000000000000000000000000000000000000000000000000000000000000000000000000000000000000000000000000000000000000000000000000000000000000000000000000000000000000000000000000000000
310
00000000000000000000000000000000000000000000000000000000000000000000000000000000000000000000000000000000000000000000000000000000000000000000000000000000000000000000000000000000000000000000000000000000000000000000000000000000000000000000000000000000000000
310
00000000000000000000000000000000000000000000000000000000000000000000000000000000000000000000000000000000000000000000000000000000000000000000000000000000000000000000000000000000000000000000000000000000000000000000000000000000000000000000000000000000000000
310
00000000000000000000000000000000000000000000000000000000000000000000000000000000000000000000000000000000000000000000000000000000000000000000000000000000000000000000000000000000000000000000000000000000000000000000000000000000000000000000000000000000000000
310
00000000000000000000000000000000000000000000000000000000000000000000000000000000000000000000000000000000000000000000000000000000000000000000000000000000000000000000000000000000000000000000000000000000000000000000000000000000000000000000000000000000000000
310
00000000000000000000000000000000000000000000000000000000000000000000000000000000000000000000000000000000000000000000000000000000000000000000000000000000000000000000000000000000000000000000000000000000000000000000000000000000000000000000000000000000000000
310
00000000000000000000000000000000000000000000000000000000000000000000000000000000000000000000000000000000000000000000000000000000000000000000000000000000000000000000000000000000000000000000000000000000000000000000000000000000000000000000000000000000000000
310
00000000000000000000000000000000000000000000000000000000000000000000000000000000000000000000000000000000000000000000000000000000000000000000000000000000000000000000000000000000000000000000000000000000000000000000000000000000000000000000000000000000000000
310
00000000000000000000000000000000000000000000000000000000000000000000000000000000000000000000000000000000000000000000000000000000000000000000000000000000000000000000000000000000000000000000000000000000000000000000000000000000000000000000000000000000000000
310
00000000000000000000000000000000000000000000000000000000000000000000000000000000000000000000000000000000000000000000000000000000000000000000000000000000000000000000000000000000000000000000000000000000000000000000000000000000000000000000000000000000000000
310
00000000000000000000000000000000000000000000000000000000000000000000000000000000000000000000000000000000000000000000000000000000000000000000000000000000000000000000000000000000000000000000000000000000000000000000000000000000000000000000000000000000000000
310
00000000000000000000000000000000000000000000000000000000000000000000000000000000000000000000000000000000000000000000000000000000000000000000000000000000000000000000000000000000000000000000000000000000000000000000000000000000000000000000000000000000000000
310
00000000000000000000000000000000000000000000000000000000000000000000000000000000000000000000000000000000000000000000000000000000000000000000000000000000000000000000000000000000000000000000000000000000000000000000000000000000000000000000000000000000000000
310
00000000000000000000000000000000000000000000000000000000000000000000000000000000000000000000000000000000000000000000000000000000000000000000000000000000000000000000000000000000000000000000000000000000000000000000000000000000000000000000000000000000000000
310
00000000000000000000000000000000000000000000000000000000000000000000000000000000000000000000000000000000000000000000000000000000000000000000000000000000000000000000000000000000000000000000000000000000000000000000000000000000000000000000000000000000000000
310
00000000000000000000000000000000000000000000000000000000000000000000000000000000000000000000000000000000000000000000000000000000000000000000000000000000000000000000000000000000000000000000000000000000000000000000000000000000000000000000000000000000000000
310
00000000000000000000000000000000000000000000000000000000000000000000000000000000000000000000000000000000000000000000000000000000000000000000000000000000000000000000000000000000000000000000000000000000000000000000000000000000000000000000000000000000000000
310
00000000000000000000000000000000000000000000000000000000000000000000000000000000000000000000000000000000000000000000000000000000000000000000000000000000000000000000000000000000000000000000000000000000000000000000000000000000000000000000000000000000000000
310
00000000000000000000000000000000000000000000000000000000000000000000000000000000000000000000000000000000000000000000000000000000000000000000000000000000000000000000000000000000000000000000000000000000000000000000000000000000000000000000000000000000000000
310
00000000000000000000000000000000000000000000000000000000000000000000000000000000000000000000000000000000000000000000000000000000000000000000000000000000000000000000000000000000000000000000000000000000000000000000000000000000000000000000000000000000000000
310
00000000000000000000000000000000000000000000000000000000000000000000000000000000000000000000000000000000000000000000000000000000000000000000000000000000000000000000000000000000000000000000000000000000000000000000000000000000000000000000000000000000000000
310
00000000000000000000000000000000000000000000000000000000000000000000000000000000000000000000000000000000000000000000000000000000000000000000000000000000000000000000000000000000000000000000000000000000000000000000000000000000000000000000000000000000000000
310
00000000000000000000000000000000000000000000000000000000000000000000000000000000000000000000000000000000000000000000000000000000000000000000000000000000000000000000000000000000000000000000000000000000000000000000000000000000000000000000000000000000000000
310
00000000000000000000000000000000000000000000000000000000000000000000000000000000000000000000000000000000000000000000000000000000000000000000000000000000000000000000000000000000000000000000000000000000000000000000000000000000000000000000000000000000000000
310
00000000000000000000000000000000000000000000000000000000000000000000000000000000000000000000000000000000000000000000000000000000000000000000000000000000000000000000000000000000000000000000000000000000000000000000000000000000000000000000000000000000000000
310
00000000000000000000000000000000000000000000000000000000000000000000000000000000000000000000000000000000000000000000000000000000000000000000000000000000000000000000000000000000000000000000000000000000000000000000000000000000000000000000000000000000000000
310
00000000000000000000000000000000000000000000000000000000000000000000000000000000000000000000000000000000000000000000000000000000000000000000000000000000000000000000000000000000000000000000000000000000000000000000000000000000000000000000000000000000000000
310
00000000000000000000000000000000000000000000000000000000000000000000000000000000000000000000000000000000000000000000000000000000000000000000000000000000000000000000000000000000000000000000000000000000000000000000000000000000000000000000000000000000000000
310
00000000000000000000000000000000000000000000000000000000000000000000000000000000000000000000000000000000000000000000000000000000000000000000000000000000000000000000000000000000000000000000000000000000000000000000000000000000000000000000000000000000000000
310
00000000000000000000000000000000000000000000000000000000000000000000000000000000000000000000000000000000000000000000000000000000000000000000000000000000000000000000000000000000000000000000000000000000000000000000000000000000000000000000000000000000000000
310
00000000000000000000000000000000000000000000000000000000000000000000000000000000000000000000000000000000000000000000000000000000000000000000000000000000000000000000000000000000000000000000000000000000000000000000000000000000000000000000000000000000000000
310
00000000000000000000000000000000000000000000000000000000000000000000000000000000000000000000000000000000000000000000000000000000000000000000000000000000000000000000000000000000000000000000000000000000000000000000000000000000000000000000000000000000000000
310
00000000000000000000000000000000000000000000000000000000000000000000000000000000000000000000000000000000000000000000000000000000000000000000000000000000000000000000000000000000000000000000000000000000000000000000000000000000000000000000000000000000000000
310
00000000000000000000000000000000000000000000000000000000000000000000000000000000000000000000000000000000000000000000000000000000000000000000000000000000000000000000000000000000000000000000000000000000000000000000000000000000000000000000000000000000000000
310
00000000000000000000000000000000000000000000000000000000000000000000000000000000000000000000000000000000000000000000000000000000000000000000000000000000000000000000000000000000000000000000000000000000000000000000000000000000000000000000000000000000000000
310
00000000000000000000000000000000000000000000000000000000000000000000000000000000000000000000000000000000000000000000000000000000000000000000000000000000000000000000000000000000000000000000000000000000000000000000000000000000000000000000000000000000000000
310
00000000000000000000000000000000000000000000000000000000000000000000000000000000000000000000000000000000000000000000000000000000000000000000000000000000000000000000000000000000000000000000000000000000000000000000000000000000000000000000000000000000000000
310
00000000000000000000000000000000000000000000000000000000000000000000000000000000000000000000000000000000000000000000000000000000000000000000000000000000000000000000000000000000000000000000000000000000000000000000000000000000000000000000000000000000000000
310
00000000000000000000000000000000000000000000000000000000000000000000000000000000000000000000000000000000000000000000000000000000000000000000000000000000000000000000000000000000000000000000000000000000000000000000000000000000000000000000000000000000000000
310
00000000000000000000000000000000000000000000000000000000000000000000000000000000000000000000000000000000000000000000000000000000000000000000000000000000000000000000000000000000000000000000000000000000000000000000000000000000000000000000000000000000000000
310
00000000000000000000000000000000000000000000000000000000000000000000000000000000000000000000000000000000000000000000000000000000000000000000000000000000000000000000000000000000000000000000000000000000000000000000000000000000000000000000000000000000000000
310
00000000000000000000000000000000000000000000000000000000000000000000000000000000000000000000000000000000000000000000000000000000000000000000000000000000000000000000000000000000000000000000000000000000000000000000000000000000000000000000000000000000000000
310
00000000000000000000000000000000000000000000000000000000000000000000000000000000000000000000000000000000000000000000000000000000000000000000000000000000000000000000000000000000000000000000000000000000000000000000000000000000000000000000000000000000000000
310
00000000000000000000000000000000000000000000000000000000000000000000000000000000000000000000000000000000000000000000000000000000000000000000000000000000000000000000000000000000000000000000000000000000000000000000000000000000000000000000000000000000000000
310
00000000000000000000000000000000000000000000000000000000000000000000000000000000000000000000000000000000000000000000000000000000000000000000000000000000000000000000000000000000000000000000000000000000000000000000000000000000000000000000000000000000000000
310
00000000000000000000000000000000000000000000000000000000000000000000000000000000000000000000000000000000000000000000000000000000000000000000000000000000000000000000000000000000000000000000000000000000000000000000000000000000000000000000000000000000000000
310
00000000000000000000000000000000000000000000000000000000000000000000000000000000000000000000000000000000000000000000000000000000000000000000000000000000000000000000000000000000000000000000000000000000000000000000000000000000000000000000000000000000000000
310
00000000000000000000000000000000000000000000000000000000000000000000000000000000000000000000000000000000000000000000000000000000000000000000000000000000000000000000000000000000000000000000000000000000000000000000000000000000000000000000000000000000000000
310
00000000000000000000000000000000000000000000000000000000000000000000000000000000000000000000000000000000000000000000000000000000000000000000000000000000000000000000000000000000000000000000000000000000000000000000000000000000000000000000000000000000000000
310
00000000000000000000000000000000000000000000000000000000000000000000000000000000000000000000000000000000000000000000000000000000000000000000000000000000000000000000000000000000000000000000000000000000000000000000000000000000000000000000000000000000000000
310
00000000000000000000000000000000000000000000000000000000000000000000000000000000000000000000000000000000000000000000000000000000000000000000000000000000000000000000000000000000000000000000000000000000000000000000000000000000000000000000000000000000000000
310
00000000000000000000000000000000000000000000000000000000000000000000000000000000000000000000000000000000000000000000000000000000000000000000000000000000000000000000000000000000000000000000000000000000000000000000000000000000000000000000000000000000000000
310
00000000000000000000000000000000000000000000000000000000000000000000000000000000000000000000000000000000000000000000000000000000000000000000000000000000000000000000000000000000000000000000000000000000000000000000000000000000000000000000000000000000000000
310
00000000000000000000000000000000000000000000000000000000000000000000000000000000000000000000000000000000000000000000000000000000000000000000000000000000000000000000000000000000000000000000000000000000000000000000000000000000000000000000000000000000000000
310
00000000000000000000000000000000000000000000000000000000000000000000000000000000000000000000000000000000000000000000000000000000000000000000000000000000000000000000000000000000000000000000000000000000000000000000000000000000000000000000000000000000000000
310
00000000000000000000000000000000000000000000000000000000000000000000000000000000000000000000000000000000000000000000000000000000000000000000000000000000000000000000000000000000000000000000000000000000000000000000000000000000000000000000000000000000000000
310
00000000000000000000000000000000000000000000000000000000000000000000000000000000000000000000000000000000000000000000000000000000000000000000000000000000000000000000000000000000000000000000000000000000000000000000000000000000000000000000000000000000000000
310
00000000000000000000000000000000000000000000000000000000000000000000000000000000000000000000000000000000000000000000000000000000000000000000000000000000000000000000000000000000000000000000000000000000000000000000000000000000000000000000000000000000000000
310
00000000000000000000000000000000000000000000000000000000000000000000000000000000000000000000000000000000000000000000000000000000000000000000000000000000000000000000000000000000000000000000000000000000000000000000000000000000000000000000000000000000000000
310
0000000000000000000000000000000000000000000000000000000000000000000000000000000000000000000000000000000000000000000000000000
  0
XRECORD
  5
8D797
102
{ACAD_REACTORS
330
7F71
102
}
330
7F71
100
AcDbXrecord
280
     1
310
2800000000010000B4000000010008000000000000B4000000000000000000000000000000000000FFFFFF00FFFFFF00FFFFFF000000000000000000000000000000000000000000000000000000000000000000330000006600000099000000CC000000FF00000000330000333300006633000099330000CC330000FF3300
310
0000660000336600006666000099660000CC660000FF66000000990000339900006699000099990000CC990000FF99000000CC000033CC000066CC000099CC0000CCCC0000FFCC000000FF000033FF000066FF000099FF0000CCFF0000FFFF000000003300330033006600330099003300CC003300FF003300003333003333
310
33006633330099333300CC333300FF33330000663300336633006666330099663300CC663300FF66330000993300339933006699330099993300CC993300FF99330000CC330033CC330066CC330099CC3300CCCC3300FFCC330000FF330033FF330066FF330099FF3300CCFF3300FFFF330000006600330066006600660099
310
006600CC006600FF00660000336600333366006633660099336600CC336600FF33660000666600336666006666660099666600CC666600FF66660000996600339966006699660099996600CC996600FF99660000CC660033CC660066CC660099CC6600CCCC6600FFCC660000FF660033FF660066FF660099FF6600CCFF6600
310
FFFF660000009900330099006600990099009900CC009900FF00990000339900333399006633990099339900CC339900FF33990000669900336699006666990099669900CC669900FF66990000999900339999006699990099999900CC999900FF99990000CC990033CC990066CC990099CC9900CCCC9900FFCC990000FF99
310
0033FF990066FF990099FF9900CCFF9900FFFF99000000CC003300CC006600CC009900CC00CC00CC00FF00CC000033CC003333CC006633CC009933CC00CC33CC00FF33CC000066CC003366CC006666CC009966CC00CC66CC00FF66CC000099CC003399CC006699CC009999CC00CC99CC00FF99CC0000CCCC0033CCCC0066CC
310
CC0099CCCC00CCCCCC00FFCCCC0000FFCC0033FFCC0066FFCC0099FFCC00CCFFCC00FFFFCC000000FF003300FF006600FF009900FF00CC00FF00FF00FF000033FF003333FF006633FF009933FF00CC33FF00FF33FF000066FF003366FF006666FF009966FF00CC66FF00FF66FF000099FF003399FF006699FF009999FF00CC
310
99FF00FF99FF0000CCFF0033CCFF0066CCFF0099CCFF00CCCCFF00FFCCFF0000FFFF0033FFFF0066FFFF0099FFFF00CCFFFF00FFFFFF00000000000D0D0D001A1A1A00282828003535350043434300505050005D5D5D006B6B6B00787878008686860093939300A1A1A100AEAEAE00BBBBBB00C9C9C900D6D6D600E4E4E400
310
F1F1F100FFFFFF0000000000000000000000000000000000000000000000000000000000000000000000000000000000E2E2E2E2E2E2E2E2E2E2E2E2E2E2E2E2E2E2E2E2E2E2E2E2E2E2E2E2E2E2E2E2E2E2E2E2E2E2E2E2E2E2E2E2E2E2E2E2E2E2E2E2E2E2E2E2E2E2E2E2E2E2E2E2E2E2E2E2E2E2E2E2E2E2E2E2E2E2E2
310
E2E2E2E2E2E2E2E2E2E2E2E2E2E2E2E2E2E2E2E2E2E2E2E2E2E2E2E2E2E2E2E2E2E2E2E2E2E2E2E2E2E2E2E2E2E2E2E2E2E2E2E2E2E2E2E2E2E2E2E2E2E2E2E2E2E2E2E2E2E2E2E2E2E2E2E2E2E2E2E2E2E2E2E2E2E2E2E2E2E2E2E2E2E2E2E2E2E2E2E2E2E2E2E2E2E2E2E2E2E2E2E2E2E2E2E2E2E2E2E2E2E2E2E2E2E2E2
310
E2E2E2E2E2E2E2E2E2E2E2E2E2E2E2E2E2E2E2E2E2E2E2E2E2E2E2E2E2E2E2E2E2E2E2E2E2E2E2E2E2E2E2E2E2E2E2E2ECECE2EAEAEAEAEAEAEAEAEAEAEAEAEAEAEAEAEAEAEAEAEAEAEAEAEAEAEAEAEAEAEAEAEAEAEAEAEAEAEAEAEAEAEAEAEAEAEAEAEAEAEAEAEAEAEAEAEAEAEAEAEAEAEAEAEAEAEAEAEAEAEAEAEAEAEAEA
310
EAEAEAEAEAEAEAEAEAEAEAEAEAEAEAEAEAEAEAEAEAEAEAEAEAEAEAEAEAEAEAEAEAEAEAEAEAEAEAEAEAEAEAEAEAEAEAEAEAEAEAEAEAEAEAEAEAEAEAEAEAEAEAEAEAEAEAEAEAEAEAEAEAEAEAEAEAEAEAEAEAEAEAEAEAEAEAEAEAEAEAEAEAEAEAEAEAEAEAEAEAEAEAEAEAEAEAEAEAEAEAEAEAEAEAEAEAEAEAEAEAEAEAEAEAEAEA
310
EAEAEAEAEAEAEAEAEAEAEAEAEAEAEAEAEAEAEAEAEAEAEAEAEAEAEAEAEAEAEAEAEAEAEAEAEAEAEAEAEAEAEAEAEAEAEAEAEAE2ECECE20000000000000000000000000000000000000000000000000000000000000000000000000000000000000000000000000000000000000000000000000000000000000000000000000000
310
00000000000000000000000000000000000000000000000000000000000000000000000000000000000000000000000000000000000000000000000000000000000000000000000000000000000000000000000000000000000000000000000000000000000000000000000000000000000000000000000000000000000000
310
000000000000000000000000000000000000000000000000000000000000000000000000000000000000000000000000000000E2ECECE20000000000E2E2E2E2E2E2E2E2E2E2E2E2E2E2E2E2E2E2E2E2E2E2E2E2E2E2E2E2E2E2E2E2E2E2E2E2E2E2E2E2E2E2E2E2E2E2E2E2E2E2E2E2E2E2E2E2E2E2E2E2E2E2E2E2E2E2E2
310
E2E2E2E2E2E2E2E2E2E2E2E2E2E2E2E2E2E2E2E2E2E2E2E2E2E2E2E2E2E2E2E2E2E2E2E2E2E2E2E2E2E2E2E2E2E2E2E2E2E2E2E2E2E2E2E2E2E2E2E2E2E2E2E2E2E2E2E2E2E2E2E2E2E2E2E2E2E2E2E2E2E2E2E2E2E2E2E2E2E2E2E2E2E2E2E2E2E2E2E2E2E2E2E2E2E2E2E2E2E2E2E2E2E2E2E2E2E2E2E2E2E2E2E2E2E2E2
310
E2E2E2E2E2E2E2E2E2E2E2E2E2E2E2E2E2E2E2E2E2E2E2E2E2E2E2E2E2E2E2E2E2E2E2E2E2E2E2E2E2E2E2E2E2E2E2E2E2E2E20000E2ECECE20000000000E200000000000000000000000000000000000000000000000000000000000000000000000000000000000000000000000000000000000000000000000000000000
310
00000000000000000000000000000000000000000000000000000000000000000000000000000000000000000000000000000000000000000000000000000000000000000000000000000000000000000000000000000000000000000000000000000000000000000000000000000000000000000000000000000000000000
310
00000000000000000000000000000000000000E20000000000000000000000000000000000000000000000000000000000000000E20000E2ECECE20000000000E20000000000000000000000000000000000000000000000000000000000000000000000000000000000000000000000000000000000000000000000000000
310
00000000000000000000000000000000000000000000000000000000000000000000000000000000000000000000000000000000000000000000000000000000000000000000000000000000000000000000000000000000000000000000000000000000000000000000000000000000000000000000000000000000000000
310
000000000000000000000000000000000000000000E20000E2E2E2E2E2E2E2E2E2E2E2E2E2E2E2E2E2E2E2E2E2E2E2E2E2E2E2E2E2E2E2E2E2F1ECECE20000000000E2000000000000000000000000000000000000000000000000000000000000000000000000000000000000000000000000000000000000000000000000
310
00000000000000000000000000000000000000000000000000000000000000000000000000000000000000000000000000000000000000000000000000000000000000000000000000000000000000000000000000000000000000000000000000000000000000000000000000000000000000000000000000000000000000
310
0000000000000000000000000000000000000000000000E20000E2E2E2E2E2E2E2E2E2E2E2E2E2E2E2E2E2E2E2E2E2E2E2E2E2E2E2E2E2E2E2E2E2F1ECECE20000000000E200000000000000000000000000000000000000000000000000000000000000000000000000000000000000000000000000000000000000000000
310
00000000000000000000000000000000000000000000000000000000000000000000000000000000000000000000000000000000000000000000000000000000000000000000000000000000000000000000000000000000000000000000000000000000000000000000000000000000000000000000000000000000000000
310
00000000000000000000000000000000000000000000000000E20000E2E2E2E2E2E2E2E2E2E2E2E2E2E2E2E2E2E2E2E2E2E2E2E2E2E2E2E2E2E2E2E2E2F1ECECE20000000000E20000000000000000000000000000000000000000000000000000000000000000000000000000000000000000000000000000000000000000
310
00000000000000000000000000000000000000000000000000000000000000000000000000000000000000000000000000000000000000000000000000000000000000000000000000000000000000000000000000000000000000000000000000000000000000000000000000000000000000000000000000000000000000
310
000000000000000000000000000000000000000000000000000000E20000E2E2E2E2E2E2E2E2E2E2E2E2E2E2E2E2E2E2E2E2E2E2E2E2E2E2E2E2E2E2E2E2E2F1ECECE20000000000E2000000000000000000000000000000000000000000000000000000000000000000000000000000000000000000000000000000000000
310
00000000000000000000000000000000000000000000000000000000000000000000000000000000000000000000000000000000000000000000000000000000000000000000000000000000000000000000000000000000000000000000000000000000000000000000000000000000000000000000000000000000000000
310
0000000000000000000000000000000000000000000000000000000000E20000F1F1F1F1F1F1F1F1F1F1F1F1F1F1F1F1F1F1F1F1F1F1F1F1F1F1F1F1F1F1E2F1F1F1ECECE20000000000E200000000000000000000000000000000000000000000000000000000000000000000000000000000000000000000000000000000
310
00000000000000000000000000000000000000000000000000000000000000000000000000000000000000000000000000000000000000000000000000000000000000000000000000000000000000000000000000000000000000000000000000000000000000000000000000000000000000000000000000000000000000
310
00000000000000000000000000000000000000000000000000000000000000E2E2E2E2E2E2E2E2E2E2E2E2E2E2E2E2E2E2E2E2E2E2E2E2E2E2E2E2E2E2E2E2E2E20000E2ECECE20000000000E20000000000000000000000000000000000000000000000000000000000000000000000000000000000000000000000000000
310
00000000000000000000000000000000000000000000000000000000000000000000000000000000000000000000000000000000000000000000000000000000000000000000000000000000000000000000000000000000000000000000000000000000000000000000000000000000000000000000000000000000000000
310
000000000000000000000000000000000000000000000000000000000000000000000000000000000000000000000000000000000000000000000000000000000000E20000E2ECECE20000000000E2000000000000000000000000000000000000000000000000000000000000000000000000000000000000000000000000
310
00000000000000000000000000000000000000000000000000000000000000000000000000000000000000000000000000000000000000000000000000000000000000000000000000000000000000000000000000000000000000000000000000000000000000000000000000000000000000000000000000000000000000
310
0000000000000000000000000000000000000000000000000000000000000000000000000000000000000000000000000000000000000000000000000000000000000000E20000E2ECECE20000000000E200000000000000000000000000000000000000000000000000000000000000000000000000000000000000000000
310
00000000000000000000000000000000000000000000000000000000000000000000000000000000000000000000000000000000000000000000000000000000000000000000000000000000000000000000000000000000000000000000000000000000000000000000000000000000000000000000000000000000000000
310
00000000000000000000000000000000000000000000000000000000000000000000000000000000000000000000000000000000000000000000000000000000000000000000E20000E2ECECE20000000000E20000000000000000000000000000000000000000000000000000000000000000000000000000000000000000
310
00000000000000000000000000000000000000000000000000000000000000000000000000000000000000000000000000000000000000000000000000000000000000000000000000000000000000000000000000000000000000000000000000000000000000000000000000000000000000000000000000000000000000
310
000000000000000000000000000000000000000000000000000000000000000000000000000000000000000000000000000000000000000000000000000000000000000000000000E20000E2ECECE20000000000E2000000000000000000000000000000000000000000000000000000000000000000000000000000000000
310
00000000000000000000000000000000000000000000000000000000000000000000000000000000000000000000000000000000000000000000000000000000000000000000000000000000000000000000000000000000000000000000000000000000000000000000000000000000000000000000000000000000000000
310
0000000000000000000000000000000000000000000000000000000000000000000000000000000000000000000000000000000000000000000000000000000000000000000000000000E20000E2ECECE20000000000E200000000000000000000000000000000000000000000000000000000000000000000000000000000
310
00000000000000000000000000000000000000000000000000000000000000000000000000000000000000000000000000000000000000000000000000000000000000000000000000000000000000000000000000000000000000000000000000000000000000000000000000000000000000000000000000000000000000
310
00000000000000000000000000000000000000000000000000000000000000000000000000000000000000000000000000000000000000000000000000000000000000000000000000000000E20000E2ECECE20000000000E20000000000000000000000000000000000000000000000000000000000000000000000000000
310
00000000000000000000000000000000000000000000000000000000000000000000000000000000000000000000000000000000000000000000000000000000000000000000000000000000000000000000000000000000000000000000000000000000000000000000000000000000000000000000000000000000000000
310
000000000000000000000000000000000000000000000000000000000000000000000000000000000000000000000000000000000000000000000000000000000000000000000000000000000000E20000E2ECECE20000000000E2000000000000000000000000000000000000000000000000000000000000000000000000
310
00000000000000000000000000000000000000000000000000000000000000000000000000000000000000000000000000000000000000000000000000000000000000000000000000000000000000000000000000000000000000000000000000000000000000000000000000000000000000000000000000000000000000
310
0000000000000000000000000000000000000000000000000000000000000000000000000000000000000000000000000000000000000000000000000000000000000000000000000000000000000000E20000E2ECECE20000000000E200000000000000000000000000000000000000000000000000000000000000000000
310
00000000000000000000000000000000000000000000000000000000000000000000000000000000000000000000000000000000000000000000000000000000000000000000000000000000000000000000000000000000000000000000000000000000000000000000000000000000000000000000000000000000000000
310
00000000000000000000000000000000000000000000000000000000000000000000000000000000000000000000000000000000000000000000000000000000000000000000000000000000000000000000E20000E2ECECE20000000000E20000000000000000000000000000000000000000000000000000000000000000
310
00000000000000000000000000000000000000000000000000000000000000000000000000000000000000000000000000000000000000000000000000000000000000000000000000000000000000000000000000000000000000000000000000000000000000000000000000000000000000000000000000000000000000
310
000000000000000000000000000000000000000000000000000000000000000000000000000000000000000000000000000000000000000000000000000000000000000000000000000000000000000000000000E20000E2ECECE20000000000E2000000000000000000000000000000000000000000000000000000000000
310
00000000000000000000000000000000000000000000000000000000000000000000000000000000000000000000000000000000000000000000000000000000000000000000000000000000000000000000000000000000000000000000000000000000000000000000000000000000000000000000000000000000000000
310
0000000000000000000000000000000000000000000000000000000000000000000000000000000000000000000000000000000000000000000000000000000000000000000000000000000000000000000000000000E20000E2ECECE20000000000E200000000000000000000000000000000000000000000000000000000
310
00000000000000000000000000000000000000000000000000000000000000000000000000000000000000000000000000000000000000000000000000000000000000000000000000000000000000000000000000000000000000000000000000000000000000000000000000000000000000000000000000000000000000
310
00000000000000000000000000000000000000000000000000000000000000000000000000000000000000000000000000000000000000000000000000000000000000000000000000000000000000000000000000000000E20000E2ECECE20000000000E20000000000000000000000000000000000000000000000000000
310
00000000000000000000000000000000000000000000000000000000000000000000000000000000000000000000000000000000000000000000000000000000000000000000000000000000000000000000000000000000000000000000000000000000000000000000000000000000000000000000000000000000000000
310
000000000000000000000000000000000000000000000000000000000000000000000000000000000000000000000000000000000000000000000000000000000000000000000000000000000000000000000000000000000000E20000E2ECECE20000000000E2000000000000000000000000000000000000000000000000
310
00000000000000000000000000000000000000000000000000000000000000000000000000000000000000000000000000000000000000000000000000000000000000000000000000000000000000000000000000000000000000000000000000000000000000000000000000000000000000000000000000000000000000
310
0000000000000000000000000000000000000000000000000000000000000000000000000000000000000000000000000000000000000000000000000000000000000000000000000000000000000000000000000000000000000000E20000E2ECECE20000000000E200000000000000000000000000000000000000000000
310
00000000000000000000000000000000000000000000000000000000000000000000000000000000000000000000000000000000000000000000000000000000000000000000000000000000000000000000000000000000000000000000000000000000000000000000000000000000000000000000000000000000000000
310
00000000000000000000000000000000000000000000000000000000000000000000000000000000000000000000000000000000000000000000000000000000000000000000000000000000000000000000000000000000000000000000E20000E2ECECE20000000000E20000000000000000000000000000000000000000
310
00000000000000000000000000000000000000000000000000000000000000000000000000000000000000000000000000000000000000000000000000000000000000000000000000000000000000000000000000000000000000000000000000000000000000000000000000000000000000000000000000000000000000
310
000000000000000000000000000000000000000000000000000000000000000000000000000000000000000000000000000000000000000000000000000000000000000000000000000000000000000000000000000000000000000000000000E20000E2ECECE20000000000E2000000000000000000000000000000000000
310
00000000000000000000000000000000000000000000000000000000000000000000000000000000000000000000000000000000000000000000000000000000000000000000000000000000000000000000000000000000000000000000000000000000000000000000000000000000000000000000000000000000000000
310
0000000000000000000000000000000000000000000000000000000000000000000000000000000000000000000000000000000000000000000000000000000000000000000000000000000000000000000000000000000000000000000000000000E20000E2ECECE20000000000E200000000000000000000000000000000
310
00000000000000000000000000000000000000000000000000000000000000000000000000000000000000000000000000000000000000000000000000000000000000000000000000000000000000000000000000000000000000000000000000000000000000000000000000000000000000000000000000000000000000
310
00000000000000000000000000000000000000000000000000000000000000000000000000000000000000000000000000000000000000000000000000000000000000000000000000000000000000000000000000000000000000000000000000000000E20000E2ECECE20000000000E20000000000000000000000000000
310
00000000000000000000000000000000000000000000000000000000000000000000000000000000000000000000000000000000000000000000000000000000000000000000000000000000000000000000000000000000000000000000000000000000000000000000000000000000000000000000000000000000000000
310
000000000000000000000000000000000000000000000000000000000000000000000000000000000000000000000000000000000000000000000000000000000000000000000000000000000000000000000000000000000000000000000000000000000000E20000E2ECECE20000000000E2000000000000000000000000
310
00000000000000000000000000000000000000000000000000000000000000000000000000000000000000000000000000000000000000000000000000000000000000000000000000000000000000000000000000000000000000000000000000000000000000000000000000000000000000000000000000000000000000
310
0000000000000000000000000000000000000000000000000000000000000000000000000000000000000000000000000000000000000000000000000000000000000000000000000000000000000000000000000000000000000000000000000000000000000000E20000E2ECECE20000000000E200000000000000000000
310
00000000000000000000000000000000000000000000000000000000000000000000000000000000000000000000000000000000000000000000000000000000000000000000000000000000000000000000000000000000000000000000000000000000000000000000000000000000000000000000000000000000000000
310
00000000000000000000000000000000000000000000000000000000000000000000000000000000000000000000000000000000000000000000000000000000000000000000000000000000000000000000000000000000000000000000000000000000000000000000E20000E2ECECE20000000000E20000000000000000
310
00000000000000000000000000000000000000000000000000000000000000000000000000000000000000000000000000000000000000000000000000000000000000000000000000000000000000000000000000000000000000000000000000000000000000000000000000000000000000000000000000000000000000
310
000000000000000000000000000000000000000000000000000000000000000000000000000000000000000000000000000000000000000000000000000000000000000000000000000000000000000000000000000000000000000000000000000000000000000000000000E20000E2ECECE20000000000E2000000000000
310
00000000000000000000000000000000000000000000000000000000000000000000000000000000000000000000000000000000000000000000000000000000000000000000000000000000000000000000000000000000000000000000000000000000000000000000000000000000000000000000000000000000000000
310
0000000000000000000000000000000000000000000000000000000000000000000000000000000000000000000000000000000000000000000000000000000000000000000000000000000000000000000000000000000000000000000000000000000000000000000000000000E20000E2ECECE20000000000E200000000
310
00000000000000000000000000000000000000000000000000000000000000000000000000000000000000000000000000000000000000000000000000000000000000000000000000000000000000000000000000000000000000000000000000000000000000000000000000000000000000000000000000000000000000
310
00000000000000000000000000000000000000000000000000000000000000000000000000000000000000000000000000000000000000000000000000000000000000000000000000000000000000000000000000000000000000000000000000000000000000000000000000000000E20000E2ECECE20000000000E20000
310
00000000000000000000000000000000000000000000000000000000000000000000000000000000000000000000000000000000000000000000000000000000000000000000000000000000000000000000000000000000000000000000000000000000000000000000000000000000000000000000000000000000000000
310
000000000000000000000000000000000000000000000000000000000000000000000000000000000000000000000000000000000000000000000000000000000000000000000000000000000000000000000000000000000000000000000000000000000000000000000000000000000000E20000E2ECECE20000000000E2
310
00000000000000000000000000000000000000000000000000000000000000000000000000000000000000000000000000000000000000000000000000000000000000000000000000000000000000000000000000000000000000000000000000000000000000000000000000000000000000000000000000000000000000
310
0000000000000000000000000000000000000000000000000000000000000000000000000000000000000000000000000000000000000000000000000000000000000000000000000000000000000000000000000000000000000000000000000000000000000000000000000000000000000000E20000E2ECECE200000000
310
00E20000000000000000000000000000000000000000000000000000000000000000000000000000000000000000000000000000000000000000000000000000000000000000000000000000000000000000000000000000000000000000000000000000000000000000000000000000000000000000000000000000000000
310
00000000000000000000000000000000000000000000000000000000000000000000000000000000000000000000000000000000000000000000000000000000000000000000000000000000000000000000000000000000000000000000000000000000000000000000000000000000000000000000E20000E2ECECE20000
310
000000E2000000000000000000000000000000000000000000000000000000000000000000000000000000000000000000000000000000000000000000000000000000000000000000000000000000000000000000000000000000000000000000000000000000000000000000000000000000000000000000000000000000
310
000000000000000000000000000000000000000000000000000000000000000000000000000000000000000000000000000000000000000000000000000000000000000000000000000000000000000000000000000000000000000000000000000000000000000000000000000000000000000000000000E20000E2ECECE2
310
0000000000E200000000000000000000000000000000000000000000000000000000000000000000000000000000000000000000000000000000000000000000000000000000000000000000000000000000000000000000000000000000000000000000000000000000000000000000000000000000000000000000000000
310
0000000000000000000000000000000000000000000000000000000000000000000000000000000000000000000000000000000000000000000000000000000000000000000000000000000000000000000000000000000000000000000000000000000000000000000000000000000000000000000000000000E20000E2EC
310
ECE20000000000E20000000000000000000000000000000000000000000000000000000000000000000000000000000000000000000000000000000000000000000000000000000000000000000000000000000000000000000000000000000000000000000000000000000000000000000000000000000000000000000000
310
00000000000000000000000000000000000000000000000000000000000000000000000000000000000000000000000000000000000000000000000000000000000000000000000000000000000000000000000000000000000000000000000000000000000000000000000000000000000000000000000000000000E20000
310
E2ECECE20000000000E2000000000000000000000000000000000000000000000000000000000000000000000000000000000000000000000000000000000000000000000000000000000000000000000000000000000000000000000000000000000000000000000000000000000000000000000000000000000000000000
310
000000000000000000000000000000000000000000000000000000000000000000000000000000000000000000000000000000000000000000000000000000000000000000000000000000000000000000000000000000000000000000000000000000000000000000000000000000000000000000000000000000000000E2
310
0000E2ECECE20000000000E200000000000000000000000000000000000000000000000000000000000000000000000000000000000000000000000000000000000000000000000000000000000000000000000000000000000000000000000000000000000000000000000000000000000000000000000000000000000000
310
00000000000000000000000000000000000000000000000000000000000000000000000000000000000000000000000000000000000000000000000000000000000000000000000000000000000000000000000000000000000000000000000000000000000000000000000000000000000000000000000000000000000000
310
00E20000E2ECECE20000000000E20000000000000000000000000000000000000000000000000000000000000000000000000000000000000000000000000000000000000000000000000000000000000000000000000000000000000000000000000000000000000000000000000000000000000000000000000000000000
310
00000000000000000000000000000000000000000000000000000000000000000000000000000000000000000000000000000000000000000000000000000000000000000000000000000000000000000000000000000000000000000000000000000000000000000000000000000000000000000000000000000000000000
310
000000E20000E2ECECE20000000000E2000000000000000000000000000000000000000000000000000000000000000000000000000000000000000000000000000000000000000000000000000000000000000000000000000000000000000000000000000000000000000000000000000000000000000000000000000000
310
00000000000000000000000000000000000000000000000000000000000000000000000000000000000000000000000000000000000000000000000000000000000000000000000000000000000000000000000000000000000000000000000000000000000000000000000000000000000000000000000000000000000000
310
0000000000E20000E2ECECE20000000000E200000000000000000000000000000000000000000000000000000000000000000000000000000000000000000000000000000000000000000000000000000000000000000000000000000000000000000000000000000000000000000000000000000000000000000000000000
310
00000000000000000000000000000000000000000000000000000000000000000000000000000000000000000000000000000000000000000000000000000000000000000000000000000000000000000000000000000000000000000000000000000000000000000000000000000000000000000000000000000000000000
310
00000000000000E20000E2ECECE20000000000E20000000000000000000000000000000000000000000000000000000000000000000000000000000000000000000000000000000000000000000000000000000000000000000000000000000000000000000000000000000000000000000000000000000000000000000000
310
00000000000000000000000000000000000000000000000000000000000000000000000000000000000000000000000000000000000000000000000000000000000000000000000000000000000000000000000000000000000000000000000000000000000000000000000000000000000000000000000000000000000000
310
000000000000000000E20000E2ECECE20000000000E2000000000000000000000000000000000000000000000000000000000000000000000000000000000000000000000000000000000000000000000000000000000000000000000000000000000000000000000000000000000000000000000000000000000000000000
310
00000000000000000000000000000000000000000000000000000000000000000000000000000000000000000000000000000000000000000000000000000000000000000000000000000000000000000000000000000000000000000000000000000000000000000000000000000000000000000000000000000000000000
310
0000000000000000000000E20000E2ECECE20000000000E200000000000000000000000000000000000000000000000000000000000000000000000000000000000000000000000000000000000000000000000000000000000000000000000000000000000000000000000000000000000000000000000000000000000000
310
00000000000000000000000000000000000000000000000000000000000000000000000000000000000000000000000000000000000000000000000000000000000000000000000000000000000000000000000000000000000000000000000000000000000000000000000000000000000000000000000000000000000000
310
00000000000000000000000000E20000E2ECECE20000000000E20000000000000000000000000000000000000000000000000000000000000000000000000000000000000000000000000000000000000000000000000000000000000000000000000000000000000000000000000000000000000000000000000000000000
310
00000000000000000000000000000000000000000000000000000000000000000000000000000000000000000000000000000000000000000000000000000000000000000000000000000000000000000000000000000000000000000000000000000000000000000000000000000000000000000000000000000000000000
310
000000000000000000000000000000E20000E2ECECE20000000000E2000000000000000000000000000000000000000000000000000000000000000000000000000000000000000000000000000000000000000000000000000000000000000000000000000000000000000000000000000000000000000000000000000000
310
00000000000000000000000000000000000000000000000000000000000000000000000000000000000000000000000000000000000000000000000000000000000000000000000000000000000000000000000000000000000000000000000000000000000000000000000000000000000000000000000000000000000000
310
0000000000000000000000000000000000E20000E2ECECE20000000000E200000000000000000000000000000000000000000000000000000000000000000000000000000000000000000000000000000000000000000000000000000000000000000000000000000000000000000000000000000000000000000000000000
310
00000000000000000000000000000000000000000000000000000000000000000000000000000000000000000000000000000000000000000000000000000000000000000000000000000000000000000000000000000000000000000000000000000000000000000000000000000000000000000000000000000000000000
310
00000000000000000000000000000000000000E20000E2ECECE20000000000E20000000000000000000000000000000000000000000000000000000000000000000000000000000000000000000000000000000000000000000000000000000000000000000000000000000000000000000000000000000000000000000000
310
00000000000000000000000000000000000000000000000000000000000000000000000000000000000000000000000000000000000000000000000000000000000000000000000000000000000000000000000000000000000000000000000000000000000000000000000000000000000000000000000000000000000000
310
000000000000000000000000000000000000000000E20000E2ECECE20000000000E2000000000000000000000000000000000000000000000000000000000000000000000000000000000000000000000000000000000000000000000000000000000000000000000000000000000000000000000000000000000000000000
310
00000000000000000000000000000000000000000000000000000000000000000000000000000000000000000000000000000000000000000000000000000000000000000000000000000000000000000000000000000000000000000000000000000000000000000000000000000000000000000000000000000000000000
310
0000000000000000000000000000000000000000000000E20000E2ECECE20000000000E200000000000000000000000000000000000000000000000000000000000000000000000000000000000000000000000000000000000000000000000000000000000000000000000000000000000000000000000000000000000000
310
00000000000000000000000000000000000000000000000000000000000000000000000000000000000000000000000000000000000000000000000000000000000000000000000000000000000000000000000000000000000000000000000000000000000000000000000000000000000000000000000000000000000000
310
00000000000000000000000000000000000000000000000000E20000E2ECECE20000000000E20000000000000000000000000000000000000000000000000000000000000000000000000000000000000000000000000000000000000000000000000000000000000000000000000000000000000000000000000000000000
310
00000000000000000000000000000000000000000000000000000000000000000000000000000000000000000000000000000000000000000000000000000000000000000000000000000000000000000000000000000000000000000000000000000000000000000000000000000000000000000000000000000000000000
310
000000000000000000000000000000000000000000000000000000E20000E2ECECE20000000000E2000000000000000000000000000000000000000000000000000000000000000000000000000000000000000000000000000000000000000000000000000000000000000000000000000000000000000000000000000000
310
00000000000000000000000000000000000000000000000000000000000000000000000000000000000000000000000000000000000000000000000000000000000000000000000000000000000000000000000000000000000000000000000000000000000000000000000000000000000000000000000000000000000000
310
0000000000000000000000000000000000000000000000000000000000E20000E2ECECE20000000000E200000000000000000000000000000000000000000000000000000000000000000000000000000000000000000000000000000000000000000000000000000000000000000000000000000000000000000000000000
310
00000000000000000000000000000000000000000000000000000000000000000000000000000000000000000000000000000000000000000000000000000000000000000000000000000000000000000000000000000000000000000000000000000000000000000000000000000000000000000000000000000000000000
310
00000000000000000000000000000000000000000000000000000000000000E20000E2ECECE20000000000E20000000000000000000000000000000000000000000000000000000000000000000000000000000000000000000000000000000000000000000000000000000000000000000000000000000000000000000000
310
00000000000000000000000000000000000000000000000000000000000000000000000000000000000000000000000000000000000000000000000000000000000000000000000000000000000000000000000000000000000000000000000000000000000000000000000000000000000000000000000000000000000000
310
000000000000000000000000000000000000000000000000000000000000000000E20000E2ECECE20000000000E2000000000000000000000000000000000000000000000000000000000000000000000000000000000000000000000000000000000000000000000000000000000000000000000000000000000000000000
310
00000000000000000000000000000000000000000000000000000000000000000000000000000000000000000000000000000000000000000000000000000000000000000000000000000000000000000000000000000000000000000000000000000000000000000000000000000000000000000000000000000000000000
310
0000000000000000000000000000000000000000000000000000000000000000000000E20000E2ECECE20000000000E200000000000000000000000000000000000000000000000000000000000000000000000000000000000000000000000000000000000000000000000000000000000000000000000000000000000000
310
00000000000000000000000000000000000000000000000000000000000000000000000000000000000000000000000000000000000000000000000000000000000000000000000000000000000000000000000000000000000000000000000000000000000000000000000000000000000000000000000000000000000000
310
00000000000000000000000000000000000000000000000000000000000000000000000000E20000E2ECECE20000000000E20000000000000000000000000000000000000000000000000000000000000000000000000000000000000000000000000000000000000000000000000000000000000000000000000000000000
310
00000000000000000000000000000000000000000000000000000000000000000000000000000000000000000000000000000000000000000000000000000000000000000000000000000000000000000000000000000000000000000000000000000000000000000000000000000000000000000000000000000000000000
310
000000000000000000000000000000000000000000000000000000000000000000000000000000E20000E2ECECE20000000000E2000000000000000000000000000000000000000000000000000000000000000000000000000000000000000000000000000000000000000000000000000000000000000000000000000000
310
00000000000000000000000000000000000000000000000000000000000000000000000000000000000000000000000000000000000000000000000000000000000000000000000000000000000000000000000000000000000000000000000000000000000000000000000000000000000000000000000000000000000000
310
0000000000000000000000000000000000000000000000000000000000000000000000000000000000E20000E2ECECE20000000000E200000000000000000000000000000000000000000000000000000000000000000000000000000000000000000000000000000000000000000000000000000000000000000000000000
310
00000000000000000000000000000000000000000000000000000000000000000000000000000000000000000000000000000000000000000000000000000000000000000000000000000000000000000000000000000000000000000000000000000000000000000000000000000000000000000000000000000000000000
310
00000000000000000000000000000000000000000000000000000000000000000000000000000000000000E20000E2ECECE20000000000E20000000000000000000000000000000000000000000000000000000000000000000000000000000000000000000000000000000000000000000000000000000000000000000000
310
00000000000000000000000000000000000000000000000000000000000000000000000000000000000000000000000000000000000000000000000000000000000000000000000000000000000000000000000000000000000000000000000000000000000000000000000000000000000000000000000000000000000000
310
000000000000000000000000000000000000000000000000000000000000000000000000000000000000000000E20000E2ECECE20000000000E2000000000000000000000000000000000000000000000000000000000000000000000000000000000000000000000000000000000000000000000000000000000000000000
310
00000000000000000000000000000000000000000000000000000000000000000000000000000000000000000000000000000000000000000000000000000000000000000000000000000000000000000000000000000000000000000000000000000000000000000000000000000000000000000000000000000000000000
310
0000000000000000000000000000000000000000000000000000000000000000000000000000000000000000000000E20000E2ECECE20000000000E200000000000000000000000000000000000000000000000000000000000000000000000000000000000000000000000000000000000000000000000000000000000000
310
00000000000000000000000000000000000000000000000000000000000000000000000000000000000000000000000000000000000000000000000000000000000000000000000000000000000000000000000000000000000000000000000000000000000000000000000000000000000000000000000000000000000000
310
00000000000000000000000000000000000000000000000000000000000000000000000000000000000000000000000000E20000E2ECECE20000000000E20000000000000000000000000000000000000000000000000000000000000000000000000000000000000000000000000000000000000000000000000000000000
310
00000000000000000000000000000000000000000000000000000000000000000000000000000000000000000000000000000000000000000000000000000000000000000000000000000000000000000000000000000000000000000000000000000000000000000000000000000000000000000000000000000000000000
310
000000000000000000000000000000000000000000000000000000000000000000000000000000000000000000000000000000E20000E2ECECE20000000000E2000000000000000000000000000000000000000000000000000000000000000000000000000000000000000000000000000000000000000000000000000000
310
00000000000000000000000000000000000000000000000000000000000000000000000000000000000000000000000000000000000000000000000000000000000000000000000000000000000000000000000000000000000000000000000000000000000000000000000000000000000000000000000000000000000000
310
0000000000000000000000000000000000000000000000000000000000000000000000000000000000000000000000000000000000E20000E2ECECE20000000000E200000000000000000000000000000000000000000000000000000000000000000000000000000000000000000000000000000000000000000000000000
310
00000000000000000000000000000000000000000000000000000000000000000000000000000000000000000000000000000000000000000000000000000000000000000000000000000000000000000000000000000000000000000000000000000000000000000000000000000000000000000000000000000000000000
310
00000000000000000000000000000000000000000000000000000000000000000000000000000000000000000000000000000000000000E20000E2ECECE20000000000E20000000000000000000000000000000000000000000000000000000000000000000000000000000000000000000000000000000000000000000000
310
00000000000000000000000000000000000000000000000000000000000000000000000000000000000000000000000000000000000000000000000000000000000000000000000000000000000000000000000000000000000000000000000000000000000000000000000000000000000000000000000000000000000000
310
000000000000000000000000000000000000000000000000000000000000000000000000000000000000000000000000000000000000000000E20000E2ECECE20000000000E2000000000000000000000000000000000000000000000000000000000000000000000000000000000000000000000000000000000000000000
310
00000000000000000000000000000000000000000000000000000000000000000000000000000000000000000000000000000000000000000000000000000000000000000000000000000000000000000000000000000000000000000000000000000000000000000000000000000000000000000000000000000000000000
310
0000000000000000000000000000000000000000000000000000000000000000000000000000000000000000000000000000000000000000000000E20000E2ECECE20000000000E200000000000000000000000000000000000000000000000000000000000000000000000000000000000000000000000000000000000000
310
00000000000000000000000000000000000000000000000000000000000000000000000000000000000000000000000000000000000000000000000000000000000000000000000000000000000000000000000000000000000000000000000000000000000000000000000000000000000000000000000000000000000000
310
00000000000000000000000000000000000000000000000000000000000000000000000000000000000000000000000000000000000000000000000000E20000E2ECECE20000000000E20000000000000000000000000000000000000000000000000000000000000000000000000000000000000000000000000000000000
310
00000000000000000000000000000000000000000000000000000000000000000000000000000000000000000000000000000000000000000000000000000000000000000000000000000000000000000000000000000000000000000000000000000000000000000000000000000000000000000000000000000000000000
310
000000000000000000000000000000000000000000000000000000000000000000000000000000000000000000000000000000000000000000000000000000E20000E2ECECE20000000000E2000000000000000000000000000000000000000000000000000000000000000000000000000000000000000000000000000000
310
00000000000000000000000000000000000000000000000000000000000000000000000000000000000000000000000000000000000000000000000000000000000000000000000000000000000000000000000000000000000000000000000000000000000000000000000000000000000000000000000000000000000000
310
0000000000000000000000000000000000000000000000000000000000000000000000000000000000000000000000000000000000000000000000000000000000E20000E2ECECE20000000000E200000000000000000000000000000000000000000000000000000000000000000000000000000000000000000000000000
310
00000000000000000000000000000000000000000000000000000000000000000000000000000000000000000000000000000000000000000000000000000000000000000000000000000000000000000000000000000000000000000000000000000000000000000000000000000000000000000000000000000000000000
310
00000000000000000000000000000000000000000000000000000000000000000000000000000000000000000000000000000000000000000000000000000000000000E20000E2ECECE20000000000E20000000000000000000000000000000000000000000000000000000000000000000000000000000000000000000000
310
00000000000000000000000000000000000000000000000000000000000000000000000000000000000000000000000000000000000000000000000000000000000000000000000000000000000000000000000000000000000000000000000000000000000000000000000000000000000000000000000000000000000000
310
000000000000000000000000000000000000000000000000000000000000000000000000000000000000000000000000000000000000000000000000000000000000000000E20000E2ECECE20000000000E2000000000000000000000000000000000000000000000000000000000000000000000000000000000000000000
310
00000000000000000000000000000000000000000000000000000000000000000000000000000000000000000000000000000000000000000000000000000000000000000000000000000000000000000000000000000000000000000000000000000000000000000000000000000000000000000000000000000000000000
310
0000000000000000000000000000000000000000000000000000000000000000000000000000000000000000000000000000000000000000000000000000000000000000000000E20000E2ECECE20000000000E200000000000000000000000000000000000000000000000000000000000000000000000000000000000000
310
00000000000000000000000000000000000000000000000000000000000000000000000000000000000000000000000000000000000000000000000000000000000000000000000000000000000000000000000000000000000000000000000000000000000000000000000000000000000000000000000000000000000000
310
00000000000000000000000000000000000000000000000000000000000000000000000000000000000000000000000000000000000000000000000000000000000000000000000000E20000E2ECECE20000000000E20000000000000000000000000000000000000000000000000000000000000000000000000000000000
310
00000000000000000000000000000000000000000000000000000000000000000000000000000000000000000000000000000000000000000000000000000000000000000000000000000000000000000000000000000000000000000000000000000000000000000000000000000000000000000000000000000000000000
310
000000000000000000000000000000000000000000000000000000000000000000000000000000000000000000000000000000000000000000000000000000000000000000000000000000E20000E2ECECE20000000000E2000000000000000000000000000000000000000000000000000000000000000000000000000000
310
00000000000000000000000000000000000000000000000000000000000000000000000000000000000000000000000000000000000000000000000000000000000000000000000000000000000000000000000000000000000000000000000000000000000000000000000000000000000000000000000000000000000000
310
0000000000000000000000000000000000000000000000000000000000000000000000000000000000000000000000000000000000000000000000000000000000000000000000000000000000E20000E2ECECE20000000000E200000000000000000000000000000000000000000000000000000000000000000000000000
310
00000000000000000000000000000000000000000000000000000000000000000000000000000000000000000000000000000000000000000000000000000000000000000000000000000000000000000000000000000000000000000000000000000000000000000000000000000000000000000000000000000000000000
310
00000000000000000000000000000000000000000000000000000000000000000000000000000000000000000000000000000000000000000000000000000000000000000000000000000000000000E20000E2ECECE20000000000E20000000000000000000000000000000000000000000000000000000000000000000000
310
00000000000000000000000000000000000000000000000000000000000000000000000000000000000000000000000000000000000000000000000000000000000000000000000000000000000000000000000000000000000000000000000000000000000000000000000000000000000000000000000000000000000000
310
000000000000000000000000000000000000000000000000000000000000000000000000000000000000000000000000000000000000000000000000000000000000000000000000000000000000000000E20000E2ECECE20000000000E2000000000000000000000000000000000000000000000000000000000000000000
310
00000000000000000000000000000000000000000000000000000000000000000000000000000000000000000000000000000000000000000000000000000000000000000000000000000000000000000000000000000000000000000000000000000000000000000000000000000000000000000000000000000000000000
310
0000000000000000000000000000000000000000000000000000000000000000000000000000000000000000000000000000000000000000000000000000000000000000000000000000000000000000000000E20000E2ECECE20000000000E200000000000000000000000000000000000000000000000000000000000000
310
00000000000000000000000000000000000000000000000000000000000000000000000000000000000000000000000000000000000000000000000000000000000000000000000000000000000000000000000000000000000000000000000000000000000000000000000000000000000000000000000000000000000000
310
00000000000000000000000000000000000000000000000000000000000000000000000000000000000000000000000000000000000000000000000000000000000000000000000000000000000000000000000000E20000E2ECECE20000000000E20000000000000000000000000000000000000000000000000000000000
310
00000000000000000000000000000000000000000000000000000000000000000000000000000000000000000000000000000000000000000000000000000000000000000000000000000000000000000000000000000000000000000000000000000000000000000000000000000000000000000000000000000000000000
310
000000000000000000000000000000000000000000000000000000000000000000000000000000000000000000000000000000000000000000000000000000000000000000000000000000000000000000000000000000E20000E2ECECE20000000000E2000000000000000000000000000000000000000000000000000000
310
00000000000000000000000000000000000000000000000000000000000000000000000000000000000000000000000000000000000000000000000000000000000000000000000000000000000000000000000000000000000000000000000000000000000000000000000000000000000000000000000000000000000000
310
0000000000000000000000000000000000000000000000000000000000000000000000000000000000000000000000000000000000000000000000000000000000000000000000000000000000000000000000000000000000E20000E2ECECE20000000000E200000000000000000000000000000000000000000000000000
310
00000000000000000000000000000000000000000000000000000000000000000000000000000000000000000000000000000000000000000000000000000000000000000000000000000000000000000000000000000000000000000000000000000000000000000000000000000000000000000000000000000000000000
310
00000000000000000000000000000000000000000000000000000000000000000000000000000000000000000000000000000000000000000000000000000000000000000000000000000000000000000000000000000000000000E20000E2ECECE20000000000E20000000000000000000000000000000000000000000000
310
00000000000000000000000000000000000000000000000000000000000000000000000000000000000000000000000000000000000000000000000000000000000000000000000000000000000000000000000000000000000000000000000000000000000000000000000000000000000000000000000000000000000000
310
000000000000000000000000000000000000000000000000000000000000000000000000000000000000000000000000000000000000000000000000000000000000000000000000000000000000000000000000000000000000000000E20000E2ECECE20000000000E2000000000000000000000000000000000000000000
310
00000000000000000000000000000000000000000000000000000000000000000000000000000000000000000000000000000000000000000000000000000000000000000000000000000000000000000000000000000000000000000000000000000000000000000000000000000000000000000000000000000000000000
310
0000000000000000000000000000000000000000000000000000000000000000000000000000000000000000000000000000000000000000000000000000000000000000000000000000000000000000000000000000000000000000000000E20000E2ECECE20000000000E200000000000000000000000000000000000000
310
00000000000000000000000000000000000000000000000000000000000000000000000000000000000000000000000000000000000000000000000000000000000000000000000000000000000000000000000000000000000000000000000000000000000000000000000000000000000000000000000000000000000000
310
00000000000000000000000000000000000000000000000000000000000000000000000000000000000000000000000000000000000000000000000000000000000000000000000000000000000000000000000000000000000000000000000000E20000E2ECECE20000000000E20000000000000000000000000000000000
310
00000000000000000000000000000000000000000000000000000000000000000000000000000000000000000000000000000000000000000000000000000000000000000000000000000000000000000000000000000000000000000000000000000000000000000000000000000000000000000000000000000000000000
310
000000000000000000000000000000000000000000000000000000000000000000000000000000000000000000000000000000000000000000000000000000000000000000000000000000000000000000000000000000000000000000000000000000E20000E2ECECE20000000000E2000000000000000000000000000000
310
00000000000000000000000000000000000000000000000000000000000000000000000000000000000000000000000000000000000000000000000000000000000000000000000000000000000000000000000000000000000000000000000000000000000000000000000000000000000000000000000000000000000000
310
0000000000000000000000000000000000000000000000000000000000000000000000000000000000000000000000000000000000000000000000000000000000000000000000000000000000000000000000000000000000000000000000000000000000E20000E2ECECE20000000000E200000000000000000000000000
310
00000000000000000000000000000000000000000000000000000000000000000000000000000000000000000000000000000000000000000000000000000000000000000000000000000000000000000000000000000000000000000000000000000000000000000000000000000000000000000000000000000000000000
310
00000000000000000000000000000000000000000000000000000000000000000000000000000000000000000000000000000000000000000000000000000000000000000000000000000000000000000000000000000000000000000000000000000000000000E20000E2ECECE20000000000E20000000000000000000000
310
00000000000000000000000000000000000000000000000000000000000000000000000000000000000000000000000000000000000000000000000000000000000000000000000000000000000000000000000000000000000000000000000000000000000000000000000000000000000000000000000000000000000000
310
000000000000000000000000000000000000000000000000000000000000000000000000000000000000000000000000000000000000000000000000000000000000000000000000000000000000000000000000000000000000000000000000000000000000000000E20000E2ECECE20000000000E2000000000000000000
310
00000000000000000000000000000000000000000000000000000000000000000000000000000000000000000000000000000000000000000000000000000000000000000000000000000000000000000000000000000000000000000000000000000000000000000000000000000000000000000000000000000000000000
310
0000000000000000000000000000000000000000000000000000000000000000000000000000000000000000000000000000000000000000000000000000000000000000000000000000000000000000000000000000000000000000000000000000000000000000000000E20000E2ECECE20000000000E200000000000000
310
00000000000000000000000000000000000000000000000000000000000000000000000000000000000000000000000000000000000000000000000000000000000000000000000000000000000000000000000000000000000000000000000000000000000000000000000000000000000000000000000000000000000000
310
00000000000000000000000000000000000000000000000000000000000000000000000000000000000000000000000000000000000000000000000000000000000000000000000000000000000000000000000000000000000000000000000000000000000000000000000000E20000E2ECECE20000000000E20000000000
310
00000000000000000000000000000000000000000000000000000000000000000000000000000000000000000000000000000000000000000000000000000000000000000000000000000000000000000000000000000000000000000000000000000000000000000000000000000000000000000000000000000000000000
310
000000000000000000000000000000000000000000000000000000000000000000000000000000000000000000000000000000000000000000000000000000000000000000000000000000000000000000000000000000000000000000000000000000000000000000000000000000E20000E2ECECE20000000000E2000000
310
00000000000000000000000000000000000000000000000000000000000000000000000000000000000000000000000000000000000000000000000000000000000000000000000000000000000000000000000000000000000000000000000000000000000000000000000000000000000000000000000000000000000000
310
0000000000000000000000000000000000000000000000000000000000000000000000000000000000000000000000000000000000000000000000000000000000000000000000000000000000000000000000000000000000000000000000000000000000000000000000000000000000E20000E2ECECE20000000000E200
310
00000000000000000000000000000000000000000000000000000000000000000000000000000000000000000000000000000000000000000000000000000000000000000000000000000000000000000000000000000000000000000000000000000000000000000000000000000000000000000000000000000000000000
310
00000000000000000000000000000000000000000000000000000000000000000000000000000000000000000000000000000000000000000000000000000000000000000000000000000000000000000000000000000000000000000000000000000000000000000000000000000000000000E20000E2ECECE20000000000
310
E2000000000000000000000000000000000000000000000000000000000000000000000000000000000000000000000000000000000000000000000000000000000000000000000000000000000000000000000000000000000000000000000000000000000000000000000000000000000000000000000000000000000000
310
000000000000000000000000000000000000000000000000000000000000000000000000000000000000000000000000000000000000000000000000000000000000000000000000000000000000000000000000000000000000000000000000000000000000000000000000000000000000000000E20000E2ECECE2000000
310
0000E200000000000000000000000000000000000000000000000000000000000000000000000000000000000000000000000000000000000000000000000000000000000000000000000000000000000000000000000000000000000000000000000000000000000000000000000000000000000000000000000000000000
310
0000000000000000000000000000000000000000000000000000000000000000000000000000000000000000000000000000000000000000000000000000000000000000000000000000000000000000000000000000000000000000000000000000000000000000000000000000000000000000000000E20000E2ECECE200
310
00000000E20000000000000000000000000000000000000000000000000000000000000000000000000000000000000000000000000000000000000000000000000000000000000000000000000000000000000000000000000000000000000000000000000000000000000000000000000000000000000000000000000000
310
00000000000000000000000000000000000000000000000000000000000000000000000000000000000000000000000000000000000000000000000000000000000000000000000000000000000000000000000000000000000000000000000000000000000000000000000000000000000000000000000000E20000E2ECEC
310
E20000000000E2000000000000000000000000000000000000000000000000000000000000000000000000000000000000000000000000000000000000000000000000000000000000000000000000000000000000000000000000000000000000000000000000000000000000000000000000000000000000000000000000
310
000000000000000000000000000000000000000000000000000000000000000000000000000000000000000000000000000000000000000000000000000000000000000000000000000000000000000000000000000000000000000000000000000000000000000000000000000000000000000000000000000000E20000E2
310
ECECE20000000000E200000000000000000000000000000000000000000000000000000000000000000000000000000000000000000000000000000000000000000000000000000000000000000000000000000000000000000000000000000000000000000000000000000000000000000000000000000000000000000000
310
0000000000000000000000000000000000000000000000000000000000000000000000000000000000000000000000000000000000000000000000000000000000000000000000000000000000000000000000000000000000000000000000000000000000000000000000000000000000000000000000000000000000E200
310
00E2ECECE20000000000E20000000000000000000000000000000000000000000000000000000000000000000000000000000000000000000000000000000000000000000000000000000000000000000000000000000000000000000000000000000000000000000000000000000000000000000000000000000000000000
310
00000000000000000000000000000000000000000000000000000000000000000000000000000000000000000000000000000000000000000000000000000000000000000000000000000000000000000000000000000000000000000000000000000000000000000000000000000000000000000000000000000000000000
310
E20000E2ECECE20000000000E2000000000000000000000000000000000000000000000000000000000000000000000000000000000000000000000000000000000000000000000000000000000000000000000000000000000000000000000000000000000000000000000000000000000000000000000000000000000000
310
00000000000000000000000000000000000000000000000000000000000000000000000000000000000000000000000000000000000000000000000000000000000000000000000000000000000000000000000000000000000000000000000000000000000000000000000000000000000000000000000000000000000000
310
0000E20000E2ECECE20000000000E200000000000000000000000000000000000000000000000000000000000000000000000000000000000000000000000000000000000000000000000000000000000000000000000000000000000000000000000000000000000000000000000000000000000000000000000000000000
310
00000000000000000000000000000000000000000000000000000000000000000000000000000000000000000000000000000000000000000000000000000000000000000000000000000000000000000000000000000000000000000000000000000000000000000000000000000000000000000000000000000000000000
310
00000000E20000E2ECECE20000000000E20000000000000000000000000000000000000000000000000000000000000000000000000000000000000000000000000000000000000000000000000000000000000000000000000000000000000000000000000000000000000000000000000000000000000000000000000000
310
00000000000000000000000000000000000000000000000000000000000000000000000000000000000000000000000000000000000000000000000000000000000000000000000000000000000000000000000000000000000000000000000000000000000000000000000000000000000000000000000000000000000000
310
000000000000E20000E2ECECE20000000000E2000000000000000000000000000000000000000000000000000000000000000000000000000000000000000000000000000000000000000000000000000000000000000000000000000000000000000000000000000000000000000000000000000000000000000000000000
310
00000000000000000000000000000000000000000000000000000000000000000000000000000000000000000000000000000000000000000000000000000000000000000000000000000000000000000000000000000000000000000000000000000000000000000000000000000000000000000000000000000000000000
310
0000000000000000E20000E2ECECE20000000000E200000000000000000000000000000000000000000000000000000000000000000000000000000000000000000000000000000000000000000000000000000000000000000000000000000000000000000000000000000000000000000000000000000000000000000000
310
00000000000000000000000000000000000000000000000000000000000000000000000000000000000000000000000000000000000000000000000000000000000000000000000000000000000000000000000000000000000000000000000000000000000000000000000000000000000000000000000000000000000000
310
00000000000000000000E20000E2ECECE20000000000E20000000000000000000000000000000000000000000000000000000000000000000000000000000000000000000000000000000000000000000000000000000000000000000000000000000000000000000000000000000000000000000000000000000000000000
310
00000000000000000000000000000000000000000000000000000000000000000000000000000000000000000000000000000000000000000000000000000000000000000000000000000000000000000000000000000000000000000000000000000000000000000000000000000000000000000000000000000000000000
310
000000000000000000000000E20000E2ECECE20000000000E2000000000000000000000000000000000000000000000000000000000000000000000000000000000000000000000000000000000000000000000000000000000000000000000000000000000000000000000000000000000000000000000000000000000000
310
00000000000000000000000000000000000000000000000000000000000000000000000000000000000000000000000000000000000000000000000000000000000000000000000000000000000000000000000000000000000000000000000000000000000000000000000000000000000000000000000000000000000000
310
0000000000000000000000000000E20000E2ECECE20000000000E200000000000000000000000000000000000000000000000000000000000000000000000000000000000000000000000000000000000000000000000000000000000000000000000000000000000000000000000000000000000000000000000000000000
310
00000000000000000000000000000000000000000000000000000000000000000000000000000000000000000000000000000000000000000000000000000000000000000000000000000000000000000000000000000000000000000000000000000000000000000000000000000000000000000000000000000000000000
310
00000000000000000000000000000000E20000E2ECECE20000000000E20000000000000000000000000000000000000000000000000000000000000000000000000000000000000000000000000000000000000000000000000000000000000000000000000000000000000000000000000000000000000000000000000000
310
00000000000000000000000000000000000000000000000000000000000000000000000000000000000000000000000000000000000000000000000000000000000000000000000000000000000000000000000000000000000000000000000000000000000000000000000000000000000000000000000000000000000000
310
000000000000000000000000000000000000E20000E2ECECE20000000000E2000000000000000000000000000000000000000000000000000000000000000000000000000000000000000000000000000000000000000000000000000000000000000000000000000000000000000000000000000000000000000000000000
310
00000000000000000000000000000000000000000000000000000000000000000000000000000000000000000000000000000000000000000000000000000000000000000000000000000000000000000000000000000000000000000000000000000000000000000000000000000000000000000000000000000000000000
310
0000000000000000000000000000000000000000E20000E2ECECE20000000000E200000000000000000000000000000000000000000000000000000000000000000000000000000000000000000000000000000000000000000000000000000000000000000000000000000000000000000000000000000000000000000000
310
00000000000000000000000000000000000000000000000000000000000000000000000000000000000000000000000000000000000000000000000000000000000000000000000000000000000000000000000000000000000000000000000000000000000000000000000000000000000000000000000000000000000000
310
00000000000000000000000000000000000000000000E20000E2ECECE20000000000E20000000000000000000000000000000000000000000000000000000000000000000000000000000000000000000000000000000000000000000000000000000000000000000000000000000000000000000000000000000000000000
310
00000000000000000000000000000000000000000000000000000000000000000000000000000000000000000000000000000000000000000000000000000000000000000000000000000000000000000000000000000000000000000000000000000000000000000000000000000000000000000000000000000000000000
310
000000000000000000000000000000000000000000000000E20000E2ECECE20000000000E2000000000000000000000000000000000000000000000000000000000000000000000000000000000000000000000000000000000000000000000000000000000000000000000000000000000000000000000000000000000000
310
00000000000000000000000000000000000000000000000000000000000000000000000000000000000000000000000000000000000000000000000000000000000000000000000000000000000000000000000000000000000000000000000000000000000000000000000000000000000000000000000000000000000000
310
0000000000000000000000000000000000000000000000000000E20000E2ECECE20000000000E200000000000000000000000000000000000000000000000000000000000000000000000000000000000000000000000000000000000000000000000000000000000000000000000000000000000000000000000000000000
310
00000000000000000000000000000000000000000000000000000000000000000000000000000000000000000000000000000000000000000000000000000000000000000000000000000000000000000000000000000000000000000000000000000000000000000000000000000000000000000000000000000000000000
310
00000000000000000000000000000000000000000000000000000000E20000E2ECECE20000000000E20000000000000000000000000000000000000000000000000000000000000000000000000000000000000000000000000000000000000000000000000000000000000000000000000000000000000000000000000000
310
00000000000000000000000000000000000000000000000000000000000000000000000000000000000000000000000000000000000000000000000000000000000000000000000000000000000000000000000000000000000000000000000000000000000000000000000000000000000000000000000000000000000000
310
000000000000000000000000000000000000000000000000000000000000E20000E2ECECE20000000000E2000000000000000000000000000000000000000000000000000000000000000000000000000000000000000000000000000000000000000000000000000000000000000000000000000000000000000000000000
310
00000000000000000000000000000000000000000000000000000000000000000000000000000000000000000000000000000000000000000000000000000000000000000000000000000000000000000000000000000000000000000000000000000000000000000000000000000000000000000000000000000000000000
310
0000000000000000000000000000000000000000000000000000000000000000E20000E2ECECE20000000000E200000000000000000000000000000000000000000000000000000000000000000000000000000000000000000000000000000000000000000000000000000000000000000000000000000000000000000000
310
00000000000000000000000000000000000000000000000000000000000000000000000000000000000000000000000000000000000000000000000000000000000000000000000000000000000000000000000000000000000000000000000000000000000000000000000000000000000000000000000000000000000000
310
00000000000000000000000000000000000000000000000000000000000000000000E20000E2ECECE20000000000E20000000000000000000000000000000000000000000000000000000000000000000000000000000000000000000000000000000000000000000000000000000000000000000000000000000000000000
310
00000000000000000000000000000000000000000000000000000000000000000000000000000000000000000000000000000000000000000000000000000000000000000000000000000000000000000000000000000000000000000000000000000000000000000000000000000000000000000000000000000000000000
310
000000000000000000000000000000000000000000000000000000000000000000000000E20000E2ECECE20000000000E2000000000000000000000000000000000000000000000000000000000000000000000000000000000000000000000000000000000000000000000000000000000000000000000000000000000000
310
00000000000000000000000000000000000000000000000000000000000000000000000000000000000000000000000000000000000000000000000000000000000000000000000000000000000000000000000000000000000000000000000000000000000000000000000000000000000000000000000000000000000000
310
0000000000000000000000000000000000000000000000000000000000000000000000000000E20000E2ECECE20000000000E200000000000000000000000000000000000000000000000000000000000000000000000000000000000000000000000000000000000000000000000000000000000000000000000000000000
310
00000000000000000000000000000000000000000000000000000000000000000000000000000000000000000000000000000000000000000000000000000000000000000000000000000000000000000000000000000000000000000000000000000000000000000000000000000000000000000000000000000000000000
310
00000000000000000000000000000000000000000000000000000000000000000000000000000000E20000E2ECECE20000000000E20000000000000000000000000000000000000000000000000000000000000000000000000000000000000000000000000000000000000000000000000000000000000000000000000000
310
00000000000000000000000000000000000000000000000000000000000000000000000000000000000000000000000000000000000000000000000000000000000000000000000000000000000000000000000000000000000000000000000000000000000000000000000000000000000000000000000000000000000000
310
000000000000000000000000000000000000000000000000000000000000000000000000000000000000E20000E2ECECE20000000000E2000000000000000000000000000000000000000000000000000000000000000000000000000000000000000000000000000000000000000000000000000000000000000000000000
310
00000000000000000000000000000000000000000000000000000000000000000000000000000000000000000000000000000000000000000000000000000000000000000000000000000000000000000000000000000000000000000000000000000000000000000000000000000000000000000000000000000000000000
310
0000000000000000000000000000000000000000000000000000000000000000000000000000000000000000E20000E2ECECE20000000000E200000000000000000000000000000000000000000000000000000000000000000000000000000000000000000000000000000000000000000000000000000000000000000000
310
00000000000000000000000000000000000000000000000000000000000000000000000000000000000000000000000000000000000000000000000000000000000000000000000000000000000000000000000000000000000000000000000000000000000000000000000000000000000000000000000000000000000000
310
00000000000000000000000000000000000000000000000000000000000000000000000000000000000000000000E20000E2ECECE20000000000E20000000000000000000000000000000000000000000000000000000000000000000000000000000000000000000000000000000000000000000000000000000000000000
310
00000000000000000000000000000000000000000000000000000000000000000000000000000000000000000000000000000000000000000000000000000000000000000000000000000000000000000000000000000000000000000000000000000000000000000000000000000000000000000000000000000000000000
310
000000000000000000000000000000000000000000000000000000000000000000000000000000000000000000000000E20000E2ECECE20000000000E2000000000000000000000000000000000000000000000000000000000000000000000000000000000000000000000000000000000000000000000000000000000000
310
00000000000000000000000000000000000000000000000000000000000000000000000000000000000000000000000000000000000000000000000000000000000000000000000000000000000000000000000000000000000000000000000000000000000000000000000000000000000000000000000000000000000000
310
0000000000000000000000000000000000000000000000000000000000000000000000000000000000000000000000000000E20000E2ECECE20000000000E200000000000000000000000000000000000000000000000000000000000000000000000000000000000000000000000000000000000000000000000000000000
310
00000000000000000000000000000000000000000000000000000000000000000000000000000000000000000000000000000000000000000000000000000000000000000000000000000000000000000000000000000000000000000000000000000000000000000000000000000000000000000000000000000000000000
310
00000000000000000000000000000000000000000000000000000000000000000000000000000000000000000000000000000000E20000E2ECECE20000000000E20000000000000000000000000000000000000000000000000000000000000000000000000000000000000000000000000000000000000000000000000000
310
00000000000000000000000000000000000000000000000000000000000000000000000000000000000000000000000000000000000000000000000000000000000000000000000000000000000000000000000000000000000000000000000000000000000000000000000000000000000000000000000000000000000000
310
000000000000000000000000000000000000000000000000000000000000000000000000000000000000000000000000000000000000E20000E2ECECE20000000000E2000000000000000000000000000000000000000000000000000000000000000000000000000000000000000000000000000000000000000000000000
310
00000000000000000000000000000000000000000000000000000000000000000000000000000000000000000000000000000000000000000000000000000000000000000000000000000000000000000000000000000000000000000000000000000000000000000000000000000000000000000000000000000000000000
310
0000000000000000000000000000000000000000000000000000000000000000000000000000000000000000000000000000000000000000E20000E2ECECE20000000000E200000000000000000000000000000000000000000000000000000000000000000000000000000000000000000000000000000000000000000000
310
00000000000000000000000000000000000000000000000000000000000000000000000000000000000000000000000000000000000000000000000000000000000000000000000000000000000000000000000000000000000000000000000000000000000000000000000000000000000000000000000000000000000000
310
00000000000000000000000000000000000000000000000000000000000000000000000000000000000000000000000000000000000000000000E20000E2ECECE20000000000E20000000000000000000000000000000000000000000000000000000000000000000000000000000000000000000000000000000000000000
310
00000000000000000000000000000000000000000000000000000000000000000000000000000000000000000000000000000000000000000000000000000000000000000000000000000000000000000000000000000000000000000000000000000000000000000000000000000000000000000000000000000000000000
310
000000000000000000000000000000000000000000000000000000000000000000000000000000000000000000000000000000000000000000000000E20000E2ECECE20000000000E2000000000000000000000000000000000000000000000000000000000000000000000000000000000000000000000000000000000000
310
00000000000000000000000000000000000000000000000000000000000000000000000000000000000000000000000000000000000000000000000000000000000000000000000000000000000000000000000000000000000000000000000000000000000000000000000000000000000000000000000000000000000000
310
0000000000000000000000000000000000000000000000000000000000000000000000000000000000000000000000000000000000000000000000000000E20000E2ECECE20000000000E200000000000000000000000000000000000000000000000000000000000000000000000000000000000000000000000000000000
310
00000000000000000000000000000000000000000000000000000000000000000000000000000000000000000000000000000000000000000000000000000000000000000000000000000000000000000000000000000000000000000000000000000000000000000000000000000000000000000000000000000000000000
310
00000000000000000000000000000000000000000000000000000000000000000000000000000000000000000000000000000000000000000000000000000000E20000E2ECECE20000000000E20000000000000000000000000000000000000000000000000000000000000000000000000000000000000000000000000000
310
00000000000000000000000000000000000000000000000000000000000000000000000000000000000000000000000000000000000000000000000000000000000000000000000000000000000000000000000000000000000000000000000000000000000000000000000000000000000000000000000000000000000000
310
000000000000000000000000000000000000000000000000000000000000000000000000000000000000000000000000000000000000000000000000000000000000E20000E2ECECE20000000000E2000000000000000000000000000000000000000000000000000000000000000000000000000000000000000000000000
310
00000000000000000000000000000000000000000000000000000000000000000000000000000000000000000000000000000000000000000000000000000000000000000000000000000000000000000000000000000000000000000000000000000000000000000000000000000000000000000000000000000000000000
310
0000000000000000000000000000000000000000000000000000000000000000000000000000000000000000000000000000000000000000000000000000000000000000E20000E2ECECE20000000000E200000000000000000000000000000000000000000000000000000000000000000000000000000000000000000000
310
00000000000000000000000000000000000000000000000000000000000000000000000000000000000000000000000000000000000000000000000000000000000000000000000000000000000000000000000000000000000000000000000000000000000000000000000000000000000000000000000000000000000000
310
00000000000000000000000000000000000000000000000000000000000000000000000000000000000000000000000000000000000000000000000000000000000000000000E20000E2ECECE20000000000E20000000000000000000000000000000000000000000000000000000000000000000000000000000000000000
310
00000000000000000000000000000000000000000000000000000000000000000000000000000000000000000000000000000000000000000000000000000000000000000000000000000000000000000000000000000000000000000000000000000000000000000000000000000000000000000000000000000000000000
310
000000000000000000000000000000000000000000000000000000000000000000000000000000000000000000000000000000000000000000000000000000000000000000000000E20000E2ECECE20000000000E2000000000000000000000000000000000000000000000000000000000000000000000000000000000000
310
00000000000000000000000000000000000000000000000000000000000000000000000000000000000000000000000000000000000000000000000000000000000000000000000000000000000000000000000000000000000000000000000000000000000000000000000000000000000000000000000000000000000000
310
0000000000000000000000000000000000000000000000000000000000000000000000000000000000000000000000000000000000000000000000000000000000000000000000000000E20000E2ECECE20000000000E200000000000000000000000000000000000000000000000000000000000000000000000000000000
310
00000000000000000000000000000000000000000000000000000000000000000000000000000000000000000000000000000000000000000000000000000000000000000000000000000000000000000000000000000000000000000000000000000000000000000000000000000000000000000000000000000000000000
310
00000000000000000000000000000000000000000000000000000000000000000000000000000000000000000000000000000000000000000000000000000000000000000000000000000000E20000E2ECECE20000000000E20000000000000000000000000000000000000000000000000000000000000000000000000000
310
00000000000000000000000000000000000000000000000000000000000000000000000000000000000000000000000000000000000000000000000000000000000000000000000000000000000000000000000000000000000000000000000000000000000000000000000000000000000000000000000000000000000000
310
000000000000000000000000000000000000000000000000000000000000000000000000000000000000000000000000000000000000000000000000000000000000000000000000000000000000E20000E2ECECE20000000000E2000000000000000000000000000000000000000000000000000000000000000000000000
310
00000000000000000000000000000000000000000000000000000000000000000000000000000000000000000000000000000000000000000000000000000000000000000000000000000000000000000000000000000000000000000000000000000000000000000000000000000000000000000000000000000000000000
310
0000000000000000000000000000000000000000000000000000000000000000000000000000000000000000000000000000000000000000000000000000000000000000000000000000000000000000E20000E2ECECE20000000000E200000000000000000000000000000000000000000000000000000000000000000000
310
00000000000000000000000000000000000000000000000000000000000000000000000000000000000000000000000000000000000000000000000000000000000000000000000000000000000000000000000000000000000000000000000000000000000000000000000000000000000000000000000000000000000000
310
00000000000000000000000000000000000000000000000000000000000000000000000000000000000000000000000000000000000000000000000000000000000000000000000000000000000000000000E20000E2ECECE20000000000E20000000000000000000000000000000000000000000000000000000000000000
310
00000000000000000000000000000000000000000000000000000000000000000000000000000000000000000000000000000000000000000000000000000000000000000000000000000000000000000000000000000000000000000000000000000000000000000000000000000000000000000000000000000000000000
310
000000000000000000000000000000000000000000000000000000000000000000000000000000000000000000000000000000000000000000000000000000000000000000000000000000000000000000000000E20000E2ECECE20000000000E2000000000000000000000000000000000000000000000000000000000000
310
00000000000000000000000000000000000000000000000000000000000000000000000000000000000000000000000000000000000000000000000000000000000000000000000000000000000000000000000000000000000000000000000000000000000000000000000000000000000000000000000000000000000000
310
0000000000000000000000000000000000000000000000000000000000000000000000000000000000000000000000000000000000000000000000000000000000000000000000000000000000000000000000000000E20000E2ECECE20000000000E200000000000000000000000000000000000000000000000000000000
310
00000000000000000000000000000000000000000000000000000000000000000000000000000000000000000000000000000000000000000000000000000000000000000000000000000000000000000000000000000000000000000000000000000000000000000000000000000000000000000000000000000000000000
310
00000000000000000000000000000000000000000000000000000000000000000000000000000000000000000000000000000000000000000000000000000000000000000000000000000000000000000000000000000000E20000E2ECECE20000000000E20000000000000000000000000000000000000000000000000000
310
00000000000000000000000000000000000000000000000000000000000000000000000000000000000000000000000000000000000000000000000000000000000000000000000000000000000000000000000000000000000000000000000000000000000000000000000000000000000000000000000000000000000000
310
000000000000000000000000000000000000000000000000000000000000000000000000000000000000000000000000000000000000000000000000000000000000000000000000000000000000000000000000000000000000E20000E2ECECE20000000000E2000000000000000000000000000000000000000000000000
310
00000000000000000000000000000000000000000000000000000000000000000000000000000000000000000000000000000000000000000000000000000000000000000000000000000000000000000000000000000000000000000000000000000000000000000000000000000000000000000000000000000000000000
310
0000000000000000000000000000000000000000000000000000000000000000000000000000000000000000000000000000000000000000000000000000000000000000000000000000000000000000000000000000000000000000E20000E2ECECE20000000000E200000000000000000000000000000000000000000000
310
00000000000000000000000000000000000000000000000000000000000000000000000000000000000000000000000000000000000000000000000000000000000000000000000000000000000000000000000000000000000000000000000000000000000000000000000000000000000000000000000000000000000000
310
00000000000000000000000000000000000000000000000000000000000000000000000000000000000000000000000000000000000000000000000000000000000000000000000000000000000000000000000000000000000000000000E20000E2ECECE20000000000E20000000000000000000000000000000000000000
310
00000000000000000000000000000000000000000000000000000000000000000000000000000000000000000000000000000000000000000000000000000000000000000000000000000000000000000000000000000000000000000000000000000000000000000000000000000000000000000000000000000000000000
310
000000000000000000000000000000000000000000000000000000000000000000000000000000000000000000000000000000000000000000000000000000000000000000000000000000000000000000000000000000000000000000000000E20000E2ECECE20000000000E2000000000000000000000000000000000000
310
00000000000000000000000000000000000000000000000000000000000000000000000000000000000000000000000000000000000000000000000000000000000000000000000000000000000000000000000000000000000000000000000000000000000000000000000000000000000000000000000000000000000000
310
0000000000000000000000000000000000000000000000000000000000000000000000000000000000000000000000000000000000000000000000000000000000000000000000000000000000000000000000000000000000000000000000000000E20000E2ECECE20000000000E200000000000000000000000000000000
310
00000000000000000000000000000000000000000000000000000000000000000000000000000000000000000000000000000000000000000000000000000000000000000000000000000000000000000000000000000000000000000000000000000000000000000000000000000000000000000000000000000000000000
310
00000000000000000000000000000000000000000000000000000000000000000000000000000000000000000000000000000000000000000000000000000000000000000000000000000000000000000000000000000000000000000000000000000000E20000E2ECECE20000000000E20000000000000000000000000000
310
00000000000000000000000000000000000000000000000000000000000000000000000000000000000000000000000000000000000000000000000000000000000000000000000000000000000000000000000000000000000000000000000000000000000000000000000000000000000000000000000000000000000000
310
000000000000000000000000000000000000000000000000000000000000000000000000000000000000000000000000000000000000000000000000000000000000000000000000000000000000000000000000000000000000000000000000000000000000E20000E2ECECE20000000000E2000000000000000000000000
310
00000000000000000000000000000000000000000000000000000000000000000000000000000000000000000000000000000000000000000000000000000000000000000000000000000000000000000000000000000000000000000000000000000000000000000000000000000000000000000000000000000000000000
310
0000000000000000000000000000000000000000000000000000000000000000000000000000000000000000000000000000000000000000000000000000000000000000000000000000000000000000000000000000000000000000000000000000000000000000E20000E2ECECE20000000000E200000000000000000000
310
00000000000000000000000000000000000000000000000000000000000000000000000000000000000000000000000000000000000000000000000000000000000000000000000000000000000000000000000000000000000000000000000000000000000000000000000000000000000000000000000000000000000000
310
00000000000000000000000000000000000000000000000000000000000000000000000000000000000000000000000000000000000000000000000000000000000000000000000000000000000000000000000000000000000000000000000000000000000000000000E20000E2ECECE20000000000E20000000000000000
310
00000000000000000000000000000000000000000000000000000000000000000000000000000000000000000000000000000000000000000000000000000000000000000000000000000000000000000000000000000000000000000000000000000000000000000000000000000000000000000000000000000000000000
310
000000000000000000000000000000000000000000000000000000000000000000000000000000000000000000000000000000000000000000000000000000000000000000000000000000000000000000000000000000000000000000000000000000000000000000000000E20000E2ECECE20000000000E2000000000000
310
00000000000000000000000000000000000000000000000000000000000000000000000000000000000000000000000000000000000000000000000000000000000000000000000000000000000000000000000000000000000000000000000000000000000000000000000000000000000000000000000000000000000000
310
0000000000000000000000000000000000000000000000000000000000000000000000000000000000000000000000000000000000000000000000000000000000000000000000000000000000000000000000000000000000000000000000000000000000000000000000000000E20000E2ECECE20000000000E200000000
310
00000000000000000000000000000000000000000000000000000000000000000000000000000000000000000000000000000000000000000000000000000000000000000000000000000000000000000000000000000000000000000000000000000000000000000000000000000000000000000000000000000000000000
310
00000000000000000000000000000000000000000000000000000000000000000000000000000000000000000000000000000000000000000000000000000000000000000000000000000000000000000000000000000000000000000000000000000000000000000000000000000000E20000E2ECECE20000000000E20000
310
00000000000000000000000000000000000000000000000000000000000000000000000000000000000000000000000000000000000000000000000000000000000000000000000000000000000000000000000000000000000000000000000000000000000000000000000000000000000000000000000000000000000000
310
000000000000000000000000000000000000000000000000000000000000000000000000000000000000000000000000000000000000000000000000000000000000000000000000000000000000000000000000000000000000000000000000000000000000000000000000000000000000E20000E2ECECE20000000000E2
310
00000000000000000000000000000000000000000000000000000000000000000000000000000000000000000000000000000000000000000000000000000000000000000000000000000000000000000000000000000000000000000000000000000000000000000000000000000000000000000000000000000000000000
310
0000000000000000000000000000000000000000000000000000000000000000000000000000000000000000000000000000000000000000000000000000000000000000000000000000000000000000000000000000000000000000000000000000000000000000000000000000000000000000E20000E2ECECE200000000
310
00E20000000000000000000000000000000000000000000000000000000000000000000000000000000000000000000000000000000000000000000000000000000000000000000000000000000000000000000000000000000000000000000000000000000000000000000000000000000000000000000000000000000000
310
00000000000000000000000000000000000000000000000000000000000000000000000000000000000000000000000000000000000000000000000000000000000000000000000000000000000000000000000000000000000000000000000000000000000000000000000000000000000000000000E20000E2ECECE20000
310
000000E2000000000000000000000000000000000000000000000000000000000000000000000000000000000000000000000000000000000000000000000000000000000000000000000000000000000000000000000000000000000000000000000000000000000000000000000000000000000000000000000000000000
310
000000000000000000000000000000000000000000000000000000000000000000000000000000000000000000000000000000000000000000000000000000000000000000000000000000000000000000000000000000000000000000000000000000000000000000000000000000000000000000000000E20000E2ECECE2
310
0000000000E200000000000000000000000000000000000000000000000000000000000000000000000000000000000000000000000000000000000000000000000000000000000000000000000000000000000000000000000000000000000000000000000000000000000000000000000000000000000000000000000000
310
0000000000000000000000000000000000000000000000000000000000000000000000000000000000000000000000000000000000000000000000000000000000000000000000000000000000000000000000000000000000000000000000000000000000000000000000000000000000000000000000000000E20000E2EC
310
ECE20000000000E20000000000000000000000000000000000000000000000000000000000000000000000000000000000000000000000000000000000000000000000000000000000000000000000000000000000000000000000000000000000000000000000000000000000000000000000000000000000000000000000
310
00000000000000000000000000000000000000000000000000000000000000000000000000000000000000000000000000000000000000000000000000000000000000000000000000000000000000000000000000000000000000000000000000000000000000000000000000000000000000000000000000000000E20000
310
E2ECECE20000000000E2000000000000000000000000000000000000000000000000000000000000000000000000000000000000000000000000000000000000000000000000000000000000000000000000000000000000000000000000000000000000000000000000000000000000000000000000000000000000000000
310
000000000000000000000000000000000000000000000000000000000000000000000000000000000000000000000000000000000000000000000000000000000000000000000000000000000000000000000000000000000000000000000000000000000000000000000000000000000000000000000000000000000000E2
310
0000E2ECECE20000000000E200000000000000000000000000000000000000000000000000000000000000000000000000000000000000000000000000000000000000000000000000000000000000000000000000000000000000000000000000000000000000000000000000000000000000000000000000000000000000
310
00000000000000000000000000000000000000000000000000000000000000000000000000000000000000000000000000000000000000000000000000000000000000000000000000000000000000000000000000000000000000000000000000000000000000000000000000000000000000000000000000000000000000
310
00E20000E2ECECE20000000000E20000000000000000000000000000000000000000000000000000000000000000000000000000000000000000000000000000000000000000000000000000000000000000000000000000000000000000000000000000000000000000000000000000000000000000000000000000000000
310
00000000000000000000000000000000000000000000000000000000000000000000000000000000000000000000000000000000000000000000000000000000000000000000000000000000000000000000000000000000000000000000000000000000000000000000000000000000000000000000000000000000000000
310
000000E20000E2ECECE20000000000E2000000000000000000000000000000000000000000000000000000000000000000000000000000000000000000000000000000000000000000000000000000000000000000000000000000000000000000000000000000000000000000000000000000000000000000000000000000
310
00000000000000000000000000000000000000000000000000000000000000000000000000000000000000000000000000000000000000000000000000000000000000000000000000000000000000000000000000000000000000000000000000000000000000000000000000000000000000000000000000000000000000
310
0000000000E20000E2ECECE20000000000E200000000000000000000000000000000000000000000000000000000000000000000000000000000000000000000000000000000000000000000000000000000000000000000000000000000000000000000000000000000000000000000000000000000000000000000000000
310
00000000000000000000000000000000000000000000000000000000000000000000000000000000000000000000000000000000000000000000000000000000000000000000000000000000000000000000000000000000000000000000000000000000000000000000000000000000000000000000000000000000000000
310
00000000000000E20000E2ECECE20000000000E20000000000000000000000000000000000000000000000000000000000000000000000000000000000000000000000000000000000000000000000000000000000000000000000000000000000000000000000000000000000000000000000000000000000000000000000
310
00000000000000000000000000000000000000000000000000000000000000000000000000000000000000000000000000000000000000000000000000000000000000000000000000000000000000000000000000000000000000000000000000000000000000000000000000000000000000000000000000000000000000
310
000000000000000000E20000E2ECECE20000000000E2000000000000000000000000000000000000000000000000000000000000000000000000000000000000000000000000000000000000000000000000000000000000000000000000000000000000000000000000000000000000000000000000000000000000000000
310
00000000000000000000000000000000000000000000000000000000000000000000000000000000000000000000000000000000000000000000000000000000000000000000000000000000000000000000000000000000000000000000000000000000000000000000000000000000000000000000000000000000000000
310
0000000000000000000000E20000E2ECECE20000000000E200000000000000000000000000000000000000000000000000000000000000000000000000000000000000000000000000000000000000000000000000000000000000000000000000000000000000000000000000000000000000000000000000000000000000
310
00000000000000000000000000000000000000000000000000000000000000000000000000000000000000000000000000000000000000000000000000000000000000000000000000000000000000000000000000000000000000000000000000000000000000000000000000000000000000000000000000000000000000
310
00000000000000000000000000E20000E2ECECE2E2E2E2E2E2E2E2E2E2E2E2E2E2E2E2E2E2E2E2E2E2E2E2E2E2E2E2E2E2E2E2E2E2E2E2E2E2E2E2E2E2E2E2E2E2E2E2E2E2E2E2E2E2E2E2E2E2E2E2E2E2E2E2E2E2E2E2E2E2E2E2E2E2E2E2E2E2E2E2E2E2E2E2E2E2E2E2E2E2E2E2E2E2E2E2E2E2E2E2E2E2E2E2E2E2E2E2
310
E2E2E2E2E2E2E2E2E2E2E2E2E2E2E2E2E2E2E2E2E2E2E2E2E2E2E2E2E2E2E2E2E2E2E2E2E2E2E2E2E2E2E2E2E2E2E2E2E2E2E2E2E2E2E2E2E2E2E2E2E2E2E2E2E2E2E2E2E2E2E2E2E2E2E2E2E2E2E2E2E2E2E2E2E2E2E2E2E2E2E2E2E2E2E2E2E2E2E2E2E2E2E2E2E2E2E2E2E2E2E2E2E2E2E2E2E2E2E2E2E2E2E2E2E2E2E2
310
E2E2E2E2E2E2E2E2E2E2E2E2E2E2E2E2E2E2E2E2E2E20000000000E2E2E2E2E2E2E2E2E2E2E2E2E2E2E2E2E2E2E2E2E2E2E2E2E2E2E2E2E2E2E2E2E2E2E2E2E2E2E2E2E2E2E2E2E2E2E2E2E2E2E2E2E2E2E2E2E2E2E2E2E2E2E2E2E2E2E2E2E2E2E2E2E2E2E2E2E2E2E2E2E2E2E2E2E2E2E2E2E2E2E2E2E2E2E2E2E2E2E2E2
310
E2E2E2E2E2E2E2E2E2E2E2E2E2E2E2E2E2E2E2E2E2E2E2E2E2E2E2E2E2E2E2E2E2E2E2E2E2E2E2E2E2E2E2E2E2E2E2E2E2E2E2E2E2E2E2E2E2E2E2E2E2E2E2E2E2E2E2E2E2E2E2E2E2E2E2E2E2E2E2E2E2E2E2E2E2E2E2E2E2E2E2E2E2E2E2E2E2E2E2E2E2E2E2E2E2E2E2E2E2E2E2E2E2E2E2E2E2E2E2E2E2E2E2E2E2E2E2
310
E2E2E2E2E2E2E2E2E2E2E2E2E2E2E2E2E2E20000E2ECECE200000000000000000000000000000000000000000000000000000000000000000000000000000000000000000000000000000000000000000000000000000000000000000000000000000000000000000000000000000000000000000000000000000000000000
310
00000000000000000000000000000000000000000000000000000000000000000000000000000000000000000000000000000000000000000000000000000000000000000000000000000000000000000000000000000000000000000000000000000000000000000000000000000000000000000000000000000000000000
310
00000000000000000000000000000000000000000000E2ECECE2EAEAEAEAEAEAEAEAEAEAEAEAEAEAEAEAEAEAEAEAEAEAEAEAEAEAEAEAEAEAEAEAEAEAEAEAEAEAEAEAEAEAEAEAEAEAEAEAEAEAEAEAEAEAEAEAEAEAEAEAEAEAEAEAEAEAEAEAEAEAEAEAEAEAEAEAEAEAEAEAEAEAEAEAEAEAEAEAEAEAEAEAEAEAEAEAEAEAEAEAEA
310
EAEAEAEAEAEAEAEAEAEAEAEAEAEAEAEAEAEAEAEAEAEAEAEAEAEAEAEAEAEAEAEAEAEAEAEAEAEAEAEAEAEAEAEAEAEAEAEAEAEAEAEAEAEAEAEAEAEAEAEAEAEAEAEAEAEAEAEAEAEAEAEAEAEAEAEAEAEAEAEAEAEAEAEAEAEAEAEAEAEAEAEAEAEAEAEAEAEAEAEAEAEAEAEAEAEAEAEAEAEAEAEAEAEAEAEAEAEAEAEAEAEAEAEAEAEAEA
310
EAEAEAEAEAEAEAEAEAEAEAEAEAEAEAEAEAEAEAEAEAEAEAEAE2ECEC
  0
XRECORD
  5
8D798
102
{ACAD_REACTORS
330
788F6
102
}
330
788F6
100
AcDbXrecord
280
     1
310
2800000000010000B4000000010008000000000000B4000000000000000000000000000000000000FFFFFF00FFFFFF00FFFFFF000000000000000000000000000000000000000000000000000000000000000000330000006600000099000000CC000000FF00000000330000333300006633000099330000CC330000FF3300
310
0000660000336600006666000099660000CC660000FF66000000990000339900006699000099990000CC990000FF99000000CC000033CC000066CC000099CC0000CCCC0000FFCC000000FF000033FF000066FF000099FF0000CCFF0000FFFF000000003300330033006600330099003300CC003300FF003300003333003333
310
33006633330099333300CC333300FF33330000663300336633006666330099663300CC663300FF66330000993300339933006699330099993300CC993300FF99330000CC330033CC330066CC330099CC3300CCCC3300FFCC330000FF330033FF330066FF330099FF3300CCFF3300FFFF330000006600330066006600660099
310
006600CC006600FF00660000336600333366006633660099336600CC336600FF33660000666600336666006666660099666600CC666600FF66660000996600339966006699660099996600CC996600FF99660000CC660033CC660066CC660099CC6600CCCC6600FFCC660000FF660033FF660066FF660099FF6600CCFF6600
310
FFFF660000009900330099006600990099009900CC009900FF00990000339900333399006633990099339900CC339900FF33990000669900336699006666990099669900CC669900FF66990000999900339999006699990099999900CC999900FF99990000CC990033CC990066CC990099CC9900CCCC9900FFCC990000FF99
310
0033FF990066FF990099FF9900CCFF9900FFFF99000000CC003300CC006600CC009900CC00CC00CC00FF00CC000033CC003333CC006633CC009933CC00CC33CC00FF33CC000066CC003366CC006666CC009966CC00CC66CC00FF66CC000099CC003399CC006699CC009999CC00CC99CC00FF99CC0000CCCC0033CCCC0066CC
310
CC0099CCCC00CCCCCC00FFCCCC0000FFCC0033FFCC0066FFCC0099FFCC00CCFFCC00FFFFCC000000FF003300FF006600FF009900FF00CC00FF00FF00FF000033FF003333FF006633FF009933FF00CC33FF00FF33FF000066FF003366FF006666FF009966FF00CC66FF00FF66FF000099FF003399FF006699FF009999FF00CC
310
99FF00FF99FF0000CCFF0033CCFF0066CCFF0099CCFF00CCCCFF00FFCCFF0000FFFF0033FFFF0066FFFF0099FFFF00CCFFFF00FFFFFF00000000000D0D0D001A1A1A00282828003535350043434300505050005D5D5D006B6B6B00787878008686860093939300A1A1A100AEAEAE00BBBBBB00C9C9C900D6D6D600E4E4E400
310
F1F1F100FFFFFF0000000000000000000000000000000000000000000000000000000000000000000000000000000000E2E2E2E2E2E2E2E2E2E2E2E2E2E2E2E2E2E2E2E2E2E2E2E2E2E2E2E2E2E2E2E2E2E2E2E2E2E2E2E2E2E2E2E2E2E2E2E2E2E2E2E2E2E2E2E2E2E2E2E2E2E2E2E2E2E2E2E2E2E2E2E2E2E2E2E2E2E2E2
310
E2E2E2E2E2E2E2E2E2E2E2E2E2E2E2E2E2E2E2E2E2E2E2E2E2E2E2E2E2E2E2E2E2E2E2E2E2E2E2E2E2E2E2E2E2E2E2E2E2E2E2E2E2E2E2E2E2E2E2E2E2E2E2E2E2E2E2E2E2E2E2E2E2E2E2E2E2E2E2E2E2E2E2E2E2E2E2E2E2E2E2E2E2E2E2E2E2E2E2E2E2E2E2E2E2E2E2E2E2E2E2E2E2E2E2E2E2E2E2E2E2E2E2E2E2E2E2
310
E2E2E2E2E2E2E2E2E2E2E2E2E2E2E2E2E2E2E2E2E2E2E2E2E2E2E2E2E2E2E2E2E2E2E2E2E2E2E2E2E2E2E2E2E2E2E2E2ECECE2EAEAEAEAEAEAEAEAEAEAEAEAEAEAEAEAEAEAEAEAEAEAEAEAEAEAEAEAEAEAEAEAEAEAEAEAEAEAEAEAEAEAEAEAEAEAEAEAEAEAEAEAEAEAEAEAEAEAEAEAEAEAEAEAEAEAEAEAEAEAEAEAEAEAEAEA
310
EAEAEAEAEAEAEAEAEAEAEAEAEAEAEAEAEAEAEAEAEAEAEAEAEAEAEAEAEAEAEAEAEAEAEAEAEAEAEAEAEAEAEAEAEAEAEAEAEAEAEAEAEAEAEAEAEAEAEAEAEAEAEAEAEAEAEAEAEAEAEAEAEAEAEAEAEAEAE2EAEAEAEAEAEAEAEAEAEAEAEAEAEAEAEAEAEAEAEAEAEAEAEAEAEAEAEAEAEAEAEAEAEAEAEAEAEAEAEAEAEAEAEAEAEAEAEA
310
EAEAEAEAEAEAEAEAEAEAEAEAEAEAEAEAEAEAEAEAEAEAEAEAEAEAEAEAEAEAEAEAEAEAEAEAEAEAEAEAEAEAEAEAEAEAEAEAEAE2ECECE20000000000000000000000000000000000000000000000000000000000000000000000000000000000000000000000000000000000000000000000000000000000000000000000000000
310
0000000000000000000000000000000000000000000000000000000000000000000000000000000000000000000000000000000000000000000000000000000000000000000000000000000000000000E200000000000000000000000000000000000000000000000000000000000000000000000000000000000000000000
310
000000000000000000000000000000000000000000000000000000000000000000000000000000000000000000000000000000E2ECECE20000000000E2E2E2E2E2E2E2E2E2E2E2E2E2E2E2E2E2E2E2E2E2E2E2E2E2E2E2E2E2E2E2E2E2E2E2E2E2E2E2E2E2E2E2E2E2E2E2E2E2E2E2E2E2E2E2E2E2E2E2E2E2E2E2E2E2E2E2
310
E2E2E2E2E2E2E2E2E2E2E2E2E2E2E2E2E2E2E2E2E2E2E2E2E2E2E2E2E2E2E2E2E2E2E2E2E2E2E2E2E2E2E2E2E2E2E2E2E2E2E2E2E2E2E2E2E2E2E2E2E2E2E2E2E2E2E2E2E2E2E2E2E2E2E2E2E2E2E2E2E2E2E2E2E2E2E2E2E2E2E2E2E2E2E2E2E2E2E2E2E2E2E2E2E2E2E2E2E2E2E2E2E2E2E2E2E2E2E2E2E2E2E2E2E2E2E2
310
E2E2E2E2E2E2E2E2E2E2E2E2E2E2E2E2E2E2E2E2E2E2E2E2E2E2E2E2E2E2E2E2E2E2E2E2E2E2E2E2E2E2E2E2E2E2E2E2E2E2E20000E2ECECE20000000000E200000000000000000000000000000000000000000000000000000000000000000000000000000000000000000000000000000000000000000000000000000000
310
000000000000000000000000000000000000000000000000000000000000000000000000000000000000000000000000000000000000000000000000000000000000000000000000000000000000000000000000E2000000000000000000000000000000000000000000000000000000000000000000000000000000000000
310
00000000000000000000000000000000000000E20000000000000000000000000000000000000000000000000000000000000000E20000E2ECECE20000000000E20000000000000000000000000000000000000000000000000000000000000000000000000000000000000000000000000000000000000000000000000000
310
0000000000000000000000000000000000000000000000000000000000000000000000000000000000000000000000000000000000000000000000000000000000000000000000000000000000000000000000000000E200000000000000000000000000000000000000000000000000000000000000000000000000000000
310
000000000000000000000000000000000000000000E20000E2E2E2E2E2E2E2E2E2E2E2E2E2E2E2E2E2E2E2E2E2E2E2E2E2E2E2E2E2E2E2E2E2F1ECECE20000000000E2000000000000000000000000000000000000000000000000000000000000000000000000000000000000000000000000000000000000000000000000
310
00000000000000000000000000000000000000000000000000000000000000000000000000000000000000000000000000000000000000000000000000000000000000000000000000000000000000000000000000000000E20000000000000000000000000000000000000000000000000000000000000000000000000000
310
0000000000000000000000000000000000000000000000E20000E2E2E2E2E2E2E2E2E2E2E2E2E2E2E2E2E2E2E2E2E2E2E2E2E2E2E2E2E2E2E2E2E2F1ECECE20000000000E200000000000000000000000000000000000000000000000000000000000000000000000000000000000000000000000000000000000000000000
310
000000000000000000000000000000000000000000000000000000000000000000000000000000000000000000000000000000000000000000000000000000000000000000000000000000000000000000000000000000000000E2000000000000000000000000000000000000000000000000000000000000000000000000
310
00000000000000000000000000000000000000000000000000E20000E2E2E2E2E2E2E2E2E2E2E2E2E2E2E2E2E2E2E2E2E2E2E2E2E2E2E2E2E2E2E2E2E2F1ECECE20000000000E20000000000000000E2E2E2E2E2E2E2E2E2E2E2E2E2E2E2E2E2E2E2E2E2E2E2E2E2E2E2E2E2E2E2E2E2E2E2E2E2E2E2E2E2E2E2E2E2E2E2E2
310
E2E2E2E2E2E2E2E2E2E2E2E2E2E2E2E2E2E2E2E2E2E2E2E20000000000000000000000000000000000000000000000000000000000000000000000000000000000000000000000000000000000000000000000000000000000000000E200000000000000000000000000000000000000000000000000000000000000000000
310
000000000000000000000000000000000000000000000000000000E20000E2E2E2E2E2E2E2E2E2E2E2E2E2E2E2E2E2E2E2E2E2E2E2E2E2E2E2E2E2E2E2E2E2F1ECECE20000000000E20000000000000000E2E2E2E2E2E2E2E2E2E2E2E2E2E2E2E2E2E2E2E2E2E2E2E2E2E2E2E2E2E2E2E2E2E2E2E2E2E2E2E2E2E2E2E2E2E2
310
E2E2E2E2E2E2E2E2E2E2E2E2E2E2E2E2E2E2E2E2E2E2E2E2E2E20000000000000000000000000000000000000000000000000000000000000000000000000000000000000000000000000000000000000000000000000000000000000000E20000000000000000000000000000000000000000000000000000000000000000
310
0000000000000000000000000000000000000000000000000000000000E20000F1F1F1F1F1F1F1F1F1F1F1F1F1F1F1F1F1F1F1F1F1F1F1F1F1F1F1F1F1F1E2F1F1F1ECECE20000000000E20000000000000000E2E2E2E2E2E2E2E2E2E2E2E2E2E2E2E2E2E2E2E2E2E2E2E2E2E2E2E2E2E2E2E2E2E2E2E2E2E2E2E2E2E2E2E2
310
E2E2E2E2E2E2E2E2E2E2E2E2E2E2E2E2E2E2E2E2E2E2E2E2E2E2E2E20000000000000000000000000000000000000000000000000000000000000000000000000000000000000000000000000000000000000000000000000000000000000000E2000000000000000000000000000000000000000000000000000000000000
310
00000000000000000000000000000000000000000000000000000000000000E2E2E2E2E2E2E2E2E2E2E2E2E2E2E2E2E2E2E2E2E2E2E2E2E2E2E2E2E2E2E2E2E2E20000E2ECECE20000000000E20000000000000000E2E2E2E2E2E2E2E2E2E2E2E2E2E2E2E2E2E2E2E2E2E2E2E2E2E2E2E2E2E2E2E2E2E2E2E2E2E2E2E2E2E2
310
E2E2E2E2E2E2E2E2E2E2E2E2E2E2E2E2E2E2E2E2E2E2E2E2E2E2E2E2E2E20000000000000000000000000000000000000000000000000000000000000000000000000000000000000000000000000000000000000000000000000000000000000000E200000000000000000000000000000000000000000000000000000000
310
000000000000000000000000000000000000000000000000000000000000000000000000000000000000000000000000000000000000000000000000000000000000E20000E2ECECE20000000000E2000000000000000000000000000000000000000000000000000000000000000000000000000000000000000000000000
310
00000000000000000000000000000000000000000000000000000000000000000000000000000000000000000000000000000000000000000000000000000000000000000000000000000000000000000000000000000000000000000000000000000000E20000000000000000000000000000000000000000000000000000
310
0000000000000000000000000000000000000000000000000000000000000000000000000000000000000000000000000000000000000000000000000000000000000000E20000E2ECECE20000000000E200000000000000000000000000000000000000000000000000000000000000000000000000000000000000000000
310
000000000000000000000000000000000000000000000000000000000000000000000000000000000000000000000000000000000000000000000000000000000000000000000000000000000000000000000000000000000000000000000000000000000000E2000000000000000000000000000000000000000000000000
310
00000000000000000000000000000000000000000000000000000000000000000000000000000000000000000000000000000000000000000000000000000000000000000000E20000E2ECECE20000000000E20000000000000000000000000000000000000000000000000000000000000000000000000000000000000000
310
0000000000000000000000000000000000000000000000000000000000000000000000000000000000000000000000000000000000000000000000000000000000000000000000000000000000000000000000000000000000000000000000000000000000000000E200000000000000000000000000000000000000000000
310
000000000000000000000000000000000000000000000000000000000000000000000000000000000000000000000000000000000000000000000000000000000000000000000000E20000E2ECECE20000000000E2000000000000000000000000000000000000000000000000000000000000000000000000000000000000
310
00000000000000000000000000000000000000000000000000000000000000000000000000000000000000000000000000000000000000000000000000000000000000000000000000000000000000000000000000000000000000000000000000000000000000000000E20000000000000000000000000000000000000000
310
0000000000000000000000000000000000000000000000000000000000000000000000000000000000000000000000000000000000000000000000000000000000000000000000000000E20000E2ECECE20000000000E200000000000000000000000000000000000000000000000000000000000000000000000000000000
310
000000000000000000000000000000000000000000000000000000000000000000000000000000000000000000000000000000000000000000000000000000000000000000000000000000000000000000000000000000000000000000000000000000000000000000000000E2000000000000000000000000000000000000
310
00000000000000000000000000000000000000000000000000000000000000000000000000000000000000000000000000000000000000000000000000000000000000000000000000000000E20000E2ECECE20000000000E20000000000000000000000000000000000000000000000000000000000000000000000000000
310
00000000000000000000000000000000000000000000000000000000000000000000000000E2E2E2E2E2E2E2E2E2E2E2E2E2E2E2E2E2E2E2E2E2E2E2E2E2E2E2E2E2E2E2E2E2E2E2E2E2E2E2E2E2E2E2E2E2E2E2E2E2E2E2E2E2E2E2E2E200000000000000000000000000000000E200000000000000000000000000000000
310
000000000000000000000000000000000000000000000000000000000000000000000000000000000000000000000000000000000000000000000000000000000000000000000000000000000000E20000E2ECECE20000000000E2000000000000000000000000000000000000000000000000000000000000000000000000
310
000000000000000000000000000000000000000000000000000000000000000000000000000000E200000000800000000000000000000000000000000000000000000000000000000000000000000000000000000000000000000000000000E200000000000000000000000000000000E20000000000000000000000000000
310
0000000000000000000000000000000000000000000000000000000000000000000000000000000000000000000000000000000000000000000000000000000000000000000000000000000000000000E20000E2ECECE20000000000E200000000000000000000000000000000000000000000000000000000000000000000
310
0000000000000000000000000000000000000000000000000000000000000000000000000000000000E200000000000000000000000000000000000000000000000000000000000000000000000000000000000000000000000000000000000000E200000000000000000000000000000000E2000000000000000000000000
310
00000000000000000000000000000000000000000000000000000000000000000000000000000000000000000000000000000000000000000000000000000000000000000000000000000000000000000000E20000E2ECECE20000000000E20000000000000000000000000000000000000000000000000000000000000000
310
00000000000000000000000000000000000000000000000000000000000000000000000000000000000000E20000000000000000000000000000000000000000000000000000000000000000000000000000000000000000000000000000000000A000E200000000000000000000000000000000E200000000000000000000
310
000000000000000000000000000000000000000000000000000000000000000000000000000000000000000000000000000000000000000000000000000000000000000000000000000000000000000000000000E20000E2ECECE20000000000E2000000000000000000000000000000000000000000000000000000000000
310
000000000000000000000000000000000000000000000000000000000000000000000000000000000000000000E20000000080800000E000000000F0F000000000A00000F0A000A2A0F0E000000000E080808000000000000000000000000000E080000000E200000000000000000000000000000000E20000000000000000
310
0000000000000000000000000000000000000000000000000000000000000000000000000000000000000000000000000000000000000000000000000000000000000000000000000000000000000000000000000000E20000E2ECECE20000000000E200000000000000000000000000000000000000000000000000000000
310
0000000000000000000000000000000000000000000000000000000000000000000000000000000000000000000000E20000000000000000000000000000000000000000400000F000F00000000000F400000000A000F000F0000000000000F000E020B0000000E200000000000000000000000000000000E2000000000000
310
00000000000000000000000000000000000000000000000000000000000000000000000000000000000000000000000000000000000000000000000000000000000000000000000000000000000000000000000000000000E20000E2ECECE20000000000E20000000000000000000000000000000000000000000000000000
310
00000000000000000000000000000000000000000000000000000000000000000000000000000000000000000000000000E20000000000000000000000000000000000000009008000F000F00000F000F000000000F0E000000000F0F00000000080E0E000000000F0E200000000000000000000000000000000E200000000
310
000000000000000000000000000000000000000000000000000000000000000000000000000000000000000000000000000000000000000000000000000000000000000000000000000000000000000000000000000000000000E20000E2ECECE20000000000E2000000000000000000000000000000000000000000000000
310
000000000000000000000000000000000000000000000000000000000000000000000000000000000000000000000000000000E200000000000000000000000000000000000000008080B0F00000000000000000000000F0A0000000000000F00000E080F0000000000000E200000000000000000000000000000000E20000
310
0000000000000000000000000000000000000000000000000000000000000000000000000000000000000000000000000000000000000000000000000000000000000000000000000000000000000000000000000000000000000000E20000E2ECECE20000000000E200000000000000000000000000000000000000000000
310
0000000000000000000000000000000000000000000000000000000000000000000000000000000000000000000000000000000000E20000000000000000000000000000000000D000000000F0B000000000000000000000000000000000000000F00000000020000080000000E200000000000000000000000000000000E2
310
00000000000000000000000000000000000000000000000000000000000000000000000000000000000000000000000000000000000000000000000000000000000000000000000000000000000000000000000000000000000000000000E20000E2ECECE20000000000E20000000000000000000000000000000000000000
310
00000000000000000000000000000000000000000000000000000000000000000000000000000000000000000000000000000000000000E20000000000000000000000000000000000F0000000A00000000000000000000000000000E0000000000000000000000000000080000000E2000000000000000000000000000000
310
00E200000000000000000000000000000000000000000000000000000000000000000000000000000000000000000000000000000000000000000000000000000000000000000000000000000000000000000000000000000000000000000000E20000E2ECECE20000000000E2000000000000000000000000000000000000
310
000000000000000000000000000000000000000000000000000000000000000000000000000000000000000000000000000000000000000000E200000000B00000000000000000000000000000000000000000000000000000000000000000002000000000000000000000000000000000E200000000000000000000000000
310
000000E200000000000000000000000000000000000000000000000000000000000000000000000000000000000000000000000000000000000000000000000000000000000000000000000000000000000000000000000000000000000000000000E20000E2ECECE20000000000E200000000000000000000000000000000
310
0000000000000000000000000000000000000000000000000000000000000000000000000000000000000000000000000000000000000000000000E20000000000F0000000000000000000000000000000000000000000000000000000000000E0000000808000000000000000000000000000E20000000000000000000000
310
0000000000E200000000000000000000000000000000000000000000000000000000000000000000000000000000000000000000000000000000000000000000000000000000000000000000000000000000000000000000000000000000000000000000E20000E2ECECE20000000000E20000000000000000000000000000
310
00000000000000000000000000000000000000000000000000000000000000000000000000000000000000000000000000000000000000000000000000E2000000000000F00000000000000000000000000000000000000000000000000000000000E0000000000000000000000000000000000000E2000000000000000000
310
00000000000000E200000000000000000000000000000000000000000000000000000000000000000000000000000000000000000000000000000000000000000000000000000000000000000000000000000000000000000000000000000000000000000000E20000E2ECECE20000000000E2000000000000000000000000
310
000000000000000000000000000000000000000000000000000000000000000000000000000000000000000000000000000000000000000000000000000000E200000000000000000000000000000000000000000000000000000000F000000000000000A0000000000000000000000000000000000000E200000000000000
310
000000000000000000E200000000000000000000000000000000000000000000000000000000000000000000000000000000000000000000000000000000000000000000000000000000000000000000000000000000000000000000000000000000000000000000E20000E2ECECE20000000000E200000000000000000000
310
0000000000000000000000000000000000000000000000000000000000000000000000000000000000000000000000000000000000000000000000000000000000E200000000000000F0F000000000000000000000000000F00000000000000000200000000080800000003000000000000000000000000000E20000000000
310
0000000000000000000000E200000000000000000000000000000000000000000000000000000000000000000000000000000000000000000000000000000000000000000000000000000000000000000000000000000000000000000000000000000000000000000000E20000E2ECECE20000000000E20000000000000000
310
00000000000000000000000000000000000000000000000000000000000000000000000000000000000000000000000000000000000000000000000000000000000000E20000F000F00000F000000000F4000000F0F00000B200E000000000800000E0000000008000000000002000000000000000000000000000E2000000
310
00000000000000000000000000E200000000000000000000000000000000000000000000000000000000000000000000000000000000000000000000000000000000000000000000000000000000000000000000000000000000000000000000000000000000000000000000E20000E2ECECE20000000000E2000000000000
310
000000000000000000000000000000000000000000000000000000000000000000000000000000000000000000000000000000000000000000000000000000000000000000E20000F000F00000F0F0F0B000F400000000F0F000F280B000B00000F40000F0000000A00000000000000000000000000000000000000000E200
310
000000000000000000000000000000E200000000000000000000000000000000000000000000000000000000000000000000000000000000000000000000000000000000000000000000000000000000000000000000000000000000000000000000000000000000000000000000E20000E2ECECE20000000000E200000000
310
0000000000000000000000000000000000000000000000000000000000000000000000000000000000000000000000000000000000000000000000000000000000000000000000E200000000000000000000000000000000000000000080F0000000000000000000A0A000000000000000B000000000000000000000000000
310
E200000000000000000000000000000000E200000000000000000000000000000000000000000000000000000000000000000000000000000000000000000000000000000000000000000000000000000000000000000000000000000000000000000000000000000000000000000000E20000E2ECECE20000000000E20000
310
00000000000000000000000000000000000000000000000000000000000000000000000000000000000000000000000000000000000000000000000000000000000000000000000000E20000000000000000000000000000000000000000000000000000000000000000000000000000000000000000000000000000000000
310
0000E200000000000000000000000000000000E200000000000000000000000000000000000000000000000000000000000000000000000000000000000000000000000000000000000000000000000000000000000000000000000000000000000000000000000000000000000000000000E20000E2ECECE20000000000E2
310
000000000000000000000000000000000000000000000000000000000000000000000000000000000000000000000000000000000000000000000000000000000000000000000000000000E2000000000000000000000000000000000080800000F00000000000000000800000000000900000000000000000000000000000
310
00000000E200000000000000000000000000000000E200000000000000000000000000000000000000000000000000000000000000000000000000000000000000000000000000000000000000000000000000000000000000000000000000000000000000000000000000000000000000000000E20000E2ECECE200000000
310
00E2000000000000000000000000000000000000000000000000000000000000000000000000000000000000000000000000000000000000000000000000000000000000000000000000000000E20000000000000000000000000000F000000000000000000000000000000000000000000090000000000000000000000000
310
000000000000E200000000000000000000000000000000E200000000000000000000000000000000000000000000000000000000000000000000000000000000000000000000000000000000000000000000000000000000000000000000000000000000000000000000000000000000000000000000E20000E2ECECE20000
310
000000E2000000000000000000000000000000000000000000000000000000000000000000000000000000000000000000000000000000000000000000000000000000000000000000000000000000E2000000000000000000000000000000F0000000000000000000F000000000000000000000D000600000000000000000
310
00000000000000F0E200000000000000000000000000000000E200000000000000000000000000000000000000000000000000000000000000000000000000000000000000000000000000000000000000000000000000000000000000000000000000000000000000000000000000000000000000000000E20000E2ECECE2
310
0000000000E2000000000000000000000000000000000000000000000000000000000000000000000000000000000000000000000000000000000000000000000000000000000000000000000000000000E2000000000000000000000000000000000080000080000000000000000000000000000000F00000000000000000
310
00000000000000000000E200000000000000000000000000000000E200000000000000000000000000000000000000000000000000000000000000000000000000000000000000000000000000000000000000000000000000000000000000000000000000000000000000000000000000000000000000000000E20000E2EC
310
ECE20000000000E2000000000000000000000000000000000000000000000000000000000000000000000000000000000000000000000000000000000000000000000000000000000000000000000000000000E20000000000000000000000000000000000F000000000000000F20000000000000000000000000000000000
310
000000000000000000000000E200000000000000000000000000000000E200000000000000000000000000000000000000000000000000000000000000000000000000000000000000000000000000000000000000000000000000000000000000000000000000000000000000000000000000000000000000000000E20000
310
E2ECECE20000000000E2000000000000000000000000000000000000000000000000000000000000000000000000000000000000000000000000000000000000000000000000000000000000000000000000000000E2000000000000000000000000000000000000F0F200A000F400F0F000F00000F000300000B000200000
310
0000F00000F00000000000000000E200000000000000000000000000000000E200000000000000000000000000000000000000000000000000000000000000000000000000000000000000000000000000000000000000000000000000000000000000000000000000000000000000000000000000000000000000000000E2
310
0000E2ECECE20000000000E2000000000000000000000000000000000000000000000000000000000000000000000000000000000000000000000000000000000000000000000000000000000000000000000000000000E200000000000000000000000000000000000000F2008000F000F000000000000000000000000020
310
B0F0000000000000F000000000000000E200000000000000000000000000000000E2000000000000000000000000000000000000000000000000000000000000000000000000000000000000000000000000000000000000000000000000000000000000000000000000000000000000000000000000000000000000000000
310
00E20000E2ECECE20000000000E2000000000000000000000000000000000000000000000000000000000000000000000000000000000000000000000000000000000000000000000000000000000000000000000000000000E20000000010000010001000000000000000001012100000E100303020103000100000000000
310
000010101212101010101010001030000012E200000000000000000000000000000000E200000000000000000000000000000000000000000000000000000000000000000000000000000000000000000000000000000000000000000000000000000000000000000000000000000000000000000000000000000000000000
310
000000E20000E2ECECE20000000000E2000000000000000000000000000000000000000000000000000000000000000000000000000000000000000000000000000000000000000000000000000000000000000000000000000000E20000000000000000000000000000000000000000000000000000000000000000000000
310
0000000000000000000000000000000000000000E200000000000000000000000000000000E20000000000000000000000000000000000000000000000000000000000000000000000000000000000000000000000000000000000000000000000000000000000000000000000000000000000000000000000000000000000
310
0000000000E20000E2ECECE20000000000E2000000000000000000000000000000000000000000000000000000000000000000000000000000000000000000000000000000000000000000000000000000000000000000000000000000E2000000000000000000000000000000000000000000000000000000000000000000
310
00000000000000000000000000000000000000000000E200000000000000000000000000000000E2000000000000000000000000000000000000000000000000000000000000000000000000000000000000000000000000000000000000000000000000000000000000000000000000000000000000000000000000000000
310
00000000000000E20000E2ECECE20000000000E2000000000000000000000000000000000000000000000000000000000000000000000000000000000000000000000000000000000000000000000000000000000000000000000000000000E200000000000000000000000000000000000000000000000000000000000000
310
000000000000000000000000000000000000000000000000E200000000000000000000000000000000E200000000000000000000000000000000000000000000000000000000000000000000000000000000000000000000000000000000000000000000000000000000000000000000000000000000000000000000000000
310
000000000000000000E20000E2ECECE20000000000E2000000000000000000000000000000000000000000000000000000000000000000000000000000000000000000000000000000000000000000000000000000000000000000000000000000E20000000000000000000000000000000000000000000000000000000000
310
0000000000000000000000000000000000000000000000000000E200000000000000000000000000000000E20000000000000000000000000000000000000000000000000000000000000000000000000000000000000000000000000000000000000000000000000000000000000000000000000000000000000000000000
310
0000000000000000000000E20000E2ECECE20000000000E2000000000000000000000000000000000000000000000000000000000000000000000000000000000000000000000000000000000000000000000000000000000000000000000000000000E2000000000000000000000000000000000000000000000000000000
310
00000000000000000000000000000000000000000000000000000000E200000000000000000000000000000000E2000000000000000000000000000000000000000000000000000000000000000000000000000000000000000000000000000000000000000000000000000000000000000000000000000000000000000000
310
00000000000000000000000000E20000E2ECECE20000000000E2000000000000000000000000000000000000000000000000000000000000000000000000000000000000000000000000000000000000000000000000000000000000000000000000000000E200000000000000000000000000000000000000000000000000
310
000000000000008080000000008080800000000000000000000000000000E200000000000000000000000000000000E200000000000000000000000000000000000000000000000000000000000000000000000000000000000000000000000000000000000000000000000000000000000000000000000000000000000000
310
000000000000000000000000000000E20000E2ECECE20000000000E2000000000000000000000000000000000000000000000000000000000000000000000000000000000000000000000000000000000000000000000000000000000000000000000000000000E20000000000000000000000000000000000000000000000
310
0000000000000000000000000000000000000000000000000000000000000000E200000000000000000000000000000000E20000000000000000000000000000000000000000000000000000000000000000000000000000000000000000000000000000000000000000000000000000000000000000000000000000000000
310
0000000000000000000000000000000000E20000E2ECECE20000000000E2000000000000000000000000000000000000000000000000000000000000000000000000000000000000000000000000000000000000000000000000000000000000000000000000000000E20000F400F40000F400000000F400000000000000F4
310
00000000000000000000000000008000000000000000000000000000000000000000E200000000000000000000000000000000E2000000000000000000000000000000000000000000000000000000000000000000000000000000000000000000000000000000000000000000000000000000000000000000000000000000
310
00000000000000000000000000000000000000E20000E2ECECE20000000000E200000000000000000000E20000000000000000000000000000000000000000000000000000000000E200000000000000000000000000000000000000000000000000000000000000000000E20000F400000000F40000000000000000000000
310
00F4000000000000F4000000000000008080000000000000000000000000000000000000E200000000000000000000000000000000E20000000000000000000000000000000000000000000000000000000000000000000000000000000000000000000000000000000000000000000000000000E200000000000000000000
310
00000000000000000000000000000000E200000000E20000E2ECECE20000000000E200000000000000000000E2E2E2E2E2E2E2E2E2E2E2E2E2E2E2E2E2E2E2E2E2E2E2E2E2E2E2E2E2E2E200000000000000000000000000000000000000000000000000000000000000000000E20000000000000000000000000000000000
310
0000000000000000000000000000000000000000000000000000000000000000000000000000E200000000000000000000000000000000E200000000000000000000000000000000000000000000000000000000000000000000000000000000000000000000000000000000000000000000000000E2E2E2E2E2E2E2E2E2E2
310
E2E2E2E2E2E2E2E2E2E2E2E2E2E2E2E2E2E2E2E2000000E20000E2ECECE20000000000E200000000000000000000E2000000000000000000000000E2E2E2E200000000000000000000000000E200000000000000000000000000000000000000000000000000000000000000000000E2000000000000000000000000000000
310
00000000000000000000000000000000000000000000000000000000000000000000000000000000E200000000000000000000000000000000E20000000000000000000000000000000000000000000000000000000000000000000000000000000000000000000000000000000000000000000000000000E2000000000000
310
0000000000E2E2E2000000000000000000000000E200000000E20000E2ECECE20000000000E200000000000000000000E2000000000000000000000000E2E2E2E200000000000000000000000000E200000000000000000000000000000000000000000000000000000000000000000000E200000000000000000000000000
310
000000000000000000000000000000000000000000000000000000000000000000000000000000000000E200000000000000000000000000000000E20000000000000000000000000000000000000000000000000000000000000000000000000000000000000000000000000000000000000000000000000000E200000000
310
00000000000000E2E2E2000000000000000000000000E200000000E20000E2ECECE20000000000E200000000000000000000E20000000000000000000000000000000000000000000000000000000000E200000000000000000000000000000000000000000000000000000000000000000000E20000000000000000000000
310
0000000000000000000000000000000000000000000000000000000000000000000000000000000000000000E200000000000000000000000000000000E20000000000000000000000000000000000000000000000000000000000000000000000000000000000000000000000000000000000000000000000000000E20000
310
000000000000000000000000000000000000000000000000E200000000E20000E2ECECE20000000000E20000000000E2E2E2E2E2E20F0F0F0F0F0F0F0F0F0F0F0F0F0F0F0F0F0F0F0F0F0F0F0F0F0F0F0F0FE2E2E2E2E2E2E2E2E2E2E2E2E2E2E2E200000000000000000000000000000000000000E2000000000000000000
310
00000000000000000000000000000000000000000000000000000000000000000000000000000000000000000000E200000000000000000000000000000000E20000000000000000000000000000000000000000000000000000000000000000000000000000000000000000000000000000000000000000000000000000E2
310
0000000000000000000000000000000000000000000000000000E200000000E20000E2ECECE20000000000E2000000000000E20000000F00000000000000000000000000000000000000000000000000000000000F0000000000E200000000000000E20000000000000000000000000000000000000000E2E2E2E2E2E2E2E2
310
E2E2E2E2E2E2E2E2E2E2E2E2E2E2E2E2E2E2E2E2E2E2E2E2E2E2E2E2E2E2E2E2E2E2E2E2E2E2E2E2E2E2E2E2E2E2E2E2E200000000000000000000000000000000E200000000000000000000000000000000000000000000000000000000000000000000000000000000000000000000000000000000000000000000E2E2E2
310
E2E20F0F0F0F0F0F0F0F0F0F0F0F0F0F0F0F0F0F0F0F0F0F0F0F0F0FE200000000E20000E2ECECE20000000000E2000000000000E20000000F00000000000000000000000000000000000000000000000000000000000F0000000000E200000000000000E20000000000000000000000000000000000000000000000000000
310
00000000000000000000000000000000000000000000000000000000000000000000000000000000000000000000000000000000000000000000000000000000000000E200000000000000000000000000000000000000000000000000000000000000000000000000000000000000000000000000000000000000000000E2
310
0000000F00000000000000000000000000000000000000000000000000000F00000000E20000E2ECECE20000000000E2000000000000E20000000F00000000000000000000000000000000000000000000000000000000000F0000000000E200000000000000E2000000000000000000000000000000000000000000000000
310
000000000000000000000000000000000000000000000000000000000000000000000000000000000000000000000000000000000000000000000000000000000000000000E2000000000000000000000000000000000000000000000000000000000000000000000000000000000000000000000000000000000000000000
310
00E20000000F00000000000000000000000000000000000000000000000000000F00000000E20000E2ECECE20000000000E2000000E2E2E2E20000000F00000000000000000000000000000000000000000000000000000000000F0000000000E200000000000000E200000000000000000000000000000000000000000000
310
0000000000000000000000000000000000000000000000000000000000000000000000000000000000000000000000000000000000000000000000000000000000000000000000E200000000000000000000000000000000000000000000000000000000000000000000000000000000000000000000000000000000000000
310
000000E20000000F00000000000000000000000000000000000000000000000000000F00000000E20000E2ECECE20000000000E2000000E2E2E2E20000000F00000000000000000000000000000000000000000000000000000000000F0000000000E200000000000000E20000000000000000000000000000000000000000
310
00000000000000000000000000000000000000000000000000000000000000000000000000000000000000000000000000000000000000000000000000000000000000000000000000E20000000000000000000000000000000000000000000000000000000000000000000000000000000000000000000000000000000000
310
0000000000E20000000F00000000000000000000000000000000000000000000000000000F00000000E20000E2ECECE20000000000E2000000E2E2E2E20000000F00000000000000000000000000000000000000000000000000000000000F0000000000E200000000000000E2000000000000000000000000000000000000
310
000000000000000000000000000000000000000000000000000000000000000000E2E2E2E2E2E2E2E200000000000000000000000000000000000000000000000000000000000000000000E2000000000000000000000000000000000000000000000000000000000000000000000000000000000000000000000000000000
310
00000000000000E20000000F00000000000000000000000000000000000000000000000000000F00000000E20000E2ECECE20000000000E2000000000000E20000000F00000000000000000000000000000000000000000000000000000000000F0000000000E200000000000000E200000000000000000000000000000000
310
0000000000000000000000000000000000000000000000000000000000000000000000E2E2E2E2E2E2E2E200000000000000000000000000000000000000000000000000000000000000000000E200000000000000000000000000000000000000000000000000000000000000000000000000000000000000000000000000
310
000000000000000000E20000000F00000000000000000000000000000000000000000000000000000F00000000E20000E2ECECE20000000000E2000000000000E20000000F00000000000000000000000000000000000000000000000000000000000F0000000000E200000000000000E20000000000000000000000000000
310
00000000000000000000000000000000000000000000000000000000000000000000000000E2E2E2E2E2E2E2E200000000000000000000000000000000000000000000000000000000000000000000E20000000000000000000000000000000000000000000000000000000000000000000000000000000000000000000000
310
0000000000000000000000E20000000F00000000000000000000000000000000000000000000000000000F00000000E20000E2ECECE20000000000E2000000000000E20000000F00000000000000000000000000000000000000000000000000000000000F0000000000E200000000000000E2000000000000000000000000
310
000000000000000000000000000000000000000000000000000000000000000000000000000000E2E2E2E2E2E2E2E200000000000000000000000000000000000000000000000000000000000000000000E2000000000000000000000000000000000000000000000000000000000000000000000000000000000000000000
310
00000000000000000000000000E20000000F00000000000000000000000000000000000000000000000000000F00000000E20000E2ECECE20000000000E2000000000000E20000000F000F0000000000000000000000000000000000000000000000000000000F0000000000E200000000000000E200000000000000000000
310
0000000000000000000000000000000000000000000000000000000000000000000000000000000000000000000000000000000000000000000000000000000000000000000000000000000000000000000000E200000000000000000000000000000000000000000000000000000000000000000000000000000000000000
310
000000000000000000000000000000E20000000F00000000000000000000000000000000000000000000000000000F00000000E20000E2ECECE20000000000E20000000000E2E2E2E2E2E2E2E20F00000000000000000000000000000000000000000000000000000F0000000000E200000000000000E20000000000000000
310
00000000000000000000000000000000000000000000000000000000000000000000000000000000000000000000000000000000000000000000000000000000000000000000000000000000000000000000000000E20000000000000000000000000000000000000000000000000000000000000000000000000000000000
310
0000000000000000000000000000000000E20000000F00000000000000000000000000000000000000000000000000000F00000000E20000E2ECECE20000000000E200000000E2E2E2000000E2E2E20000E2E2E2000000E2E200000000000000000000000000000000000F0000000000E200000000000000E2000000000000
310
000000000000000000000000000000000000000000000000000000000000000000000000000000000000000000000000000000000000000000000000000000000000000000000000000000000000000000000000000000E2000000000000000000000000000000000000000000000000000000000000000000000000000000
310
00000000000000000000000000000000000000E20000000F00000000000000000000000000000000000000000000000000000F00000000E20000E2ECECE20000000000E200E2E2E2E2E2E2E2E2E2E2E2E2E2E2E2E2E2E2E2E2E2E200000000000000000000000000000000000F0000000000E200000000000000E200000000
310
0000000000000000000000000000000000000000000000000000000000000000000000000000000000000000000000000000000000000000000000000000000000000000000000000000000000000000000000000000000000E200000000000000000000000000000000000000000000000000000000000000000000000000
310
000000000000000000000000000000000000000000E20000000F00000000000000000000000000000000000000000000000000000F00000000E20000E2ECECE20000000000E200E2E2E2E200E20000000F00E200E2E2E2E2E2E2E2E20000000000000000000000000000000000000F0000000000E200000000000000E20000
310
00000000000000000000000000000000000000000000000000000000000000000000000000000000000000000000000000000000000000000000000000000000000000000000000000000000000000000000000000000000000000E20000000000000000000000000000000000000000000000000000000000000000000000
310
0000000000000000000000000000000000000000000000E20000000F00000000000000000000000000000000000000000000000000000F00000000E20000E2ECECE20000000000E200000000E200E20000000F00E2000000E2E2E2E2E2E20000000000000000000000000000000000000F0000000000E200000000000000E2
310
000000000000000000000000000000000000000000000000000000000000000000000000000000000000000000000000000000000000000000000000000000000000000000000000000000000000000000000000000000000000000000E2000000000000000000000000000000000000000000000000000000000000000000
310
00000000000000000000000000000000000000000000000000E20000000F00000000000000000000000000000000000000000000000000000F00000000E20000E2ECECE20000000000E200000000E200E20000000F00E20000E2E2E2E2E200000000000000000000000000000000000000000F0000000000E2000000000000
310
00E2000000000000000000000000000000000000000000000000000000000000000000000000000000000000000000000000000000000000000000000000000000000000000000000000000000000000000000000000000000000000000000E200000000000000000000000000000000000000000000000000000000000000
310
000000000000000000000000000000000000000000000000000000E20000000F00000000000000000000000000000000000000000000000000000F00000000E20000E2ECECE20000000000E2000000000000E20000000F00E20000E2E2E2E20000000000000000000000000000000000000000000F0000000000E200000000
310
000000E2000000000000000000000000000000000000000000000000000000000000000000000000000000000000000000000000000000000000000000000000000000000000000000000000000000000000000000000000000000000000000000E20000000000000000000000000000000000000000000000000000000000
310
0000000000000000000000000000000000000000000000000000000000E20000000F00000000000000000000000000000000000000000000000000000F00000000E20000E2ECECE20000000000E2000000000000E20000000F00E20000000000000000000000000000000000000000000000000000000F0000000000E20000
310
0000000000E2000000000000000000000000000000000000000000000000000000000000000000000000000000000000000000000000000000000000000000000000000000000000000000000000000000000000000000000000000000000000000000E2000000000000000000000000000000000000000000000000000000
310
00000000000000000000000000000000000000000000000000000000000000E20000000F00000000000000000000000000000000000000000000000000000F00000000E20000E2ECECE20000000000E2000000000000E20000000F00E20000000000000000000000000000000000000000000000000000000F0000000000E2
310
00000000000000E2000000000000000000000000000000000000000000000000000000000000000000000000000000000000000000000000000000000000000000000000000000000000000000000000000000000000000000000000000000000000000000E200000000000000000000000000000000000000000000000000
310
000000000000000000000000000000000000000000000000000000000000000000E20000000F00000000000000000000000000000000000000000000000000000F00000000E20000E2ECECE20000000000E2000000000000E20000000F00E20000000000000000000000000000000000000000000000000000000F0000E2E2
310
E2E200000000000000E2000000000000000000000000000000000000000000000000000000000000000000000000000000000000000000000000000000000000000000000000000000000000000000000000000000000000000000000000000000000000000000E20000000000000000000000000000000000000000000000
310
0000000000000000000000000000000000000000000000000000000000000000000000E20000000F00000000000000000000000000000000000000000000000000000F00000000E20000E2ECECE20000000000E2000000000000E20000000F00E20000000000000000000000000000000000000000000000000000000F0000
310
E2E2E2E200000000000000E2000000000000000000000000000000000000000000000000000000000000000000000000000000000000000000000000000000000000000000000000000000000000000000000000000000000000000000000000000000000000000000E2000000000000000000000000000000000000000000
310
00000000000000000000000000000000000000000000000000000000000000000000000000E20000000F00000000000000000000000000000000000000000000000000000F00000000E20000E2ECECE20000000000E2000000000000E20000000F00E20000000000000000000000000000000000000000000000000000000F
310
0000E2E2E2E200000000000000E2000000000000000000000000000000000000000000000000000000000000000000000000000000000000000000000000000000000000000000000000000000000000000000000000000000000000000000000000000000000000000000E200000000000000000000000000000000000000
310
000000000000000000000000000000000000000000000000000000000000000000000000000000E20000000F00000000000000000000000000000000000000000000000000000F00000000E20000E2ECECE20000000000E2000000000000E20000000F00E20000000000000000000000000000000000000000000000000000
310
000F0000E2E2E2E200000000000000E2000000000000000000000000000000000000000000000000000000000000000000000000000000000000000000000000000000000000000000000000000000000000000000000000000000000000000000000000000000000000000000E20000000000000000000000000000000000
310
0000000000000000000000000000000000000000000000000000000000000000000000000000000000E20000000F00000000000000000000000000000000000000000000000000000F00000000E20000E2ECECE20000000000E2000000000000E20000000F00E2000000000000000000000000000000000000000000000000
310
0000000F0000000000E200000000000000E2000000000000000000000000000000000000000000000000000000000000000000000000000000000000000000000000000000000000000000000000000000000000000000000000000000000000000000000000000000000000000000E2000000000000000000000000000000
310
00000000000000000000000000000000000000000000000000000000000000000000000000000000000000E20000000F00000000000000000000000000000000000000000000000000000F00000000E20000E2ECECE20000000000E2000000000000E20000000F00E200000000000000000000000000000000000000000000
310
00000000000F0000000000E200000000000000E2000000000000000000000000000000000000000000000000000000000000000000000000000000000000000000000000000000000000000000000000000000000000000000000000000000000000000000000000000000000000000000E200000000000000000000000000
310
000000000000000000000000000000000000000000000000000000000000000000000000000000000000000000E20000000F00000000000000000000000000000000000000000000000000000F00000000E20000E2ECECE2E2E2E2E2E2E2E2E2E2E2E2E2E2E2E2E2E2E2E2E2E2E2E2E2E2E2E2E2E2E2E2E2E2E2E2E2E2E2E2
310
E2E2E2E2E2E2E2E2E2E2E2E2E2E2E2E2E2E2E2E2E2E2E2E2E2E2E2E2E2E2E2E2E2E2E2E2E2E2E2E2E2E2E2E2E2E2E2E2E2E2E2E2E2E2E2E2E2E2E2E2E2E2E2E2E2E2E2E2E2E2E2E2E2E2E2E2E2E2E2E2E2E2E2E2E2E2E2E2E2E2E2E2E2E2E2E2E2E2E2E2E2E2E2E2E2E2E2E2E2E2E2E2E2E2E2E20000000000000000000000
310
0000000000000000000000000000000000000000000000000000000000000000000000000000000000000000000000E20000000F00000000000000000000000000000000000000000000000000000F00000000E20000E2ECECE20000000000E2000000000000E20000000F00E2000000000000000000000000000000000000
310
0000000000000000000F0000000000E200000000000000E200000000000000000000000000000000000000000000000000000000000000000000000000000000000000000000000000000000000000000000000000000000000000000000000000000000000000000000000000000000000000000000000000000000000000
310
00000000000000000000000000000000000000000000000000000000000000000000000000000000000000000000000000E20000000F00000000000000000000000000000000000000000000000000000F00000000E20000E2ECECE20000000000E2000000000000E20000000F00E200000000000000000000000000000000
310
00000000000000000000000F0000000000E200000000000000E20000000000000000000000000000000000000000000000000000000000000000000000000000000000000000000000000000000000000000000000000000000000000000000000000000000000000000000000000000000000000000000000000000000000
310
000000000000000000000000000000000000000000000000000000000000000000000000000000000000000000000000000000E20000000F00000000000000000000000000000000000000000000000000000F00000000E20000E2ECECE20000000000E2000000000000E20000000F00E20000000000000000000000000000
310
000000000000000000000000000F0000000000E200000000000000E2000000000000000000000000000000000000000000000000000000000000000000000000000000000000000000000000000000000000000000000000000000000000000000000000000000000000000000000000000000000000000000000000000000
310
0000000000000000000000000000000000000000000000000000000000000000000000000000000000000000000000000000000000E20000000F00000000000000000000000000000000000000000000000000000F00000000E20000E2ECECE20000000000E2000000000000E20000000F00E2000000000000000000000000
310
0000000000000000000000000000000F0000000000E200000000000000E200000000000000000000000000000000000000000000000000000000000000000000000000000000000000000000000000000000000000000000000000000000000000000000000000000000000000000000000000000000000000000000000000
310
00000000000000000000000000000000000000000000000000000000000000000000000000000000000000000000000000000000000000E20000000F00000000000000000000000000000000000000000000000000000F00000000E20000E2ECECE20000000000E2000000000000E20000000F00E200000000000000000000
310
00000000000000000000000000000000000F0000000000E200000000000000E20000000000000000000000000000000000000000000000000000000000000000000000000000000000000000000000000000000000000000000000000000000000000000000000000000000000000000000000000000000000000000000000
310
000000000000000000000000000000000000000000000000000000000000000000000000000000000000000000000000000000000000000000E20000000F00000000000000000000000000000000000000000000000000000F00000000E20000E2ECECE20000000000E2000000000000E20000000F00E20000000000000000
310
000000000000000000000000000000000000000F0000000000E200000000000000E2000000000000000000000000000000000000000000000000000000000000000000000000000000000000000000000000000000000000000000000000000000000000000000000000000000000000000000000000000000000000000000
310
0000000000000000000000000000000000000000000000000000000000000000000000000000000000000000000000000000000000000000000000E20000000F00000000000000000000000000000000000000000000000000000F00000000E20000E2ECECE20000000000E2000000000000E20000000F00E2000000000000
310
000000000000000000000000000000000000000000E2E2E2E20000E200000000000000E200000000000000000000000000000000000000000000000000000000000000000000000000000000000000000000000000000000000000000000000000000000000000000000000000000000000000000000000000000000000000
310
00000000000000000000000000000000000000000000000000000000000000000000000000000000000000000000000000000000000000000000000000E20000000F00000000000000000000000000000000000000000000000000000F00000000E20000E2ECECE20000000000E2000000000000E20000000F00E200000000
310
0000000000000000000000000000000000000000000000E2E2E2000000E200000000000000E20000000000000000000000000000000000000000000000000000000000000000000000000000000000000000000000000000000000000000000000000000000000000000000000000000000000000000000000000000000000
310
000000000000000000000000000000000000000000000000000000000000000000000000000000000000000000000000000000000000000000000000000000E20000000F00000000000000000000000000000000000000000000000000000F00000000E20000E2ECECE20000000000E2000000000000E20000000F00E20000
310
00000000000000000000000000000000000000000000000000E2E2E2000000E200000000000000E2000000000000000000000000000000000000000000000000000000000000000000000000000000000000000000000000000000000000000000000000000000000000000000000000000000000000000000000000000000
310
0000000000000000000000000000000000000000000000000000000000000000000000000000000000000000000000000000000000000000000000000000000000E20000000F00000000000000000000000000000000000000000000000000000F00000000E20000E2ECECE20000000000E2000000000000E20000000F00E2
310
0000000000000000000000000000000000000000000000000000E20F0000000000E200000000000000E200000000000000000000000000000000000000000000000000000000000000000000000000000000000000000000000000000000000000000000000000000000000000000000000000000000000000000000000000
310
00000000000000000000000000000000000000000000000000000000000000000000000000000000000000000000000000000000000000000000000000000000000000E20000000F00000000000000000000000000000000000000000000000000000F00000000E20000E2ECECE20000000000E2000000000000E20000000F
310
00E200000000000000000000000000000000000000E2E2E2E2E2E2E2E2E20000000000E200000000000000E20000000000000000E200000000000000000000000000000000000000000000000000000000000000000000000000000000000000000000000000000000000000000000000000E2000000000000000000000000
310
00E2000000000000000000000000000000000000000000000000000000000000000000000000000000000000000000000000000000000000000000000000E2000000000000E20000000F00000000000000000000000000000000000000000000000000000F00000000E20000E2ECECE20000000000E2000000000000E20000
310
000F00E200000000000000000000000000000000000000E2E2E200E200E200E20000000000E200000000000000E20000000000000000E2E2E2E2E2E2E2E2E2E2E2E2E2E2E2E2E2E2E2E2E2E2E2E2E2E2E2E2E2E2E2E2E2E2E2E2E2E2E2E2E2E2E2E2E2E2E2E2E2E2E2E2E2E2E2E2E2E2E2E2E2E2E200000000000000000000
310
000000E2E2E2E2E2E2E2E2E2E2E2E2E2E2E2E2E2E2E2E2E2E2E2E2E2E2E2E2E2E2E2E2E2E2E2E2E2E2E2E2E2E2E2E2E2E2E2E2E2E2E2E2E2E2E2E2E2E2E2E2E2E2000000000000E20000000F00000000000000000000000000000000000000000000000000000F00000000E20000E2ECECE20000000000E2000000000000E2
310
0000000F00E200000000000000000000000000000000000000E2E2E200E200E200E20000000000E200000000000000E20000000000000000E2000000000000000000000000000000000000000000000000000000E2E2E2E2E20000000000000000000000000000000000000000000000000000000000E20000000000000000
310
0000000000E2E20000000000000000000000000000000000000000000000000000E2E2E2E2E200000000000000000000000000000000000000000000000000000000E2000000000000E20000000F00000000000000000000000000000000000000000000000000000F00000000E20000E2ECECE20000000000E20000000000
310
00E20000000F00E20000000000000000000000000000000000000000000000E200E200E20000000000E200000000000000E20000000000000000E2000000000000000000000000000000000000000000000000000000E2E2E2E2E20000000000000000000000000000000000000000000000000000000000E2000000000000
310
00000000000000E2000000000000000000000000000000000000000000000000000000E2E2E2E2E200000000000000000000000000000000000000000000000000000000E2000000000000E20000000F00000000000000000000000000000000000000000000000000000F00000000E20000E2ECECE20000000000E2000000
310
000000E20000000F00E20000000000000000000000000000000000000000000000E200E200E20000000000E200000000000000E20000000000000000E200000000000000000000000000000000000000000000000000000000000000000000000000000000000000000000000000000000000000000000000000E200000000
310
000000000000000000E2000000000000000000000000000000000000000000000000000000000000000000000000000000000000000000000000000000000000000000000000E2000000000000E20000000F00000000000000000000000000000000000000000000000000000F00000000E20000E2ECECE20000000000E200
310
0000000000E20000000F00E20000000000000000000000000000000000000000000000E200E200E20000000000E200000000000000E20000000000000000E200000000000000000000000000000000000000000000000000000000000000000000000000000000000000000000000000000000000000000000000000E20000
310
0000000000000000000000E2000000000000000000000000000000000000000000000000000000000000000000000000000000000000000000000000000000000000000000000000E2000000000000E20000000F00000000000000000000000000000000000000000000000000000F00000000E20000E2ECECE20000000000
310
E2000000000000E20000000F00E20000000000000000000000000000000000000000000000E200E200E20000000000E200000000000000E20000000000000000E200000000000000000000000000000000000000000000000000000000000000000000000000000000000000000000000000000000000000000000000000E2
310
00000000000000000000000000E2000000000000000000000000000000000000000000000000000000000000000000000000000000000000000000000000000000000000000000000000E2000000000000E20000000F00000000000000000000000000000000000000000000000000000F00000000E20000E2ECECE2000000
310
0000E2000000E2E2E2E20000000F00E20000000000000000000000000000000000000000000000E20FE2E2E2E2E2E2E2E2E2E2000000000000E20000000000000000E2000000000000000000000000000000000000000000000000000000000000000000000000000000000000000000000000000000000000000000000000
310
00E200000000000000000000000000E2000000000000000000000000000000000000000000000000000000000000000000000000000000000000000000000000000000000000000000000000E2000000000000E20000000F00000000000000000000000000000000000000000000000000000F00000000E20000E2ECECE200
310
00000000E2000000E2E2E2E20000000F00E2000000000000000000000000000000000000000000000FE2E2E2E2E20000000000E2E2000000000000E20000000000000000E200000000000000000000000000000000000000000000000000000000000000000000000000000000000000000000000000000000000000000000
310
000000E200000000000000000000000000E2000000000000000000000000000000000000000000000000000000000000000000000000000000000000000000000000000000000000000000000000E2000000000000E20000000F00000000000000000000000000000000000000000000000000000F00000000E20000E2ECEC
310
E20000000000E2000000E2E2E2E20000000F00E2000000000000000000000000000000000000000000E2E20F0FE2E2E2E2E2E2E2E2E2E2E2E2E2000000E20000000000000000E20000000000000000000000000000000000000000000000000000000000000000000000000000000000000000000000000000000000000000
310
0000000000E200000000000000000000000000E2000000000000000000000000000000000000000000000000000000000000000000000000000000000000000000000000000000000000000000000000E2000000000000E20000000F00000000000000000000000000000000000000000000000000000F00000000E20000E2
310
ECECE20000000000E2000000E2E2E2E20000000F00E200000000000000000000000000000000000000E2E2000000000000E2E20000000000E2E2E2E2000000E20000000000000000E2000000000000000000000000000000000000000000000000000000000000000000000000000000000000000000000000000000000000
310
00000000000000E200000000000000000000000000E2000000000000000000000000000000000000000000000000000000000000000000000000000000000000000000000000000000000000000000000000E2000000000000E20000000F00000000000000000000000000000000000000000000000000000F00000000E200
310
00E2ECECE20000000000E2000000E2E2E2E20000000F00E2000000000000000000000000000000000000E2E2E20000000000000F00E2E2000000E2E2E2E2000000E20000000000000000E200000000000000000000000000000000000000000000000000000000000000000000000000000000000000000000000000000000
310
000000000000000000E200000000000000000000000000E2000000000000000000000000000000000000000000000000000000000000000000000000000000000000000000000000000000000000000000000000E2000000000000E20000000F00000000000000000000000000000000000000000000000000000F00000000
310
E20000E2ECECE20000000000E2000000000000E20000000F00E20000000000000000000000000000000000E2E2E2E2E200000000000FE2E2E2E2E200000000E2E2E2E2E20000000000000000E20000000000000000000000000000000000000000000000000000000000000000000000000000000000000000000000000000
310
0000000000000000000000E200000000000000000000000000E2000000000000000000000000000000000000000000000000000000000000000000000000000000000000000000000000000000000000000000000000E2000000E2E2E2E20000000F00000000000000000000000000000000000000000000000000000F0000
310
0000E20000E2ECECE20000000000E2000000000000E20000000F00E2000000000000000000000000000000000000E2E2E20000000000000FE2E2E2E2E2E200000000E2E2E2E20000E2E2E2E2E2E2E20F0F0F0F0F0F0F0F0F0F0F0F0F0F0F0F0F0F0F0F0F0F0F0F0F0F0F0F0F0F0F0F0F0F0F0F0F0F0F0F0F0F0F0F0F0F0F0F
310
0F0F0F0F0F0F0F0F0F0F0F0F0FE20000000000E200000000000000E2000000000000000000000000000000000000000000000000000000000000000000000000000000000000000000000000000000000000000000000000E2000000E2E2E2E20000000F00000000000000000000000000000000000000000000000000000F
310
00000000E20000E2ECECE20000000000E2000000000000E20000000F00E20000000000000000000000000000000000000000000000000000000F0000E2E2000000000000E2E2E2E2000000E20000E200E200000000000000000000000000000000000000000000000000000000000000000000000000000000000000000000
310
0000000000000000000000000000000F00000000E2E2E2E2E2E2E2E2E2E20F0F0F0F0F0F0F0F0F0F0F0F0F0F0F0F0F0F0F0F0F0F0F0F0F0F0F0F0F0F0F0F0F0F0F0F0F0F0F0F0F0F0F0F0F0F0F0F0F0F0F0F0F0F0F0F0F0F0F0FE2000000E2E2E2E20000000F00000000000000000000000000000000000000000000000000
310
000F00000000E20000E2ECECE20000000000E2000000000000E20000000F00E20000000000000000000000000000000000000000000000000000000F00000000000000000000E2E2E2E2000000E20000E200E20000000000000000000000000000000000000000000000000000000000000000000000000000000000000000
310
00000000000000000000000000000000000F0000000000E2000000000000000F0000000000000000000000000000000000000000000000000000000000000000000000000000000000000000000000000000000000000000000000000F000000E2E2E2E20000000F0000000000000000000000000000000000000000000000
310
0000000F00000000E20000E2ECECE20000000000E2000000000000E20000000F00E20000000000000000000000000000000000000000000000000000000F00000000000000000000E2E2E2E2000000E20000E200E2000000000000000000000000000000000000000000000000000000000000000000000000000000000000
310
000000000000000000000000000000000000000F0000000000E2000000000000000F0000000000000000000000000000000000000000000000000000000000000000000000000000000000000000000000000000000000000000000000000F000000E2E2E2E20000000F000000000000000000000000000000000000000000
310
00000000000F00000000E20000E2ECECE20000000000E2000000000000E20000000F00E20000000000000000000000000000000000000000000000000000000F00000000000000000000000000E2000000E20000E200E200000000000000000000000000000000000000000000000000000000000000000000000000000000
310
0000000000000000000000000000000000000000000F0000000000E2000000000000000F0000000000000000000000000000000000000000000000000000000000000000000000000000000000000000000000000000000000000000000000000F000000000000E20000000F00000000000000000000000000000000000000
310
000000000000000F00000000E20000E2ECECE20000000000E2000000000000E20000000F00E20000000000000000000000000000000000000000000000000000000F00000000000000000000000000E2000000E20000E200E20000000000000000000000000000000000000000000000000000000000000000000000000000
310
00000000000000000000000000000000000000000000000F0000000000E2000000000000000F0000000000000000000000000000000000000000000000000000000000000000000000000000000000000000000000000000000000000000000000000F000000000000E20000000F0000000000000000000000000000000000
310
0000000000000000000F00000000E20000E2ECECE20000000000E2000000000000E20000000F00E20000000000000000000000000000000000000000000000000000000F00000000000000000000000000E2000000E20000E200E2000000000000000000000000000000000000000000000000000000000000000000000000
310
000000000000000000000000000000000000000000000000000F0000000000E2000000000000000F0000000000000000000000000000000000000000000000000000000000000000000000000000000000000000000000000000000000000000000000000F000000000000E20000000F000000000000000000000000000000
310
00000000000000000000000F00000000E20000E2ECECE20000000000E2000000000000E20000000F00E20000000000000000000000000000000000000000000000000000000F00000000000000000000000000E2000000E2E2E2E200E200000000000000000000000000000000000000000000000000000000000000000000
310
0000000000000000000000000000000000000000000000000000000F0000000000E2000000000000000F0000000000000000000000000000000000000000000000000000000000000000000000000000000000000000000000000000000000000000000000000F000000000000E20000000F00000000000000000000000000
310
000000000000000000000000000F00000000E20000E2ECECE20000000000E2000000000000E20000000F00E20000000000000000000000000000000000000000000000000000000F00000000000000000000000000E2000000E2E2E2E200E20000000000000000000000000000000000000000000000000000000000000000
310
00000000000000000000000000000000000000000000000000000000000F0000000000E2000000000000000F0000000000000000000000000000000000000000000000000000000000000000000000000000000000000000000000000000000000000000000000000F000000000000E20000000F0000000000000000000000
310
0000000000000000000000000000000F00000000E20000E2ECECE20000000000E2000000000000E20000000F00E20000000000000000000000000000000000000000000000000000000F00000000000000000000000000E2000000E2E2E2E200E2000000000000000000000000000000000000000000000000000000000000
310
000000000000000000000000000000000000000000000000000000000000000F0000000000E2000000000000000F0000000000000000000000000000000000000000000000000000000000000000000000000000000000000000000000000000000000000000000000000F000000000000E20000000F000000000000000000
310
00000000000000000000000000000000000F00000000E20000E2ECECE20000000000E2000000000000E20000000F00E20000000000000000000000000000000000000000000000000000000F00000000000000000000000000E2000000E2E2E2E200E200000000000000000000000000000000000000000000000000000000
310
0000000000000000000000000000000000000000000000000000000000000000000F0000000000E2000000000000000F0000000000000000000000000000000000000000000000000000000000000000000000000000000000000000000000000000000000000000000000000F000000000000E20000000F00000000000000
310
000000000000000000000000000000000000000F00000000E20000E2ECECE20000000000E2000000000000E20000000F00E20000000000000000000000000000000000000000000000000000000F00000000000000000000000000E2000000E20000E200E20000000000000000000000000000000000000000000000000000
310
00000000000000000000000000000000000000000000000000000000000000000000000F0000000000E2000000000000000F0000000000000000000000000000000000000000000000000000000000000000000000000000000000000000000000000000000000000000000000000F000000000000E20000000F0000000000
310
0000000000000000000000000000000000000000000F00000000E20000E2ECECE20000000000E2000000000000E20000000F00E20000000000000000000000000000000000000000000000000000000F00000000000000000000000000E2000000E20000E200E2000000000000000000000000000000000000000000000000
310
000000000000000000000000000000000000000000000000000000000000000000000000000F0000000000E2000000000000000F0000000000000000000000000000000000000000000000000000000000000000000000000000000000000000000000000000000000000000000000000F000000000000E20000000F000000
310
00000000000000000000000000000000000000000000000F00000000E20000E2ECECE20000000000E2000000000000E20000000F00E20000000000000000000000000000000000000000000000000000000F00000000000000000000000000E2000000E20000E200E200000000000000000000000000000000000000000000
310
0000000000000000000000000000000000000000000000000000000000000000000000000000000F0000000000E2000000000000000F0000000000000000000000000000000000000000000000000000000000000000000000000000000000000000000000000000000000000000000000000F000000000000E20000000F00
310
000000000000000000000000000000000000000000000000000F00000000E20000E2ECECE20000000000E2000000000000E20000000F00E20000000000000000000000000000000000000000000000000000000F00000000000000000000000000E2000000E20000E200E20000000000000000000000000000000000000000
310
00000000000000000000000000000000000000000000000000000000000000000000000000000000000F0000000000E2000000000000000F0000000000000000000000000000000000000000000000000000000000000000000000000000000000000000000000000000000000000000000000000F000000000000E2000000
310
0F00000000000000000000000000000000000000000000000000000F00000000E20000E2ECECE20000000000E2000000000000E20000000F00E20000000000000000000000000000000000000000000000000000000F00000000000000000000000000E2000000E20000E200E2000000000000000000000000000000000000
310
000000000000000000000000000000000000000000000000000000000000000000000000000000000000000F0000000000E2000000000000000F0000000000000000000000000000000000000000000000000000000000000000000000000000000000000000000000000000000000000000000000000F000000000000E200
310
00000F00000000000000000000000000000000000000000000000000000F00000000E20000E2ECECE20000000000E2000000000000E20000000F00E20000000000000000000000000000000000000000000000000000000F00000000000000000000000000E2000000E20000E200E200000F00000000000000000000000000
310
0000000000000000000000000000000000000000000000000000000000000000000000000000000000000000000F0000000000E2000000000000000F0000000000000000000000000000000000000000000000000000000000000000000000000000000000000000000000000000000000000000000000000F000000000000
310
E20000000F00000000000000000000000000000000000000000000000000000F00000000E20000E2ECECE20000000000E2000000000000E20000000F00E20000000000000000000000000000000000000000000000000000000F00000000000000000000000000E2000000E200E2E2E2E2E2E2E20F00000000000000000000
310
00000000000000000000000000000000000000000000000000000000000000000000000000000000000000000000000F0000000000E2000000000000000F0000000000000000000000000000000000000000000000000000000000000000000000000000000000000000000000000000000000000000000000000F00000000
310
0000E20000000F00000000000000000000000000000000000000000000000000000F00000000E20000E2ECECE20000000000E2000000000000E20000000F00E20000000000000000000000000000000000000000000000000000000F00000000000000000000000000E2000000E20000E200E20000E2E2E200000000000000
310
000000000000000000000000000000000000000000000000000000000000000000000000000000000000000000000000000F0000000000E2000000000000000F0000000000000000000000000000000000000000000000000000000000000000000000000000000000000000000000000000000000000000000000000F0000
310
00000000E20000000F00000000000000000000000000000000000000000000000000000F00000000E20000E2ECECE20000000000E2000000000000E20000000F00E20000000000000000000000000000000000000000000000000000000F00000000000000000000000000E2000000E200000000E20000E20000E2E2E2E2E2
310
E200000000000000000000000000000000000000000000000000000000000000000000000000000000000000000000000000000F0000000000E2000000000000000F0000000000000000000000000000000000000000000000000000000000000000000000000000000000000000000000000000000000000000000000000F
310
000000000000E20000000F00000000000000000000000000000000000000000000000000000F00000000E20000E2ECECE20000000000E2000000000000E20000000F00E20000000000000000000000000000000000000000000000000000000F00000000000000000000000000E2000000E200000000E20000E200000000E2
310
E2E2E2E2000000000000000000000000000000000000000000000000000000000000000000000000000000000000000000000000000F0000000000E2000000000000000F0000000000000000000000000000000000000000000000000000000000000000000000000000000000000000000000000000000000000000000000
310
000F000000000000E20000000F00000000000000000000000000000000000000000000000000000F00000000E20000E2ECECE20000000000E2000000000000E20000000F00E20000000000000000000000000000000000000000000000000000000F00000000000000000000000000E2000000E200000000E20000E2000000
310
E2E2E2E2E200000000000000000000000000000000000000000000000000000000000000000000000000000000000000000000000000000F0000000000E2000000000000000F000000000000000000000000000000000000000000000000000000000000000000000000000000000000000000000000000000000000000000
310
0000000F000000000000E20000000F00000000000000000000000000000000000000000000000000000F00000000E20000E2ECECE20000000000E2000000000000E20000000F00E20000000000000000000000000000000000000000000000000000000F00000000000000000000000000E2000000E200000000E20000E200
310
0000E2E2E2E20000000000000000000000000000000000000000000000000000000000000000000000000000000000000000000000000000000F0000000000E2000000000000000F00000000000000000000000000000000000000000000000000000000000000000000000000000000000000000000000000000000000000
310
00000000000F000000000000E20000000F00000000000000000000000000000000000000000000000000000F00000000E20000E2ECECE20000000000E2000000000000E20000000F00E20000000000000000000000000000000000000000000000000000000F00000000000000000000000000E2E2E2E2E200000000E20000
310
E2000000000000000000000000000000000000000000000000000000000000000000000000000000000000000000000000000000000000000000000F0000000000E2000000000000000F0000000000000000000000000000000000000000000000000000000000000000000000000000000000000000000000000000000000
310
000000000000000F000000000000E20000000F00000000000000000000000000000000000000000000000000000F00000000E20000E2ECECE20000000000E2000000000000E20000000F00E20000000000000000000000000000000000000000000000000000000F00000000000000000000000000E2E2E2E2E2E2E2E2E2E2
310
E2E2E2000000000000000000000000000000000000000000000000000000000000000000000000000000000000000000000000000000000000000000000F0000E2E2E2E2000000000000000F000000000000000000000000000000000000000000000000000000000000000000000000000000000000000000000000000000
310
0000000000000000000F000000000000E20000000F00000000000000000000000000000000000000000000000000000F00000000E20000E2ECECE20000000000E2000000000000E20000000F00E20000000000000000000000000000000000000000000000000000000F00000000000000000000000000E2E2E2E2E2E2E2E2
310
00E20000E2000000000000000000000000000000000000000000000000000000000000000000000000000000000000000000000000000000000000000000000F0000E2E2E2E2000000000000000F00000000000000000000000000000000000000000000000000000000000000000000000000000000000000000000000000
310
00000000000000000000000F000000000000E20000000F00000000000000000000000000000000000000000000000000000F00000000E20000E2ECECE20000000000E2000000000000E20000000F00E200000000000000008B8B8B8B8B8B000000000000000000000000000F00000000000000000000000000E2E2E2E2E2E2
310
E2E2000F0000000000000000000000000000000000000000000000008B8B8B8B8B8B000000000000000000000000000000000000000000000000000000000000000F0000E2E2E2E2000000000000000F00000000000000000000000000000000000000000000000000008B8B8B8B8B8B000000000000000000000000000000
310
000000000000000000000000000F000000000000E20000000F000000000000000000008B8B8B8B8B8B8B0000000000000000000F00000000E20000E2ECECE20000000000E2000000000000E20000000F00E200000000000000008B8B8B8B8B8B000000000000000000000000000F00000000000000000000000000E2E2E2E2
310
E2000000000F0000000000000000000000000000000000000000000000008B8B8B8B8B8B000000000000000000000000000000000000000000000000000000000000000F0000E2E2E2E2000000000000000F00000000000000000000000000000000000000000000000000008B8B8B8B8B8B00000000000000000000000000
310
0000000000000000000000000000000F000000000000E20000000F000000000000000000008B8B8B8B8B8B8B0000000000000000000F00000000E20000E2ECECE20000000000E2000000000000E20000000F00E200000000000000008B8B8B8B8B8B000000000000000000000000000F00000000000000000000000000E200
310
0000E2000000000F0000000000000000000000000000000000000000000000008B8B8B8B8B8B000000000000000000000000000000000000000000000000000000000000000F0000E2E2E2E2000000000000000F00000000000000000000000000000000000000000000000000008B8B8B8B8B8B0000000000000000000000
310
00000000000000000000000000000000000F000000000000E20000000F000000000000000000008B8B8B8B8B8B8B0000000000000000000F00000000E20000E2ECECE20000000000E2000000000000E20000000F00E200000000000000008B8B8B8B8B8B000000000000000000000000000F00000000000000000000000000
310
E2000000E2000000000F0000000000000000000000000000000000000000000000008B8B8B8B8B8B000000000000000000000000000000000000000000000000000000000000000F0000000000E2000000000000000F00000000000000000000000000000000000000000000000000008B8B8B8B8B8B000000000000000000
310
000000000000000000000000000000000000000F000000000000E20000000F000000000000000000008B8B8B8B8B8B8B0000000000000000000F00000000E20000E2ECECE20000000000E20000000000E2E2E2E2E2E2E2E20F000000000000008B8B8B8B8B8B000000000000000000000000000F0000000000000000000000
310
0000E2000000E2000000000F0000000000000000000000000000000000000000000000008B8B8B8B8B8B000000000000000000000000000000000000000000000000000000000000000F0000000000E2000000000000000F00000000000000000000000000000000000000000000000000008B8B8B8B8B8B00000000000000
310
0000000000000000000000000000000000000000000F000000000000E20000000F000000000000000000008B8B8B8B8B8B8B0000000000000000000F00000000E20000E2ECECE20000000000E2000000000000E20000000F00E20000E2E2E2000000000000000000000000000000000000000000000F000000000000000000
310
00000000E2000000E2000000000F000000000000000000000000000000000000000000000000000000000000000000000000000000000000000000000000000000000000000000000000000F0000000000E2000000000000000F00000000000000000000000000000000000000000000000000000000000000000000000000
310
00000000000000000000000000000000000000000000000F000000000000E20000000F00000000000000000000000000000000000000000000000000000F00000000E20000E2ECECE20000000000E200E2E2E2E2E2E2E2E2E2E2E2E2E2E2E2E2E2E2E2E2E2E200000000000000000000000000000000000F00000000000000
310
000000000000E2000000E2000000000F000000000000000000000000000000000000000000000000000000000000000000000000000000000000000000000000000000000000000000000000000F0000000000E2000000000000000F0000000000000000000000000000000000000000000000000000000000000000000000
310
000000000000000000000000000000000000000000000000000F000000000000E20000000F00000000000000000000000000000000000000000000000000000F00000000E20000E2ECECE20000000000E200E2E2E2E200E20000000F00E2E2E2E2E2E2E2E2E2E20000000000000000000000000000000000000F0000000000
310
0000000000000000E2000000E2000000000F000000000000000000000000000000000000000000000000000000000000000000000000000000000000000000000000000000000000000000000000000F0000000000E2000000000000000F000000000000000000000000000000000000000000000000000000000000000000
310
0000000000000000000000000000000000000000000000000000000F000000000000E20000000F00000000000000000000000000000000000000000000000000000F00000000E20000E2ECECE20000000000E200E2E2E2E200E20000000F00E2000000E2E2E2E2E2E20000000000000000000000000000000000000F000000
310
00000000000000000000E2000000E2000000000F000000000000000000000000000000000000000000000000000000000000000000000000000000000000000000000000000000000000000000000000000F0000000000E2000000000000000F00000000000000000000000000000000000000000000000000000000000000
310
00000000000000000000000000000000000000000000000000000000000F000000000000E20000000F00000000000000000000000000000000000000000000000000000F00000000E20000E2ECECE20000000000E2000000E2E2E2E20000000F00E20000E2E2E2E2E2E2000000000000000000000000000000000000000F00
310
000000000000000000000000E2000000E2000000000F000000000000000000000000000000000000000000000000000000000000000000000000000000000000000000000000000000000000000000000000000F0000000000E2000000000000000F0000000000000000000000000000000000000000000000000000000000
310
000000000000000000000000000000000000000000000000000000000000000F000000000000E20000000F00000000000000000000000000000000000000000000000000000F00000000E20000E2ECECE20000000000E2000000E2E2E2E20000000F00E20000E2E2E2E2000000000000000000000000000000000000000000
310
0F00000000000000000000000000E2000000E2000000000F000000000000000000000000000000000000000000000000000000000000000000000000000000000000000000000000000000000000000000000000000F0000000000E2000000000000000F000000000000000000000000000000000000000000000000000000
310
0000000000000000000000000000000000000000000000000000000000000000000F000000000000E20000000F00000000000000000000000000000000000000000000000000000F00000000E20000E2ECECE20000000000E2000000E2E2E2E20000000F00E200000000000000000000000000000000000000000000000000
310
00000F00000000000000000000000000E2000000E2000000000F000000000000000000000000000000000000000000000000000000000000000000000000000000000000000000000000000000000000000000000000000F0000000000E2000000000000000F00000000000000000000000000000000000000000000000000
310
00000000000000000000000000000000000000000000000000000000000000000000000F000000000000E20000000F00000000000000000000000000000000000000000000000000000F00000000E20000E2ECECE20000000000E2000000E2E2E2E20000000F00E20000000000000000000000000000000000000000000000
310
000000000F00000000000000000000000000E2000000E2000000000F000000000000000000000000000000000000000000000000000000000000000000000000000000000000000000000000000000000000000000000000000F0000000000E2000000000000000F0000000000000000000000000000000000000000000000
310
000000000000000000000000000000000000000000000000000000000000000000000000000F000000000000E20000000F00000000000000000000000000000000000000000000000000000F00000000E20000E2ECECE20000000000E2000000000000E20000000F00E2000000000000000000000000000000000000000000
310
0000000000000F00000000000000000000000000E2000000E2000000000F000000000000000000000000000000000000000000000000000000000000000000000000000000000000000000000000000000000000000000000000000F0000000000E2000000000000000F000000000000000000000000000000000000000000
310
0000000000000000000000000000000000000000000000000000000000000000000000000000000F000000000000E20000000F00000000000000000000000000000000000000000000000000000F00000000E20000E2ECECE20000000000E2000000000000E20000000F00E200000000000000000000000000000000000000
310
00000000000000000F00000000000000000000000000E2000000E2000000000F000000000000000000000000000000000000000000000000000000000000000000000000000000000000000000000000000000000000000000000000000F0000000000E2000000000000000F00000000000000000000000000000000000000
310
00000000000000000000000000000000000000000000000000000000000000000000000000000000000F000000000000E20000000F00000000000000000000000000000000000000000000000000000F00000000E20000E2ECECE20000000000E20000000000E2E2E2E2E2E2E2E20F00000000000000000000000000000000
310
000000000000000000000F00000000000000000000000000E2000000E2000000000F000000000000000000000000000000000000000000000000000000000000000000000000000000000000000000000000000000000000000000000000000F0000000000E2000000000000000F0000000000000000000000000000000000
310
000000000000000000000000000000000000000000000000000000000000000000000000000000000000000F000000000000E20000000F00000000000000000000000000000000000000000000000000000F00000000E20000E2ECECE20000000000E2000000000000E20000000F00E20000E2E2E200000000000000000000
310
0000000000000000000000000F00000000000000000000000000E2000000E2000000000F000000000000000000000000000000000000000000000000000000000000000000000000000000000000000000000000000000000000000000000000000F0000000000E2000000000000000F000000000000000000000000000000
310
0000000000000000000000000000000000000000000000000000000000000000000000000000000000000000000F000000000000E20000000F00000000000000000000000000000000000000000000000000000F00000000E20000E2ECECE20000000000E200E2E2E2E2E2E2E2E2E2E2E2E20F00E2E2E2E2E2E2E2E2000000
310
00000000000000000000000000000F00000000000000000000000000E2000000E2000000000F000000000000000000000000000000000000000000000000000000000000000000000000000000000000000000000000000000000000000000000000000F0000000000E2000000000000000F00000000000000000000000000
310
00000000000000000000000000000000000000000000000000000000000000000000000000000000000000000000000F000000000000E20000000F00000000000000000000000000000000000000000000000000000F00000000E20000E2ECECE20000000000E200E2E2E2E200E20000000F00E2E2E2E2E2E2E2E2E2E20000
310
000000000000000000000000000000000F00000000000000000000000000E2000000E2000000000F000000000000000000000000000000000000000000000000000000000000000000000000000000000000000000000000000000000000000000000000000F0000000000E2000000000000000F0000000000000000000000
310
000000000000000000000000000000000000000000000000000000000000000000000000000000000000000000000000000F000000000000E20000000F00000000000000000000000000000000000000000000000000000F00000000E20000E2ECECE20000000000E200E2E2E2E200E20000000F00E20000E2E2E2E2E2E2E2
310
0000000000000000000000000000000000000F00000000000000000000000000E2000000E2000000000F000000000000000000000000000000000000000000000000000000000000000000000000000000000000000000000000000000000000000000000000000F0000000000E2000000000000000F000000000000000000
310
0000000000000000000000000000000000000000000000000000000000000000000000000000000000000000000000000000000F000000000000E20000000F00000000000000000000000000000000000000000000000000000F00000000E20000E2ECECE20000000000E2000000E2E2E2E20000000F00E20000E2E2E2E2E2
310
E2000000000000000000000000000000000000000F00000000000000000000000000E2000000E2000000000F000000000000000000000000000000000000000000000000000000000000000000000000000000000000000000000000000000000000000000000000000F0000000000E2000000000000000F00000000000000
310
00000000000000000000000000000000000000000000000000000000000000000000000000000000000000000000000000000000000F000000000000E20000000F00000000000000000000000000000000000000000000000000000F00000000E20000E2ECECE20000000000E2000000E2E2E2E20000000F00E20000E2E2E2
310
E2E200000000000000000000000000000000000000000F00000000000000000000000000E2000000E2000000000F000000000000000000000000000000000000000000000000000000000000000000000000000000000000000000000000000000000000000000000000000F0000000000E2000000000000000F0000000000
310
000000000000000000000000000000000000000000000000000000000000000000000000000000000000000000000000000000000000000F000000000000E20000000F00000000000000000000000000000000000000000000000000000F00000000E20000E2ECECE20000000000E2000000E2E2E2E20000000F00E2000000
310
00E2E20000000000000000000000000000000000000000000F00000000000000000000000000E2000000E2000000000F000000000000000000000000000000000000000000000000000000000000000000000000000000000000000000000000000000000000000000000000000F0000000000E2000000000000000F000000
310
0000000000000000000000000000000000000000000000000000000000000000000000000000000000000000000000000000000000000000000F000000000000E20000000F00000000000000000000000000000000000000000000000000000F00000000E20000E2ECECE20000000000E2000000E2E2E2E20000000F00E200
310
00000000000000000000000000000000000000000000000000000F00000000000000000000000000E2000000E2000000000F0000000FE200000000000000000000000000000000000000000000000000E2E2000000000000000000000000000000000000000000000000000FE200000F0000000000E2000000000000000F00
310
00000000000000000000000000000000000000000000000000000000000000000000000000000000000000000000000000000000000000000000000F000000000000E20000000F00000000000000000000000000000000000000000000000000000F00000000E20000E2ECECE20000000000E2000000000000E20000000F00
310
E20000000000000000000000000000000000000000000000000000000F00000000000000000000000000E2000000E2000000000F00E20FE20FE200000000000000000000000000000000000000000000E2E2E20FE200000000000000000000000000000000000000000000E20FE20FE2000F0000000000E200000000000000
310
0F0000000000000000000000000000000000000000000000000000000000000000000000000000000000000000000000000000000000000000000000000F000000000000E20000000F00000000000000000000000000000000000000000000000000000F00000000E20000E2ECECE20000000000E2000000000000E2000000
310
0F00E20000000000000000000000000000000000000000000000000000000F00000000000000000000000000E2000000E2000000000F00E20F0F00E200000000000000000000000000000000000000000000E2000F00E200000000000000000000000000000000000000000000E2000F00E2000F0000000000E20000000000
310
00000F0000000000000000000000000000000000000000000000000000000000000000000000000000000000000000000000000000000000000000000000000F000000000000E20000000F00000000000000000000000000000000000000000000000000000F00000000E20000E2ECECE20000000000E2000000000000E200
310
00000F00E20000000000000000000000000000000000000000000000000000000F00000000000000000000000000E20000E2E2E2E2E2E2E20FE20F0F0FE20F0F0F0F0F0F0F0F0F0F0F0F0F0F0F0F0F0F0F0F0F0FE2E20F0FE20F0F0F0F0F0F0F0F0F0F0F0F0F0F0F0F0F0F0F0F0F0FE2E20F0FE20FE20000000000E2000000
310
000000000F0000000000000000000000000000000000000000000000000000000000000000000000000000000000000000000000000000000000000000000000000F000000000000E2E200000F00000000000000000000000000000000000000000000000000000F00000000E20000E2ECECE20000000000E2000000000000
310
E20000000F00E20000000000000000000000000000000000000000000000000000000F00000000000000000000000000E2E200000000000000E2000000E2E200E2E200000000000000000000000000000000000000000000E2E200E2E2000000000000000000000000000000000000E2E20000E2E20000E200000000E2E2E2
310
E2E2E2E2E2E2E20F0F0F0F0F0F0F0F0F0F0F0F0F0F0F0F0F0F0F0F0F0F0F0F0F0F0F0F0F0F0F0F0F0F0F0F0F0F0F0F0F0F0F0F0F0F0F0F0F0F0F0F0F0F0F0F0F0F0F0F0F000000000000E2E2E2E2E20F0F0F0F0F0F0F0F0F0F0F0F0F0F0F0F0F0F0F0F0F0F0F0F0F0F0F00000000E20000E2ECECE20000000000E200000000
310
00E2E2E2E2E2E20FE20F0F0F0F0F0F0F0F0F0F0F0F0F0F0F0F0F0F0F0F0F0F0F0F0F0F0FE2E2E2E2E2E2E2E2E2E2E2E2E2E2E2E200000000000000E2000000E200000000E2000000E2E200000000000000000000000000000000E200000000E2E20000E2E2000000000000E2E20000E2E200000000E2000000E20000000000
310
00000000000000000000000000000000000000000000000000000000000000000000000000000000000000000000000000000000000000000000000000000000000000000000000000000000000000000000000000000000000000000000000000000000000000000000000000000000E20000E2ECECE20000000000E20000
310
0000000000000000E200E20000000000000000000000000000000000000000000000000000000000000000000000000000000000000000000000000000E2000000E20000000000E2E200E2E200000000000000000000000000000000E2000000000000E2E2E2E2000000000000E2E2E2E2000000000000E2000000E2000000
310
000000000000000000000000000000000000000000000000000000000000000000000000000000000000000000000000000000000000000000000000000000000000000000000000000000000000000000000000000000000000000000000000000000000000000000000000000000000000E20000E2ECECE20000000000E2
310
00000000000000000000E2E2E2E2E2E2E200000000000000000000000000000000000000000000000000000000000000000000000000000000000000000000E2000000E200000000000000E2E2E200000000000000000000000000000000E20000000000000000E2E2000000000000E2E20000000000000000E2000000E200
310
0000000000000000000000000000000000000000000000000000000000000000000000000000000000000000000000000000000000000000000000000000000000000000000000000000000000000000000000000000000000000000000000000000000000000000000000000000000000000000E20000E2ECECE200000000
310
00E200000000000000000000E2E2E2E2E2000000000000000000000000000000000000000000000000000000000000000000000000000000000000000000000000E2000000E20000000000000000E2E200000000000000000000000000000000E20000000000000000E2E2000000000000E2E20000000000000000E2000000
310
E2000000000000000000000000000000000000000000000000000000000000000000000000000000000000000000000000000000000000000000000000000000000000000000000000000000000000000000000000000000000000000000000000000000000000000000000000000000000000000000E20000E2ECECE20000
310
000000E200000000000000000000000000E2E200000000000000000000000000000000000000000000000000000000000000000000000000000000000000E2E2E20000E20000E2E200000000000000000000E2E2E2E20000000000000000000000E2E20000000000000000000000000000000000000000000000000000E2E2
310
E2E2E2000000000000000000000000000000000000000000000000000000000000000000000000000000000000000000000000000000000000000000000000000000000000000000000000000000000000000000000000000000000000000000000000000000000000000000000000000000000000000000E20000E2ECECE2
310
0000000000E200000000000000000000000000000000000000000000000000000000000000000000000000000000000000000000000000000000000000000000E2E2E2E2E2E2E2E2E2E2E2E2E2E2E2E2E2E2E2E2E2E2E2E2E2E2E2E2E2E2E2E2E2E2E2E2E20000000000000000000000000000000000000000000000000000
310
E2E2E2E2E2000000000000000000000000000000000000000000000000000000000000000000000000000000000000000000000000000000000000000000000000000000000000000000000000000000000000000000000000000000000000000000000000000000000000000000000000000000000000000000E20000E2EC
310
ECE20000000000E200000000000000000000000000000000000000000000000000000000000000000000000000000000000000000000000000000000000000000000E2E2E20000000000000000000000000000000000E2E2E2E200000000000000000000000000000000000000000000000000000000000000000000000000
310
0000E2E2E20000000000000000000000000000000000000000000000000000000000000000000000000000000000000000000000000000000000000000000000000000000000000000000000000000000000000000000000000000000000000000000000000000000000000000000000000000000000000000000000E20000
310
E2ECECE20000000000E200000000000000000000000000000000000000000000000000000000000000000000000000000000000000000000000000000000000000000000E2E2E20000000000000000000000000000000000E2E2E2E20000000000000000000000000000000000000000000000000000000000000000000000
310
00000000E2E2E20000000000000000000000000000000000000000000000000000000000000000000000000000000000000000000000000000000000000000000000000000000000000000000000000000000000000000000000000000000000000000000000000000000000000000000000000000000000000000000000E2
310
0000E2ECECE20000000000E200000000000000000000000000000000000000000000000000000000000000000000000000000000000000000000000000000000000000000000000000000000000000000000000000000000000000000000000000000000000000000000000000000000000000000000000000000000000000
310
00000000000000000000000000000000000000000000000000000000000000000000000000000000000000000000000000000000000000000000000000000000000000000000000000000000000000000000000000000000000000000000000000000000000000000000000000000000000000000000000000000000000000
310
00E20000E2ECECE20000000000E20000000000000000000000000000000000000000000000000000000000000000000000000000000000000000000000000000000000000000000000000000000000000000000000000000000000000000000000000000000000000000000000000000000000000000000000000000000000
310
00000000000000000000000000000000000000000000000000000000000000000000000000000000000000000000000000000000000000000000000000000000000000000000000000000000000000000000000000000000000000000000000000000000000000000000000000000000000000000000000000000000000000
310
000000E20000E2ECECE20000000000E2000000000000000000000000000000000000000000000000000000000000000000000000000000000000000000000000000000000000000000000000000000000000000000000000000000000000000000000000000000000000000000000000000000000000000000000000000000
310
00000000000000000000000000000000000000000000000000000000000000000000000000000000000000000000000000000000000000000000000000000000000000000000000000000000000000000000000000000000000000000000000000000000000000000000000000000000000000000000000000000000000000
310
0000000000E20000E2ECECE20000000000E200000000000000000000000000000000000000000000000000000000000000000000000000000000000000000000000000000000000000000000000000000000000000000000000000000000000000000000000000000000000000000000000000000000000000000000000000
310
00000000000000000000000000000000000000000000000000000000000000000000000000000000000000000000000000000000000000000000000000000000000000000000000000000000000000000000000000000000000000000000000000000000000000000000000000000000000000000000000000000000000000
310
00000000000000E20000E2ECECE20000000000E20000000000000000000000000000000000000000000000000000000000000000000000000000000000000000000000000000000000000000000000000000000000000000000000000000000000000000000000000000000000000000000000000000000000000000000000
310
00000000000000000000000000000000000000000000000000000000000000000000000000000000000000000000000000000000000000000000000000000000000000000000000000000000000000000000000000000000000000000000000000000000000000000000000000000000000000000000000000000000000000
310
000000000000000000E20000E2ECECE20000000000E2000000000000000000000000000000000000000000000000000000000000000000000000000000000000000000000000000000000000000000000000000000000000000000000000000000000000000000000000000000000000000000000000000000000000000000
310
00000000000000000000000000000000000000000000000000000000000000000000000000000000000000000000000000000000000000000000000000000000000000000000000000000000000000000000000000000000000000000000000000000000000000000000000000000000000000000000000000000000000000
310
0000000000000000000000E20000E2ECECE20000000000E200000000000000000000000000000000000000000000000000000000000000000000000000000000000000000000000000000000000000000000000000000000000000000000000000000000000000000000000000000000000000000000000000000000000000
310
00000000000000000000000000000000000000000000000000000000000000000000000000000000000000000000000000000000000000000000000000000000000000000000000000000000000000000000000000000000000000000000000000000000000000000000000000000000000000000000000000000000000000
310
00000000000000000000000000E20000E2ECECE2E2E2E2E2E2E2E2E2E2E2E2E2E2E2E2E2E2E2E2E2E2E2E2E2E2E2E2E2E2E2E2E2E2E2E2E2E2E2E2E2E2E2E2E2E2E2E2E2E2E2E2E2E2E2E2E2E2E2E2E2E2E2E2E2E2E2E2E2E2E2E2E2E2E2E2E2E2E2E2E2E2E2E2E2E2E2E2E2E2E2E2E2E2E2E2E2E2E2E2E2E2E2E2E2E2E2E2
310
E2E2E2E2E2E2E2E2E2E2E2E2E2E2E2E2E2E2E2E2E2E2E2E2E2E2E2E2E2E2E2E2E2E2E2E2E2E2E2E2E2E2E2E2E2E2E2E2E2E2E2E2E2E2E2E2E2E2E2E2E2E2E2E2E2E2E2E2E2E2E2E2E2E2E2E2E2E2E2E2E2E2E2E2E2E2E2E2E2E2E2E2E2E2E2E2E2E2E2E2E2E2E2E2E2E2E2E2E2E2E2E2E2E2E2E2E2E2E2E2E2E2E2E2E2E2E2
310
E2E2E2E2E2E2E2E2E2E2E2E2E2E2E2E2E2E2E2E2E2E20000000000E2E2E2E2E2E2E2E2E2E2E2E2E2E2E2E2E2E2E2E2E2E2E2E2E2E2E2E2E2E2E2E2E2E2E2E2E2E2E2E2E2E2E2E2E2E2E2E2E2E2E2E2E2E2E2E2E2E2E2E2E2E2E2E2E2E2E2E2E2E2E2E2E2E2E2E2E2E2E2E2E2E2E2E2E2E2E2E2E2E2E2E2E2E2E2E2E2E2E2E2
310
E2E2E2E2E2E2E2E2E2E2E2E2E2E2E2E2E2E2E2E2E2E2E2E2E2E2E2E2E2E2E2E2E2E2E2E2E2E2E2E2E2E2E2E2E2E2E2E2E2E2E2E2E2E2E2E2E2E2E2E2E2E2E2E2E2E2E2E2E2E2E2E2E2E2E2E2E2E2E2E2E2E2E2E2E2E2E2E2E2E2E2E2E2E2E2E2E2E2E2E2E2E2E2E2E2E2E2E2E2E2E2E2E2E2E2E2E2E2E2E2E2E2E2E2E2E2E2
310
E2E2E2E2E2E2E2E2E2E2E2E2E2E2E2E2E2E20000E2ECECE200000000000000000000000000000000000000000000000000000000000000000000000000000000000000000000000000000000000000000000000000000000000000000000000000000000000000000000000000000000000000000000000000000000000000
310
00000000000000000000000000000000000000000000000000000000000000000000000000000000000000000000000000000000000000000000000000000000000000000000000000000000000000000000000000000000000000000000000000000000000000000000000000000000000000000000000000000000000000
310
00000000000000000000000000000000000000000000E2ECECE2EAEAEAEAEAEAEAEAEAEAEAEAEAEAEAEAEAEAEAEAEAEAEAEAEAEAEAEAEAEAEAEAEAEAEAEAEAEAEAEAEAEAEAEAEAEAEAEAEAEAEAEAEAEAEAEAEAEAEAEAEAEAEAEAEAEAEAEAEAEAEAEAEAEAEAEAEAEAEAEAEAEAEAEAEAEAEAEAEAEAEAEAEAEAEAEAEAEAEAEAEA
310
EAEAEAEAEAEAEAEAEAEAEAEAEAEAEAEAEAEAEAEAEAEAEAEAEAEAEAEAEAEAEAEAEAEAEAEAEAEAEAEAEAEAEAEAEAEAEAEAEAEAEAEAEAEAEAEAEAEAEAEAEAEAEAEAEAEAEAEAEAEAEAEAEAEAEAEAEAEAEAEAEAEAEAEAEAEAEAEAEAEAEAEAEAEAEAEAEAEAEAEAEAEAEAEAEAEAEAEAEAEAEAEAEAEAEAEAEAEAEAEAEAEAEAEAEAEAEA
310
EAEAEAEAEAEAEAEAEAEAEAEAEAEAEAEAEAEAEAEAEAEAEAEAE2ECEC
  0
XRECORD
  5
8D799
102
{ACAD_REACTORS
330
8B4B9
102
}
330
8B4B9
100
AcDbXrecord
280
     1
310
2800000000010000B4000000010008000000000000B4000000000000000000000000000000000000FFFFFF00FFFFFF00FFFFFF000000000000000000000000000000000000000000000000000000000000000000330000006600000099000000CC000000FF00000000330000333300006633000099330000CC330000FF3300
310
0000660000336600006666000099660000CC660000FF66000000990000339900006699000099990000CC990000FF99000000CC000033CC000066CC000099CC0000CCCC0000FFCC000000FF000033FF000066FF000099FF0000CCFF0000FFFF000000003300330033006600330099003300CC003300FF003300003333003333
310
33006633330099333300CC333300FF33330000663300336633006666330099663300CC663300FF66330000993300339933006699330099993300CC993300FF99330000CC330033CC330066CC330099CC3300CCCC3300FFCC330000FF330033FF330066FF330099FF3300CCFF3300FFFF330000006600330066006600660099
310
006600CC006600FF00660000336600333366006633660099336600CC336600FF33660000666600336666006666660099666600CC666600FF66660000996600339966006699660099996600CC996600FF99660000CC660033CC660066CC660099CC6600CCCC6600FFCC660000FF660033FF660066FF660099FF6600CCFF6600
310
FFFF660000009900330099006600990099009900CC009900FF00990000339900333399006633990099339900CC339900FF33990000669900336699006666990099669900CC669900FF66990000999900339999006699990099999900CC999900FF99990000CC990033CC990066CC990099CC9900CCCC9900FFCC990000FF99
310
0033FF990066FF990099FF9900CCFF9900FFFF99000000CC003300CC006600CC009900CC00CC00CC00FF00CC000033CC003333CC006633CC009933CC00CC33CC00FF33CC000066CC003366CC006666CC009966CC00CC66CC00FF66CC000099CC003399CC006699CC009999CC00CC99CC00FF99CC0000CCCC0033CCCC0066CC
310
CC0099CCCC00CCCCCC00FFCCCC0000FFCC0033FFCC0066FFCC0099FFCC00CCFFCC00FFFFCC000000FF003300FF006600FF009900FF00CC00FF00FF00FF000033FF003333FF006633FF009933FF00CC33FF00FF33FF000066FF003366FF006666FF009966FF00CC66FF00FF66FF000099FF003399FF006699FF009999FF00CC
310
99FF00FF99FF0000CCFF0033CCFF0066CCFF0099CCFF00CCCCFF00FFCCFF0000FFFF0033FFFF0066FFFF0099FFFF00CCFFFF00FFFFFF00000000000D0D0D001A1A1A00282828003535350043434300505050005D5D5D006B6B6B00787878008686860093939300A1A1A100AEAEAE00BBBBBB00C9C9C900D6D6D600E4E4E400
310
F1F1F100FFFFFF0000000000000000000000000000000000000000000000000000000000000000000000000000000000E2E2E2E2E2E2E2E2E2E2E2E2E2E2E2E2E2E2E2E2E2E2E2E2E2E2E2E2E2E2E2E2E2E2E2E2E2E2E2E2E2E2E2E2E2E2E2E2E2E2E2E2E2E2E2E2E2E2E2E2E2E2E2E2E2E2E2E2E2E2E2E2E2E2E2E2E2E2E2
310
E2E2E2E2E2E2E2E2E2E2E2E2E2E2E2E2E2E2E2E2E2E2E2E2E2E2E2E2E2E2E2E2E2E2E2E2E2E2E2E2E2E2E2E2E2E2E2E2E2E2E2E2E2E2E2E2E2E2E2E2E2E2E2E2E2E2E2E2E2E2E2E2E2E2E2E2E2E2E2E2E2E2E2E2E2E2E2E2E2E2E2E2E2E2E2E2E2E2E2E2E2E2E2E2E2E2E2E2E2E2E2E2E2E2E2E2E2E2E2E2E2E2E2E2E2E2E2
310
E2E2E2E2E2E2E2E2E2E2E2E2E2E2E2E2E2E2E2E2E2E2E2E2E2E2E2E2E2E2E2E2E2E2E2E2E2E2E2E2E2E2E2E2E2E2E2E2ECECE2EAEAEAEAEAEAEAEAEAEAEAEAEAEAEAEAEAEAEAEAEAEAEAEAEAEAEAEAEAEAEAEAEAEAEAEAEAEAEAEAEAEAEAEAEAEAEAEAEAEAE2EAEAEAEAEAEAEAEAEAEAEAEAEAEAEAEAEAEAEAEAEAEAEAEAEA
310
EAEAEAEAEAEAEAEAEAEAEAEAEAEAEAEAEAEAEAEAEAEAEAEAEAEAEAEAEAEAEAEAEAEAEAEAEAEAEAEAEAEAEAEAEAEAEAEAEAEAEAEAEAEAEAEAEAEAEAEAEAEAEAEAEAEAEAEAEAEAEAEAEAEAEAEAEAEAEAEAEAEAEAEAEAEAEAEAEAEAEAEAEAEAEAEAEAEAEAEAEAEAEAEAEAEAEAEAEAEAEAEAEAEAEAEAEAEAEAEAEAEAEAEAEAEAEA
310
EAEAEAEAEAEAEAEAEAEAEAEAEAEAEAEAEAEAEAEAE2EAEAEAEAEAEAEAEAEAEAEAEAEAEAEAEAEAEAEAEAEAEAEAEAEAEAEAEAE2ECECE20000000000000000000000000000000000000000000000000000000000000000000000000000000000000000000000000000E20000000000000000000000000000000000000000000000
310
00000000000000000000000000000000000000000000000000000000000000000000000000000000000000000000000000000000000000000000000000000000000000000000000000000000000000000000000000000000000000000000000000000000000000000000000000000000000000000000000000000000000000
310
00000000000000000000000000000000000000000000E200000000000000000000000000000000000000000000000000000000E2ECECE20000000000E2E2E2E2E2E2E2E2E2E2E2E2E2E2E2E2E2E2E2E2E2E2E2E2E2E2E2E2E2E2E2E2E2E2E2E2E2E2E2E2E2E2E2E2E2E2E2E2E2E2E2E2E2E2E2E2E2E2E2E2E2E2E2E2E2E2E2
310
E2E2E2E2E2E2E2E2E2E2E2E2E2E2E2E2E2E2E2E2E2E2E2E2E2E2E2E2E2E2E2E2E2E2E2E2E2E2E2E2E2E2E2E2E2E2E2E2E2E2E2E2E2E2E2E2E2E2E2E2E2E2E2E2E2E2E2E2E2E2E2E2E2E2E2E2E2E2E2E2E2E2E2E2E2E2E2E2E2E2E2E2E2E2E2E2E2E2E2E2E2E2E2E2E2E2E2E2E2E2E2E2E2E2E2E2E2E2E2E2E2E2E2E2E2E2E2
310
E2E2E2E2E2E2E2E2E2E2E2E2E2E2E2E2E2E2E2E2E2E2E2E2E2E2E2E2E2E2E2E2E2E2E2E2E2E2E2E2E2E2E2E2E2E2E2E2E2E2E20000E2ECECE20000000000E20000000000000000000000000000000000000000000000000000000000000000000000000000000000000000E200000000000000000000000000000000000000
310
00000000000000000000000000000000000000000000000000000000000000000000000000000000000000000000000000000000000000000000000000000000000000000000000000000000000000000000000000000000000000000000000000000000000000000000000000000000000000000000000000000000000000
310
00000000000000000000000000000000000000E2000000000000E200000000000000000000000000000000000000000000000000E20000E2ECECE20000000000E20000000000000000000000000000000000000000000000000000000000000000000000000000000000000000E20000000000000000000000000000000000
310
0000000000000000000000000000000000000000000000000000000000000000000000000000000000000000000000000000000000000000000000000000000000000000000000000000000000000000000000E2E2E2E2E2E2E2E2E2E2E2E2E2E2E2E2E2E2E2E2E2E2E2E2E2E2E2E2E2E2E2E2E2E2E2E2E2E2E2E2E2E2E2E2
310
E2E2E2E2E2E2E2E2E2E2E2E2E20000000000000000E20000E2E2E2E2E2E2E2E2E2E2E2E2E2E2E2E2E2E2E2E2E2E2E2E2E2E2E2E2E2E2E2E2E2F1ECECE20000000000E20000000000000000000000000000000000000000000000000000000000000000000000000000000000000000E2000000000000000000000000000000
310
00000000000000000000000000000000000000000000000000000000000000000000000000000000000000000000000000000000000000000000000000000000000000000000000000000000000000000000000000E20000000080000000000000000000000000000000000000000000000000000000000000000000000000
310
0000000000000000000000000000E20000000000000000E20000E2E2E2E2E2E2E2E2E2E2E2E2E2E2E2E2E2E2E2E2E2E2E2E2E2E2E2E2E2E2E2E2E2F1ECECE20000000000E20000000000000000000000000000000000000000000000000000000000000000000000000000000000000000E200000000000000000000000000
310
000000000000000000000000000000000000000000000000000000000000000000000000000000000000000000000000000000000000000000000000000000000000000000000000000000000000000000000000000000E2000000000000000000000000000000000000000000000000000000000000000000000000000000
310
00000000000000000000000000000000E20000000000000000E20000E2E2E2E2E2E2E2E2E2E2E2E2E2E2E2E2E2E2E2E2E2E2E2E2E2E2E2E2E2E2E2E2E2F1ECECE20000000000E20000000000000000E2E2E2E2E2E2E2E2E2E2E2E2E2E2E2E2E2E2E2E2E2E2E2E2E2E2E2E2E2E2E2E2E2E2E2E2E2E2E2E2E2E2E2E2E2E2E2E2
310
E2E2E2E2E2E2E2E2E2E2E2E2E2E2E2E2E2E2E2E2E2E2E2E20000000000000000000000000000000000000000000000000000000000000000000000000000000000000000000000000000000000000000000000000000000000E200000000000000000000000000000000000000000000000000000000000000000000000000
310
00000000000000000000000000000000A000E20000000000000000E20000E2E2E2E2E2E2E2E2E2E2E2E2E2E2E2E2E2E2E2E2E2E2E2E2E2E2E2E2E2E2E2E2E2F1ECECE20000000000E20000000000000000E2E2E2E2E2E2E2E2E2E2E2E2E2E2E2E2E2E2E2E2E2E2E2E2E2E2E2E2E2E2E2E2E2E2E2E2E2E2E2E2E2E2E2E2E2E2
310
E2E2E2E2E2E2E2E2E2E2E2E2E2E2E2E2E2E2E2E2E2E2E2E2E2E20000000000000000000000000000000000000000000000000000000000000000000000000000000000000000000000000000000000000000000000000000000000E20000000080800000E000000000F0F000000000A00000F0A000A2A0F0E000000000E080
310
808000000000000000000000000000E080000000E20000000000000000E20000F1F1F1F1E2F1F1F1F1F1F1F1F1F1F1F1F1F1F1F1F1F1F1F1F1F1F1F1F1F1E2F1F1F1ECECE20000000000E20000000000000000E2E2E2E2E2E2E2E2E2E2E2E2E2E2E2E2E2E2E2E2E2E2E2E2E2E2E2E2E2E2E2E2E2E2E2E2E2E2E2E2E2E2E2E2
310
E2E2E2E2E2E2E2E2E2E2E2E2E2E2E2E2E2E2E2E2E2E2E2E2E2E2E2E20000000000000000000000000000000000000000000000000000000000000000000000000000000000000000000000000000000000000000000000000000000000E20000000000000000000000000000000000000000400000F000F00000000000F400
310
000000A000F000F0000000000000F000E020B0000000E20000000000000000E2E2E2E2E2E2E2E2E2E2E2E2E2E2E2E2E2E2E2E2E2E2E2E2E2E2E2E2E2E2E2E2E2E20000E2ECECE20000000000E20000000000000000E2E2E2E2E2E2E2E2E2E2E2E2E2E2E2E2E2E2E2E2E2E2E2E2E2E2E2E2E2E2E2E2E2E2E2E2E2E2E2E2E2E2
310
E2E2E2E2E2E2E2E2E2E2E2E2E2E2E2E2E2E2E2E2E2E2E2E2E2E2E2E2E2E20000000000000000000000000000000000000000000000000000000000000000000000000000000000000000000000000000000000000000000000000000000000E20000000000000000000000000000000000000009008000F000F00000F000F0
310
00000000F0E000000000F0F00000000080E0E000000000F0E2000000000000000000000000000000E200000000000000000000000000000000000000000000000000E20000E2ECECE20000000000E20000000000000000000000000000000000000000000000000000000000000000000000000000000000000000E2000000
310
00000000000000000000000000000000000000000000000000000000000000000000000000000000000000000000000000000000000000000000000000000000000000000000000000000000000000000000000000000000000000000000000000E200000000000000000000000000000000000000008080B0F00000000000
310
000000000000F0A0000000000000F00000E080F0000000000000E2000000000000000000000000000000E200000000000000000000000000000000000000000000000000E20000E2ECECE20000000000E20000000000000000000000000000000000000000000000000000000000000000000000000000000000000000E200
310
000000000000000000000000000000000000000000000000000000000000000000000000000000000000000000000000000000000000000000000000000000000000000000000000000000000000000000000000000000000000000000000000000000E20000000000000000000000000000000000D000000000F0B0000000
310
00000000000000000000000000000000F00000000020000080000000E2000000000000000000000000000000E200000000000000000000000000000000000000000000000000E20000E2ECECE20000000000E20000000000000000000000000000000000000000000000000000000000000000000000000000000000000000
310
E200000000000000000000000000000000000000000000000000000000000000000000000000000000000000000000000000000000000000000000000000000000000000000000000000000000000000000000000000000000000000000000000000000000E20000000000000000000000000000000000F0000000A0000000
310
0000000000000000000000E0000000000000000000000000000080000000E2000000000000000000000000000000E200000000000000000000000000000000000000000000000000E20000E2ECECE20000000000E2000000000000000000000000000000000000000000000000000000000000000000000000000000000000
310
0000E200000000000000000000000000000000000000000000000000000000000000000000000000000000000000000000000000000000000000000000000000000000000000000000000000000000000000000000000000000000000000000000000000000000E200000000B0000000000000000000000000000000000000
310
0000000000000000000000000000002000000000000000000000000000000000E2000000000000000000000000000000E200000000000000000000000000000000000000000000000000E20000E2ECECE20000000000E200000000000000000000000000000000000000000000000000000000000000000000000000000000
310
00000000E200000000000000000000000000000000000000000000000000000000000000000000000000000000000000000000000000000000000000000000000000000000000000000000000000000000000000000000000000000000000000000000000000000000E20000000000F0000000000000000000000000000000
310
000000000000000000000000000000E0000000808000000000000000000000000000E2000000000000000000000000000000E200000000000000000000000000000000000000000000000000E20000E2ECECE20000000000E20000000000000000000000000000000000000000000000000000000000000000000000000000
310
000000000000E200000000000000000000000000000000000000000000000000000000000000000000000000000000000000000000000000000000000000000000000000000000000000000000000000000000000000000000000000000000000000000000000000000000E2000000000000F0000000000000000000000000
310
0000000000000000000000000000000000E0000000000000000000000000000000000000E2000000000000000000000000000000E200000000000000000000000000000000000000000000000000E20000E2ECECE20000000000E2000000000000000000000000000000000000000000000000000000000000000000000000
310
0000000000000000E200000000000000000000000000000000000000000000000000000000000000000000000000000000000000000000000000000000000000000000000000000000000000000000000000000000000000000000000000000000000000000000000000000000E20000000000000000000000000000000000
310
0000000000000000000000F000000000000000A0000000000000000000000000000000000000E2000000000000000000000000000000E200000000000000000000000000000000000000000000000000E20000E2ECECE20000000000E200000000000000000000000000000000000000000000000000000000000000000000
310
00000000000000000000E200000000000000000000000000000000000000000000000000000000000000000000000000000000000000000000000000000000000000000000000000000000000000000000000000000000000000000000000000000000000000000000000000000000E200000000000000F0F0000000000000
310
00000000000000F00000000000000000200000000080800000003000000000000000000000000000E2000000000000000000000000000000E200000000000000000000000000000000000000000000000000E20000E2ECECE20000000000E20000000000000000000000000000000000000000000000000000000000000000
310
000000000000000000000000E200000000000000000000000000000000000000000000000000000000000000000000000000000000000000000000000000000000000000000000000000000000000000000000000000000000000000000000000000000000000000000000000000000000E20000F000F00000F000000000F4
310
000000F0F00000B200E000000000800000E0000000008000000000002000000000000000000000000000E2000000000000000000000000000000E200000000000000000000000000000000000000000000000000E20000E2ECECE20000000000E2000000000000000000000000000000000000000000000000000000000000
310
0000000000000000000000000000E200000000000000000000000000000000000000000000000000000000000000000000000000000000000000000000000000000000000000000000000000000000000000000000000000000000000000000000000000000000000000000000000000000000E20000F000F00000F0F0F0B0
310
00F400000000F0F000F280B000B00000F40000F0000000A00000000000000000000000000000000000000000E2000000000000000000000000000000E200000000000000000000000000000000000000000000000000E20000E2ECECE20000000000E200000000000000000000000000000000000000000000000000000000
310
00000000000000000000000000000000E200000000000000000000000000000000000000000000000000000000000000000000000000000000000000000000000000000000000000000000000000000000000000000000000000000000000000000000000000000000000000000000000000000000E2000000000000000000
310
00000000000000000000000080F0000000000000000000A0A000000000000000B000000000000000000000000000E2000000000000000000000000000000E200000000000000000000000000000000000000000000000000E20000E2ECECE20000000000E20000000000000000000000000000000000000000000000000000
310
000000000000000000000000000000000000E200000000000000000000000000000000000000000000000000000000000000000000000000000000000000000000000000000000000000000000000000000000000000000000000000000000000000000000000000000000000000000000000000000000E200000000000000
310
000000000000000000000000000000000000000000000000000000000000000000000000000000000000000000000000E2000000000000000000000000000000E200000000000000000000000000000000000000000000000000E20000E2ECECE20000000000E2000000000000000000000000000000000000000000000000
310
0000000000000000000000000000000000000000E200000000000000000000000000000000000000000000000000000000000000000000000000000000000000000000000000000000000000000000000000000000000000000000000000000000000000000000000000000000000000000000000000000000E20000000000
310
00000000000000000000000080800000F0000000000000000080000000000090000000000000000000000000000000000000E2000000000000000000000000000000E200000000000000000000000000000000000000000000000000E20000E2ECECE20000000000E200000000000000000000000000000000000000000000
310
00000000000000000000000000000000000000000000E200000000000000000000000000000000000000000000000000000000000000000000000000000000000000000000000000000000000000000000000000000000000000000000000000000000000000000000000000000000000000000000000000000000E2000000
310
0000000000000000000000F000000000000000000000000000000000000000000090000000000000000000000000000000000000E2000000000000000000000000000000E200000000000000000000000000000000000000000000000000E20000E2ECECE20000000000E20000000000000000000000000000000000000000
310
000000000000000000000000000000000000000000000000E200000000000000000000000000000000000000000000000000000000000000000000000000000000000000000000000000000000000000000000000000000000000000000000000000000000000000000000000000000000000000000000000000000000E200
310
0000000000000000000000000000F0000000000000000000F000000000000000000000D00060000000000000000000000000000000F0E2000000000000000000000000000000E200000000000000000000000000000000000000000000000000E20000E2ECECE20000000000E2000000000000000000000000000000000000
310
0000000000000000000000000000000000000000000000000000E200000000000000000000000000000000000000000000000000000000000000000000000000000000000000000000000000000000000000000000000000000000000000000000000000000000000000000000000000000000000000000000000000000000
310
E2000000000000000000000000000000000080000080000000000000000000000000000000F0000000000000000000000000000000000000E2000000000000000000000000000000E200000000000000000000000000000000000000000000000000E20000E2ECECE20000000000E200000000000000000000000000000000
310
00000000000000000000000000000000000000000000000000000000E20000000000000000000000000000000000000000000000000000000000000000000000000000000000000000000000000000000000000000000000000000000000000000000000000000000000000000000000000000000000000000000000000000
310
0000E20000000000000000000000000000000000F000000000000000F20000000000000000000000000000000000000000000000000000000000E2000000000000000000000000000000E200000000000000000000000000000000000000000000000000E20000E2ECECE20000000000E20000000000000000000000000000
310
000000000000000000000000000000000000000000000000000000000000E2000000000000000000000000000000000000000000000000000000000000000000000000000000000000000000000000000000000000000000000000000000000000000000000000000000000000000000000000000000000000000000000000
310
00000000E2000000000000000000000000000000000000F0F200A000F400F0F000F00000F000300000B0002000000000F00000F00000000000000000E2000000000000000000000000000000E200000000000000000000000000000000000000000000000000E20000E2ECECE20000000000E2000000000000000000000000
310
0000000000000000000000000000000000000000000000000000000000000000E200000000000000000000000000000000000000000000000000000000000000000000000000000000000000000000000000000000000000000000000000000000000000000000000000000000000000000000000000000000000000000000
310
000000000000E200000000000000000000000000000000000000F2008000F000F000000000000000000000000020B0F0000000000000F000000000000000E2000000000000000000000000000000E200000000000000000000000000000000000000000000000000E20000E2ECECE20000000000E200000000000000000000
310
00000000000000000000000000000000000000000000000000000000000000000000E20000000000000000000000000000000000000000000000000000000000000000000000000000000000000000000000000000000000000000000000000000000000000000000000000000000000000000000000000000000000000000
310
0000000000000000E20000000010000010001000000000000000001012100000E100303020103000100000000000000010101212101010101010001030000012E2000000000000000000000000000000E200000000000000000000000000000000000000000000000000E20000E2ECECE20000000000E20000000000000000
310
000000000000000000000000000000000000000000000000000000000000000000000000E2000000000000000000000000000000000000000000000000000000000000000000000000000000000000000000000000000000000000000000000000000000000000000000000000000000000000000000000000000000000000
310
00000000000000000000E200000000000000000000000000000000000000000000000000000000000000000000000000000000000000000000000000000000000000E2000000000000000000000000000000E200000000000000000000000000000000000000000000000000E20000E2ECECE20000000000E2000000000000
310
0000000000000000000000000000000000000000000000000000000000000000000000000000E200000000000000000000000000000000000000000000000000000000000000000000000000000000000000000000000000000000000000000000000000000000000000000000000000000000000000000000000000000000
310
000000000000000000000000E200000000000000000000000000000000000000000000000000000000000000000000000000000000000000000000000000000000000000E2000000000000000000000000000000E200000000000000000000000000000000000000000000000000E20000E2ECECE20000000000E200000000
310
00000000000000000000000000000000000000000000000000000000000000000000000000000000E20000000000000000000000000000000000000000000000000000000000000000000000000000000000000000000000000000000000000000000000000000000000000000000000000000000000000000000000000000
310
0000000000000000000000000000E200000000000000000000000000000000000000000000000000000000000000000000000000000000000000000000000000000000000000E2000000000000000000000000000000E200000000000000000000000000000000000000000000000000E20000E2ECECE20000000000E20000
310
000000000000000000000000000000000000000000000000000000000000000000000000000000000000E2000000000000000000000000000000000000000000000000000000000000000000000000000000000000000000000000000000000000000000000000000000000000000000000000000000000000000000000000
310
00000000000000000000000000000000E200000000000000000000000000000000000000000000000000000000000000000000000000000000000000000000000000000000000000E2000000000000000000000000000000E200000000000000000000000000000000000000000000000000E20000E2ECECE20000000000E2
310
0000000000000000000000000000000000000000000000000000000000000000000000000000000000000000E200000000000000000000000000000000000000000000000000000000000000000000000000000000000000000000000000000000000000000000000000000000000000000000000000000000000000000000
310
000000000000000000000000000000000000E200000000000000000000000000000000000000000000000000000000000000000000000000000000000000000000000000000000000000E2000000000000000000000000000000E200000000000000000000000000000000000000000000000000E20000E2ECECE200000000
310
00E20000000000000000000000000000000000000000000000000000000000000000000000000000000000000000E20000000000000000000000000000000000000000000000000000000000000000000000000000000000000000000000000000000000000000000000000000000000000000000000000000000000000000
310
0000000000000000000000000000000000000000E200000000000000000000000000000000000000000000000000000000000000008080000000008080800000000000000000000000000000E2000000000000000000000000000000E200000000000000000000000000000000000000000000000000E20000E2ECECE20000
310
000000E20000000000000000000000000000000000000000000000000000000000000000000000000000000000000000E2000000000000000000000000000000000000000000000000000000000000000000000000000000000000000000000000000000000000000000000000000000000000000000000000000000000000
310
00000000000000000000000000000000000000000000E200000000000000000000000000000000000000000000000000000000000000000000000000000000000000000000000000000000000000E2000000000000000000000000000000E200000000000000000000000000000000000000000000000000E20000E2ECECE2
310
0000000000E20000000000000000000000000000000000000000000000000000000000000000000000000000000000000000E200000000000000000000000000000000000000000000000000000000000000000000000000000000000000000000000000000000000000000000000000000000000000000000000000000000
310
000000000000000000000000000000000000000000000000E20000F400F40000F400000000F400000000000000F400000000000000000000000000008000000000000000000000000000000000000000E2000000000000000000000000000000E200000000000000000000000000000000000000000000000000E20000E2EC
310
ECE20000000000E20000000000000000000000000000000000000000000000000000000000000000000000000000000000000000E20000000000000000000000000000000000000000000000000000000000000000000000000000000000000000000000000000000000000000000000000000000000000000000000000000
310
0000000000000000000000000000000000000000000000000000E20000F400000000F4000000000000000000000000F4000000000000F4000000000000008080000000000000000000000000000000000000E2000000000000000000000000000000E200000000000000000000000000000000000000000000000000E20000
310
E2ECECE20000000000E20000000000000000000000000000000000000000000000000000000000000000000000000000000000000000E2000000000000000000000000000000000000000000000000000000000000000000000000000000000000000000000000000000000000000000000000000000000000000000000000
310
00000000000000000000000000000000000000000000000000000000E200000000000000000000000000000000000000000000000000000000000000000000000000000000000000000000000000000000000000E2000000000000000000000000000000E200000000000000000000000000000000000000000000000000E2
310
0000E2ECECE20000000000E20000000000000000000000000000000000000000000000000000000000000000000000000000000000000000E200000000000000000000000000000000000000000000000000000000000000000000000000000000000000000000000000000000000000000000000000000000000000000000
310
000000000000000000000000000000000000000000000000000000000000E2000000000000000000000000000000000000000000E2E2E2E2E2E2E2E20000000000000000000000000000000000000000000000000000E2000000000000000000000000000000E2000000000000000000000000000000000000000000000000
310
00E20000E2ECECE20000000000E20000000000000000000000000000000000000000000000000000000000000000000000000000000000000000E20000000000000000000000000000000000000000000000000000000000000000000000000000000000000000000000000000000000000000000000000000000000000000
310
0000000000000000000000000000000000000000000000000000000000000000E2000000000000000000000000000000000000000000E2E2E2E2E2E2E2E20000000000000000000000000000000000000000000000000000E2000000000000000000000000000000E200000000000000000000000000000000000000000000
310
000000E20000E2ECECE20000000000E20000000000000000000000000000000000000000000000000000000000000000000000000000000000000000E2000000000000000000000000000000000000000000000000000000000000000000000000000000000000000000000000000000000000000000000000000000000000
310
00000000000000000000000000000000000000000000000000000000000000000000E2000000000000000000000000000000000000000000E2E2E2E2E2E2E2E20000000000000000000000000000000000000000000000000000E2000000000000000000000000000000E20000000000000000000000000000000000000000
310
0000000000E20000E2ECECE20000000000E20000000000000000000000000000000000000000000000000000000000000000000000000000000000000000E200000000000000000000000000000000000000000000000000000000000000000000000000000000000000000000000000000000000000000000000000000000
310
000000000000000000000000000000000000000000000000000000000000000000000000E2000000000000000000000000000000000000000000E2E2E2E2E2E2E2E20000000000000000000000000000000000000000000000000000E2000000000000000000000000000000E2000000000000000000000000000000000000
310
00000000000000E20000E2ECECE20000000000E20000000000000000000000000000000000000000000000000000000000000000000000000000000000000000E20000000000000000000000000000000000000000000000000000000000000000000000000000000000000000000000000000000000000000000000000000
310
0000000000000000000000000000000000000000000000000000000000000000000000000000E2E2E2E2E2E2E2E2E2E2E2E2E2E2E2E2E2E2E2E2E2E2E2E2E2E2E2E2E2E2E2E2E2E2E2E2E2E2E2E2E2E2E2E2E2E2E2E2E2E2E2E2E2E2E2E2E2000000000000000000000000000000E200000000000000000000000000000000
310
000000000000000000E20000E2ECECE20000000000E20000000000000000000000000000000000000000000000000000000000000000000000000000000000000000E2000000000000000000000000000000000000000000000000000000000000000000000000000000000000000000000000000000000000000000000000
310
00000000000000000000000000000000000000000000000000000000000000000000000000000000000000000000000000000000000000000000000000000000000000000000000000000000000000000000000000000000000000000000000000000000000000000000000000000000E20000000000000000000000000000
310
0000000000000000000000E20000E2ECECE20000000000E20000000000000000000000E200000000000000000000000000000000000000E2E2E2E2000000000000000000E200000000000000000000E200000000000000000000E2E2000000000000000000000000000000000000000000E2E2E2E200000000000000000000
310
00000000000000000000000000E2000000000000000000000000000000E2E2000000000000000000000000000000000000E2E2E2E20000000000000000000000000000000000000000E200000000000000000000E2E2000000000000000000000000000000000000E2E2E2E2000000000000E2000000000000000000000000
310
00E20000000000000000000000E20000E2ECECE20000000000E20000000000000000000000E2E2E2E2E2E2E2E2E2E2E2E2E2E2E2E2E2E2E2E2E2E2E2E2E2E2E2E2E2E2E2E2E2E2E2E2E2E2E2E2E2E2E2E2E20000000000000000000000E2E2E2E2E2E2E2E2E2E2E2E2E2E2E2E2E2E2E2E2E2E2E2E2E2E2E2E2E2E2E2E2E2E2
310
E2E2E2E2E2E2E2E2E2E2E2E2E2E2E2E2E2000000000000000000000000000000E2E2E2E2E2E2E2E2E2E2E2E2E2E2E2E2E2E2E2E2E2E2E2E2E2E2E2E2E2E2E2E2E2E2E2E2E2E2E2E2E2E2E2E2E200000000000000000000E2E2E2E2E2E2E2E2E2E2E2E2E2E2E2E2E2E2E2E2E2E2E2E2E2E2E2E2E2E2E2E2E2E2E2E2E2E2E2E2
310
E2E2E2E2E200000000000000000000E20000E2ECECE20000000000E20000000000000000000000E200000000000000000000000000000000000000E2E2E2E2000000000000000000E200000000000000000000E20000000000000000000000E2000000000000000000000000000000000000000000E2E2E2E2000000000000
310
0000000000000000000000000000000000E200000000000000000000000000000000E2000000000000000000000000000000000000E2E2E2E20000000000000000000000000000000000000000E20000000000000000000000E2000000000000000000000000000000000000E2E2E2E2000000000000E20000000000000000
310
0000000000E20000000000000000000000E20000E2ECECE20000000000E20000000000000000000000E200000000000000000000000000000000000000E2E2E2E2000000000000000000E200000000000000000000E20000000000000000000000E2000000000000000000000000000000000000000000E2E2E2E200000000
310
00000000000000000000000000000000000000E200000000000000000000000000000000E2000000000000000000000000000000000000E2E2E2E20000000000000000000000000000000000000000E20000000000000000000000E2000000000000000000000000000000000000E2E2E2E2000000000000E2000000000000
310
00000000000000E20000000000000000000000E20000E2ECECE20000000000E20000000000000000000000E20000000000000000000000000000000000000000000000000000000000000000E200000000000000000000E20000000000000000000000E2000000000000000000000000000000000000000000000000000000
310
000000000000000000000000000000000000000000E200000000000000000000000000000000E2000000000000000000000000000000000000000000000000000000000000000000000000000000000000E20000000000000000000000E200000000000000000000000000000000000000000000000000000000E200000000
310
000000000000000000E20000000000000000000000E20000E2ECECE20000000000E20000000000000000000000E20000000000000000000000000000000000000000000000000000000000000000E200000000000000000000E20000000000000000000000E200000000000000000000000000000000000000000000000000
310
0000000000000000000000000000000000000000000000E200000000000000000000000000000000E2000000000000000000000000000000000000000000000000000000000000000000000000000000000000E20000000000000000000000E200000000000000000000000000000000000000000000000000000000E20000
310
0000000000000000000000E20000000000000000000000E20000E2ECECE20000000000E20000000000000000000000E20000000000000000000000000000000000000000000000000000000000000000E200000000000000000000E20000000000000000000000E20000000000000000000000000000000000000000000000
310
00000000000000000000000000000000000000000000000000E200000000000000000000000000000000E2000000000000000000000000000000000000000000000000000000000000000000000000000000000000E20000000000000000000000E200000000000000000000000000000000000000000000000000000000E2
310
00000000000000000000000000E20000000000000000000000E20000E2ECECE20000000000E20000000000000000000000E20000000000000000000000000000000000000000000000000000000000000000E200000000000000000000E20000000000000000000000E2000000000000000000000000000000000000000000
310
000000000000000000000000000000000000000000000000000000E200000000000000000000000000000000E2000000000000000000000000000000000000000000000000000000000000000000000000000000000000E20000000000000000000000E2000000000000000000000000000000000000000000000000000000
310
00E200000000000000000000000000E20000000000000000000000E20000E2ECECE20000000000E20000000000000000000000E20000000000000000000000000000000000000000000000000000000000000000E200000000000000000000E20000000000000000000000E200000000000000000000000000000000000000
310
0000000000000000000000000000000000000000000000000000000000E200000000000000000000000000000000E2000000000000000000000000000000000000000000000000000000000000000000000000000000000000E20000000000000000000000E200000000000000000000000000000000000000000000000000
310
000000E200000000000000000000000000E20000000000000000000000E20000E2ECECE20000000000E20000000000000000000000E20000000000000000000000000000000000000000000000000000000000000000E200000000000000000000E20000000000000000000000E20000000000000000000000000000000000
310
00000000000000000000000000000000000000000000000000000000000000E200000000000000000000000000000000E2000000000000000000000000000000000000000000000000000000000000000000000000000000000000E20000000000000000000000E20000000000000000000000000000000000000000000000
310
0000000000E200000000000000000000000000E20000000000000000000000E20000E2ECECE20000000000E20000000000000000000000E20000000000000000000000000000000000000000000000000000000000000000E200000000000000000000E20000000000000000000000E2000000000000000000000000000000
310
000000000000000000000000000000000000000000000000000000000000000000E200000000000000000000000000000000E2000000000000000000000000000000000000000000000000000000000000000000000000000000000000E20000000000000000000000E2000000000000000000000000000000000000000000
310
00000000000000E200000000000000000000000000E20000000000000000000000E20000E2ECECE20000000000E20000000000000000000000E20000000000000000000000000000000000000000000000000000000000000000E200000000000000000000E20000000000000000000000E200000000000000000000000000
310
0000000000000000000000000000000000000000000000000000000000000000000000E200000000000000000000000000000000E2000000000000000000000000000000000000000000000000000000000000000000000000000000000000E20000000000000000000000E200000000000000000000000000000000000000
310
000000000000000000E200000000000000000000000000E20000000000000000000000E20000E2ECECE20000000000E20000000000000000000000E20000000000000000000000000000000000000000000000000000000000000000E200000000000000000000E20000000000000000000000E20000000000000000000000
310
00000000000000000000000000000000000000000000000000000000000000000000000000E200000000000000000000000000000000E2000000000000000000000000000000000000000000000000000000000000000000000000000000000000E20000000000000000000000E20000000000000000000000000000000000
310
0000000000000000000000E200000000000000000000000000E20000000000000000000000E20000E2ECECE20000000000E20000000000000000000000E20000000000000000000000000000000000000000000000000000000000000000E200000000000000000000E20000000000000000000000E2000000000000000000
310
000000000000000000000000000000000000000000000000000000000000000000000000000000E200000000000000000000000000000000E2000000000000000000000000000000000000000000000000000000000000000000000000000000000000E20000000000000000000000E2000000000000000000000000000000
310
00000000000000000000000000E200000000000000000000000000E20000000000000000000000E20000E2ECECE20000000000E20000000000000000000000E20000000000000000000000000000000000000000000000000000000000000000E200000000000000000000E20000000000000000000000E200000000000000
310
0000000000000000000000000000000000000000000000000000000000000000000000000000000000E200000000000000000000000000000000E2000000000000000000000000000000000000000000000000000000000000000000000000000000000000E20000000000000000000000E200000000000000000000000000
310
000000000000000000000000000000E200000000000000000000000000E20000000000000000000000E20000E2ECECE20000000000E20000000000000000000000E20000000000000000000000000000000000000000000000000000000000000000E200000000000000000000E20000000000000000000000E20000000000
310
00000000000000000000000000000000000000000000000000000000000000000000000000000000000000E200000000000000000000000000000000E2000000000000000000000000000000000000000000000000000000000000000000000000000000000000E20000000000000000000000E20000000000000000000000
310
0000000000000000000000000000000000E200000000000000000000000000E20000000000000000000000E20000E2ECECE20000000000E20000000000000000000000E20000000000000000000000000000000000000000000000000000000000000000E200000000000000000000E20000000000000000000000E2000000
310
000000000000000000000000000000000000000000000000000000000000000000000000000000000000000000E200000000000000000000000000000000E2000000000000000000000000000000000000000000000000000000000000000000000000000000000000E20000000000000000000000E2000000000000000000
310
00000000000000000000000000000000000000E200000000000000000000000000E20000000000000000000000E20000E2ECECE20000000000E20000000000000000000000E20000000000000000000000000000000000000000000000000000000000000000E200000000000000000000E20000000000000000000000E200
310
0000000000000000000000000000000000000000000000000000000000000000000000000000000000000000000000E200000000000000000000000000000000E2000000000000000000000000000000000000000000000000000000000000000000000000000000000000E20000000000000000000000E200000000000000
310
000000000000000000000000000000000000000000E200000000000000000000000000E20000000000000000000000E20000E2ECECE20000000000E20000000000000000000000E20000000000000000000000000000000000000000000000000000000000000000E200000000000000000000E2000000000000E200000000
310
E2000000000000000000000000000000000000000000000000000000000000000000000000000000000000000000000000E20000000000E200000000000000000000E2000000000000000000000000000000000000000000000000000000000000000000000000000000000000E20000000000000000000000E20000000000
310
0000000000000000000000000000000000000000000000E200000000000000000000000000E20000000000000000000000E20000E2ECECE20000000000E2000000E2E2E2E2E2E2E2E2E20F0F0F0F0F0F0F0F0F0F0F0F0F0F0F0F0F0F0F0F0F0F0F0F0F0F0F0F0F0F0F0FE20F0F0F0F0F0F0F0F0F0FE20000000000E2E2E2E2
310
E2E2E20F0F0F0F0F0F0F0F0F0F0F0F0F0F0F0F0F0F0F0F0F0F0F0F0F0F0F0F0F0F0F0F0F0F0F0F0F0F0F0F0F0F0F0F0F0F0F0FE2E2E2E2E2E2E2E20000E2E2E2E2E2E2E2E20F0F0F0F0F0F0F0F0F0F0F0F0F0F0F0F0F0F0F0F0F0F0F0F0F0F0F0F0F0F0F0F0F0F0F0F0F0F0F0F0F0FE2000000E2E2E2E2E2E2E2E2E20F0F0F
310
0F0F0F0F0F0F0F0F0F0F0F0F0F0F0F0F0F0F0F0F0F0F0F0F0FE20F0F0F0F0F0F0F0F0F0F0F0F0FE20000000000000000000000E20000E2ECECE20000000000E200000000E20000000000000F0000000000000000000000000000000000000000000000000000000000000000E2000000000000000000000F0000000000E200
310
000000000F0000000000000000000000000000000000000000000000000000000000000000000000000000000000000000000000000F0000000000E200000000E200000000000F0000000000000000000000000000000000000000000000000000000000000000000000000000000000000F00000000E20000000000000F00
310
000000000000000000000000000000000000000000000000000000E2000000000000000000000000000F0000000000000000000000E20000E2ECECE20000000000E200000000E20000000000000F0000000000000000000000000000000000000000000000000000000000000000E2000000000000000000000F0000000000
310
E200000000000F0000000000000000000000000000000000000000000000000000000000000000000000000000000000000000000000000F0000000000E200000000E200000000000F0000000000000000000000000000000000000000000000000000000000000000000000000000000000000F00000000E2000000000000
310
0F00000000000000000000000000000000000000000000000000000000E2000000000000000000000000000F0000000000000000000000E20000E2ECECE20000000000E200000000E20000000000000F0000000000000000000000000000000000000000000000000000000000000000E2000000000000000000000F000000
310
0000E200000000000F0000000000000000000000000000000000000000000000000000000000000000000000000000000000000000000000000F0000000000E200000000E200000000000F0000000000000000000000000000000000000000000000000000000000000000000000000000000000000F00000000E200000000
310
00000F00000000000000000000000000000000000000000000000000000000E2000000000000000000000000000F0000000000000000000000E20000E2ECECE20000000000E200000000E20000000000000F0000000000000000000000000000000000000000000000000000000000000000E2E2E2E2E2E2E2E2E2E2E2E2E2
310
E2E2E2E2E2E2E2E2E2E2E2E2E2E2E2E2E2E2E2E2E2E2E2E2E2E2E2E2E2E2E2E2E2E2E2E2E2E2E2E2E2E2E2E2E2E2E2E2E2E2E2E2E2E2E2E2E2E2E2E2E2E2E2E2E2E2E2E2E2E2E2E2E2E2E2E2E2E2E2E2E2E2E2E2E2E2E2E2E2E2E2E2E2E2E2E2E2E2E2E2E2E2E2E2E2E2E2E2E2E2E2E2E2E2E2E2E2E2E2E2E2E2E2E2E2E2E2
310
E2E2E2E2E2E2E2E2E2E2E2E2E2E2E2E2E2E2E2E2E2E2E2E2E2E2E2E2E2E2E2E2E2E2000000000000000000000000000F0000000000000000000000E20000E2ECECE20000000000E200000000E20000000000000F00000000000000000000000000000000000000000000000000000000000000000000000000000000000000
310
0F0000000000E200000000000F0000000000000000000000000000000000000000000000000000000000000000000000000000000000000000000000000F0000000000E200000000E200000000000F0000000000000000000000000000000000000000000000000000000000000000000000000000000000000F00000000E2
310
0000000000000F0000000000000000000000000000000000000000000000000000000000000000000000000000000000000F0000000000000000000000E20000E2ECECE20000000000E200000000E20000000000000F0000000000000000000000000000000000000000000000000000000000000000000000000000000000
310
00000F0000000000E200000000000F0000000000000000000000000000000000000000000000000000000000000000000000000000000000000000000000000F0000000000E200000000E200000000000F0000000000000000000000000000000000000000000000000000000000000000000000000000000000000F000000
310
00E20000000000000F0000000000000000000000000000000000000000000000000000000000000000000000000000000000000F0000000000000000000000E20000E2ECECE20000000000E200000000E20000000000000F000000000000000000000000000000000000000000000000000000000000000000000000000000
310
000000000F0000000000E200000000000F0000000000000000000000000000000000000000000000000000000000000000000000000000000000000000000000000F0000000000E200000000E200000000000F0000000000000000000000000000000000000000000000000000000000000000000000000000000000000F00
310
000000E20000000000000F0000000000000000000000000000000000000000000000000000000000000000000000000000000000000F0000000000000000000000E20000E2ECECE20000000000E200000000E20000000000000F00000000000000000000000000000000000000000000000000000000000000000000000000
310
0000000000000F0000000000E200000000000F0000000000000000000000000000000000000000000000000000000000000000000000000000000000000000000000000F0000000000E200000000E200000000000F000000000000000000000000000000000000000000000000000000000000000000000000000000000000
310
0F00000000E20000000000000F0000000000000000000000000000000000000000000000000000000000000000000000000000000000000F0000000000000000000000E20000E2ECECE20000000000E200000000E20000000000000F0000000000000000000000000000000000000000000000000000000000000000000000
310
00000000000000000F0000000000E200000000000F0000000000000000000000000000000000000000000000000000000000000000000000000000000000000000000000000F0000000000E200000000E200000000000F00000000000000000000000000000000000000000000000000000000000000000000000000000000
310
00000F00000000E20000000000000F0000000000000000000000000000000000000000000000000000000000000000000000000000000000000F0000000000000000000000E20000E2ECECE20000000000E200000000E20000000000000F000000000000000000000000000000000000000000000000000000000000000000
310
000000000000000000000F0000000000E200000000000F0000000000000000000000000000000000000000000000000000000000000000000000000000000000000000000000000F0000000000E200000000E200000000000F0000000000000000000000000000000000000000000000000000000000000000000000000000
310
000000000F00000000E20000000000000F0000000000000000000000000000000000000000000000000000000000000000000000000000000000000F0000000000000000000000E20000E2ECECE20000000000E200000000E20000000000000F00000000000000000000000000000000000000000000000000000000000000
310
0000000000000000000000000F0000000000E200000000000F0000000000000000000000000000000000000000000000000000000000000000000000000000000000000000000000000F0000000000E200000000E200000000000F000000000000000000000000000000000000000000000000000000000000000000000000
310
0000000000000F00000000E20000000000000F0000000000000000000000000000000000000000000000000000000000000000000000000000000000000F0000000000000000000000E20000E2ECECE20000000000E200000000E20000000000000F0000000000000000000000000000000000000000000000000000000000
310
00000000000000000000000000000F0000000000E200000000000F0000000000000000000000000000000000000000000000000000000000000000000000000000000000000000000000000F0000000000E200000000E200000000000F00000000000000000000000000000000000000000000000000000000000000000000
310
00000000000000000F00000000E20000000000000F0000000000000000000000000000000000000000000000000000000000000000000000000000000000000F0000000000000000000000E20000E2ECECE20000000000E200000000E20000000000000F000000000000000000000000000000000000000000000000000000
310
000000000000000000000000000000000F0000000000E200000000000F0000000000000000000000000000000000000000000000000000000000000000000000000000000000000000000000000F0000E2E2E2E200000000E200000000000F0000000000000000000000000000000000000000000000000000000000000000
310
000000000000000000000F00000000E20000000000000F0000000000000000000000000000000000000000000000000000000000000000000000000000000000000F0000000000000000000000E20000E2ECECE20000000000E200000000E20000000000000F00000000000000000000000000000000000000000000000000
310
0000000000000000000000000000000000000F0000000000E200000000000F0000000000000000000000000000000000000000000000000000000000000000000000000000000000000000000000000F0000E2E2E2E200000000E200000000000F000000000000000000000000000000000000000000000000000000000000
310
0000000000000000000000000F00000000E20000000000000F0000000000000000000000000000000000000000000000000000000000000000000000000000000000000F0000000000000000000000E20000E2ECECE20000000000E200000000E20000000000000F0000000000000000000000000000000000000000000000
310
00000000000000000000000000000000000000000F0000000000E200000000000F0000000000000000000000000000000000000000000000000000000000000000000000000000000000000000000000000F0000E2E2E2E200000000E200000000000F00000000000000000000000000000000000000000000000000000000
310
00000000000000000000000000000F00000000E20000000000000F0000000000000000000000000000000000000000000000000000000000000000000000000000000000000F0000000000000000000000E20000E2ECECE20000000000E200000000E20000000000000F000000000000000000000000000000000000000000
310
000000000000000000000000000000000000000000000F0000000000E200000000000F0000000000000000000000000000000000000000000000000000000000000000000000000000000000000000000000000F0000E2E2E2E200000000E200000000000F0000000000000000000000000000000000000000000000000000
310
000000000000000000000000000000000F00000000E20000000000000F0000000000000000000000000000000000000000000000000000000000000000000000000000000000000F0000000000000000000000E20000E2ECECE20000000000E200000000E20000000000000F00000000000000000000000000000000000000
310
0000000000000000000000000000000000000000000000000F0000000000E200000000000F0000000000000000000000000000000000000000000000000000000000000000000000000000000000000000000000000F0000000000E200000000E200000000000F000000000000000000000000000000000000000000000000
310
0000000000000000000000000000000000000F00000000E20000000000000F0000000000000000000000000000000000000000000000000000000000000000000000000000000000000F0000000000000000000000E20000E2ECECE20000000000E200000000E20000000000000F0000000000000000000000000000000000
310
00000000000000000000000000000000000000000000000000000F0000000000E200000000000F0000000000000000000000000000000000000000000000000000000000000000000000000000000000000000000000000F0000000000E200000000E200000000000F00000000000000000000000000000000000000000000
310
00000000000000000000000000000000000000000F00000000E20000000000000F0000000000000000000000000000000000000000000000000000000000000000000000000000000000000F0000000000000000000000E20000E2ECECE20000000000E200000000E20000000000000F000000000000000000000000000000
310
000000000000000000000000000000000000000000000000000000000F0000000000E200000000000F0000000000000000000000000000000000000000000000000000000000000000000000000000000000000000000000000F0000000000E200000000E200000000000F0000000000000000000000000000000000000000
310
000000000000000000000000000000000000000000000F00000000E20000000000000F0000000000000000000000000000000000000000000000000000000000000000000000000000000000000F0000000000000000000000E20000E2ECECE20000000000E200000000E20000000000000F00000000000000000000000000
310
0000000000000000000000000000000000000000000000000000000000000F0000000000E200000000000F0000000000000000000000000000000000000000000000000000000000000000000000000000000000000000000000000F0000000000E200000000E200000000000F000000000000000000000000000000000000
310
0000000000000000000000000000000000000000000000000F00000000E20000000000000F0000000000000000000000000000000000000000000000000000000000000000000000000000000000000F0000000000000000000000E20000E2ECECE20000000000E200000000E20000000000000F0000000000000000000000
310
00000000000000000000000000000000000000000000000000000000000000000F0000000000E200000000000F0000000000000000000000000000000000000000000000000000000000000000000000000000000000000000000000000F0000000000E200000000E200000000000F00000000000000000000000000000000
310
00000000000000000000000000000000000000000000000000000F00000000E20000000000000F0000000000000000000000000000000000000000000000000000000000000000000000000000000000000F0000000000000000000000E20000E2ECECE20000000000E200000000E20000000000000F000000000000000000
310
000000000000000000000000000000000000000000000000000000000000000000000F0000000000E200000000000F0000000000000000000000000000000000000000000000000000000000000000000000000000000000000000000000000F0000000000E200000000E200000000000F0000000000000000000000000000
310
000000000000000000000000000000000000000000000000000000000F00000000E20000000000000F0000000000000000000000000000000000000000000000000000000000000000000000000000000000000F0000000000000000000000E20000E2ECECE20000000000E200000000E20000000000000F00000000000000
310
0000000000000000000000000000000000000000000000000000000000000000000000000F0000000000E200000000000F0000000000000000000000000000000000000000000000000000000000000000000000000000000000000000000000000F0000000000E200000000E200000000000F000000000000000000000000
310
0000000000000000000000000000000000000000000000000000000000000F00000000E20000000000000F0000000000000000000000000000000000000000000000000000000000000000000000000000000000000F0000000000000000000000E20000E2ECECE20000000000E200000000E20000000000000F0000000000
310
00000000000000000000000000000000000000000000000000000000000000000000000000000F0000000000E200000000000F0000000000000000000000000000000000000000000000000000000000000000000000000000000000000000000000000F0000000000E200000000E200000000000F00000000000000000000
310
00000000000000000000000000000000000000000000000000000000000000000F00000000E20000000000000F0000000000000000000000000000000000000000000000000000000000000000000000000000000000000F0000000000000000000000E20000E2ECECE20000000000E200000000E20000000000000F000000
310
000000000000000000000000000000000000000000000000000000000000000000000000000000000F0000000000E200000000000F0000000000000000000000000000000000000000000000000000000000000000000000000000000000000000000000000F0000000000E200000000E200000000000F0000000000000000
310
000000000000000000000000000000000000000000000000000000000000000000000F00000000E20000000000000F0000000000000000000000000000000000000000000000000000000000000000000000000000000000000F0000000000000000000000E20000E2ECECE20000000000E200000000E20000000000000F00
310
0000000000000000000000000000000000000000000000000000000000000000000000000000000000000F0000000000E200000000000F0000000000000000000000000000000000000000000000000000000000000000000000000000000000000000000000000F0000000000E200000000E200000000000F000000000000
310
0000000000000000000000000000000000000000000000000000000000000000000000000F00000000E20000000000000F0000000000000000000000000000000000000000000000000000000000000000000000000000000000000F0000000000000000000000E20000E2ECECE20000000000E200000000E2000000000000
310
0F000000000000000000000000000000000000000000000000000000000000000000000000000000000000000F0000000000E200000000000F0000000000000000000000000000000000000000000000000000000000000000000000000000000000000000000000000F0000000000E200000000E200000000000F00000000
310
00000000000000000000000000000000000000000000000000000000000000000000000000000F00000000E20000000000000F0000000000000000000000000000000000000000000000000000000000000000000000000000000000000F0000000000000000000000E20000E2ECECE20000000000E200000000E200000000
310
00000F000000000000000000000000000000000000000000000000000000000000000000000000000000000000000F0000000000E200000000000F0000000000000000000000000000000000000000000000000000000000000000000000000000000000000000000000000F0000000000E200000000E200000000000F0000
310
000000000000000000000000000000000000000000000000000000000000000000000000000000000F00000000E20000000000000F0000000000000000000000000000000000000000000000000000000000000000000000000000000000000F0000000000000000000000E20000E2ECECE20000000000E200000000E20000
310
000000000F000000000000000000000000000000000000000000000000000000000000000000000000000000000000000F0000000000E200000000000F0000000000000000000000000000000000000000000000000000000000000000000000000000000000000000000000000F0000000000E200000000E200000000000F
310
0000000000000000000000000000000000000000000000000000000000000000000000000000000000000F00000000E20000000000000F0000000000000000000000000000000000000000000000000000000000000000000000000000000000000F0000000000000000000000E20000E2ECECE20000000000E200000000E2
310
0000000000000F000000000000000000000000000000000000000000000000000000000000000000000000000000000000000F0000000000E200000000000F000000000000000000000000000000000000000000000000000000000000000000000000000000000000000FE2E200000F0000000000E200000000E200000000
310
000F0000000000000000000000000000000000000000000000000000000000000000000000000000000000000F00000000E20000000000000F0000000000000000000000000000000000000000000000000000000000000000000000000000000000000F0000000000000000000000E20000E2ECECE20000000000E2000000
310
00E20000000000000F000000000000000000000000000000000000000000000000000000000000000000000000000000000000000F0000000000E200000000000F0000000000000000000000000000000000000000000000000000000000000000000000000000000000E2E2E2E2E2E2E2E2E2E2E2E2E2E2E2000000E20000
310
0000000F0000000000000000000000000000000000000000000000000000000000000000000000000000000000000F00000000E20000000000000F0000000000000000000000000000000000000000000000000000000000000000000000000000000000000F0000000000000000000000E20000E2ECECE20000000000E200
310
000000E20000000000000F000000000000000000000000000000000000000000000000000000000000000000000000000000000000000F0000000000E200000000000F000000000000000000000000000000000000000000000000000000000000000000000000000000E2E20000E200000000E20000000000E200000000E2
310
00000000000F0000000000000000000000000000000000000000000000000000000000000000000000000000000000000F00000000E20000000000000F0000000000000000000000000000000000000000000000000000000000000000000000000000000000000F0000000000000000000000E20000E2ECECE20000000000
310
E200000000E20000000000000F000000000000000000000000000000000000000000000000000000000000000000000000000000000000000F0000000000E200000000000F00000000000000000000000000000000000000000000000000000000000000000000000000E2E2E2000000E200000000E20000000000E2000000
310
00E200000000000F0000000000000000000000000000000000000000000000000000000000000000000000000000000000000F00000000E20000000000000F0000000000000000000000000000000000000000000000000000000000000000000000000000000000000F0000000000000000000000E20000E2ECECE2000000
310
0000E200000000E20000000000000F000000000000000000000000000000000000000000000000000000000000000000000000000000000000000F0000000000E200000000000F00000000000000000000000000000000000000000000000000000000000000000000000000E2E2E2E20000E200000000E20000000000E200
310
000000E200000000000F0000000000000000000000000000000000000000000000000000000000000000000000000000000000000F00000000E20000000000000F0000000000000000000000000000000000000000000000000000000000000000000000000000000000000F0000000000000000000000E20000E2ECECE200
310
00000000E200000000E20000000000000F000000000000000000000000000000000000000000000000000000000000000000000000000000000000000F0000000000E200000000000F0000000000000000000000000000000000000000000000000000000000000000000000000000E2E2E20000E200000000E20000000000
310
E200000000E200000000000F0000000000000000000000000000000000000000000000000000000000000000000000000000000000000F00000000E20000000000000F0000000000000000000000000000000000000000000000000000000000000000000000000000000000000F0000000000000000000000E20000E2ECEC
310
E20000000000E200000000E20000000000000F000000000000000000000000000000000000000000000000000000000000000000000000000000000000000F0000000000E200000000000F00000000000000000000000000000000000000000000000000000000000000000000000000000000000000E200000000E2000000
310
0000E200000000E200000000000F0000000000000000000000000000000000000000000000000000000000000000000000000000000000000F00000000E20000000000000F0000000000000000000000000000000000000000000000000000000000000000000000000000000000000F0000000000000000000000E20000E2
310
ECECE20000000000E200000000E20000000000000F000000000000000000000000000000000000000000000000000000000000000000000000000000000000000F0000000000E200000000000F00000000000000000000000000000000000000000000000000000000000000000000000000000000000000E2E2E2E2E2E2E2
310
00000000E200000000E200000000000F0000000000000000000000000000000000000000000000000000000000000000000000000000000000000F00000000E20000000000000F0000000000000000000000000000000000000000000000000000000000000000000000000000000000000F0000000000000000000000E200
310
00E2ECECE20000000000E200000000E20000000000000F000000000000000000000000000000000000000000000000000000000000000000000000000000000000000F0000000000E200000000000F00000000000000000000000000000000000000000000000000000000000000000000000000000000000000E2E2E2E200
310
E20000000000E200000000E200000000000F0000000000000000000000000000000000000000000000000000000000000000000000000000000000000F00000000E20000000000000F0000000000000000000000000000000000000000000000000000000000000000000000000000000000000F0000000000000000000000
310
E20000E2ECECE20000000000E200000000E20000000000000F000000000000000000000000000000000000000000000000000000000000000000000000000000000000000F0000000000E200000000000F0000000000000000000000000000000000000000000000000000000000000000000000000000000000000000E2E2
310
E2000F0000000000E200000000E200000000000F0000000000000000000000000000000000000000000000000000000000000000000000000000000000000F00000000E20000000000000F0000000000000000000000000000000000000000000000000000000000000000000000000000000000000F000000000000000000
310
0000E20000E2ECECE20000000000E200000000E20000000000000F000000000000000000000000000000000000000000000000000000000000000000000000000000000000000F0000000000E200000000000F0000000000000000000000000000000000000000000000000000000000000000000000000000000000000000
310
000000000F0000000000E200000000E200000000000F0000000000000000000000000000000000000000000000000000000000000000000000000000000000000F00000000E20000000000000F0000000000000000000000000000000000000000000000000000000000000000000000000000000000000F00000000000000
310
00000000E20000E2ECECE20000000000E200000000E20000000000000F000000000000000000000000000000000000000000000000000000000000000000000000000000000000000F0000000000E200000000000F000000000000000000000000000000000000000000000000000000000000000000000000000000000000
310
0000000000000F0000000000E200000000E200000000000F0000000000000000000000000000000000000000000000000000000000000000000000000000000000000F00000000E20000000000000F0000000000000000000000000000000000000000000000000000000000000000000000000000000000000F0000000000
310
000000000000E20000E2ECECE20000000000E200000000E20000000000000F000000000000000000000000000000000000000000000000000000000000000000000000000000000000000F0000000000E200000000000F00000000000000000000000000000000000000000000000000000000000000000000000000000000
310
00000000000000000F0000E2E2E2E200000000E200000000000F0000000000000000000000000000000000000000000000000000000000000000000000000000000000000F00000000E20000000000000F0000000000000000000000000000000000000000000000000000000000000000000000000000000000000F000000
310
0000000000000000E20000E2ECECE20000000000E200000000E20000000000000F000000000000000000000000000000000000000000000000000000000000000000000000000000000000000F0000000000E200000000000F0000000000000000000000000000000000000000000000000000000000000000000000000000
310
000000000000000000000F0000E2E2E2E200000000E200000000000F0000000000000000000000000000000000000000000000000000000000000000000000000000000000000F00000000E20000000000000F0000000000000000000000000000000000000000000000000000000000000000000000000000000000000F00
310
00000000000000000000E20000E2ECECE20000000000E200000000E20000000000000F000000000000000000000000000000000000000000000000000000000000000000000000000000000000000F0000000000E200000000000F000000000000000000000000000000000000000000000000000000000000000000000000
310
0000000000000000000000000F0000E2E2E2E200000000E200000000000F0000000000000000000000000000000000000000000000000000000000000000000000000000000000000F00000000E20000000000000F000000000000000000000000000000000000000000000000000000000000000000000000000000000000
310
0F0000000000000000000000E20000E2ECECE20000000000E200000000E20000000000000F000000000000000000000000000000000000000000000000000000000000000000000000000000000000000F0000E2E2E2E200000000000F00000000000000000000000000000000000000000000000000000000000000000000
310
00000000000000000000000000000F0000E2E2E2E200000000E200000000000F0000000000000000000000000000000000000000000000000000000000000000000000000000000000000F00000000E20000000000000F00000000000000000000000000000000000000000000000000000000000000000000000000000000
310
00000F0000000000000000000000E20000E2ECECE20000000000E200E2E2E2E20000000000000F000000000000000000000000000000000000000000000000000000000000000000000000000000000000000F0000E2E2E2E200000000000F0000000000000000000000000000000000000000000000000000000000000000
310
000000000000000000000000000000000F0000000000E200E2E2E2E200000000000F0000000000000000000000000000000000000000000000000000000000000000000000000000000000000F00E2E2E2E20000000000000F0000000000000000000000000000000000000000000000000000000000000000000000000000
310
000000000F0000000000000000000000E20000E2ECECE20000000000E200E2E2E2E20000000000000F000000000000000000000000000000000000000000000000000000000000000000000000000000000000000F0000E2E2E2E200000000000F000000000000000000000000000000000000000000000000000000000000
310
0000000000000000000000000000000000000F0000000000E200E2E2E2E200000000000F0000000000000000000000000000000000000000000000000000000000000000000000000000000000000F00E2E2E2E20000000000000F000000000000000000000000000000000000000000000000000000000000000000000000
310
0000000000000F0000000000000000000000E20000E2ECECE20000000000E200E2E2E2E20000000000000F000000000000000000000000000000000000000000000000000000000000000000000000000000000000000F0000E2E2E2E200000000000F00000000000000000000000000000000000000000000000000000000
310
00000000000000000000000000000000000000000F0000000000E200E2E2E2E200000000000F0000000000000000000000000000000000000000000000000000000000000000000000000000000000000F00E2E2E2E20000000000000F00000000000000000000000000000000000000000000000000000000000000000000
310
00000000000000000F0000000000000000000000E20000E2ECECE20000000000E200E2E2E2E20000000000000F000000000000000000000000000000000000000000000000000000000000000000000000000000000000000F0000E2E2E2E200000000000F0000000000000000000000000000000000000000000000000000
310
000000000000000000000000000000000000000000000F0000000000E200E2E2E2E200000000000F0000000000000000000000000000000000000000000000000000000000000000000000000000000000000F00E2E2E2E20000000000000F0000000000000000000000000000000000000000000000000000000000000000
310
000000000000000000000F0000000000000000000000E20000E2ECECE20000000000E200E2E2E2E20000000000000F000000000000000000000000000000000000000000000000000000000000000000000000000000000000000F0000000000E200000000000F000000000000000000000000000000000000000000000000
310
0000000000000000000000000000000000000000000000000F0000000000E200E2E2E2E200000000000F0000000000000000000000000000000000000000000000000000000000000000000000000000000000000F00E2E2E2E20000000000000F000000000000000000000000000000000000000000000000000000000000
310
0000000000000000000000000F0000000000000000000000E20000E2ECECE20000000000E200000000E20000000000000F000000000000000000000000000000000000000000000000000000000000000000000000000000000000000F0000000000E200000000000F00000000000000000000000000000000000000000000
310
00000000000000000000000000000000000000000000000000000F0000000000E200000000E200000000000F0000000000000000000000000000000000000000000000000000000000000000000000000000000000000F00000000E20000000000000F00000000000000000000000000000000000000000000000000000000
310
00000000000000000000000000000F0000000000000000000000E20000E2ECECE20000000000E200000000E20000000000000F000000000000000000000000000000000000000000000000000000000000000000000000000000000000000F0000000000E200000000000F0000000000000000000000000000000000000000
310
000000000000000000000000000000000000000000000000000000000F0000000000E200000000E200000000000F0000000000000000000000000000000000000000000000000000000000000000000000000000000000000F00000000E20000000000000F0000000000000000000000000000000000000000000000000000
310
000000000000000000000000000000000F0000000000000000000000E20000E2ECECE20000000000E200000000E20000000000000F0000000000000000000000000000008B8B8B8B8B8B000000000000000000000000000000000000000000000F0000000000E200000000000F000000000000000000000000000000000000
310
008B8B8B8B8B8B00000000000000000000000000000000000000000000000F0000000000E200000000E200000000000F0000000000000000000000000000000000008B8B8B8B8B8B8B00000000000000000000000000000000000F00000000E20000000000000F000000000000000000000000000000000000008B8B8B8B8B
310
8B8B000000000000000000000000000000000F0000000000000000000000E20000E2ECECE20000000000E200000000E20000000000000F0000000000000000000000000000008B8B8B8B8B8B000000000000000000000000000000000000000000000F0000000000E200000000000F00000000000000000000000000000000
310
0000008B8B8B8B8B8B00000000000000000000000000000000000000000000000F0000000000E200000000E200000000000F0000000000000000000000000000000000008B8B8B8B8B8B8B00000000000000000000000000000000000F00000000E20000000000000F000000000000000000000000000000000000008B8B8B
310
8B8B8B8B000000000000000000000000000000000F0000000000000000000000E20000E2ECECE20000000000E200000000E20000000000000F0000000000000000000000000000008B8B8B8B8B8B000000000000000000000000000000000000000000000F0000000000E200000000000F0000000000000000000000000000
310
00000000008B8B8B8B8B8B00000000000000000000000000000000000000000000000F0000000000E200000000E200000000000F0000000000000000000000000000000000008B8B8B8B8B8B8B00000000000000000000000000000000000F00000000E20000000000000F000000000000000000000000000000000000008B
310
8B8B8B8B8B8B000000000000000000000000000000000F0000000000000000000000E20000E2ECECE20000000000E200000000E20000000000000F0000000000000000000000000000008B8B8B8B8B8B000000000000000000000000000000000000000000000F0000000000E200000000000F000000000000000000000000
310
000000000000008B8B8B8B8B8B00000000000000000000000000000000000000000000000F0000000000E200000000E200000000000F0000000000000000000000000000000000008B8B8B8B8B8B8B00000000000000000000000000000000000F00000000E20000000000000F000000000000000000000000000000000000
310
008B8B8B8B8B8B8B000000000000000000000000000000000F0000000000000000000000E20000E2ECECE20000000000E200000000E20000000000000F000000000000000000000000000000000000000000000000000000000000000000000000000000000000000F0000000000E200000000000F00000000000000000000
310
0000000000000000000000000000000000000000000000000000000000000000000FE2E200000F0000000000E200000000E200000000000F0000000000000000000000000000000000000000000000000000000000000000000000000000000000000F00000000E20000000000000F00000000000000000000000000000000
310
00000000000000000000000000000000000000000000000000000F0000000000000000000000E20000E2ECECE20000000000E200000000E20000000000000F000000000000000000000000000000000000000000000000000000000000000000000000000000000000000F0000000000E200000000000F0000000000000000
310
000000000000000000000000000000000000000000000000000000000000000000E2E2E2E2E2E2E2E2E2E2E2E2E2E2E2000000E200000000000F0000000000000000000000000000000000000000000000000000000000000000000000000000000000000F00000000E20000000000000F0000000000000000000000000000
310
000000000000000000000000000000000000000000000000000000000F0000000000000000000000E20000E2ECECE20000000000E200000000E20000000000000F000000000000000000000000000000000000000000000000000000000000000000000000000000000000000F0000000000E200000000000F000000000000
310
000000000000000000000000000000000000000000000000000000000000000000E2E20000E200000000E200000000000000000000E200000000000F0000000000000000000000000000000000000000000000000000000000000000000000000000000000000F00000000E20000000000000F000000000000000000000000
310
0000000000000000000000000000000000000000000000000000000000000F0000000000000000000000E20000E2ECECE20000000000E200000000E20000000000000F000000000000000000000000000000000000000000000000000000000000000000000000000000000000000F0000000000E200000000000F00000000
310
000000000000000000000000000000000000000000000000000000000000000000E2E2E2E20000E200000000E200000000000000000000E200000000000F0000000000000000000000000000000000000000000000000000000000000000000000000000000000000F00000000E20000000000000F00000000000000000000
310
00000000000000000000000000000000000000000000000000000000000000000F0000000000000000000000E20000E2ECECE20000000000E200000000E20000000000000F000000000000000000000000000000000000000000000000000000000000000000000000000000000000000F0000000000E200000000000F0000
310
0000000000000000000000000000000000000000000000000000000000000000000000E2E2E2E20000E200000000E200000000000000000000E200000000000F0000000000000000000000000000000000000000000000000000000000000000000000000000000000000F00000000E20000000000000F0000000000000000
310
000000000000000000000000000000000000000000000000000000000000000000000F0000000000000000000000E20000E2ECECE20000000000E200000000E20000000000000F000000000000000000000000000000000000000000000000000000000000000000000000000000000000000F0000000000E200000000000F
310
0000000000000000000000000000000000000000000000000000000000000000000000000000E2E2E20000E200000000E200000000000000000000E200000000000F0000000000000000000000000000000000000000000000000000000000000000000000000000000000000F00000000E20000000000000F000000000000
310
0000000000000000000000000000000000000000000000000000000000000000000000000F0000000000000000000000E20000E2ECECE20000000000E200000000E20000000000000F000000000000000000000000000000000000000000000000000000000000000000000000000000000000000F0000000000E200000000
310
000F00000000000000000000000000000000000000000000000000000000000000000000000000000000000000E200000000E200000000000000000000E200000000000F0000000000000000000000000000000000000000000000000000000000000000000000000000000000000F00000000E20000000000000F00000000
310
00000000000000000000000000000000000000000000000000000000000000000000000000000F0000000000000000000000E20000E2ECECE20000000000E200000000E20000000000000F000000000000000000000000000000000000000000000000000000000000000000000000000000000000000F0000000000E20000
310
0000000F00000000000000000000000000000000000000000000000000000000000000000000000000000000000000E2E2E2E2E2E2E2000000000000000000E200000000000F0000000000000000000000000000000000000000000000000000000000000000000000000000000000000F00000000E20000000000000F0000
310
000000000000000000000000000000000000000000000000000000000000000000000000000000000F0000000000000000000000E20000E2ECECE20000000000E200000000E20000000000000F000000000000000000000000000000000000000000000000000000000000000000000000000000000000000F0000000000E2
310
00000000000F00000000000000000000000000000000000000000000000000000000000000000000000000000000000000E2E2E2E200E200000000000000000000E200000000000F0000000000000000000000000000000000000000000000000000000000000000000000000000000000000F00000000E20000000000000F
310
0000000000000000000000000000000000000000000000000000000000000000000000000000000000000F0000000000000000000000E20000E2ECECE20000000000E200000000E20000000000000F000000000000000000000000000000000000000000000000000000000000000000000000000000000000000F00000000
310
00E200000000000F0000000000000000000000000000000000000000000000000000000000000000000000000000000000000000E2E2E2000F00000000000000000000E200000000000F0000000000000000000000000000000000000000000000000000000000000000000000000000000000000F00000000E20000000000
310
000F0000000000000000000000000000000000000000000000000000000000000000000000000000000000000F0000000000000000000000E20000E2ECECE20000000000E200000000E20000000000000F000000000000000000000000000000000000000000000000000000000000000000000000000000000000000F0000
310
000000E200000000000F0000000000000000000000000000000000000000000000000000000000000000000000000000000000000000000000000F00000000000000000000E200000000000F0000000000000000000000000000000000000000000000000000000000000000000000000000000000000F00000000E2000000
310
0000000F0000000000000000000000000000000000000000000000000000000000000000000000000000000000000F0000000000000000000000E20000E2ECECE20000000000E200000000E20000000000000F000000000000000000000000000000000000000000000000000000000000000000000000000000000000000F
310
0000000000E200000000000F0000000000000000000000000000000000000000000000000000000000000000000000000000000000000000000000000F00000000000000000000E200000000000F0000000000000000000000000000000000000000000000000000000000000000000000000000000000000F00000000E200
310
00000000000F0000000000000000000000000000000000000000000000000000000000000000000000000000000000000F0000000000000000000000E20000E2ECECE20000000000E200000000E20000000000000F000000000000000000000000000000000000000000000000000000000000000000000000000000000000
310
000F0000000000E200000000000F0000000000000000000000000000000000000000000000000000000000000000000000000000000000000000000000000F00000000000000000000E200000000000F0000000000000000000000000000000000000000000000000000000000000000000000000000000000000F00000000
310
E20000000000000F0000000000000000000000000000000000000000000000000000000000000000000000000000000000000F0000000000000000000000E20000E2ECECE20000000000E200000000E20000000000000F00000000000000000000000000000000000000000000000000000000000000000000000000000000
310
0000000F0000000000E200000000000F0000000000000000000000000000000000000000000000000000000000000000000000000000000000000000000000000F00000000000000000000E200000000000F0000000000000000000000000000000000000000000000000000000000000000000000000000000000000F0000
310
0000E20000000000000F0000000000000000000000000000000000000000000000000000000000000000000000000000000000000F0000000000000000000000E20000E2ECECE20000000000E200000000E20000000000000F0000000000000000000000000000000000000000000000000000000000000000000000000000
310
00000000000F0000000000E200000000000F0000000000000000000000000000000000000000000000000000000000000000000000000000000000000000000000000F00000000000000000000E200000000000F0000000000000000000000000000000000000000000000000000000000000000000000000000000000000F
310
00000000E20000000000000F0000000000000000000000000000000000000000000000000000000000000000000000000000000000000F0000000000000000000000E20000E2ECECE20000000000E200000000E20000000000000F000000000000000000000000000000000000000000000000000000000000000000000000
310
000000000000000F0000000000E200000000000F0000000000000000000000000000000000000000000000000000000000000000000000000000000000000000000000000F00000000000000000000E200000000000F0000000000000000000000000000000000000000000000000000000000000000000000000000000000
310
000F00000000E20000000000000F0000000000000000000000000000000000000000000000000000000000000000000000000000000000000F0000000000000000000000E20000E2ECECE20000000000E200000000E20000000000000F00000000000000000000000000000000000000000000000000000000000000000000
310
0000000000000000000F0000000000E200000000000F0000000000000000000000000000000000000000000000000000000000000000000000000000000000000000000000000F00000000000000000000E200000000000F000000000000000000000000000000000000000000000000000000000000000000000000000000
310
0000000F00000000E20000000000000F0000000000000000000000000000000000000000000000000000000000000000000000000000000000000F0000000000000000000000E20000E2ECECE20000000000E200000000E20000000000000F0000000000000000000000000000000000000000000000000000000000000000
310
00000000000000000000000F0000000000E200000000000F0000000000000000000000000000000000000000000000000000000000000000000000000000000000000000000000000F00000000000000000000E200000000000F00000000000000000000000000000000000000000000000000000000000000000000000000
310
00000000000F00000000E20000000000000F0000000000000000000000000000000000000000000000000000000000000000000000000000000000000F0000000000000000000000E20000E2ECECE20000000000E200000000E20000000000000F000000000000000000000000000000000000000000000000000000000000
310
000000000000000000000000000F0000000000E200000000000F0000000000000000000000000000000000000000000000000000000000000000000000000000000000000000000000000F00000000000000000000E200000000000F0000000000000000000000000000000000000000000000000000000000000000000000
310
000000000000000F00000000E20000000000000F0000000000000000000000000000000000000000000000000000000000000000000000000000000000000F0000000000000000000000E20000E2ECECE20000000000E200000000E20000000000000F00000000000000000000000000000000000000000000000000000000
310
0000000000000000000000000000000F0000000000E200000000000F0000000000000000000000000000000000000000000000000000000000000000000000000000000000000000000000000F00000000000000000000E200000000000F000000000000000000000000000000000000000000000000000000000000000000
310
0000000000000000000F00000000E20000000000000F0000000000000000000000000000000000000000000000000000000000000000000000000000000000000F0000000000000000000000E20000E2ECECE20000000000E200000000E20000000000000F0000000000000000000000000000000000000000000000000000
310
00000000000000000000000000000000000F0000000000E200000000000F0000000000000000000000000000000000000000000000000000000000000000000000000000000000000000000000000F00000000000000000000E200000000000F00000000000000000000000000000000000000000000000000000000000000
310
00000000000000000000000F00000000E20000000000000F0000000000000000000000000000000000000000000000000000000000000000000000000000000000000F0000000000000000000000E20000E2ECECE20000000000E200000000E20000000000000F000000000000000000000000000000000000000000000000
310
000000000000000000000000000000000000000F0000000000E200000000000F0000000000000000000000000000000000000000000000000000000000000000000000000000000000000000000000000F00000000000000000000E200000000000F0000000000000000000000000000000000000000000000000000000000
310
000000000000000000000000000F00000000E20000000000000F0000000000000000000000000000000000000000000000000000000000000000000000000000000000000F0000000000000000000000E20000E2ECECE20000000000E200000000E20000000000000F00000000000000000000000000000000000000000000
310
0000000000000000000000000000000000000000000F0000000000E200000000000F0000000000000000000000000000000000000000000000000000000000000000000000000000000000000000000000000F00000000000000000000E200000000000F000000000000000000000000000000000000000000000000000000
310
0000000000000000000000000000000F00000000E20000000000000F0000000000000000000000000000000000000000000000000000000000000000000000000000000000000F0000000000000000000000E20000E2ECECE20000000000E200000000E20000000000000F0000000000000000000000000000000000000000
310
00000000000000000000000000000000000000000000000F0000000000E200000000000F0000000000000000000000000000000000000000000000000000000000000000000000000000000000000000000000000F00000000000000000000E200000000000F00000000000000000000000000000000000000000000000000
310
00000000000000000000000000000000000F00000000E20000000000000F0000000000000000000000000000000000000000000000000000000000000000000000000000000000000F0000000000000000000000E20000E2ECECE20000000000E200000000E20000000000000F000000000000000000000000000000000000
310
000000000000000000000000000000000000000000000000000F0000000000E200000000000F0000000000000000000000000000000000000000000000000000000000000000000000000000000000000000000000000F00000000000000000000E200000000000F0000000000000000000000000000000000000000000000
310
000000000000000000000000000000000000000F00000000E20000000000000F0000000000000000000000000000000000000000000000000000000000000000000000000000000000000F0000000000000000000000E20000E2ECECE20000000000E200000000E20000000000000F00000000000000000000000000000000
310
0000000000000000000000000000000000000000000000000000000F0000000000E200000000000F0000000000000000000000000000000000000000000000000000000000000000000000000000000000000000000000000F00000000000000000000E200000000000F000000000000000000000000000000000000000000
310
0000000000000000000000000000000000000000000F00000000E20000000000000F0000000000000000000000000000000000000000000000000000000000000000000000000000000000000F0000000000000000000000E20000E2ECECE20000000000E200000000E20000000000000F0000000000000000000000000000
310
00000000000000000000000000000000000000000000000000000000000F0000000000E200000000000F0000000000000000000000000000000000000000000000000000000000000000000000000000000000000000000000000F00000000000000000000E200000000000F00000000000000000000000000000000000000
310
00000000000000000000000000000000000000000000000F00000000E20000000000000F0000000000000000000000000000000000000000000000000000000000000000000000000000000000000F0000000000000000000000E20000E2ECECE20000000000E200000000E20000000000000F000000000000000000000000
310
000000000000000000000000000000000000000000000000000000000000000F0000000000E200000000000F0000000000000000000000000000000000000000000000000000000000000000000000000000000000000000000000000F00000000000000000000E200000000000F0000000000000000000000000000000000
310
000000000000000000000000000000000000000000000000000F00000000E20000000000000F0000000000000000000000000000000000000000000000000000000000000000000000000000000000000F0000000000000000000000E20000E2ECECE20000000000E200000000E20000000000000F00000000000000000000
310
0000000000000000000000000000000000000000000000000000000000000000000F0000000000E200000000000F0000000000000000000000000000000000000000000000000000000000000000000000000000000000000000000000000F00000000000000000000E200000000000F000000000000000000000000000000
310
0000000000000000000000000000000000000000000000000000000F00000000E20000000000000F0000000000000000000000000000000000000000000000000000000000000000000000000000000000000F0000000000000000000000E20000E2ECECE20000000000E200000000E20000000000000F0000000000000000
310
00000000000000000000000000000000000000000000000000000000000000000000000F0000000000E200000000000F0000000000000000000000000000000000000000000000000000000000000000000000000000000000000000000000000F00000000000000000000E200000000000F00000000000000000000000000
310
00000000000000000000000000000000000000000000000000000000000F00000000E20000000000000F0000000000000000000000000000000000000000000000000000000000000000000000000000000000000F0000000000000000000000E20000E2ECECE20000000000E200000000E20000000000000F000000000000
310
000000000000000000000000000000000000000000000000000000000000000000000000000F0000000000E200000000000F0000000000000000000000000000000000000000000000000000000000000000000000000000000000000000000000000F00000000000000000000E200000000000F0000000000000000000000
310
000000000000000000000000000000000000000000000000000000000000000F00000000E20000000000000F0000000000000000000000000000000000000000000000000000000000000000000000000000000000000F0000000000000000000000E20000E2ECECE20000000000E200000000E20000000000000F00000000
310
0000000000000000000000000000000000000000000000000000000000000000000000000000000F0000000000E200000000000F0000000000000000000000000000000000000000000000000000000000000000000000000000000000000000000000000F00000000000000000000E200000000000F000000000000000000
310
0000000000000000000000000000000000000000000000000000000000000000000F00000000E20000000000000F0000000000000000000000000000000000000000000000000000000000000000000000000000000000000F0000000000000000000000E20000E2ECECE20000000000E200000000E20000000000000F0000
310
00000000000000000000000000000000000000000000000000000000000000000000000000000000000F0000000000E200000000000F0000000000000000000000000000000000000000000000000000000000000000000000000000000000000000000000000F00000000000000000000E200000000000F00000000000000
310
00000000000000000000000000000000000000000000000000000000000000000000000F00000000E20000000000000F0000000000000000000000000000000000000000000000000000000000000000000000000000000000000F0000000000000000000000E20000E2ECECE20000000000E200000000E20000000000000F
310
000000000000000000000000000000000000000000000000000000000000000000000000000000000000000F0000000000E200000000000F0000000000000000000000000000000000000000000000000000000000000000000000000000000000000000000000000F00000000000000000000E200000000000F0000000000
310
000000000000000000000000000000000000000000000000000000000000000000000000000F00000000E20000000000000F0000000000000000000000000000000000000000000000000000000000000000000000000000000000000F0000000000000000000000E20000E2ECECE20000000000E200000000E20000000000
310
000F000000000000000000000000000000000000000000000000000000000000000000000000000000000000000F0000000000E200000000000F0000000000000000000000000000000000000000000000000000000000000000000000000000000000000000000000000F00000000000000000000E200000000000F000000
310
0000000000000000000000000000000000000000000000000000000000000000000000000000000F00000000E20000000000000F0000000000000000000000000000000000000000000000000000000000000000000000000000000000000F0000000000000000000000E20000E2ECECE20000000000E200000000E2000000
310
0000000F000000000000000000000000000000000000000000000000000000000000000000000000000000000000000F0000000000E200000000000F0000000000000000000000000000000000000000000000000000000000000000000000000000000000000000000000000F00000000000000000000E200000000000F00
310
00000000000000000000000000000000000000000000000000000000000000000000000000000000000F00000000E20000000000000F0000000000000000000000000000000000000000000000000000000000000000000000000000000000000F0000000000000000000000E20000E2ECECE20000000000E200000000E200
310
00000000000F000000000000000000000000000000000000000000000000000000000000000000000000000000000000000F0000000000E200000000000F00000FE20000000000000000000000000000000000000000E2E2000000000000000000000000000000000000000FE2000F00000000000000000000E20000000000
310
0F0000000000000000000000000000000000000000000000000000000000000000000000000000000000000F00000000E20000000000000F0000000000000000000000000000000000000000000000000000000000000000000000000000000000000F0000000000000000000000E20000E2ECECE20000000000E200000000
310
E20000000000000F000000000000000000000000000000000000000000000000000000000000000000000000000000000000000F0000000000E200000000000FE20FE20FE20000000000000000000000000000000000E2E2E20FE200000000000000000000000000000000E20FE20FE20F00000000000000000000E2000000
310
00000F0000000000000000000000000000000000000000000000000000000000000000000000000000000000000F00000000E20000000000000F0000000000000000000000000000000000000000000000000000000000000000000000000000000000000F0000000000000000000000E20000E2ECECE20000000000E20000
310
0000E20000000000000F000000000000000000000000000000000000000000000000000000000000000000000000000000000000000F0000000000E2E2000000000FE2000F0FE20000000000000000000000000000000000E20F0F00E200000000000000000000000000000000E20F0F00E20F00000000000000000000E200
310
000000000F0000000000000000000000000000000000000000000000000000000000000000000000000000000000000F00000000E20000000000000F0000000000000000000000000000000000000000000000000000000000000000000000000000000000000F0000000000000000000000E20000E2ECECE20000000000E2
310
00000000E20000000000000F000000000000000000000000000000000000000000000000000000000000000000000000000000000000000F0000000000E2E2E2E2E2E2E2E2E20F0FE2E20F0F0F0F0F0F0F0F0F0F0F0F0F0F0F0FE2E20F0FE20F0F0F0F0F0F0F0F0F0F0F0F0F0F0FE2E20F0F0FE2E200000000000000000000
310
E200000000000F0000000000000000000000000000000000000000000000000000000000000000000000000000000000000F00000000E2E200000000000F0000000000000000000000000000000000000000000000000000000000000000000000000000000000000F0000000000000000000000E20000E2ECECE200000000
310
00E2000000E2E2E2E2E2E2E2E2E20F0F0F0F0F0F0F0F0F0F0F0F0F0F0F0F0F0F0F0F0F0F0F0F0F0F0F0F0F0F0F0F0F0F0F0F0F0F0F0F0F0F0F0F0000000000000000000000E20000E2E200E2000000000000000000000000000000000000E2E2E200000000000000000000000000E2E2000000E2E200E20000000000000000
310
00E2E2E2E2E2E2E2E20F0F0F0F0F0F0F0F0F0F0F0F0F0F0F0F0F0F0F0F0F0F0F0F0F0F0F0F0F0F0F0F0F0F0F0F0F0F0F0F0F0F0F000000E2E2E2E2E2E2E2E2E20F0F0F0F0F0F0F0F0F0F0F0F0F0F0F0F0F0F0F0F0F0F0F0F0F0F0F0F0F0F0F0F0F0F0F0F0F0F0F0F0F0F0F0000000000000000000000E20000E2ECECE20000
310
000000E200000000000000000000000000000000000000000000000000000000000000000000000000000000000000000000000000000000000000000000000000000000000000E20000E20000E2E2E200000000000000000000000000000000E200E2E2E20000000000E2E2E20000E20000000000E20000E2000000000000
310
000000000000000000000000000000000000000000000000000000000000000000000000000000000000000000000000000000000000000000000000000000000000000000000000000000000000000000000000000000000000000000000000000000000000000000000000000000000000000000000000E20000E2ECECE2
310
0000000000E200000000000000000000000000000000000000000000000000000000000000000000000000000000000000000000000000000000000000000000000000000000000000E20000E20000E2E2E200000000000000000000000000000000E200E2E2E20000000000E2E2E2E2E2000000000000E20000E200000000
310
0000000000000000000000000000000000000000000000000000000000000000000000000000000000000000000000000000000000000000000000000000000000000000000000000000000000000000000000000000000000000000000000000000000000000000000000000000000000000000000000000000E20000E2EC
310
ECE20000000000E200000000000000000000000000000000000000000000000000000000000000000000000000000000000000000000000000000000000000000000000000000000000000E20000E20000E2E2E200000000000000000000000000000000E200E2E2E20000000000E2E2E20000000000000000E20000E20000
310
00000000000000000000000000000000000000000000000000000000000000000000000000000000000000000000000000000000000000000000000000000000000000000000000000000000000000000000000000000000000000000000000000000000000000000000000000000000000000000000000000000000E20000
310
E2ECECE20000000000E200000000000000000000000000000000000000000000000000000000000000000000000000000000000000000000000000000000000000000000000000000000000000E20000E2000000E2E200000000000000000000000000000000E20000E2E20000000000E2E2E20000000000000000E20000E2
310
000000000000000000000000000000000000000000000000000000000000000000000000000000000000000000000000000000000000000000000000000000000000000000000000000000000000000000000000000000000000000000000000000000000000000000000000000000000000000000000000000000000000E2
310
0000E2ECECE20000000000E20000000000000000000000000000000000000000000000000000000000000000000000000000000000000000000000000000000000000000000000000000E2E20000E2E20000E20000000000000000E2E2E2E20000000000000000E2E200000000000000000000000000000000000000E2E2E2
310
E2E20000000000000000000000000000000000000000000000000000000000000000000000000000000000000000000000000000000000000000000000000000000000000000000000000000000000000000000000000000000000000000000000000000000000000000000000000000000000000000000000000000000000
310
00E20000E2ECECE20000000000E20000000000000000000000000000000000000000000000000000000000000000000000000000000000000000000000000000000000000000000000000000E2E2E2E2E2E2E2E2E2E2E2E2E2E2E2E2E2E2E2E2E2E2E2E2E2E2E2E2E2E2E20000000000000000000000000000000000000000
310
E2E2E2E2E20000000000000000000000000000000000000000000000000000000000000000000000000000000000000000000000000000000000000000000000000000000000000000000000000000000000000000000000000000000000000000000000000000000000000000000000000000000000000000000000000000
310
000000E20000E2ECECE20000000000E20000000000000000000000000000000000000000000000000000000000000000000000000000000000000000000000000000000000000000000000000000E2E2000000000000000000000000000000E2E2E2E200000000000000000000000000000000000000000000000000000000
310
0000E2E2E20000000000000000000000000000000000000000000000000000000000000000000000000000000000000000000000000000000000000000000000000000000000000000000000000000000000000000000000000000000000000000000000000000000000000000000000000000000000000000000000000000
310
0000000000E20000E2ECECE20000000000E20000000000000000000000000000000000000000000000000000000000000000000000000000000000000000000000000000000000000000000000000000E2E2000000000000000000000000000000E2E2E2E20000000000000000000000000000000000000000000000000000
310
00000000E2E2E2000000000000000000000000000000000000000000000000000000000000000000000000000000000000000000000000000000000000000000000000000000000000000000000000000000000000000000000000000000000000000000000000000000000000000000000000000000000000000000000000
310
00000000000000E20000E2ECECE20000000000E20000000000000000000000000000000000000000000000000000000000000000000000000000000000000000000000000000000000000000000000000000000000000000000000000000000000000000000000000000000000000000000000000000000000000000000000
310
00000000000000000000000000000000000000000000000000000000000000000000000000000000000000000000000000000000000000000000000000000000000000000000000000000000000000000000000000000000000000000000000000000000000000000000000000000000000000000000000000000000000000
310
000000000000000000E20000E2ECECE20000000000E2000000000000000000000000000000000000000000000000000000000000000000000000000000000000000000000000000000000000000000000000000000000000000000000000000000000000000000000000000000000000000000000000000000000000000000
310
00000000000000000000000000000000000000000000000000000000000000000000000000000000000000000000000000000000000000000000000000000000000000000000000000000000000000000000000000000000000000000000000000000000000000000000000000000000000000000000000000000000000000
310
0000000000000000000000E20000E2ECECE20000000000E200000000000000000000000000000000000000000000000000000000000000000000000000000000000000000000000000000000000000000000000000000000000000000000000000000000000000000000000000000000000000000000000000000000000000
310
00000000000000000000000000000000000000000000000000000000000000000000000000000000000000000000000000000000000000000000000000000000000000000000000000000000000000000000000000000000000000000000000000000000000000000000000000000000000000000000000000000000000000
310
00000000000000000000000000E20000E2ECECE2E2E2E2E2E2E2E2E2E2E2E2E2E2E2E2E2E2E2E2E2E2E2E2E2E2E2E2E2E2E2E2E2E2E2E2E2E2E2E2E2E2E2E2E2E2E2E2E2E2E2E2E2E2E2E2E2E2E2E2E2E2E2E2E2E2E2E2E2E2E2E2E2E2E2E2E2E2E2E2E2E2E2E2E2E2E2E2E2E2E2E2E2E2E2E2E2E2E2E2E2E2E2E2E2E2E2E2
310
E2E2E2E2E2E2E2E2E2E2E2E2E2E2E2E2E2E2E2E2E2E2E2E2E2E2E2E2E2E2E2E2E2E2E2E2E2E2E2E2E2E2E2E2E2E2E2E2E2E2E2E2E2E2E2E2E2E2E2E2E2E2E2E2E2E2E2E2E2E2E2E2E2E2E2E2E2E2E2E2E2E2E2E2E2E2E2E2E2E2E2E2E2E2E2E2E2E2E2E2E2E2E2E2E2E2E2E2E2E2E2E2E2E2E2E2E2E2E2E2E2E2E2E2E2E2E2
310
E2E2E2E2E2E2E2E2E2E2E2E2E2E2E2E2E2E2E2E2E2E20000000000E2E2E2E2E2E2E2E2E2E2E2E2E2E2E2E2E2E2E2E2E2E2E2E2E2E2E2E2E2E2E2E2E2E2E2E2E2E2E2E2E2E2E2E2E2E2E2E2E2E2E2E2E2E2E2E2E2E2E2E2E2E2E2E2E2E2E2E2E2E2E2E2E2E2E2E2E2E2E2E2E2E2E2E2E2E2E2E2E2E2E2E2E2E2E2E2E2E2E2E2
310
E2E2E2E2E2E2E2E2E2E2E2E2E2E2E2E2E2E2E2E2E2E2E2E2E2E2E2E2E2E2E2E2E2E2E2E2E2E2E2E2E2E2E2E2E2E2E2E2E2E2E2E2E2E2E2E2E2E2E2E2E2E2E2E2E2E2E2E2E2E2E2E2E2E2E2E2E2E2E2E2E2E2E2E2E2E2E2E2E2E2E2E2E2E2E2E2E2E2E2E2E2E2E2E2E2E2E2E2E2E2E2E2E2E2E2E2E2E2E2E2E2E2E2E2E2E2E2
310
E2E2E2E2E2E2E2E2E2E2E2E2E2E2E2E2E2E20000E2ECECE200000000000000000000000000000000000000000000000000000000000000000000000000000000000000000000000000000000000000000000000000000000000000000000000000000000000000000000000000000000000000000000000000000000000000
310
00000000000000000000000000000000000000000000000000000000000000000000000000000000000000000000000000000000000000000000000000000000000000000000000000000000000000000000000000000000000000000000000000000000000000000000000000000000000000000000000000000000000000
310
00000000000000000000000000000000000000000000E2ECECE2EAEAEAEAEAEAEAEAEAEAEAEAEAEAEAEAEAEAEAEAEAEAEAEAEAEAEAEAEAEAEAEAEAEAEAEAEAEAEAEAEAEAEAEAEAEAEAEAEAEAEAEAEAEAEAEAEAEAEAEAEAEAEAEAEAEAEAEAEAEAEAEAEAEAEAEAEAEAEAEAEAEAEAEAEAEAEAEAEAEAEAEAEAEAEAEAEAEAEAEAEA
310
EAEAEAEAEAEAEAEAEAEAEAEAEAEAEAEAEAEAEAEAEAEAEAEAEAEAEAEAEAEAEAEAEAEAEAEAEAEAEAEAEAEAEAEAEAEAEAEAEAEAEAEAEAEAEAEAEAEAEAEAEAEAEAEAEAEAEAEAEAEAEAEAEAEAEAEAEAEAEAEAEAEAEAEAEAEAEAEAEAEAEAEAEAEAEAEAEAEAEAEAEAEAEAEAEAEAEAEAEAEAEAEAEAEAEAEAEAEAEAEAEAEAEAEAEAEAEA
310
EAEAEAEAEAEAEAEAEAEAEAEAEAEAEAEAEAEAEAEAEAEAEAEAE2ECEC
  0
XRECORD
  5
8D79A
102
{ACAD_REACTORS
330
8B515
102
}
330
8B515
100
AcDbXrecord
280
     1
310
2800000000010000B4000000010008000000000000B4000000000000000000000000000000000000FFFFFF00FFFFFF00FFFFFF000000000000000000000000000000000000000000000000000000000000000000330000006600000099000000CC000000FF00000000330000333300006633000099330000CC330000FF3300
310
0000660000336600006666000099660000CC660000FF66000000990000339900006699000099990000CC990000FF99000000CC000033CC000066CC000099CC0000CCCC0000FFCC000000FF000033FF000066FF000099FF0000CCFF0000FFFF000000003300330033006600330099003300CC003300FF003300003333003333
310
33006633330099333300CC333300FF33330000663300336633006666330099663300CC663300FF66330000993300339933006699330099993300CC993300FF99330000CC330033CC330066CC330099CC3300CCCC3300FFCC330000FF330033FF330066FF330099FF3300CCFF3300FFFF330000006600330066006600660099
310
006600CC006600FF00660000336600333366006633660099336600CC336600FF33660000666600336666006666660099666600CC666600FF66660000996600339966006699660099996600CC996600FF99660000CC660033CC660066CC660099CC6600CCCC6600FFCC660000FF660033FF660066FF660099FF6600CCFF6600
310
FFFF660000009900330099006600990099009900CC009900FF00990000339900333399006633990099339900CC339900FF33990000669900336699006666990099669900CC669900FF66990000999900339999006699990099999900CC999900FF99990000CC990033CC990066CC990099CC9900CCCC9900FFCC990000FF99
310
0033FF990066FF990099FF9900CCFF9900FFFF99000000CC003300CC006600CC009900CC00CC00CC00FF00CC000033CC003333CC006633CC009933CC00CC33CC00FF33CC000066CC003366CC006666CC009966CC00CC66CC00FF66CC000099CC003399CC006699CC009999CC00CC99CC00FF99CC0000CCCC0033CCCC0066CC
310
CC0099CCCC00CCCCCC00FFCCCC0000FFCC0033FFCC0066FFCC0099FFCC00CCFFCC00FFFFCC000000FF003300FF006600FF009900FF00CC00FF00FF00FF000033FF003333FF006633FF009933FF00CC33FF00FF33FF000066FF003366FF006666FF009966FF00CC66FF00FF66FF000099FF003399FF006699FF009999FF00CC
310
99FF00FF99FF0000CCFF0033CCFF0066CCFF0099CCFF00CCCCFF00FFCCFF0000FFFF0033FFFF0066FFFF0099FFFF00CCFFFF00FFFFFF00000000000D0D0D001A1A1A00282828003535350043434300505050005D5D5D006B6B6B00787878008686860093939300A1A1A100AEAEAE00BBBBBB00C9C9C900D6D6D600E4E4E400
310
F1F1F100FFFFFF0000000000000000000000000000000000000000000000000000000000000000000000000000000000E2E2E2E2E2E2E2E2E2E2E2E2E2E2E2E2E2E2E2E2E2E2E2E2E2E2E2E2E2E2E2E2E2E2E2E2E2E2E2E2E2E2E2E2E2E2E2E2E2E2E2E2E2E2E2E2E2E2E2E2E2E2E2E2E2E2E2E2E2E2E2E2E2E2E2E2E2E2E2
310
E2E2E2E2E2E2E2E2E2E2E2E2E2E2E2E2E2E2E2E2E2E2E2E2E2E2E2E2E2E2E2E2E2E2E2E2E2E2E2E2E2E2E2E2E2E2E2E2E2E2E2E2E2E2E2E2E2E2E2E2E2E2E2E2E2E2E2E2E2E2E2E2E2E2E2E2E2E2E2E2E2E2E2E2E2E2E2E2E2E2E2E2E2E2E2E2E2E2E2E2E2E2E2E2E2E2E2E2E2E2E2E2E2E2E2E2E2E2E2E2E2E2E2E2E2E2E2
310
E2E2E2E2E2E2E2E2E2E2E2E2E2E2E2E2E2E2E2E2E2E2E2E2E2E2E2E2E2E2E2E2E2E2E2E2E2E2E2E2E2E2E2E2E2E2E2E2ECECE2EAEAEAEAEAEAEAEAEAEAEAEAEAEAEAEAEAEAEAEAEAEAEAEAEAEAEAEAEAEAEAEAEAEAEAEAEAEAEAEAEAEAEAEAEAEAEAEAEAEAEAEAEAEAEAEAEAEAEAEAEAEAEAEAEAEAEAEAEAEAEAEAEAEAEAEA
310
EAEAEAEAEAEAEAEAEAEAEAEAEAEAEAEAEAEAEAEAEAEAEAEAEAEAEAEAEAEAEAE2EAEAEAEAEAEAEAEAEAEAEAEAEAEAEAEAEAEAEAEAEAEAEAEAEAEAEAEAEAEAEAEAEAEAEAEAEAEAEAEAEAEAEAEAEAEAEAEAEAEAEAEAEAEAEAEAEAEAEAEAEAEAEAEAEAEAEAEAEAEAEAEAEAEAEAEAEAEAEAEAEAEAEAEAEAEAEAEAEAEAEAEAEAEAEA
310
EAEAEAEAEAEAEAEAEAEAEAEAEAEAEAEAEAEAEAEAEAEAEAEAEAEAEAEAEAEAEAEAEAEAEAEAEAEAEAEAEAEAEAEAEAEAEAEAEAE2ECECE20000000000000000000000000000000000000000000000000000000000000000000000000000000000000000000000000000000000000000000000000000000000000000000000000000
310
000000000000000000000000000000000000000000000000000000000000000000E2000000000000000000000000000000000000000000000000000000000000000000000000000000000000000000000000000000000000000000000000000000000000000000000000000000000000000000000000000000000000000000
310
000000000000000000000000000000000000000000000000000000000000000000000000000000000000000000000000000000E2ECECE20000000000E2E2E2E2E2E2E2E2E2E2E2E2E2E2E2E2E2E2E2E2E2E2E2E2E2E2E2E2E2E2E2E2E2E2E2E2E2E2E2E2E2E2E2E2E2E2E2E2E2E2E2E2E2E2E2E2E2E2E2E2E2E2E2E2E2E2E2
310
E2E2E2E2E2E2E2E2E2E2E2E2E2E2E2E2E2E2E2E2E2E2E2E2E2E2E2E2E2E2E2E2E2E2E2E2E2E2E2E2E2E2E2E2E2E2E2E2E2E2E2E2E2E2E2E2E2E2E2E2E2E2E2E2E2E2E2E2E2E2E2E2E2E2E2E2E2E2E2E2E2E2E2E2E2E2E2E2E2E2E2E2E2E2E2E2E2E2E2E2E2E2E2E2E2E2E2E2E2E2E2E2E2E2E2E2E2E2E2E2E2E2E2E2E2E2E2
310
E2E2E2E2E2E2E2E2E2E2E2E2E2E2E2E2E2E2E2E2E2E2E2E2E2E2E2E2E2E2E2E2E2E2E2E2E2E2E2E2E2E2E2E2E2E2E2E2E2E2E20000E2ECECE20000000000E200000000000000000000000000000000000000000000000000000000000000000000000000000000000000000000000000000000000000000000000000000000
310
00000000000000000000000000000000000000000000000000000000000000000000000000E20000000000000000000000000000000000000000000000000000000000000000000000000000000000000000000000000000000000000000000000000000000000000000000000000000000000000000000000000000000000
310
00000000000000000000000000000000000000E20000000000000000000000000000000000000000000000000000000000000000E20000E2ECECE20000000000E20000000000000000000000000000000000000000000000000000000000000000000000000000000000000000000000000000000000000000000000000000
310
000000000000000000000000000000000000000000000000000000000000000000000000000000E2000000000000000000000000000000000000000000000000000000000000000000000000000000000000000000000000000000000000000000000000000000000000000000000000000000000000000000000000000000
310
000000000000000000000000000000000000000000E20000E2E2E2E2E2E2E2E2E2E2E2E2E2E2E2E2E2E2E2E2E2E2E2E2E2E2E2E2E2E2E2E2E2F1ECECE20000000000E2000000000000000000000000000000000000000000000000000000000000000000000000000000000000000000000000000000000000000000000000
310
0000000000000000000000000000000000000000000000000000000000000000000000000000000000E200000000000000000000000000000000000000000000000000000000000000000000000000000000000000000000000000000000000000000000000000000000000000000000000000000000000000000000000000
310
0000000000000000000000000000000000000000000000E20000E2E2E2E2E2E2E2E2E2E2E2E2E2E2E2E2E2E2E2E2E2E2E2E2E2E2E2E2E2E2E2E2E2F1ECECE20000000000E200000000000000000000000000000000000000000000000000000000000000000000000000000000000000000000000000000000000000000000
310
00000000000000000000000000000000000000000000000000000000000000000000000000000000000000E20000000000000000000000000000000000000000000000000000000000000000000000000000000000000000000000000000000000000000000000000000000000000000000000000000000000000000000000
310
00000000000000000000000000000000000000000000000000E20000E2E2E2E2E2E2E2E2E2E2E2E2E2E2E2E2E2E2E2E2E2E2E2E2E2E2E2E2E2E2E2E2E2F1ECECE20000000000E20000000000000000E2E2E2E2E2E2E2E2E2E2E2E2E2E2E2E2E2E2E2E2E2E2E2E2E2E2E2E2E2E2E2E2E2E2E2E2E2E2E2E2E2E2E2E2E2E2E2E2
310
E2E2E2E2E2E2E2E2E2E2E2E2E2E2E2E2E2E2E2E2E2E2E2E2000000000000000000000000000000000000000000E2000000000000000000000000000000000000000000000000000000000000000000000000000000000000000000000000000000000000000000000000000000000000000000000000000000000000000000
310
000000000000000000000000000000000000000000000000000000E20000E2E2E2E2E2E2E2E2E2E2E2E2E2E2E2E2E2E2E2E2E2E2E2E2E2E2E2E2E2E2E2E2E2F1ECECE20000000000E20000000000000000E2E2E2E2E2E2E2E2E2E2E2E2E2E2E2E2E2E2E2E2E2E2E2E2E2E2E2E2E2E2E2E2E2E2E2E2E2E2E2E2E2E2E2E2E2E2
310
E2E2E2E2E2E2E2E2E2E2E2E2E2E2E2E2E2E2E2E2E2E2E2E2E2E2000000000000000000000000000000000000000000E200000000000000000000000000000000000000000000000000000000000000000000000000000000000000000000000000000000000000000000000000000000000000000000000000000000000000
310
0000000000000000000000000000000000000000000000000000000000E20000F1F1F1F1F1F1F1F1F1F1F1F1F1F1F1F1F1F1F1F1F1F1F1F1F1F1F1F1F1F1E2F1F1F1ECECE20000000000E20000000000000000E2E2E2E2E2E2E2E2E2E2E2E2E2E2E2E2E2E2E2E2E2E2E2E2E2E2E2E2E2E2E2E2E2E2E2E2E2E2E2E2E2E2E2E2
310
E2E2E2E2E2E2E2E2E2E2E2E2E2E2E2E2E2E2E2E2E2E2E2E2E2E2E2E2000000000000000000000000000000000000000000E20000000000000000000000000000000000000000000000000000000000000000000000000000000000000000000000000000000000000000000000000000000000000000000000000000000000
310
00000000000000000000000000000000000000000000000000000000000000E2E2E2E2E2E2E2E2E2E2E2E2E2E2E2E2E2E2E2E2E2E2E2E2E2E2E2E2E2E2E2E2E2E20000E2ECECE20000000000E20000000000000000E2E2E2E2E2E2E2E2E2E2E2E2E2E2E2E2E2E2E2E2E2E2E2E2E2E2E2E2E2E2E2E2E2E2E2E2E2E2E2E2E2E2
310
E2E2E2E2E2E2E2E2E2E2E2E2E2E2E2E2E2E2E2E2E2E2E2E2E2E2E2E2E2E2000000000000000000000000000000000000000000E2000000000000000000000000000000000000000000000000000000000000000000000000000000000000000000000000000000000000000000000000000000000000000000000000000000
310
0000000000000000000000000000000000000000000000000000000000000000000000E2000000000000000000000000000000000000000000000000000000000000E20000E2ECECE20000000000E2000000000000000000000000000000000000000000000000000000000000000000000000000000000000000000000000
310
0000000000000000000000000000000000000000000000000000000000000000000000000000000000000000000000000000000000E200000000000000000000000000000000000000000000000000000000000000000000000000000000000000000000000000000000000000000000000000000000000000000000000000
310
0000000000000000000000E20000000000000000000000000000000000000000000000000000000000000000000000000000000000000000000000000000000000000000E20000E2ECECE20000000000E200000000000000000000000000000000000000000000000000000000000000000000000000000000000000000000
310
00000000000000000000000000000000000000000000000000000000000000000000000000000000000000000000000000000000000000E20000000000000000000000000000000000000000000000000000000000000000000000000000000000000000000000000000000000000000000000000000000000000000000000
310
00000000000000E2E2000000000000000000000000000000000000000000000000000000000000000000E2000000000000000000000000000000000000000000000000000000E20000E2ECECE20000000000E20000000000000000000000000000000000000000000000000000000000000000000000000000000000000000
310
000000000000000000000000000000000000000000000000000000000000000000000000000000000000000000000000000000000000000000E2000000000000000000000000000000000000000000000000000000000000000000000000000000000000000000000000000000000000000000000000000000000000000000
310
0000000000000000E2E2E2E200000000000000000000000000000000000000000000000000000000000000E2E2E20000000000000000000000000000000000000000000000000000E20000E2ECECE20000000000E2000000000000000000000000000000000000000000000000000000000000000000000000000000000000
310
0000000000000000000000000000000000000000000000000000000000000000000000000000000000000000000000000000000000000000000000E200000000000000000000000000000000000000000000000000000000000000000000000000000000000000000000000000000000000000000000000000000000000000
310
00000000000000000000E2E2E2E20000E2000000000000000000000000000000000000000000000000000000E2E2E2E2E200000000000000000000000000000000000000000000000000E20000E2ECECE20000000000E200000000000000000000000000000000000000000000000000000000000000000000000000000000
310
00000000000000000000000000000000000000000000000000000000000000000000000000000000000000000000000000000000000000000000000000E20000000000000000000000000000000000000000000000000000000000000000000000000000000000000000000000000000000000000000000000000000000000
310
0000000000000000000000E2E2E2E20000E2E20000000000000000000000000000000000000000E2000000E2E2E2E2E2E2E2E2E200000000000000000000000000E2000F0000000000000000E20000E2ECECE20000000000E20000000000000000000000000000000000000000000000000000000000000000000000000000
310
000000000000000000000000000000000000000000000000000000000000000000000000000000000000000000000000000000000000000000000000000000E200000000000000000000000000000000000000000000000000000000000000000000000000000000000000000000000000000000000000000000000000000F
310
0000E200000000000000000000E200E2E200E2E2E2E200000000E20000000000000000000000E2E2E2E2E2E2E2E2E2E2E2E2E2E20000E2000000000F0F0F0FE2E2E2E2E20F0F0F00000000000000E20000E2ECECE20000000000E2000000000000000000000000000000000000000000000000000000000000000000000000
310
0000000000000000000000000000000000000000000000000000000000000000000000000000000000000000000000000000000000000000000000000000000000E200000000000000000000000000000000000000000000000000000000000000000000000000000000000000000000000000000000000000000000000000
310
0F0F0FE2E2E20F0F0F0F0F0F0F0000E2E2E2E2E2E2E2E2E2E2E2E2E2E20000000000000000000000E2E2E2E200000000E2E2E2E2E2E2000000E2000F0F00000000E2E2E2E2E20000000F000000000000E20000E2ECECE20000000000E200000000000000000000000000000000000000000000000000000000000000000000
310
00000000000000000000000000000000000000000000000000000000000000000000000000000000000000000000000000000000000000000000000000000000000000E20000000000000000000000000000000000000000000000000000000000000000000000000000000000000000000000000000000000000000000000
310
0000E2E2E2E20000000000000000000F0F00000000E2E2E2E200E2E2E2E2000000000000000000000000E2E2E2E200000000E2E2E2E2000000000F0F0F000000000000E2E2E2E2E200000F0F000000000000E20000E2ECECE20000000000E20000000000000000000000000000000000000000000000000000000000000000
310
000000000000000000000000000000000000000000000000000000000000000000000000000000000000000000000000000000000000000000000000000000000000000000E2000000000000000000000000000000000000000000000000000000000000000000000000000000000000000000000000000000000000000000
310
00000000E2E2E2E200000000000000000000E20F0F0000E200E2E200E2E2E2E2000000000000000000000000E2E2E2E20000000000000000E2000F0F0000000FE20000000000000000E20000000F000000000000E20000E2ECECE20000000000E2000000000000000000000000000000000000000000000000000000000000
310
0000000000000000000000000000000000000000000000000000000000000000000000000000000000000000000000000000000000000000000000000000000000000000000000E200000000000000000000000000000000000000000000000000000000000000000000000000000000000000000000000000000000000000
310
00000000000F0F0000E200000000000000E200E20000000F0F0F00000000E2E2E2E2000000000000000000000000000000E2000000000000000F0F0F000000000FE2E2E2E2E2E2E2E2E2E2E200000F00000000000000E20000E2ECECE20000000000E200000000000000000000000000000000000000000000000000000000
310
00000000000000000000000000000000000000000000000000000000000000000000000000000000000000000000000000000000000000000000000000000000000000000000000000E20000000000000000000000000000000000000000000000000000000000000000000000000000000000000000000000000000000000
310
000000000000000F000F00E2E2000000000000E20FE200000000E2000F0F0000000000E2E20000000000000000000037373737373737373737370FE2000000000000E20FE200000000000000E2000000000F000000000000E20000E2ECECE20000000000E20000000000000000000000000000000000000000000000000000
310
000000000000000000000000000000000000000000000000000000000000000000000000000000000000000000000000000000000000000000000000000000000000000000000000000000E2000000000000000000000000000000000000000000000000000000000000000000000000000000000000000000000000000000
310
00000000000000000000000F00E2E2E2E2E2E2E2E20FE20FE2000000000000000F0F0F0F0F0F0F0F0F0F0F0F00000000000F000000000000000000E20000000000E2E2E200E200E200000000000000000000000F000000000000E20000E2ECECE20000000000E2000000000000000000000000000000000000000000000000
310
0000000000000000000000000000000000000000000000000000000000000000000000000000000000000000000000000000000000000000000000000000000000000000000000000000000000E200000000000000000000000000000000000000000000000000000000000000000000000000000000000000000000000000
310
0000000000000000000000000F00000000000000000000000F00E2E2E2000000000000E20000000000000000000F00000000000F0000E2E2E2000000E2E2000000E2E2E2E20000E200E2E20000000000000000000F00000000000000E20000E2ECECE20000000000E200000000000000000000000000000000000000000000
310
00000000000000000000000000000000000000000000000000000000000000000000000000000000000000000000000000000000000000000000000000000000000000000000000000000000000000E20000000000000000000000000000000000000000000000000000000000000000000000000000000000000000000000
310
00000000000000000000000000000F000000000000000000E2E2E20000E2E2E2E200000000E2000000E2E2E20000000F00000000000FE2E2E2E2E2E2E2E2E2E20000E2E2E2E2E2E200E20000E2000000000000000000000F000000000000E20000E2ECECE20000000000E20000000000000000000000000000000000000000
310
000000000000000000000000000000000000000000000000000000000000000000000000000000000000000000000000000000000000000000000000000000000000000000000000000000000000000000E2000000000000000000000000000000000000000000000000000000000000000000000000000000000000000000
310
0000000000000000000000000000000F0000000000000000000000E2E20000E2E2E2E2E2E20000E2E2E2E2E2E2E2E2E2E20FE2000000000F0000E2E2E200000000000000E2E2E2E2E2E200E20000E2000000000000000000000F000000000000E20000E2ECECE2E2E2E2E2E2E2E2E2E2E2E2E2E2E2E2E2E2E2E2E2E2E2E2E2
310
E2E2E2E2E2E2E2E2E2E2E2E2E2E2E2E2E2E2E2E2E2E2E2E2E2E2E2E2E2E2E2E2E2E2E2E2E2E2E2E2E2E2E2E2E2E2E2E2E2E2E2E2E2E2E2E2E2E2E2E2E2E2E2E2E2E2E2E2E2E2E2E2E2E2E2E2E2E2E2E2E2E2E2E2E2E2E2E2E2E2E2E2E2E2E2E2E2E2E2E2E2E2E2E2E2E2E2E2E2E2E2E2E2E2E2E2E2E2E2E2E2E2E2E2E2E2E2
310
E2E2E2E2E2E2E2E2E2E2E2E2E2E2E2E2E2E2E2E2E2E2E2E2E2E2E2E2E2E2E2E2E2E2E2E2E2E2E2E2E2E2E2E2E2E2E2E2E2E2E2E2E2E2E2E2E2E2E2E2E2E2E2E2E2E2E2E2E2E2E2E2E2E2E2E2E2E2E2E2E2E2E2E2E2E2E2E2E2E2E2E2E2E2E2E2E2E2E2E2E2E2E2E2E20000000000E200000000000000000000000000000000
310
00000000000000000000000000000000000000000000000000000000000000000000000000000000000000000000000000000000000000000000000000000000000000000000000000000000000000000000000000E20000000000000000000000000000000000000000000000000000000000000000000000000000000000
310
000000000000000000000000000000000000000F0F0F0F0000000000000000E2E2000000E2E2E20000000000000000E2E2E20000000F00000000000FE2E2E2E2E2E2E2E2E2E2E2E2E2E2E2E2E2E2E2E2E200E20000000000000F0F0F0000000000000000E20000E2ECECE20000000000E20000000000000000000000000000
310
000000000000000000000000000000000000000000000000000000000000000000000000000000000000000000000000000000000000000000000000000000000000000000000000000000000000000000000000000000E2000000000000000000000000000000000000000000000000000000000000000000000000000000
310
000000000000000000000000000000000000000000000F000F0F00000000000000E2E2E2E2E2E2E2E2E2E2E2E2E2E2E2E2E2E2E2E2E2E20F00000000000F00000000000000E2E2E2E20000000000000000E20000E20000000000000F00000000000000000000E20000E2ECECE20000000000E2000000000000000000000000
310
0000000000000000000000000000000000000000000000000000000000000000000000000000000000000000000000000000000000000000000000000000000000000000000000000000000000000000000000000000000000E200000000000000000000000000000000000000000000000000000000000000000000000000
310
0000000000000000000000000000000000000000000000000000000F00000000000000E200E2000000000000E2E2E2E2E200000000000000000FE2000000000F00000000000000E2E2E2E2E2000000000000000000E2E20000000F0F0F0000000000000000000000E20000E2ECECE20000000000E200000000000000000000
310
00000000000000000000000000000000000000000000000000000000000000000000000000000000000000000000000000000000000000000000000000000000000000000000000000000000000000000000000000000000000000E20000000000000000000000000000000000000000000000000000000000000000000000
310
0000000000000000000000000000000000000000000000000000000000000F0F0F000000E2E20000000000000000E2E2E2E2E200000000000000000F00000000000FE2E2E2E2E2E2E2E2E2E2E2E2E2E2E2E2E2E2E2E2E2E2E20000000F00000000000000000000000000E20000E2ECECE20000000000E20000000000000000
310
000000000000000000000000000000000000000000000000000000000000000000000000000000000000000000000000000000000000000000000000000000000000000000000000000000000000000000000000000000000000000000E2000000000000000000000000000000000000000000000000000000000000000000
310
000000000000000000000000000000000000000000000000000000000000000000000F00000000E2E2E2E2E2E2E2E2E2E2E2E2E2E2E2E2E2E2E2E2E2E20FE2000000000F0000000000000000E2E2E2E2000000000000000000000F00000F0000000000000000000000000000E20000E2ECECE20000000000E2000000000000
310
0000000000000000000000000000000000000000000000000000000000000000000000000000000000000000000000000000000000000000000000000000000000000000000000000000000000000000000000000000000000000000000000E200000000000000000000000000000000000000000000000000000000000000
310
000000000000000000000000000000000000000000000000000000000000000000000000000F00000F000000000000000000E2E2E2000000000000000000000F00000000000F0000000000000000E2E2E2E200000000000000000F0F00000F000000000000000000000000000000E20000E2ECECE20000000000E200000000
310
00000000000000000000000000000000000000000000000000000000000000000000000000000000000000000000000000000000000000000000000000000000000000000000000000000000000000000000000000000000000000000000000000E20000000000000000000000000000000000000000000000000000000000
310
000000000000000000000000000000000000000000000000000000000000000000000000000000000F00000F0F00000000000000E2E2E2000000000000000000000F00000000000F0000000000000000000000000000000000000F0F000F000000000000000000000000000000000000E20000E2ECECE20000000000E20000
310
000000000000000000000000000000000000000000000000000000000000000000000000000000000000000000000000000000000000000000000000000000000000000000000000000000000000000000000000000000000000000000000000000000E2000000000000000000000000000000000000000000000000000000
310
000000000000000000000000000000000000000000000000000000000000000000000000000000000000000000000F0000000000000000000000000000000F0F0F0F000F00000000000F000F0F0F0F0F0F0F0F0F0F00000F0F0F0F0F0F000000000000000000000000000000000000000000E20000E2ECECE20000000000E2
310
0000000000000000000000000000000000000000000000000000000000000000000000000000000000000000000000000000000000000000000000000000000000000000000000000000000000000000000000000000000000000000000000000000000000E200000000000000000000000000000000000000000000000000
310
000000000000000000000000000000000000000000000000000000000000000000000000000000000000000000000000000F0F0F0F0F0F0F00000F0F0F0F0F0F0F00000F000F00000000000F0F000000000000000000000F0F0F0000000000000000000000000000000000000000000000000000E20000E2ECECE200000000
310
00E20000000000000000000000000000000000000000000000000000000000000000000000000000000000000000000000000000000000000000000000000000000000000000000000000000000000000000000000000000000000000000000000000000000000E20000000000000000000000000000000000000000000000
310
0000000000E2E2E2E2000000000000000000000000000000000000000000000000000000000000000000000000000000000000000000000000000F0F000000000000000000000F0F00000000000000000000000000000000000000000000000000000000000000000000000000000000000000000000E20000E2ECECE20000
310
000000E200000000000000000000000000000000000000000000000000000000000000000000000000000000000000000000000000000000000000000000000000000000000000000000E2E2E200000000000000000000000000000000000000000000000000000000E2000000000000000000000000000000000000000000
310
00000000000000E2E2E2E200000000000000000000000000000000000000000000E2E2E20000000000000000000000000000000000000000000000000000000000000000000000000000000000000000000000000000000000000000E2E2E2E2E2E2E2E20000000000000000000000000000000000000000E20000E2ECECE2
310
0000000000E20000000000000000000000000000000000000000000000000000000000000000000000000000000000000000000000000000000000000000000000000000000000000000E2E2000000E2E20000000000000000000000000000000000000000000000000000E200000000000000000000000000000000000000
310
000000000000000000E2E2E2E20000000000000000000000000000000000000000E2E2000000E2E200000000000000000000000000000000E2E2E2E2E2E2E2E2000000000000000000000000000000000000000000000000000000000000E2E2E2E2E2E2E2E20000000000000000000000000000000000000000E20000E2EC
310
ECE20000000000E20000000000000000000000000000000000000000000000000000000000000000000000000000000000000000000000000000000000000000000000000000000000000000E20000000000E20000000000000000000000000000000000000000000000000000E20000000000000000000000000000000000
310
0000000000000000000000000000E20000000000000000000000000000000000000000E20000000000E200000000000000000000000000000000E2E2E2E2E2E2E2E2000000000000000000000000000000000000000000000000000000000000E2E2E2E2E2E2E2E20000000000000000000000000000000000000000E20000
310
E2ECECE20000000000E20000000000000000000000000000000000000000000000000000000000000000000000000000000000000000000000000000000000000000000000E2E2E2E2E2E2E2E2E2E2E2E2E2E2E2E2E20F0F0F0F0F0F0F0F0F0F0F0F0F0F0F0F0F0F0F0F0F0F0F0F0FE20F0F0F0F0F0FE2E2E2E2E2E2E2E200
310
000000000000000000000F0F0FE2E2E2E2E20F0F0F0F0F0F0F0F0F0F0F0F0F0F0F0F0F0FE2E2E2E2E2E2E2E2E2E2E2E2E2E2E2E20000000000000000E2E2E2E2E2E2E2E2000000000000000000000000000000000000000000000000000000000000E2E2E2E2E2E2E2E20000000000000000000000000000000000000000E2
310
0000E2ECECE20000000000E2000000000000000000000000000000000000000000000000000000000000000000000000000000000000000000000000000000000000000000000000E2000000000000E20000000F0F000FE200000000000000000000000000000000000000000000000000E20000000000000F00000000E2E2
310
000000000000000000000000E200000000E2E200000000000000000000000000000000000000E20F00000F0F0000E20000000000E2000000000000000000E2E2E2E2E2E2E2E2000000000000000000000000000000000000000000000000000000000000000000000000000000000000000000000000000000000000000000
310
00E20000E2ECECE20000000000E2000000000000000000000000000000000000000000000000000000000000000000000000000000000000000000000000000000000000000000000000E2000000000000E20F0F0F0F000F0FE200000000000000000000000000000000000000000000000000E20000000000000F00000000
310
00E20000000000E20F0F0F0F0F0FE2E2E2E2E2E2E2E2000000000000000000000000000000000000E2000F00000F0F0FE20000000000E2000000000000000000000000000000000000000000000000000000000000000000000000000000000000000000000000000000000000000000000000000000000000000000000000
310
000000E20000E2ECECE20000000000E2000000000000000000000000000000000000000000000000000000000000000000000000000000000000000000000000000000000000000000000000E20000000000000FE20000000000E20000000000000000000000000000000000000000000000000000E20000000000000F0000
310
000000E20000000000E2000000000000E2E2000000E2000000000000000000000000000000000000000000E20000000000E20F0000000000E200000000000000000000000000000000000000000000000000000000000000000000000000000000000000000000000000000000000000000000000000000000000000000000
310
0000000000E20000E2ECECE20000000000E2000000000000000000000000000000000000000000000000000000000000000000000000000000000000000000000000000000000000000000000000E20000000000000FE2E2000000E2E20000000000000000000000000000000000000000000000000000E20000000000000F
310
0000000000E20000000000E2000000000000E2E2E2000000000000000000000000000000000000000000000000E2E2000000E2E20F0000000000E20000000000000000000000000000000000000000000000000000000000000000000000000000000000000000000000000000000000000000000000000000000000000000
310
00000000000000E20000E2ECECE20000000000E2000000000000000000000000000000000000000000000000000000000000000000000000000000000000000000000000000000000000000000000000E20000000000000F0000E2E2E200000000000000000000000000000000000000000000000000000000E20000000000
310
000F0000000000E20000000000E20000000000E2E2E2E2E200000000000000000000000000000000000000000000000000E2E2E200000F0000000000E2000000000000000000000000000000000000000000000000000000000000000000000000000000000000000000000000000000000000000000000000000000000000
310
000000000000000000E20000E2ECECE20000000000E2000000000000000000000000000000000000000000000000000000000000000000000000000000000000000000000000000000000000000000000000E20000000000000F00E2E2000000000000000000000000000000000000000000000000000000000000E2000000
310
0000000F0000000000E20000000000E2000000000000E2E2E2E2E2000000000000000000000000000000000000000000000000000000E2000F0000000000E200000000000000000000000000000000000000000000000000000000000000000000000000000000000000000000000000000000000000000000000000000000
310
0000000000000000000000E20000E2ECECE20000000000E2000000000000000000000000000000000000000000000000000000000000000000000000000000000000000000000000000000000000000000000000E20000000000000FE20000000000000000000000000000000000000000000000000000000000000000E200
310
00000000000F0000000000E20000000000E2000000000000E2E2E2000000000000000000000000000000000000000000000000000000000000E20F0000000000E20000000000000000000000000000000000000000000000000000000000000000000000000000000000000000000000000000000000000000000000000000
310
00000000000000000000000000E20000E2ECECE20000000000E2000000000000000000000000000000000000000000000000000000000000000000000000000000000000000000000000000000000000000000000000E20000E2E20000E2000000000000000000000000000000000000000000000000000000000000000000
310
E20000000000000F0000000000E20000000000E200E2E2E20000E2000000000000000000000000000000000000000000000000000000000000000000E2E200E2E200E2000000000000000000000000000000000000000000000000000000000000000000000000000000000000000000000000000000000000000000000000
310
000000000000000000000000000000E20000E2ECECE20000000000E2000000000000000000000000000000000000000000000000000000000000000000000000000000000000000000000000000000000000000000000000E20000E2E200E20F00000000000000000000000000000000000000000000000000000000000000
310
0000E20000000000000F0000000000E20000000000E2E2E2E2E2E2E2E20000000000000000000000000000000000000000000000000000000000000000000F00E2E2E200E200000000000000000000000000000000000000000000000000000000000000000000000000000000000000000000000000000000000000000000
310
0000000000000000000000000000000000E20000E2ECECE20000000000E2000000000000000000000000000000000000000000000000000000000000000000000000000000000000000000000000000000000000000000000000E20000E2E2E2000F0000000000000000000000000000000000000000000000000000000000
310
00000000E20000000000000F0000000000E200000000000F00E2E2E20000000000000000000000000000000000000000000000000000000000000000000000000F0000E2E200E20000000000000000000000000000000000000000000000000000000000000000000000000000000000000000000000000000000000000000
310
00000000000000000000000000000000000000E20000E2ECECE20000000000E2000000000000000000000000000000000000000000000000000000000000000000000000000000000000000000000000000000000000000000000000E20000E2E200000F000000000000000000000000000000000000000000000000000000
310
000000000000E20000000000000F0000000000E200000000000F00E2E2E20000000000000000000000000000000000000000000000000000000000000000000000000F0000E2E200E2000000000000000000000000000000000000000000000000000000000000000000000000000000000000000000000000000000000000
310
000000000000000000000000000000000000000000E20000E2ECECE20000000000E200000000000000000000E20000000000000000000000000000000000E2E2E2E2000000000000000000000000000000000000E2000000000000000000E20000000000000F00000000000000000000000000000000000000000000000000
310
0000000000000000E20000000000000F0000000000E200000000000F000000000000000000000000000000000000000000000000000000000000000000000000000000000F0000000000E20000000000000000000000E2000000000000000000000000000000000000000000000000000000000000000000000000000000E2
310
0000000000000000000000000000000000000000000000E20000E2ECECE20000000000E200000000000000000000E2E2E2E2E2E2E2E2E2E2E2E2E2E2E2E2E2E2E2E2E2E2E2E2E2E2E2E2E2E2E2E2E2E2E2E2E2E2E2E2E2000000000000000000E20000000000000F0000000000000000000000000000000000000000000000
310
00000000000000000000E20000000000000F0000000000E200000000000F000000000000000000000000000000000000000000000000000000000000000000000000000000000F0000000000E20000000000000000000000E2E2E2E2E2E2E2E2E2E2E2E2E2E2E2E2E2E2E2E2E2E2E2E2E2E2E2E2E2E2E2E2E2E2E2E2E2E2E2
310
E2E20000000000000000000000000000000000000000000000E20000E2ECECE20000000000E200000000000000000000E20000000000000000000000000000000000E2E2E2E2000000000000000000000000000000000000E2000000000000000000E20000000000000F000000000000000000000000000000000000000000
310
000000000000000000000000E20000000000000F0000E2E2E2E200000000000F000000000000000000000000000000000000000000000000000000000000000000000000000000000F0000000000E20000000000000000000000E20000000000000000000000000000000000E2E2E2E2000000000000000000000000000000
310
000000E20000000000000000000000000000000000000000000000E20000E2ECECE20000000000E200000000000000000000E20000000000000000000000000000000000E2E2E2E2000000000000000000000000000000000000E2000000000000000000E20000000000000F00000000000000000000000000000000000000
310
0000000000000000000000000000E20000000000000F0000E2E2E2E200000000000F000000000000000000000000000000000000000000000000000000000000000000000000000000000F0000000000E20000000000000000000000E20000000000000000000000000000000000E2E2E2E200000000000000000000000000
310
0000000000E20000000000000000000000000000000000000000000000E20000E2ECECE20000000000E200000000000000000000E2000000000000000000000000000000000000000000000000000000000000000000000000000000E2000000000000000000E20000000000000F0000000000000000000000000000000000
310
00000000000000000000000000000000E20000000000000F0000E2E2E2E200000000000F000000000000000000000000000000000000000000000000000000000000000000000000000000000F0000000000E20000000000000000000000E20000000000000000000000000000000000000000000000000000000000000000
310
00000000000000E20000000000000000000000000000000000000000000000E20000E2ECECE20000000000E200000000000000000000E2000000000000000000000000000000000000000000000000000000000000000000000000000000E2000000000000000000E20000000000000F000000000000000000000000000000
310
000000000000000000000000000000000000E20000000000000F0000E2E2E2E200000000000F000000000000000000000000000000000000000000000000000000000000000000000000000000000F0000000000E20000000000000000000000E2000000000000000000000000000000000000000000000000000000000000
310
000000000000000000E20000000000000000000000000000000000000000000000E20000E2ECECE20000000000E20000000000E2E2E2E2E2E20F0F0F0F0F0F0F0F0F0F0F0F0F0F0F0F0F0F0F0F0F0F0F0F0F0F0F0F0F0F0F0F0F0F0F0F0F0F0FE2000000000000000000E20000000000000F00000000000000000000000000
310
0000000000000000000000000000000000000000E20000000000000F0000000000E200000000000F000000000000000000000000000000000000000000000000000000000000000000000000000000000F0000000000E20000000000000000000000E20F0F0F0F0F0F0F0F0F0F0F0F0F0F0F0F0F0F0F0F0F0F0F0F0F0F0F0F
310
0F0F0F0F0F0F0F0F0F0F0FE2E2E2E2E2E2000000000000000000000000000000000000E20000E2ECECE20000000000E2000000000000E20000000F0000000000000000000000000000000000000000000000000000000000000000000000000000000F000000000000000000E20000000000000F0000000000000000000000
310
00000000000000000000000000000000000000000000E20000000000000F0000000000E200000000000F000000000000000000000000000000000000000000000000000000000000000000000000000000000F0000000000E200000000000000000000000F0000000000000000000000000000000000000000000000000000
310
000000000000000000000000000F000000E200000000000000000000000000000000000000E20000E2ECECE20000000000E2000000000000E20000000F0000000000000000000000000000000000000000000000000000000000000000000000000000000F000000000000000000E20000000000000F000000000000000000
310
000000000000000000000000000000000000000000000000E20000000000000F0000000000E200000000000F000000000000000000000000000000000000000000000000000000000000000000000000000000000F0000000000E200000000000000000000000F000000000000000000000000000000000000000000000000
310
0000000000000000000000000000000F000000E200000000000000000000000000000000000000E20000E2ECECE20000000000E2000000000000E20000000F0000000000000000000000000000000000000000000000000000000000000000000000000000000F000000000000000000E20000000000000F00000000000000
310
0000000000000000000000000000000000000000000000000000E20000000000000F0000000000E200000000000F000000000000000000000000000000000000000000000000000000000000000000000000000000000F0000000000E200000000000000000000000F00000000000000000000000000000000000000000000
310
00000000000000000000000000000000000F000000E200000000000000000000000000000000000000E20000E2ECECE20000000000E2000000000000E20000000F0000000000000000000000000000000000000000000000000000000000000000000000000000000F000000000000000000E20000000000000F0000000000
310
00000000000000000000000000000000000000000000000000000000E20000000000000F0000000000E200000000000F000000000000000000000000000000000000000000000000000000000000000000000000000000000F0000000000E200000000000000000000000F0000000000000000000000000000000000000000
310
000000000000000000000000000000000000000F000000E200000000000000000000000000000000000000E20000E2ECECE20000000000E2000000000000E20000000F0000000000000000000000000000000000000000000000000000000000000000000000000000000F000000000000000000E20000000000000F000000
310
000000000000000000000000000000000000000000000000000000000000E20000000000000F0000000000E200000000000F000000000000000000000000000000000000000000000000000000000000000000000000000000000F0000000000E200000000000000000000000F000000000000000000000000000000000000
310
0000000000000000000000000000000000000000000F000000E200000000000000000000000000000000000000E20000E2ECECE20000000000E2000000000000E20000000F0000000000000000000000000000000000000000000000000000000000000000000000000000000F000000000000000000E20000000000000F00
310
0000000000000000000000000000000000000000000000000000000000000000E20000000000000F0000000000E200000000000F000000000000000000000000000000000000000000000000000000000000000000000000000000000F0000000000E200000000000000000000000F00000000000000000000000000000000
310
00000000000000000000000000000000000000000000000F000000E200000000000000000000000000000000000000E20000E2ECECE20000000000E2000000000000E20000000F0000000000000000000000000000000000000000000000000000000000000000000000000000000F000000000000000000E2000000000000
310
0F000000000000000000000000000000000000000000000000000000000000000000E20000000000000F0000000000E200000000000F000000000000000000000000000000000000000000000000000000000000000000000000000000000F0000000000E200000000000000000000000F0000000000000000000000000000
310
000000000000000000000000000000000000000000000000000F000000E200000000000000000000000000000000000000E20000E2ECECE20000000000E2000000000000E20000000F0000000000000000000000000000000000000000000000000000000000000000000000000000000F000000000000000000E200000000
310
00000F000000000000000000000000000000000000000000000000000000000000000000E20000000000000F0000000000E200000000000F000000000000000000000000000000000000000000000000000000000000000000000000000000000F0000000000E200000000000000000000000F000000000000000000000000
310
0000000000000000000000000000000000000000000000000000000F000000E200000000000000000000000000000000000000E20000E2ECECE20000000000E2000000000000E20000000F0000000000000000000000000000000000000000000000000000000000000000000000000000000F000000000000000000E20000
310
000000000F000000000000000000000000000000000000000000000000000000000000000000E20000000000000F0000000000E200000000000F000000000000000000000000000000000000000000000000000000000000000000000000000000000F0000000000E200000000000000000000000F00000000000000000000
310
00000000000000000000000000000000000000000000000000000000000F000000E200000000000000000000000000000000000000E20000E2ECECE20000000000E2000000000000E20000000F0000000000000000000000000000000000000000000000000000000000000000000000000000000F000000000000000000E2
310
0000000000000F000000000000000000000000000000000000000000000000000000000000000000E20000000000000F0000000000E200000000000F000000000000000000000000000000000000000000000000000000000000000000000000000000000F0000000000E200000000000000000000000F0000000000000000
310
000000000000000000000000000000000000000000000000000000000000000F000000E200000000000000000000000000000000000000E20000E2ECECE20000000000E2000000000000E20000000F0000000000000000000000000000000000000000000000000000000000000000000000000000000F0000000000000000
310
00E20000000000000F000000000000000000000000000000000000000000000000000000000000000000E20000000000000F0000000000E200000000000F000000000000000000000000000000000000000000000000000000000000000000000000000000000F0000000000E200000000000000000000000F000000000000
310
0000000000000000000000000000000000000000000000000000000000000000000F000000E200000000000000000000000000000000000000E20000E2ECECE20000000000E2000000000000E20000000F0000000000000000000000000000000000000000000000000000000000000000000000000000000F000000000000
310
000000E20000000000000F000000000000000000000000000000000000000000000000000000000000000000E2000F000000000F0000000000E200000000000F000000000000000000000000000000000000000000000000000000000000000000000000000000000F0000000000E200000000000000000000000F00000000
310
00000000000000000000000000000000000000000000000000000000000000000000000F000000E200000000000000000000000000000000000000E20000E2ECECE20000000000E2000000000000E20000000F0000000000000000000000000000000000000000000000000000000000000000000000000000000F00000000
310
0000000000E20000000000000F000000000000000000000000000000000000000000000000000000000000000000E20FE2E2E2E2E2E2E2E2E2E2E2E2E2000000000F000000000000000000000000000000000000000000000000000000000000000000000000000000000F0000000000E200000000000000000000000F0000
310
000000000000000000000000000000000000000000000000000000000000000000000000000F000000E200000000000000000000000000000000000000E20000E2ECECE20000000000E2000000000000E20000000F0000000000000000000000000000000000000000000000000000000000000000000000000000000F0000
310
00000000000000E20000000000000F000000000000000000000000000000000000000000000000000000000000000000E2E2E200000000E200000000E2E200000000000F000000000000000000000000000000000000000000000000000000000000000000000000000000000F0000000000E200000000000000000000000F
310
0000000000000000000000000000000000000000000000000000000000000000000000000000000F000000E200000000000000000000000000000000000000E20000E2ECECE20000000000E2000000000000E20000000F0000000000000000000000000000000000000000000000000000000000000000000000000000000F
310
000000000000000000E20000000000000F00000000000000000000000000000000000000000000000000000000000000E2E2E200E200000000E20000000000E200000000000F000000000000000000000000000000000000000000000000000000000000000000000000000000000F0000000000E200000000000000000000
310
000F0000000000000000000000000000000000000000000000000000000000000000000000000000000F000000E200000000000000000000000000000000000000E20000E2ECECE20000000000E2000000000000E20000000F0000000000000000000000000000000000000000000000000000000000000000000000000000
310
000F000000000000000000E20000000000000F0000000000000000000000000000000000000000000000000000000000E2E2E2E2E200E200000000E20000000000E200000000000F000000000000000000000000000000000000000000000000000000000000000000000000000000000F0000000000E20000000000000000
310
0000000F0000000000000000000000000000000000000000000000000000000000000000000000000000000F000000E200000000000000000000000000000000000000E20000E2ECECE20000000000E2000000000000E20000000F000000000000000000000000000000000000000000000000000000000000000000000000
310
0000000F000000000000000000E20000000000000F0000000000000000000000000000000000000000000000000000000000E2E2E2E2E200E200000000E20000000000E200000000000F000000000000000000000000000000000000000000000000000000000000000000000000000000000F0000000000E2000000000000
310
00000000000F0000000000000000000000000000000000000000000000000000000000000000000000000000000F000000E200000000000000000000000000000000000000E20000E2ECECE20000000000E2000000000000E20000000F00000000000000000000000000000000000000000000000000000000000000000000
310
00000000000F000000000000000000E20000000000000F000000000000000000000000000000000000000000000000000000000000E2E200E200E200000000E20000000000E200000000000F000000000000000000000000000000000000000000000000000000000000000000000000000000000F0000000000E200000000
310
000000000000000F0000000000000000000000000000000000000000000000000000000000000000000000000000000F000000E200000000000000000000000000000000000000E20000E2ECECE20000000000E2000000000000E20000000F0000000000000000000000000000000000000000000000000000000000000000
310
000000000000000F000000000000000000E20000000000000F000000000000000000000000000000000000000000000000000000000000000000E2E2E2E2E2E2E2E2E2E2E2E2E2E2E2E2E2E2E2E2E2E2E2E2E2E2E2E2E2E2E2E2E2E2E2E2E2E2E2E2E2E2E2E2E2E2E2E2E2E2E2E2E2E2E2E2E2E2E2E2E2E2E2E2E2E2E2E2E2
310
E2E2E2E2E2E2E2E2E2E2E2E2E2E2E2E2E2E2E2E2E2E2E2E2E2E2E2E2E2E2E2E2E2E2E2E2E2E2E2E2E2E2E2E2E2E2E2E2E2E2E2E2E2E2E2E2E2E2E2E2E2E2E2E2E2E2E2E2E2E2E2E2E2E2E2E2E2E2E2E20000000000E2000000000000E20000000F000000000000000000000000000000000000000000000000000000000000
310
0000000000000000000F000000000000000000E20000000000000F0000000000000000000000000000000000000000000000000000000000000000000000E2E2E2E2E2E20000000000E200000000000F000000000000000000000000000000000000000000000000000000000000000000000000000000000F0000000000E2
310
00000000000000000000000F0000000000000000000000000000000000000000000000000000000000000000000000000000000F000000E200000000000000000000000000000000000000E20000E2ECECE20000000000E2000000000000E20000000F00000000000000000000000000000000000000000000000000000000
310
00000000000000000000000F000000000000000000E20000000000000F0000000000000000000000000000000000000000000000000000000000000000000000E2E2E2E200E20000000000E200000000000F000000000000000000000000000000000000000000000000000000000000000000000000000000000F00000000
310
00E200000000000000000000000F0000000000000000000000000000000000000000000000000000000000000000000000000000000F000000E200000000000000000000000000000000000000E20000E2ECECE20000000000E2000000000000E20000000F0000000000000000000000000000000000000000000000000000
310
000000000000000000000000000F000000000000000000E20000000000000F000000000000000000000000000000000000000000000000000000000000000000000000E2E2E2000F0000000000E200000000000F000000000000000000000000000000000000000000000000000000000000000000000000000000000F0000
310
000000E200000000000000000000000F0000000000000000000000000000000000000000000000000000000000000000000000000000000F000000E200000000000000000000000000000000000000E20000E2ECECE20000000000E2000000000000E20000000F000000000000000000000000000000000000000000000000
310
0000000000000000000000000000000F000000000000000000E20000000000000F000000000000000000000000000000000000000000000000000000000000000000000000000000000F0000000000E200000000000F000000000000000000000000000000000000000000000000000000000000000000000000000000000F
310
0000000000E200000000000000000000000F0000000000000000000000000000000000000000000000000000000000000000000000000000000F000000E200000000000000000000000000000000000000E20000E2ECECE20000000000E2000000000000E20000000F00000000000000000000000000000000000000000000
310
00000000000000000000000000000000000F000000000000000000E20000000000000F000000000000000000000000000000000000000000000000000000000000000000000000000000000F0000000000E200000000000F000000000000000000000000000000000000000000000000000000000000000000000000000000
310
000F0000000000E200000000000000000000000F0000000000000000000000000000000000000000000000000000000000000000000000000000000F000000E200000000000000000000000000000000000000E20000E2ECECE20000000000E2000000000000E20000000F0000000000000000000000000000000000000000
310
000000000000000000000000000000000000000F000000000000000000E20000000000000F000000000000000000000000000000000000000000000000000000000000000000000000000000000F0000E2E2E2E200000000000F00000000000000000000000000000000000000000000000000000000000000000000000000
310
0000000F0000000000E200000000000000000000000F0000000000000000000000000000000000000000000000000000000000000000000000000000000F000000E200000000000000000000000000000000000000E20000E2ECECE20000000000E2000000000000E20000000F000000000000000000000000000000000000
310
0000000000000000000000000000000000000000000F000000000000000000E20000000000000F000000000000000000000000000000000000000000000000000000000000000000000000000000000F0000E2E2E2E200000000000F0000000000000000000000000000000000000000000000000000000000000000000000
310
00000000000F0000000000E200000000000000000000000F0000000000000000000000000000000000000000000000000000000000000000000000000000000F000000E200000000000000000000000000000000000000E20000E2ECECE20000000000E2000000000000E20000000F00000000000000000000000000000000
310
00000000000000000000000000000000000000000000000F000000000000E2E2E2E20000000000000F000000000000000000000000000000000000000000000000000000000000000000000000000000000F0000E2E2E2E200000000000F000000000000000000000000000000000000000000000000000000000000000000
310
000000000000000F0000E2E2E2E200000000000000000000000F0000000000000000000000000000000000000000000000000000000000000000000000000000000F000000E200000000000000000000000000000000000000E20000E2ECECE20000000000E2000000000000E20000000F0000000000000000000000000000
310
000000000000000000000000000000000000000000000000000F000000000000E2E2E2E20000000000000F000000000000000000000000000000000000000000000000000000000000000000000000000000000F0000E2E2E2E200000000000F00000000000000000000000000000000000000000000000000000000000000
310
0000000000000000000F0000E2E2E2E200000000000000000000000F0000000000000000000000000000000000000000000000000000000000000000000000000000000F000000E200000000000000000000000000000000000000E20000E2ECECE20000000000E2000000000000E20000000F000000000000000000000000
310
0000000000000000000000000000000000000000000000000000000F000000000000E2E2E2E20000000000000F000000000000000000000000000000000000000000000000000000000000000000000000000000000F0000000000E200000000000F0000000000000000000000000000000000000000000000000000000000
310
00000000000000000000000F0000E2E2E2E200000000000000000000000F0000000000000000000000000000000000000000000000000000000000000000000000000000000F000000E200000000000000000000000000000000000000E20000E2ECECE20000000000E2000000000000E20000000F00000000000000000000
310
00000000000000000000000000000000000000000000000000000000000F000000000000E2E2E2E20000000000000F000000000000000000000000000000000000000000000000000000000000000000000000000000000F0000000000E200000000000F000000000000000000000000000000000000000000000000000000
310
000000000000000000000000000F0000E2E2E2E200000000000000000000000F0000000000000000000000000000000000000000000000000000000000000000000000000000000F000000E200000000000000000000000000000000000000E20000E2ECECE20000000000E2000000000000E20000000F0000000000000000
310
000000000000000000000000000000000000000000000000000000000000000F000000000000E2E2E2E20000000000000F000000000000000000000000000000000000000000000000000000000000000000000000000000000F0000000000E200000000000F00000000000000000000000000000000000000000000000000
310
0000000000000000000000000000000F0000E2E2E2E200000000000000000000000F0000000000000000000000000000000000000000000000000000000000000000000000000000000F000000E200000000000000000000000000000000000000E20000E2ECECE20000000000E2000000000000E20000000F000000000000
310
0000000000000000000000000000000000000000000000000000000000000000000F000000000000000000E20000000000000F000000000000000000000000000000000000000000000000000000000000000000000000000000000F0000000000E200000000000F0000000000000000000000000000000000000000000000
310
00000000000000000000000000000000000F0000000000E200000000000000000000000F0000000000000000000000000000000000000000000000000000000000000000000000000000000F000000E200000000000000000000000000000000000000E20000E2ECECE20000000000E2000000000000E20000000F00000000
310
00000000000000000000000000000000000000000000000000000000000000000000000F000000000000000000E20000000000000F000000000000000000000000000000000000000000000000000000000000000000000000000000000F0000000000E200000000000F000000000000000000000000000000000000000000
310
000000000000000000000000000000000000000F0000000000E200000000000000000000000F0000000000000000000000000000000000000000000000000000000000000000000000000000000F000000E200000000000000000000000000000000000000E20000E2ECECE20000000000E2000000000000E20000000F0000
310
000000000000000000000000000000000000000000000000000000000000000000000000000F000000000000000000E20000000000000F000000000000000000000000000000000000000000000000000000000000000000000000000000000F0000000000E200000000000F00000000000000000000000000000000000000
310
0000000000000000000000000000000000000000000F0000000000E200000000000000000000000F0000000000000000000000000000000000000000000000000000000000000000000000000000000F000000E200000000000000000000000000000000000000E20000E2ECECE20000000000E2000000000000E20000000F
310
0000000000000000000000000000000000000000000000000000000000000000000000000000000F000000000000000000E20000000000000F000000000000000000000000000000000000000000000000000000000000000000000000000000000F0000000000E200000000000F0000000000000000000000000000000000
310
00000000000000000000000000000000000000000000000F0000000000E200000000000000000000000F0000000000000000000000000000000000000000000000000000000000000000000000000000000F000000E200000000000000000000000000000000000000E20000E2ECECE20000000000E2000000000000E20000
310
000F0000000000000000000000000000000000000000000000000000000000000000000000000000000F000000000000000000E20000000000000F000000000000000000000000000000000000000000000000000000000000000000000000000000000F0000000000E200000000000F000000000000000000000000000000
310
000000000000000000000000000000000000000000000000000F0000000000E200000000000000000000000F0000000000000000000000000000000000000000000000000000000000000000000000000000000F000000E200000000000000000000000000000000000000E20000E2ECECE20000000000E2000000000000E2
310
0000000F0000000000000000000000000000000000000000000000000000000000000000000000000000000F000000000000000000E20000000000000F000000000000000000000000000000000000000000000000000000000000000000000000000000000F0000000000E200000000000F00000000000000000000000000
310
0000000000000000000000000000000000000000000000000000000F0000000000E200000000000000000000000F0000000000000000000000000000000000000000000000000000000000000000000000000000000F000000E200000000000000000000000000000000000000E20000E2ECECE20000000000E20000000000
310
00E20000000F0000000000000000000000000000000000000000000000000000000000000000000000000000000F000000000000000000E20000000000000F000000000000000000000000000000000000000000000000000000000000000000000000000000000F0000000000E200000000000F0000000000000000000000
310
00000000000000000000000000000000000000000000000000000000000F0000000000E200000000000000000000000F0000000000000000000000000000000000000000000000000000000000000000000000000000000F000000E200000000000000000000000000000000000000E20000E2ECECE20000000000E2000000
310
000000E20000000F0000000000000000000000000000000000000000000000000000000000000000000000000000000F000000000000000000E20000000000000F00000000000000000000000000000000000000000000000000000000000000000000000F000000000F0000000000E200000000000F000000000000000000
310
000000000000000000000000000000000000000000000000000000000000000F0000000000E200000000000000000000000F0000000000000000000000000000000000000000000000000000000000000000000000000000000F000000E200000000000000000000000000000000000000E20000E2ECECE20000000000E200
310
0000000000E20000000F0000000000000000000000000000000000000000000000000000000000000000000000000000000F000000000000000000E20000000000000F000000000000000000000000000000000000000000000000000000000000000000000FE2E2E2E2E2E2E2E2E2E2E2E2E2000000000F00000000000000
310
0000000000000000000000000000000000000000000000000000000000000000000F0000000000E200000000000000000000000F0000000000000000000000000000000000000000000000000000000000000000000000000000000F000000E200000000000000000000000000000000000000E20000E2ECECE20000000000
310
E2000000000000E20000000F0000000000000000000000000000000000000000000000000000000000000000000000000000000F000000000000000000E20000000000000F00000000000000000000000000000000000000000000000000000000000000000000E2E200000000E200000000E20000000000000F0000000000
310
00000000000000000000000000000000000000000000000000000000000000000000000F0000000000E200000000000000000000000F0000000000000000000000000000000000000000000000000000000000000000000000000000000F000000E200000000000000000000000000000000000000E20000E2ECECE2000000
310
0000E2000000000000E20000000F0000000000000000000000000000000000000000000000000000000000000000000000000000000F000000000000000000E20000000000000F00000000000000000000000000000000000000000000000000000000000000E2E2E200E200000000E200000000000000000000000F000000
310
000000000000000000000000000000000000000000000000000000000000000000000000000F0000000000E200000000000000000000000F0000000000000000000000000000000000000000000000000000000000000000000000000000000F000000E200000000000000000000000000000000000000E20000E2ECECE200
310
00000000E2000000000000E20000000F0000000000000000000000000000000000000000000000000000000000000000000000000000000F000000000000000000E20000000000000F0000000000000000000000000000000000000000000000000000000000E2E2E2E20000E200000000E200000000000000000000000F00
310
0000000000000000000000000000000000000000000000000000000000000000000000000000000F0000000000E200000000000000000000000F0000000000000000000000000000000000000000000000000000000000000000000000000000000F000000E200000000000000000000000000000000000000E20000E2ECEC
310
E20000000000E2000000000000E20000000F0000000000000000000000000000000000000000000000000000000000000000000000000000000F000000000000000000E20000000000000F0000000000000000000000000000000000000000000000000000000000E2E2E2E20000E200000000E20000000000000000000000
310
0F000000000000000000000000000000000000000000000000000000000000000000000000000000000F0000000000E200000000000000000000000F0000000000000000000000000000000000000000000000000000000000000000000000000000000F000000E200000000000000000000000000000000000000E20000E2
310
ECECE20000000000E2000000000000E20000000F0000000000000000000000000000000000000000000000000000000000000000000000000000000F000000000000000000E20000000000000F000000000000000000000000000000008B8B8B8B8B8B8B8B000000000000E2E2000000E200000000E2000000000000000000
310
00000F000000000000000000000000008B8B8B8B8B8B8B00000000000000000000000000000000000000000F0000000000E200000000000000000000000F0000000000000000000000000000000000000000000000000000000000000000000000000000000F000000E200000000000000000000000000000000000000E200
310
00E2ECECE20000000000E2000000000000E20000000F0000000000000000000000000000000000000000000000000000000000000000000000000000000F000000000000000000E20000000000000F000000000000000000000000000000008B8B8B8B8B8B8B8B0000000000000000000000E200000000E200000000000000
310
000000000F000000000000000000000000008B8B8B8B8B8B8B00000000000000000000000000000000000000000F0000000000E200000000000000000000000F0000000000000000000000000000000000000000000000000000000000000000000000000000000F000000E200000000000000000000000000000000000000
310
E20000E2ECECE20000000000E2000000000000E20000000F0000000000000000000000000000000000000000000000000000000000000000000000000000000F000000000000000000E20000000000000F000000000000000000000000000000008B8B8B8B8B8B8B8B0000000000000000000000E2E2E2E2E2E20000000000
310
0000000000000F000000000000000000000000008B8B8B8B8B8B8B00000000000000000000000000000000000000000F0000000000E200000000000000000000000F0000000000000000000000000000000000000000000000000000000000000000000000000000000F000000E20000000000000000000000000000000000
310
0000E20000E2ECECE20000000000E2000000000000E20000000F0000000000000000000000000000000000000000000000000000000000000000000000000000000F000000000000000000E20000000000000F000000000000000000000000000000008B8B8B8B8B8B8B8B0000000000000000000000E2E2E2E200E2000000
310
00000000000000000F000000000000000000000000008B8B8B8B8B8B8B00000000000000000000000000000000000000000F0000000000E200000000000000000000000F0000000000000000000000000000000000000000000000000000000000000000000000000000000F000000E2000000000000000000000000000000
310
00000000E20000E2ECECE20000000000E2000000000000E20000000F0000000000000000000000000000000000000000000000000000000000000000000000000000000F000000000000000000E20000000000000F000000000000000000000000000000008B8B8B8B8B8B8B8B000000000000000000000000E2E2E2000F00
310
000000000000000000000F000000000000000000000000008B8B8B8B8B8B8B00000000000000000000000000000000000000000F0000000000E200000000000000000000000F0000000000000000000000000000000000000000000000000000000000000000000000000000000F000000E200000000000000000000000000
310
000000000000E20000E2ECECE20000000000E2000000000000E20000000F0000000000000000000000000000000000000000000000000000000000000000000000000000000F000000000000000000E20000000000000F00000000000000000000000000000000000000000000000000000000000000000000000000000000
310
0F00000000000000000000000F000000000000000000000000000000000000000000000000000000000000000000000000000000000F0000000000E200000000000000000000000F0000000000000000000000000000000000000000000000000000000000000000000000000000000F000000E20000000000000000000000
310
0000000000000000E20000E2ECECE20000000000E2000000E2E2E2E20000000F0000000000000000000000000000000000000000000000000000000000000000000000000000000F000000000000000000E20000000000000F0000000000000000000000000000000000000000000000000000000000000000000000000000
310
00000F00000000000000000000000F000000000000000000000000000000000000000000000000000000000000000000000000000000000F0000000000E200000000000000000000000F0000000000000000000000000000000000000000000000000000000000000000000000000000000FE2E2E2E2000000000000000000
310
00000000000000000000E20000E2ECECE20000000000E2000000E2E2E2E20000000F0000000000000000000000000000000000000000000000000000000000000000000000000000000F000000000000000000E20000000000000F000000000000000000000000000000000000000000000000000000000000000000000000
310
000000000F00000000000000000000000F000000000000000000000000000000000000000000000000000000000000000000000000000000000F0000000000E200000000000000000000000F0000000000000000000000000000000000000000000000000000000000000000000000000000000FE2E2E2E200000000000000
310
000000000000000000000000E20000E2ECECE20000000000E2000000E2E2E2E20000000F0000000000000000000000000000000000000000000000000000000000000000000000000000000F000000000000000000E20000000000000F00000000000000000000000000000000000000000000000000000000000000000000
310
0000000000000F00000000000000000000000F000000000000000000000000000000000000000000000000000000000000000000000000000000000F0000000000E200000000000000000000000F0000000000000000000000000000000000000000000000000000000000000000000000000000000FE2E2E2E20000000000
310
0000000000000000000000000000E20000E2ECECE20000000000E2000000E2E2E2E20000000F0000000000000000000000000000000000000000000000000000000000000000000000000000000F000000000000000000E20000000000000F0000000000000000000000000000000000000000000000000000000000000000
310
00000000000000000F00000000000000000000000F000000000000000000000000000000000000000000000000000000000000000000000000000000000F0000000000E200000000000000000000000F0000000000000000000000000000000000000000000000000000000000000000000000000000000FE2E2E2E2000000
310
00000000000000000000000000000000E20000E2ECECE20000000000E2000000E2E2E2E20000000F0000000000000000000000000000000000000000000000000000000000000000000000000000000F000000000000000000E20000000000000F000000000000000000000000000000000000000000000000000000000000
310
000000000000000000000F00000000000000000000000F000000000000000000000000000000000000000000000000000000000000000000000000000000000F0000000000E200000000000000000000000F0000000000000000000000000000000000000000000000000000000000000000000000000000000FE2E2E2E200
310
000000000000000000000000000000000000E20000E2ECECE20000000000E2000000000000E20000000F0000000000000000000000000000000000000000000000000000000000000000000000000000000F000000000000000000E20000000000000F00000000000000000000000000000000000000000000000000000000
310
0000000000000000000000000F00000000000000000000000F000000000000000000000000000000000000000000000000000000000000000000000000000000000F0000000000E200000000000000000000000F0000000000000000000000000000000000000000000000000000000000000000000000000000000F000000
310
E200000000000000000000000000000000000000E20000E2ECECE20000000000E2000000000000E20000000F0000000000000000000000000000000000000000000000000000000000000000000000000000000F000000000000000000E20000000000000F0000000000000000000000000000000000000000000000000000
310
00000000000000000000000000000F00000000000000000000000F000000000000000000000000000000000000000000000000000000000000000000000000000000000F0000000000E200000000000000000000000F0000000000000000000000000000000000000000000000000000000000000000000000000000000F00
310
0000E200000000000000000000000000000000000000E20000E2ECECE20000000000E2000000000000E20000000F0000000000000000000000000000000000000000000000000000000000000000000000000000000F000000000000000000E20000000000000F000000000000000000000000000000000000000000000000
310
000000000000000000000000000000000F00000000000000000000000F000000000000000000000000000000000000000000000000000000000000000000000000000000000F0000000000E200000000000000000000000F000000000000000000000000000000000000000000000000000000000000000000000000000000
310
0F000000E200000000000000000000000000000000000000E20000E2ECECE20000000000E2000000000000E20000000F0000000000000000000000000000000000000000000000000000000000000000000000000000000F000000000000000000E20000000000000F00000000000000000000000000000000000000000000
310
0000000000000000000000000000000000000F00000000000000000000000F000000000000000000000000000000000000000000000000000000000000000000000000000000000F0000000000E200000000000000000000000F00000000000000000000000000000000000000000000000000000000000000000000000000
310
00000F000000E200000000000000000000000000000000000000E20000E2ECECE20000000000E2000000000000E20000000F0000000000000000000000000000000000000000000000000000000000000000000000000000000F000000000000000000E20000000000000F0000000000000000000000000000000000000000
310
00000000000000000000000000000000000000000F00000000000000000000000F000000000000000000000000000000000000000000000000000000000000000000000000000000000F0000000000E200000000000000000000000F0000000000000000000000000000000000000000000000000000000000000000000000
310
000000000F000000E200000000000000000000000000000000000000E20000E2ECECE20000000000E2000000000000E20000000F0000000000000000000000000000000000000000000000000000000000000000000000000000000F000000000000000000E20000000000000F000000000000000000000000000000000000
310
000000000000000000000000000000000000000000000F00000000000000000000000F000000000000000000000000000000000000000000000000000000000000000000000000000000000F0000000000E200000000000000000000000F000000000000000000000000000000000000000000000000000000000000000000
310
0000000000000F000000E200000000000000000000000000000000000000E20000E2ECECE20000000000E2000000000000E20000000F0000000000000000000000000000000000000000000000000000000000000000000000000000000F000000000000000000E20000000000000F00000000000000000000000000000000
310
0000000000000000000000000000000000000000000000000F00000000000000000000000F000000000000000000000000000000000000000000000000000000000000000000000000000000000F0000000000E200000000000000000000000F00000000000000000000000000000000000000000000000000000000000000
310
00000000000000000F000000E200000000000000000000000000000000000000E20000E2ECECE20000000000E2000000000000E20000000F0000000000000000000000000000000000000000000000000000000000000000000000000000000F000000000000000000E20000000000000F0000000000000000000000000000
310
00000000000000000000000000000000000000000000000000000F00000000000000000000000F000000000000000000000000000000000000000000000000000000000000000000000000000000000F0000000000E200000000000000000000000F0000000000000000000000000000000000000000000000000000000000
310
000000000000000000000F000000E200000000000000000000000000000000000000E20000E2ECECE20000000000E2000000000000E20000000F0000000000000000000000000000000000000000000000000000000000000000000000000000000F000000000000000000E20000000000000F000000000000000000000000
310
000000000000000000000000000000000000000000000000000000000F00000000000000000000000F000000000000000000000000000000000000000000000000000000000000000000000000000000000F0000000000E200000000000000000000000F000000000000000000000000000000000000000000000000000000
310
0000000000000000000000000F000000E200000000000000000000000000000000000000E20000E2ECECE20000000000E2000000000000E20000000F0000000000000000000000000000000000000000000000000000000000000000000000000000000F000000000000000000E20000E2E200000F00000000000000000000
310
0000000000000000000000000000000000000000000000000000000000000F00000000000000000000000F000000000000000000000000000000000000000000000000000000000000000000000000000000000F0000000000E200000000000000000000000F00000000000000000000000000000000000000000000000000
310
00000000000000000000000000000F000000E200000000000000000000000000000000000000E20000E2ECECE20000000000E2000000000000E20000000F0000000000000000000000000000000000000000000000000000000000000000000000000000000F000000000000000000E20000E2E200000F0000000000000000
310
00000000000000000000000000000000000000000000000000000000000000000F00000000000000000000000F00000000000000000000000000000000000000000000000000000000E2E2000000000000000000000F0000000000E200000000000000000000000F0000000000000000000000000000000000000000000000
310
000000000000000000000000000000000F000000E200000000000000000000000000000000000000E20000E2ECECE20000000000E2000000000000E20000000F0000000000000000000000000000000000000000000000000000000000000000000000000000000F000000000000000000E20000E2E2E2000F000000000000
310
000000000000000000000000000000000000000000000000000000000000000000000F00000000000000000000000F00000000000000000000000000000000000000000000000000000000E2E2000000000000000000000F0000000000E200000000000000000000000F000000000000000000000000000000000000000000
310
0000000000000000000000000000000000000F000000E200000000000000000000000000000000000000E20000E2ECECE20000000000E2000000000000E20000000F0000000000000000000000000000000000000000000000000000000000000000000000000000000F000000000000000000E20000E2E200E20F00000000
310
0000000000000000000000000000000000000000000000000000000000000000000000000F00000000000000000000000F00000000000000000000000000000000000000000000000000000000E2E2E20000000000000000000F0000000000E200000000000000000000000F00000000000000000000000000000000000000
310
00000000000000000000000000000000000000000F000000E200000000000000000000000000000000000000E20000E2ECECE20000000000E2000000000000E20000000F0000000000000000000000000000000000000000000000000000000000000000000000000000000F000000000000000000E2000000000000E20000
310
00000000000000000000000000000000000000000000000000000000000000000000000000000F00000000000000000000000F00000000000000000000000000000000000000000000000000000000000000E200000000000000000F0000000000E200000000000000000000000F0000000000000000000000000000000000
310
000000000000000000000000000000000000000000000F000000E200000000000000000000000000000000000000E20000E2ECECE20000000000E2000000000000E20000000F0000000000000000000000000000000000000000000000000000000000000000000000000000000F000000000000000000E20000000000000F
310
E20000000000000000000000000000000000000000000000000000000000000000000000000000000F00000000000000000000000F0000000000000000000000000000000000000000000000000000000000000000E2E20000000000000F0000000000E200000000000000000000000F000000000000000000000000000000
310
0000000000000000000000000000000000000000000000000F000000E200000000000000000000000000000000000000E20000E2ECECE20000000000E2000000000000E20000000F0000000000000000000000000000000000000000000000000000000000000000000000000000000F000000000000000000E20000000000
310
000F00E2E2000000000000000000000000000000000000000000000000000000000000000000000000000F00000000000000000000000F00000000000000000000000000000000000000000000000000E20000000000000000E200000000000F0000000000E200000000000000000000000F00000000000000000000000000
310
00000000000000000000000000000000000000000000000000000F000000E200000000000000000000000000000000000000E20000E2ECECE20000000000E2000000000000E20000000F0000000000000000000000000000000000000000000000000000000000000000000000000000000F000000000000000000E2000000
310
0000000F0000E2E2E200000000000000000000000000000000000000000000000000000000000000000000000F00000000000000000000000F0000000000000000000000000000000000000000000000000000000000000000000000E2E2E200000F0000000000E200000000000000000000000F0000000000000000000000
310
000000000000000000000000000000000000000000000000000000000F000000E200000000000000000000000000000000000000E20000E2ECECE20000000000E2000000000000E20000000F0000000000000000000000000000000000000000000000000000000000000000000000000000000F000000000000000000E200
310
00000000000FE2E2000000E2E20000000000000000000000000000000000000000000000000000000000000000000F00000000000000000000000F000000000000000000000000000000000000000000000000000000000000000000E2E2000000E2E20F0000000000E200000000000000000000000F000000000000000000
310
0000000000000000000000000000000000000000000000000000000000000F000000E200000000000000000000000000000000000000E20000E2ECECE20000000000E2000000000000E20000000F0000000000000000000000000000000000000000000000000000000000000000000000000000000F000000000000000000
310
E20000000000000FE20000000000E20000000000000000000000000000000000000000000000000000000000000000000F00000000000000000000000F0000000000000000000000000000000000000000000000000000000000000000000F0000000000E20F0000000000E200000000000000000000000F00000000000000
310
00000000000000000000000000000000000000000000000000000000000000000F000000E200000000000000000000000000000000000000E20000E2ECECE20000000000E2000000000000E20000000F0000000000000000000000000000000000000000000000000000000000000000000000000000000F00000000000000
310
0000E2000000000000E20F0F0F0F000F0FE200000000000000000000000000000000000000000000000000000000000000000F00000000000000000000000F00000000000000000000000000000000000000000000000000000000000000000F000F00000F0F0FE20000000000E200000000000000000000000F0000000000
310
000000000000000000000000000000000000000000000000000000000000000000000F000000E200000000000000000000000000000000000000E20000E2ECECE20000000000E2000000000000E20000000F0000000000000000000000000000000000000000000000000000000000000000000000000000000F0000000000
310
00000000E2000000000000E20000000F00000FE200000000000000000000000000000000000000000000000000000000000000000F00000000000000000000000F0000000000000000000000000000000000000000000000000000000000000000E20F0000000F0000E20000000000E200000000000000000000000F000000
310
0000000000000000000000000000000000000000000000000000000000000000000000000F000000E200000000000000000000000000000000000000E20000E2ECECE20000000000E2000000000000E20000000F0000000000000000000000000000000000000000000000000000000000000000000000000000000F000000
310
0000000000E2E2E2E2E2E2E2E2E2E2E2E2E2E2E2E2E20F0F0F0F0F0F0F0F0F0F0F0F0F0F0F0F0F0F0F0F0F0F0F0F0F0F0F0F0F0F0F0FE20000000000000000000000E20F0F0F0F0F0F0F0F0F0F0F0F0F0F0F0F0F0F0F0F0F0F0F0F0F0F0F0F0F0F0F0FE2E2E2E2E2E2E2E2E2E2E2E2E2E2E2E2000000000000000000000F00
310
00000000000000000000000000000000000000000000000000000000000000000000000000000F000000E200000000000000000000000000000000000000E20000E2ECECE20000000000E2000000000000E20000000F0000000000000000000000000000000000000000000000000000000000000000000000000000000F00
310
000000000000000000000000000000E2E20000000000E2000000000000000000000000000000000000000000000000000000000000000000E20000000000000000000000E2000000000000000000000000000000000000000000000000000000000000000000E20000000000E2E20000000000000000000000000000000000
310
0F0000000000000000000000000000000000000000000000000000000000000000000000000000000F000000E200000000000000000000000000000000000000E20000E2ECECE20000000000E2000000000000E20000000F000000000000000000000000000000000000000000000000000000000000000000000000000000
310
0F00000000000000000000000000000000E2E2E2000000E2E2000000000000000000000000000000000000000000000000000000000000000000E20000000000000000000000E2000000000000000000000000000000000000000000000000000000000000000000E2E2000000E2E2E2000000000000000000000000000000
310
00000F0000000000000000000000000000000000000000000000000000000000000000000000000000000F000000E200000000000000000000000000000000000000E20000E2ECECE20000000000E2000000000000E20000000F00000000000000000000000000000000000000000000000000000000000000000000000000
310
00000F00000000000000000000000000000000E20000E2E2E20000000000000000000000000000000000000000000000000000000000000000000000E20000000000000000000000E20000000000000000000000000000000000000000000000000000000000000000000000E2E2E20000E200000000000000000000000000
310
000000000F0000000000000000000000000000000000000000000000000000000000000000000000000000000F000000E200000000000000000000000000000000000000E20000E2ECECE20000000000E2000000000000E20000000F0000000000000000000000000000000000000000000000000000000000000000000000
310
000000000F00000000000000000000000000000000E200000000000000000000000000000000000000000000000000000000000000000000000000000000E20000000000000000000000E200000000000000000000000000000000000000000000000000000000000000000000000000000000E20000000000000000000000
310
0000000000000F0000000000000000000000000000000000000000000000000000000000000000000000000000000F000000E200000000000000000000000000000000000000E20000E2ECECE20000000000E2000000000000E20000000F000000000000000000000000000000000000000000000000000000000000000000
310
0000000000000F00000000000000000000000000000000E200000000000000000000000000000000000000000000000000000000000000000000000000000000E20000000000000000000000E200000000000000000000000000000000000000000000000000000000000000000000000000000000E2000000000000000000
310
00000000000000000F0000000000000000000000000000000000000000000000000000000000000000000000000000000F000000E200000000000000000000000000000000000000E20000E2ECECE20000000000E2000000000000E20000000F00000000000000000000008B8B8B8B8B8B8B00000000000000000000000000
310
00000000000000000F00000000000000000000000000000000E200000000000000000000000000000000000000000000000000000000000000000000000000000000E20000000000000000000000E200000000000000000000000000000000000000000000000000000000000000000000000000000000E200000000000000
310
000000000000000000000F00000000000000000000000000000000008B8B8B8B8B8B8B0000000000000000000000000000000F000000E200000000000000000000000000000000000000E20000E2ECECE20000000000E2000000000000E20000000F00000000000000000000008B8B8B8B8B8B8B0000000000000000000000
310
000000000000000000000F00000000000000000000000000000000E2E2E2E2E2E2E2E2E2E2E2E2E2E2E2E2E2E2E2E2E2E2E2E2E2E2E2E2E2E2E2E2E2E2E2E2E2E2E2E2E2E20000000000000000000000E2E2E2E2E2E2E2E2E2E2E2E2E2E2E2E2E2E2E2E2E2E2E2E2E2E2E2E2E2E2E2E2E2E2E2E2E2E2E2E2E2E20000000000
310
0000000000000000000000000F00000000000000000000000000000000008B8B8B8B8B8B8B0000000000000000000000000000000F000000E200000000000000000000000000000000000000E20000E2ECECE20000000000E2000000000000E20000000F00000000000000000000008B8B8B8B8B8B8B000000000000000000
310
0000000000000000000000000F00000000000000000000000000000000E2E20000000000000000000000000000000000E2E2E200000000000000000000000000000000000000E20000000000000000000000E2E20000000000000000000000000000000000E2E2E200000000000000000000000000000000000000E2000000
310
00000000000000000000000000000F00000000000000000000000000000000008B8B8B8B8B8B8B0000000000000000000000000000000F000000E200000000000000000000000000000000000000E20000E2ECECE20000000000E2000000000000E20000000F00000000000000000000008B8B8B8B8B8B8B00000000000000
310
00000000000000000000000000000F0000000000000000000000000000000000000000000000000000000000000000000000E2E2E20000000000000000000000000000000000000000000000000000000000000000000000000000000000000000000000000000E2E2E2000000000000000000000000000000000000000000
310
000000000000000000000000000000000F00000000000000000000000000000000008B8B8B8B8B8B8B0000000000000000000000000000000F000000E200000000000000000000000000000000000000E20000E2ECECE20000000000E2000000000000E20000000F0000000000000000000000000000000000000000000000
310
000000000000000000000000000000000F0000000000000000000000000000000000000000000000000000000000000000000000000000000000000000000000000000000000000000000000000000000000000000000000000000000000000000000000000000000000000000000000000000000000000000000000000000
310
0000000000000000000000000000000000000F0000000000000000000000000000000000000000000000000000000000000000000000000000000F000000E200000000000000000000000000000000000000E20000E2ECECE20000000000E2000000000000E20000000F000000000000000000000000000000000000000000
310
00000000000000000000000000000000E2E2E2E2E2E2E20000000000000000000000000000000000000000000000000000000000000000000000000000000000000000000000000000000000000000000000000000000000000000000000000000000000000000000000000000000000000000000000000000000000000000
310
00000000000000000000000000000000E2E2E2E2E2E2E2000000000000000000000000000000000000000000000000000000000000000000000000000F000000E200000000000000000000000000000000000000E20000E2ECECE20000000000E2000000000000E20000000F00000000000000000000000000000000000000
310
000000000000000000000000000000000000E2E2E2E2E20000000000000000000000000000000000000000000000000000000000000000000000000000000000000000000000000000000000000000000000000000000000000000000000000000000000000000000000000000000000000000000000000000000000000000
310
00000000000000000000000000000000000000E2E200E2E2E2000000000000000000000000000000000000000000000000000000000000000000000000000F000000E200000000000000000000000000000000000000E20000E2ECECE20000000000E2000000000000E20000000F0000000000000000000000000000000000
310
0000000000000000000000000000000000000000E200E2E2E2000000000000000000000000000000000000000000000000000000000000000000000000000000000000000000000000000000000000000000000000000000000000000000000000000000000000000000000000000000000000000000000000000000000000
310
000000000000000000000000000000000000000000E2E200E200E2000000000000000000000000000000000000000000000000000000000000000000000000000F000000E200000000000000000000000000000000000000E20000E2ECECE20000000000E2000000000000E20000000F000000000000000000000000000000
310
00000000000000000000000000000000000000000000E200E200000000000000000000000000000000000000E2E2E2000000000000000000000000000000000000000000000000000000000000000000000000000000000000000000000000000000000000000000000000000000000000000000000000E2E2E20000000000
310
0000000000000000000000000000000000000000000000000000E200E2000000000000000000000000000000000000000000000000000000000000000000000000000F000000E200000000000000000000000000000000000000E20000E2ECECE20000000000E2000000000000E20000000F00000000000000000000000000
310
000000000000000000000000000000E200000000000000E2E200E20000000000000000000000000000000000E2E2000000E2E20000000000000000000000000000000000000000000000000000000000000000000000000000000000000000000000000000000000000000000000000000000000000000E2E2000000E2E200
310
00000000000000000000000000000000000000000000000000000000E200E2E20000000000000000E20000000000000000000000000000000000000000000000000000000F000000E200000000000000000000000000000000000000E20000E2ECECE20000000000E2000000000000E20000000F0000000000000000000000
310
0000000000000000000000000000E2E2E2E2E2E2E2E2E2E2E2E2E2E2E20000000000000000000000000000000000E20000000000E20000000000000000000000000000000000000000000000000000000000000000000000000000000000000000000000000000000000000000000000000000000000000000E20000000000
310
E20000000000000000000000000000000000000000000000000000000000E2E2E2E2E2E2E2E2E2E2E2E2E20000000000000000000000000000000000000000000000000000000F000000E200000000000000000000000000000000000000E20000E2ECECE20000000000E2000000000000E20000000F000000000000000000
310
00000000000000000000000000000000E2E2E2E200000000000000000F000FE2E20000000000000000000000E2E2E2E2E2E2E2E2E2E2E2E20F0F0F0F0F0F0F0F0F0F0F0F0F0F0F0F0F0F0F0F0F0F0F0F0F0F0F0F0F0F0F0F0F0F0F0F0F0F0F0F0F0F0F0F0F0F0F0F0F0F0F0F0F0F0F0F0F0F0F0F0F0F0F0F0F0FE2000F0000
310
000000E2000000000000000000000000000000000000000000000000000000E2E2000F0000000000E2E2E2E2000000000000000000000000000000000000000000000000000000000F000000E200000000000000000000000000000000000000E20000E2ECECE20000000000E2000000000000E20000000F00000000000000
310
000000000000000000000000000000000000000000E200000000000000E2E2000F0000E2E2000000000000000000E2E200E200000F0F00000FE2000000000000000000000000000000000000000000000000000000000000000000000000000000000000000000000000000000000000000000000000000000000000E20000
310
0F0F000000E200000000000000000000000000000000000000000000000000E2E2000F000FE200000000000000E2000000000000000000000000000000000000000000000000000000000F000000E200000000000000000000000000000000000000E20000E2ECECE20000000000E2000000000000E20000000F0000000000
310
00000000000000000000000000000000000000000000E2E2E2E2E2E2E2E2E2E2E2E20F00E2E2E2E2E20000000000000000E200E20F0F0F00000F0FE200000000000000000000000000000000000000000000000000000000000000000000000000000000000000000000000000000000000000000000000000000000000FE2
310
0F00000F0F0F0FE2000000000000000000000000000000000000000000E2E2E2E2E200000FE2E2E2E2E2E2E2E2E2E2E2E20000000000000000000000000000000000000000000000000000000F000000E200000000000000000000000000000000000000E20000E2ECECE20000000000E2000000000000E20000000F000000
310
00000000000000000000000000000000000000000000000000E200000000000000000FE20F00E2E2E2E200E200000000000000E2000FE20000000000E2000000000000000000000000000000000000000000000000000000000000000000000000000000000000000000000000000000000000000000000000000000000000
310
000FE20000000000E200000000000000000000000000000000000000000000E2E2E2E2E200000FE20F0000000000000000E2000000000000000000000000000000000000000000000000000000000F000000E200000000000000000000000000000000000000E20000E2ECECE20000000000E2000000000000E20000000F00
310
000000000000000000000000000000000000000000000000000000E200000000000000000000E2E20000E2E2000000000000E2E2E2E2000FE2E2000000E2E200000000000000000000000000000000000000000000000000000000000000000000000000000000000000000000000000000000000000000000000000000000
310
00000000E2E2000000E2E20000000000000000000000000000000000000000000000E2E2000000E2E200000000000000000000E2000000000000000000000000000000000000000000000000000000000F000000E200000000000000000000000000000000000000E20000E2ECECE20000000000E2000000000000E2000000
310
0F00000000000000000000000000000000000000000000000000E2E2E2E2000000000000000000000F00E2000000000000000000E2E2E2E2000F0000E2E2E200000000000000000000000000000000000000000000000000000000000000008B8B8B8B8B8B8B8B000000000000000000000000000000000000000000000000
310
0000000000000000E2E2E2000F000000000000000000000000000000000000000000000000000000E2000F00000000000000E2E2E2E2000000000000000000000000000000000000000000000000000000000F000000E200000000000000000000000000000000000000E20000E2ECECE20000000000E2000000000000E200
310
00000F00000000000000000000000000000000000000000000000000E2E2E2E2000000000000000000000F00E2E2E200000000000000E2E2E2E2000F00000000E200000000000000000000000000000000000000000000000000000000000000008B8B8B8B8B8B8B8B00000000000000000000000000000000000000000000
310
000000000000000000E2E20000000F00000000000000000000000000000000000000000000000000E2E200000F00000000000000E2E2E2E2000000000000000000000000000000000000000000000000000000000F000000E200000000000000000000000000000000000000E20000E2ECECE20000000000E2000000000000
310
E20000000F00000000000000000000000000000000000000000000000000E2E2E2E2000000000000000000000FE2E2E2E2E2000000000000E2E2E2E2000F0000000000E2000000000000000000000000000000000000000000000000000000000000008B8B8B8B8B8B8B8B0000000000000000000000000000000000000000
310
00000000000000000000E200000000000F000000000000000000000000000000000000000000000000E2E2E200000F00000000000000E2E2E2E2000000000000000000000000000000000000000000000000000000000F000000E200000000000000000000000000000000000000E20000E2ECECE20000000000E200000000
310
0000E20000000F00000000000000000000000000000000000000000000000000E2E2E2E2000000000000000000000F00E2E2E200E20000000000000000E2000F000000000000E20000E200E2000000000000000000000000000000000000000000000000008B8B8B8B8B8B8B8B000000000000000000000000000000000000
310
0000000000E200E2000000E20000000000000F0000000000000000000000000000000000000000000000E2E2E2E2E2000F00000000000000E2E2E2E2000000000000000000000000000000000000000000000000000000000F000000E200000000000000000000000000000000000000E20000E2ECECE20000000000E20000
310
00000000E20000000F00000000000000000000000000000000000000000000000000000000E2000000000000000000000F0000E2E200000000000000000000E2000F00000000000000E20000E2E200000000000000000000000000000000000000000000000000000000000000000000000000000000000000000000000000
310
0000000000000000E2E20000E2000000000000000F000000000000000000000000000000000000000000000000E2E2E200000F00000000000000000000E2000000000000000000000000000000000000000000000000000000000F000000E200000000000000000000000000000000000000E20000E2ECECE20000000000E2
310
000000000000E20000000F00000000000000000000000000000000000000000000000000000000E2000000000000000000000F0000000000000000000000000000E2000F0000000000000000E2E2E2E20000000000000000000000000000000000000000000000000000000000000000000000000000000000000000000000
310
00000000000000000000E2E2E2E200000000000000000F00000000000000000000000000000000000000000000000000000000000F00000000000000000000E2000000000000000000000000000000000000000000000000000000000F000000E200000000000000000000000000000000000000E20000E2ECECE200000000
310
00E2000000000000E20000000F00000000000000000000000000000000000000000000000000000000E2000000000000000000000F0000000000000000000000000000E2000F0000000000000000000000E2000000000000000000000000000000000000000000000000000000000000000000000000000000000000000000
310
00000000000000000000000000E2000000000000000000000F00000000000000000000000000000000000000000000000000000000000F00000000000000000000E2000000000000000000000000000000000000000000000000000000000F000000E200000000000000000000000000000000000000E20000E2ECECE20000
310
000000E2000000000000E20000000F00000000000000000000000000000000000000000000000000000000E2000000000000000000000F0000000000000000000000000000E2000F00000000000000000000000000000000000000000000000000000000000000000000000000000000000000000000000000000000000000
310
00000000000000000000000000000000000000000000000000000F00000000000000000000000000000000000000000000000000000000000F00000000000000000000E2E20000000000000000000000000000000000000000000000000000000F000000E200000000000000000000000000000000000000E20000E2ECECE2
310
0000000000E20000000000E2E2E2E2E2E20F0F0F0F0F0F0F0F0F0F0F0F0F0F0F0F0F0F0F0F0F0F0F0F0F0F0FE2E2E2E2E2E2E2E2E2E2E2E2E200000000000000000000000000E2E2E2E20F0F0F0F0F0F0F0F0F0F0F0F0F0F0F0F0F0F0F0F0F0F0F0F0F0F0F0F0F0F0F0F0F0F0F0F0F0F0F0F0F0F0F0F0F0F0F0F0F0F0F0F0F
310
0F0F0F0F0F0F0F0F0F0F0F0F0F0F0F0F0F0F0F0F0F0F0F0F0F0F0F0FE20000000000000000000000000000000000000000000000000000000000E2E2E2E2E2E2E2E2E2E2E2E2E20F0F0F0F0F0F0F0F0F0F0F0F0F0F0F0F0F0F0F0F0F0F0F0F0F0F0FE2E2E2E2E2E2000000000000000000000000000000000000E20000E2EC
310
ECE20000000000E200000000000000000000000000000000000000000000000000000000000000000000000000000000000000000000000000000000000000000000000000000000000000E2000000000000000000000000000000000000000000000000000000000000000000000000000000000000000000000000000000
310
000000000000000000000000000000000000000000000000000000000000E2000000000000000000000000000000000000000000000000000000000000000000000000000000000000000000000000000000000000000000000000000000000000000000000000000000000000000000000000000000000000000000E20000
310
E2ECECE20000000000E200000000000000000000000000000000000000000000000000000000000000000000000000000000000000000000000000000000000000000000000000000000000000E200000000000000000000000000000000000000000000000000000000000000000000000000000000000000000000000000
310
0000000000000000000000000000000000000000000000000000000000000000E2000000000000000000000000000000000000000000000000000000000000000000000000000000000000000000000000000000000000000000000000000000000000000000000000000000000000000000000000000000000000000000E2
310
0000E2ECECE20000000000E200000000000000000000000000000000000000000000000000000000000000000000000000000000000000000000000000000000000000000000000000000000000000E20000000000000000000000000000000000000000000000000000000000000000000000000000000000000000000000
310
00000000000000000000000000000000000000000000000000000000000000000000E20000000000000000000000000000000000000000000000000000000000000000000000000000000000000000000000000000000000000000000000000000000000000000000000000000000000000000000000000000000000000000
310
00E20000E2ECECE20000000000E200000000000000000000000000000000000000000000000000000000000000000000000000000000000000000000000000000000000000000000000000000000000000E2E2E2E2E2E2E2E2E2E2E2E2E2E2E2E2E2E2E2E2E2E2E2E2E2E2E2E2E2E2E2E2E2E2E2E2E2E2E2E2E2E2E2E2E2E2
310
E2E2E2E2E2E2E2E2E2E2E2E2E2E2E2E2E2E2E2E2E2E2E2E2E2E2E2E2E2E2E2E2E2E2E2E2E2000000000000000000000000000000000000000000000000000000000000000000000000000000000000000000000000000000000000000000000000000000000000000000000000000000000000000000000000000000000000
310
000000E20000E2ECECE20000000000E200000000000000000000000000000000000000000000000000000000000000000000000000000000000000000000000000000000000000000000000000000000000000E200000000000000000000000000000000000000000000000000000000000000000000000000E2E2E2E2E200
310
0000000000000000000000000000000000000000000000000000000000000000000000000000E200000000000000000000000000000000000000000000000000000000000000000000000000000000000000000000000000000000000000000000000000000000000000000000000000000000000000000000000000000000
310
0000000000E20000E2ECECE20000000000E2000000000000000000000000000000000000000000000000000000000000000000000000000000000000000000000000000000000000000000000000000000000000000000000000000000000000000000000000000000000000000000000000000000000000000000E2E2E2E2
310
E2000000000000000000000000000000000000000000000000000000000000000000000000000000000000000000000000000000000000000000000000000000000000000000000000000000000000000000000000000000000000000000000000000000000000000000000000000000000000000000000000000000000000
310
00000000000000E20000E2ECECE20000000000E20000000000000000000000000000000000000000000000000000000000000000000000000000000000000000000000000000000000000000000000000000000000000000000000000000000000000000000000000000000000000000000000000000000000000000000000
310
00000000000000000000000000000000000000000000000000000000000000000000000000000000000000000000000000000000000000000000000000000000000000000000000000000000000000000000000000000000000000000000000000000000000000000000000000000000000000000000000000000000000000
310
000000000000000000E20000E2ECECE20000000000E2000000000000000000000000000000000000000000000000000000000000000000000000000000000000000000000000000000000000000000000000000000000000000000000000000000000000000000000000000000000000000000000000000000000000000000
310
00000000000000000000000000000000000000000000000000000000000000000000000000000000000000000000000000000000000000000000000000000000000000000000000000000000000000000000000000000000000000000000000000000000000000000000000000000000000000000000000000000000000000
310
0000000000000000000000E20000E2ECECE20000000000E200000000000000000000000000000000000000000000000000000000000000000000000000000000000000000000000000000000000000000000000000000000000000000000000000000000000000000000000000000000000000000000000000000000000000
310
00000000000000000000000000000000000000000000000000000000000000000000000000000000000000000000000000000000000000000000000000000000000000000000000000000000000000000000000000000000000000000000000000000000000000000000000000000000000000000000000000000000000000
310
00000000000000000000000000E20000E2ECECE2E2E2E2E2E2E2E2E2E2E2E2E2E2E2E2E2E2E2E2E2E2E2E2E2E2E2E2E2E2E2E2E2E2E2E2E2E2E2E2E2E2E2E2E2E2E2E2E2E2E2E2E2E2E2E2E2E2E2E2E2E2E2E2E2E2E2E2E2E2E2E2E2E2E2E2E2E2E2E2E2E2E2E2E2E2E2E2E2E2E2E2E2E2E2E2E2E2E2E2E2E2E2E2E2E2E2E2
310
E2E2E2E2E2E2E2E2E2E2E2E2E2E2E2E2E2E2E2E2E2E2E2E2E2E2E2E2E2E2E2E2E2E2E2E2E2E2E2E2E2E2E2E2E2E2E2E2E2E2E2E2E2E2E2E2E2E2E2E2E2E2E2E2E2E2E2E2E2E2E2E2E2E2E2E2E2E2E2E2E2E2E2E2E2E2E2E2E2E2E2E2E2E2E2E2E2E2E2E2E2E2E2E2E2E2E2E2E2E2E2E2E2E2E2E2E2E2E2E2E2E2E2E2E2E2E2
310
E2E2E2E2E2E2E2E2E2E2E2E2E2E2E2E2E2E2E2E2E2E20000000000E2E2E2E2E2E2E2E2E2E2E2E2E2E2E2E2E2E2E2E2E2E2E2E2E2E2E2E2E2E2E2E2E2E2E2E2E2E2E2E2E2E2E2E2E2E2E2E2E2E2E2E2E2E2E2E2E2E2E2E2E2E2E2E2E2E2E2E2E2E2E2E2E2E2E2E2E2E2E2E2E2E2E2E2E2E2E2E2E2E2E2E2E2E2E2E2E2E2E2E2
310
E2E2E2E2E2E2E2E2E2E2E2E2E2E2E2E2E2E2E2E2E2E2E2E2E2E2E2E2E2E2E2E2E2E2E2E2E2E2E2E2E2E2E2E2E2E2E2E2E2E2E2E2E2E2E2E2E2E2E2E2E2E2E2E2E2E2E2E2E2E2E2E2E2E2E2E2E2E2E2E2E2E2E2E2E2E2E2E2E2E2E2E2E2E2E2E2E2E2E2E2E2E2E2E2E2E2E2E2E2E2E2E2E2E2E2E2E2E2E2E2E2E2E2E2E2E2E2
310
E2E2E2E2E2E2E2E2E2E2E2E2E2E2E2E2E2E20000E2ECECE200000000000000000000000000000000000000000000000000000000000000000000000000000000000000000000000000000000000000000000000000000000000000000000000000000000000000000000000000000000000000000000000000000000000000
310
00000000000000000000000000000000000000000000000000000000000000000000000000000000000000000000000000000000000000000000000000000000000000000000000000000000000000000000000000000000000000000000000000000000000000000000000000000000000000000000000000000000000000
310
00000000000000000000000000000000000000000000E2ECECE2EAEAEAEAEAEAEAEAEAEAEAEAEAEAEAEAEAEAEAEAEAEAEAEAEAEAEAEAEAEAEAEAEAEAEAEAEAEAEAEAEAEAEAEAEAEAEAEAEAEAEAEAEAEAEAEAEAEAEAEAEAEAEAEAEAEAEAEAEAEAEAEAEAEAEAEAEAEAEAEAEAEAEAEAEAEAEAEAEAEAEAEAEAEAEAEAEAEAEAEAEA
310
EAEAEAEAEAEAEAEAEAEAEAEAEAEAEAEAEAEAEAEAEAEAEAEAEAEAEAEAEAEAEAEAEAEAEAEAEAEAEAEAEAEAEAEAEAEAEAEAEAEAEAEAEAEAEAEAEAEAEAEAEAEAEAEAEAEAEAEAEAEAEAEAEAEAEAEAEAEAEAEAEAEAEAEAEAEAEAEAEAEAEAEAEAEAEAEAEAEAEAEAEAEAEAEAEAEAEAEAEAEAEAEAEAEAEAEAEAEAEAEAEAEAEAEAEAEAEA
310
EAEAEAEAEAEAEAEAEAEAEAEAEAEAEAEAEAEAEAEAEAEAEAEAE2ECEC
  0
XRECORD
  5
8D79B
102
{ACAD_REACTORS
330
1F9
102
}
330
1F9
100
AcDbXrecord
280
     1
102
MATERIAL
148
0.0
149
0.0
149
0.0
 93
        0
 94
       63
282
     0
 72
     1
 77
     1
171
     1
175
     1
179
     1
273
     0
  0
XRECORD
  5
1FA
102
{ACAD_REACTORS
330
1F9
102
}
330
1F9
100
AcDbXrecord
280
     1
 70
     1
 90
429727718
  1
D62C5603-E3A1-4AEA-B7FB-FE5D8D0755AF
310
504B03040A0000080000CC70623B3DEE336E79000000790000001B0000006175746F6465736B2D64657369676E2D7061636B6167652E786D6C3C3F786D6C2076657273696F6E3D22312E302220656E636F64696E673D227574662D3822203F3E3C666F726D6174733E3C666F726D61743E687474703A2F2F736368656D612E
310
6175746F6465736B2E636F6D2F64657369676E2D7061636B6167652F323030393C2F666F726D61743E3C2F666F726D6174733E504B0304140006080800CC70623BD486FD9CA0000000F4000000130000005B436F6E74656E745F54797065735D2E786D6C7D8EC10E82300C865F65E91D8A1E8C310C0EEA1BF002731658846E
310
D98AC1B77784ABF1D8FE5FBFBF75BBCE937A534CCEB38643598122B6FEE978D0B0485F9C41B54DDD7D022595594E1A469170414C76A4D9A4D207E29CF43ECE46F218070CC6BECC4078ACAA135ACF422C856C0E68EA1BF5669944DDD7BCDE7B1F8E415D77AECB980613C2E4AC91FC167A2B244592486606FC29C8FD7F045B9A
310
EF7053A7E60B504B0304140006080800CC70623B853B8169EB0000007C01000008000000636F72652E786D6C8D90416EC3201045AF62CDB6C206821CC7C244919D9CA01740401C94182C03558F5F9C3852BBEB6A467FFE9B197D7EFC9E1EC5975982F5AE035262288C535E5B377690E21535501C055FBC8FBF6C503839990E
310
5619041F179FE64D52DE45E362569DD7661365082642A11EB9E920A89B99642953CC8E702F67A9EE7234257977194EC9EAE275C4EABCCF5EAD5940D4AC6F0E35A568B8F43562CD7046CD199FD07E60174276A7BE677B5EADB0E0D14EEFFB6A31321A0D82627C4084204C3F096B71DD52F6819B16635EADF63F509AF53FA164
310
5DDCD1EDDD17164090FCC8732078B56691CB33A85CD7DCC40F504B0304140006080800CC70623B55019EA25F0000007C00000007000000636E782E786D6C4DCB3B0E80201045D1AD90E915ED2CF8AC45050C11660C8261F98AB1B07AC9C97D42D718D865D3E909258CFD00CCE24AC6E326A164D74DC0B4128928FF32603847
310
2BA13128B1252AC747C6BAB984FC68F0B87FE8960A5C09FE86CFB69FBA01504B0304140006080800CC70623BDBABAAF470010000D40300000C0000006662782F636F72652E786D6CC553D16E823014FD95A6AF4B694182CC941A83FA05FB810A9511A125A5257EFE2E82712ECEB8A7F100CD39F7F69E734AF9FADC366850B6
310
AF8DCE7018308C942E4C59EB2AC3DE1D498AD15A706B8CFB56869196ADCAF00863C12B6B7C374385D14E6907A836A59A41D9F7CA615434B0C8705F7CAA5606D23BA8E84F41278B93AC54100640439DE0BDB320004D43C63716C7C399D30917DCFBBA9CD9BA8469F5B156168B24CED3F7248AC8769F27244EB73B92EED8862C
310
B7F13E0C179B3C8F979C8ECD82BBBABDAA2BAC924E9558448CBD9330242CFA08E3154B5651FCC6D215639C8EE5774DBE2B5F6CF2B5768B68963BB5F5588420E442FC700B1139D4CB01F450C1E918227C2E09DF070D8140C84E1E9AAB8F1340832A9CB13130A5F1376A908D57309505ECF2A0DF179C4E9D30F5B239B87E3823
310
7A79C6F31DE1A8A5AEC08474B03C7837EAE4938639B44E5932B833D2C6B6B279CDC613877FA26EE21F4A2A4C63EC7F29A2F301D1F9F7A0E37D145F504B0304140006080800CC70623B9C113CC27E0000009D0000000B0000006662782F636E782E786D6C4DCCDF0A83201C86E15B91DFB94BFB330DD428C8FB886521330DA7
310
6397BF1A1DECE883878F57749FCDA1B7892F1BBC047A23808C7F84D9FA55424E0BE6803A256208E9EF06C84F9B91703228B1C690F78B66B34CD9A5439DF5CF0BFBF65E35BCA1B8D6A5C6F540381E886698B5741C695F9503EBA150A2F8958E3DC3EA0B504B0304140006080800CC70623B7DF2F77C2A010000120200003100
310
00006662782F41393633353835312D344632462D344230382D423046372D3739314545314133324237412F636F72652E786D6C8D51DB8EC22014FC15C2939B0D2DB4B45643319AE817EC0F6041255A68B86CFCFC856D4D76DF7CE190393373060EDB3DC707F856CE6B6B7A480A0C81328395DA5C7B18C3057510EC3873D686
310
3F34088C18550F330C39BB3A1BA7051AAC09CA84841A2BD5020AEF55806078A44B0FFD7053A328440C89E1EFC52486BBB8AA8214A99D789CF9E05200300FC927E4FB4D5B375D43103D5527440FB843077C5AA3F5861C8F645F5787F59E95B390B318B55CE45AA638FAA2957BD7248B390B7A7CC51F9C124149C82B8C378810
310
84AB2F42B7B8DD56F413775B8C5999E9FF4471926F8AA236A1AE96B8B3CC434E5839373893369E1FAF30EA395917409EB7F26AF8801C171837A4A6AC9C89E9F9C9B1A58BA30FD6A5EF5DDDCF894B9AD9B6A59C957943A9FCAE2FD5BC4DFE03504B0304140006080800CC70623BAD7543B64E01000033030000300000006662
310
782F41393633353835312D344632462D344230382D423046372D3739314545314133324237412F636E782E786D6CD593CD6EC32010845F0571AD6CE3D48AD20813A9873E410FBD12D82434182C7EAAE6EDBB2424CD25871E7B41D6EC30B3FA84F9E67BB2E40B4234DE8DB46F1925E094D7C6ED479AD3AE5951B2113C789FEE
310
6C943839C1488B4C05DF079FE72A69D8C96C13AAD6B8631503449F83828872B949AC57D26200B826A308D316B4064D6E46FCDA41C05550DC9E483A00797BFD207EFB092A45DE9514C1BBD22178396BD39D891265658C238DEA00936C654E5E433CB65A26D9F6EDB5EBC14EBF49A45CB856E66048291F6939A9A81BB5C89177
310
38143CA680F4AA299D66A042CEB3354A2684DC9D8D178FE0D9B8B41CAAD720F880EE7EF93C0C18769E099ECC04D5A102C8049A8A05632F4DDF376CF1DE0F6BB65C2F8627B65A33C6BB62177CEBBDAD973006829F89F22E814B54F4BC2BE347F8AA8F681390B50FA73F804400B5F542E796F19FF974E7F78DB802FE05E20750
310
4B0304140006080800CC70623BE75B7789680500003C100000340000006662782F41393633353835312D344632462D344230382D423046372D3739314545314133324237412F6F626A656374732E786D6CAD575B8F9B3818FD2B887D06C22499CB8AA1CA655245D5B455A356FB305264C061D8018C6C3393D95FBFC7600890
310
A4CD5EF210B0B1BFEBF98E3F7B1FF6596ABC522E1296DF9BAE3D320D9A872C4AF2F8DE2CE5CEBA358D0FBEC719939D65A691938CDE9B6ADAF4BD98B3B2D05311DD91329583D9D5FC0F438434A7A611A644887B5384CF34233629258BA878B12322891DEFF6B66BD70BFB62634E8AE781D082709A4B588AF91C528CDA28B73F
310
1C998EEF39EABBEFA97FBD6A7C7E9553F9D3D79FE442923C3C523610337627CB87ABE99D359D4CC6D6E4FACAB5E6ABF9D2726FC6A3C5F56271377BB88362213924694B38DD99FE47C48627A1E7D49F5A8BB5E1A74C0A599ED3B0F21F1E56366B89112D681E218F0915D0D6F17AD41FBA2A369DCF6335D62ABBD39779D5DDD1
310
11D4D8DE3CBB96B2E04FB8202E41051754A1AA8E8F76B4C6DFE810B580B1547F4B84911149794252234D024EF8BBE963A95AE27B3D310A9D5C215C7960FAEE415ED75694C6AFB17BCACA5D99A60A9AA65F217B0BFC53292ACB92BF283FAD0D3621576592CB5BED907C2FA8E9DF794E35E97BEA31BED21FEB401ABB94C44839
310
DCACBF0E1C5DA8DA5B2F4DFFD32AD86F543D9E565E7056502E157C00AD2671CD534549AB752FCA9CDA00677A313F04E51B22FF19E57B300579E3C97EB29F682D92935CEC18CF901B7B54FD8C51F362B56FC72FE0B3C1EAE335EDCCBF5AEC39ADB17DC238973F804BA5E6F6BFE7AF1FB32E523BE9F3BD571418E3631DCA4D48
310
5250CF639223210A9446CA30052EDF057BD35F8329C1ECD84552BF0DC8D18BE7BCE23BFE6BD960AB4A7DE79923A103BEBD80F911CBAA2C60DB19B01CF164A5583B772EE6D3FFA56666CBCDA74DC97724A48F9A58967497E489C4D979006FD7A05E227A1EBDD0F737C623387A9C844D3709995625106D157315F8B8392CD4E0
310
A0B9A720C4BE9829CEF37EA1E13111214D53925356365ADA634861B52519DD27A00AEB808EAF0628E6F435519D446F45CF2C9CF5214F0A15B2F6D06B79DA3EE3CBF7F56780D2F4E7EF73A0F5E5B02A38D07DC852C6B7C1FBB6664213E0C39E3EBA7FF4E1AD23EA2829407C85E586727488B751B2DB9502BC7B228A3FD68B6E
310
A65A22397E690AA8D158D7E404EC8CDA235CC3B7D1898680131CEC2CDF2638C65196279577750F15884AEE19F94199155B92B13297978469D4F8D358DF0AEF7631E28DC8F0D9F437D5D39A83B2231A1D52D543813A824EF8D44BCFF2FA6A31BD1E8DAD87F1CCB526B3879935BF59CDADD5C37479BB1CDD4CA7B3556B516589
310
EF352754B706114D9C885EC9131DE6EFEB43D99AFE2391C2F958179413D7CFEF6B1B6DB1E7600F00DE6E5C67454A339A4BA2E0FBA85ED26F045D454F463DBFCE484C2F90F2E5E3666003662ED8F755951A7D1BECD5B30B550B2785C8E7320B7292A4838DDA71BBC863ED7613CAF659337A3354231D4FF4A182A54904C2898C
310
98B28C4AD0CE056CCF332A80986E571EE9DBC305BB5FEB7E509220A58D25CF042D712A806AC0AD0C657FDEF80D2D9CEAA2EE4D1C76F60BFE74219A06527D6F82DF6412526107381E55E353090704D085B52408A8913C4ED159D79BDA71BB4BC506F4831350EB6F975CD22D69BF7AC49B91A2C0A9DDA3D5CA36AD20FC478E37
310
E61844E2352865EBCB61A275A65283CAAA9DD27703B4102F5AF51EF5F573B75CBB5AD38BC845F7A49F82A0966A49C2E3EA5EA0ECD326CD965F1DB402C6FA8B51A4658C5C5E2EC9E214602E55810345408596591009A82E7E7FFACA19EEA299B14A0081A705CB3296EBC14CDF658DCD336EA6D1136881AAEB87B81AB9EE53D5
310
F5EB8BC8362082DA24122F98680A4E7930C01A0079749CEA14382A0783E5EBA5A10F8C098456A03D6A4AEB6BB881E2513747552A5DB22C7EDAF83BD5528081A365F7FF06504B0304140006080000CC70623B000000000000000000000000350000006662782F41393633353835312D344632462D344230382D423046372D37
310
39314545314133324237412F76657274696365732E62696E504B0304140006080800CC70623BF270F1330600000004000000360000006662782F41393633353835312D344632462D344230382D423046372D3739314545314133324237412F747269616E676C65732E62696E636660600000504B0304140006080000CC7062
310
3B000000000000000000000000370000006662782F41393633353835312D344632462D344230382D423046372D3739314545314133324237412F617474726962757465732E62696E504B0304140006080800CC70623B08DA0BD19000000041010000360000006662782F41393633353835312D344632462D344230382D4230
310
46372D3739314545314133324237412F6469726563746F72792E786D6C858F410AC3201045AF22B36F53E9A60B35CBEEBAE80D244E44489C6234F4F835464A48035D0DF398FF9F8AF63D0E6CC63039F212F8F9020C7D47C6792B21C5FE7403D62A1188E2E60C98D7234A5830286103A55745067B9D86B8A3CF9C7F90C11DE6
310
07FB144396D7B6A82D282E9A152AD114D5EF2CB866EEE831B8EEA07A7BB5A8D7D61A2BAAEB7FD5F70921FF497D00504B0304140006080800CC70623BEDD1DC58FD000000A00100003B0000006662782F41393633353835312D344632462D344230382D423046372D3739314545314133324237412F7265736F75726365732F
310
636F72652E786D6C8D504B6E833010BD0A9A6D65B00922041947112427E8052C33A156828DFCA97AFC9A40A576D7CDCCE87D344F8F9FBFE667F689CE6B6B3A6039850C8DB2A336530731DC4903D95970676DF82583CCC8193B5861107C72362E3BA4AC096842428D1D7107A5F7182053CF7474E0D507CE32973124857FE48B
310
540F3961CEF244279DE03EB81420DB9EAC1384436FA353E879B1B182C7A8C75DA3C7F453DF353A1075D537A7BA6464B8F535A99AE14A9A2BBD90E350DD183B5CFABE3AF262350B1EF4FC9351399401471025A527C218A1E53BAB5A5AB765F5469B96525EACF23FA6B88CFF34456DC2A1DCE36E360F82A5202F42F062ED2BAD
310
579969AFDD8A6F504B010214000A0000080000CC70623B3DEE336E79000000790000001B00000000000000000000000000000000006175746F6465736B2D64657369676E2D7061636B6167652E786D6C504B01021400140006080800CC70623BD486FD9CA0000000F40000001300000000000000000000000000B20000005B
310
436F6E74656E745F54797065735D2E786D6C504B01021400140006080800CC70623B853B8169EB0000007C010000080000000000000000000000000083010000636F72652E786D6C504B01021400140006080800CC70623B55019EA25F0000007C000000070000000000000000000000000094020000636E782E786D6C504B
310
01021400140006080800CC70623BDBABAAF470010000D40300000C00000000000000000000000000180300006662782F636F72652E786D6C504B01021400140006080800CC70623B9C113CC27E0000009D0000000B00000000000000000000000000B20400006662782F636E782E786D6C504B01021400140006080800CC70
310
623B7DF2F77C2A010000120200003100000000000000000000000000590500006662782F41393633353835312D344632462D344230382D423046372D3739314545314133324237412F636F72652E786D6C504B01021400140006080800CC70623BAD7543B64E010000330300003000000000000000000000000000D2060000
310
6662782F41393633353835312D344632462D344230382D423046372D3739314545314133324237412F636E782E786D6C504B01021400140006080800CC70623BE75B7789680500003C10000034000000000000000000000000006E0800006662782F41393633353835312D344632462D344230382D423046372D3739314545
310
314133324237412F6F626A656374732E786D6C504B01021400140006080000CC70623B0000000000000000000000003500000000000000000000000000280E00006662782F41393633353835312D344632462D344230382D423046372D3739314545314133324237412F76657274696365732E62696E504B01021400140006
310
080800CC70623BF270F133060000000400000036000000000000000000000000007B0E00006662782F41393633353835312D344632462D344230382D423046372D3739314545314133324237412F747269616E676C65732E62696E504B01021400140006080000CC70623B0000000000000000000000003700000000000000
310
000000000000D50E00006662782F41393633353835312D344632462D344230382D423046372D3739314545314133324237412F617474726962757465732E62696E504B01021400140006080800CC70623B08DA0BD1900000004101000036000000000000000000000000002A0F00006662782F41393633353835312D344632
310
462D344230382D423046372D3739314545314133324237412F6469726563746F72792E786D6C504B01021400140006080800CC70623BEDD1DC58FD000000A00100003B000000000000000000000000000E1000006662782F41393633353835312D344632462D344230382D423046372D3739314545314133324237412F7265
310
736F75726365732F636F72652E786D6C504B0506000000000E000E0080040000641100000000
  0
XRECORD
  5
8D79C
102
{ACAD_REACTORS
330
1F7
102
}
330
1F7
100
AcDbXrecord
280
     1
102
MATERIAL
148
0.0
149
0.0
149
0.0
 93
        0
 94
       63
282
     0
 72
     1
 77
     1
171
     1
175
     1
179
     1
273
     0
  0
XRECORD
  5
1F8
102
{ACAD_REACTORS
330
1F7
102
}
330
1F7
100
AcDbXrecord
280
     1
 70
     1
 90
429727718
  1
30362254-06B7-45E0-A893-8CFA70E3D6BC
310
504B03040A0000080000CC70623B3DEE336E79000000790000001B0000006175746F6465736B2D64657369676E2D7061636B6167652E786D6C3C3F786D6C2076657273696F6E3D22312E302220656E636F64696E673D227574662D3822203F3E3C666F726D6174733E3C666F726D61743E687474703A2F2F736368656D612E
310
6175746F6465736B2E636F6D2F64657369676E2D7061636B6167652F323030393C2F666F726D61743E3C2F666F726D6174733E504B0304140006080800CC70623BD486FD9CA0000000F4000000130000005B436F6E74656E745F54797065735D2E786D6C7D8EC10E82300C865F65E91D8A1E8C310C0EEA1BF002731658846E
310
D98AC1B77784ABF1D8FE5FBFBF75BBCE937A534CCEB38643598122B6FEE978D0B0485F9C41B54DDD7D022595594E1A469170414C76A4D9A4D207E29CF43ECE46F218070CC6BECC4078ACAA135ACF422C856C0E68EA1BF5669944DDD7BCDE7B1F8E415D77AECB980613C2E4AC91FC167A2B244592486606FC29C8FD7F045B9A
310
EF7053A7E60B504B0304140006080800CC70623B1EC5D7A3EB0000007C01000008000000636F72652E786D6C8D90416EC3201045AF82665B6103C6756C6122AB4D4ED00B204C5C94182C03558F5F9C3852BBEB6A467FFE9B197D71FC9E6FE8CBACC17AD7032D0820E3B41FAD9B7A48F1820F808E52ACDEC75F36404ECDA687
310
4D0629A6D5A76597B477D1B89855E747B38B2A041301E95B6E7A08FAD3CCAA50296647B8168BD2573599823EBB0CA76447F43862C7BCCF5EAC59410E4DDD9C7973C2755553CCCFA4C603E3040F1565ED3B1FDE4E432BCA0D9622DAF9795FAF464533826484B498524CD807E51D79ED187F21878E10516EF63F505AC67F42C9
310
BA58B1FDDD071640D2FCC87D2045B96591CB3DA85CB7DCE40F504B0304140006080800CC70623B55019EA25F0000007C00000007000000636E782E786D6C4DCB3B0E80201045D1AD90E915ED2CF8AC45050C11660C8261F98AB1B07AC9C97D42D718D865D3E909258CFD00CCE24AC6E326A164D74DC0B4128928FF32603847
310
2BA13128B1252AC747C6BAB984FC68F0B87FE8960A5C09FE86CFB69FBA01504B0304140006080800CC70623B8C9102E971010000D40300000C0000006662782F636F72652E786D6CC5535B6E833010BC8AE5DF0A6C08340F1947A84D4ED00B38C6A128602363A31CBFCB234A53A551FA553EC09AD9F5CE8C31DB9E9B1AF5CA
310
7695D1198E428A91D2D214952E33ECDD315861B4E5CC1AE3BE9561A445A3323CC098B3D21ADFCE9034DA29ED00D5A6503328BA4E398C640D8B0C77F253352214DE4145770A5B214FA2546114020D759C75CE8200340D19DE981F0F6746269C33EFAB6266AB02A655C74A59CCF365BADC27CB5D902ED22848F6340DF238A141
310
BE88E2F57B92BFEDF23523433367AE6A2EEAA455C2A902F398D2751045018D3FA264435F3771F242571B4A1919CA6F9A7C5B3CD9E42BED16F12C776AEB308F40C848FC700B1139D4891EF410CEC810227CC6846F8386402064270EF5C5C709A05E49676C024C61FC95EA45ED154CA5211D1FF4FB8291A913A68E9B83EBBB33
310
E2A7673CDE118E5AE8124C0807CB8377834E366998436B950D7A7746DAD846D4CFD978E0F04FD455FC5D49D2D4C6FE9722321F10997F0F32DC47FE05504B0304140006080800CC70623BFFEA85907E0000009D0000000B0000006662782F636E782E786D6C4DCCD10A83201886E15B91FFDC95D95A811AB6F23E625948A6C3
310
E9D8E5AF46073BFAE0E1E365ED67B3E8ADC3CB78C7815C7240DA3DFC64DCC221C519D7805AC182F7F1EF06C88D9BE6703008B6049F9E274D7A1E938DBB5AE3D6131B2589BA0D3D965551E0B2EA732C9B9A624AAEB41E3A557677029960D9AFB4EF11165F504B0304140006080800CC70623B4FEEA4082C0100001202000031
310
0000006662782F39464131463745442D413632322D343644302D413938332D3331353338454246344243312F636F72652E786D6C8D515B6EC32010BC0AE2AB55850DD871ED0813254D72825EC00192A2C460F1A872FC42ED48ED5F7E00CDCECCCEB26C731F6FE05B39AFADE921293004CA082BB5B9F43086336A21D870E6AC
310
0D7F68109861543DCC30E4ECE26C9C164858139409093556AA051CBC570102714B8F1E7AF1A5C6A11862480C7F2DA6415C878B2A4891CA89C7990F2E050073937C42DE1DB7E4F87ED8A36D4329AA9B3D46DBAEAD504556557BD81DEBDD0761E52CE42C462D17B996298E3E6BE59E35C962CE821E1FF18553435012728A7187
310
0841987E927A8D9B35ADDF70BBC6989599FE4F1427F9A4286A132ABAC49D651EF234CD5CE04CDA78BA3DC2A8FB645D00B9DF8B57E215725C60BCA2A463E54C4CE327C7A65E1C7DB02E7DEFCBF594B864C5CA6CDBD49C957943E9FA5D5FBAF336F90F504B0304140006080800CC70623BAD7543B64E01000033030000300000
310
006662782F39464131463745442D413632322D343644302D413938332D3331353338454246344243312F636E782E786D6CD593CD6EC32010845F0571AD6CE3D48AD20813A9873E410FBD12D82434182C7EAAE6EDBB2424CD25871E7B41D6EC30B3FA84F9E67BB2E40B4234DE8DB46F1925E094D7C6ED479AD3AE5951B2113C
310
789FEE6C943839C1488B4C05DF079FE72A69D8C96C13AAD6B8631503449F83828872B949AC57D26200B826A308D316B4064D6E46FCDA41C05550DC9E483A00797BFD207EFB092A45DE9514C1BBD22178396BD39D891265658C238DEA00936C654E5E433CB65A26D9F6EDB5EBC14EBF49A45CB856E66048291F6939A9A81BB5
310
C8917738143CA680F4AA299D66A042CEB3354A2684DC9D8D178FE0D9B8B41CAAD720F880EE7EF93C0C18769E099ECC04D5A102C8049A8A05632F4DDF376CF1DE0F6BB65C2F8627B65A33C6BB62177CEBBDAD973006829F89F22E814B54F4BC2BE347F8AA8F681390B50FA73F804400B5F542E796F19FF974E7F78DB802FE05
310
E207504B0304140006080800CC70623B16AB87BA640500003C100000340000006662782F39464131463745442D413632322D343644302D413938332D3331353338454246344243312F6F626A656374732E786D6CAD575B6FA33818FD2B887DE6924B3BED8A326A92B68A663B534DD4D13E548A0C38942D60649B369D5FBFC7
310
600890A493BDE42160637FD7F31D7FF63E6FB3D478A55C242CBF3247B66B1A340F5994E4F19559CA8D75611A9F7D8F33263BCB4C232719BD32D5B4E97B316765A1A722BA21652A07B3B7B33F0D11D29C9A46981221AE4C113ED38CD8A4942CA2E2C58E882476BCD9DA23BB5ED8171B73523C0F841684D35CC252CCE79062D4
310
468DFA43D7747CCF51DF7D4FFDEB5593E3AB9CCA9FBEFE241792E4E19EB28198C968BAB8199F5D5A67D3E9C49A9E8F47D6EC76B6B0469F26EEFC7C3EBFBCBEB98462213924694B38DD98FE1D62C393D073EA4FADC5DAF04326852CCF6958F90F0F2B9BB5C48816348F90C7840A68EB78EDF68723159BCEE7891A6B95DDE9D3
310
BCEAEEE8086A6C6F9E5D4B59F0175C10A7A0820BAA5055C7473B5AE3CFDD452D602CD5DF12616444529E90D448938013FE6EFA58AA96F85E4F8C42275708571E98FE6827AF6B2B4AE3D7D83D64E5A64C53054DD3AF90BD06FEA9149565C94FCA0F6B834DC85599E4F2423B24DF0B6AFA979E534DFA9E7A4CC6FA631D486393
310
921829879BF5D781A373557BCB85E97FB90DB62B558F8795179C15944B051F40AB495CF35451D26A4727654E6D8033BD98EF82F21D91FF8AF2DD9982BCF1643BDD4EB516C9492E368C67C88DED563FC36D5EACF66DFF057C3658BDBFA69DF9578B3DA735B64F18C7F20770A9D45CFCF7FCF563D6456A277DBEF78A02637CA2
310
43B90A490AEAB94F72244481D24819A6C0E59B606BFA4B3025981DBB48EAB701D97BF19C577CC77F2D1B6C55A9EF3C732474C0B727303F625995056C3B02963D9EAC146BE78EC5FCEC7FA999EBC5EACBAAE41B12D27B4D2C0BBA49F244E2ECDC81B76B502F113D8F5EE8FB1BE3111CDD4FC2AA9B844CAB1288B68AB90A7CDC
310
1C166AB0D3DC5310625FCC14E779BFD0709F8890A629C9292B1B2DED31A4B0DA928CEE135085754027E3018A397D4D5427D15BD1330B677DC8934285AC3DF45A9EB68FF8F2B8FC0A509AFEECFD0FF2DE25CC6047F7214B195F07EFEB9A094D800F7BFAE8FED187B78EA8A3A400F115961BCAD1215E47C966530AF0EE8128FE
310
58CEBB996A8964FFA529A046635D9353B0336A8F700DDF46271A024E70B0B37C9DE01847591E54DED53D54202AB947E4076556AC49C6CA5C9E1226B7F1A7B1BE15DEED62C41B91E1B3E9AFAAA735036547343A925075041DF0A9979E893B391F8FCFA6967B3EFB644DCF6E5CEBFAE272625DCC6FAF3FB93793C5F90CE1EF57
310
407342756B10D1C489E8953CD1617E5CEECAD6F4EF8914CE5D5D504E5C3F1F9736DA62CFC11E00BCDDB8CC8A9466349744C1F75EBDA4DF09BA8A9E8C7A7E9991989E20E5DBDD6A6003664ED8F7A04A8DBE0DF6EAD9B9AA858342E47399053949D2C146EDB85DE4B176BB0965FBAC19BD19AA918E27FA50C1D22402E144464C
310
59462568E704B6E71915404CB72B8FF4EDE184DDAF753F284990D2C6926782963815403548A70C657FDEF80D2D9CEAA2AE4C1C76F60BFE74219A06527D6582DF6412526107381E55E353090704D085B52408D0933C4ED159D79BDA71BB4BC506F4831350EB6F979CD22D69BF7AC49B91A2C0A9DDA3D5CA36AD20FC478E37E6
310
1844E2352865EBCB6EA275A652E3836BE04EFB400BF1A2556F515F1FBB35B2AB35BD889C744FFA1004B5544B121E57F70215746DD2F5E2C1412B602CBF19455AC6C8E5E9922C4E01E65215385004546899059180EAFCF7A707CE7017CD8CDB0410789AB32C63B91E5CEBBBACB17AC6CD347A022D5075FD106377347AAABA7E
310
7D11590744509B44E205134DC1290F06580320F78E537D3D73540E06CB970B431F185308AD40BBD794D6D77003C5A36E8EAA54BA64597CD8F83BD552A080A365F7FF06504B0304140006080000CC70623B000000000000000000000000350000006662782F39464131463745442D413632322D343644302D413938332D3331
310
353338454246344243312F76657274696365732E62696E504B0304140006080800CC70623BF270F1330600000004000000360000006662782F39464131463745442D413632322D343644302D413938332D3331353338454246344243312F747269616E676C65732E62696E636660600000504B0304140006080000CC70623B
310
000000000000000000000000370000006662782F39464131463745442D413632322D343644302D413938332D3331353338454246344243312F617474726962757465732E62696E504B0304140006080800CC70623B08DA0BD19000000041010000360000006662782F39464131463745442D413632322D343644302D413938
310
332D3331353338454246344243312F6469726563746F72792E786D6C858F410AC3201045AF22B36F53E9A60B35CBEEBAE80D244E44489C6234F4F835464A48035D0DF398FF9F8AF63D0E6CC63039F212F8F9020C7D47C6792B21C5FE7403D62A1188E2E60C98D7234A5830286103A55745067B9D86B8A3CF9C7F90C11DE607
310
FB144396D7B6A82D282E9A152AD114D5EF2CB866EEE831B8EEA07A7BB5A8D7D61A2BAAEB7FD5F70921FF497D00504B0304140006080800CC70623B0D6EF93BFE000000A00100003B0000006662782F39464131463745442D413632322D343644302D413938332D3331353338454246344243312F7265736F75726365732F63
310
6F72652E786D6C8D50596E833010BD0A9ADFCA60B334011947A8694ED00B586642AC041B79A97AFC9A40A5F6AF3F33A3B7689E1E3F7DCD8FEC139DD7D6F4C0720A191A65476DA61E62B892236427C19DB5E1970C322367EC618541F0C9D9B8EC90B226A009093576C41D94DE63804C3DD2D18357379C652E63480A7FCF17A9
310
EE72C29CE5894E3AC17D702940B63D59270887DE46A7D0F36263058F518FBB468FE9A7BE6A7420864373B8D4873369AA8691FA421B3294352543C5CAF65C0F6FEF43CB8BD52C78D0F34F46E550061C419494B6843142CB0F5677F4B52BEB177AEC28E5C52AFF638ACBF84F53D42654E51E77B379102C05791282176B5F693D
310
CB4C7BED567C03504B010214000A0000080000CC70623B3DEE336E79000000790000001B00000000000000000000000000000000006175746F6465736B2D64657369676E2D7061636B6167652E786D6C504B01021400140006080800CC70623BD486FD9CA0000000F40000001300000000000000000000000000B20000005B
310
436F6E74656E745F54797065735D2E786D6C504B01021400140006080800CC70623B1EC5D7A3EB0000007C010000080000000000000000000000000083010000636F72652E786D6C504B01021400140006080800CC70623B55019EA25F0000007C000000070000000000000000000000000094020000636E782E786D6C504B
310
01021400140006080800CC70623B8C9102E971010000D40300000C00000000000000000000000000180300006662782F636F72652E786D6C504B01021400140006080800CC70623BFFEA85907E0000009D0000000B00000000000000000000000000B30400006662782F636E782E786D6C504B01021400140006080800CC70
310
623B4FEEA4082C0100001202000031000000000000000000000000005A0500006662782F39464131463745442D413632322D343644302D413938332D3331353338454246344243312F636F72652E786D6C504B01021400140006080800CC70623BAD7543B64E010000330300003000000000000000000000000000D5060000
310
6662782F39464131463745442D413632322D343644302D413938332D3331353338454246344243312F636E782E786D6C504B01021400140006080800CC70623B16AB87BA640500003C1000003400000000000000000000000000710800006662782F39464131463745442D413632322D343644302D413938332D3331353338
310
454246344243312F6F626A656374732E786D6C504B01021400140006080000CC70623B0000000000000000000000003500000000000000000000000000270E00006662782F39464131463745442D413632322D343644302D413938332D3331353338454246344243312F76657274696365732E62696E504B01021400140006
310
080800CC70623BF270F133060000000400000036000000000000000000000000007A0E00006662782F39464131463745442D413632322D343644302D413938332D3331353338454246344243312F747269616E676C65732E62696E504B01021400140006080000CC70623B0000000000000000000000003700000000000000
310
000000000000D40E00006662782F39464131463745442D413632322D343644302D413938332D3331353338454246344243312F617474726962757465732E62696E504B01021400140006080800CC70623B08DA0BD190000000410100003600000000000000000000000000290F00006662782F39464131463745442D413632
310
322D343644302D413938332D3331353338454246344243312F6469726563746F72792E786D6C504B01021400140006080800CC70623B0D6EF93BFE000000A00100003B000000000000000000000000000D1000006662782F39464131463745442D413632322D343644302D413938332D3331353338454246344243312F7265
310
736F75726365732F636F72652E786D6C504B0506000000000E000E0080040000641100000000
  0
XRECORD
  5
8D79D
102
{ACAD_REACTORS
330
173
102
}
330
173
100
AcDbXrecord
280
     1
102
MATERIAL
148
0.0
149
0.0
149
0.0
 93
        0
 94
       63
282
     0
 72
     1
 77
     1
171
     1
175
     1
179
     1
273
     0
  0
XRECORD
  5
1FB
102
{ACAD_REACTORS
330
173
102
}
330
173
100
AcDbXrecord
280
     1
 70
     0
 90
1673772943
  1
ECE7A1D2-D628-4531-984C-D00F80459256
310
504B03040A0000080000CC70623B3DEE336E79000000790000001B0000006175746F6465736B2D64657369676E2D7061636B6167652E786D6C3C3F786D6C2076657273696F6E3D22312E302220656E636F64696E673D227574662D3822203F3E3C666F726D6174733E3C666F726D61743E687474703A2F2F736368656D612E
310
6175746F6465736B2E636F6D2F64657369676E2D7061636B6167652F323030393C2F666F726D61743E3C2F666F726D6174733E504B0304140006080800CC70623BD486FD9CA0000000F4000000130000005B436F6E74656E745F54797065735D2E786D6C7D8EC10E82300C865F65E91D8A1E8C310C0EEA1BF002731658846E
310
D98AC1B77784ABF1D8FE5FBFBF75BBCE937A534CCEB38643598122B6FEE978D0B0485F9C41B54DDD7D022595594E1A469170414C76A4D9A4D207E29CF43ECE46F218070CC6BECC4078ACAA135ACF422C856C0E68EA1BF5669944DDD7BCDE7B1F8E415D77AECB980613C2E4AC91FC167A2B244592486606FC29C8FD7F045B9A
310
EF7053A7E60B504B0304140006080800CC70623BD9DDAED0EC0000007C01000008000000636F72652E786D6C8D90416EC3201045AF82665B61836D9CD8C2444DD39CA01740405C94182C03558F5F9C3852BBEB6A467FFE9B197D7EF89E6EE8CB2CC17A37002D0820E394D7D68D03A478C17B4007C117EFE32F1B20272733C0
310
2A83E0E3E2D3BC49CABB685CCCAAF3DA6CA20CC14440EA969B0182FA34932C648AD911AEC52CD5558EA6A0CF2EC329598D1E47ACCEFBECC59A050463A7EA5833865FEBDD0E37353BE3EE8DBDE3F6786A48D375FBF6CC78B9C282473B3DEFABC5C86834888A900E538A49F5419B9EB47DD5BC907D4F082F57FB1F28CDFA9F50
310
B22ED6D5F6EE030B20687EE43E10BC5CB3C8E51E54AE6B6EE207504B0304140006080800CC70623B55019EA25F0000007C00000007000000636E782E786D6C4DCB3B0E80201045D1AD90E915ED2CF8AC45050C11660C8261F98AB1B07AC9C97D42D718D865D3E909258CFD00CCE24AC6E326A164D74DC0B4128928FF326038
310
472BA13128B1252AC747C6BAB984FC68F0B87FE8960A5C09FE86CFB69FBA01504B0304140006080800CC70623BA24EB22D72010000D40300000C0000006662782F636F72652E786D6CC5535B6E833010BC8AE5DF0A6C5E49888CA3A6694ED00B38E05014B091B1518EDFE511A5A9D228FD2A1F60CDEC7A67C6986DCE4D8D7A
310
69BA4AAB0C073EC548AA5C17952A33ECECD15B61B4E1CC686DBF9561A44423333CC098B3D268D7CE50AE9595CA02AA74216750749DB418E5352C32DCE59FB211BE70162ABA93DF8AFC244AE9073ED050C759670D0840D390E18DF9F1706664C23973AE2A66B62A605A75ACA4C13C4976E1364A12EF355A2EBD384AF65EFA96
310
BC7B8BED2EA6719AAE16FB8491A199335B351775B991C2CA02F390D2D40B028F861F41BCA68B7518BFD0D59A524686F29B26D7164F36B94AD9289CE54E6D1DE6010819891F6E21228B3AD1831EC219194284CF98F06DD01008846CC5A1BEF83801D4CBDC6A1303536877A57A513B0953A94FC707FDBE6064EA84A9E3E6E0FA
310
EE8CF0E9198F7784A316AA0413C2C2F2E0ECA0934D1AE6D05A69BCDE9E91D2A611F573361E38FC1375157F5752AE6B6DFE4B11990F88CCBF0719EE23FF02504B0304140006080800CC70623B408A7D3B7C0000009D0000000B0000006662782F636E782E786D6C4DCCD10A83201886E15B91FFDC552A92A0064DBC8F581632
310
D3703A76F9ABD1C18E3E78F878E5F0D9027ABBFCF2292AE86E2D20171F69F6715550CB827B40839639A5F2770314A7CD293819B45C73AAFB45B35BA61ACAA1C1C7E7855C58C15BC331339661262CC762340413D68D77DA5B42298546CBE6573AF60CEB2F504B0304140006080800CC70623B449FB9BD290100001202000031
310
0000006662782F36394639363044362D344446342D343946362D394244322D3234314243333846323333332F636F72652E786D6C8D515B6EC32010BC0AE22B55850D98B871848994463E412FE002495162B07854397EA176A4F62F3F2C9A9D991D587EB84F37F0AD7D30CEF6905418026DA553C65E7A98E219ED203808EE9D
310
8B7F6810D871D23D2C3014FCE25D9A57483A1BB58D19B54EE9151C43D0110279CB971E06F9A5A7B11A53CC8C70ADE6515EC78BAE4895DB992778883E0700CB907242D17643D7E2538BD869608875438BBAE38922CAC8F1BDD90DB4691A5E2F42C153326A951B95E398B3D1FE599322163C9AE9115F7A3D46ADA0A018778810
310
84E907617BDCEE297BC5BB3DC6BC2EF47FA234AB2745C9D8D8D035EE220B50105E2F0DC1954B9FB747187D9F9D8FA0CCDB042D5FA0C015C65B42DF78BD10F3F3B363CB56C7109DCFDFBBB97E662ED92EB62D13BC2E1BCAE5777DB9966D8A1F504B0304140006080800CC70623BAD7543B64E01000033030000300000006662
310
782F36394639363044362D344446342D343946362D394244322D3234314243333846323333332F636E782E786D6CD593CD6EC32010845F0571AD6CE3D48AD20813A9873E410FBD12D82434182C7EAAE6EDBB2424CD25871E7B41D6EC30B3FA84F9E67BB2E40B4234DE8DB46F1925E094D7C6ED479AD3AE5951B2113C789FEE
310
6C943839C1488B4C05DF079FE72A69D8C96C13AAD6B8631503449F83828872B949AC57D26200B826A308D316B4064D6E46FCDA41C05550DC9E483A00797BFD207EFB092A45DE9514C1BBD22178396BD39D891265658C238DEA00936C654E5E433CB65A26D9F6EDB5EBC14EBF49A45CB856E66048291F6939A9A81BB5C89177
310
38143CA680F4AA299D66A042CEB3354A2684DC9D8D178FE0D9B8B41CAAD720F880EE7EF93C0C18769E099ECC04D5A102C8049A8A05632F4DDF376CF1DE0F6BB65C2F8627B65A33C6BB62177CEBBDAD973006829F89F22E814B54F4BC2BE347F8AA8F681390B50FA73F804400B5F542E796F19FF974E7F78DB802FE05E20750
310
4B0304140006080800CC70623B8D05915C650500003B100000340000006662782F36394639363044362D344446342D343946362D394244322D3234314243333846323333332F6F626A656374732E786D6CAD575B6FA33814FE2B887D06429276DA1565D4266D158D3A339A6846FB502932E050B66023DB74D2FDF5FB190C01
310
9276B2973C046C8ECFF53B17071F77456EBD502133CEAE6CDF9DD81665314F32965ED995DA3A17B6F5310C04E7AA47665B8C14F4CAD6DB7618A48257A5D94AE89654B91AEDDEDDFC61C998326A5B714EA4BCB265FC440BE2924AF184CA6737218AB8E976E7FA6E4338649B0A523E8D98964450A6A029F619B8588D52FE7039
310
B1BD30F0F4F730D0FF866AF6369557DB33949F31A9088B0F848DD8CCFCF9F2767A76E99CCDE733677E3EF59D9BBB9BA5E37F984D16E78BC5E5F5ED25044B25C0C96822E8D60EEFE11B91C581D77CEA34368A1F5329E68CD1B8B61F16D63A1B8E092D294B10C78C4A48EB593D192E7DED9BDEE7995E1B91FDEDD3ACEA9FE831
310
6A756F9F7D4D79F4274C90A7A04248AA51D5F8C718DAE06FB2F75AC4796EBE65D22A88A22223B995679120E2D50E41AA49C260C046A35368846B0BECD0DFF3EBEB8AD4F835768F69B9ADF25C43D30E6B646F807FAA64AD59F61715C7A54127C4AACA98BA3006A9D792DAE165E0D59B61A01FB3A9F9D838D2DAE62445C86166
310
F37564E842E7DE6A69879FEEA2DD5AE7E371E1A5E025154AC307D06A03D73EB5978C58FFA4C8E9033066E0F3BD53BEC1F39F91BE7B55103791EDE6BBB991A2046172CB4581D8B893FA674DDA17A77B3B7C413D1B511FD2743BFF8A38F03A658705E3ADF8015C3A3417FF3D7E439FF591DA0B5F18BC20C1B8981957AE6392A3
310
F43C640C01D1A0B4728E2DD4F26DB4B3C3152A252A3B4E913CEC1C72F012782FF88EFF8637AA552DBEF76408E8A8DE9E50F9E1CB3A2DA0DB1B6039A893B56063DC5B3E3FFB5F72E67AB9FEB4AEC496C4F4C1149625DD662C53E89D7BF0F6151A046260D1337DFDC94502430F83B0EE07A130A224BCAD7DAE1D9FB6CD422FF6
310
920702629C4BB9AE79C12F243C6432A6794E18E5552BA56B431AAB5D91317302B2B071E86C3A42B1A02F999E24061403B5D0EB639195DA655DD3EBEAB4FB862DDF579F014AD0E73C22F99E28DA57FB98E75C6CA2D74D53086D600F4786E0FE3144B771A8A7B900F03594DB8A633CBC49B2EDB69228BB479CF863B5E807AAAB
310
23872F6DFEB4129B949CA33823F58830E86D65621E10047D9DB34D862E8EAC3C2ABC2F7B2C40D67CDFE01F5545B92105AF983AC54D93D69E56FB8E797F88913F898A9FEC705D3F9D1B54EC8426FB500D40A03BD0119B06E1B95DDC7EB8F6975367793EBD70E66733DFB9BC982F9CE564727731999F5D4ECFCE3B8D6A4DC2A0
310
6D50FD148437D110834A64C6CDDF57FBACB5C307A2A477DFE4939736CFEF2B175371E0E10CF0DD1D5C15654E0BCA14D1E87DD02FF93782A162C0A3D95F1524A52770F972BF1EE9809D13CE7DD599467F8ECE9ADD85CE85A34CD45355448C64F9E8A031DC2D596ACC6E5DD93D9B82DE2EF5CAF81363A8E47996A0DE24564A79
310
4115AACE09C55E14540231FDA13C319787134EBF34E3A022514E5B4D9E0826E25C02D5805B15ABE1BEF51B26383D445DD9E875EE33FE4C22DA16427D65A3BCA92CA6D28DD01DF5DC53330704308475351050232CCD31583787BA75774AFB06E5070DD0C8EF484E19968C5D83BA5B90B244D31E54D55A372320FE4786B7EA58
310
44E135AA5467CB7EA333A61683CC6A8C3257034C10CF46F40EF9F5BE59BE5BD30C3C72D235E95D10345C1D45445A5F0BB47E46A5EBE5570F9380B5FA629579952296A773720405982B9DE04011506178964401AA8BDF1FBF0A8EAB6861DD6580C0E38217056766716DAEB2D6FA0917D3E4116581EADB879C4E7CFFB11EFACD
310
3D641311495D92C8676CB409A72D18610D803CE8A626049E8EC1887CB5B44CC39883690DDA8399B4B9855B481E7D71D4A9D22F96E5BB73BF5793020C02137BF837504B0304140006080000CC70623B000000000000000000000000350000006662782F36394639363044362D344446342D343946362D394244322D32343142
310
43333846323333332F76657274696365732E62696E504B0304140006080800CC70623BF270F1330600000004000000360000006662782F36394639363044362D344446342D343946362D394244322D3234314243333846323333332F747269616E676C65732E62696E636660600000504B0304140006080000CC70623B0000
310
00000000000000000000370000006662782F36394639363044362D344446342D343946362D394244322D3234314243333846323333332F617474726962757465732E62696E504B0304140006080800CC70623B08DA0BD19000000041010000360000006662782F36394639363044362D344446342D343946362D394244322D
310
3234314243333846323333332F6469726563746F72792E786D6C858F410AC3201045AF22B36F53E9A60B35CBEEBAE80D244E44489C6234F4F835464A48035D0DF398FF9F8AF63D0E6CC63039F212F8F9020C7D47C6792B21C5FE7403D62A1188E2E60C98D7234A5830286103A55745067B9D86B8A3CF9C7F90C11DE607FB14
310
4396D7B6A82D282E9A152AD114D5EF2CB866EEE831B8EEA07A7BB5A8D7D61A2BAAEB7FD5F70921FF497D00504B0304140006080800CC70623BCA768048FE000000A00100003B0000006662782F36394639363044362D344446342D343946362D394244322D3234314243333846323333332F7265736F75726365732F636F72
310
652E786D6C8D50596E833010BD0A9ADFCA60D600328E9AA639412F609909B1126CE4A5EAF16B0295DABFFECC8CDEA2797AECF8353F924FB44E193D409E5248504B332A3D0D10FC95B4901C39B3C6F85F3248B49871801506CE266BC2B243D2688FDA47549B11775038871E12F988C7004EDE7016A9083E2ADC3D5D84BC8B09
310
D33C8D74D471E6BC8D0192EDC93A815B742658898E651BCB59086ADC356A8C3FD555A1055ED7E7E254D615792D0F075295F585746FF53B694EE78A565DD736979A65AB9933AFE69F8CD2A2F038022F28ED489E135A7CE4554F9BBEA85E68DB53CAB255FEC71496F19FA6A0B42F8B3DEE6673C0F318E4497096AD7DC5F52C33
310
EEB55BFE0D504B010214000A0000080000CC70623B3DEE336E79000000790000001B00000000000000000000000000000000006175746F6465736B2D64657369676E2D7061636B6167652E786D6C504B01021400140006080800CC70623BD486FD9CA0000000F40000001300000000000000000000000000B20000005B436F
310
6E74656E745F54797065735D2E786D6C504B01021400140006080800CC70623BD9DDAED0EC0000007C010000080000000000000000000000000083010000636F72652E786D6C504B01021400140006080800CC70623B55019EA25F0000007C000000070000000000000000000000000095020000636E782E786D6C504B0102
310
1400140006080800CC70623BA24EB22D72010000D40300000C00000000000000000000000000190300006662782F636F72652E786D6C504B01021400140006080800CC70623B408A7D3B7C0000009D0000000B00000000000000000000000000B50400006662782F636E782E786D6C504B01021400140006080800CC70623B
310
449FB9BD290100001202000031000000000000000000000000005A0500006662782F36394639363044362D344446342D343946362D394244322D3234314243333846323333332F636F72652E786D6C504B01021400140006080800CC70623BAD7543B64E010000330300003000000000000000000000000000D20600006662
310
782F36394639363044362D344446342D343946362D394244322D3234314243333846323333332F636E782E786D6C504B01021400140006080800CC70623B8D05915C650500003B10000034000000000000000000000000006E0800006662782F36394639363044362D344446342D343946362D394244322D32343142433338
310
46323333332F6F626A656374732E786D6C504B01021400140006080000CC70623B0000000000000000000000003500000000000000000000000000250E00006662782F36394639363044362D344446342D343946362D394244322D3234314243333846323333332F76657274696365732E62696E504B010214001400060808
310
00CC70623BF270F13306000000040000003600000000000000000000000000780E00006662782F36394639363044362D344446342D343946362D394244322D3234314243333846323333332F747269616E676C65732E62696E504B01021400140006080000CC70623B00000000000000000000000037000000000000000000
310
00000000D20E00006662782F36394639363044362D344446342D343946362D394244322D3234314243333846323333332F617474726962757465732E62696E504B01021400140006080800CC70623B08DA0BD190000000410100003600000000000000000000000000270F00006662782F36394639363044362D344446342D
310
343946362D394244322D3234314243333846323333332F6469726563746F72792E786D6C504B01021400140006080800CC70623BCA768048FE000000A00100003B000000000000000000000000000B1000006662782F36394639363044362D344446342D343946362D394244322D3234314243333846323333332F7265736F
310
75726365732F636F72652E786D6C504B0506000000000E000E0080040000621100000000
  0
XRECORD
  5
8D79E
102
{ACAD_REACTORS
330
8D485
102
}
330
8D485
100
AcDbXrecord
280
     1
102
ACAD_ROUNDTRIP_2010_MLEADER_STYLE
  0
XRECORD
  5
8C51F
102
{ACAD_REACTORS
330
8C51E
102
}
330
8C51E
100
AcDbXrecord
280
     1
102
DISPLAYNAME
  1
Imperial24
102
FLAGS
 90
        0
  0
XRECORD
  5
8C51B
102
{ACAD_REACTORS
330
8C51A
102
}
330
8C51A
100
AcDbXrecord
280
     1
102
DISPLAYNAME
  1
Metric50
102
FLAGS
 90
        0
  0
CELLSTYLEMAP
  5
8D7A0
102
{ACAD_REACTORS
330
162
102
}
330
162
100
AcDbCellStyleMap
 90
        3
300
CELLSTYLE
  1
TABLEFORMAT_BEGIN
 90
        5
170
     1
 91
        0
 92
    32768
 62
   257
 93
        1
300
CONTENTFORMAT
  1
CONTENTFORMAT_BEGIN
 90
        0
 91
        0
 92
      512
 93
        0
300

 40
0.0
140
1.0
 94
        5
 62
     0
340
11
144
6.0
309
CONTENTFORMAT_END
171
     1
301
MARGIN
  1
CELLMARGIN_BEGIN
 40
1.5
 40
1.5
 40
1.5
 40
1.5
 40
4.5
 40
4.5
309
CELLMARGIN_END
 94
        6
 95
        1
302
GRIDFORMAT
  1
GRIDFORMAT_BEGIN
 90
        0
 91
        1
 62
     0
 92
       -2
340
14
 93
        0
 40
1.125
309
GRIDFORMAT_END
 95
        2
302
GRIDFORMAT
  1
GRIDFORMAT_BEGIN
 90
        0
 91
        1
 62
     0
 92
       -2
340
14
 93
        0
 40
1.125
309
GRIDFORMAT_END
 95
        4
302
GRIDFORMAT
  1
GRIDFORMAT_BEGIN
 90
        0
 91
        1
 62
     0
 92
       -2
340
14
 93
        0
 40
1.125
309
GRIDFORMAT_END
 95
        8
302
GRIDFORMAT
  1
GRIDFORMAT_BEGIN
 90
        0
 91
        1
 62
     0
 92
       -2
340
14
 93
        0
 40
1.125
309
GRIDFORMAT_END
 95
       16
302
GRIDFORMAT
  1
GRIDFORMAT_BEGIN
 90
        0
 91
        1
 62
     0
 92
       -2
340
14
 93
        0
 40
1.125
309
GRIDFORMAT_END
 95
       32
302
GRIDFORMAT
  1
GRIDFORMAT_BEGIN
 90
        0
 91
        1
 62
     0
 92
       -2
340
14
 93
        0
 40
1.125
309
GRIDFORMAT_END
309
TABLEFORMAT_END
  1
CELLSTYLE_BEGIN
 90
        1
 91
        1
300
_TITLE
309
CELLSTYLE_END
300
CELLSTYLE
  1
TABLEFORMAT_BEGIN
 90
        5
170
     1
 91
        0
 92
        0
 62
   257
 93
        1
300
CONTENTFORMAT
  1
CONTENTFORMAT_BEGIN
 90
        0
 91
        0
 92
      512
 93
        0
300

 40
0.0
140
1.0
 94
        5
 62
     0
340
11
144
4.5
309
CONTENTFORMAT_END
171
     1
301
MARGIN
  1
CELLMARGIN_BEGIN
 40
1.5
 40
1.5
 40
1.5
 40
1.5
 40
4.5
 40
4.5
309
CELLMARGIN_END
 94
        6
 95
        1
302
GRIDFORMAT
  1
GRIDFORMAT_BEGIN
 90
        0
 91
        1
 62
     0
 92
       -2
340
14
 93
        0
 40
1.125
309
GRIDFORMAT_END
 95
        2
302
GRIDFORMAT
  1
GRIDFORMAT_BEGIN
 90
        0
 91
        1
 62
     0
 92
       -2
340
14
 93
        0
 40
1.125
309
GRIDFORMAT_END
 95
        4
302
GRIDFORMAT
  1
GRIDFORMAT_BEGIN
 90
        0
 91
        1
 62
     0
 92
       -2
340
14
 93
        0
 40
1.125
309
GRIDFORMAT_END
 95
        8
302
GRIDFORMAT
  1
GRIDFORMAT_BEGIN
 90
        0
 91
        1
 62
     0
 92
       -2
340
14
 93
        0
 40
1.125
309
GRIDFORMAT_END
 95
       16
302
GRIDFORMAT
  1
GRIDFORMAT_BEGIN
 90
        0
 91
        1
 62
     0
 92
       -2
340
14
 93
        0
 40
1.125
309
GRIDFORMAT_END
 95
       32
302
GRIDFORMAT
  1
GRIDFORMAT_BEGIN
 90
        0
 91
        1
 62
     0
 92
       -2
340
14
 93
        0
 40
1.125
309
GRIDFORMAT_END
309
TABLEFORMAT_END
  1
CELLSTYLE_BEGIN
 90
        2
 91
        1
300
_HEADER
309
CELLSTYLE_END
300
CELLSTYLE
  1
TABLEFORMAT_BEGIN
 90
        5
170
     1
 91
        0
 92
        0
 62
   257
 93
        1
300
CONTENTFORMAT
  1
CONTENTFORMAT_BEGIN
 90
        0
 91
        0
 92
      512
 93
        0
300

 40
0.0
140
1.0
 94
        2
 62
     0
340
11
144
4.5
309
CONTENTFORMAT_END
171
     1
301
MARGIN
  1
CELLMARGIN_BEGIN
 40
1.5
 40
1.5
 40
1.5
 40
1.5
 40
4.5
 40
4.5
309
CELLMARGIN_END
 94
        6
 95
        1
302
GRIDFORMAT
  1
GRIDFORMAT_BEGIN
 90
        0
 91
        1
 62
     0
 92
       -2
340
14
 93
        0
 40
1.125
309
GRIDFORMAT_END
 95
        2
302
GRIDFORMAT
  1
GRIDFORMAT_BEGIN
 90
        0
 91
        1
 62
     0
 92
       -2
340
14
 93
        0
 40
1.125
309
GRIDFORMAT_END
 95
        4
302
GRIDFORMAT
  1
GRIDFORMAT_BEGIN
 90
        0
 91
        1
 62
     0
 92
       -2
340
14
 93
        0
 40
1.125
309
GRIDFORMAT_END
 95
        8
302
GRIDFORMAT
  1
GRIDFORMAT_BEGIN
 90
        0
 91
        1
 62
     0
 92
       -2
340
14
 93
        0
 40
1.125
309
GRIDFORMAT_END
 95
       16
302
GRIDFORMAT
  1
GRIDFORMAT_BEGIN
 90
        0
 91
        1
 62
     0
 92
       -2
340
14
 93
        0
 40
1.125
309
GRIDFORMAT_END
 95
       32
302
GRIDFORMAT
  1
GRIDFORMAT_BEGIN
 90
        0
 91
        1
 62
     0
 92
       -2
340
14
 93
        0
 40
1.125
309
GRIDFORMAT_END
309
TABLEFORMAT_END
  1
CELLSTYLE_BEGIN
 90
        3
 91
        2
300
_DATA
309
CELLSTYLE_END
  0
XRECORD
  5
8D79F
102
{ACAD_REACTORS
330
162
102
}
330
162
100
AcDbXrecord
280
     1
102
ACAD_ROUNDTRIP_PRE2007_TABLESTYLE
 90
      512
 91
        0
  2

 91
      512
 92
        0
  3

 92
      512
 93
        0
  4

  0
XRECORD
  5
8D7A1
102
{ACAD_REACTORS
330
8D48A
102
}
330
8D48A
100
AcDbXrecord
280
     1
102
RTVSPropertyOp0
 70
     1
102
RTVSPropertyOp1
 70
     1
102
RTVSPropertyOp2
 70
     1
102
RTVSPropertyOp3
 70
     1
102
RTVSPropertyOp4
 70
     1
102
RTVSPropertyOp5
 70
     1
102
RTVSPropertyOp6
 70
     1
102
RTVSPropertyOp7
 70
     1
102
RTVSPropertyOp8
 70
     1
102
RTVSPropertyOp9
 70
     1
102
RTVSPropertyOp10
 70
     1
102
RTVSPropertyOp11
 70
     1
102
RTVSPropertyOp12
 70
     1
102
RTVSPropertyOp13
 70
     1
102
RTVSPropertyOp14
 70
     1
102
RTVSPropertyOp15
 70
     1
102
RTVSPropertyOp16
 70
     1
102
RTVSPropertyOp17
 70
     1
102
RTVSPropertyOp18
 70
     1
102
RTVSPropertyOp19
 70
     1
102
RTVSPropertyOp20
 70
     1
102
RTVSPropertyOp21
 70
     1
102
RTVSPropertyOp22
 70
     1
102
RTVSPropertyOp23
 70
     1
102
RTVSPropertyOp24
 70
     1
102
RTVSPropertyOp25
 70
     1
102
RTVSPropertyOp26
 70
     1
102
RTVSPropertyOp27
 70
     1
102
RTVSPropertyOp28
 70
     1
102
RTVSPropertyOp29
 70
     1
102
RTVSPropertyOp30
 70
     1
102
RTVSPropertyOp31
 70
     1
102
RTVSPropertyOp32
 70
     1
102
RTVSPropertyOp33
 70
     1
102
RTVSPropertyOp34
 70
     1
102
RTVSPropertyOp35
 70
     1
102
RTVSPropertyOp36
 70
     1
102
RTVSPropertyOp37
 70
     1
102
RTVSPropertyOp38
 70
     1
102
RTVSPropertyOp39
 70
     1
102
RTVSPropertyOp40
 70
     1
102
RTVSPropertyOp41
 70
     1
102
RTVSPropertyOp42
 70
     1
102
RTVSPropertyOp43
 70
     1
102
RTVSPropertyOp44
 70
     1
102
RTVSPropertyOp45
 70
     1
102
RTVSPropertyOp46
 70
     1
102
RTVSPropertyOp47
 70
     1
102
RTVSPropertyOp48
 70
     1
102
RTVSPropertyOp49
 70
     1
102
RTVSPropertyOp50
 70
     1
102
RTVSPropertyOp51
 70
     0
102
RTVSPropertyOp52
 70
     0
102
RTVSPropertyOp53
 70
     1
102
RTVSPropertyOp54
 70
     1
102
RTVSPropertyOp55
 70
     1
102
RTVSPropertyOp56
 70
     1
102
RTVSPropertyOp57
 70
     1
102
RTVSPost2010Prop28
280
     1
102
RTVSPost2010PropOp28
 70
     1
102
RTVSPost2010Prop29
280
     1
102
RTVSPost2010PropOp29
 70
     1
102
RTVSPost2010Prop30
280
     0
102
RTVSPost2010PropOp30
 70
     1
102
RTVSPost2010Prop31
280
     0
102
RTVSPost2010PropOp31
 70
     1
102
RTVSPost2010Prop32
280
     0
102
RTVSPost2010PropOp32
 70
     1
102
RTVSPost2010Prop33
280
     0
102
RTVSPost2010PropOp33
 70
     1
102
RTVSPost2010Prop34
280
     0
102
RTVSPost2010PropOp34
 70
     1
102
RTVSPost2010Prop35
280
     0
102
RTVSPost2010PropOp35
 70
     1
102
RTVSPost2010Prop36
280
     0
102
RTVSPost2010PropOp36
 70
     1
102
RTVSPost2010Prop37
 90
       50
102
RTVSPost2010PropOp37
 70
     1
102
RTVSPost2010Prop38
140
0.0
102
RTVSPost2010PropOp38
 70
     1
102
RTVSPost2010Prop39
140
1.0
102
RTVSPost2010PropOp39
 70
     1
102
RTVSPost2010Prop40
 90
        0
102
RTVSPost2010PropOp40
 70
     1
102
RTVSPost2010Prop41ColorIndex
 90
       18
102
RTVSPost2010Prop41ColorRGB
 90
        0
102
RTVSPost2010PropOp41
 70
     1
102
RTVSPost2010Prop42
 90
       50
102
RTVSPost2010PropOp42
 70
     1
102
RTVSPost2010Prop43
 90
        3
102
RTVSPost2010PropOp43
 70
     1
102
RTVSPost2010Prop44ColorIndex
 90
        5
102
RTVSPost2010Prop44ColorRGB
 90
      255
102
RTVSPost2010PropOp44
 70
     1
102
RTVSPost2010Prop45
280
     0
102
RTVSPost2010PropOp45
 70
     1
102
RTVSPost2010Prop46
 90
       50
102
RTVSPost2010PropOp46
 70
     1
102
RTVSPost2010Prop47
 90
       50
102
RTVSPost2010PropOp47
 70
     1
102
RTVSPost2010Prop48
 90
       50
102
RTVSPost2010PropOp48
 70
     1
102
RTVSPost2010Prop49
280
     0
102
RTVSPost2010PropOp49
 70
     1
102
RTVSPost2010Prop50
 90
       50
102
RTVSPost2010PropOp50
 70
     1
102
RTVSPost2010Prop51ColorIndex
 90
      256
102
RTVSPost2010Prop51ColorRGB
 90
-16777216
102
RTVSPost2010PropOp51
 70
     0
102
RTVSPost2010Prop52
140
1.0
102
RTVSPost2010PropOp52
 70
     0
102
RTVSPost2010Prop53
 90
        2
102
RTVSPost2010PropOp53
 70
     1
102
RTVSPost2010Prop54
  1
strokes_ogs.tif
102
RTVSPost2010PropOp54
 70
     1
102
RTVSPost2010Prop55
280
     0
102
RTVSPost2010PropOp55
 70
     1
102
RTVSPost2010Prop56
140
1.0
102
RTVSPost2010PropOp56
 70
     1
102
RTVSPost2010Prop57
140
1.0
102
RTVSPost2010PropOp57
 70
     1
  0
XRECORD
  5
8D7A2
102
{ACAD_REACTORS
330
8D48C
102
}
330
8D48C
100
AcDbXrecord
280
     1
102
RTVSPropertyOp0
 70
     1
102
RTVSPropertyOp1
 70
     1
102
RTVSPropertyOp2
 70
     1
102
RTVSPropertyOp3
 70
     1
102
RTVSPropertyOp4
 70
     1
102
RTVSPropertyOp5
 70
     1
102
RTVSPropertyOp6
 70
     1
102
RTVSPropertyOp7
 70
     1
102
RTVSPropertyOp8
 70
     1
102
RTVSPropertyOp9
 70
     1
102
RTVSPropertyOp10
 70
     1
102
RTVSPropertyOp11
 70
     1
102
RTVSPropertyOp12
 70
     1
102
RTVSPropertyOp13
 70
     1
102
RTVSPropertyOp14
 70
     1
102
RTVSPropertyOp15
 70
     1
102
RTVSPropertyOp16
 70
     1
102
RTVSPropertyOp17
 70
     1
102
RTVSPropertyOp18
 70
     1
102
RTVSPropertyOp19
 70
     1
102
RTVSPropertyOp20
 70
     1
102
RTVSPropertyOp21
 70
     1
102
RTVSPropertyOp22
 70
     1
102
RTVSPropertyOp23
 70
     1
102
RTVSPropertyOp24
 70
     1
102
RTVSPropertyOp25
 70
     1
102
RTVSPropertyOp26
 70
     1
102
RTVSPropertyOp27
 70
     1
102
RTVSPropertyOp28
 70
     1
102
RTVSPropertyOp29
 70
     1
102
RTVSPropertyOp30
 70
     1
102
RTVSPropertyOp31
 70
     1
102
RTVSPropertyOp32
 70
     1
102
RTVSPropertyOp33
 70
     1
102
RTVSPropertyOp34
 70
     1
102
RTVSPropertyOp35
 70
     1
102
RTVSPropertyOp36
 70
     1
102
RTVSPropertyOp37
 70
     1
102
RTVSPropertyOp38
 70
     1
102
RTVSPropertyOp39
 70
     1
102
RTVSPropertyOp40
 70
     1
102
RTVSPropertyOp41
 70
     1
102
RTVSPropertyOp42
 70
     1
102
RTVSPropertyOp43
 70
     1
102
RTVSPropertyOp44
 70
     1
102
RTVSPropertyOp45
 70
     1
102
RTVSPropertyOp46
 70
     1
102
RTVSPropertyOp47
 70
     1
102
RTVSPropertyOp48
 70
     1
102
RTVSPropertyOp49
 70
     1
102
RTVSPropertyOp50
 70
     1
102
RTVSPropertyOp51
 70
     0
102
RTVSPropertyOp52
 70
     0
102
RTVSPropertyOp53
 70
     1
102
RTVSPropertyOp54
 70
     1
102
RTVSPropertyOp55
 70
     1
102
RTVSPropertyOp56
 70
     1
102
RTVSPropertyOp57
 70
     1
102
RTVSPost2010Prop28
280
     0
102
RTVSPost2010PropOp28
 70
     1
102
RTVSPost2010Prop29
280
     1
102
RTVSPost2010PropOp29
 70
     1
102
RTVSPost2010Prop30
280
     1
102
RTVSPost2010PropOp30
 70
     1
102
RTVSPost2010Prop31
280
     0
102
RTVSPost2010PropOp31
 70
     1
102
RTVSPost2010Prop32
280
     0
102
RTVSPost2010PropOp32
 70
     1
102
RTVSPost2010Prop33
280
     0
102
RTVSPost2010PropOp33
 70
     1
102
RTVSPost2010Prop34
280
     0
102
RTVSPost2010PropOp34
 70
     1
102
RTVSPost2010Prop35
280
     0
102
RTVSPost2010PropOp35
 70
     1
102
RTVSPost2010Prop36
280
     0
102
RTVSPost2010PropOp36
 70
     1
102
RTVSPost2010Prop37
 90
       50
102
RTVSPost2010PropOp37
 70
     1
102
RTVSPost2010Prop38
140
0.0
102
RTVSPost2010PropOp38
 70
     1
102
RTVSPost2010Prop39
140
1.0
102
RTVSPost2010PropOp39
 70
     1
102
RTVSPost2010Prop40
 90
        0
102
RTVSPost2010PropOp40
 70
     1
102
RTVSPost2010Prop41ColorIndex
 90
       18
102
RTVSPost2010Prop41ColorRGB
 90
        0
102
RTVSPost2010PropOp41
 70
     1
102
RTVSPost2010Prop42
 90
       50
102
RTVSPost2010PropOp42
 70
     1
102
RTVSPost2010Prop43
 90
        3
102
RTVSPost2010PropOp43
 70
     1
102
RTVSPost2010Prop44ColorIndex
 90
        5
102
RTVSPost2010Prop44ColorRGB
 90
      255
102
RTVSPost2010PropOp44
 70
     1
102
RTVSPost2010Prop45
280
     0
102
RTVSPost2010PropOp45
 70
     1
102
RTVSPost2010Prop46
 90
       50
102
RTVSPost2010PropOp46
 70
     1
102
RTVSPost2010Prop47
 90
       50
102
RTVSPost2010PropOp47
 70
     1
102
RTVSPost2010Prop48
 90
       50
102
RTVSPost2010PropOp48
 70
     1
102
RTVSPost2010Prop49
280
     0
102
RTVSPost2010PropOp49
 70
     1
102
RTVSPost2010Prop50
 90
       50
102
RTVSPost2010PropOp50
 70
     1
102
RTVSPost2010Prop51ColorIndex
 90
      256
102
RTVSPost2010Prop51ColorRGB
 90
-16777216
102
RTVSPost2010PropOp51
 70
     0
102
RTVSPost2010Prop52
140
1.0
102
RTVSPost2010PropOp52
 70
     0
102
RTVSPost2010Prop53
 90
        2
102
RTVSPost2010PropOp53
 70
     1
102
RTVSPost2010Prop54
  1
strokes_ogs.tif
102
RTVSPost2010PropOp54
 70
     1
102
RTVSPost2010Prop55
280
     0
102
RTVSPost2010PropOp55
 70
     1
102
RTVSPost2010Prop56
140
1.0
102
RTVSPost2010PropOp56
 70
     1
102
RTVSPost2010Prop57
140
1.0
102
RTVSPost2010PropOp57
 70
     1
  0
XRECORD
  5
8D7A3
102
{ACAD_REACTORS
330
8D48E
102
}
330
8D48E
100
AcDbXrecord
280
     1
102
RTVSPropertyOp0
 70
     1
102
RTVSPropertyOp1
 70
     1
102
RTVSPropertyOp2
 70
     1
102
RTVSPropertyOp3
 70
     1
102
RTVSPropertyOp4
 70
     1
102
RTVSPropertyOp5
 70
     1
102
RTVSPropertyOp6
 70
     1
102
RTVSPropertyOp7
 70
     1
102
RTVSPropertyOp8
 70
     1
102
RTVSPropertyOp9
 70
     1
102
RTVSPropertyOp10
 70
     1
102
RTVSPropertyOp11
 70
     1
102
RTVSPropertyOp12
 70
     1
102
RTVSPropertyOp13
 70
     1
102
RTVSPropertyOp14
 70
     1
102
RTVSPropertyOp15
 70
     1
102
RTVSPropertyOp16
 70
     1
102
RTVSPropertyOp17
 70
     1
102
RTVSPropertyOp18
 70
     1
102
RTVSPropertyOp19
 70
     1
102
RTVSPropertyOp20
 70
     1
102
RTVSPropertyOp21
 70
     1
102
RTVSPropertyOp22
 70
     1
102
RTVSPropertyOp23
 70
     1
102
RTVSPropertyOp24
 70
     1
102
RTVSPropertyOp25
 70
     1
102
RTVSPropertyOp26
 70
     1
102
RTVSPropertyOp27
 70
     1
102
RTVSPropertyOp28
 70
     1
102
RTVSPropertyOp29
 70
     1
102
RTVSPropertyOp30
 70
     1
102
RTVSPropertyOp31
 70
     1
102
RTVSPropertyOp32
 70
     1
102
RTVSPropertyOp33
 70
     1
102
RTVSPropertyOp34
 70
     1
102
RTVSPropertyOp35
 70
     1
102
RTVSPropertyOp36
 70
     1
102
RTVSPropertyOp37
 70
     1
102
RTVSPropertyOp38
 70
     1
102
RTVSPropertyOp39
 70
     1
102
RTVSPropertyOp40
 70
     1
102
RTVSPropertyOp41
 70
     1
102
RTVSPropertyOp42
 70
     1
102
RTVSPropertyOp43
 70
     1
102
RTVSPropertyOp44
 70
     1
102
RTVSPropertyOp45
 70
     1
102
RTVSPropertyOp46
 70
     1
102
RTVSPropertyOp47
 70
     1
102
RTVSPropertyOp48
 70
     1
102
RTVSPropertyOp49
 70
     1
102
RTVSPropertyOp50
 70
     1
102
RTVSPropertyOp51
 70
     0
102
RTVSPropertyOp52
 70
     0
102
RTVSPropertyOp53
 70
     1
102
RTVSPropertyOp54
 70
     1
102
RTVSPropertyOp55
 70
     1
102
RTVSPropertyOp56
 70
     1
102
RTVSPropertyOp57
 70
     1
102
RTVSPost2010Prop28
280
     0
102
RTVSPost2010PropOp28
 70
     1
102
RTVSPost2010Prop29
280
     1
102
RTVSPost2010PropOp29
 70
     1
102
RTVSPost2010Prop30
280
     1
102
RTVSPost2010PropOp30
 70
     1
102
RTVSPost2010Prop31
280
     0
102
RTVSPost2010PropOp31
 70
     1
102
RTVSPost2010Prop32
280
     0
102
RTVSPost2010PropOp32
 70
     1
102
RTVSPost2010Prop33
280
     0
102
RTVSPost2010PropOp33
 70
     1
102
RTVSPost2010Prop34
280
     0
102
RTVSPost2010PropOp34
 70
     1
102
RTVSPost2010Prop35
280
     0
102
RTVSPost2010PropOp35
 70
     1
102
RTVSPost2010Prop36
280
     0
102
RTVSPost2010PropOp36
 70
     1
102
RTVSPost2010Prop37
 90
       50
102
RTVSPost2010PropOp37
 70
     1
102
RTVSPost2010Prop38
140
0.0
102
RTVSPost2010PropOp38
 70
     1
102
RTVSPost2010Prop39
140
1.0
102
RTVSPost2010PropOp39
 70
     1
102
RTVSPost2010Prop40
 90
        0
102
RTVSPost2010PropOp40
 70
     1
102
RTVSPost2010Prop41ColorIndex
 90
       18
102
RTVSPost2010Prop41ColorRGB
 90
        0
102
RTVSPost2010PropOp41
 70
     1
102
RTVSPost2010Prop42
 90
       50
102
RTVSPost2010PropOp42
 70
     1
102
RTVSPost2010Prop43
 90
        3
102
RTVSPost2010PropOp43
 70
     1
102
RTVSPost2010Prop44ColorIndex
 90
        5
102
RTVSPost2010Prop44ColorRGB
 90
      255
102
RTVSPost2010PropOp44
 70
     1
102
RTVSPost2010Prop45
280
     0
102
RTVSPost2010PropOp45
 70
     1
102
RTVSPost2010Prop46
 90
       50
102
RTVSPost2010PropOp46
 70
     1
102
RTVSPost2010Prop47
 90
       50
102
RTVSPost2010PropOp47
 70
     1
102
RTVSPost2010Prop48
 90
       50
102
RTVSPost2010PropOp48
 70
     1
102
RTVSPost2010Prop49
280
     0
102
RTVSPost2010PropOp49
 70
     1
102
RTVSPost2010Prop50
 90
       50
102
RTVSPost2010PropOp50
 70
     1
102
RTVSPost2010Prop51ColorIndex
 90
      256
102
RTVSPost2010Prop51ColorRGB
 90
-16777216
102
RTVSPost2010PropOp51
 70
     0
102
RTVSPost2010Prop52
140
1.0
102
RTVSPost2010PropOp52
 70
     0
102
RTVSPost2010Prop53
 90
        2
102
RTVSPost2010PropOp53
 70
     1
102
RTVSPost2010Prop54
  1
strokes_ogs.tif
102
RTVSPost2010PropOp54
 70
     1
102
RTVSPost2010Prop55
280
     0
102
RTVSPost2010PropOp55
 70
     1
102
RTVSPost2010Prop56
140
1.0
102
RTVSPost2010PropOp56
 70
     1
102
RTVSPost2010Prop57
140
1.0
102
RTVSPost2010PropOp57
 70
     1
  0
XRECORD
  5
8D7A4
102
{ACAD_REACTORS
330
8D490
102
}
330
8D490
100
AcDbXrecord
280
     1
102
RTVSPropertyOp0
 70
     1
102
RTVSPropertyOp1
 70
     1
102
RTVSPropertyOp2
 70
     1
102
RTVSPropertyOp3
 70
     1
102
RTVSPropertyOp4
 70
     1
102
RTVSPropertyOp5
 70
     1
102
RTVSPropertyOp6
 70
     1
102
RTVSPropertyOp7
 70
     1
102
RTVSPropertyOp8
 70
     1
102
RTVSPropertyOp9
 70
     1
102
RTVSPropertyOp10
 70
     1
102
RTVSPropertyOp11
 70
     1
102
RTVSPropertyOp12
 70
     1
102
RTVSPropertyOp13
 70
     1
102
RTVSPropertyOp14
 70
     1
102
RTVSPropertyOp15
 70
     1
102
RTVSPropertyOp16
 70
     1
102
RTVSPropertyOp17
 70
     1
102
RTVSPropertyOp18
 70
     1
102
RTVSPropertyOp19
 70
     1
102
RTVSPropertyOp20
 70
     1
102
RTVSPropertyOp21
 70
     1
102
RTVSPropertyOp22
 70
     1
102
RTVSPropertyOp23
 70
     1
102
RTVSPropertyOp24
 70
     1
102
RTVSPropertyOp25
 70
     1
102
RTVSPropertyOp26
 70
     1
102
RTVSPropertyOp27
 70
     1
102
RTVSPropertyOp28
 70
     1
102
RTVSPropertyOp29
 70
     1
102
RTVSPropertyOp30
 70
     1
102
RTVSPropertyOp31
 70
     1
102
RTVSPropertyOp32
 70
     1
102
RTVSPropertyOp33
 70
     1
102
RTVSPropertyOp34
 70
     1
102
RTVSPropertyOp35
 70
     1
102
RTVSPropertyOp36
 70
     1
102
RTVSPropertyOp37
 70
     1
102
RTVSPropertyOp38
 70
     1
102
RTVSPropertyOp39
 70
     1
102
RTVSPropertyOp40
 70
     1
102
RTVSPropertyOp41
 70
     1
102
RTVSPropertyOp42
 70
     1
102
RTVSPropertyOp43
 70
     1
102
RTVSPropertyOp44
 70
     1
102
RTVSPropertyOp45
 70
     1
102
RTVSPropertyOp46
 70
     1
102
RTVSPropertyOp47
 70
     1
102
RTVSPropertyOp48
 70
     1
102
RTVSPropertyOp49
 70
     1
102
RTVSPropertyOp50
 70
     1
102
RTVSPropertyOp51
 70
     0
102
RTVSPropertyOp52
 70
     0
102
RTVSPropertyOp53
 70
     1
102
RTVSPropertyOp54
 70
     1
102
RTVSPropertyOp55
 70
     1
102
RTVSPropertyOp56
 70
     1
102
RTVSPropertyOp57
 70
     1
102
RTVSPost2010Prop28
280
     0
102
RTVSPost2010PropOp28
 70
     1
102
RTVSPost2010Prop29
280
     1
102
RTVSPost2010PropOp29
 70
     1
102
RTVSPost2010Prop30
280
     1
102
RTVSPost2010PropOp30
 70
     1
102
RTVSPost2010Prop31
280
     0
102
RTVSPost2010PropOp31
 70
     1
102
RTVSPost2010Prop32
280
     0
102
RTVSPost2010PropOp32
 70
     1
102
RTVSPost2010Prop33
280
     0
102
RTVSPost2010PropOp33
 70
     1
102
RTVSPost2010Prop34
280
     0
102
RTVSPost2010PropOp34
 70
     1
102
RTVSPost2010Prop35
280
     0
102
RTVSPost2010PropOp35
 70
     1
102
RTVSPost2010Prop36
280
     0
102
RTVSPost2010PropOp36
 70
     1
102
RTVSPost2010Prop37
 90
       50
102
RTVSPost2010PropOp37
 70
     1
102
RTVSPost2010Prop38
140
0.0
102
RTVSPost2010PropOp38
 70
     1
102
RTVSPost2010Prop39
140
1.0
102
RTVSPost2010PropOp39
 70
     1
102
RTVSPost2010Prop40
 90
        0
102
RTVSPost2010PropOp40
 70
     1
102
RTVSPost2010Prop41ColorIndex
 90
       18
102
RTVSPost2010Prop41ColorRGB
 90
        0
102
RTVSPost2010PropOp41
 70
     1
102
RTVSPost2010Prop42
 90
       50
102
RTVSPost2010PropOp42
 70
     1
102
RTVSPost2010Prop43
 90
        3
102
RTVSPost2010PropOp43
 70
     1
102
RTVSPost2010Prop44ColorIndex
 90
        5
102
RTVSPost2010Prop44ColorRGB
 90
      255
102
RTVSPost2010PropOp44
 70
     1
102
RTVSPost2010Prop45
280
     0
102
RTVSPost2010PropOp45
 70
     1
102
RTVSPost2010Prop46
 90
       50
102
RTVSPost2010PropOp46
 70
     1
102
RTVSPost2010Prop47
 90
       50
102
RTVSPost2010PropOp47
 70
     1
102
RTVSPost2010Prop48
 90
       50
102
RTVSPost2010PropOp48
 70
     1
102
RTVSPost2010Prop49
280
     0
102
RTVSPost2010PropOp49
 70
     1
102
RTVSPost2010Prop50
 90
       50
102
RTVSPost2010PropOp50
 70
     1
102
RTVSPost2010Prop51ColorIndex
 90
      256
102
RTVSPost2010Prop51ColorRGB
 90
-16777216
102
RTVSPost2010PropOp51
 70
     0
102
RTVSPost2010Prop52
140
1.0
102
RTVSPost2010PropOp52
 70
     0
102
RTVSPost2010Prop53
 90
        2
102
RTVSPost2010PropOp53
 70
     1
102
RTVSPost2010Prop54
  1
strokes_ogs.tif
102
RTVSPost2010PropOp54
 70
     1
102
RTVSPost2010Prop55
280
     0
102
RTVSPost2010PropOp55
 70
     1
102
RTVSPost2010Prop56
140
1.0
102
RTVSPost2010PropOp56
 70
     1
102
RTVSPost2010Prop57
140
1.0
102
RTVSPost2010PropOp57
 70
     1
  0
XRECORD
  5
8D7A5
102
{ACAD_REACTORS
330
8D492
102
}
330
8D492
100
AcDbXrecord
280
     1
102
RTVSPropertyOp0
 70
     1
102
RTVSPropertyOp1
 70
     1
102
RTVSPropertyOp2
 70
     1
102
RTVSPropertyOp3
 70
     1
102
RTVSPropertyOp4
 70
     1
102
RTVSPropertyOp5
 70
     1
102
RTVSPropertyOp6
 70
     1
102
RTVSPropertyOp7
 70
     1
102
RTVSPropertyOp8
 70
     1
102
RTVSPropertyOp9
 70
     1
102
RTVSPropertyOp10
 70
     1
102
RTVSPropertyOp11
 70
     1
102
RTVSPropertyOp12
 70
     1
102
RTVSPropertyOp13
 70
     1
102
RTVSPropertyOp14
 70
     1
102
RTVSPropertyOp15
 70
     1
102
RTVSPropertyOp16
 70
     1
102
RTVSPropertyOp17
 70
     1
102
RTVSPropertyOp18
 70
     1
102
RTVSPropertyOp19
 70
     1
102
RTVSPropertyOp20
 70
     1
102
RTVSPropertyOp21
 70
     1
102
RTVSPropertyOp22
 70
     1
102
RTVSPropertyOp23
 70
     1
102
RTVSPropertyOp24
 70
     1
102
RTVSPropertyOp25
 70
     1
102
RTVSPropertyOp26
 70
     1
102
RTVSPropertyOp27
 70
     1
102
RTVSPropertyOp28
 70
     1
102
RTVSPropertyOp29
 70
     1
102
RTVSPropertyOp30
 70
     1
102
RTVSPropertyOp31
 70
     1
102
RTVSPropertyOp32
 70
     1
102
RTVSPropertyOp33
 70
     1
102
RTVSPropertyOp34
 70
     1
102
RTVSPropertyOp35
 70
     1
102
RTVSPropertyOp36
 70
     1
102
RTVSPropertyOp37
 70
     1
102
RTVSPropertyOp38
 70
     1
102
RTVSPropertyOp39
 70
     1
102
RTVSPropertyOp40
 70
     1
102
RTVSPropertyOp41
 70
     1
102
RTVSPropertyOp42
 70
     1
102
RTVSPropertyOp43
 70
     1
102
RTVSPropertyOp44
 70
     1
102
RTVSPropertyOp45
 70
     1
102
RTVSPropertyOp46
 70
     1
102
RTVSPropertyOp47
 70
     1
102
RTVSPropertyOp48
 70
     1
102
RTVSPropertyOp49
 70
     1
102
RTVSPropertyOp50
 70
     1
102
RTVSPropertyOp51
 70
     0
102
RTVSPropertyOp52
 70
     0
102
RTVSPropertyOp53
 70
     1
102
RTVSPropertyOp54
 70
     1
102
RTVSPropertyOp55
 70
     1
102
RTVSPropertyOp56
 70
     1
102
RTVSPropertyOp57
 70
     1
102
RTVSPost2010Prop28
280
     0
102
RTVSPost2010PropOp28
 70
     1
102
RTVSPost2010Prop29
280
     1
102
RTVSPost2010PropOp29
 70
     1
102
RTVSPost2010Prop30
280
     1
102
RTVSPost2010PropOp30
 70
     1
102
RTVSPost2010Prop31
280
     0
102
RTVSPost2010PropOp31
 70
     1
102
RTVSPost2010Prop32
280
     0
102
RTVSPost2010PropOp32
 70
     1
102
RTVSPost2010Prop33
280
     0
102
RTVSPost2010PropOp33
 70
     1
102
RTVSPost2010Prop34
280
     0
102
RTVSPost2010PropOp34
 70
     1
102
RTVSPost2010Prop35
280
     0
102
RTVSPost2010PropOp35
 70
     1
102
RTVSPost2010Prop36
280
     0
102
RTVSPost2010PropOp36
 70
     1
102
RTVSPost2010Prop37
 90
       50
102
RTVSPost2010PropOp37
 70
     1
102
RTVSPost2010Prop38
140
0.0
102
RTVSPost2010PropOp38
 70
     1
102
RTVSPost2010Prop39
140
1.0
102
RTVSPost2010PropOp39
 70
     1
102
RTVSPost2010Prop40
 90
        0
102
RTVSPost2010PropOp40
 70
     1
102
RTVSPost2010Prop41ColorIndex
 90
       18
102
RTVSPost2010Prop41ColorRGB
 90
        0
102
RTVSPost2010PropOp41
 70
     1
102
RTVSPost2010Prop42
 90
       50
102
RTVSPost2010PropOp42
 70
     1
102
RTVSPost2010Prop43
 90
        3
102
RTVSPost2010PropOp43
 70
     1
102
RTVSPost2010Prop44ColorIndex
 90
        5
102
RTVSPost2010Prop44ColorRGB
 90
      255
102
RTVSPost2010PropOp44
 70
     1
102
RTVSPost2010Prop45
280
     0
102
RTVSPost2010PropOp45
 70
     1
102
RTVSPost2010Prop46
 90
       50
102
RTVSPost2010PropOp46
 70
     1
102
RTVSPost2010Prop47
 90
       50
102
RTVSPost2010PropOp47
 70
     1
102
RTVSPost2010Prop48
 90
       50
102
RTVSPost2010PropOp48
 70
     1
102
RTVSPost2010Prop49
280
     0
102
RTVSPost2010PropOp49
 70
     1
102
RTVSPost2010Prop50
 90
       50
102
RTVSPost2010PropOp50
 70
     1
102
RTVSPost2010Prop51ColorIndex
 90
      256
102
RTVSPost2010Prop51ColorRGB
 90
-16777216
102
RTVSPost2010PropOp51
 70
     0
102
RTVSPost2010Prop52
140
1.0
102
RTVSPost2010PropOp52
 70
     0
102
RTVSPost2010Prop53
 90
        2
102
RTVSPost2010PropOp53
 70
     1
102
RTVSPost2010Prop54
  1
strokes_ogs.tif
102
RTVSPost2010PropOp54
 70
     1
102
RTVSPost2010Prop55
280
     0
102
RTVSPost2010PropOp55
 70
     1
102
RTVSPost2010Prop56
140
1.0
102
RTVSPost2010PropOp56
 70
     1
102
RTVSPost2010Prop57
140
1.0
102
RTVSPost2010PropOp57
 70
     1
  0
XRECORD
  5
8D7A6
102
{ACAD_REACTORS
330
8D494
102
}
330
8D494
100
AcDbXrecord
280
     1
102
RTVSPropertyOp0
 70
     1
102
RTVSPropertyOp1
 70
     1
102
RTVSPropertyOp2
 70
     1
102
RTVSPropertyOp3
 70
     1
102
RTVSPropertyOp4
 70
     1
102
RTVSPropertyOp5
 70
     1
102
RTVSPropertyOp6
 70
     1
102
RTVSPropertyOp7
 70
     1
102
RTVSPropertyOp8
 70
     1
102
RTVSPropertyOp9
 70
     1
102
RTVSPropertyOp10
 70
     1
102
RTVSPropertyOp11
 70
     1
102
RTVSPropertyOp12
 70
     1
102
RTVSPropertyOp13
 70
     1
102
RTVSPropertyOp14
 70
     1
102
RTVSPropertyOp15
 70
     1
102
RTVSPropertyOp16
 70
     1
102
RTVSPropertyOp17
 70
     1
102
RTVSPropertyOp18
 70
     1
102
RTVSPropertyOp19
 70
     1
102
RTVSPropertyOp20
 70
     1
102
RTVSPropertyOp21
 70
     1
102
RTVSPropertyOp22
 70
     1
102
RTVSPropertyOp23
 70
     1
102
RTVSPropertyOp24
 70
     1
102
RTVSPropertyOp25
 70
     1
102
RTVSPropertyOp26
 70
     1
102
RTVSPropertyOp27
 70
     1
102
RTVSPropertyOp28
 70
     1
102
RTVSPropertyOp29
 70
     1
102
RTVSPropertyOp30
 70
     1
102
RTVSPropertyOp31
 70
     1
102
RTVSPropertyOp32
 70
     1
102
RTVSPropertyOp33
 70
     1
102
RTVSPropertyOp34
 70
     1
102
RTVSPropertyOp35
 70
     1
102
RTVSPropertyOp36
 70
     1
102
RTVSPropertyOp37
 70
     1
102
RTVSPropertyOp38
 70
     1
102
RTVSPropertyOp39
 70
     1
102
RTVSPropertyOp40
 70
     1
102
RTVSPropertyOp41
 70
     1
102
RTVSPropertyOp42
 70
     1
102
RTVSPropertyOp43
 70
     1
102
RTVSPropertyOp44
 70
     1
102
RTVSPropertyOp45
 70
     1
102
RTVSPropertyOp46
 70
     1
102
RTVSPropertyOp47
 70
     1
102
RTVSPropertyOp48
 70
     1
102
RTVSPropertyOp49
 70
     1
102
RTVSPropertyOp50
 70
     1
102
RTVSPropertyOp51
 70
     0
102
RTVSPropertyOp52
 70
     0
102
RTVSPropertyOp53
 70
     1
102
RTVSPropertyOp54
 70
     1
102
RTVSPropertyOp55
 70
     1
102
RTVSPropertyOp56
 70
     1
102
RTVSPropertyOp57
 70
     1
102
RTVSPost2010Prop28
280
     0
102
RTVSPost2010PropOp28
 70
     1
102
RTVSPost2010Prop29
280
     1
102
RTVSPost2010PropOp29
 70
     1
102
RTVSPost2010Prop30
280
     1
102
RTVSPost2010PropOp30
 70
     1
102
RTVSPost2010Prop31
280
     0
102
RTVSPost2010PropOp31
 70
     1
102
RTVSPost2010Prop32
280
     0
102
RTVSPost2010PropOp32
 70
     1
102
RTVSPost2010Prop33
280
     0
102
RTVSPost2010PropOp33
 70
     1
102
RTVSPost2010Prop34
280
     0
102
RTVSPost2010PropOp34
 70
     1
102
RTVSPost2010Prop35
280
     0
102
RTVSPost2010PropOp35
 70
     1
102
RTVSPost2010Prop36
280
     0
102
RTVSPost2010PropOp36
 70
     1
102
RTVSPost2010Prop37
 90
       50
102
RTVSPost2010PropOp37
 70
     1
102
RTVSPost2010Prop38
140
0.0
102
RTVSPost2010PropOp38
 70
     1
102
RTVSPost2010Prop39
140
1.0
102
RTVSPost2010PropOp39
 70
     1
102
RTVSPost2010Prop40
 90
        0
102
RTVSPost2010PropOp40
 70
     1
102
RTVSPost2010Prop41ColorIndex
 90
       18
102
RTVSPost2010Prop41ColorRGB
 90
        0
102
RTVSPost2010PropOp41
 70
     1
102
RTVSPost2010Prop42
 90
       50
102
RTVSPost2010PropOp42
 70
     1
102
RTVSPost2010Prop43
 90
        3
102
RTVSPost2010PropOp43
 70
     1
102
RTVSPost2010Prop44ColorIndex
 90
        5
102
RTVSPost2010Prop44ColorRGB
 90
      255
102
RTVSPost2010PropOp44
 70
     1
102
RTVSPost2010Prop45
280
     0
102
RTVSPost2010PropOp45
 70
     1
102
RTVSPost2010Prop46
 90
       50
102
RTVSPost2010PropOp46
 70
     1
102
RTVSPost2010Prop47
 90
       50
102
RTVSPost2010PropOp47
 70
     1
102
RTVSPost2010Prop48
 90
       50
102
RTVSPost2010PropOp48
 70
     1
102
RTVSPost2010Prop49
280
     0
102
RTVSPost2010PropOp49
 70
     1
102
RTVSPost2010Prop50
 90
       50
102
RTVSPost2010PropOp50
 70
     1
102
RTVSPost2010Prop51ColorIndex
 90
      256
102
RTVSPost2010Prop51ColorRGB
 90
-16777216
102
RTVSPost2010PropOp51
 70
     0
102
RTVSPost2010Prop52
140
1.0
102
RTVSPost2010PropOp52
 70
     0
102
RTVSPost2010Prop53
 90
        2
102
RTVSPost2010PropOp53
 70
     1
102
RTVSPost2010Prop54
  1
strokes_ogs.tif
102
RTVSPost2010PropOp54
 70
     1
102
RTVSPost2010Prop55
280
     0
102
RTVSPost2010PropOp55
 70
     1
102
RTVSPost2010Prop56
140
1.0
102
RTVSPost2010PropOp56
 70
     1
102
RTVSPost2010Prop57
140
1.0
102
RTVSPost2010PropOp57
 70
     1
  0
XRECORD
  5
8D7A7
102
{ACAD_REACTORS
330
8D496
102
}
330
8D496
100
AcDbXrecord
280
     1
102
RTVSPropertyOp0
 70
     1
102
RTVSPropertyOp1
 70
     1
102
RTVSPropertyOp2
 70
     1
102
RTVSPropertyOp3
 70
     1
102
RTVSPropertyOp4
 70
     1
102
RTVSPropertyOp5
 70
     1
102
RTVSPropertyOp6
 70
     1
102
RTVSPropertyOp7
 70
     1
102
RTVSPropertyOp8
 70
     1
102
RTVSPropertyOp9
 70
     1
102
RTVSPropertyOp10
 70
     1
102
RTVSPropertyOp11
 70
     1
102
RTVSPropertyOp12
 70
     1
102
RTVSPropertyOp13
 70
     1
102
RTVSPropertyOp14
 70
     1
102
RTVSPropertyOp15
 70
     1
102
RTVSPropertyOp16
 70
     1
102
RTVSPropertyOp17
 70
     1
102
RTVSPropertyOp18
 70
     1
102
RTVSPropertyOp19
 70
     1
102
RTVSPropertyOp20
 70
     1
102
RTVSPropertyOp21
 70
     1
102
RTVSPropertyOp22
 70
     1
102
RTVSPropertyOp23
 70
     1
102
RTVSPropertyOp24
 70
     1
102
RTVSPropertyOp25
 70
     1
102
RTVSPropertyOp26
 70
     1
102
RTVSPropertyOp27
 70
     1
102
RTVSPropertyOp28
 70
     1
102
RTVSPropertyOp29
 70
     1
102
RTVSPropertyOp30
 70
     1
102
RTVSPropertyOp31
 70
     1
102
RTVSPropertyOp32
 70
     1
102
RTVSPropertyOp33
 70
     1
102
RTVSPropertyOp34
 70
     1
102
RTVSPropertyOp35
 70
     1
102
RTVSPropertyOp36
 70
     1
102
RTVSPropertyOp37
 70
     1
102
RTVSPropertyOp38
 70
     1
102
RTVSPropertyOp39
 70
     1
102
RTVSPropertyOp40
 70
     1
102
RTVSPropertyOp41
 70
     1
102
RTVSPropertyOp42
 70
     1
102
RTVSPropertyOp43
 70
     1
102
RTVSPropertyOp44
 70
     1
102
RTVSPropertyOp45
 70
     1
102
RTVSPropertyOp46
 70
     1
102
RTVSPropertyOp47
 70
     1
102
RTVSPropertyOp48
 70
     1
102
RTVSPropertyOp49
 70
     1
102
RTVSPropertyOp50
 70
     1
102
RTVSPropertyOp51
 70
     0
102
RTVSPropertyOp52
 70
     0
102
RTVSPropertyOp53
 70
     1
102
RTVSPropertyOp54
 70
     1
102
RTVSPropertyOp55
 70
     1
102
RTVSPropertyOp56
 70
     1
102
RTVSPropertyOp57
 70
     1
102
RTVSPost2010Prop28
280
     0
102
RTVSPost2010PropOp28
 70
     1
102
RTVSPost2010Prop29
280
     1
102
RTVSPost2010PropOp29
 70
     1
102
RTVSPost2010Prop30
280
     1
102
RTVSPost2010PropOp30
 70
     1
102
RTVSPost2010Prop31
280
     0
102
RTVSPost2010PropOp31
 70
     1
102
RTVSPost2010Prop32
280
     0
102
RTVSPost2010PropOp32
 70
     1
102
RTVSPost2010Prop33
280
     0
102
RTVSPost2010PropOp33
 70
     1
102
RTVSPost2010Prop34
280
     0
102
RTVSPost2010PropOp34
 70
     1
102
RTVSPost2010Prop35
280
     0
102
RTVSPost2010PropOp35
 70
     1
102
RTVSPost2010Prop36
280
     0
102
RTVSPost2010PropOp36
 70
     1
102
RTVSPost2010Prop37
 90
       50
102
RTVSPost2010PropOp37
 70
     1
102
RTVSPost2010Prop38
140
0.0
102
RTVSPost2010PropOp38
 70
     1
102
RTVSPost2010Prop39
140
1.0
102
RTVSPost2010PropOp39
 70
     1
102
RTVSPost2010Prop40
 90
        0
102
RTVSPost2010PropOp40
 70
     1
102
RTVSPost2010Prop41ColorIndex
 90
       18
102
RTVSPost2010Prop41ColorRGB
 90
        0
102
RTVSPost2010PropOp41
 70
     1
102
RTVSPost2010Prop42
 90
       50
102
RTVSPost2010PropOp42
 70
     1
102
RTVSPost2010Prop43
 90
        3
102
RTVSPost2010PropOp43
 70
     1
102
RTVSPost2010Prop44ColorIndex
 90
        5
102
RTVSPost2010Prop44ColorRGB
 90
      255
102
RTVSPost2010PropOp44
 70
     1
102
RTVSPost2010Prop45
280
     0
102
RTVSPost2010PropOp45
 70
     1
102
RTVSPost2010Prop46
 90
       50
102
RTVSPost2010PropOp46
 70
     1
102
RTVSPost2010Prop47
 90
       50
102
RTVSPost2010PropOp47
 70
     1
102
RTVSPost2010Prop48
 90
       50
102
RTVSPost2010PropOp48
 70
     1
102
RTVSPost2010Prop49
280
     0
102
RTVSPost2010PropOp49
 70
     1
102
RTVSPost2010Prop50
 90
       50
102
RTVSPost2010PropOp50
 70
     1
102
RTVSPost2010Prop51ColorIndex
 90
      256
102
RTVSPost2010Prop51ColorRGB
 90
-16777216
102
RTVSPost2010PropOp51
 70
     0
102
RTVSPost2010Prop52
140
1.0
102
RTVSPost2010PropOp52
 70
     0
102
RTVSPost2010Prop53
 90
        2
102
RTVSPost2010PropOp53
 70
     1
102
RTVSPost2010Prop54
  1
strokes_ogs.tif
102
RTVSPost2010PropOp54
 70
     1
102
RTVSPost2010Prop55
280
     0
102
RTVSPost2010PropOp55
 70
     1
102
RTVSPost2010Prop56
140
1.0
102
RTVSPost2010PropOp56
 70
     1
102
RTVSPost2010Prop57
140
1.0
102
RTVSPost2010PropOp57
 70
     1
  0
XRECORD
  5
8D7A8
102
{ACAD_REACTORS
330
8D498
102
}
330
8D498
100
AcDbXrecord
280
     1
102
RTVSPropertyOp0
 70
     1
102
RTVSPropertyOp1
 70
     1
102
RTVSPropertyOp2
 70
     1
102
RTVSPropertyOp3
 70
     1
102
RTVSPropertyOp4
 70
     1
102
RTVSPropertyOp5
 70
     1
102
RTVSPropertyOp6
 70
     1
102
RTVSPropertyOp7
 70
     1
102
RTVSPropertyOp8
 70
     1
102
RTVSPropertyOp9
 70
     1
102
RTVSPropertyOp10
 70
     1
102
RTVSPropertyOp11
 70
     1
102
RTVSPropertyOp12
 70
     1
102
RTVSPropertyOp13
 70
     1
102
RTVSPropertyOp14
 70
     1
102
RTVSPropertyOp15
 70
     1
102
RTVSPropertyOp16
 70
     1
102
RTVSPropertyOp17
 70
     1
102
RTVSPropertyOp18
 70
     1
102
RTVSPropertyOp19
 70
     1
102
RTVSPropertyOp20
 70
     1
102
RTVSPropertyOp21
 70
     1
102
RTVSPropertyOp22
 70
     1
102
RTVSPropertyOp23
 70
     1
102
RTVSPropertyOp24
 70
     1
102
RTVSPropertyOp25
 70
     1
102
RTVSPropertyOp26
 70
     1
102
RTVSPropertyOp27
 70
     1
102
RTVSPropertyOp28
 70
     1
102
RTVSPropertyOp29
 70
     1
102
RTVSPropertyOp30
 70
     1
102
RTVSPropertyOp31
 70
     1
102
RTVSPropertyOp32
 70
     1
102
RTVSPropertyOp33
 70
     1
102
RTVSPropertyOp34
 70
     1
102
RTVSPropertyOp35
 70
     1
102
RTVSPropertyOp36
 70
     1
102
RTVSPropertyOp37
 70
     1
102
RTVSPropertyOp38
 70
     1
102
RTVSPropertyOp39
 70
     1
102
RTVSPropertyOp40
 70
     1
102
RTVSPropertyOp41
 70
     1
102
RTVSPropertyOp42
 70
     1
102
RTVSPropertyOp43
 70
     1
102
RTVSPropertyOp44
 70
     1
102
RTVSPropertyOp45
 70
     1
102
RTVSPropertyOp46
 70
     1
102
RTVSPropertyOp47
 70
     1
102
RTVSPropertyOp48
 70
     1
102
RTVSPropertyOp49
 70
     1
102
RTVSPropertyOp50
 70
     1
102
RTVSPropertyOp51
 70
     0
102
RTVSPropertyOp52
 70
     0
102
RTVSPropertyOp53
 70
     1
102
RTVSPropertyOp54
 70
     1
102
RTVSPropertyOp55
 70
     1
102
RTVSPropertyOp56
 70
     1
102
RTVSPropertyOp57
 70
     1
102
RTVSPost2010Prop28
280
     0
102
RTVSPost2010PropOp28
 70
     1
102
RTVSPost2010Prop29
280
     1
102
RTVSPost2010PropOp29
 70
     1
102
RTVSPost2010Prop30
280
     1
102
RTVSPost2010PropOp30
 70
     1
102
RTVSPost2010Prop31
280
     0
102
RTVSPost2010PropOp31
 70
     1
102
RTVSPost2010Prop32
280
     0
102
RTVSPost2010PropOp32
 70
     1
102
RTVSPost2010Prop33
280
     0
102
RTVSPost2010PropOp33
 70
     1
102
RTVSPost2010Prop34
280
     0
102
RTVSPost2010PropOp34
 70
     1
102
RTVSPost2010Prop35
280
     0
102
RTVSPost2010PropOp35
 70
     1
102
RTVSPost2010Prop36
280
     0
102
RTVSPost2010PropOp36
 70
     1
102
RTVSPost2010Prop37
 90
       50
102
RTVSPost2010PropOp37
 70
     1
102
RTVSPost2010Prop38
140
0.0
102
RTVSPost2010PropOp38
 70
     1
102
RTVSPost2010Prop39
140
1.0
102
RTVSPost2010PropOp39
 70
     1
102
RTVSPost2010Prop40
 90
        0
102
RTVSPost2010PropOp40
 70
     1
102
RTVSPost2010Prop41ColorIndex
 90
       18
102
RTVSPost2010Prop41ColorRGB
 90
        0
102
RTVSPost2010PropOp41
 70
     1
102
RTVSPost2010Prop42
 90
       50
102
RTVSPost2010PropOp42
 70
     1
102
RTVSPost2010Prop43
 90
        3
102
RTVSPost2010PropOp43
 70
     1
102
RTVSPost2010Prop44ColorIndex
 90
        5
102
RTVSPost2010Prop44ColorRGB
 90
      255
102
RTVSPost2010PropOp44
 70
     1
102
RTVSPost2010Prop45
280
     0
102
RTVSPost2010PropOp45
 70
     1
102
RTVSPost2010Prop46
 90
       50
102
RTVSPost2010PropOp46
 70
     1
102
RTVSPost2010Prop47
 90
       50
102
RTVSPost2010PropOp47
 70
     1
102
RTVSPost2010Prop48
 90
       50
102
RTVSPost2010PropOp48
 70
     1
102
RTVSPost2010Prop49
280
     0
102
RTVSPost2010PropOp49
 70
     1
102
RTVSPost2010Prop50
 90
       50
102
RTVSPost2010PropOp50
 70
     1
102
RTVSPost2010Prop51ColorIndex
 90
      256
102
RTVSPost2010Prop51ColorRGB
 90
-16777216
102
RTVSPost2010PropOp51
 70
     0
102
RTVSPost2010Prop52
140
1.0
102
RTVSPost2010PropOp52
 70
     0
102
RTVSPost2010Prop53
 90
        2
102
RTVSPost2010PropOp53
 70
     1
102
RTVSPost2010Prop54
  1
strokes_ogs.tif
102
RTVSPost2010PropOp54
 70
     1
102
RTVSPost2010Prop55
280
     0
102
RTVSPost2010PropOp55
 70
     1
102
RTVSPost2010Prop56
140
1.0
102
RTVSPost2010PropOp56
 70
     1
102
RTVSPost2010Prop57
140
1.0
102
RTVSPost2010PropOp57
 70
     1
  0
XRECORD
  5
8D7A9
102
{ACAD_REACTORS
330
8D49A
102
}
330
8D49A
100
AcDbXrecord
280
     1
102
RTVSPropertyOp0
 70
     0
102
RTVSPropertyOp1
 70
     0
102
RTVSPropertyOp2
 70
     0
102
RTVSPropertyOp3
 70
     0
102
RTVSPropertyOp4
 70
     0
102
RTVSPropertyOp5
 70
     0
102
RTVSPropertyOp6
 70
     0
102
RTVSPropertyOp7
 70
     0
102
RTVSPropertyOp8
 70
     0
102
RTVSPropertyOp9
 70
     0
102
RTVSPropertyOp10
 70
     0
102
RTVSPropertyOp11
 70
     0
102
RTVSPropertyOp12
 70
     0
102
RTVSPropertyOp13
 70
     0
102
RTVSPropertyOp14
 70
     2
102
RTVSPropertyOp15
 70
     0
102
RTVSPropertyOp16
 70
     0
102
RTVSPropertyOp17
 70
     0
102
RTVSPropertyOp18
 70
     0
102
RTVSPropertyOp19
 70
     0
102
RTVSPropertyOp20
 70
     0
102
RTVSPropertyOp21
 70
     0
102
RTVSPropertyOp22
 70
     0
102
RTVSPropertyOp23
 70
     0
102
RTVSPropertyOp24
 70
     0
102
RTVSPropertyOp25
 70
     0
102
RTVSPropertyOp26
 70
     0
102
RTVSPropertyOp27
 70
     0
102
RTVSPropertyOp28
 70
     1
102
RTVSPropertyOp29
 70
     1
102
RTVSPropertyOp30
 70
     1
102
RTVSPropertyOp31
 70
     1
102
RTVSPropertyOp32
 70
     1
102
RTVSPropertyOp33
 70
     1
102
RTVSPropertyOp34
 70
     1
102
RTVSPropertyOp35
 70
     1
102
RTVSPropertyOp36
 70
     1
102
RTVSPropertyOp37
 70
     1
102
RTVSPropertyOp38
 70
     1
102
RTVSPropertyOp39
 70
     1
102
RTVSPropertyOp40
 70
     1
102
RTVSPropertyOp41
 70
     1
102
RTVSPropertyOp42
 70
     1
102
RTVSPropertyOp43
 70
     1
102
RTVSPropertyOp44
 70
     1
102
RTVSPropertyOp45
 70
     1
102
RTVSPropertyOp46
 70
     1
102
RTVSPropertyOp47
 70
     1
102
RTVSPropertyOp48
 70
     1
102
RTVSPropertyOp49
 70
     1
102
RTVSPropertyOp50
 70
     1
102
RTVSPropertyOp51
 70
     0
102
RTVSPropertyOp52
 70
     0
102
RTVSPropertyOp53
 70
     1
102
RTVSPropertyOp54
 70
     1
102
RTVSPropertyOp55
 70
     1
102
RTVSPropertyOp56
 70
     1
102
RTVSPropertyOp57
 70
     1
102
RTVSPost2010Prop28
280
     0
102
RTVSPost2010PropOp28
 70
     1
102
RTVSPost2010Prop29
280
     1
102
RTVSPost2010PropOp29
 70
     1
102
RTVSPost2010Prop30
280
     1
102
RTVSPost2010PropOp30
 70
     1
102
RTVSPost2010Prop31
280
     0
102
RTVSPost2010PropOp31
 70
     1
102
RTVSPost2010Prop32
280
     0
102
RTVSPost2010PropOp32
 70
     1
102
RTVSPost2010Prop33
280
     0
102
RTVSPost2010PropOp33
 70
     1
102
RTVSPost2010Prop34
280
     0
102
RTVSPost2010PropOp34
 70
     1
102
RTVSPost2010Prop35
280
     0
102
RTVSPost2010PropOp35
 70
     1
102
RTVSPost2010Prop36
280
     0
102
RTVSPost2010PropOp36
 70
     1
102
RTVSPost2010Prop37
 90
       50
102
RTVSPost2010PropOp37
 70
     1
102
RTVSPost2010Prop38
140
0.0
102
RTVSPost2010PropOp38
 70
     1
102
RTVSPost2010Prop39
140
1.0
102
RTVSPost2010PropOp39
 70
     1
102
RTVSPost2010Prop40
 90
        0
102
RTVSPost2010PropOp40
 70
     1
102
RTVSPost2010Prop41ColorIndex
 90
       18
102
RTVSPost2010Prop41ColorRGB
 90
        0
102
RTVSPost2010PropOp41
 70
     1
102
RTVSPost2010Prop42
 90
       50
102
RTVSPost2010PropOp42
 70
     1
102
RTVSPost2010Prop43
 90
        3
102
RTVSPost2010PropOp43
 70
     1
102
RTVSPost2010Prop44ColorIndex
 90
        5
102
RTVSPost2010Prop44ColorRGB
 90
      255
102
RTVSPost2010PropOp44
 70
     1
102
RTVSPost2010Prop45
280
     0
102
RTVSPost2010PropOp45
 70
     1
102
RTVSPost2010Prop46
 90
       50
102
RTVSPost2010PropOp46
 70
     1
102
RTVSPost2010Prop47
 90
       50
102
RTVSPost2010PropOp47
 70
     1
102
RTVSPost2010Prop48
 90
       50
102
RTVSPost2010PropOp48
 70
     1
102
RTVSPost2010Prop49
280
     0
102
RTVSPost2010PropOp49
 70
     1
102
RTVSPost2010Prop50
 90
       50
102
RTVSPost2010PropOp50
 70
     1
102
RTVSPost2010Prop51ColorIndex
 90
      256
102
RTVSPost2010Prop51ColorRGB
 90
-16777216
102
RTVSPost2010PropOp51
 70
     0
102
RTVSPost2010Prop52
140
1.0
102
RTVSPost2010PropOp52
 70
     0
102
RTVSPost2010Prop53
 90
        2
102
RTVSPost2010PropOp53
 70
     1
102
RTVSPost2010Prop54
  1
strokes_ogs.tif
102
RTVSPost2010PropOp54
 70
     1
102
RTVSPost2010Prop55
280
     0
102
RTVSPost2010PropOp55
 70
     1
102
RTVSPost2010Prop56
140
1.0
102
RTVSPost2010PropOp56
 70
     1
102
RTVSPost2010Prop57
140
1.0
102
RTVSPost2010PropOp57
 70
     1
  0
XRECORD
  5
8D7AA
102
{ACAD_REACTORS
330
8D49C
102
}
330
8D49C
100
AcDbXrecord
280
     1
102
RTVSPropertyOp0
 70
     1
102
RTVSPropertyOp1
 70
     1
102
RTVSPropertyOp2
 70
     1
102
RTVSPropertyOp3
 70
     1
102
RTVSPropertyOp4
 70
     1
102
RTVSPropertyOp5
 70
     1
102
RTVSPropertyOp6
 70
     1
102
RTVSPropertyOp7
 70
     1
102
RTVSPropertyOp8
 70
     1
102
RTVSPropertyOp9
 70
     1
102
RTVSPropertyOp10
 70
     1
102
RTVSPropertyOp11
 70
     1
102
RTVSPropertyOp12
 70
     1
102
RTVSPropertyOp13
 70
     1
102
RTVSPropertyOp14
 70
     1
102
RTVSPropertyOp15
 70
     1
102
RTVSPropertyOp16
 70
     1
102
RTVSPropertyOp17
 70
     1
102
RTVSPropertyOp18
 70
     1
102
RTVSPropertyOp19
 70
     1
102
RTVSPropertyOp20
 70
     1
102
RTVSPropertyOp21
 70
     1
102
RTVSPropertyOp22
 70
     1
102
RTVSPropertyOp23
 70
     1
102
RTVSPropertyOp24
 70
     1
102
RTVSPropertyOp25
 70
     1
102
RTVSPropertyOp26
 70
     1
102
RTVSPropertyOp27
 70
     1
102
RTVSPropertyOp28
 70
     1
102
RTVSPropertyOp29
 70
     1
102
RTVSPropertyOp30
 70
     1
102
RTVSPropertyOp31
 70
     1
102
RTVSPropertyOp32
 70
     1
102
RTVSPropertyOp33
 70
     1
102
RTVSPropertyOp34
 70
     1
102
RTVSPropertyOp35
 70
     1
102
RTVSPropertyOp36
 70
     1
102
RTVSPropertyOp37
 70
     1
102
RTVSPropertyOp38
 70
     1
102
RTVSPropertyOp39
 70
     1
102
RTVSPropertyOp40
 70
     1
102
RTVSPropertyOp41
 70
     1
102
RTVSPropertyOp42
 70
     1
102
RTVSPropertyOp43
 70
     1
102
RTVSPropertyOp44
 70
     1
102
RTVSPropertyOp45
 70
     1
102
RTVSPropertyOp46
 70
     1
102
RTVSPropertyOp47
 70
     1
102
RTVSPropertyOp48
 70
     1
102
RTVSPropertyOp49
 70
     1
102
RTVSPropertyOp50
 70
     1
102
RTVSPropertyOp51
 70
     0
102
RTVSPropertyOp52
 70
     0
102
RTVSPropertyOp53
 70
     1
102
RTVSPropertyOp54
 70
     1
102
RTVSPropertyOp55
 70
     1
102
RTVSPropertyOp56
 70
     1
102
RTVSPropertyOp57
 70
     1
102
RTVSPost2010Prop28
280
     0
102
RTVSPost2010PropOp28
 70
     1
102
RTVSPost2010Prop29
280
     1
102
RTVSPost2010PropOp29
 70
     1
102
RTVSPost2010Prop30
280
     1
102
RTVSPost2010PropOp30
 70
     1
102
RTVSPost2010Prop31
280
     0
102
RTVSPost2010PropOp31
 70
     1
102
RTVSPost2010Prop32
280
     0
102
RTVSPost2010PropOp32
 70
     1
102
RTVSPost2010Prop33
280
     0
102
RTVSPost2010PropOp33
 70
     1
102
RTVSPost2010Prop34
280
     0
102
RTVSPost2010PropOp34
 70
     1
102
RTVSPost2010Prop35
280
     0
102
RTVSPost2010PropOp35
 70
     1
102
RTVSPost2010Prop36
280
     0
102
RTVSPost2010PropOp36
 70
     1
102
RTVSPost2010Prop37
 90
       50
102
RTVSPost2010PropOp37
 70
     1
102
RTVSPost2010Prop38
140
0.0
102
RTVSPost2010PropOp38
 70
     1
102
RTVSPost2010Prop39
140
1.0
102
RTVSPost2010PropOp39
 70
     1
102
RTVSPost2010Prop40
 90
        0
102
RTVSPost2010PropOp40
 70
     1
102
RTVSPost2010Prop41ColorIndex
 90
       18
102
RTVSPost2010Prop41ColorRGB
 90
        0
102
RTVSPost2010PropOp41
 70
     1
102
RTVSPost2010Prop42
 90
       50
102
RTVSPost2010PropOp42
 70
     1
102
RTVSPost2010Prop43
 90
        3
102
RTVSPost2010PropOp43
 70
     1
102
RTVSPost2010Prop44ColorIndex
 90
        5
102
RTVSPost2010Prop44ColorRGB
 90
      255
102
RTVSPost2010PropOp44
 70
     1
102
RTVSPost2010Prop45
280
     0
102
RTVSPost2010PropOp45
 70
     1
102
RTVSPost2010Prop46
 90
       50
102
RTVSPost2010PropOp46
 70
     1
102
RTVSPost2010Prop47
 90
       50
102
RTVSPost2010PropOp47
 70
     1
102
RTVSPost2010Prop48
 90
       50
102
RTVSPost2010PropOp48
 70
     1
102
RTVSPost2010Prop49
280
     0
102
RTVSPost2010PropOp49
 70
     1
102
RTVSPost2010Prop50
 90
       50
102
RTVSPost2010PropOp50
 70
     1
102
RTVSPost2010Prop51ColorIndex
 90
      256
102
RTVSPost2010Prop51ColorRGB
 90
-16777216
102
RTVSPost2010PropOp51
 70
     0
102
RTVSPost2010Prop52
140
1.0
102
RTVSPost2010PropOp52
 70
     0
102
RTVSPost2010Prop53
 90
        2
102
RTVSPost2010PropOp53
 70
     1
102
RTVSPost2010Prop54
  1
strokes_ogs.tif
102
RTVSPost2010PropOp54
 70
     1
102
RTVSPost2010Prop55
280
     0
102
RTVSPost2010PropOp55
 70
     1
102
RTVSPost2010Prop56
140
1.0
102
RTVSPost2010PropOp56
 70
     1
102
RTVSPost2010Prop57
140
1.0
102
RTVSPost2010PropOp57
 70
     1
  0
XRECORD
  5
8D7AB
102
{ACAD_REACTORS
330
8D49E
102
}
330
8D49E
100
AcDbXrecord
280
     1
102
RTVSPropertyOp0
 70
     1
102
RTVSPropertyOp1
 70
     1
102
RTVSPropertyOp2
 70
     1
102
RTVSPropertyOp3
 70
     1
102
RTVSPropertyOp4
 70
     1
102
RTVSPropertyOp5
 70
     1
102
RTVSPropertyOp6
 70
     1
102
RTVSPropertyOp7
 70
     1
102
RTVSPropertyOp8
 70
     1
102
RTVSPropertyOp9
 70
     1
102
RTVSPropertyOp10
 70
     1
102
RTVSPropertyOp11
 70
     1
102
RTVSPropertyOp12
 70
     1
102
RTVSPropertyOp13
 70
     1
102
RTVSPropertyOp14
 70
     1
102
RTVSPropertyOp15
 70
     1
102
RTVSPropertyOp16
 70
     1
102
RTVSPropertyOp17
 70
     1
102
RTVSPropertyOp18
 70
     1
102
RTVSPropertyOp19
 70
     1
102
RTVSPropertyOp20
 70
     1
102
RTVSPropertyOp21
 70
     1
102
RTVSPropertyOp22
 70
     1
102
RTVSPropertyOp23
 70
     1
102
RTVSPropertyOp24
 70
     1
102
RTVSPropertyOp25
 70
     1
102
RTVSPropertyOp26
 70
     1
102
RTVSPropertyOp27
 70
     1
102
RTVSPropertyOp28
 70
     1
102
RTVSPropertyOp29
 70
     1
102
RTVSPropertyOp30
 70
     1
102
RTVSPropertyOp31
 70
     1
102
RTVSPropertyOp32
 70
     1
102
RTVSPropertyOp33
 70
     1
102
RTVSPropertyOp34
 70
     1
102
RTVSPropertyOp35
 70
     1
102
RTVSPropertyOp36
 70
     1
102
RTVSPropertyOp37
 70
     1
102
RTVSPropertyOp38
 70
     1
102
RTVSPropertyOp39
 70
     1
102
RTVSPropertyOp40
 70
     1
102
RTVSPropertyOp41
 70
     1
102
RTVSPropertyOp42
 70
     1
102
RTVSPropertyOp43
 70
     1
102
RTVSPropertyOp44
 70
     1
102
RTVSPropertyOp45
 70
     1
102
RTVSPropertyOp46
 70
     1
102
RTVSPropertyOp47
 70
     1
102
RTVSPropertyOp48
 70
     1
102
RTVSPropertyOp49
 70
     1
102
RTVSPropertyOp50
 70
     1
102
RTVSPropertyOp51
 70
     0
102
RTVSPropertyOp52
 70
     0
102
RTVSPropertyOp53
 70
     1
102
RTVSPropertyOp54
 70
     1
102
RTVSPropertyOp55
 70
     1
102
RTVSPropertyOp56
 70
     1
102
RTVSPropertyOp57
 70
     1
102
RTVSPost2010Prop28
280
     0
102
RTVSPost2010PropOp28
 70
     1
102
RTVSPost2010Prop29
280
     1
102
RTVSPost2010PropOp29
 70
     1
102
RTVSPost2010Prop30
280
     1
102
RTVSPost2010PropOp30
 70
     1
102
RTVSPost2010Prop31
280
     0
102
RTVSPost2010PropOp31
 70
     1
102
RTVSPost2010Prop32
280
     0
102
RTVSPost2010PropOp32
 70
     1
102
RTVSPost2010Prop33
280
     0
102
RTVSPost2010PropOp33
 70
     1
102
RTVSPost2010Prop34
280
     0
102
RTVSPost2010PropOp34
 70
     1
102
RTVSPost2010Prop35
280
     0
102
RTVSPost2010PropOp35
 70
     1
102
RTVSPost2010Prop36
280
     0
102
RTVSPost2010PropOp36
 70
     1
102
RTVSPost2010Prop37
 90
       50
102
RTVSPost2010PropOp37
 70
     1
102
RTVSPost2010Prop38
140
0.0
102
RTVSPost2010PropOp38
 70
     1
102
RTVSPost2010Prop39
140
1.0
102
RTVSPost2010PropOp39
 70
     1
102
RTVSPost2010Prop40
 90
        0
102
RTVSPost2010PropOp40
 70
     1
102
RTVSPost2010Prop41ColorIndex
 90
       18
102
RTVSPost2010Prop41ColorRGB
 90
        0
102
RTVSPost2010PropOp41
 70
     1
102
RTVSPost2010Prop42
 90
       50
102
RTVSPost2010PropOp42
 70
     1
102
RTVSPost2010Prop43
 90
        3
102
RTVSPost2010PropOp43
 70
     1
102
RTVSPost2010Prop44ColorIndex
 90
        5
102
RTVSPost2010Prop44ColorRGB
 90
      255
102
RTVSPost2010PropOp44
 70
     1
102
RTVSPost2010Prop45
280
     0
102
RTVSPost2010PropOp45
 70
     1
102
RTVSPost2010Prop46
 90
       50
102
RTVSPost2010PropOp46
 70
     1
102
RTVSPost2010Prop47
 90
       50
102
RTVSPost2010PropOp47
 70
     1
102
RTVSPost2010Prop48
 90
       50
102
RTVSPost2010PropOp48
 70
     1
102
RTVSPost2010Prop49
280
     0
102
RTVSPost2010PropOp49
 70
     1
102
RTVSPost2010Prop50
 90
       50
102
RTVSPost2010PropOp50
 70
     1
102
RTVSPost2010Prop51ColorIndex
 90
      256
102
RTVSPost2010Prop51ColorRGB
 90
-16777216
102
RTVSPost2010PropOp51
 70
     0
102
RTVSPost2010Prop52
140
1.0
102
RTVSPost2010PropOp52
 70
     0
102
RTVSPost2010Prop53
 90
        2
102
RTVSPost2010PropOp53
 70
     1
102
RTVSPost2010Prop54
  1
strokes_ogs.tif
102
RTVSPost2010PropOp54
 70
     1
102
RTVSPost2010Prop55
280
     0
102
RTVSPost2010PropOp55
 70
     1
102
RTVSPost2010Prop56
140
1.0
102
RTVSPost2010PropOp56
 70
     1
102
RTVSPost2010Prop57
140
1.0
102
RTVSPost2010PropOp57
 70
     1
  0
XRECORD
  5
8D7AC
102
{ACAD_REACTORS
330
8D4A0
102
}
330
8D4A0
100
AcDbXrecord
280
     1
102
RTVSPropertyOp0
 70
     1
102
RTVSPropertyOp1
 70
     1
102
RTVSPropertyOp2
 70
     1
102
RTVSPropertyOp3
 70
     1
102
RTVSPropertyOp4
 70
     1
102
RTVSPropertyOp5
 70
     1
102
RTVSPropertyOp6
 70
     1
102
RTVSPropertyOp7
 70
     1
102
RTVSPropertyOp8
 70
     1
102
RTVSPropertyOp9
 70
     1
102
RTVSPropertyOp10
 70
     1
102
RTVSPropertyOp11
 70
     1
102
RTVSPropertyOp12
 70
     1
102
RTVSPropertyOp13
 70
     1
102
RTVSPropertyOp14
 70
     1
102
RTVSPropertyOp15
 70
     1
102
RTVSPropertyOp16
 70
     1
102
RTVSPropertyOp17
 70
     1
102
RTVSPropertyOp18
 70
     1
102
RTVSPropertyOp19
 70
     1
102
RTVSPropertyOp20
 70
     1
102
RTVSPropertyOp21
 70
     1
102
RTVSPropertyOp22
 70
     1
102
RTVSPropertyOp23
 70
     1
102
RTVSPropertyOp24
 70
     1
102
RTVSPropertyOp25
 70
     1
102
RTVSPropertyOp26
 70
     1
102
RTVSPropertyOp27
 70
     1
102
RTVSPropertyOp28
 70
     1
102
RTVSPropertyOp29
 70
     1
102
RTVSPropertyOp30
 70
     1
102
RTVSPropertyOp31
 70
     1
102
RTVSPropertyOp32
 70
     1
102
RTVSPropertyOp33
 70
     1
102
RTVSPropertyOp34
 70
     1
102
RTVSPropertyOp35
 70
     1
102
RTVSPropertyOp36
 70
     1
102
RTVSPropertyOp37
 70
     1
102
RTVSPropertyOp38
 70
     1
102
RTVSPropertyOp39
 70
     1
102
RTVSPropertyOp40
 70
     1
102
RTVSPropertyOp41
 70
     1
102
RTVSPropertyOp42
 70
     1
102
RTVSPropertyOp43
 70
     1
102
RTVSPropertyOp44
 70
     1
102
RTVSPropertyOp45
 70
     1
102
RTVSPropertyOp46
 70
     1
102
RTVSPropertyOp47
 70
     1
102
RTVSPropertyOp48
 70
     1
102
RTVSPropertyOp49
 70
     1
102
RTVSPropertyOp50
 70
     1
102
RTVSPropertyOp51
 70
     0
102
RTVSPropertyOp52
 70
     0
102
RTVSPropertyOp53
 70
     1
102
RTVSPropertyOp54
 70
     1
102
RTVSPropertyOp55
 70
     1
102
RTVSPropertyOp56
 70
     1
102
RTVSPropertyOp57
 70
     1
102
RTVSPost2010Prop28
280
     0
102
RTVSPost2010PropOp28
 70
     1
102
RTVSPost2010Prop29
280
     1
102
RTVSPost2010PropOp29
 70
     1
102
RTVSPost2010Prop30
280
     1
102
RTVSPost2010PropOp30
 70
     1
102
RTVSPost2010Prop31
280
     0
102
RTVSPost2010PropOp31
 70
     1
102
RTVSPost2010Prop32
280
     0
102
RTVSPost2010PropOp32
 70
     1
102
RTVSPost2010Prop33
280
     0
102
RTVSPost2010PropOp33
 70
     1
102
RTVSPost2010Prop34
280
     0
102
RTVSPost2010PropOp34
 70
     1
102
RTVSPost2010Prop35
280
     0
102
RTVSPost2010PropOp35
 70
     1
102
RTVSPost2010Prop36
280
     0
102
RTVSPost2010PropOp36
 70
     1
102
RTVSPost2010Prop37
 90
       50
102
RTVSPost2010PropOp37
 70
     1
102
RTVSPost2010Prop38
140
0.0
102
RTVSPost2010PropOp38
 70
     1
102
RTVSPost2010Prop39
140
1.0
102
RTVSPost2010PropOp39
 70
     1
102
RTVSPost2010Prop40
 90
        0
102
RTVSPost2010PropOp40
 70
     1
102
RTVSPost2010Prop41ColorIndex
 90
       18
102
RTVSPost2010Prop41ColorRGB
 90
        0
102
RTVSPost2010PropOp41
 70
     1
102
RTVSPost2010Prop42
 90
       50
102
RTVSPost2010PropOp42
 70
     1
102
RTVSPost2010Prop43
 90
        3
102
RTVSPost2010PropOp43
 70
     1
102
RTVSPost2010Prop44ColorIndex
 90
        5
102
RTVSPost2010Prop44ColorRGB
 90
      255
102
RTVSPost2010PropOp44
 70
     1
102
RTVSPost2010Prop45
280
     0
102
RTVSPost2010PropOp45
 70
     1
102
RTVSPost2010Prop46
 90
       50
102
RTVSPost2010PropOp46
 70
     1
102
RTVSPost2010Prop47
 90
       50
102
RTVSPost2010PropOp47
 70
     1
102
RTVSPost2010Prop48
 90
       50
102
RTVSPost2010PropOp48
 70
     1
102
RTVSPost2010Prop49
280
     0
102
RTVSPost2010PropOp49
 70
     1
102
RTVSPost2010Prop50
 90
       50
102
RTVSPost2010PropOp50
 70
     1
102
RTVSPost2010Prop51ColorIndex
 90
      256
102
RTVSPost2010Prop51ColorRGB
 90
-16777216
102
RTVSPost2010PropOp51
 70
     0
102
RTVSPost2010Prop52
140
1.0
102
RTVSPost2010PropOp52
 70
     0
102
RTVSPost2010Prop53
 90
        2
102
RTVSPost2010PropOp53
 70
     1
102
RTVSPost2010Prop54
  1
strokes_ogs.tif
102
RTVSPost2010PropOp54
 70
     1
102
RTVSPost2010Prop55
280
     0
102
RTVSPost2010PropOp55
 70
     1
102
RTVSPost2010Prop56
140
1.0
102
RTVSPost2010PropOp56
 70
     1
102
RTVSPost2010Prop57
140
1.0
102
RTVSPost2010PropOp57
 70
     1
  0
XRECORD
  5
8D7AD
102
{ACAD_REACTORS
330
8D4A2
102
}
330
8D4A2
100
AcDbXrecord
280
     1
102
RTVSPropertyOp0
 70
     1
102
RTVSPropertyOp1
 70
     1
102
RTVSPropertyOp2
 70
     1
102
RTVSPropertyOp3
 70
     1
102
RTVSPropertyOp4
 70
     1
102
RTVSPropertyOp5
 70
     1
102
RTVSPropertyOp6
 70
     1
102
RTVSPropertyOp7
 70
     1
102
RTVSPropertyOp8
 70
     1
102
RTVSPropertyOp9
 70
     1
102
RTVSPropertyOp10
 70
     1
102
RTVSPropertyOp11
 70
     1
102
RTVSPropertyOp12
 70
     1
102
RTVSPropertyOp13
 70
     1
102
RTVSPropertyOp14
 70
     1
102
RTVSPropertyOp15
 70
     1
102
RTVSPropertyOp16
 70
     1
102
RTVSPropertyOp17
 70
     1
102
RTVSPropertyOp18
 70
     1
102
RTVSPropertyOp19
 70
     1
102
RTVSPropertyOp20
 70
     1
102
RTVSPropertyOp21
 70
     1
102
RTVSPropertyOp22
 70
     1
102
RTVSPropertyOp23
 70
     1
102
RTVSPropertyOp24
 70
     1
102
RTVSPropertyOp25
 70
     1
102
RTVSPropertyOp26
 70
     1
102
RTVSPropertyOp27
 70
     1
102
RTVSPropertyOp28
 70
     1
102
RTVSPropertyOp29
 70
     1
102
RTVSPropertyOp30
 70
     1
102
RTVSPropertyOp31
 70
     1
102
RTVSPropertyOp32
 70
     1
102
RTVSPropertyOp33
 70
     1
102
RTVSPropertyOp34
 70
     1
102
RTVSPropertyOp35
 70
     1
102
RTVSPropertyOp36
 70
     1
102
RTVSPropertyOp37
 70
     1
102
RTVSPropertyOp38
 70
     1
102
RTVSPropertyOp39
 70
     1
102
RTVSPropertyOp40
 70
     1
102
RTVSPropertyOp41
 70
     1
102
RTVSPropertyOp42
 70
     1
102
RTVSPropertyOp43
 70
     1
102
RTVSPropertyOp44
 70
     1
102
RTVSPropertyOp45
 70
     1
102
RTVSPropertyOp46
 70
     1
102
RTVSPropertyOp47
 70
     1
102
RTVSPropertyOp48
 70
     1
102
RTVSPropertyOp49
 70
     1
102
RTVSPropertyOp50
 70
     1
102
RTVSPropertyOp51
 70
     0
102
RTVSPropertyOp52
 70
     0
102
RTVSPropertyOp53
 70
     1
102
RTVSPropertyOp54
 70
     1
102
RTVSPropertyOp55
 70
     1
102
RTVSPropertyOp56
 70
     1
102
RTVSPropertyOp57
 70
     1
102
RTVSPost2010Prop28
280
     0
102
RTVSPost2010PropOp28
 70
     1
102
RTVSPost2010Prop29
280
     1
102
RTVSPost2010PropOp29
 70
     1
102
RTVSPost2010Prop30
280
     1
102
RTVSPost2010PropOp30
 70
     1
102
RTVSPost2010Prop31
280
     0
102
RTVSPost2010PropOp31
 70
     1
102
RTVSPost2010Prop32
280
     0
102
RTVSPost2010PropOp32
 70
     1
102
RTVSPost2010Prop33
280
     0
102
RTVSPost2010PropOp33
 70
     1
102
RTVSPost2010Prop34
280
     0
102
RTVSPost2010PropOp34
 70
     1
102
RTVSPost2010Prop35
280
     0
102
RTVSPost2010PropOp35
 70
     1
102
RTVSPost2010Prop36
280
     0
102
RTVSPost2010PropOp36
 70
     1
102
RTVSPost2010Prop37
 90
       50
102
RTVSPost2010PropOp37
 70
     1
102
RTVSPost2010Prop38
140
0.0
102
RTVSPost2010PropOp38
 70
     1
102
RTVSPost2010Prop39
140
1.0
102
RTVSPost2010PropOp39
 70
     1
102
RTVSPost2010Prop40
 90
        0
102
RTVSPost2010PropOp40
 70
     1
102
RTVSPost2010Prop41ColorIndex
 90
       18
102
RTVSPost2010Prop41ColorRGB
 90
        0
102
RTVSPost2010PropOp41
 70
     1
102
RTVSPost2010Prop42
 90
       50
102
RTVSPost2010PropOp42
 70
     1
102
RTVSPost2010Prop43
 90
        3
102
RTVSPost2010PropOp43
 70
     1
102
RTVSPost2010Prop44ColorIndex
 90
        5
102
RTVSPost2010Prop44ColorRGB
 90
      255
102
RTVSPost2010PropOp44
 70
     1
102
RTVSPost2010Prop45
280
     0
102
RTVSPost2010PropOp45
 70
     1
102
RTVSPost2010Prop46
 90
       50
102
RTVSPost2010PropOp46
 70
     1
102
RTVSPost2010Prop47
 90
       50
102
RTVSPost2010PropOp47
 70
     1
102
RTVSPost2010Prop48
 90
       50
102
RTVSPost2010PropOp48
 70
     1
102
RTVSPost2010Prop49
280
     0
102
RTVSPost2010PropOp49
 70
     1
102
RTVSPost2010Prop50
 90
       50
102
RTVSPost2010PropOp50
 70
     1
102
RTVSPost2010Prop51ColorIndex
 90
      256
102
RTVSPost2010Prop51ColorRGB
 90
-16777216
102
RTVSPost2010PropOp51
 70
     0
102
RTVSPost2010Prop52
140
1.0
102
RTVSPost2010PropOp52
 70
     0
102
RTVSPost2010Prop53
 90
        2
102
RTVSPost2010PropOp53
 70
     1
102
RTVSPost2010Prop54
  1
strokes_ogs.tif
102
RTVSPost2010PropOp54
 70
     1
102
RTVSPost2010Prop55
280
     0
102
RTVSPost2010PropOp55
 70
     1
102
RTVSPost2010Prop56
140
1.0
102
RTVSPost2010PropOp56
 70
     1
102
RTVSPost2010Prop57
140
1.0
102
RTVSPost2010PropOp57
 70
     1
  0
XRECORD
  5
8D7AE
102
{ACAD_REACTORS
330
8D4A4
102
}
330
8D4A4
100
AcDbXrecord
280
     1
102
RTVSPropertyOp0
 70
     1
102
RTVSPropertyOp1
 70
     1
102
RTVSPropertyOp2
 70
     1
102
RTVSPropertyOp3
 70
     1
102
RTVSPropertyOp4
 70
     1
102
RTVSPropertyOp5
 70
     1
102
RTVSPropertyOp6
 70
     1
102
RTVSPropertyOp7
 70
     1
102
RTVSPropertyOp8
 70
     1
102
RTVSPropertyOp9
 70
     1
102
RTVSPropertyOp10
 70
     1
102
RTVSPropertyOp11
 70
     1
102
RTVSPropertyOp12
 70
     1
102
RTVSPropertyOp13
 70
     1
102
RTVSPropertyOp14
 70
     1
102
RTVSPropertyOp15
 70
     1
102
RTVSPropertyOp16
 70
     1
102
RTVSPropertyOp17
 70
     1
102
RTVSPropertyOp18
 70
     1
102
RTVSPropertyOp19
 70
     1
102
RTVSPropertyOp20
 70
     1
102
RTVSPropertyOp21
 70
     1
102
RTVSPropertyOp22
 70
     1
102
RTVSPropertyOp23
 70
     1
102
RTVSPropertyOp24
 70
     1
102
RTVSPropertyOp25
 70
     1
102
RTVSPropertyOp26
 70
     1
102
RTVSPropertyOp27
 70
     1
102
RTVSPropertyOp28
 70
     1
102
RTVSPropertyOp29
 70
     1
102
RTVSPropertyOp30
 70
     1
102
RTVSPropertyOp31
 70
     1
102
RTVSPropertyOp32
 70
     1
102
RTVSPropertyOp33
 70
     1
102
RTVSPropertyOp34
 70
     1
102
RTVSPropertyOp35
 70
     1
102
RTVSPropertyOp36
 70
     1
102
RTVSPropertyOp37
 70
     1
102
RTVSPropertyOp38
 70
     1
102
RTVSPropertyOp39
 70
     1
102
RTVSPropertyOp40
 70
     1
102
RTVSPropertyOp41
 70
     1
102
RTVSPropertyOp42
 70
     1
102
RTVSPropertyOp43
 70
     1
102
RTVSPropertyOp44
 70
     1
102
RTVSPropertyOp45
 70
     1
102
RTVSPropertyOp46
 70
     1
102
RTVSPropertyOp47
 70
     1
102
RTVSPropertyOp48
 70
     1
102
RTVSPropertyOp49
 70
     1
102
RTVSPropertyOp50
 70
     1
102
RTVSPropertyOp51
 70
     0
102
RTVSPropertyOp52
 70
     0
102
RTVSPropertyOp53
 70
     1
102
RTVSPropertyOp54
 70
     1
102
RTVSPropertyOp55
 70
     1
102
RTVSPropertyOp56
 70
     1
102
RTVSPropertyOp57
 70
     1
102
RTVSPost2010Prop28
280
     0
102
RTVSPost2010PropOp28
 70
     1
102
RTVSPost2010Prop29
280
     1
102
RTVSPost2010PropOp29
 70
     1
102
RTVSPost2010Prop30
280
     1
102
RTVSPost2010PropOp30
 70
     1
102
RTVSPost2010Prop31
280
     0
102
RTVSPost2010PropOp31
 70
     1
102
RTVSPost2010Prop32
280
     0
102
RTVSPost2010PropOp32
 70
     1
102
RTVSPost2010Prop33
280
     0
102
RTVSPost2010PropOp33
 70
     1
102
RTVSPost2010Prop34
280
     0
102
RTVSPost2010PropOp34
 70
     1
102
RTVSPost2010Prop35
280
     0
102
RTVSPost2010PropOp35
 70
     1
102
RTVSPost2010Prop36
280
     0
102
RTVSPost2010PropOp36
 70
     1
102
RTVSPost2010Prop37
 90
       50
102
RTVSPost2010PropOp37
 70
     1
102
RTVSPost2010Prop38
140
0.0
102
RTVSPost2010PropOp38
 70
     1
102
RTVSPost2010Prop39
140
1.0
102
RTVSPost2010PropOp39
 70
     1
102
RTVSPost2010Prop40
 90
        0
102
RTVSPost2010PropOp40
 70
     1
102
RTVSPost2010Prop41ColorIndex
 90
       18
102
RTVSPost2010Prop41ColorRGB
 90
        0
102
RTVSPost2010PropOp41
 70
     1
102
RTVSPost2010Prop42
 90
       50
102
RTVSPost2010PropOp42
 70
     1
102
RTVSPost2010Prop43
 90
        3
102
RTVSPost2010PropOp43
 70
     1
102
RTVSPost2010Prop44ColorIndex
 90
        5
102
RTVSPost2010Prop44ColorRGB
 90
      255
102
RTVSPost2010PropOp44
 70
     1
102
RTVSPost2010Prop45
280
     0
102
RTVSPost2010PropOp45
 70
     1
102
RTVSPost2010Prop46
 90
       50
102
RTVSPost2010PropOp46
 70
     1
102
RTVSPost2010Prop47
 90
       50
102
RTVSPost2010PropOp47
 70
     1
102
RTVSPost2010Prop48
 90
       50
102
RTVSPost2010PropOp48
 70
     1
102
RTVSPost2010Prop49
280
     0
102
RTVSPost2010PropOp49
 70
     1
102
RTVSPost2010Prop50
 90
       50
102
RTVSPost2010PropOp50
 70
     1
102
RTVSPost2010Prop51ColorIndex
 90
      256
102
RTVSPost2010Prop51ColorRGB
 90
-16777216
102
RTVSPost2010PropOp51
 70
     0
102
RTVSPost2010Prop52
140
1.0
102
RTVSPost2010PropOp52
 70
     0
102
RTVSPost2010Prop53
 90
        2
102
RTVSPost2010PropOp53
 70
     1
102
RTVSPost2010Prop54
  1
strokes_ogs.tif
102
RTVSPost2010PropOp54
 70
     1
102
RTVSPost2010Prop55
280
     0
102
RTVSPost2010PropOp55
 70
     1
102
RTVSPost2010Prop56
140
1.0
102
RTVSPost2010PropOp56
 70
     1
102
RTVSPost2010Prop57
140
1.0
102
RTVSPost2010PropOp57
 70
     1
  0
XRECORD
  5
8D7AF
102
{ACAD_REACTORS
330
8D4A6
102
}
330
8D4A6
100
AcDbXrecord
280
     1
102
RTVSPropertyOp0
 70
     1
102
RTVSPropertyOp1
 70
     1
102
RTVSPropertyOp2
 70
     1
102
RTVSPropertyOp3
 70
     1
102
RTVSPropertyOp4
 70
     1
102
RTVSPropertyOp5
 70
     1
102
RTVSPropertyOp6
 70
     1
102
RTVSPropertyOp7
 70
     1
102
RTVSPropertyOp8
 70
     1
102
RTVSPropertyOp9
 70
     1
102
RTVSPropertyOp10
 70
     1
102
RTVSPropertyOp11
 70
     1
102
RTVSPropertyOp12
 70
     1
102
RTVSPropertyOp13
 70
     1
102
RTVSPropertyOp14
 70
     1
102
RTVSPropertyOp15
 70
     1
102
RTVSPropertyOp16
 70
     1
102
RTVSPropertyOp17
 70
     1
102
RTVSPropertyOp18
 70
     1
102
RTVSPropertyOp19
 70
     1
102
RTVSPropertyOp20
 70
     1
102
RTVSPropertyOp21
 70
     1
102
RTVSPropertyOp22
 70
     1
102
RTVSPropertyOp23
 70
     1
102
RTVSPropertyOp24
 70
     1
102
RTVSPropertyOp25
 70
     1
102
RTVSPropertyOp26
 70
     1
102
RTVSPropertyOp27
 70
     1
102
RTVSPropertyOp28
 70
     1
102
RTVSPropertyOp29
 70
     1
102
RTVSPropertyOp30
 70
     1
102
RTVSPropertyOp31
 70
     1
102
RTVSPropertyOp32
 70
     1
102
RTVSPropertyOp33
 70
     1
102
RTVSPropertyOp34
 70
     1
102
RTVSPropertyOp35
 70
     1
102
RTVSPropertyOp36
 70
     1
102
RTVSPropertyOp37
 70
     1
102
RTVSPropertyOp38
 70
     1
102
RTVSPropertyOp39
 70
     1
102
RTVSPropertyOp40
 70
     1
102
RTVSPropertyOp41
 70
     1
102
RTVSPropertyOp42
 70
     1
102
RTVSPropertyOp43
 70
     1
102
RTVSPropertyOp44
 70
     1
102
RTVSPropertyOp45
 70
     1
102
RTVSPropertyOp46
 70
     1
102
RTVSPropertyOp47
 70
     1
102
RTVSPropertyOp48
 70
     1
102
RTVSPropertyOp49
 70
     1
102
RTVSPropertyOp50
 70
     1
102
RTVSPropertyOp51
 70
     0
102
RTVSPropertyOp52
 70
     0
102
RTVSPropertyOp53
 70
     1
102
RTVSPropertyOp54
 70
     1
102
RTVSPropertyOp55
 70
     1
102
RTVSPropertyOp56
 70
     1
102
RTVSPropertyOp57
 70
     1
102
RTVSPost2010Prop28
280
     0
102
RTVSPost2010PropOp28
 70
     1
102
RTVSPost2010Prop29
280
     1
102
RTVSPost2010PropOp29
 70
     1
102
RTVSPost2010Prop30
280
     1
102
RTVSPost2010PropOp30
 70
     1
102
RTVSPost2010Prop31
280
     0
102
RTVSPost2010PropOp31
 70
     1
102
RTVSPost2010Prop32
280
     0
102
RTVSPost2010PropOp32
 70
     1
102
RTVSPost2010Prop33
280
     0
102
RTVSPost2010PropOp33
 70
     1
102
RTVSPost2010Prop34
280
     0
102
RTVSPost2010PropOp34
 70
     1
102
RTVSPost2010Prop35
280
     0
102
RTVSPost2010PropOp35
 70
     1
102
RTVSPost2010Prop36
280
     0
102
RTVSPost2010PropOp36
 70
     1
102
RTVSPost2010Prop37
 90
       50
102
RTVSPost2010PropOp37
 70
     1
102
RTVSPost2010Prop38
140
0.0
102
RTVSPost2010PropOp38
 70
     1
102
RTVSPost2010Prop39
140
1.0
102
RTVSPost2010PropOp39
 70
     1
102
RTVSPost2010Prop40
 90
        0
102
RTVSPost2010PropOp40
 70
     1
102
RTVSPost2010Prop41ColorIndex
 90
       18
102
RTVSPost2010Prop41ColorRGB
 90
        0
102
RTVSPost2010PropOp41
 70
     1
102
RTVSPost2010Prop42
 90
       50
102
RTVSPost2010PropOp42
 70
     1
102
RTVSPost2010Prop43
 90
        3
102
RTVSPost2010PropOp43
 70
     1
102
RTVSPost2010Prop44ColorIndex
 90
        5
102
RTVSPost2010Prop44ColorRGB
 90
      255
102
RTVSPost2010PropOp44
 70
     1
102
RTVSPost2010Prop45
280
     0
102
RTVSPost2010PropOp45
 70
     1
102
RTVSPost2010Prop46
 90
       50
102
RTVSPost2010PropOp46
 70
     1
102
RTVSPost2010Prop47
 90
       50
102
RTVSPost2010PropOp47
 70
     1
102
RTVSPost2010Prop48
 90
       50
102
RTVSPost2010PropOp48
 70
     1
102
RTVSPost2010Prop49
280
     0
102
RTVSPost2010PropOp49
 70
     1
102
RTVSPost2010Prop50
 90
       50
102
RTVSPost2010PropOp50
 70
     1
102
RTVSPost2010Prop51ColorIndex
 90
      256
102
RTVSPost2010Prop51ColorRGB
 90
-16777216
102
RTVSPost2010PropOp51
 70
     0
102
RTVSPost2010Prop52
140
1.0
102
RTVSPost2010PropOp52
 70
     0
102
RTVSPost2010Prop53
 90
        2
102
RTVSPost2010PropOp53
 70
     1
102
RTVSPost2010Prop54
  1
strokes_ogs.tif
102
RTVSPost2010PropOp54
 70
     1
102
RTVSPost2010Prop55
280
     0
102
RTVSPost2010PropOp55
 70
     1
102
RTVSPost2010Prop56
140
1.0
102
RTVSPost2010PropOp56
 70
     1
102
RTVSPost2010Prop57
140
1.0
102
RTVSPost2010PropOp57
 70
     1
  0
XRECORD
  5
8D7B0
102
{ACAD_REACTORS
330
8D4A8
102
}
330
8D4A8
100
AcDbXrecord
280
     1
102
RTVSPropertyOp0
 70
     0
102
RTVSPropertyOp1
 70
     0
102
RTVSPropertyOp2
 70
     0
102
RTVSPropertyOp3
 70
     0
102
RTVSPropertyOp4
 70
     0
102
RTVSPropertyOp5
 70
     0
102
RTVSPropertyOp6
 70
     0
102
RTVSPropertyOp7
 70
     0
102
RTVSPropertyOp8
 70
     0
102
RTVSPropertyOp9
 70
     0
102
RTVSPropertyOp10
 70
     0
102
RTVSPropertyOp11
 70
     0
102
RTVSPropertyOp12
 70
     0
102
RTVSPropertyOp13
 70
     0
102
RTVSPropertyOp14
 70
     2
102
RTVSPropertyOp15
 70
     0
102
RTVSPropertyOp16
 70
     0
102
RTVSPropertyOp17
 70
     0
102
RTVSPropertyOp18
 70
     0
102
RTVSPropertyOp19
 70
     0
102
RTVSPropertyOp20
 70
     0
102
RTVSPropertyOp21
 70
     0
102
RTVSPropertyOp22
 70
     0
102
RTVSPropertyOp23
 70
     0
102
RTVSPropertyOp24
 70
     0
102
RTVSPropertyOp25
 70
     0
102
RTVSPropertyOp26
 70
     0
102
RTVSPropertyOp27
 70
     0
102
RTVSPropertyOp28
 70
     1
102
RTVSPropertyOp29
 70
     1
102
RTVSPropertyOp30
 70
     1
102
RTVSPropertyOp31
 70
     1
102
RTVSPropertyOp32
 70
     1
102
RTVSPropertyOp33
 70
     1
102
RTVSPropertyOp34
 70
     1
102
RTVSPropertyOp35
 70
     1
102
RTVSPropertyOp36
 70
     1
102
RTVSPropertyOp37
 70
     1
102
RTVSPropertyOp38
 70
     1
102
RTVSPropertyOp39
 70
     1
102
RTVSPropertyOp40
 70
     1
102
RTVSPropertyOp41
 70
     1
102
RTVSPropertyOp42
 70
     1
102
RTVSPropertyOp43
 70
     1
102
RTVSPropertyOp44
 70
     1
102
RTVSPropertyOp45
 70
     1
102
RTVSPropertyOp46
 70
     1
102
RTVSPropertyOp47
 70
     1
102
RTVSPropertyOp48
 70
     1
102
RTVSPropertyOp49
 70
     1
102
RTVSPropertyOp50
 70
     1
102
RTVSPropertyOp51
 70
     0
102
RTVSPropertyOp52
 70
     0
102
RTVSPropertyOp53
 70
     1
102
RTVSPropertyOp54
 70
     1
102
RTVSPropertyOp55
 70
     1
102
RTVSPropertyOp56
 70
     1
102
RTVSPropertyOp57
 70
     1
102
RTVSPost2010Prop28
280
     0
102
RTVSPost2010PropOp28
 70
     1
102
RTVSPost2010Prop29
280
     1
102
RTVSPost2010PropOp29
 70
     1
102
RTVSPost2010Prop30
280
     1
102
RTVSPost2010PropOp30
 70
     1
102
RTVSPost2010Prop31
280
     0
102
RTVSPost2010PropOp31
 70
     1
102
RTVSPost2010Prop32
280
     0
102
RTVSPost2010PropOp32
 70
     1
102
RTVSPost2010Prop33
280
     0
102
RTVSPost2010PropOp33
 70
     1
102
RTVSPost2010Prop34
280
     0
102
RTVSPost2010PropOp34
 70
     1
102
RTVSPost2010Prop35
280
     0
102
RTVSPost2010PropOp35
 70
     1
102
RTVSPost2010Prop36
280
     0
102
RTVSPost2010PropOp36
 70
     1
102
RTVSPost2010Prop37
 90
       50
102
RTVSPost2010PropOp37
 70
     1
102
RTVSPost2010Prop38
140
0.0
102
RTVSPost2010PropOp38
 70
     1
102
RTVSPost2010Prop39
140
1.0
102
RTVSPost2010PropOp39
 70
     1
102
RTVSPost2010Prop40
 90
        0
102
RTVSPost2010PropOp40
 70
     1
102
RTVSPost2010Prop41ColorIndex
 90
       18
102
RTVSPost2010Prop41ColorRGB
 90
        0
102
RTVSPost2010PropOp41
 70
     1
102
RTVSPost2010Prop42
 90
       50
102
RTVSPost2010PropOp42
 70
     1
102
RTVSPost2010Prop43
 90
        3
102
RTVSPost2010PropOp43
 70
     1
102
RTVSPost2010Prop44ColorIndex
 90
        5
102
RTVSPost2010Prop44ColorRGB
 90
      255
102
RTVSPost2010PropOp44
 70
     1
102
RTVSPost2010Prop45
280
     0
102
RTVSPost2010PropOp45
 70
     1
102
RTVSPost2010Prop46
 90
       50
102
RTVSPost2010PropOp46
 70
     1
102
RTVSPost2010Prop47
 90
       50
102
RTVSPost2010PropOp47
 70
     1
102
RTVSPost2010Prop48
 90
       50
102
RTVSPost2010PropOp48
 70
     1
102
RTVSPost2010Prop49
280
     0
102
RTVSPost2010PropOp49
 70
     1
102
RTVSPost2010Prop50
 90
       50
102
RTVSPost2010PropOp50
 70
     1
102
RTVSPost2010Prop51ColorIndex
 90
      256
102
RTVSPost2010Prop51ColorRGB
 90
-16777216
102
RTVSPost2010PropOp51
 70
     0
102
RTVSPost2010Prop52
140
1.0
102
RTVSPost2010PropOp52
 70
     0
102
RTVSPost2010Prop53
 90
        2
102
RTVSPost2010PropOp53
 70
     1
102
RTVSPost2010Prop54
  1
strokes_ogs.tif
102
RTVSPost2010PropOp54
 70
     1
102
RTVSPost2010Prop55
280
     0
102
RTVSPost2010PropOp55
 70
     1
102
RTVSPost2010Prop56
140
1.0
102
RTVSPost2010PropOp56
 70
     1
102
RTVSPost2010Prop57
140
1.0
102
RTVSPost2010PropOp57
 70
     1
  0
XRECORD
  5
8D7B1
102
{ACAD_REACTORS
330
8D4AA
102
}
330
8D4AA
100
AcDbXrecord
280
     1
102
RTVSPropertyOp0
 70
     1
102
RTVSPropertyOp1
 70
     1
102
RTVSPropertyOp2
 70
     1
102
RTVSPropertyOp3
 70
     1
102
RTVSPropertyOp4
 70
     1
102
RTVSPropertyOp5
 70
     1
102
RTVSPropertyOp6
 70
     1
102
RTVSPropertyOp7
 70
     1
102
RTVSPropertyOp8
 70
     1
102
RTVSPropertyOp9
 70
     1
102
RTVSPropertyOp10
 70
     1
102
RTVSPropertyOp11
 70
     1
102
RTVSPropertyOp12
 70
     1
102
RTVSPropertyOp13
 70
     1
102
RTVSPropertyOp14
 70
     1
102
RTVSPropertyOp15
 70
     1
102
RTVSPropertyOp16
 70
     1
102
RTVSPropertyOp17
 70
     1
102
RTVSPropertyOp18
 70
     1
102
RTVSPropertyOp19
 70
     1
102
RTVSPropertyOp20
 70
     1
102
RTVSPropertyOp21
 70
     1
102
RTVSPropertyOp22
 70
     1
102
RTVSPropertyOp23
 70
     1
102
RTVSPropertyOp24
 70
     1
102
RTVSPropertyOp25
 70
     1
102
RTVSPropertyOp26
 70
     1
102
RTVSPropertyOp27
 70
     1
102
RTVSPropertyOp28
 70
     1
102
RTVSPropertyOp29
 70
     1
102
RTVSPropertyOp30
 70
     1
102
RTVSPropertyOp31
 70
     1
102
RTVSPropertyOp32
 70
     1
102
RTVSPropertyOp33
 70
     1
102
RTVSPropertyOp34
 70
     1
102
RTVSPropertyOp35
 70
     1
102
RTVSPropertyOp36
 70
     1
102
RTVSPropertyOp37
 70
     1
102
RTVSPropertyOp38
 70
     1
102
RTVSPropertyOp39
 70
     1
102
RTVSPropertyOp40
 70
     1
102
RTVSPropertyOp41
 70
     1
102
RTVSPropertyOp42
 70
     1
102
RTVSPropertyOp43
 70
     1
102
RTVSPropertyOp44
 70
     1
102
RTVSPropertyOp45
 70
     1
102
RTVSPropertyOp46
 70
     1
102
RTVSPropertyOp47
 70
     1
102
RTVSPropertyOp48
 70
     1
102
RTVSPropertyOp49
 70
     1
102
RTVSPropertyOp50
 70
     1
102
RTVSPropertyOp51
 70
     0
102
RTVSPropertyOp52
 70
     0
102
RTVSPropertyOp53
 70
     1
102
RTVSPropertyOp54
 70
     1
102
RTVSPropertyOp55
 70
     1
102
RTVSPropertyOp56
 70
     1
102
RTVSPropertyOp57
 70
     1
102
RTVSPost2010Prop28
280
     0
102
RTVSPost2010PropOp28
 70
     1
102
RTVSPost2010Prop29
280
     1
102
RTVSPost2010PropOp29
 70
     1
102
RTVSPost2010Prop30
280
     1
102
RTVSPost2010PropOp30
 70
     1
102
RTVSPost2010Prop31
280
     0
102
RTVSPost2010PropOp31
 70
     1
102
RTVSPost2010Prop32
280
     0
102
RTVSPost2010PropOp32
 70
     1
102
RTVSPost2010Prop33
280
     0
102
RTVSPost2010PropOp33
 70
     1
102
RTVSPost2010Prop34
280
     0
102
RTVSPost2010PropOp34
 70
     1
102
RTVSPost2010Prop35
280
     0
102
RTVSPost2010PropOp35
 70
     1
102
RTVSPost2010Prop36
280
     0
102
RTVSPost2010PropOp36
 70
     1
102
RTVSPost2010Prop37
 90
       50
102
RTVSPost2010PropOp37
 70
     1
102
RTVSPost2010Prop38
140
0.0
102
RTVSPost2010PropOp38
 70
     1
102
RTVSPost2010Prop39
140
1.0
102
RTVSPost2010PropOp39
 70
     1
102
RTVSPost2010Prop40
 90
        0
102
RTVSPost2010PropOp40
 70
     1
102
RTVSPost2010Prop41ColorIndex
 90
       18
102
RTVSPost2010Prop41ColorRGB
 90
        0
102
RTVSPost2010PropOp41
 70
     1
102
RTVSPost2010Prop42
 90
       50
102
RTVSPost2010PropOp42
 70
     1
102
RTVSPost2010Prop43
 90
        3
102
RTVSPost2010PropOp43
 70
     1
102
RTVSPost2010Prop44ColorIndex
 90
        5
102
RTVSPost2010Prop44ColorRGB
 90
      255
102
RTVSPost2010PropOp44
 70
     1
102
RTVSPost2010Prop45
280
     0
102
RTVSPost2010PropOp45
 70
     1
102
RTVSPost2010Prop46
 90
       50
102
RTVSPost2010PropOp46
 70
     1
102
RTVSPost2010Prop47
 90
       50
102
RTVSPost2010PropOp47
 70
     1
102
RTVSPost2010Prop48
 90
       50
102
RTVSPost2010PropOp48
 70
     1
102
RTVSPost2010Prop49
280
     0
102
RTVSPost2010PropOp49
 70
     1
102
RTVSPost2010Prop50
 90
       50
102
RTVSPost2010PropOp50
 70
     1
102
RTVSPost2010Prop51ColorIndex
 90
      256
102
RTVSPost2010Prop51ColorRGB
 90
-16777216
102
RTVSPost2010PropOp51
 70
     0
102
RTVSPost2010Prop52
140
1.0
102
RTVSPost2010PropOp52
 70
     0
102
RTVSPost2010Prop53
 90
        2
102
RTVSPost2010PropOp53
 70
     1
102
RTVSPost2010Prop54
  1
strokes_ogs.tif
102
RTVSPost2010PropOp54
 70
     1
102
RTVSPost2010Prop55
280
     0
102
RTVSPost2010PropOp55
 70
     1
102
RTVSPost2010Prop56
140
1.0
102
RTVSPost2010PropOp56
 70
     1
102
RTVSPost2010Prop57
140
1.0
102
RTVSPost2010PropOp57
 70
     1
  0
XRECORD
  5
8D7B2
102
{ACAD_REACTORS
330
8D4AC
102
}
330
8D4AC
100
AcDbXrecord
280
     1
102
RTVSPropertyOp0
 70
     0
102
RTVSPropertyOp1
 70
     0
102
RTVSPropertyOp2
 70
     0
102
RTVSPropertyOp3
 70
     0
102
RTVSPropertyOp4
 70
     0
102
RTVSPropertyOp5
 70
     0
102
RTVSPropertyOp6
 70
     0
102
RTVSPropertyOp7
 70
     0
102
RTVSPropertyOp8
 70
     0
102
RTVSPropertyOp9
 70
     0
102
RTVSPropertyOp10
 70
     0
102
RTVSPropertyOp11
 70
     0
102
RTVSPropertyOp12
 70
     0
102
RTVSPropertyOp13
 70
     0
102
RTVSPropertyOp14
 70
     2
102
RTVSPropertyOp15
 70
     0
102
RTVSPropertyOp16
 70
     0
102
RTVSPropertyOp17
 70
     0
102
RTVSPropertyOp18
 70
     0
102
RTVSPropertyOp19
 70
     0
102
RTVSPropertyOp20
 70
     0
102
RTVSPropertyOp21
 70
     0
102
RTVSPropertyOp22
 70
     0
102
RTVSPropertyOp23
 70
     0
102
RTVSPropertyOp24
 70
     0
102
RTVSPropertyOp25
 70
     0
102
RTVSPropertyOp26
 70
     0
102
RTVSPropertyOp27
 70
     0
102
RTVSPropertyOp28
 70
     1
102
RTVSPropertyOp29
 70
     1
102
RTVSPropertyOp30
 70
     1
102
RTVSPropertyOp31
 70
     1
102
RTVSPropertyOp32
 70
     1
102
RTVSPropertyOp33
 70
     1
102
RTVSPropertyOp34
 70
     1
102
RTVSPropertyOp35
 70
     1
102
RTVSPropertyOp36
 70
     1
102
RTVSPropertyOp37
 70
     1
102
RTVSPropertyOp38
 70
     1
102
RTVSPropertyOp39
 70
     1
102
RTVSPropertyOp40
 70
     1
102
RTVSPropertyOp41
 70
     1
102
RTVSPropertyOp42
 70
     1
102
RTVSPropertyOp43
 70
     1
102
RTVSPropertyOp44
 70
     1
102
RTVSPropertyOp45
 70
     1
102
RTVSPropertyOp46
 70
     1
102
RTVSPropertyOp47
 70
     1
102
RTVSPropertyOp48
 70
     1
102
RTVSPropertyOp49
 70
     1
102
RTVSPropertyOp50
 70
     1
102
RTVSPropertyOp51
 70
     0
102
RTVSPropertyOp52
 70
     0
102
RTVSPropertyOp53
 70
     1
102
RTVSPropertyOp54
 70
     1
102
RTVSPropertyOp55
 70
     1
102
RTVSPropertyOp56
 70
     1
102
RTVSPropertyOp57
 70
     1
102
RTVSPost2010Prop28
280
     0
102
RTVSPost2010PropOp28
 70
     1
102
RTVSPost2010Prop29
280
     1
102
RTVSPost2010PropOp29
 70
     1
102
RTVSPost2010Prop30
280
     1
102
RTVSPost2010PropOp30
 70
     1
102
RTVSPost2010Prop31
280
     0
102
RTVSPost2010PropOp31
 70
     1
102
RTVSPost2010Prop32
280
     0
102
RTVSPost2010PropOp32
 70
     1
102
RTVSPost2010Prop33
280
     0
102
RTVSPost2010PropOp33
 70
     1
102
RTVSPost2010Prop34
280
     0
102
RTVSPost2010PropOp34
 70
     1
102
RTVSPost2010Prop35
280
     0
102
RTVSPost2010PropOp35
 70
     1
102
RTVSPost2010Prop36
280
     0
102
RTVSPost2010PropOp36
 70
     1
102
RTVSPost2010Prop37
 90
       50
102
RTVSPost2010PropOp37
 70
     1
102
RTVSPost2010Prop38
140
0.0
102
RTVSPost2010PropOp38
 70
     1
102
RTVSPost2010Prop39
140
1.0
102
RTVSPost2010PropOp39
 70
     1
102
RTVSPost2010Prop40
 90
        0
102
RTVSPost2010PropOp40
 70
     1
102
RTVSPost2010Prop41ColorIndex
 90
       18
102
RTVSPost2010Prop41ColorRGB
 90
        0
102
RTVSPost2010PropOp41
 70
     1
102
RTVSPost2010Prop42
 90
       50
102
RTVSPost2010PropOp42
 70
     1
102
RTVSPost2010Prop43
 90
        3
102
RTVSPost2010PropOp43
 70
     1
102
RTVSPost2010Prop44ColorIndex
 90
        5
102
RTVSPost2010Prop44ColorRGB
 90
      255
102
RTVSPost2010PropOp44
 70
     1
102
RTVSPost2010Prop45
280
     0
102
RTVSPost2010PropOp45
 70
     1
102
RTVSPost2010Prop46
 90
       50
102
RTVSPost2010PropOp46
 70
     1
102
RTVSPost2010Prop47
 90
       50
102
RTVSPost2010PropOp47
 70
     1
102
RTVSPost2010Prop48
 90
       50
102
RTVSPost2010PropOp48
 70
     1
102
RTVSPost2010Prop49
280
     0
102
RTVSPost2010PropOp49
 70
     1
102
RTVSPost2010Prop50
 90
       50
102
RTVSPost2010PropOp50
 70
     1
102
RTVSPost2010Prop51ColorIndex
 90
      256
102
RTVSPost2010Prop51ColorRGB
 90
-16777216
102
RTVSPost2010PropOp51
 70
     0
102
RTVSPost2010Prop52
140
1.0
102
RTVSPost2010PropOp52
 70
     0
102
RTVSPost2010Prop53
 90
        2
102
RTVSPost2010PropOp53
 70
     1
102
RTVSPost2010Prop54
  1
strokes_ogs.tif
102
RTVSPost2010PropOp54
 70
     1
102
RTVSPost2010Prop55
280
     0
102
RTVSPost2010PropOp55
 70
     1
102
RTVSPost2010Prop56
140
1.0
102
RTVSPost2010PropOp56
 70
     1
102
RTVSPost2010Prop57
140
1.0
102
RTVSPost2010PropOp57
 70
     1
  0
XRECORD
  5
8D7B3
102
{ACAD_REACTORS
330
8D4AE
102
}
330
8D4AE
100
AcDbXrecord
280
     1
102
RTVSPropertyOp0
 70
     1
102
RTVSPropertyOp1
 70
     1
102
RTVSPropertyOp2
 70
     1
102
RTVSPropertyOp3
 70
     1
102
RTVSPropertyOp4
 70
     1
102
RTVSPropertyOp5
 70
     1
102
RTVSPropertyOp6
 70
     1
102
RTVSPropertyOp7
 70
     1
102
RTVSPropertyOp8
 70
     1
102
RTVSPropertyOp9
 70
     1
102
RTVSPropertyOp10
 70
     1
102
RTVSPropertyOp11
 70
     1
102
RTVSPropertyOp12
 70
     1
102
RTVSPropertyOp13
 70
     1
102
RTVSPropertyOp14
 70
     1
102
RTVSPropertyOp15
 70
     1
102
RTVSPropertyOp16
 70
     1
102
RTVSPropertyOp17
 70
     1
102
RTVSPropertyOp18
 70
     1
102
RTVSPropertyOp19
 70
     1
102
RTVSPropertyOp20
 70
     1
102
RTVSPropertyOp21
 70
     1
102
RTVSPropertyOp22
 70
     1
102
RTVSPropertyOp23
 70
     1
102
RTVSPropertyOp24
 70
     1
102
RTVSPropertyOp25
 70
     1
102
RTVSPropertyOp26
 70
     1
102
RTVSPropertyOp27
 70
     1
102
RTVSPropertyOp28
 70
     1
102
RTVSPropertyOp29
 70
     1
102
RTVSPropertyOp30
 70
     1
102
RTVSPropertyOp31
 70
     1
102
RTVSPropertyOp32
 70
     1
102
RTVSPropertyOp33
 70
     1
102
RTVSPropertyOp34
 70
     1
102
RTVSPropertyOp35
 70
     1
102
RTVSPropertyOp36
 70
     1
102
RTVSPropertyOp37
 70
     1
102
RTVSPropertyOp38
 70
     1
102
RTVSPropertyOp39
 70
     1
102
RTVSPropertyOp40
 70
     1
102
RTVSPropertyOp41
 70
     1
102
RTVSPropertyOp42
 70
     1
102
RTVSPropertyOp43
 70
     1
102
RTVSPropertyOp44
 70
     1
102
RTVSPropertyOp45
 70
     1
102
RTVSPropertyOp46
 70
     1
102
RTVSPropertyOp47
 70
     1
102
RTVSPropertyOp48
 70
     1
102
RTVSPropertyOp49
 70
     1
102
RTVSPropertyOp50
 70
     1
102
RTVSPropertyOp51
 70
     0
102
RTVSPropertyOp52
 70
     0
102
RTVSPropertyOp53
 70
     1
102
RTVSPropertyOp54
 70
     1
102
RTVSPropertyOp55
 70
     1
102
RTVSPropertyOp56
 70
     1
102
RTVSPropertyOp57
 70
     1
102
RTVSPost2010Prop28
280
     0
102
RTVSPost2010PropOp28
 70
     1
102
RTVSPost2010Prop29
280
     1
102
RTVSPost2010PropOp29
 70
     1
102
RTVSPost2010Prop30
280
     1
102
RTVSPost2010PropOp30
 70
     1
102
RTVSPost2010Prop31
280
     0
102
RTVSPost2010PropOp31
 70
     1
102
RTVSPost2010Prop32
280
     0
102
RTVSPost2010PropOp32
 70
     1
102
RTVSPost2010Prop33
280
     0
102
RTVSPost2010PropOp33
 70
     1
102
RTVSPost2010Prop34
280
     0
102
RTVSPost2010PropOp34
 70
     1
102
RTVSPost2010Prop35
280
     0
102
RTVSPost2010PropOp35
 70
     1
102
RTVSPost2010Prop36
280
     0
102
RTVSPost2010PropOp36
 70
     1
102
RTVSPost2010Prop37
 90
       50
102
RTVSPost2010PropOp37
 70
     1
102
RTVSPost2010Prop38
140
0.0
102
RTVSPost2010PropOp38
 70
     1
102
RTVSPost2010Prop39
140
1.0
102
RTVSPost2010PropOp39
 70
     1
102
RTVSPost2010Prop40
 90
        0
102
RTVSPost2010PropOp40
 70
     1
102
RTVSPost2010Prop41ColorIndex
 90
       18
102
RTVSPost2010Prop41ColorRGB
 90
        0
102
RTVSPost2010PropOp41
 70
     1
102
RTVSPost2010Prop42
 90
       50
102
RTVSPost2010PropOp42
 70
     1
102
RTVSPost2010Prop43
 90
        3
102
RTVSPost2010PropOp43
 70
     1
102
RTVSPost2010Prop44ColorIndex
 90
        5
102
RTVSPost2010Prop44ColorRGB
 90
      255
102
RTVSPost2010PropOp44
 70
     1
102
RTVSPost2010Prop45
280
     0
102
RTVSPost2010PropOp45
 70
     1
102
RTVSPost2010Prop46
 90
       50
102
RTVSPost2010PropOp46
 70
     1
102
RTVSPost2010Prop47
 90
       50
102
RTVSPost2010PropOp47
 70
     1
102
RTVSPost2010Prop48
 90
       50
102
RTVSPost2010PropOp48
 70
     1
102
RTVSPost2010Prop49
280
     0
102
RTVSPost2010PropOp49
 70
     1
102
RTVSPost2010Prop50
 90
       50
102
RTVSPost2010PropOp50
 70
     1
102
RTVSPost2010Prop51ColorIndex
 90
      256
102
RTVSPost2010Prop51ColorRGB
 90
-16777216
102
RTVSPost2010PropOp51
 70
     0
102
RTVSPost2010Prop52
140
1.0
102
RTVSPost2010PropOp52
 70
     0
102
RTVSPost2010Prop53
 90
        2
102
RTVSPost2010PropOp53
 70
     1
102
RTVSPost2010Prop54
  1
strokes_ogs.tif
102
RTVSPost2010PropOp54
 70
     1
102
RTVSPost2010Prop55
280
     0
102
RTVSPost2010PropOp55
 70
     1
102
RTVSPost2010Prop56
140
1.0
102
RTVSPost2010PropOp56
 70
     1
102
RTVSPost2010Prop57
140
1.0
102
RTVSPost2010PropOp57
 70
     1
  0
XRECORD
  5
8D7B4
102
{ACAD_REACTORS
330
8D4B0
102
}
330
8D4B0
100
AcDbXrecord
280
     1
102
RTVSPropertyOp0
 70
     1
102
RTVSPropertyOp1
 70
     1
102
RTVSPropertyOp2
 70
     1
102
RTVSPropertyOp3
 70
     1
102
RTVSPropertyOp4
 70
     1
102
RTVSPropertyOp5
 70
     1
102
RTVSPropertyOp6
 70
     1
102
RTVSPropertyOp7
 70
     1
102
RTVSPropertyOp8
 70
     1
102
RTVSPropertyOp9
 70
     1
102
RTVSPropertyOp10
 70
     1
102
RTVSPropertyOp11
 70
     1
102
RTVSPropertyOp12
 70
     1
102
RTVSPropertyOp13
 70
     1
102
RTVSPropertyOp14
 70
     1
102
RTVSPropertyOp15
 70
     1
102
RTVSPropertyOp16
 70
     1
102
RTVSPropertyOp17
 70
     1
102
RTVSPropertyOp18
 70
     1
102
RTVSPropertyOp19
 70
     1
102
RTVSPropertyOp20
 70
     1
102
RTVSPropertyOp21
 70
     1
102
RTVSPropertyOp22
 70
     1
102
RTVSPropertyOp23
 70
     1
102
RTVSPropertyOp24
 70
     1
102
RTVSPropertyOp25
 70
     1
102
RTVSPropertyOp26
 70
     1
102
RTVSPropertyOp27
 70
     1
102
RTVSPropertyOp28
 70
     1
102
RTVSPropertyOp29
 70
     1
102
RTVSPropertyOp30
 70
     1
102
RTVSPropertyOp31
 70
     1
102
RTVSPropertyOp32
 70
     1
102
RTVSPropertyOp33
 70
     1
102
RTVSPropertyOp34
 70
     1
102
RTVSPropertyOp35
 70
     1
102
RTVSPropertyOp36
 70
     1
102
RTVSPropertyOp37
 70
     1
102
RTVSPropertyOp38
 70
     1
102
RTVSPropertyOp39
 70
     1
102
RTVSPropertyOp40
 70
     1
102
RTVSPropertyOp41
 70
     1
102
RTVSPropertyOp42
 70
     1
102
RTVSPropertyOp43
 70
     1
102
RTVSPropertyOp44
 70
     1
102
RTVSPropertyOp45
 70
     1
102
RTVSPropertyOp46
 70
     1
102
RTVSPropertyOp47
 70
     1
102
RTVSPropertyOp48
 70
     1
102
RTVSPropertyOp49
 70
     1
102
RTVSPropertyOp50
 70
     1
102
RTVSPropertyOp51
 70
     0
102
RTVSPropertyOp52
 70
     0
102
RTVSPropertyOp53
 70
     1
102
RTVSPropertyOp54
 70
     1
102
RTVSPropertyOp55
 70
     1
102
RTVSPropertyOp56
 70
     1
102
RTVSPropertyOp57
 70
     1
102
RTVSPost2010Prop28
280
     0
102
RTVSPost2010PropOp28
 70
     1
102
RTVSPost2010Prop29
280
     1
102
RTVSPost2010PropOp29
 70
     1
102
RTVSPost2010Prop30
280
     1
102
RTVSPost2010PropOp30
 70
     1
102
RTVSPost2010Prop31
280
     0
102
RTVSPost2010PropOp31
 70
     1
102
RTVSPost2010Prop32
280
     0
102
RTVSPost2010PropOp32
 70
     1
102
RTVSPost2010Prop33
280
     0
102
RTVSPost2010PropOp33
 70
     1
102
RTVSPost2010Prop34
280
     0
102
RTVSPost2010PropOp34
 70
     1
102
RTVSPost2010Prop35
280
     0
102
RTVSPost2010PropOp35
 70
     1
102
RTVSPost2010Prop36
280
     0
102
RTVSPost2010PropOp36
 70
     1
102
RTVSPost2010Prop37
 90
       50
102
RTVSPost2010PropOp37
 70
     1
102
RTVSPost2010Prop38
140
0.0
102
RTVSPost2010PropOp38
 70
     1
102
RTVSPost2010Prop39
140
1.0
102
RTVSPost2010PropOp39
 70
     1
102
RTVSPost2010Prop40
 90
        0
102
RTVSPost2010PropOp40
 70
     1
102
RTVSPost2010Prop41ColorIndex
 90
       18
102
RTVSPost2010Prop41ColorRGB
 90
        0
102
RTVSPost2010PropOp41
 70
     1
102
RTVSPost2010Prop42
 90
       50
102
RTVSPost2010PropOp42
 70
     1
102
RTVSPost2010Prop43
 90
        3
102
RTVSPost2010PropOp43
 70
     1
102
RTVSPost2010Prop44ColorIndex
 90
        5
102
RTVSPost2010Prop44ColorRGB
 90
      255
102
RTVSPost2010PropOp44
 70
     1
102
RTVSPost2010Prop45
280
     0
102
RTVSPost2010PropOp45
 70
     1
102
RTVSPost2010Prop46
 90
       50
102
RTVSPost2010PropOp46
 70
     1
102
RTVSPost2010Prop47
 90
       50
102
RTVSPost2010PropOp47
 70
     1
102
RTVSPost2010Prop48
 90
       50
102
RTVSPost2010PropOp48
 70
     1
102
RTVSPost2010Prop49
280
     0
102
RTVSPost2010PropOp49
 70
     1
102
RTVSPost2010Prop50
 90
       50
102
RTVSPost2010PropOp50
 70
     1
102
RTVSPost2010Prop51ColorIndex
 90
      256
102
RTVSPost2010Prop51ColorRGB
 90
-16777216
102
RTVSPost2010PropOp51
 70
     0
102
RTVSPost2010Prop52
140
1.0
102
RTVSPost2010PropOp52
 70
     0
102
RTVSPost2010Prop53
 90
        2
102
RTVSPost2010PropOp53
 70
     1
102
RTVSPost2010Prop54
  1
strokes_ogs.tif
102
RTVSPost2010PropOp54
 70
     1
102
RTVSPost2010Prop55
280
     0
102
RTVSPost2010PropOp55
 70
     1
102
RTVSPost2010Prop56
140
1.0
102
RTVSPost2010PropOp56
 70
     1
102
RTVSPost2010Prop57
140
1.0
102
RTVSPost2010PropOp57
 70
     1
  0
XRECORD
  5
8D7B5
102
{ACAD_REACTORS
330
8D4B2
102
}
330
8D4B2
100
AcDbXrecord
280
     1
102
RTVSPropertyOp0
 70
     1
102
RTVSPropertyOp1
 70
     1
102
RTVSPropertyOp2
 70
     1
102
RTVSPropertyOp3
 70
     1
102
RTVSPropertyOp4
 70
     1
102
RTVSPropertyOp5
 70
     1
102
RTVSPropertyOp6
 70
     1
102
RTVSPropertyOp7
 70
     1
102
RTVSPropertyOp8
 70
     1
102
RTVSPropertyOp9
 70
     1
102
RTVSPropertyOp10
 70
     1
102
RTVSPropertyOp11
 70
     1
102
RTVSPropertyOp12
 70
     1
102
RTVSPropertyOp13
 70
     1
102
RTVSPropertyOp14
 70
     1
102
RTVSPropertyOp15
 70
     1
102
RTVSPropertyOp16
 70
     1
102
RTVSPropertyOp17
 70
     1
102
RTVSPropertyOp18
 70
     1
102
RTVSPropertyOp19
 70
     1
102
RTVSPropertyOp20
 70
     1
102
RTVSPropertyOp21
 70
     1
102
RTVSPropertyOp22
 70
     1
102
RTVSPropertyOp23
 70
     1
102
RTVSPropertyOp24
 70
     1
102
RTVSPropertyOp25
 70
     1
102
RTVSPropertyOp26
 70
     1
102
RTVSPropertyOp27
 70
     1
102
RTVSPropertyOp28
 70
     1
102
RTVSPropertyOp29
 70
     1
102
RTVSPropertyOp30
 70
     1
102
RTVSPropertyOp31
 70
     1
102
RTVSPropertyOp32
 70
     1
102
RTVSPropertyOp33
 70
     1
102
RTVSPropertyOp34
 70
     1
102
RTVSPropertyOp35
 70
     1
102
RTVSPropertyOp36
 70
     1
102
RTVSPropertyOp37
 70
     1
102
RTVSPropertyOp38
 70
     1
102
RTVSPropertyOp39
 70
     1
102
RTVSPropertyOp40
 70
     1
102
RTVSPropertyOp41
 70
     1
102
RTVSPropertyOp42
 70
     1
102
RTVSPropertyOp43
 70
     1
102
RTVSPropertyOp44
 70
     1
102
RTVSPropertyOp45
 70
     1
102
RTVSPropertyOp46
 70
     1
102
RTVSPropertyOp47
 70
     1
102
RTVSPropertyOp48
 70
     1
102
RTVSPropertyOp49
 70
     1
102
RTVSPropertyOp50
 70
     1
102
RTVSPropertyOp51
 70
     0
102
RTVSPropertyOp52
 70
     0
102
RTVSPropertyOp53
 70
     1
102
RTVSPropertyOp54
 70
     1
102
RTVSPropertyOp55
 70
     1
102
RTVSPropertyOp56
 70
     1
102
RTVSPropertyOp57
 70
     1
102
RTVSPost2010Prop28
280
     0
102
RTVSPost2010PropOp28
 70
     1
102
RTVSPost2010Prop29
280
     1
102
RTVSPost2010PropOp29
 70
     1
102
RTVSPost2010Prop30
280
     1
102
RTVSPost2010PropOp30
 70
     1
102
RTVSPost2010Prop31
280
     0
102
RTVSPost2010PropOp31
 70
     1
102
RTVSPost2010Prop32
280
     0
102
RTVSPost2010PropOp32
 70
     1
102
RTVSPost2010Prop33
280
     0
102
RTVSPost2010PropOp33
 70
     1
102
RTVSPost2010Prop34
280
     0
102
RTVSPost2010PropOp34
 70
     1
102
RTVSPost2010Prop35
280
     0
102
RTVSPost2010PropOp35
 70
     1
102
RTVSPost2010Prop36
280
     0
102
RTVSPost2010PropOp36
 70
     1
102
RTVSPost2010Prop37
 90
       50
102
RTVSPost2010PropOp37
 70
     1
102
RTVSPost2010Prop38
140
0.0
102
RTVSPost2010PropOp38
 70
     1
102
RTVSPost2010Prop39
140
1.0
102
RTVSPost2010PropOp39
 70
     1
102
RTVSPost2010Prop40
 90
        0
102
RTVSPost2010PropOp40
 70
     1
102
RTVSPost2010Prop41ColorIndex
 90
       18
102
RTVSPost2010Prop41ColorRGB
 90
        0
102
RTVSPost2010PropOp41
 70
     1
102
RTVSPost2010Prop42
 90
       50
102
RTVSPost2010PropOp42
 70
     1
102
RTVSPost2010Prop43
 90
        3
102
RTVSPost2010PropOp43
 70
     1
102
RTVSPost2010Prop44ColorIndex
 90
        5
102
RTVSPost2010Prop44ColorRGB
 90
      255
102
RTVSPost2010PropOp44
 70
     1
102
RTVSPost2010Prop45
280
     0
102
RTVSPost2010PropOp45
 70
     1
102
RTVSPost2010Prop46
 90
       50
102
RTVSPost2010PropOp46
 70
     1
102
RTVSPost2010Prop47
 90
       50
102
RTVSPost2010PropOp47
 70
     1
102
RTVSPost2010Prop48
 90
       50
102
RTVSPost2010PropOp48
 70
     1
102
RTVSPost2010Prop49
280
     0
102
RTVSPost2010PropOp49
 70
     1
102
RTVSPost2010Prop50
 90
       50
102
RTVSPost2010PropOp50
 70
     1
102
RTVSPost2010Prop51ColorIndex
 90
      256
102
RTVSPost2010Prop51ColorRGB
 90
-16777216
102
RTVSPost2010PropOp51
 70
     0
102
RTVSPost2010Prop52
140
1.0
102
RTVSPost2010PropOp52
 70
     0
102
RTVSPost2010Prop53
 90
        2
102
RTVSPost2010PropOp53
 70
     1
102
RTVSPost2010Prop54
  1
strokes_ogs.tif
102
RTVSPost2010PropOp54
 70
     1
102
RTVSPost2010Prop55
280
     0
102
RTVSPost2010PropOp55
 70
     1
102
RTVSPost2010Prop56
140
1.0
102
RTVSPost2010PropOp56
 70
     1
102
RTVSPost2010Prop57
140
1.0
102
RTVSPost2010PropOp57
 70
     1
  0
XRECORD
  5
8D7B6
102
{ACAD_REACTORS
330
8D4B4
102
}
330
8D4B4
100
AcDbXrecord
280
     1
102
RTVSPropertyOp0
 70
     1
102
RTVSPropertyOp1
 70
     1
102
RTVSPropertyOp2
 70
     1
102
RTVSPropertyOp3
 70
     1
102
RTVSPropertyOp4
 70
     1
102
RTVSPropertyOp5
 70
     1
102
RTVSPropertyOp6
 70
     1
102
RTVSPropertyOp7
 70
     1
102
RTVSPropertyOp8
 70
     1
102
RTVSPropertyOp9
 70
     1
102
RTVSPropertyOp10
 70
     1
102
RTVSPropertyOp11
 70
     1
102
RTVSPropertyOp12
 70
     1
102
RTVSPropertyOp13
 70
     1
102
RTVSPropertyOp14
 70
     1
102
RTVSPropertyOp15
 70
     1
102
RTVSPropertyOp16
 70
     1
102
RTVSPropertyOp17
 70
     1
102
RTVSPropertyOp18
 70
     1
102
RTVSPropertyOp19
 70
     1
102
RTVSPropertyOp20
 70
     1
102
RTVSPropertyOp21
 70
     1
102
RTVSPropertyOp22
 70
     1
102
RTVSPropertyOp23
 70
     1
102
RTVSPropertyOp24
 70
     1
102
RTVSPropertyOp25
 70
     1
102
RTVSPropertyOp26
 70
     1
102
RTVSPropertyOp27
 70
     1
102
RTVSPropertyOp28
 70
     1
102
RTVSPropertyOp29
 70
     1
102
RTVSPropertyOp30
 70
     1
102
RTVSPropertyOp31
 70
     1
102
RTVSPropertyOp32
 70
     1
102
RTVSPropertyOp33
 70
     1
102
RTVSPropertyOp34
 70
     1
102
RTVSPropertyOp35
 70
     1
102
RTVSPropertyOp36
 70
     1
102
RTVSPropertyOp37
 70
     1
102
RTVSPropertyOp38
 70
     1
102
RTVSPropertyOp39
 70
     1
102
RTVSPropertyOp40
 70
     1
102
RTVSPropertyOp41
 70
     1
102
RTVSPropertyOp42
 70
     1
102
RTVSPropertyOp43
 70
     1
102
RTVSPropertyOp44
 70
     1
102
RTVSPropertyOp45
 70
     1
102
RTVSPropertyOp46
 70
     1
102
RTVSPropertyOp47
 70
     1
102
RTVSPropertyOp48
 70
     1
102
RTVSPropertyOp49
 70
     1
102
RTVSPropertyOp50
 70
     1
102
RTVSPropertyOp51
 70
     0
102
RTVSPropertyOp52
 70
     0
102
RTVSPropertyOp53
 70
     1
102
RTVSPropertyOp54
 70
     1
102
RTVSPropertyOp55
 70
     1
102
RTVSPropertyOp56
 70
     1
102
RTVSPropertyOp57
 70
     1
102
RTVSPost2010Prop28
280
     0
102
RTVSPost2010PropOp28
 70
     1
102
RTVSPost2010Prop29
280
     1
102
RTVSPost2010PropOp29
 70
     1
102
RTVSPost2010Prop30
280
     1
102
RTVSPost2010PropOp30
 70
     1
102
RTVSPost2010Prop31
280
     0
102
RTVSPost2010PropOp31
 70
     1
102
RTVSPost2010Prop32
280
     0
102
RTVSPost2010PropOp32
 70
     1
102
RTVSPost2010Prop33
280
     0
102
RTVSPost2010PropOp33
 70
     1
102
RTVSPost2010Prop34
280
     0
102
RTVSPost2010PropOp34
 70
     1
102
RTVSPost2010Prop35
280
     0
102
RTVSPost2010PropOp35
 70
     1
102
RTVSPost2010Prop36
280
     0
102
RTVSPost2010PropOp36
 70
     1
102
RTVSPost2010Prop37
 90
       50
102
RTVSPost2010PropOp37
 70
     1
102
RTVSPost2010Prop38
140
0.0
102
RTVSPost2010PropOp38
 70
     1
102
RTVSPost2010Prop39
140
1.0
102
RTVSPost2010PropOp39
 70
     1
102
RTVSPost2010Prop40
 90
        0
102
RTVSPost2010PropOp40
 70
     1
102
RTVSPost2010Prop41ColorIndex
 90
       18
102
RTVSPost2010Prop41ColorRGB
 90
        0
102
RTVSPost2010PropOp41
 70
     1
102
RTVSPost2010Prop42
 90
       50
102
RTVSPost2010PropOp42
 70
     1
102
RTVSPost2010Prop43
 90
        3
102
RTVSPost2010PropOp43
 70
     1
102
RTVSPost2010Prop44ColorIndex
 90
        5
102
RTVSPost2010Prop44ColorRGB
 90
      255
102
RTVSPost2010PropOp44
 70
     1
102
RTVSPost2010Prop45
280
     0
102
RTVSPost2010PropOp45
 70
     1
102
RTVSPost2010Prop46
 90
       50
102
RTVSPost2010PropOp46
 70
     1
102
RTVSPost2010Prop47
 90
       50
102
RTVSPost2010PropOp47
 70
     1
102
RTVSPost2010Prop48
 90
       50
102
RTVSPost2010PropOp48
 70
     1
102
RTVSPost2010Prop49
280
     0
102
RTVSPost2010PropOp49
 70
     1
102
RTVSPost2010Prop50
 90
       50
102
RTVSPost2010PropOp50
 70
     1
102
RTVSPost2010Prop51ColorIndex
 90
      256
102
RTVSPost2010Prop51ColorRGB
 90
-16777216
102
RTVSPost2010PropOp51
 70
     0
102
RTVSPost2010Prop52
140
1.0
102
RTVSPost2010PropOp52
 70
     0
102
RTVSPost2010Prop53
 90
        2
102
RTVSPost2010PropOp53
 70
     1
102
RTVSPost2010Prop54
  1
strokes_ogs.tif
102
RTVSPost2010PropOp54
 70
     1
102
RTVSPost2010Prop55
280
     0
102
RTVSPost2010PropOp55
 70
     1
102
RTVSPost2010Prop56
140
1.0
102
RTVSPost2010PropOp56
 70
     1
102
RTVSPost2010Prop57
140
1.0
102
RTVSPost2010PropOp57
 70
     1
  0
XRECORD
  5
8D7B7
102
{ACAD_REACTORS
330
8D4B6
102
}
330
8D4B6
100
AcDbXrecord
280
     1
102
RTVSPropertyOp0
 70
     1
102
RTVSPropertyOp1
 70
     1
102
RTVSPropertyOp2
 70
     1
102
RTVSPropertyOp3
 70
     1
102
RTVSPropertyOp4
 70
     1
102
RTVSPropertyOp5
 70
     1
102
RTVSPropertyOp6
 70
     1
102
RTVSPropertyOp7
 70
     1
102
RTVSPropertyOp8
 70
     1
102
RTVSPropertyOp9
 70
     1
102
RTVSPropertyOp10
 70
     1
102
RTVSPropertyOp11
 70
     1
102
RTVSPropertyOp12
 70
     1
102
RTVSPropertyOp13
 70
     1
102
RTVSPropertyOp14
 70
     1
102
RTVSPropertyOp15
 70
     1
102
RTVSPropertyOp16
 70
     1
102
RTVSPropertyOp17
 70
     1
102
RTVSPropertyOp18
 70
     1
102
RTVSPropertyOp19
 70
     1
102
RTVSPropertyOp20
 70
     1
102
RTVSPropertyOp21
 70
     1
102
RTVSPropertyOp22
 70
     1
102
RTVSPropertyOp23
 70
     1
102
RTVSPropertyOp24
 70
     1
102
RTVSPropertyOp25
 70
     1
102
RTVSPropertyOp26
 70
     1
102
RTVSPropertyOp27
 70
     1
102
RTVSPropertyOp28
 70
     1
102
RTVSPropertyOp29
 70
     1
102
RTVSPropertyOp30
 70
     1
102
RTVSPropertyOp31
 70
     1
102
RTVSPropertyOp32
 70
     1
102
RTVSPropertyOp33
 70
     1
102
RTVSPropertyOp34
 70
     1
102
RTVSPropertyOp35
 70
     1
102
RTVSPropertyOp36
 70
     1
102
RTVSPropertyOp37
 70
     1
102
RTVSPropertyOp38
 70
     1
102
RTVSPropertyOp39
 70
     1
102
RTVSPropertyOp40
 70
     1
102
RTVSPropertyOp41
 70
     1
102
RTVSPropertyOp42
 70
     1
102
RTVSPropertyOp43
 70
     1
102
RTVSPropertyOp44
 70
     1
102
RTVSPropertyOp45
 70
     1
102
RTVSPropertyOp46
 70
     1
102
RTVSPropertyOp47
 70
     1
102
RTVSPropertyOp48
 70
     1
102
RTVSPropertyOp49
 70
     1
102
RTVSPropertyOp50
 70
     1
102
RTVSPropertyOp51
 70
     0
102
RTVSPropertyOp52
 70
     0
102
RTVSPropertyOp53
 70
     1
102
RTVSPropertyOp54
 70
     1
102
RTVSPropertyOp55
 70
     1
102
RTVSPropertyOp56
 70
     1
102
RTVSPropertyOp57
 70
     1
102
RTVSPost2010Prop28
280
     0
102
RTVSPost2010PropOp28
 70
     1
102
RTVSPost2010Prop29
280
     1
102
RTVSPost2010PropOp29
 70
     1
102
RTVSPost2010Prop30
280
     1
102
RTVSPost2010PropOp30
 70
     1
102
RTVSPost2010Prop31
280
     0
102
RTVSPost2010PropOp31
 70
     1
102
RTVSPost2010Prop32
280
     0
102
RTVSPost2010PropOp32
 70
     1
102
RTVSPost2010Prop33
280
     0
102
RTVSPost2010PropOp33
 70
     1
102
RTVSPost2010Prop34
280
     0
102
RTVSPost2010PropOp34
 70
     1
102
RTVSPost2010Prop35
280
     0
102
RTVSPost2010PropOp35
 70
     1
102
RTVSPost2010Prop36
280
     0
102
RTVSPost2010PropOp36
 70
     1
102
RTVSPost2010Prop37
 90
       50
102
RTVSPost2010PropOp37
 70
     1
102
RTVSPost2010Prop38
140
0.0
102
RTVSPost2010PropOp38
 70
     1
102
RTVSPost2010Prop39
140
1.0
102
RTVSPost2010PropOp39
 70
     1
102
RTVSPost2010Prop40
 90
        0
102
RTVSPost2010PropOp40
 70
     1
102
RTVSPost2010Prop41ColorIndex
 90
       18
102
RTVSPost2010Prop41ColorRGB
 90
        0
102
RTVSPost2010PropOp41
 70
     1
102
RTVSPost2010Prop42
 90
       50
102
RTVSPost2010PropOp42
 70
     1
102
RTVSPost2010Prop43
 90
        3
102
RTVSPost2010PropOp43
 70
     1
102
RTVSPost2010Prop44ColorIndex
 90
        5
102
RTVSPost2010Prop44ColorRGB
 90
      255
102
RTVSPost2010PropOp44
 70
     1
102
RTVSPost2010Prop45
280
     0
102
RTVSPost2010PropOp45
 70
     1
102
RTVSPost2010Prop46
 90
       50
102
RTVSPost2010PropOp46
 70
     1
102
RTVSPost2010Prop47
 90
       50
102
RTVSPost2010PropOp47
 70
     1
102
RTVSPost2010Prop48
 90
       50
102
RTVSPost2010PropOp48
 70
     1
102
RTVSPost2010Prop49
280
     0
102
RTVSPost2010PropOp49
 70
     1
102
RTVSPost2010Prop50
 90
       50
102
RTVSPost2010PropOp50
 70
     1
102
RTVSPost2010Prop51ColorIndex
 90
      256
102
RTVSPost2010Prop51ColorRGB
 90
-16777216
102
RTVSPost2010PropOp51
 70
     0
102
RTVSPost2010Prop52
140
1.0
102
RTVSPost2010PropOp52
 70
     0
102
RTVSPost2010Prop53
 90
        2
102
RTVSPost2010PropOp53
 70
     1
102
RTVSPost2010Prop54
  1
strokes_ogs.tif
102
RTVSPost2010PropOp54
 70
     1
102
RTVSPost2010Prop55
280
     0
102
RTVSPost2010PropOp55
 70
     1
102
RTVSPost2010Prop56
140
1.0
102
RTVSPost2010PropOp56
 70
     1
102
RTVSPost2010Prop57
140
1.0
102
RTVSPost2010PropOp57
 70
     1
  0
XRECORD
  5
8D7B8
102
{ACAD_REACTORS
330
8D4B8
102
}
330
8D4B8
100
AcDbXrecord
280
     1
102
RTVSPropertyOp0
 70
     1
102
RTVSPropertyOp1
 70
     1
102
RTVSPropertyOp2
 70
     1
102
RTVSPropertyOp3
 70
     1
102
RTVSPropertyOp4
 70
     1
102
RTVSPropertyOp5
 70
     1
102
RTVSPropertyOp6
 70
     1
102
RTVSPropertyOp7
 70
     1
102
RTVSPropertyOp8
 70
     1
102
RTVSPropertyOp9
 70
     1
102
RTVSPropertyOp10
 70
     1
102
RTVSPropertyOp11
 70
     1
102
RTVSPropertyOp12
 70
     1
102
RTVSPropertyOp13
 70
     1
102
RTVSPropertyOp14
 70
     1
102
RTVSPropertyOp15
 70
     1
102
RTVSPropertyOp16
 70
     1
102
RTVSPropertyOp17
 70
     1
102
RTVSPropertyOp18
 70
     1
102
RTVSPropertyOp19
 70
     1
102
RTVSPropertyOp20
 70
     1
102
RTVSPropertyOp21
 70
     1
102
RTVSPropertyOp22
 70
     1
102
RTVSPropertyOp23
 70
     1
102
RTVSPropertyOp24
 70
     1
102
RTVSPropertyOp25
 70
     1
102
RTVSPropertyOp26
 70
     1
102
RTVSPropertyOp27
 70
     1
102
RTVSPropertyOp28
 70
     1
102
RTVSPropertyOp29
 70
     1
102
RTVSPropertyOp30
 70
     1
102
RTVSPropertyOp31
 70
     1
102
RTVSPropertyOp32
 70
     1
102
RTVSPropertyOp33
 70
     1
102
RTVSPropertyOp34
 70
     1
102
RTVSPropertyOp35
 70
     1
102
RTVSPropertyOp36
 70
     1
102
RTVSPropertyOp37
 70
     1
102
RTVSPropertyOp38
 70
     1
102
RTVSPropertyOp39
 70
     1
102
RTVSPropertyOp40
 70
     1
102
RTVSPropertyOp41
 70
     1
102
RTVSPropertyOp42
 70
     1
102
RTVSPropertyOp43
 70
     1
102
RTVSPropertyOp44
 70
     1
102
RTVSPropertyOp45
 70
     1
102
RTVSPropertyOp46
 70
     1
102
RTVSPropertyOp47
 70
     1
102
RTVSPropertyOp48
 70
     1
102
RTVSPropertyOp49
 70
     1
102
RTVSPropertyOp50
 70
     1
102
RTVSPropertyOp51
 70
     0
102
RTVSPropertyOp52
 70
     0
102
RTVSPropertyOp53
 70
     1
102
RTVSPropertyOp54
 70
     1
102
RTVSPropertyOp55
 70
     1
102
RTVSPropertyOp56
 70
     1
102
RTVSPropertyOp57
 70
     1
102
RTVSPost2010Prop28
280
     0
102
RTVSPost2010PropOp28
 70
     1
102
RTVSPost2010Prop29
280
     1
102
RTVSPost2010PropOp29
 70
     1
102
RTVSPost2010Prop30
280
     1
102
RTVSPost2010PropOp30
 70
     1
102
RTVSPost2010Prop31
280
     0
102
RTVSPost2010PropOp31
 70
     1
102
RTVSPost2010Prop32
280
     0
102
RTVSPost2010PropOp32
 70
     1
102
RTVSPost2010Prop33
280
     0
102
RTVSPost2010PropOp33
 70
     1
102
RTVSPost2010Prop34
280
     0
102
RTVSPost2010PropOp34
 70
     1
102
RTVSPost2010Prop35
280
     0
102
RTVSPost2010PropOp35
 70
     1
102
RTVSPost2010Prop36
280
     0
102
RTVSPost2010PropOp36
 70
     1
102
RTVSPost2010Prop37
 90
       50
102
RTVSPost2010PropOp37
 70
     1
102
RTVSPost2010Prop38
140
0.0
102
RTVSPost2010PropOp38
 70
     1
102
RTVSPost2010Prop39
140
1.0
102
RTVSPost2010PropOp39
 70
     1
102
RTVSPost2010Prop40
 90
        0
102
RTVSPost2010PropOp40
 70
     1
102
RTVSPost2010Prop41ColorIndex
 90
       18
102
RTVSPost2010Prop41ColorRGB
 90
        0
102
RTVSPost2010PropOp41
 70
     1
102
RTVSPost2010Prop42
 90
       50
102
RTVSPost2010PropOp42
 70
     1
102
RTVSPost2010Prop43
 90
        3
102
RTVSPost2010PropOp43
 70
     1
102
RTVSPost2010Prop44ColorIndex
 90
        5
102
RTVSPost2010Prop44ColorRGB
 90
      255
102
RTVSPost2010PropOp44
 70
     1
102
RTVSPost2010Prop45
280
     0
102
RTVSPost2010PropOp45
 70
     1
102
RTVSPost2010Prop46
 90
       50
102
RTVSPost2010PropOp46
 70
     1
102
RTVSPost2010Prop47
 90
       50
102
RTVSPost2010PropOp47
 70
     1
102
RTVSPost2010Prop48
 90
       50
102
RTVSPost2010PropOp48
 70
     1
102
RTVSPost2010Prop49
280
     0
102
RTVSPost2010PropOp49
 70
     1
102
RTVSPost2010Prop50
 90
       50
102
RTVSPost2010PropOp50
 70
     1
102
RTVSPost2010Prop51ColorIndex
 90
      256
102
RTVSPost2010Prop51ColorRGB
 90
-16777216
102
RTVSPost2010PropOp51
 70
     0
102
RTVSPost2010Prop52
140
1.0
102
RTVSPost2010PropOp52
 70
     0
102
RTVSPost2010Prop53
 90
        2
102
RTVSPost2010PropOp53
 70
     1
102
RTVSPost2010Prop54
  1
strokes_ogs.tif
102
RTVSPost2010PropOp54
 70
     1
102
RTVSPost2010Prop55
280
     0
102
RTVSPost2010PropOp55
 70
     1
102
RTVSPost2010Prop56
140
1.0
102
RTVSPost2010PropOp56
 70
     1
102
RTVSPost2010Prop57
140
1.0
102
RTVSPost2010PropOp57
 70
     1
  0
XRECORD
  5
8D7B9
102
{ACAD_REACTORS
330
8D4BA
102
}
330
8D4BA
100
AcDbXrecord
280
     1
102
RTVSPropertyOp0
 70
     1
102
RTVSPropertyOp1
 70
     1
102
RTVSPropertyOp2
 70
     1
102
RTVSPropertyOp3
 70
     1
102
RTVSPropertyOp4
 70
     1
102
RTVSPropertyOp5
 70
     1
102
RTVSPropertyOp6
 70
     1
102
RTVSPropertyOp7
 70
     1
102
RTVSPropertyOp8
 70
     1
102
RTVSPropertyOp9
 70
     1
102
RTVSPropertyOp10
 70
     1
102
RTVSPropertyOp11
 70
     1
102
RTVSPropertyOp12
 70
     1
102
RTVSPropertyOp13
 70
     1
102
RTVSPropertyOp14
 70
     1
102
RTVSPropertyOp15
 70
     1
102
RTVSPropertyOp16
 70
     1
102
RTVSPropertyOp17
 70
     1
102
RTVSPropertyOp18
 70
     1
102
RTVSPropertyOp19
 70
     1
102
RTVSPropertyOp20
 70
     1
102
RTVSPropertyOp21
 70
     1
102
RTVSPropertyOp22
 70
     1
102
RTVSPropertyOp23
 70
     1
102
RTVSPropertyOp24
 70
     1
102
RTVSPropertyOp25
 70
     1
102
RTVSPropertyOp26
 70
     1
102
RTVSPropertyOp27
 70
     1
102
RTVSPropertyOp28
 70
     1
102
RTVSPropertyOp29
 70
     1
102
RTVSPropertyOp30
 70
     1
102
RTVSPropertyOp31
 70
     1
102
RTVSPropertyOp32
 70
     1
102
RTVSPropertyOp33
 70
     1
102
RTVSPropertyOp34
 70
     1
102
RTVSPropertyOp35
 70
     1
102
RTVSPropertyOp36
 70
     1
102
RTVSPropertyOp37
 70
     1
102
RTVSPropertyOp38
 70
     1
102
RTVSPropertyOp39
 70
     1
102
RTVSPropertyOp40
 70
     1
102
RTVSPropertyOp41
 70
     1
102
RTVSPropertyOp42
 70
     1
102
RTVSPropertyOp43
 70
     1
102
RTVSPropertyOp44
 70
     1
102
RTVSPropertyOp45
 70
     1
102
RTVSPropertyOp46
 70
     1
102
RTVSPropertyOp47
 70
     1
102
RTVSPropertyOp48
 70
     1
102
RTVSPropertyOp49
 70
     1
102
RTVSPropertyOp50
 70
     1
102
RTVSPropertyOp51
 70
     0
102
RTVSPropertyOp52
 70
     0
102
RTVSPropertyOp53
 70
     1
102
RTVSPropertyOp54
 70
     1
102
RTVSPropertyOp55
 70
     1
102
RTVSPropertyOp56
 70
     1
102
RTVSPropertyOp57
 70
     1
102
RTVSPost2010Prop28
280
     0
102
RTVSPost2010PropOp28
 70
     1
102
RTVSPost2010Prop29
280
     1
102
RTVSPost2010PropOp29
 70
     1
102
RTVSPost2010Prop30
280
     1
102
RTVSPost2010PropOp30
 70
     1
102
RTVSPost2010Prop31
280
     0
102
RTVSPost2010PropOp31
 70
     1
102
RTVSPost2010Prop32
280
     0
102
RTVSPost2010PropOp32
 70
     1
102
RTVSPost2010Prop33
280
     0
102
RTVSPost2010PropOp33
 70
     1
102
RTVSPost2010Prop34
280
     0
102
RTVSPost2010PropOp34
 70
     1
102
RTVSPost2010Prop35
280
     0
102
RTVSPost2010PropOp35
 70
     1
102
RTVSPost2010Prop36
280
     0
102
RTVSPost2010PropOp36
 70
     1
102
RTVSPost2010Prop37
 90
       50
102
RTVSPost2010PropOp37
 70
     1
102
RTVSPost2010Prop38
140
0.0
102
RTVSPost2010PropOp38
 70
     1
102
RTVSPost2010Prop39
140
1.0
102
RTVSPost2010PropOp39
 70
     1
102
RTVSPost2010Prop40
 90
        0
102
RTVSPost2010PropOp40
 70
     1
102
RTVSPost2010Prop41ColorIndex
 90
       18
102
RTVSPost2010Prop41ColorRGB
 90
        0
102
RTVSPost2010PropOp41
 70
     1
102
RTVSPost2010Prop42
 90
       50
102
RTVSPost2010PropOp42
 70
     1
102
RTVSPost2010Prop43
 90
        3
102
RTVSPost2010PropOp43
 70
     1
102
RTVSPost2010Prop44ColorIndex
 90
        5
102
RTVSPost2010Prop44ColorRGB
 90
      255
102
RTVSPost2010PropOp44
 70
     1
102
RTVSPost2010Prop45
280
     0
102
RTVSPost2010PropOp45
 70
     1
102
RTVSPost2010Prop46
 90
       50
102
RTVSPost2010PropOp46
 70
     1
102
RTVSPost2010Prop47
 90
       50
102
RTVSPost2010PropOp47
 70
     1
102
RTVSPost2010Prop48
 90
       50
102
RTVSPost2010PropOp48
 70
     1
102
RTVSPost2010Prop49
280
     0
102
RTVSPost2010PropOp49
 70
     1
102
RTVSPost2010Prop50
 90
       50
102
RTVSPost2010PropOp50
 70
     1
102
RTVSPost2010Prop51ColorIndex
 90
      256
102
RTVSPost2010Prop51ColorRGB
 90
-16777216
102
RTVSPost2010PropOp51
 70
     0
102
RTVSPost2010Prop52
140
1.0
102
RTVSPost2010PropOp52
 70
     0
102
RTVSPost2010Prop53
 90
        2
102
RTVSPost2010PropOp53
 70
     1
102
RTVSPost2010Prop54
  1
strokes_ogs.tif
102
RTVSPost2010PropOp54
 70
     1
102
RTVSPost2010Prop55
280
     0
102
RTVSPost2010PropOp55
 70
     1
102
RTVSPost2010Prop56
140
1.0
102
RTVSPost2010PropOp56
 70
     1
102
RTVSPost2010Prop57
140
1.0
102
RTVSPost2010PropOp57
 70
     1
  0
XRECORD
  5
8D7BA
102
{ACAD_REACTORS
330
8D4BC
102
}
330
8D4BC
100
AcDbXrecord
280
     1
102
RTVSPropertyOp0
 70
     1
102
RTVSPropertyOp1
 70
     1
102
RTVSPropertyOp2
 70
     1
102
RTVSPropertyOp3
 70
     1
102
RTVSPropertyOp4
 70
     1
102
RTVSPropertyOp5
 70
     1
102
RTVSPropertyOp6
 70
     1
102
RTVSPropertyOp7
 70
     1
102
RTVSPropertyOp8
 70
     1
102
RTVSPropertyOp9
 70
     1
102
RTVSPropertyOp10
 70
     1
102
RTVSPropertyOp11
 70
     1
102
RTVSPropertyOp12
 70
     1
102
RTVSPropertyOp13
 70
     1
102
RTVSPropertyOp14
 70
     1
102
RTVSPropertyOp15
 70
     1
102
RTVSPropertyOp16
 70
     1
102
RTVSPropertyOp17
 70
     1
102
RTVSPropertyOp18
 70
     1
102
RTVSPropertyOp19
 70
     1
102
RTVSPropertyOp20
 70
     1
102
RTVSPropertyOp21
 70
     1
102
RTVSPropertyOp22
 70
     1
102
RTVSPropertyOp23
 70
     1
102
RTVSPropertyOp24
 70
     1
102
RTVSPropertyOp25
 70
     1
102
RTVSPropertyOp26
 70
     1
102
RTVSPropertyOp27
 70
     1
102
RTVSPropertyOp28
 70
     1
102
RTVSPropertyOp29
 70
     1
102
RTVSPropertyOp30
 70
     1
102
RTVSPropertyOp31
 70
     1
102
RTVSPropertyOp32
 70
     1
102
RTVSPropertyOp33
 70
     1
102
RTVSPropertyOp34
 70
     1
102
RTVSPropertyOp35
 70
     1
102
RTVSPropertyOp36
 70
     1
102
RTVSPropertyOp37
 70
     1
102
RTVSPropertyOp38
 70
     1
102
RTVSPropertyOp39
 70
     1
102
RTVSPropertyOp40
 70
     1
102
RTVSPropertyOp41
 70
     1
102
RTVSPropertyOp42
 70
     1
102
RTVSPropertyOp43
 70
     1
102
RTVSPropertyOp44
 70
     1
102
RTVSPropertyOp45
 70
     1
102
RTVSPropertyOp46
 70
     1
102
RTVSPropertyOp47
 70
     1
102
RTVSPropertyOp48
 70
     1
102
RTVSPropertyOp49
 70
     1
102
RTVSPropertyOp50
 70
     1
102
RTVSPropertyOp51
 70
     0
102
RTVSPropertyOp52
 70
     0
102
RTVSPropertyOp53
 70
     1
102
RTVSPropertyOp54
 70
     1
102
RTVSPropertyOp55
 70
     1
102
RTVSPropertyOp56
 70
     1
102
RTVSPropertyOp57
 70
     1
102
RTVSPost2010Prop28
280
     0
102
RTVSPost2010PropOp28
 70
     1
102
RTVSPost2010Prop29
280
     1
102
RTVSPost2010PropOp29
 70
     1
102
RTVSPost2010Prop30
280
     1
102
RTVSPost2010PropOp30
 70
     1
102
RTVSPost2010Prop31
280
     0
102
RTVSPost2010PropOp31
 70
     1
102
RTVSPost2010Prop32
280
     0
102
RTVSPost2010PropOp32
 70
     1
102
RTVSPost2010Prop33
280
     0
102
RTVSPost2010PropOp33
 70
     1
102
RTVSPost2010Prop34
280
     0
102
RTVSPost2010PropOp34
 70
     1
102
RTVSPost2010Prop35
280
     0
102
RTVSPost2010PropOp35
 70
     1
102
RTVSPost2010Prop36
280
     0
102
RTVSPost2010PropOp36
 70
     1
102
RTVSPost2010Prop37
 90
       50
102
RTVSPost2010PropOp37
 70
     1
102
RTVSPost2010Prop38
140
0.0
102
RTVSPost2010PropOp38
 70
     1
102
RTVSPost2010Prop39
140
1.0
102
RTVSPost2010PropOp39
 70
     1
102
RTVSPost2010Prop40
 90
        0
102
RTVSPost2010PropOp40
 70
     1
102
RTVSPost2010Prop41ColorIndex
 90
       18
102
RTVSPost2010Prop41ColorRGB
 90
        0
102
RTVSPost2010PropOp41
 70
     1
102
RTVSPost2010Prop42
 90
       50
102
RTVSPost2010PropOp42
 70
     1
102
RTVSPost2010Prop43
 90
        3
102
RTVSPost2010PropOp43
 70
     1
102
RTVSPost2010Prop44ColorIndex
 90
        5
102
RTVSPost2010Prop44ColorRGB
 90
      255
102
RTVSPost2010PropOp44
 70
     1
102
RTVSPost2010Prop45
280
     0
102
RTVSPost2010PropOp45
 70
     1
102
RTVSPost2010Prop46
 90
       50
102
RTVSPost2010PropOp46
 70
     1
102
RTVSPost2010Prop47
 90
       50
102
RTVSPost2010PropOp47
 70
     1
102
RTVSPost2010Prop48
 90
       50
102
RTVSPost2010PropOp48
 70
     1
102
RTVSPost2010Prop49
280
     0
102
RTVSPost2010PropOp49
 70
     1
102
RTVSPost2010Prop50
 90
       50
102
RTVSPost2010PropOp50
 70
     1
102
RTVSPost2010Prop51ColorIndex
 90
      256
102
RTVSPost2010Prop51ColorRGB
 90
-16777216
102
RTVSPost2010PropOp51
 70
     0
102
RTVSPost2010Prop52
140
1.0
102
RTVSPost2010PropOp52
 70
     0
102
RTVSPost2010Prop53
 90
        2
102
RTVSPost2010PropOp53
 70
     1
102
RTVSPost2010Prop54
  1
strokes_ogs.tif
102
RTVSPost2010PropOp54
 70
     1
102
RTVSPost2010Prop55
280
     0
102
RTVSPost2010PropOp55
 70
     1
102
RTVSPost2010Prop56
140
1.0
102
RTVSPost2010PropOp56
 70
     1
102
RTVSPost2010Prop57
140
1.0
102
RTVSPost2010PropOp57
 70
     1
  0
XRECORD
  5
1D7A
102
{ACAD_REACTORS
330
1D79
102
}
330
1D79
100
AcDbXrecord
280
     1
330
10D
  0
XRECORD
  5
1D7D
102
{ACAD_REACTORS
330
1D7C
102
}
330
1D7C
100
AcDbXrecord
280
     1
330
10D
  0
ENDSEC
  0
EOF
