  0
SECTION
  2
HEADER
  9
$ACADVER
  1
AC1032
  9
$ACADMAINTVER
 90
      260
  9
$DWGCODEPAGE
  3
ANSI_1251
  9
$LASTSAVEDBY
  1
MikhailShapovalov
  9
$REQUIREDVERSIONS
160
                 0
  9
$INSBASE
 10
0.0
 20
0.0
 30
0.0
  9
$EXTMIN
 10
219.0623710950108
 20
418.6840790199929
 30
0.0
  9
$EXTMAX
 10
11521.53654883227
 20
4629.359471310629
 30
0.0
  9
$LIMMIN
 10
0.0
 20
0.0
  9
$LIMMAX
 10
420.0
 20
297.0
  9
$ORTHOMODE
 70
     0
  9
$REGENMODE
 70
     1
  9
$FILLMODE
 70
     1
  9
$QTEXTMODE
 70
     0
  9
$MIRRTEXT
 70
     0
  9
$LTSCALE
 40
1.0
  9
$ATTMODE
 70
     1
  9
$TEXTSIZE
 40
2.5
  9
$TRACEWID
 40
1.0
  9
$TEXTSTYLE
  7
Standard
  9
$CLAYER
  8
0
  9
$CELTYPE
  6
ByLayer
  9
$CECOLOR
 62
   256
  9
$CELTSCALE
 40
1.0
  9
$DISPSILH
 70
     0
  9
$DIMSCALE
 40
1.0
  9
$DIMASZ
 40
2.5
  9
$DIMEXO
 40
0.625
  9
$DIMDLI
 40
3.75
  9
$DIMRND
 40
0.0
  9
$DIMDLE
 40
0.0
  9
$DIMEXE
 40
1.25
  9
$DIMTP
 40
0.0
  9
$DIMTM
 40
0.0
  9
$DIMTXT
 40
2.5
  9
$DIMCEN
 40
2.5
  9
$DIMTSZ
 40
0.0
  9
$DIMTOL
 70
     0
  9
$DIMLIM
 70
     0
  9
$DIMTIH
 70
     0
  9
$DIMTOH
 70
     0
  9
$DIMSE1
 70
     0
  9
$DIMSE2
 70
     0
  9
$DIMTAD
 70
     1
  9
$DIMZIN
 70
     8
  9
$DIMBLK
  1

  9
$DIMASO
 70
     1
  9
$DIMSHO
 70
     1
  9
$DIMPOST
  1

  9
$DIMAPOST
  1

  9
$DIMALT
 70
     0
  9
$DIMALTD
 70
     3
  9
$DIMALTF
 40
0.03937007874016
  9
$DIMLFAC
 40
1.0
  9
$DIMTOFL
 70
     1
  9
$DIMTVP
 40
0.0
  9
$DIMTIX
 70
     0
  9
$DIMSOXD
 70
     0
  9
$DIMSAH
 70
     0
  9
$DIMBLK1
  1

  9
$DIMBLK2
  1

  9
$DIMSTYLE
  2
ISO-25
  9
$DIMCLRD
 70
     0
  9
$DIMCLRE
 70
     0
  9
$DIMCLRT
 70
     0
  9
$DIMTFAC
 40
1.0
  9
$DIMGAP
 40
0.625
  9
$DIMJUST
 70
     0
  9
$DIMSD1
 70
     0
  9
$DIMSD2
 70
     0
  9
$DIMTOLJ
 70
     0
  9
$DIMTZIN
 70
     8
  9
$DIMALTZ
 70
     0
  9
$DIMALTTZ
 70
     0
  9
$DIMUPT
 70
     0
  9
$DIMDEC
 70
     2
  9
$DIMTDEC
 70
     2
  9
$DIMALTU
 70
     2
  9
$DIMALTTD
 70
     3
  9
$DIMTXSTY
  7
Standard
  9
$DIMAUNIT
 70
     0
  9
$DIMADEC
 70
     0
  9
$DIMALTRND
 40
0.0
  9
$DIMAZIN
 70
     0
  9
$DIMDSEP
 70
    44
  9
$DIMATFIT
 70
     3
  9
$DIMFRAC
 70
     0
  9
$DIMLDRBLK
  1

  9
$DIMLUNIT
 70
     2
  9
$DIMLWD
 70
    -2
  9
$DIMLWE
 70
    -2
  9
$DIMTMOVE
 70
     0
  9
$DIMFXL
 40
1.0
  9
$DIMFXLON
 70
     0
  9
$DIMJOGANG
 40
0.7853981633974483
  9
$DIMTFILL
 70
     0
  9
$DIMTFILLCLR
 70
     0
  9
$DIMARCSYM
 70
     0
  9
$DIMLTYPE
  6

  9
$DIMLTEX1
  6

  9
$DIMLTEX2
  6

  9
$DIMTXTDIRECTION
 70
     0
  9
$LUNITS
 70
     2
  9
$LUPREC
 70
     4
  9
$SKETCHINC
 40
1.0
  9
$FILLETRAD
 40
31.0
  9
$AUNITS
 70
     0
  9
$AUPREC
 70
     0
  9
$MENU
  1
.
  9
$ELEVATION
 40
0.0
  9
$PELEVATION
 40
0.0
  9
$THICKNESS
 40
0.0
  9
$LIMCHECK
 70
     0
  9
$CHAMFERA
 40
0.0
  9
$CHAMFERB
 40
0.0
  9
$CHAMFERC
 40
0.0
  9
$CHAMFERD
 40
0.0
  9
$SKPOLY
 70
     0
  9
$TDCREATE
 40
2461106.713796296
  9
$TDUCREATE
 40
2461106.588807442
  9
$TDUPDATE
 40
2461158.896990741
  9
$TDUUPDATE
 40
2461158.771990741
  9
$TDINDWG
 40
0.0029239005
  9
$TDUSRTIMER
 40
0.0029234028
  9
$USRTIMER
 70
     1
  9
$ANGBASE
 50
0.0
  9
$ANGDIR
 70
     0
  9
$PDMODE
 70
     0
  9
$PDSIZE
 40
0.0
  9
$PLINEWID
 40
0.0
  9
$SPLFRAME
 70
     0
  9
$SPLINETYPE
 70
     6
  9
$SPLINESEGS
 70
     8
  9
$HANDSEED
  5
1C44
  9
$SURFTAB1
 70
     6
  9
$SURFTAB2
 70
     6
  9
$SURFTYPE
 70
     6
  9
$SURFU
 70
     6
  9
$SURFV
 70
     6
  9
$UCSBASE
  2

  9
$UCSNAME
  2

  9
$UCSORG
 10
0.0
 20
0.0
 30
0.0
  9
$UCSXDIR
 10
1.0
 20
0.0
 30
0.0
  9
$UCSYDIR
 10
0.0
 20
1.0
 30
0.0
  9
$UCSORTHOREF
  2

  9
$UCSORTHOVIEW
 70
     0
  9
$UCSORGTOP
 10
0.0
 20
0.0
 30
0.0
  9
$UCSORGBOTTOM
 10
0.0
 20
0.0
 30
0.0
  9
$UCSORGLEFT
 10
0.0
 20
0.0
 30
0.0
  9
$UCSORGRIGHT
 10
0.0
 20
0.0
 30
0.0
  9
$UCSORGFRONT
 10
0.0
 20
0.0
 30
0.0
  9
$UCSORGBACK
 10
0.0
 20
0.0
 30
0.0
  9
$PUCSBASE
  2

  9
$PUCSNAME
  2

  9
$PUCSORG
 10
0.0
 20
0.0
 30
0.0
  9
$PUCSXDIR
 10
1.0
 20
0.0
 30
0.0
  9
$PUCSYDIR
 10
0.0
 20
1.0
 30
0.0
  9
$PUCSORTHOREF
  2

  9
$PUCSORTHOVIEW
 70
     0
  9
$PUCSORGTOP
 10
0.0
 20
0.0
 30
0.0
  9
$PUCSORGBOTTOM
 10
0.0
 20
0.0
 30
0.0
  9
$PUCSORGLEFT
 10
0.0
 20
0.0
 30
0.0
  9
$PUCSORGRIGHT
 10
0.0
 20
0.0
 30
0.0
  9
$PUCSORGFRONT
 10
0.0
 20
0.0
 30
0.0
  9
$PUCSORGBACK
 10
0.0
 20
0.0
 30
0.0
  9
$USERI1
 70
     0
  9
$USERI2
 70
     0
  9
$USERI3
 70
     0
  9
$USERI4
 70
     0
  9
$USERI5
 70
     0
  9
$USERR1
 40
0.0
  9
$USERR2
 40
0.0
  9
$USERR3
 40
0.0
  9
$USERR4
 40
0.0
  9
$USERR5
 40
0.0
  9
$WORLDVIEW
 70
     1
  9
$SHADEDGE
 70
     3
  9
$SHADEDIF
 70
    70
  9
$TILEMODE
 70
     1
  9
$MAXACTVP
 70
    64
  9
$PINSBASE
 10
0.0
 20
0.0
 30
0.0
  9
$PLIMCHECK
 70
     0
  9
$PEXTMIN
 10
0.0
 20
0.0
 30
0.0
  9
$PEXTMAX
 10
0.0
 20
0.0
 30
0.0
  9
$PLIMMIN
 10
0.0
 20
0.0
  9
$PLIMMAX
 10
12.0
 20
9.0
  9
$UNITMODE
 70
     0
  9
$VISRETAIN
 70
     1
  9
$PLINEGEN
 70
     0
  9
$PSLTSCALE
 70
     1
  9
$TREEDEPTH
 70
  3020
  9
$CMLSTYLE
  2
Standard
  9
$CMLJUST
 70
     0
  9
$CMLSCALE
 40
20.0
  9
$PROXYGRAPHICS
 70
     1
  9
$MEASUREMENT
 70
     1
  9
$CELWEIGHT
370
    -1
  9
$ENDCAPS
280
     0
  9
$JOINSTYLE
280
     0
  9
$LWDISPLAY
290
     0
  9
$INSUNITS
 70
     4
  9
$HYPERLINKBASE
  1

  9
$STYLESHEET
  1

  9
$XEDIT
290
     1
  9
$CEPSNTYPE
380
     0
  9
$PSTYLEMODE
290
     1
  9
$FINGERPRINTGUID
  2
{A4CAB1FC-42A2-4D6F-B95F-085582C7A8C3}
  9
$VERSIONGUID
  2
{83E2D1D5-5ED4-F846-BE09-6E3B1D5F9F87}
  9
$EXTNAMES
290
     1
  9
$PSVPSCALE
 40
0.0
  9
$OLESTARTUP
290
     0
  9
$SORTENTS
280
   127
  9
$INDEXCTL
280
     0
  9
$HIDETEXT
280
     1
  9
$XCLIPFRAME
280
     2
  9
$HALOGAP
280
     0
  9
$OBSCOLOR
 70
   257
  9
$OBSLTYPE
280
     0
  9
$INTERSECTIONDISPLAY
280
     0
  9
$INTERSECTIONCOLOR
 70
   257
  9
$DIMASSOC
280
     2
  9
$PROJECTNAME
  1

  9
$CAMERADISPLAY
290
     0
  9
$LENSLENGTH
 40
50.0
  9
$CAMERAHEIGHT
 40
0.0
  9
$STEPSPERSEC
 40
2.0
  9
$STEPSIZE
 40
6.0
  9
$3DDWFPREC
 40
2.0
  9
$PSOLWIDTH
 40
0.25
  9
$PSOLHEIGHT
 40
4.0
  9
$LOFTANG1
 40
1.570796326794896
  9
$LOFTANG2
 40
1.570796326794896
  9
$LOFTMAG1
 40
0.0
  9
$LOFTMAG2
 40
0.0
  9
$LOFTPARAM
 70
     7
  9
$LOFTNORMALS
280
     1
  9
$LATITUDE
 40
37.795
  9
$LONGITUDE
 40
-122.394
  9
$NORTHDIRECTION
 40
0.0
  9
$TIMEZONE
 70
 -8000
  9
$LIGHTGLYPHDISPLAY
280
     1
  9
$TILEMODELIGHTSYNCH
280
     1
  9
$CMATERIAL
347
167
  9
$SOLIDHIST
280
     0
  9
$SHOWHIST
280
     1
  9
$DWFFRAME
280
     1
  9
$DGNFRAME
280
     1
  9
$REALWORLDSCALE
290
     1
  9
$INTERFERECOLOR
 62
   256
  9
$INTERFEREOBJVS
345
189
  9
$INTERFEREVPVS
346
186
  9
$CSHADOW
280
     0
  9
$SHADOWPLANELOCATION
 40
0.0
  0
ENDSEC
  0
SECTION
  2
CLASSES
  0
CLASS
  1
ACDBDICTIONARYWDFLT
  2
AcDbDictionaryWithDefault
  3
ObjectDBX Classes
 90
        0
 91
        1
280
     0
281
     0
  0
CLASS
  1
DICTIONARYVAR
  2
AcDbDictionaryVar
  3
ObjectDBX Classes
 90
        0
 91
       27
280
     0
281
     0
  0
CLASS
  1
TABLESTYLE
  2
AcDbTableStyle
  3
ObjectDBX Classes
 90
     4095
 91
        1
280
     0
281
     0
  0
CLASS
  1
WIPEOUTVARIABLES
  2
AcDbWipeoutVariables
  3
"WipeOut|Product Desc:     WipeOut Dbx Application|Company:          Autodesk, Inc.|WEB Address:      www.autodesk.com"
 90
        0
 91
        0
280
     0
281
     0
  0
CLASS
  1
SCALE
  2
AcDbScale
  3
ObjectDBX Classes
 90
     1153
 91
       17
280
     0
281
     0
  0
CLASS
  1
MLEADERSTYLE
  2
AcDbMLeaderStyle
  3
ACDB_MLEADERSTYLE_CLASS
 90
     4095
 91
        2
280
     0
281
     0
  0
CLASS
  1
MATERIAL
  2
AcDbMaterial
  3
ObjectDBX Classes
 90
     1153
 91
        3
280
     0
281
     0
  0
CLASS
  1
VISUALSTYLE
  2
AcDbVisualStyle
  3
ObjectDBX Classes
 90
     4095
 91
       24
280
     0
281
     0
  0
CLASS
  1
ACDBSECTIONVIEWSTYLE
  2
AcDbSectionViewStyle
  3
ObjectDBX Classes
 90
     1025
 91
        1
280
     0
281
     0
  0
CLASS
  1
ACDBDETAILVIEWSTYLE
  2
AcDbDetailViewStyle
  3
ObjectDBX Classes
 90
     1025
 91
        1
280
     0
281
     0
  0
CLASS
  1
CELLSTYLEMAP
  2
AcDbCellStyleMap
  3
ObjectDBX Classes
 90
     1152
 91
        2
280
     0
281
     0
  0
CLASS
  1
SORTENTSTABLE
  2
AcDbSortentsTable
  3
ObjectDBX Classes
 90
        0
 91
        0
280
     0
281
     0
  0
ENDSEC
  0
SECTION
  2
TABLES
  0
TABLE
  2
VPORT
  5
8
330
0
100
AcDbSymbolTable
 70
     1
  0
VPORT
  5
1CC
330
8
100
AcDbSymbolTableRecord
100
AcDbViewportTableRecord
  2
*Active
 70
     0
 10
0.0
 20
0.0
 11
1.0
 21
1.0
 12
5887.125350987975
 22
1956.513204373324
 13
0.0
 23
0.0
 14
10.0
 24
10.0
 15
10.0
 25
10.0
 16
0.0
 26
0.0
 36
1.0
 17
0.0
 27
0.0
 37
0.0
 40
16104.63027172844
 41
1.69171974522293
 42
50.0
 43
0.0
 44
0.0
 50
0.0
 51
0.0
 71
    16
 72
  1000
 73
     1
 74
     3
 75
     0
 76
     1
 77
     0
 78
     0
281
     0
 65
     1
110
0.0
120
0.0
130
0.0
111
1.0
121
0.0
131
0.0
112
0.0
122
1.0
132
0.0
 79
     0
146
0.0
348
185
 60
     3
 61
     5
292
     1
282
     1
141
0.0
142
0.0
 63
   250
421
  3355443
1001
ACAD_NAV_VCDISPLAY
1070
     3
  0
ENDTAB
  0
TABLE
  2
LTYPE
  5
5
330
0
100
AcDbSymbolTable
 70
     2
  0
LTYPE
  5
14
330
5
100
AcDbSymbolTableRecord
100
AcDbLinetypeTableRecord
  2
ByBlock
 70
     0
  3

 72
    65
 73
     0
 40
0.0
  0
LTYPE
  5
15
330
5
100
AcDbSymbolTableRecord
100
AcDbLinetypeTableRecord
  2
ByLayer
 70
     0
  3

 72
    65
 73
     0
 40
0.0
  0
LTYPE
  5
16
330
5
100
AcDbSymbolTableRecord
100
AcDbLinetypeTableRecord
  2
Continuous
 70
     0
  3
Solid line
 72
    65
 73
     0
 40
0.0
  0
ENDTAB
  0
TABLE
  2
LAYER
  5
2
102
{ACAD_XDICTIONARY
360
FA
102
}
330
0
100
AcDbSymbolTable
 70
     3
  0
LAYER
  5
10
330
2
100
AcDbSymbolTableRecord
100
AcDbLayerTableRecord
  2
0
 70
     0
 62
     7
  6
Continuous
370
    -3
390
F
347
177
348
0
  0
LAYER
  5
7EE
330
2
100
AcDbSymbolTableRecord
100
AcDbLayerTableRecord
  2
РАЗМЕРЫ
 70
     0
 62
   250
  6
Continuous
370
     9
390
F
347
177
348
0
  0
LAYER
  5
7EF
330
2
100
AcDbSymbolTableRecord
100
AcDbLayerTableRecord
  2
DEFPOINTS
 70
     0
 62
     7
  6
Continuous
290
     0
370
    -3
390
F
347
177
348
0
  0
ENDTAB
  0
TABLE
  2
STYLE
  5
3
330
0
100
AcDbSymbolTable
 70
     3
  0
STYLE
  5
11
330
3
100
AcDbSymbolTableRecord
100
AcDbTextStyleTableRecord
  2
Standard
 70
     0
 40
0.0
 41
1.0
 50
0.0
 71
     0
 42
2.5
  3
arial.ttf
  4

1001
ACAD
1000
Arial
1071
       34
  0
STYLE
  5
23E
330
3
100
AcDbSymbolTableRecord
100
AcDbTextStyleTableRecord
  2
Annotative
 70
     0
 40
0.0
 41
1.0
 50
0.0
 71
     0
 42
2.5
  3
arial.ttf
  4

1001
AcadAnnotative
1000
AnnotativeData
1002
{
1070
     1
1070
     1
1002
}
1001
ACAD
1000
Arial
1071
       34
  0
STYLE
  5
7F0
330
3
100
AcDbSymbolTableRecord
100
AcDbTextStyleTableRecord
  2
ОФОРМИТЕЛЬ
 70
     0
 40
30.0
 41
1.0
 50
0.0
 71
     0
 42
25.0
  3
txt
  4

  0
ENDTAB
  0
TABLE
  2
VIEW
  5
6
330
0
100
AcDbSymbolTable
 70
     1
  0
ENDTAB
  0
TABLE
  2
UCS
  5
7
330
0
100
AcDbSymbolTable
 70
     0
  0
ENDTAB
  0
TABLE
  2
APPID
  5
9
330
0
100
AcDbSymbolTable
 70
    10
  0
APPID
  5
12
330
9
100
AcDbSymbolTableRecord
100
AcDbRegAppTableRecord
  2
ACAD
 70
     0
  0
APPID
  5
F4
330
9
100
AcDbSymbolTableRecord
100
AcDbRegAppTableRecord
  2
ACAD_PSEXT
 70
     0
  0
APPID
  5
1A9
330
9
100
AcDbSymbolTableRecord
100
AcDbRegAppTableRecord
  2
ACAD_NAV_VCDISPLAY
 70
     0
  0
APPID
  5
23F
330
9
100
AcDbSymbolTableRecord
100
AcDbRegAppTableRecord
  2
AcadAnnoPO
 70
     0
  0
APPID
  5
240
330
9
100
AcDbSymbolTableRecord
100
AcDbRegAppTableRecord
  2
AcadAnnotative
 70
     0
  0
APPID
  5
242
330
9
100
AcDbSymbolTableRecord
100
AcDbRegAppTableRecord
  2
ACAD_DSTYLE_DIMJAG
 70
     0
  0
APPID
  5
243
330
9
100
AcDbSymbolTableRecord
100
AcDbRegAppTableRecord
  2
ACAD_DSTYLE_DIMBREAK
 70
     0
  0
APPID
  5
244
330
9
100
AcDbSymbolTableRecord
100
AcDbRegAppTableRecord
  2
ACAD_DSTYLE_DIMTALN
 70
     0
  0
APPID
  5
7F2
330
9
100
AcDbSymbolTableRecord
100
AcDbRegAppTableRecord
  2
ACAD_DSTYLE_DIMRADIAL_EXTENSION
 70
     0
  0
APPID
  5
1C31
330
9
100
AcDbSymbolTableRecord
100
AcDbRegAppTableRecord
  2
ACAD_EXEMPT_FROM_CAD_STANDARDS
 70
     0
  0
ENDTAB
  0
TABLE
  2
DIMSTYLE
  5
A
330
0
100
AcDbSymbolTable
 70
     5
100
AcDbDimStyleTable
 71
     2
340
9C
340
245
  0
DIMSTYLE
105
27
330
A
100
AcDbSymbolTableRecord
100
AcDbDimStyleTableRecord
  2
Standard
 70
     0
340
11
  0
DIMSTYLE
105
9C
330
A
100
AcDbSymbolTableRecord
100
AcDbDimStyleTableRecord
  2
ISO-25
 70
     0
 41
2.5
 42
0.625
 43
3.75
 44
1.25
 73
     0
 74
     0
 77
     1
 78
     8
140
2.5
141
2.5
143
0.03937007874016
147
0.625
171
     3
172
     1
271
     2
272
     2
274
     3
278
    44
283
     0
284
     8
340
11
  0
DIMSTYLE
105
245
330
A
100
AcDbSymbolTableRecord
100
AcDbDimStyleTableRecord
  2
Annotative
 70
     0
 41
2.5
 42
0.625
 43
3.75
 44
1.25
 73
     0
 74
     0
 77
     1
 78
     8
140
2.5
141
2.5
143
0.03937007874016
147
0.625
171
     3
172
     1
271
     2
272
     2
274
     3
278
    44
283
     0
284
     8
340
11
1001
ACAD_DSTYLE_DIMBREAK
1070
   391
1040
3.75
1001
AcadAnnotative
1000
AnnotativeData
1002
{
1070
     1
1070
     1
1002
}
1001
ACAD_DSTYLE_DIMJAG
1070
   388
1040
1.5
1001
ACAD_DSTYLE_DIMTALN
1070
   392
1070
     0
  0
DIMSTYLE
105
7F1
102
{ACAD_REACTORS
330
942
330
943
330
944
330
945
330
946
330
947
330
948
330
949
330
94A
330
94B
330
94C
330
94D
330
94E
330
94F
330
950
330
951
330
952
330
953
330
954
330
955
330
956
330
957
330
958
330
959
330
95A
330
95B
330
95C
330
95D
330
95E
330
95F
330
960
330
961
330
962
330
963
330
964
330
965
330
966
330
967
330
968
330
969
330
96A
330
96B
330
96C
330
96D
330
96E
330
96F
330
970
330
971
330
972
330
973
330
974
330
975
330
976
330
977
330
978
330
979
330
97A
330
97B
330
97C
330
97D
330
97E
330
97F
330
980
330
981
330
982
330
983
330
984
330
985
330
986
330
987
330
988
330
989
330
98A
330
98B
330
98C
330
98D
330
98E
330
98F
330
990
330
991
330
992
330
993
330
994
330
995
330
996
330
997
330
998
330
999
330
99A
330
99B
330
99C
330
99D
330
99E
330
99F
330
9A0
330
9A1
330
9A2
330
9A3
330
9A4
330
9A5
330
9A6
330
9A7
330
9A8
330
9A9
330
9AA
330
9AB
330
9AC
330
9AD
330
9AE
330
9AF
330
9B0
330
9B1
330
9B2
330
9B3
330
9B4
330
9B5
102
}
330
A
100
AcDbSymbolTableRecord
100
AcDbDimStyleTableRecord
  2
ОФОРМИТЕЛЬ
 70
     0
 41
25.0
 42
10.0
 44
10.0
140
30.0
147
5.0
176
   256
177
   256
178
   256
271
     0
279
     2
340
7F0
1001
AcadAnnotative
1000
AnnotativeData
1002
{
1070
     1
1070
     0
1002
}
  0
ENDTAB
  0
TABLE
  2
BLOCK_RECORD
  5
1
330
0
100
AcDbSymbolTable
 70
   118
  0
BLOCK_RECORD
  5
1F
330
1
100
AcDbSymbolTableRecord
100
AcDbBlockTableRecord
  2
*Model_Space
340
22
 70
     0
280
     1
281
     0
  0
BLOCK_RECORD
  5
1DF
330
1
100
AcDbSymbolTableRecord
100
AcDbBlockTableRecord
  2
*Paper_Space
340
1E0
 70
     0
280
     1
281
     0
  0
BLOCK_RECORD
  5
1E3
330
1
100
AcDbSymbolTableRecord
100
AcDbBlockTableRecord
  2
*Paper_Space0
340
1E4
 70
     0
280
     1
281
     0
  0
BLOCK_RECORD
  5
9BC
330
1
100
AcDbSymbolTableRecord
100
AcDbBlockTableRecord
  2
*D1
340
0
 70
     0
280
     1
281
     0
  0
BLOCK_RECORD
  5
9C9
330
1
100
AcDbSymbolTableRecord
100
AcDbBlockTableRecord
  2
*D2
340
0
 70
     0
280
     1
281
     0
  0
BLOCK_RECORD
  5
9D6
330
1
100
AcDbSymbolTableRecord
100
AcDbBlockTableRecord
  2
*D3
340
0
 70
     0
280
     1
281
     0
  0
BLOCK_RECORD
  5
9E3
330
1
100
AcDbSymbolTableRecord
100
AcDbBlockTableRecord
  2
*D4
340
0
 70
     0
280
     1
281
     0
  0
BLOCK_RECORD
  5
9F0
330
1
100
AcDbSymbolTableRecord
100
AcDbBlockTableRecord
  2
*D5
340
0
 70
     0
280
     1
281
     0
  0
BLOCK_RECORD
  5
9FD
330
1
100
AcDbSymbolTableRecord
100
AcDbBlockTableRecord
  2
*D6
340
0
 70
     0
280
     1
281
     0
  0
BLOCK_RECORD
  5
A0A
330
1
100
AcDbSymbolTableRecord
100
AcDbBlockTableRecord
  2
*D7
340
0
 70
     0
280
     1
281
     0
  0
BLOCK_RECORD
  5
A17
330
1
100
AcDbSymbolTableRecord
100
AcDbBlockTableRecord
  2
*D8
340
0
 70
     0
280
     1
281
     0
  0
BLOCK_RECORD
  5
A24
330
1
100
AcDbSymbolTableRecord
100
AcDbBlockTableRecord
  2
*D9
340
0
 70
     0
280
     1
281
     0
  0
BLOCK_RECORD
  5
A31
330
1
100
AcDbSymbolTableRecord
100
AcDbBlockTableRecord
  2
*D10
340
0
 70
     0
280
     1
281
     0
  0
BLOCK_RECORD
  5
A3D
330
1
100
AcDbSymbolTableRecord
100
AcDbBlockTableRecord
  2
*D11
340
0
 70
     0
280
     1
281
     0
  0
BLOCK_RECORD
  5
A49
330
1
100
AcDbSymbolTableRecord
100
AcDbBlockTableRecord
  2
*D12
340
0
 70
     0
280
     1
281
     0
  0
BLOCK_RECORD
  5
A55
330
1
100
AcDbSymbolTableRecord
100
AcDbBlockTableRecord
  2
*D13
340
0
 70
     0
280
     1
281
     0
  0
BLOCK_RECORD
  5
A61
330
1
100
AcDbSymbolTableRecord
100
AcDbBlockTableRecord
  2
*D14
340
0
 70
     0
280
     1
281
     0
  0
BLOCK_RECORD
  5
A6D
330
1
100
AcDbSymbolTableRecord
100
AcDbBlockTableRecord
  2
*D15
340
0
 70
     0
280
     1
281
     0
  0
BLOCK_RECORD
  5
A7A
330
1
100
AcDbSymbolTableRecord
100
AcDbBlockTableRecord
  2
*D16
340
0
 70
     0
280
     1
281
     0
  0
BLOCK_RECORD
  5
A87
330
1
100
AcDbSymbolTableRecord
100
AcDbBlockTableRecord
  2
*D17
340
0
 70
     0
280
     1
281
     0
  0
BLOCK_RECORD
  5
A94
330
1
100
AcDbSymbolTableRecord
100
AcDbBlockTableRecord
  2
*D18
340
0
 70
     0
280
     1
281
     0
  0
BLOCK_RECORD
  5
AA1
330
1
100
AcDbSymbolTableRecord
100
AcDbBlockTableRecord
  2
*D19
340
0
 70
     0
280
     1
281
     0
  0
BLOCK_RECORD
  5
AAD
330
1
100
AcDbSymbolTableRecord
100
AcDbBlockTableRecord
  2
*D20
340
0
 70
     0
280
     1
281
     0
  0
BLOCK_RECORD
  5
ABA
330
1
100
AcDbSymbolTableRecord
100
AcDbBlockTableRecord
  2
*D21
340
0
 70
     0
280
     1
281
     0
  0
BLOCK_RECORD
  5
AC4
330
1
100
AcDbSymbolTableRecord
100
AcDbBlockTableRecord
  2
*D22
340
0
 70
     0
280
     1
281
     0
  0
BLOCK_RECORD
  5
AD1
330
1
100
AcDbSymbolTableRecord
100
AcDbBlockTableRecord
  2
*D23
340
0
 70
     0
280
     1
281
     0
  0
BLOCK_RECORD
  5
ADE
330
1
100
AcDbSymbolTableRecord
100
AcDbBlockTableRecord
  2
*D24
340
0
 70
     0
280
     1
281
     0
  0
BLOCK_RECORD
  5
AE8
330
1
100
AcDbSymbolTableRecord
100
AcDbBlockTableRecord
  2
*D25
340
0
 70
     0
280
     1
281
     0
  0
BLOCK_RECORD
  5
AF4
330
1
100
AcDbSymbolTableRecord
100
AcDbBlockTableRecord
  2
*D26
340
0
 70
     0
280
     1
281
     0
  0
BLOCK_RECORD
  5
B01
330
1
100
AcDbSymbolTableRecord
100
AcDbBlockTableRecord
  2
*D27
340
0
 70
     0
280
     1
281
     0
  0
BLOCK_RECORD
  5
B0E
330
1
100
AcDbSymbolTableRecord
100
AcDbBlockTableRecord
  2
*D28
340
0
 70
     0
280
     1
281
     0
  0
BLOCK_RECORD
  5
B1B
330
1
100
AcDbSymbolTableRecord
100
AcDbBlockTableRecord
  2
*D29
340
0
 70
     0
280
     1
281
     0
  0
BLOCK_RECORD
  5
B28
330
1
100
AcDbSymbolTableRecord
100
AcDbBlockTableRecord
  2
*D30
340
0
 70
     0
280
     1
281
     0
  0
BLOCK_RECORD
  5
B34
330
1
100
AcDbSymbolTableRecord
100
AcDbBlockTableRecord
  2
*D31
340
0
 70
     0
280
     1
281
     0
  0
BLOCK_RECORD
  5
B40
330
1
100
AcDbSymbolTableRecord
100
AcDbBlockTableRecord
  2
*D32
340
0
 70
     0
280
     1
281
     0
  0
BLOCK_RECORD
  5
B4C
330
1
100
AcDbSymbolTableRecord
100
AcDbBlockTableRecord
  2
*D33
340
0
 70
     0
280
     1
281
     0
  0
BLOCK_RECORD
  5
B58
330
1
100
AcDbSymbolTableRecord
100
AcDbBlockTableRecord
  2
*D34
340
0
 70
     0
280
     1
281
     0
  0
BLOCK_RECORD
  5
B64
330
1
100
AcDbSymbolTableRecord
100
AcDbBlockTableRecord
  2
*D35
340
0
 70
     0
280
     1
281
     0
  0
BLOCK_RECORD
  5
B71
330
1
100
AcDbSymbolTableRecord
100
AcDbBlockTableRecord
  2
*D36
340
0
 70
     0
280
     1
281
     0
  0
BLOCK_RECORD
  5
B7E
330
1
100
AcDbSymbolTableRecord
100
AcDbBlockTableRecord
  2
*D37
340
0
 70
     0
280
     1
281
     0
  0
BLOCK_RECORD
  5
B8B
330
1
100
AcDbSymbolTableRecord
100
AcDbBlockTableRecord
  2
*D38
340
0
 70
     0
280
     1
281
     0
  0
BLOCK_RECORD
  5
B98
330
1
100
AcDbSymbolTableRecord
100
AcDbBlockTableRecord
  2
*D39
340
0
 70
     0
280
     1
281
     0
  0
BLOCK_RECORD
  5
BA2
330
1
100
AcDbSymbolTableRecord
100
AcDbBlockTableRecord
  2
*D40
340
0
 70
     0
280
     1
281
     0
  0
BLOCK_RECORD
  5
BAF
330
1
100
AcDbSymbolTableRecord
100
AcDbBlockTableRecord
  2
*D41
340
0
 70
     0
280
     1
281
     0
  0
BLOCK_RECORD
  5
BBC
330
1
100
AcDbSymbolTableRecord
100
AcDbBlockTableRecord
  2
*D42
340
0
 70
     0
280
     1
281
     0
  0
BLOCK_RECORD
  5
BC8
330
1
100
AcDbSymbolTableRecord
100
AcDbBlockTableRecord
  2
*D43
340
0
 70
     0
280
     1
281
     0
  0
BLOCK_RECORD
  5
BD5
330
1
100
AcDbSymbolTableRecord
100
AcDbBlockTableRecord
  2
*D44
340
0
 70
     0
280
     1
281
     0
  0
BLOCK_RECORD
  5
BE2
330
1
100
AcDbSymbolTableRecord
100
AcDbBlockTableRecord
  2
*D45
340
0
 70
     0
280
     1
281
     0
  0
BLOCK_RECORD
  5
BEF
330
1
100
AcDbSymbolTableRecord
100
AcDbBlockTableRecord
  2
*D46
340
0
 70
     0
280
     1
281
     0
  0
BLOCK_RECORD
  5
BFC
330
1
100
AcDbSymbolTableRecord
100
AcDbBlockTableRecord
  2
*D47
340
0
 70
     0
280
     1
281
     0
  0
BLOCK_RECORD
  5
C08
330
1
100
AcDbSymbolTableRecord
100
AcDbBlockTableRecord
  2
*D48
340
0
 70
     0
280
     1
281
     0
  0
BLOCK_RECORD
  5
C14
330
1
100
AcDbSymbolTableRecord
100
AcDbBlockTableRecord
  2
*D49
340
0
 70
     0
280
     1
281
     0
  0
BLOCK_RECORD
  5
C20
330
1
100
AcDbSymbolTableRecord
100
AcDbBlockTableRecord
  2
*D50
340
0
 70
     0
280
     1
281
     0
  0
BLOCK_RECORD
  5
C2C
330
1
100
AcDbSymbolTableRecord
100
AcDbBlockTableRecord
  2
*D51
340
0
 70
     0
280
     1
281
     0
  0
BLOCK_RECORD
  5
C38
330
1
100
AcDbSymbolTableRecord
100
AcDbBlockTableRecord
  2
*D52
340
0
 70
     0
280
     1
281
     0
  0
BLOCK_RECORD
  5
C45
330
1
100
AcDbSymbolTableRecord
100
AcDbBlockTableRecord
  2
*D53
340
0
 70
     0
280
     1
281
     0
  0
BLOCK_RECORD
  5
C51
330
1
100
AcDbSymbolTableRecord
100
AcDbBlockTableRecord
  2
*D54
340
0
 70
     0
280
     1
281
     0
  0
BLOCK_RECORD
  5
C5B
330
1
100
AcDbSymbolTableRecord
100
AcDbBlockTableRecord
  2
*D55
340
0
 70
     0
280
     1
281
     0
  0
BLOCK_RECORD
  5
C68
330
1
100
AcDbSymbolTableRecord
100
AcDbBlockTableRecord
  2
*D56
340
0
 70
     0
280
     1
281
     0
  0
BLOCK_RECORD
  5
C75
330
1
100
AcDbSymbolTableRecord
100
AcDbBlockTableRecord
  2
*D57
340
0
 70
     0
280
     1
281
     0
  0
BLOCK_RECORD
  5
C82
330
1
100
AcDbSymbolTableRecord
100
AcDbBlockTableRecord
  2
*D58
340
0
 70
     0
280
     1
281
     0
  0
BLOCK_RECORD
  5
C8F
330
1
100
AcDbSymbolTableRecord
100
AcDbBlockTableRecord
  2
*D59
340
0
 70
     0
280
     1
281
     0
  0
BLOCK_RECORD
  5
C9C
330
1
100
AcDbSymbolTableRecord
100
AcDbBlockTableRecord
  2
*D60
340
0
 70
     0
280
     1
281
     0
  0
BLOCK_RECORD
  5
CA8
330
1
100
AcDbSymbolTableRecord
100
AcDbBlockTableRecord
  2
*D61
340
0
 70
     0
280
     1
281
     0
  0
BLOCK_RECORD
  5
CB2
330
1
100
AcDbSymbolTableRecord
100
AcDbBlockTableRecord
  2
*D62
340
0
 70
     0
280
     1
281
     0
  0
BLOCK_RECORD
  5
CBC
330
1
100
AcDbSymbolTableRecord
100
AcDbBlockTableRecord
  2
*D63
340
0
 70
     0
280
     1
281
     0
  0
BLOCK_RECORD
  5
CC9
330
1
100
AcDbSymbolTableRecord
100
AcDbBlockTableRecord
  2
*D64
340
0
 70
     0
280
     1
281
     0
  0
BLOCK_RECORD
  5
CD5
330
1
100
AcDbSymbolTableRecord
100
AcDbBlockTableRecord
  2
*D65
340
0
 70
     0
280
     1
281
     0
  0
BLOCK_RECORD
  5
CE2
330
1
100
AcDbSymbolTableRecord
100
AcDbBlockTableRecord
  2
*D66
340
0
 70
     0
280
     1
281
     0
  0
BLOCK_RECORD
  5
CEF
330
1
100
AcDbSymbolTableRecord
100
AcDbBlockTableRecord
  2
*D67
340
0
 70
     0
280
     1
281
     0
  0
BLOCK_RECORD
  5
CFC
330
1
100
AcDbSymbolTableRecord
100
AcDbBlockTableRecord
  2
*D68
340
0
 70
     0
280
     1
281
     0
  0
BLOCK_RECORD
  5
D09
330
1
100
AcDbSymbolTableRecord
100
AcDbBlockTableRecord
  2
*D69
340
0
 70
     0
280
     1
281
     0
  0
BLOCK_RECORD
  5
D16
330
1
100
AcDbSymbolTableRecord
100
AcDbBlockTableRecord
  2
*D70
340
0
 70
     0
280
     1
281
     0
  0
BLOCK_RECORD
  5
D22
330
1
100
AcDbSymbolTableRecord
100
AcDbBlockTableRecord
  2
*D71
340
0
 70
     0
280
     1
281
     0
  0
BLOCK_RECORD
  5
D2E
330
1
100
AcDbSymbolTableRecord
100
AcDbBlockTableRecord
  2
*D72
340
0
 70
     0
280
     1
281
     0
  0
BLOCK_RECORD
  5
D3A
330
1
100
AcDbSymbolTableRecord
100
AcDbBlockTableRecord
  2
*D73
340
0
 70
     0
280
     1
281
     0
  0
BLOCK_RECORD
  5
D46
330
1
100
AcDbSymbolTableRecord
100
AcDbBlockTableRecord
  2
*D74
340
0
 70
     0
280
     1
281
     0
  0
BLOCK_RECORD
  5
D52
330
1
100
AcDbSymbolTableRecord
100
AcDbBlockTableRecord
  2
*D75
340
0
 70
     0
280
     1
281
     0
  0
BLOCK_RECORD
  5
D5F
330
1
100
AcDbSymbolTableRecord
100
AcDbBlockTableRecord
  2
*D76
340
0
 70
     0
280
     1
281
     0
  0
BLOCK_RECORD
  5
D6C
330
1
100
AcDbSymbolTableRecord
100
AcDbBlockTableRecord
  2
*D77
340
0
 70
     0
280
     1
281
     0
  0
BLOCK_RECORD
  5
D79
330
1
100
AcDbSymbolTableRecord
100
AcDbBlockTableRecord
  2
*D78
340
0
 70
     0
280
     1
281
     0
  0
BLOCK_RECORD
  5
D86
330
1
100
AcDbSymbolTableRecord
100
AcDbBlockTableRecord
  2
*D79
340
0
 70
     0
280
     1
281
     0
  0
BLOCK_RECORD
  5
D93
330
1
100
AcDbSymbolTableRecord
100
AcDbBlockTableRecord
  2
*D80
340
0
 70
     0
280
     1
281
     0
  0
BLOCK_RECORD
  5
DA0
330
1
100
AcDbSymbolTableRecord
100
AcDbBlockTableRecord
  2
*D81
340
0
 70
     0
280
     1
281
     0
  0
BLOCK_RECORD
  5
DAD
330
1
100
AcDbSymbolTableRecord
100
AcDbBlockTableRecord
  2
*D82
340
0
 70
     0
280
     1
281
     0
  0
BLOCK_RECORD
  5
DBA
330
1
100
AcDbSymbolTableRecord
100
AcDbBlockTableRecord
  2
*D83
340
0
 70
     0
280
     1
281
     0
  0
BLOCK_RECORD
  5
DC6
330
1
100
AcDbSymbolTableRecord
100
AcDbBlockTableRecord
  2
*D84
340
0
 70
     0
280
     1
281
     0
  0
BLOCK_RECORD
  5
DD2
330
1
100
AcDbSymbolTableRecord
100
AcDbBlockTableRecord
  2
*D85
340
0
 70
     0
280
     1
281
     0
  0
BLOCK_RECORD
  5
DDE
330
1
100
AcDbSymbolTableRecord
100
AcDbBlockTableRecord
  2
*D86
340
0
 70
     0
280
     1
281
     0
  0
BLOCK_RECORD
  5
DEA
330
1
100
AcDbSymbolTableRecord
100
AcDbBlockTableRecord
  2
*D87
340
0
 70
     0
280
     1
281
     0
  0
BLOCK_RECORD
  5
DF6
330
1
100
AcDbSymbolTableRecord
100
AcDbBlockTableRecord
  2
*D88
340
0
 70
     0
280
     1
281
     0
  0
BLOCK_RECORD
  5
E02
330
1
100
AcDbSymbolTableRecord
100
AcDbBlockTableRecord
  2
*D89
340
0
 70
     0
280
     1
281
     0
  0
BLOCK_RECORD
  5
E0E
330
1
100
AcDbSymbolTableRecord
100
AcDbBlockTableRecord
  2
*D90
340
0
 70
     0
280
     1
281
     0
  0
BLOCK_RECORD
  5
E1B
330
1
100
AcDbSymbolTableRecord
100
AcDbBlockTableRecord
  2
*D91
340
0
 70
     0
280
     1
281
     0
  0
BLOCK_RECORD
  5
E25
330
1
100
AcDbSymbolTableRecord
100
AcDbBlockTableRecord
  2
*D92
340
0
 70
     0
280
     1
281
     0
  0
BLOCK_RECORD
  5
E32
330
1
100
AcDbSymbolTableRecord
100
AcDbBlockTableRecord
  2
*D93
340
0
 70
     0
280
     1
281
     0
  0
BLOCK_RECORD
  5
E3F
330
1
100
AcDbSymbolTableRecord
100
AcDbBlockTableRecord
  2
*D94
340
0
 70
     0
280
     1
281
     0
  0
BLOCK_RECORD
  5
E49
330
1
100
AcDbSymbolTableRecord
100
AcDbBlockTableRecord
  2
*D95
340
0
 70
     0
280
     1
281
     0
  0
BLOCK_RECORD
  5
E56
330
1
100
AcDbSymbolTableRecord
100
AcDbBlockTableRecord
  2
*D96
340
0
 70
     0
280
     1
281
     0
  0
BLOCK_RECORD
  5
E63
330
1
100
AcDbSymbolTableRecord
100
AcDbBlockTableRecord
  2
*D97
340
0
 70
     0
280
     1
281
     0
  0
BLOCK_RECORD
  5
E70
330
1
100
AcDbSymbolTableRecord
100
AcDbBlockTableRecord
  2
*D98
340
0
 70
     0
280
     1
281
     0
  0
BLOCK_RECORD
  5
E7D
330
1
100
AcDbSymbolTableRecord
100
AcDbBlockTableRecord
  2
*D99
340
0
 70
     0
280
     1
281
     0
  0
BLOCK_RECORD
  5
E8A
330
1
100
AcDbSymbolTableRecord
100
AcDbBlockTableRecord
  2
*D100
340
0
 70
     0
280
     1
281
     0
  0
BLOCK_RECORD
  5
E97
330
1
100
AcDbSymbolTableRecord
100
AcDbBlockTableRecord
  2
*D101
340
0
 70
     0
280
     1
281
     0
  0
BLOCK_RECORD
  5
EA3
330
1
100
AcDbSymbolTableRecord
100
AcDbBlockTableRecord
  2
*D102
340
0
 70
     0
280
     1
281
     0
  0
BLOCK_RECORD
  5
EB0
330
1
100
AcDbSymbolTableRecord
100
AcDbBlockTableRecord
  2
*D103
340
0
 70
     0
280
     1
281
     0
  0
BLOCK_RECORD
  5
EBA
330
1
100
AcDbSymbolTableRecord
100
AcDbBlockTableRecord
  2
*D104
340
0
 70
     0
280
     1
281
     0
  0
BLOCK_RECORD
  5
EC4
330
1
100
AcDbSymbolTableRecord
100
AcDbBlockTableRecord
  2
*D105
340
0
 70
     0
280
     1
281
     0
  0
BLOCK_RECORD
  5
ED0
330
1
100
AcDbSymbolTableRecord
100
AcDbBlockTableRecord
  2
*D106
340
0
 70
     0
280
     1
281
     0
  0
BLOCK_RECORD
  5
EDD
330
1
100
AcDbSymbolTableRecord
100
AcDbBlockTableRecord
  2
*D107
340
0
 70
     0
280
     1
281
     0
  0
BLOCK_RECORD
  5
EEA
330
1
100
AcDbSymbolTableRecord
100
AcDbBlockTableRecord
  2
*D108
340
0
 70
     0
280
     1
281
     0
  0
BLOCK_RECORD
  5
EF7
330
1
100
AcDbSymbolTableRecord
100
AcDbBlockTableRecord
  2
*D109
340
0
 70
     0
280
     1
281
     0
  0
BLOCK_RECORD
  5
F04
330
1
100
AcDbSymbolTableRecord
100
AcDbBlockTableRecord
  2
*D110
340
0
 70
     0
280
     1
281
     0
  0
BLOCK_RECORD
  5
F10
330
1
100
AcDbSymbolTableRecord
100
AcDbBlockTableRecord
  2
*D111
340
0
 70
     0
280
     1
281
     0
  0
BLOCK_RECORD
  5
F1C
330
1
100
AcDbSymbolTableRecord
100
AcDbBlockTableRecord
  2
*D112
340
0
 70
     0
280
     1
281
     0
  0
BLOCK_RECORD
  5
F28
330
1
100
AcDbSymbolTableRecord
100
AcDbBlockTableRecord
  2
*D113
340
0
 70
     0
280
     1
281
     0
  0
BLOCK_RECORD
  5
F34
330
1
100
AcDbSymbolTableRecord
100
AcDbBlockTableRecord
  2
*D114
340
0
 70
     0
280
     1
281
     0
  0
BLOCK_RECORD
  5
F40
330
1
100
AcDbSymbolTableRecord
100
AcDbBlockTableRecord
  2
*D115
340
0
 70
     0
280
     1
281
     0
  0
BLOCK_RECORD
  5
F4C
330
1
100
AcDbSymbolTableRecord
100
AcDbBlockTableRecord
  2
*D116
340
0
 70
     0
280
     1
281
     0
  0
ENDTAB
  0
ENDSEC
  0
SECTION
  2
BLOCKS
  0
BLOCK
  5
20
330
1F
100
AcDbEntity
  8
0
100
AcDbBlockBegin
  2
*Model_Space
 70
     0
 10
0.0
 20
0.0
 30
0.0
  3
*Model_Space
  1

  0
ENDBLK
  5
21
330
1F
100
AcDbEntity
  8
0
100
AcDbBlockEnd
  0
BLOCK
  5
1E1
330
1DF
100
AcDbEntity
 67
     1
  8
0
100
AcDbBlockBegin
  2
*Paper_Space
 70
     0
 10
0.0
 20
0.0
 30
0.0
  3
*Paper_Space
  1

  0
ENDBLK
  5
1E2
330
1DF
100
AcDbEntity
 67
     1
  8
0
100
AcDbBlockEnd
  0
BLOCK
  5
1E5
330
1E3
100
AcDbEntity
 67
     1
  8
0
100
AcDbBlockBegin
  2
*Paper_Space0
 70
     0
 10
0.0
 20
0.0
 30
0.0
  3
*Paper_Space0
  1

  0
ENDBLK
  5
1E6
330
1E3
100
AcDbEntity
 67
     1
  8
0
100
AcDbBlockEnd
  0
BLOCK
  5
9BD
330
9BC
100
AcDbEntity
  8
0
100
AcDbBlockBegin
  2
*D1
 70
     1
 10
0.0
 20
0.0
 30
0.0
  3
*D1
  1

  0
LINE
  5
1C17
330
9BC
100
AcDbEntity
  8
0
440
 16777216
370
    -2
100
AcDbLine
 10
479.8691494537725
 20
4315.534284009365
 30
0.0
 11
254.0623710950115
 21
4315.534284009365
 31
0.0
  0
LINE
  5
1C18
330
9BC
100
AcDbEntity
  8
0
440
 16777216
370
    -2
100
AcDbLine
 10
479.8691494537725
 20
3115.534284009366
 30
0.0
 11
254.0623710950113
 21
3115.534284009366
 31
0.0
  0
LINE
  5
1C19
330
9BC
100
AcDbEntity
  8
0
440
 16777216
370
    -2
100
AcDbLine
 10
264.0623710950115
 20
4290.534284009365
 30
0.0
 11
264.0623710950114
 21
3735.534284009367
 31
0.0
  0
LINE
  5
1C1A
330
9BC
100
AcDbEntity
  8
0
440
 16777216
370
    -2
100
AcDbLine
 10
264.0623710950113
 20
3140.534284009366
 30
0.0
 11
264.0623710950114
 21
3695.534284009366
 31
0.0
  0
SOLID
  5
1C1B
330
9BC
100
AcDbEntity
  8
0
440
 16777216
100
AcDbTrace
 10
259.8957044283448
 20
4290.534284009365
 30
0.0
 11
268.2290377616782
 21
4290.534284009365
 31
0.0
 12
264.0623710950115
 22
4315.534284009365
 32
0.0
 13
264.0623710950115
 23
4315.534284009365
 33
0.0
  0
SOLID
  5
1C1C
330
9BC
100
AcDbEntity
  8
0
440
 16777216
100
AcDbTrace
 10
259.8957044283446
 20
3140.534284009366
 30
0.0
 11
268.229037761678
 21
3140.534284009366
 31
0.0
 12
264.0623710950113
 22
3115.534284009366
 32
0.0
 13
264.0623710950113
 23
3115.534284009366
 33
0.0
  0
MTEXT
  5
1C1D
330
9BC
100
AcDbEntity
  8
0
440
 16777216
370
    13
100
AcDbMText
 10
264.0623710950108
 20
3715.534284009365
 30
0.0
 40
30.0
 41
0.0
 46
0.0
 71
     5
 72
     1
  1
\A1;1200
  7
ОФОРМИТЕЛЬ
 73
     1
 44
1.0
  0
POINT
  5
1C1E
330
9BC
100
AcDbEntity
  8
DEFPOINTS
 62
     0
440
 16777216
100
AcDbPoint
 10
489.8691494537724
 20
4315.534284009365
 30
0.0
  0
POINT
  5
1C1F
330
9BC
100
AcDbEntity
  8
DEFPOINTS
 62
     0
440
 16777216
100
AcDbPoint
 10
489.8691494537724
 20
3115.534284009366
 30
0.0
  0
POINT
  5
1C20
330
9BC
100
AcDbEntity
  8
DEFPOINTS
 62
     0
440
 16777216
100
AcDbPoint
 10
264.0623710950113
 20
3115.534284009366
 30
0.0
  0
ENDBLK
  5
9BE
330
9BC
100
AcDbEntity
  8
0
100
AcDbBlockEnd
  0
BLOCK
  5
9CA
330
9C9
100
AcDbEntity
  8
0
100
AcDbBlockBegin
  2
*D2
 70
     1
 10
0.0
 20
0.0
 30
0.0
  3
*D2
  1

  0
LINE
  5
1C0D
330
9C9
100
AcDbEntity
  8
0
440
 16777216
370
    -2
100
AcDbLine
 10
489.8691494537724
 20
4325.534284009365
 30
0.0
 11
489.8691494537724
 21
4533.992092693778
 31
0.0
  0
LINE
  5
1C0E
330
9C9
100
AcDbEntity
  8
0
440
 16777216
370
    -2
100
AcDbLine
 10
2289.869149453773
 20
4325.534284009365
 30
0.0
 11
2289.869149453773
 21
4533.992092693778
 31
0.0
  0
LINE
  5
1C0F
330
9C9
100
AcDbEntity
  8
0
440
 16777216
370
    -2
100
AcDbLine
 10
514.8691494537724
 20
4523.992092693776
 30
0.0
 11
1339.869149453772
 21
4523.992092693776
 31
0.0
  0
LINE
  5
1C10
330
9C9
100
AcDbEntity
  8
0
440
 16777216
370
    -2
100
AcDbLine
 10
2264.869149453772
 20
4523.992092693776
 30
0.0
 11
1439.869149453772
 21
4523.992092693776
 31
0.0
  0
SOLID
  5
1C11
330
9C9
100
AcDbEntity
  8
0
440
 16777216
100
AcDbTrace
 10
514.8691494537724
 20
4528.158759360445
 30
0.0
 11
514.8691494537724
 21
4519.82542602711
 31
0.0
 12
489.8691494537724
 22
4523.992092693776
 32
0.0
 13
489.8691494537724
 23
4523.992092693776
 33
0.0
  0
SOLID
  5
1C12
330
9C9
100
AcDbEntity
  8
0
440
 16777216
100
AcDbTrace
 10
2264.869149453772
 20
4528.158759360445
 30
0.0
 11
2264.869149453772
 21
4519.82542602711
 31
0.0
 12
2289.869149453773
 22
4523.992092693776
 32
0.0
 13
2289.869149453773
 23
4523.992092693776
 33
0.0
  0
MTEXT
  5
1C13
330
9C9
100
AcDbEntity
  8
0
440
 16777216
370
    13
100
AcDbMText
 10
1389.869149453772
 20
4523.992092693776
 30
0.0
 40
30.0
 41
0.0
 46
0.0
 71
     5
 72
     1
  1
\A1;1800
  7
ОФОРМИТЕЛЬ
 73
     1
 44
1.0
  0
POINT
  5
1C14
330
9C9
100
AcDbEntity
  8
DEFPOINTS
 62
     0
440
 16777216
100
AcDbPoint
 10
489.8691494537724
 20
4315.534284009365
 30
0.0
  0
POINT
  5
1C15
330
9C9
100
AcDbEntity
  8
DEFPOINTS
 62
     0
440
 16777216
100
AcDbPoint
 10
2289.869149453773
 20
4315.534284009365
 30
0.0
  0
POINT
  5
1C16
330
9C9
100
AcDbEntity
  8
DEFPOINTS
 62
     0
440
 16777216
100
AcDbPoint
 10
2289.869149453773
 20
4523.992092693776
 30
0.0
  0
ENDBLK
  5
9CB
330
9C9
100
AcDbEntity
  8
0
100
AcDbBlockEnd
  0
BLOCK
  5
9D7
330
9D6
100
AcDbEntity
  8
0
100
AcDbBlockBegin
  2
*D3
 70
     1
 10
0.0
 20
0.0
 30
0.0
  3
*D3
  1

  0
LINE
  5
1C03
330
9D6
100
AcDbEntity
  8
0
440
 16777216
370
    -2
100
AcDbLine
 10
489.8691494537724
 20
4325.534284009365
 30
0.0
 11
489.8691494537724
 21
4400.704533364245
 31
0.0
  0
LINE
  5
1C04
330
9D6
100
AcDbEntity
  8
0
440
 16777216
370
    -2
100
AcDbLine
 10
689.8691494537724
 20
4245.534284009365
 30
0.0
 11
689.8691494537724
 21
4400.704533364245
 31
0.0
  0
LINE
  5
1C05
330
9D6
100
AcDbEntity
  8
0
440
 16777216
370
    -2
100
AcDbLine
 10
514.8691494537724
 20
4390.704533364245
 30
0.0
 11
549.8691494537723
 21
4390.704533364245
 31
0.0
  0
LINE
  5
1C06
330
9D6
100
AcDbEntity
  8
0
440
 16777216
370
    -2
100
AcDbLine
 10
664.8691494537724
 20
4390.704533364245
 30
0.0
 11
629.8691494537725
 21
4390.704533364245
 31
0.0
  0
SOLID
  5
1C07
330
9D6
100
AcDbEntity
  8
0
440
 16777216
100
AcDbTrace
 10
514.8691494537724
 20
4394.871200030912
 30
0.0
 11
514.8691494537724
 21
4386.537866697579
 31
0.0
 12
489.8691494537724
 22
4390.704533364245
 32
0.0
 13
489.8691494537724
 23
4390.704533364245
 33
0.0
  0
SOLID
  5
1C08
330
9D6
100
AcDbEntity
  8
0
440
 16777216
100
AcDbTrace
 10
664.8691494537724
 20
4394.871200030912
 30
0.0
 11
664.8691494537724
 21
4386.537866697579
 31
0.0
 12
689.8691494537724
 22
4390.704533364245
 32
0.0
 13
689.8691494537724
 23
4390.704533364245
 33
0.0
  0
MTEXT
  5
1C09
330
9D6
100
AcDbEntity
  8
0
440
 16777216
370
    13
100
AcDbMText
 10
589.8691494537724
 20
4390.704533364245
 30
0.0
 40
30.0
 41
0.0
 46
0.0
 71
     5
 72
     1
  1
\A1;200
  7
ОФОРМИТЕЛЬ
 73
     1
 44
1.0
  0
POINT
  5
1C0A
330
9D6
100
AcDbEntity
  8
DEFPOINTS
 62
     0
440
 16777216
100
AcDbPoint
 10
489.8691494537724
 20
4315.534284009365
 30
0.0
  0
POINT
  5
1C0B
330
9D6
100
AcDbEntity
  8
DEFPOINTS
 62
     0
440
 16777216
100
AcDbPoint
 10
689.8691494537724
 20
4235.534284009365
 30
0.0
  0
POINT
  5
1C0C
330
9D6
100
AcDbEntity
  8
DEFPOINTS
 62
     0
440
 16777216
100
AcDbPoint
 10
689.8691494537724
 20
4390.704533364245
 30
0.0
  0
ENDBLK
  5
9D8
330
9D6
100
AcDbEntity
  8
0
100
AcDbBlockEnd
  0
BLOCK
  5
9E4
330
9E3
100
AcDbEntity
  8
0
100
AcDbBlockBegin
  2
*D4
 70
     1
 10
0.0
 20
0.0
 30
0.0
  3
*D4
  1

  0
LINE
  5
1BF9
330
9E3
100
AcDbEntity
  8
0
440
 16777216
370
    -2
100
AcDbLine
 10
689.8691494537724
 20
4245.534284009365
 30
0.0
 11
689.8691494537724
 21
4400.704533364245
 31
0.0
  0
LINE
  5
1BFA
330
9E3
100
AcDbEntity
  8
0
440
 16777216
370
    -2
100
AcDbLine
 10
1389.869149453772
 20
4245.534284009365
 30
0.0
 11
1389.869149453772
 21
4400.704533364245
 31
0.0
  0
LINE
  5
1BFB
330
9E3
100
AcDbEntity
  8
0
440
 16777216
370
    -2
100
AcDbLine
 10
714.8691494537724
 20
4390.704533364245
 30
0.0
 11
999.8691494537725
 21
4390.704533364245
 31
0.0
  0
LINE
  5
1BFC
330
9E3
100
AcDbEntity
  8
0
440
 16777216
370
    -2
100
AcDbLine
 10
1364.869149453772
 20
4390.704533364245
 30
0.0
 11
1079.869149453772
 21
4390.704533364245
 31
0.0
  0
SOLID
  5
1BFD
330
9E3
100
AcDbEntity
  8
0
440
 16777216
100
AcDbTrace
 10
714.8691494537724
 20
4394.871200030912
 30
0.0
 11
714.8691494537724
 21
4386.537866697579
 31
0.0
 12
689.8691494537724
 22
4390.704533364245
 32
0.0
 13
689.8691494537724
 23
4390.704533364245
 33
0.0
  0
SOLID
  5
1BFE
330
9E3
100
AcDbEntity
  8
0
440
 16777216
100
AcDbTrace
 10
1364.869149453772
 20
4394.871200030912
 30
0.0
 11
1364.869149453772
 21
4386.537866697579
 31
0.0
 12
1389.869149453772
 22
4390.704533364245
 32
0.0
 13
1389.869149453772
 23
4390.704533364245
 33
0.0
  0
MTEXT
  5
1BFF
330
9E3
100
AcDbEntity
  8
0
440
 16777216
370
    13
100
AcDbMText
 10
1039.869149453772
 20
4390.704533364245
 30
0.0
 40
30.0
 41
0.0
 46
0.0
 71
     5
 72
     1
  1
\A1;700
  7
ОФОРМИТЕЛЬ
 73
     1
 44
1.0
  0
POINT
  5
1C00
330
9E3
100
AcDbEntity
  8
DEFPOINTS
 62
     0
440
 16777216
100
AcDbPoint
 10
689.8691494537724
 20
4235.534284009365
 30
0.0
  0
POINT
  5
1C01
330
9E3
100
AcDbEntity
  8
DEFPOINTS
 62
     0
440
 16777216
100
AcDbPoint
 10
1389.869149453772
 20
4235.534284009365
 30
0.0
  0
POINT
  5
1C02
330
9E3
100
AcDbEntity
  8
DEFPOINTS
 62
     0
440
 16777216
100
AcDbPoint
 10
1389.869149453772
 20
4390.704533364245
 30
0.0
  0
ENDBLK
  5
9E5
330
9E3
100
AcDbEntity
  8
0
100
AcDbBlockEnd
  0
BLOCK
  5
9F1
330
9F0
100
AcDbEntity
  8
0
100
AcDbBlockBegin
  2
*D5
 70
     1
 10
0.0
 20
0.0
 30
0.0
  3
*D5
  1

  0
LINE
  5
1BEF
330
9F0
100
AcDbEntity
  8
0
440
 16777216
370
    -2
100
AcDbLine
 10
1389.869149453772
 20
4245.534284009365
 30
0.0
 11
1389.869149453772
 21
4400.704533364245
 31
0.0
  0
LINE
  5
1BF0
330
9F0
100
AcDbEntity
  8
0
440
 16777216
370
    -2
100
AcDbLine
 10
2089.948396590373
 20
4245.715038768802
 30
0.0
 11
2089.948396590373
 21
4400.704533364245
 31
0.0
  0
LINE
  5
1BF1
330
9F0
100
AcDbEntity
  8
0
440
 16777216
370
    -2
100
AcDbLine
 10
1414.869149453772
 20
4390.704533364245
 30
0.0
 11
1699.908773022072
 21
4390.704533364245
 31
0.0
  0
LINE
  5
1BF2
330
9F0
100
AcDbEntity
  8
0
440
 16777216
370
    -2
100
AcDbLine
 10
2064.948396590373
 20
4390.704533364245
 30
0.0
 11
1779.908773022073
 21
4390.704533364245
 31
0.0
  0
SOLID
  5
1BF3
330
9F0
100
AcDbEntity
  8
0
440
 16777216
100
AcDbTrace
 10
1414.869149453772
 20
4394.871200030912
 30
0.0
 11
1414.869149453772
 21
4386.537866697579
 31
0.0
 12
1389.869149453772
 22
4390.704533364245
 32
0.0
 13
1389.869149453772
 23
4390.704533364245
 33
0.0
  0
SOLID
  5
1BF4
330
9F0
100
AcDbEntity
  8
0
440
 16777216
100
AcDbTrace
 10
2064.948396590373
 20
4394.871200030912
 30
0.0
 11
2064.948396590373
 21
4386.537866697579
 31
0.0
 12
2089.948396590373
 22
4390.704533364245
 32
0.0
 13
2089.948396590373
 23
4390.704533364245
 33
0.0
  0
MTEXT
  5
1BF5
330
9F0
100
AcDbEntity
  8
0
440
 16777216
370
    13
100
AcDbMText
 10
1739.908773022072
 20
4390.704533364245
 30
0.0
 40
30.0
 41
0.0
 46
0.0
 71
     5
 72
     1
  1
\A1;700
  7
ОФОРМИТЕЛЬ
 73
     1
 44
1.0
  0
POINT
  5
1BF6
330
9F0
100
AcDbEntity
  8
DEFPOINTS
 62
     0
440
 16777216
100
AcDbPoint
 10
1389.869149453772
 20
4235.534284009365
 30
0.0
  0
POINT
  5
1BF7
330
9F0
100
AcDbEntity
  8
DEFPOINTS
 62
     0
440
 16777216
100
AcDbPoint
 10
2089.948396590373
 20
4235.715038768801
 30
0.0
  0
POINT
  5
1BF8
330
9F0
100
AcDbEntity
  8
DEFPOINTS
 62
     0
440
 16777216
100
AcDbPoint
 10
2089.948396590373
 20
4390.704533364245
 30
0.0
  0
ENDBLK
  5
9F2
330
9F0
100
AcDbEntity
  8
0
100
AcDbBlockEnd
  0
BLOCK
  5
9FE
330
9FD
100
AcDbEntity
  8
0
100
AcDbBlockBegin
  2
*D6
 70
     1
 10
0.0
 20
0.0
 30
0.0
  3
*D6
  1

  0
LINE
  5
1BE5
330
9FD
100
AcDbEntity
  8
0
440
 16777216
370
    -2
100
AcDbLine
 10
489.8691494537724
 20
3105.534284009366
 30
0.0
 11
489.8691494537724
 21
2993.128218231839
 31
0.0
  0
LINE
  5
1BE6
330
9FD
100
AcDbEntity
  8
0
440
 16777216
370
    -2
100
AcDbLine
 10
689.8691494537724
 20
3305.534284009365
 30
0.0
 11
689.8691494537724
 21
2993.128218231839
 31
0.0
  0
LINE
  5
1BE7
330
9FD
100
AcDbEntity
  8
0
440
 16777216
370
    -2
100
AcDbLine
 10
514.8691494537724
 20
3003.128218231839
 30
0.0
 11
549.8691494537723
 21
3003.128218231839
 31
0.0
  0
LINE
  5
1BE8
330
9FD
100
AcDbEntity
  8
0
440
 16777216
370
    -2
100
AcDbLine
 10
664.8691494537724
 20
3003.128218231839
 30
0.0
 11
629.8691494537725
 21
3003.128218231839
 31
0.0
  0
SOLID
  5
1BE9
330
9FD
100
AcDbEntity
  8
0
440
 16777216
100
AcDbTrace
 10
514.8691494537724
 20
3007.294884898506
 30
0.0
 11
514.8691494537724
 21
2998.961551565173
 31
0.0
 12
489.8691494537724
 22
3003.128218231839
 32
0.0
 13
489.8691494537724
 23
3003.128218231839
 33
0.0
  0
SOLID
  5
1BEA
330
9FD
100
AcDbEntity
  8
0
440
 16777216
100
AcDbTrace
 10
664.8691494537724
 20
3007.294884898506
 30
0.0
 11
664.8691494537724
 21
2998.961551565173
 31
0.0
 12
689.8691494537724
 22
3003.128218231839
 32
0.0
 13
689.8691494537724
 23
3003.128218231839
 33
0.0
  0
MTEXT
  5
1BEB
330
9FD
100
AcDbEntity
  8
0
440
 16777216
370
    13
100
AcDbMText
 10
589.8691494537724
 20
3003.128218231839
 30
0.0
 40
30.0
 41
0.0
 46
0.0
 71
     5
 72
     1
  1
\A1;200
  7
ОФОРМИТЕЛЬ
 73
     1
 44
1.0
  0
POINT
  5
1BEC
330
9FD
100
AcDbEntity
  8
DEFPOINTS
 62
     0
440
 16777216
100
AcDbPoint
 10
489.8691494537724
 20
3115.534284009366
 30
0.0
  0
POINT
  5
1BED
330
9FD
100
AcDbEntity
  8
DEFPOINTS
 62
     0
440
 16777216
100
AcDbPoint
 10
689.8691494537724
 20
3315.534284009365
 30
0.0
  0
POINT
  5
1BEE
330
9FD
100
AcDbEntity
  8
DEFPOINTS
 62
     0
440
 16777216
100
AcDbPoint
 10
689.8691494537724
 20
3003.128218231839
 30
0.0
  0
ENDBLK
  5
9FF
330
9FD
100
AcDbEntity
  8
0
100
AcDbBlockEnd
  0
BLOCK
  5
A0B
330
A0A
100
AcDbEntity
  8
0
100
AcDbBlockBegin
  2
*D7
 70
     1
 10
0.0
 20
0.0
 30
0.0
  3
*D7
  1

  0
LINE
  5
1BDB
330
A0A
100
AcDbEntity
  8
0
440
 16777216
370
    -2
100
AcDbLine
 10
689.8691494537724
 20
3305.534284009365
 30
0.0
 11
689.8691494537724
 21
2993.128218231839
 31
0.0
  0
LINE
  5
1BDC
330
A0A
100
AcDbEntity
  8
0
440
 16777216
370
    -2
100
AcDbLine
 10
1389.869149453772
 20
3305.534284009365
 30
0.0
 11
1389.869149453772
 21
2993.128218231839
 31
0.0
  0
LINE
  5
1BDD
330
A0A
100
AcDbEntity
  8
0
440
 16777216
370
    -2
100
AcDbLine
 10
714.8691494537724
 20
3003.128218231839
 30
0.0
 11
999.8691494537725
 21
3003.128218231839
 31
0.0
  0
LINE
  5
1BDE
330
A0A
100
AcDbEntity
  8
0
440
 16777216
370
    -2
100
AcDbLine
 10
1364.869149453772
 20
3003.128218231839
 30
0.0
 11
1079.869149453772
 21
3003.128218231839
 31
0.0
  0
SOLID
  5
1BDF
330
A0A
100
AcDbEntity
  8
0
440
 16777216
100
AcDbTrace
 10
714.8691494537724
 20
3007.294884898506
 30
0.0
 11
714.8691494537724
 21
2998.961551565173
 31
0.0
 12
689.8691494537724
 22
3003.128218231839
 32
0.0
 13
689.8691494537724
 23
3003.128218231839
 33
0.0
  0
SOLID
  5
1BE0
330
A0A
100
AcDbEntity
  8
0
440
 16777216
100
AcDbTrace
 10
1364.869149453772
 20
3007.294884898506
 30
0.0
 11
1364.869149453772
 21
2998.961551565173
 31
0.0
 12
1389.869149453772
 22
3003.128218231839
 32
0.0
 13
1389.869149453772
 23
3003.128218231839
 33
0.0
  0
MTEXT
  5
1BE1
330
A0A
100
AcDbEntity
  8
0
440
 16777216
370
    13
100
AcDbMText
 10
1039.869149453772
 20
3003.128218231839
 30
0.0
 40
30.0
 41
0.0
 46
0.0
 71
     5
 72
     1
  1
\A1;700
  7
ОФОРМИТЕЛЬ
 73
     1
 44
1.0
  0
POINT
  5
1BE2
330
A0A
100
AcDbEntity
  8
DEFPOINTS
 62
     0
440
 16777216
100
AcDbPoint
 10
689.8691494537724
 20
3315.534284009365
 30
0.0
  0
POINT
  5
1BE3
330
A0A
100
AcDbEntity
  8
DEFPOINTS
 62
     0
440
 16777216
100
AcDbPoint
 10
1389.869149453772
 20
3315.534284009365
 30
0.0
  0
POINT
  5
1BE4
330
A0A
100
AcDbEntity
  8
DEFPOINTS
 62
     0
440
 16777216
100
AcDbPoint
 10
1389.869149453772
 20
3003.128218231839
 30
0.0
  0
ENDBLK
  5
A0C
330
A0A
100
AcDbEntity
  8
0
100
AcDbBlockEnd
  0
BLOCK
  5
A18
330
A17
100
AcDbEntity
  8
0
100
AcDbBlockBegin
  2
*D8
 70
     1
 10
0.0
 20
0.0
 30
0.0
  3
*D8
  1

  0
LINE
  5
1BD1
330
A17
100
AcDbEntity
  8
0
440
 16777216
370
    -2
100
AcDbLine
 10
1389.869149453772
 20
3305.534284009365
 30
0.0
 11
1389.869149453772
 21
2993.128218231839
 31
0.0
  0
LINE
  5
1BD2
330
A17
100
AcDbEntity
  8
0
440
 16777216
370
    -2
100
AcDbLine
 10
2089.869149453773
 20
3305.534284009365
 30
0.0
 11
2089.869149453773
 21
2993.128218231839
 31
0.0
  0
LINE
  5
1BD3
330
A17
100
AcDbEntity
  8
0
440
 16777216
370
    -2
100
AcDbLine
 10
1414.869149453772
 20
3003.128218231839
 30
0.0
 11
1699.869149453772
 21
3003.128218231839
 31
0.0
  0
LINE
  5
1BD4
330
A17
100
AcDbEntity
  8
0
440
 16777216
370
    -2
100
AcDbLine
 10
2064.869149453773
 20
3003.128218231839
 30
0.0
 11
1779.869149453772
 21
3003.128218231839
 31
0.0
  0
SOLID
  5
1BD5
330
A17
100
AcDbEntity
  8
0
440
 16777216
100
AcDbTrace
 10
1414.869149453772
 20
3007.294884898506
 30
0.0
 11
1414.869149453772
 21
2998.961551565173
 31
0.0
 12
1389.869149453772
 22
3003.128218231839
 32
0.0
 13
1389.869149453772
 23
3003.128218231839
 33
0.0
  0
SOLID
  5
1BD6
330
A17
100
AcDbEntity
  8
0
440
 16777216
100
AcDbTrace
 10
2064.869149453773
 20
3007.294884898506
 30
0.0
 11
2064.869149453773
 21
2998.961551565173
 31
0.0
 12
2089.869149453773
 22
3003.128218231839
 32
0.0
 13
2089.869149453773
 23
3003.128218231839
 33
0.0
  0
MTEXT
  5
1BD7
330
A17
100
AcDbEntity
  8
0
440
 16777216
370
    13
100
AcDbMText
 10
1739.869149453772
 20
3003.128218231839
 30
0.0
 40
30.0
 41
0.0
 46
0.0
 71
     5
 72
     1
  1
\A1;700
  7
ОФОРМИТЕЛЬ
 73
     1
 44
1.0
  0
POINT
  5
1BD8
330
A17
100
AcDbEntity
  8
DEFPOINTS
 62
     0
440
 16777216
100
AcDbPoint
 10
1389.869149453772
 20
3315.534284009365
 30
0.0
  0
POINT
  5
1BD9
330
A17
100
AcDbEntity
  8
DEFPOINTS
 62
     0
440
 16777216
100
AcDbPoint
 10
2089.869149453773
 20
3315.534284009365
 30
0.0
  0
POINT
  5
1BDA
330
A17
100
AcDbEntity
  8
DEFPOINTS
 62
     0
440
 16777216
100
AcDbPoint
 10
2089.869149453773
 20
3003.128218231839
 30
0.0
  0
ENDBLK
  5
A19
330
A17
100
AcDbEntity
  8
0
100
AcDbBlockEnd
  0
BLOCK
  5
A25
330
A24
100
AcDbEntity
  8
0
100
AcDbBlockBegin
  2
*D9
 70
     1
 10
0.0
 20
0.0
 30
0.0
  3
*D9
  1

  0
LINE
  5
1BC7
330
A24
100
AcDbEntity
  8
0
440
 16777216
370
    -2
100
AcDbLine
 10
2079.869149453772
 20
3315.534284009365
 30
0.0
 11
394.6008618509605
 21
3315.534284009366
 31
0.0
  0
LINE
  5
1BC8
330
A24
100
AcDbEntity
  8
0
440
 16777216
370
    -2
100
AcDbLine
 10
479.8691494537725
 20
3115.534284009366
 30
0.0
 11
394.6008618509604
 21
3115.534284009366
 31
0.0
  0
LINE
  5
1BC9
330
A24
100
AcDbEntity
  8
0
440
 16777216
370
    -2
100
AcDbLine
 10
404.6008618509604
 20
3290.534284009366
 30
0.0
 11
404.6008618509604
 21
3235.534284009366
 31
0.0
  0
LINE
  5
1BCA
330
A24
100
AcDbEntity
  8
0
440
 16777216
370
    -2
100
AcDbLine
 10
404.6008618509604
 20
3140.534284009366
 30
0.0
 11
404.6008618509604
 21
3195.534284009366
 31
0.0
  0
SOLID
  5
1BCB
330
A24
100
AcDbEntity
  8
0
440
 16777216
100
AcDbTrace
 10
400.4341951842937
 20
3290.534284009366
 30
0.0
 11
408.767528517627
 21
3290.534284009366
 31
0.0
 12
404.6008618509604
 22
3315.534284009366
 32
0.0
 13
404.6008618509604
 23
3315.534284009366
 33
0.0
  0
SOLID
  5
1BCC
330
A24
100
AcDbEntity
  8
0
440
 16777216
100
AcDbTrace
 10
400.4341951842937
 20
3140.534284009366
 30
0.0
 11
408.767528517627
 21
3140.534284009366
 31
0.0
 12
404.6008618509604
 22
3115.534284009366
 32
0.0
 13
404.6008618509604
 23
3115.534284009366
 33
0.0
  0
MTEXT
  5
1BCD
330
A24
100
AcDbEntity
  8
0
440
 16777216
370
    13
100
AcDbMText
 10
404.6008618509598
 20
3215.534284009365
 30
0.0
 40
30.0
 41
0.0
 46
0.0
 71
     5
 72
     1
  1
\A1;200
  7
ОФОРМИТЕЛЬ
 73
     1
 44
1.0
  0
POINT
  5
1BCE
330
A24
100
AcDbEntity
  8
DEFPOINTS
 62
     0
440
 16777216
100
AcDbPoint
 10
2089.869149453773
 20
3315.534284009365
 30
0.0
  0
POINT
  5
1BCF
330
A24
100
AcDbEntity
  8
DEFPOINTS
 62
     0
440
 16777216
100
AcDbPoint
 10
489.8691494537724
 20
3115.534284009366
 30
0.0
  0
POINT
  5
1BD0
330
A24
100
AcDbEntity
  8
DEFPOINTS
 62
     0
440
 16777216
100
AcDbPoint
 10
404.6008618509604
 20
3115.534284009366
 30
0.0
  0
ENDBLK
  5
A26
330
A24
100
AcDbEntity
  8
0
100
AcDbBlockEnd
  0
BLOCK
  5
A32
330
A31
100
AcDbEntity
  8
0
100
AcDbBlockBegin
  2
*D10
 70
     1
 10
0.0
 20
0.0
 30
0.0
  3
*D10
  1

  0
LINE
  5
1BBE
330
A31
100
AcDbEntity
  8
0
440
 16777216
370
    -2
100
AcDbLine
 10
2079.948396590373
 20
4235.715038768801
 30
0.0
 11
384.2170146660156
 21
4235.715038768801
 31
0.0
  0
LINE
  5
1BBF
330
A31
100
AcDbEntity
  8
0
440
 16777216
370
    -2
100
AcDbLine
 10
479.8691494537725
 20
4315.534284009365
 30
0.0
 11
384.2170146660155
 21
4315.534284009365
 31
0.0
  0
LINE
  5
1BC0
330
A31
100
AcDbEntity
  8
0
440
 16777216
370
    -2
100
AcDbLine
 10
394.2170146660155
 20
4260.715038768801
 30
0.0
 11
394.2170146660155
 21
4290.534284009365
 31
0.0
  0
MTEXT
  5
1BC1
330
A31
100
AcDbEntity
  8
0
440
 16777216
370
    13
100
AcDbMText
 10
351.7170146660149
 20
4275.624661389083
 30
0.0
 40
30.0
 41
0.0
 46
0.0
 71
     5
 72
     1
  1
\A1;80
  7
ОФОРМИТЕЛЬ
 73
     1
 44
1.0
  0
SOLID
  5
1BC2
330
A31
100
AcDbEntity
  8
0
440
 16777216
100
AcDbTrace
 10
390.0503479993489
 20
4260.715038768801
 30
0.0
 11
398.3836813326822
 21
4260.715038768801
 31
0.0
 12
394.2170146660155
 22
4235.715038768801
 32
0.0
 13
394.2170146660155
 23
4235.715038768801
 33
0.0
  0
SOLID
  5
1BC3
330
A31
100
AcDbEntity
  8
0
440
 16777216
100
AcDbTrace
 10
390.0503479993489
 20
4290.534284009365
 30
0.0
 11
398.3836813326822
 21
4290.534284009365
 31
0.0
 12
394.2170146660155
 22
4315.534284009365
 32
0.0
 13
394.2170146660155
 23
4315.534284009365
 33
0.0
  0
POINT
  5
1BC4
330
A31
100
AcDbEntity
  8
DEFPOINTS
 62
     0
440
 16777216
100
AcDbPoint
 10
2089.948396590373
 20
4235.715038768801
 30
0.0
  0
POINT
  5
1BC5
330
A31
100
AcDbEntity
  8
DEFPOINTS
 62
     0
440
 16777216
100
AcDbPoint
 10
489.8691494537724
 20
4315.534284009365
 30
0.0
  0
POINT
  5
1BC6
330
A31
100
AcDbEntity
  8
DEFPOINTS
 62
     0
440
 16777216
100
AcDbPoint
 10
394.2170146660155
 20
4315.534284009365
 30
0.0
  0
ENDBLK
  5
A33
330
A31
100
AcDbEntity
  8
0
100
AcDbBlockEnd
  0
BLOCK
  5
A3E
330
A3D
100
AcDbEntity
  8
0
100
AcDbBlockBegin
  2
*D11
 70
     1
 10
0.0
 20
0.0
 30
0.0
  3
*D11
  1

  0
LINE
  5
1BB5
330
A3D
100
AcDbEntity
  8
0
440
 16777216
370
    -2
100
AcDbLine
 10
687.905617366789
 20
4268.475816179926
 30
0.0
 11
686.4180930584685
 21
4293.431522369735
 31
0.0
  0
LINE
  5
1BB6
330
A3D
100
AcDbEntity
  8
0
440
 16777216
370
    -2
100
AcDbLine
 10
691.8326815407557
 20
4202.592751838801
 30
0.0
 11
693.3202058490762
 21
4177.637045648991
 31
0.0
  0
MTEXT
  5
1BB7
330
A3D
100
AcDbEntity
  8
0
440
 16777216
370
    13
100
AcDbMText
 10
689.7794632649256
 20
4150.516486190201
 30
0.0
 40
30.0
 41
0.0
 46
0.0
 71
     5
 72
     1
  1
\A1;∅16
  7
ОФОРМИТЕЛЬ
 73
     1
 44
1.0
  0
SOLID
  5
1BB8
330
A3D
100
AcDbEntity
  8
0
440
 16777216
100
AcDbTrace
 10
692.0649017317572
 20
4268.723736897981
 30
0.0
 11
683.7463330018204
 21
4268.227895461873
 31
0.0
 12
689.393141675109
 22
4243.520109990114
 32
0.0
 13
689.393141675109
 23
4243.520109990114
 33
0.0
  0
SOLID
  5
1BB9
330
A3D
100
AcDbEntity
  8
0
440
 16777216
100
AcDbTrace
 10
695.9919659057241
 20
4202.840672556855
 30
0.0
 11
687.6733971757872
 21
4202.34483112075
 31
0.0
 12
690.3451572324358
 22
4227.548458028613
 32
0.0
 13
690.3451572324358
 23
4227.548458028613
 33
0.0
  0
LINE
  5
1BBA
330
A3D
100
AcDbEntity
  8
0
440
 16777216
370
    -2
100
AcDbLine
 10
689.7791494537723
 20
4235.534284009365
 30
0.0
 11
689.9591494537722
 21
4235.534284009365
 31
0.0
  0
LINE
  5
1BBB
330
A3D
100
AcDbEntity
  8
0
440
 16777216
370
    -2
100
AcDbLine
 10
689.8691494537724
 20
4235.444284009365
 30
0.0
 11
689.8691494537724
 21
4235.624284009365
 31
0.0
  0
POINT
  5
1BBC
330
A3D
100
AcDbEntity
  8
DEFPOINTS
 62
     0
440
 16777216
100
AcDbPoint
 10
690.3451572324358
 20
4227.548458028613
 30
0.0
  0
POINT
  5
1BBD
330
A3D
100
AcDbEntity
  8
DEFPOINTS
 62
     0
440
 16777216
100
AcDbPoint
 10
689.393141675109
 20
4243.520109990114
 30
0.0
  0
ENDBLK
  5
A3F
330
A3D
100
AcDbEntity
  8
0
100
AcDbBlockEnd
  0
BLOCK
  5
A4A
330
A49
100
AcDbEntity
  8
0
100
AcDbBlockBegin
  2
*D12
 70
     1
 10
0.0
 20
0.0
 30
0.0
  3
*D12
  1

  0
LINE
  5
1BAC
330
A49
100
AcDbEntity
  8
0
440
 16777216
370
    -2
100
AcDbLine
 10
1365.683547576691
 20
4257.985490254148
 30
0.0
 11
1347.361121912255
 21
4274.993979833509
 31
0.0
  0
LINE
  5
1BAD
330
A49
100
AcDbEntity
  8
0
440
 16777216
370
    -2
100
AcDbLine
 10
1414.054751330854
 20
4213.083077764583
 30
0.0
 11
1432.377176995289
 21
4196.074588185221
 31
0.0
  0
MTEXT
  5
1BAE
330
A49
100
AcDbEntity
  8
0
440
 16777216
370
    13
100
AcDbMText
 10
1408.940309080595
 20
4163.427655815844
 30
0.0
 40
30.0
 41
0.0
 46
0.0
 71
     5
 72
     1
  1
\A1;∅16
  7
ОФОРМИТЕЛЬ
 73
     1
 44
1.0
  0
SOLID
  5
1BAF
330
A49
100
AcDbEntity
  8
0
440
 16777216
100
AcDbTrace
 10
1368.518295839918
 20
4261.039227864887
 30
0.0
 11
1362.848799313464
 21
4254.931752643408
 31
0.0
 12
1384.005973241126
 22
4240.977000674784
 32
0.0
 13
1384.005973241126
 23
4240.977000674784
 33
0.0
  0
SOLID
  5
1BB0
330
A49
100
AcDbEntity
  8
0
440
 16777216
100
AcDbTrace
 10
1416.889499594081
 20
4216.136815375323
 30
0.0
 11
1411.220003067627
 21
4210.029340153846
 31
0.0
 12
1395.732325666418
 22
4230.091567343944
 32
0.0
 13
1395.732325666418
 23
4230.091567343944
 33
0.0
  0
LINE
  5
1BB1
330
A49
100
AcDbEntity
  8
0
440
 16777216
370
    -2
100
AcDbLine
 10
1389.779149453773
 20
4235.534284009365
 30
0.0
 11
1389.959149453772
 21
4235.534284009365
 31
0.0
  0
LINE
  5
1BB2
330
A49
100
AcDbEntity
  8
0
440
 16777216
370
    -2
100
AcDbLine
 10
1389.869149453772
 20
4235.444284009365
 30
0.0
 11
1389.869149453773
 21
4235.624284009365
 31
0.0
  0
POINT
  5
1BB3
330
A49
100
AcDbEntity
  8
DEFPOINTS
 62
     0
440
 16777216
100
AcDbPoint
 10
1395.732325666418
 20
4230.091567343944
 30
0.0
  0
POINT
  5
1BB4
330
A49
100
AcDbEntity
  8
DEFPOINTS
 62
     0
440
 16777216
100
AcDbPoint
 10
1384.005973241126
 20
4240.977000674784
 30
0.0
  0
ENDBLK
  5
A4B
330
A49
100
AcDbEntity
  8
0
100
AcDbBlockEnd
  0
BLOCK
  5
A56
330
A55
100
AcDbEntity
  8
0
100
AcDbBlockBegin
  2
*D13
 70
     1
 10
0.0
 20
0.0
 30
0.0
  3
*D13
  1

  0
LINE
  5
1BA3
330
A55
100
AcDbEntity
  8
0
440
 16777216
370
    -2
100
AcDbLine
 10
2076.123998936989
 20
4265.679785213948
 30
0.0
 11
2065.650970411704
 21
4288.380350702687
 31
0.0
  0
LINE
  5
1BA4
330
A55
100
AcDbEntity
  8
0
440
 16777216
370
    -2
100
AcDbLine
 10
2103.772794243754
 20
4205.750292323652
 30
0.0
 11
2114.24582276904
 21
4183.049726834911
 31
0.0
  0
MTEXT
  5
1BA5
330
A55
100
AcDbEntity
  8
0
440
 16777216
370
    13
100
AcDbMText
 10
2124.770921548663
 20
4149.611865949178
 30
0.0
 40
30.0
 41
0.0
 46
0.0
 71
     5
 72
     1
  1
\A1;∅16
  7
ОФОРМИТЕЛЬ
 73
     1
 44
1.0
  0
SOLID
  5
1BA6
330
A55
100
AcDbEntity
  8
0
440
 16777216
100
AcDbTrace
 10
2079.907426518446
 20
4267.425289968162
 30
0.0
 11
2072.340571355533
 21
4263.934280459733
 31
0.0
 12
2086.597027462275
 22
4242.979219725208
 32
0.0
 13
2086.597027462275
 23
4242.979219725208
 33
0.0
  0
SOLID
  5
1BA7
330
A55
100
AcDbEntity
  8
0
440
 16777216
100
AcDbTrace
 10
2107.556221825211
 20
4207.495797077866
 30
0.0
 11
2099.989366662299
 21
4204.004787569438
 31
0.0
 12
2093.299765718469
 22
4228.45085781239
 32
0.0
 13
2093.299765718469
 23
4228.45085781239
 33
0.0
  0
LINE
  5
1BA8
330
A55
100
AcDbEntity
  8
0
440
 16777216
370
    -2
100
AcDbLine
 10
2089.858396590372
 20
4235.7150387688
 30
0.0
 11
2090.038396590372
 21
4235.7150387688
 31
0.0
  0
LINE
  5
1BA9
330
A55
100
AcDbEntity
  8
0
440
 16777216
370
    -2
100
AcDbLine
 10
2089.948396590372
 20
4235.6250387688
 30
0.0
 11
2089.948396590372
 21
4235.8050387688
 31
0.0
  0
POINT
  5
1BAA
330
A55
100
AcDbEntity
  8
DEFPOINTS
 62
     0
440
 16777216
100
AcDbPoint
 10
2093.299765718469
 20
4228.45085781239
 30
0.0
  0
POINT
  5
1BAB
330
A55
100
AcDbEntity
  8
DEFPOINTS
 62
     0
440
 16777216
100
AcDbPoint
 10
2086.597027462275
 20
4242.979219725208
 30
0.0
  0
ENDBLK
  5
A57
330
A55
100
AcDbEntity
  8
0
100
AcDbBlockEnd
  0
BLOCK
  5
A62
330
A61
100
AcDbEntity
  8
0
100
AcDbBlockBegin
  2
*D14
 70
     1
 10
0.0
 20
0.0
 30
0.0
  3
*D14
  1

  0
LINE
  5
1B9A
330
A61
100
AcDbEntity
  8
0
440
 16777216
370
    -2
100
AcDbLine
 10
669.1993013497101
 20
3289.809638640476
 30
0.0
 11
653.5403255133005
 21
3270.321270936772
 31
0.0
  0
LINE
  5
1B9B
330
A61
100
AcDbEntity
  8
0
440
 16777216
370
    -2
100
AcDbLine
 10
710.5389975578341
 20
3341.258929378255
 30
0.0
 11
726.1979733942437
 21
3360.747297081958
 31
0.0
  0
MTEXT
  5
1B9C
330
A61
100
AcDbEntity
  8
0
440
 16777216
370
    13
100
AcDbMText
 10
735.9689178344064
 20
3389.267215333821
 30
0.0
 40
30.0
 41
0.0
 46
0.0
 71
     5
 72
     1
  1
\A1;∅16
  7
ОФОРМИТЕЛЬ
 73
     1
 44
1.0
  0
SOLID
  5
1B9D
330
A61
100
AcDbEntity
  8
0
440
 16777216
100
AcDbTrace
 10
665.9512400657595
 20
3292.419467946544
 30
0.0
 11
672.4473626336605
 21
3287.199809334407
 31
0.0
 12
684.8582771861197
 22
3309.298006344179
 32
0.0
 13
684.8582771861197
 23
3309.298006344179
 33
0.0
  0
SOLID
  5
1B9E
330
A61
100
AcDbEntity
  8
0
440
 16777216
100
AcDbTrace
 10
707.2909362738831
 20
3343.868758684323
 30
0.0
 11
713.7870588417845
 21
3338.649100072186
 31
0.0
 12
694.8800217214242
 22
3321.770561674552
 32
0.0
 13
694.8800217214242
 23
3321.770561674552
 33
0.0
  0
LINE
  5
1B9F
330
A61
100
AcDbEntity
  8
0
440
 16777216
370
    -2
100
AcDbLine
 10
689.7791494537718
 20
3315.534284009365
 30
0.0
 11
689.9591494537718
 21
3315.534284009365
 31
0.0
  0
LINE
  5
1BA0
330
A61
100
AcDbEntity
  8
0
440
 16777216
370
    -2
100
AcDbLine
 10
689.8691494537716
 20
3315.444284009365
 30
0.0
 11
689.8691494537712
 21
3315.624284009365
 31
0.0
  0
POINT
  5
1BA1
330
A61
100
AcDbEntity
  8
DEFPOINTS
 62
     0
440
 16777216
100
AcDbPoint
 10
694.8800217214242
 20
3321.770561674552
 30
0.0
  0
POINT
  5
1BA2
330
A61
100
AcDbEntity
  8
DEFPOINTS
 62
     0
440
 16777216
100
AcDbPoint
 10
684.8582771861197
 20
3309.298006344179
 30
0.0
  0
ENDBLK
  5
A63
330
A61
100
AcDbEntity
  8
0
100
AcDbBlockEnd
  0
BLOCK
  5
A6E
330
A6D
100
AcDbEntity
  8
0
100
AcDbBlockBegin
  2
*D15
 70
     1
 10
0.0
 20
0.0
 30
0.0
  3
*D15
  1

  0
LINE
  5
1B90
330
A6D
100
AcDbEntity
  8
0
440
 16777216
370
    -2
100
AcDbLine
 10
4732.403571559415
 20
4357.081229490344
 30
0.0
 11
4862.28629078746
 21
4357.081229490344
 31
0.0
  0
LINE
  5
1B91
330
A6D
100
AcDbEntity
  8
0
440
 16777216
370
    -2
100
AcDbLine
 10
4732.403571559415
 20
3157.081229490345
 30
0.0
 11
4862.28629078746
 21
3157.081229490345
 31
0.0
  0
LINE
  5
1B92
330
A6D
100
AcDbEntity
  8
0
440
 16777216
370
    -2
100
AcDbLine
 10
4852.286290787461
 20
4332.081229490344
 30
0.0
 11
4852.286290787461
 21
3777.081229490344
 31
0.0
  0
LINE
  5
1B93
330
A6D
100
AcDbEntity
  8
0
440
 16777216
370
    -2
100
AcDbLine
 10
4852.286290787461
 20
3182.081229490345
 30
0.0
 11
4852.286290787461
 21
3737.081229490345
 31
0.0
  0
SOLID
  5
1B94
330
A6D
100
AcDbEntity
  8
0
440
 16777216
100
AcDbTrace
 10
4848.119624120794
 20
4332.081229490344
 30
0.0
 11
4856.452957454127
 21
4332.081229490344
 31
0.0
 12
4852.286290787461
 22
4357.081229490344
 32
0.0
 13
4852.286290787461
 23
4357.081229490344
 33
0.0
  0
SOLID
  5
1B95
330
A6D
100
AcDbEntity
  8
0
440
 16777216
100
AcDbTrace
 10
4848.119624120794
 20
3182.081229490345
 30
0.0
 11
4856.452957454127
 21
3182.081229490345
 31
0.0
 12
4852.286290787461
 22
3157.081229490345
 32
0.0
 13
4852.286290787461
 23
3157.081229490345
 33
0.0
  0
MTEXT
  5
1B96
330
A6D
100
AcDbEntity
  8
0
440
 16777216
370
    13
100
AcDbMText
 10
4852.286290787461
 20
3757.081229490345
 30
0.0
 40
30.0
 41
0.0
 46
0.0
 71
     5
 72
     1
  1
\A1;1200
  7
ОФОРМИТЕЛЬ
 73
     1
 44
1.0
  0
POINT
  5
1B97
330
A6D
100
AcDbEntity
  8
DEFPOINTS
 62
     0
440
 16777216
100
AcDbPoint
 10
4722.403571559415
 20
4357.081229490344
 30
0.0
  0
POINT
  5
1B98
330
A6D
100
AcDbEntity
  8
DEFPOINTS
 62
     0
440
 16777216
100
AcDbPoint
 10
4722.403571559415
 20
3157.081229490345
 30
0.0
  0
POINT
  5
1B99
330
A6D
100
AcDbEntity
  8
DEFPOINTS
 62
     0
440
 16777216
100
AcDbPoint
 10
4852.286290787461
 20
3157.081229490345
 30
0.0
  0
ENDBLK
  5
A6F
330
A6D
100
AcDbEntity
  8
0
100
AcDbBlockEnd
  0
BLOCK
  5
A7B
330
A7A
100
AcDbEntity
  8
0
100
AcDbBlockBegin
  2
*D16
 70
     1
 10
0.0
 20
0.0
 30
0.0
  3
*D16
  1

  0
LINE
  5
1B86
330
A7A
100
AcDbEntity
  8
0
440
 16777216
370
    -2
100
AcDbLine
 10
2922.403571559418
 20
4087.081229490344
 30
0.0
 11
2922.403571559418
 21
4531.958987072576
 31
0.0
  0
LINE
  5
1B87
330
A7A
100
AcDbEntity
  8
0
440
 16777216
370
    -2
100
AcDbLine
 10
4722.403571559415
 20
4367.081229490344
 30
0.0
 11
4722.403571559415
 21
4531.958987072576
 31
0.0
  0
LINE
  5
1B88
330
A7A
100
AcDbEntity
  8
0
440
 16777216
370
    -2
100
AcDbLine
 10
2947.403571559418
 20
4521.958987072577
 30
0.0
 11
3772.403571559416
 21
4521.958987072577
 31
0.0
  0
LINE
  5
1B89
330
A7A
100
AcDbEntity
  8
0
440
 16777216
370
    -2
100
AcDbLine
 10
4697.403571559415
 20
4521.958987072577
 30
0.0
 11
3872.403571559416
 21
4521.958987072577
 31
0.0
  0
SOLID
  5
1B8A
330
A7A
100
AcDbEntity
  8
0
440
 16777216
100
AcDbTrace
 10
2947.403571559418
 20
4526.125653739241
 30
0.0
 11
2947.403571559418
 21
4517.792320405908
 31
0.0
 12
2922.403571559418
 22
4521.958987072577
 32
0.0
 13
2922.403571559418
 23
4521.958987072577
 33
0.0
  0
SOLID
  5
1B8B
330
A7A
100
AcDbEntity
  8
0
440
 16777216
100
AcDbTrace
 10
4697.403571559415
 20
4526.125653739241
 30
0.0
 11
4697.403571559415
 21
4517.792320405908
 31
0.0
 12
4722.403571559415
 22
4521.958987072577
 32
0.0
 13
4722.403571559415
 23
4521.958987072577
 33
0.0
  0
MTEXT
  5
1B8C
330
A7A
100
AcDbEntity
  8
0
440
 16777216
370
    13
100
AcDbMText
 10
3822.403571559416
 20
4521.958987072577
 30
0.0
 40
30.0
 41
0.0
 46
0.0
 71
     5
 72
     1
  1
\A1;1800
  7
ОФОРМИТЕЛЬ
 73
     1
 44
1.0
  0
POINT
  5
1B8D
330
A7A
100
AcDbEntity
  8
DEFPOINTS
 62
     0
440
 16777216
100
AcDbPoint
 10
2922.403571559418
 20
4077.081229490344
 30
0.0
  0
POINT
  5
1B8E
330
A7A
100
AcDbEntity
  8
DEFPOINTS
 62
     0
440
 16777216
100
AcDbPoint
 10
4722.403571559415
 20
4357.081229490344
 30
0.0
  0
POINT
  5
1B8F
330
A7A
100
AcDbEntity
  8
DEFPOINTS
 62
     0
440
 16777216
100
AcDbPoint
 10
4722.403571559415
 20
4521.958987072577
 30
0.0
  0
ENDBLK
  5
A7C
330
A7A
100
AcDbEntity
  8
0
100
AcDbBlockEnd
  0
BLOCK
  5
A88
330
A87
100
AcDbEntity
  8
0
100
AcDbBlockBegin
  2
*D17
 70
     1
 10
0.0
 20
0.0
 30
0.0
  3
*D17
  1

  0
LINE
  5
1B7C
330
A87
100
AcDbEntity
  8
0
440
 16777216
370
    -2
100
AcDbLine
 10
4522.403571559415
 20
4287.081229490344
 30
0.0
 11
4522.403571559415
 21
4432.044449511042
 31
0.0
  0
LINE
  5
1B7D
330
A87
100
AcDbEntity
  8
0
440
 16777216
370
    -2
100
AcDbLine
 10
4722.403571559415
 20
4367.081229490344
 30
0.0
 11
4722.403571559415
 21
4432.044449511042
 31
0.0
  0
LINE
  5
1B7E
330
A87
100
AcDbEntity
  8
0
440
 16777216
370
    -2
100
AcDbLine
 10
4547.403571559415
 20
4422.044449511041
 30
0.0
 11
4582.403571559416
 21
4422.044449511041
 31
0.0
  0
LINE
  5
1B7F
330
A87
100
AcDbEntity
  8
0
440
 16777216
370
    -2
100
AcDbLine
 10
4697.403571559415
 20
4422.044449511041
 30
0.0
 11
4662.403571559415
 21
4422.044449511041
 31
0.0
  0
SOLID
  5
1B80
330
A87
100
AcDbEntity
  8
0
440
 16777216
100
AcDbTrace
 10
4547.403571559415
 20
4426.211116177708
 30
0.0
 11
4547.403571559415
 21
4417.877782844375
 31
0.0
 12
4522.403571559415
 22
4422.044449511041
 32
0.0
 13
4522.403571559415
 23
4422.044449511041
 33
0.0
  0
SOLID
  5
1B81
330
A87
100
AcDbEntity
  8
0
440
 16777216
100
AcDbTrace
 10
4697.403571559415
 20
4426.211116177708
 30
0.0
 11
4697.403571559415
 21
4417.877782844375
 31
0.0
 12
4722.403571559415
 22
4422.044449511041
 32
0.0
 13
4722.403571559415
 23
4422.044449511041
 33
0.0
  0
MTEXT
  5
1B82
330
A87
100
AcDbEntity
  8
0
440
 16777216
370
    13
100
AcDbMText
 10
4622.403571559416
 20
4422.044449511041
 30
0.0
 40
30.0
 41
0.0
 46
0.0
 71
     5
 72
     1
  1
\A1;200
  7
ОФОРМИТЕЛЬ
 73
     1
 44
1.0
  0
POINT
  5
1B83
330
A87
100
AcDbEntity
  8
DEFPOINTS
 62
     0
440
 16777216
100
AcDbPoint
 10
4522.403571559415
 20
4277.081229490344
 30
0.0
  0
POINT
  5
1B84
330
A87
100
AcDbEntity
  8
DEFPOINTS
 62
     0
440
 16777216
100
AcDbPoint
 10
4722.403571559415
 20
4357.081229490344
 30
0.0
  0
POINT
  5
1B85
330
A87
100
AcDbEntity
  8
DEFPOINTS
 62
     0
440
 16777216
100
AcDbPoint
 10
4722.403571559415
 20
4422.044449511041
 30
0.0
  0
ENDBLK
  5
A89
330
A87
100
AcDbEntity
  8
0
100
AcDbBlockEnd
  0
BLOCK
  5
A95
330
A94
100
AcDbEntity
  8
0
100
AcDbBlockBegin
  2
*D18
 70
     1
 10
0.0
 20
0.0
 30
0.0
  3
*D18
  1

  0
LINE
  5
1B72
330
A94
100
AcDbEntity
  8
0
440
 16777216
370
    -2
100
AcDbLine
 10
3822.403571559416
 20
4287.081229490344
 30
0.0
 11
3822.403571559416
 21
4432.044449511042
 31
0.0
  0
LINE
  5
1B73
330
A94
100
AcDbEntity
  8
0
440
 16777216
370
    -2
100
AcDbLine
 10
4522.403571559415
 20
4287.081229490344
 30
0.0
 11
4522.403571559415
 21
4432.044449511042
 31
0.0
  0
LINE
  5
1B74
330
A94
100
AcDbEntity
  8
0
440
 16777216
370
    -2
100
AcDbLine
 10
3847.403571559416
 20
4422.044449511041
 30
0.0
 11
4132.403571559415
 21
4422.044449511041
 31
0.0
  0
LINE
  5
1B75
330
A94
100
AcDbEntity
  8
0
440
 16777216
370
    -2
100
AcDbLine
 10
4497.403571559416
 20
4422.044449511041
 30
0.0
 11
4212.403571559415
 21
4422.044449511041
 31
0.0
  0
SOLID
  5
1B76
330
A94
100
AcDbEntity
  8
0
440
 16777216
100
AcDbTrace
 10
3847.403571559416
 20
4426.211116177708
 30
0.0
 11
3847.403571559416
 21
4417.877782844375
 31
0.0
 12
3822.403571559416
 22
4422.044449511041
 32
0.0
 13
3822.403571559416
 23
4422.044449511041
 33
0.0
  0
SOLID
  5
1B77
330
A94
100
AcDbEntity
  8
0
440
 16777216
100
AcDbTrace
 10
4497.403571559416
 20
4426.211116177708
 30
0.0
 11
4497.403571559416
 21
4417.877782844375
 31
0.0
 12
4522.403571559415
 22
4422.044449511041
 32
0.0
 13
4522.403571559415
 23
4422.044449511041
 33
0.0
  0
MTEXT
  5
1B78
330
A94
100
AcDbEntity
  8
0
440
 16777216
370
    13
100
AcDbMText
 10
4172.403571559415
 20
4422.044449511041
 30
0.0
 40
30.0
 41
0.0
 46
0.0
 71
     5
 72
     1
  1
\A1;700
  7
ОФОРМИТЕЛЬ
 73
     1
 44
1.0
  0
POINT
  5
1B79
330
A94
100
AcDbEntity
  8
DEFPOINTS
 62
     0
440
 16777216
100
AcDbPoint
 10
3822.403571559416
 20
4277.081229490344
 30
0.0
  0
POINT
  5
1B7A
330
A94
100
AcDbEntity
  8
DEFPOINTS
 62
     0
440
 16777216
100
AcDbPoint
 10
4522.403571559415
 20
4277.081229490344
 30
0.0
  0
POINT
  5
1B7B
330
A94
100
AcDbEntity
  8
DEFPOINTS
 62
     0
440
 16777216
100
AcDbPoint
 10
4522.403571559415
 20
4422.044449511041
 30
0.0
  0
ENDBLK
  5
A96
330
A94
100
AcDbEntity
  8
0
100
AcDbBlockEnd
  0
BLOCK
  5
AA2
330
AA1
100
AcDbEntity
  8
0
100
AcDbBlockBegin
  2
*D19
 70
     1
 10
0.0
 20
0.0
 30
0.0
  3
*D19
  1

  0
LINE
  5
1B69
330
AA1
100
AcDbEntity
  8
0
440
 16777216
370
    -2
100
AcDbLine
 10
3115.403571559417
 20
4277.081229490344
 30
0.0
 11
2998.633219993974
 21
4277.081229490344
 31
0.0
  0
LINE
  5
1B6A
330
AA1
100
AcDbEntity
  8
0
440
 16777216
370
    -2
100
AcDbLine
 10
3092.403571559418
 20
4357.081229490344
 30
0.0
 11
2998.633219993974
 21
4357.081229490344
 31
0.0
  0
LINE
  5
1B6B
330
AA1
100
AcDbEntity
  8
0
440
 16777216
370
    -2
100
AcDbLine
 10
3008.633219993973
 20
4302.081229490344
 30
0.0
 11
3008.633219993973
 21
4332.081229490344
 31
0.0
  0
MTEXT
  5
1B6C
330
AA1
100
AcDbEntity
  8
0
440
 16777216
370
    13
100
AcDbMText
 10
2966.133219993973
 20
4317.081229490344
 30
0.0
 40
30.0
 41
0.0
 46
0.0
 71
     5
 72
     1
  1
\A1;80
  7
ОФОРМИТЕЛЬ
 73
     1
 44
1.0
  0
SOLID
  5
1B6D
330
AA1
100
AcDbEntity
  8
0
440
 16777216
100
AcDbTrace
 10
3004.466553327308
 20
4302.081229490344
 30
0.0
 11
3012.799886660639
 21
4302.081229490344
 31
0.0
 12
3008.633219993973
 22
4277.081229490344
 32
0.0
 13
3008.633219993973
 23
4277.081229490344
 33
0.0
  0
SOLID
  5
1B6E
330
AA1
100
AcDbEntity
  8
0
440
 16777216
100
AcDbTrace
 10
3004.466553327308
 20
4332.081229490344
 30
0.0
 11
3012.799886660639
 21
4332.081229490344
 31
0.0
 12
3008.633219993973
 22
4357.081229490344
 32
0.0
 13
3008.633219993973
 23
4357.081229490344
 33
0.0
  0
POINT
  5
1B6F
330
AA1
100
AcDbEntity
  8
DEFPOINTS
 62
     0
440
 16777216
100
AcDbPoint
 10
3125.403571559417
 20
4277.081229490344
 30
0.0
  0
POINT
  5
1B70
330
AA1
100
AcDbEntity
  8
DEFPOINTS
 62
     0
440
 16777216
100
AcDbPoint
 10
3102.403571559416
 20
4357.081229490344
 30
0.0
  0
POINT
  5
1B71
330
AA1
100
AcDbEntity
  8
DEFPOINTS
 62
     0
440
 16777216
100
AcDbPoint
 10
3008.633219993973
 20
4357.081229490344
 30
0.0
  0
ENDBLK
  5
AA3
330
AA1
100
AcDbEntity
  8
0
100
AcDbBlockEnd
  0
BLOCK
  5
AAE
330
AAD
100
AcDbEntity
  8
0
100
AcDbBlockBegin
  2
*D20
 70
     1
 10
0.0
 20
0.0
 30
0.0
  3
*D20
  1

  0
LINE
  5
1B5F
330
AAD
100
AcDbEntity
  8
0
440
 16777216
370
    -2
100
AcDbLine
 10
3125.403571559417
 20
4267.081229490344
 30
0.0
 11
3125.403571559417
 21
4214.413260465749
 31
0.0
  0
LINE
  5
1B60
330
AAD
100
AcDbEntity
  8
0
440
 16777216
370
    -2
100
AcDbLine
 10
3102.403571559416
 20
4277.081229490344
 30
0.0
 11
3102.403571559416
 21
4214.413260465749
 31
0.0
  0
LINE
  5
1B61
330
AAD
100
AcDbEntity
  8
0
440
 16777216
370
    -2
100
AcDbLine
 10
3150.403571559416
 20
4224.41326046575
 30
0.0
 11
3175.403571559416
 21
4224.41326046575
 31
0.0
  0
LINE
  5
1B62
330
AAD
100
AcDbEntity
  8
0
440
 16777216
370
    -2
100
AcDbLine
 10
3077.403571559417
 20
4224.41326046575
 30
0.0
 11
3052.403571559417
 21
4224.41326046575
 31
0.0
  0
MTEXT
  5
1B63
330
AAD
100
AcDbEntity
  8
0
440
 16777216
370
    13
100
AcDbMText
 10
3134.43287791854
 20
4191.55504621929
 30
0.0
 40
30.0
 41
0.0
 46
0.0
 71
     5
 72
     1
  1
\A1;23
  7
ОФОРМИТЕЛЬ
 73
     1
 44
1.0
  0
SOLID
  5
1B64
330
AAD
100
AcDbEntity
  8
0
440
 16777216
100
AcDbTrace
 10
3150.403571559416
 20
4228.579927132416
 30
0.0
 11
3150.403571559416
 21
4220.246593799083
 31
0.0
 12
3125.403571559417
 22
4224.41326046575
 32
0.0
 13
3125.403571559417
 23
4224.41326046575
 33
0.0
  0
SOLID
  5
1B65
330
AAD
100
AcDbEntity
  8
0
440
 16777216
100
AcDbTrace
 10
3077.403571559417
 20
4228.579927132416
 30
0.0
 11
3077.403571559417
 21
4220.246593799083
 31
0.0
 12
3102.403571559416
 22
4224.41326046575
 32
0.0
 13
3102.403571559416
 23
4224.41326046575
 33
0.0
  0
POINT
  5
1B66
330
AAD
100
AcDbEntity
  8
DEFPOINTS
 62
     0
440
 16777216
100
AcDbPoint
 10
3125.403571559417
 20
4277.081229490344
 30
0.0
  0
POINT
  5
1B67
330
AAD
100
AcDbEntity
  8
DEFPOINTS
 62
     0
440
 16777216
100
AcDbPoint
 10
3102.403571559416
 20
4287.081229490344
 30
0.0
  0
POINT
  5
1B68
330
AAD
100
AcDbEntity
  8
DEFPOINTS
 62
     0
440
 16777216
100
AcDbPoint
 10
3102.403571559416
 20
4224.41326046575
 30
0.0
  0
ENDBLK
  5
AAF
330
AAD
100
AcDbEntity
  8
0
100
AcDbBlockEnd
  0
BLOCK
  5
ABB
330
ABA
100
AcDbEntity
  8
0
100
AcDbBlockBegin
  2
*D21
 70
     1
 10
0.0
 20
0.0
 30
0.0
  3
*D21
  1

  0
LINE
  5
1B58
330
ABA
100
AcDbEntity
  8
0
440
 16777216
370
    -2
100
AcDbLine
 10
3158.950985009172
 20
4287.05975898342
 30
0.0
 11
3182.913423187441
 21
4294.187280049865
 31
0.0
  0
MTEXT
  5
1B59
330
ABA
100
AcDbEntity
  8
0
440
 16777216
370
    13
100
AcDbMText
 10
3238.612820039339
 20
4287.269971740315
 30
0.0
 40
30.0
 41
0.0
 46
0.0
 71
     5
 72
     1
  1
\A1;R10
  7
ОФОРМИТЕЛЬ
 73
     1
 44
1.0
  0
SOLID
  5
1B5A
330
ABA
100
AcDbEntity
  8
0
440
 16777216
100
AcDbTrace
 10
3157.763064831431
 20
4291.053498679798
 30
0.0
 11
3160.138905186913
 21
4283.066019287042
 31
0.0
 12
3134.988546830902
 22
4279.932237916975
 32
0.0
 13
3134.988546830902
 23
4279.932237916975
 33
0.0
  0
LINE
  5
1B5B
330
ABA
100
AcDbEntity
  8
0
440
 16777216
370
    -2
100
AcDbLine
 10
3125.313571559417
 20
4277.081229490344
 30
0.0
 11
3125.493571559417
 21
4277.081229490344
 31
0.0
  0
LINE
  5
1B5C
330
ABA
100
AcDbEntity
  8
0
440
 16777216
370
    -2
100
AcDbLine
 10
3125.403571559417
 20
4276.991229490344
 30
0.0
 11
3125.403571559417
 21
4277.171229490345
 31
0.0
  0
POINT
  5
1B5D
330
ABA
100
AcDbEntity
  8
DEFPOINTS
 62
     0
440
 16777216
100
AcDbPoint
 10
3134.988546830902
 20
4279.932237916975
 30
0.0
  0
POINT
  5
1B5E
330
ABA
100
AcDbEntity
  8
DEFPOINTS
 62
     0
440
 16777216
100
AcDbPoint
 10
3125.403571559417
 20
4277.081229490344
 30
0.0
  0
ENDBLK
  5
ABC
330
ABA
100
AcDbEntity
  8
0
100
AcDbBlockEnd
  0
BLOCK
  5
AC5
330
AC4
100
AcDbEntity
  8
0
100
AcDbBlockBegin
  2
*D22
 70
     1
 10
0.0
 20
0.0
 30
0.0
  3
*D22
  1

  0
LINE
  5
1B4E
330
AC4
100
AcDbEntity
  8
0
440
 16777216
370
    -2
100
AcDbLine
 10
3092.403571559418
 20
4357.081229490344
 30
0.0
 11
2811.299042002133
 21
4357.081229490344
 31
0.0
  0
LINE
  5
1B4F
330
AC4
100
AcDbEntity
  8
0
440
 16777216
370
    -2
100
AcDbLine
 10
2912.403571559416
 20
4077.081229490344
 30
0.0
 11
2811.299042002133
 21
4077.081229490344
 31
0.0
  0
LINE
  5
1B50
330
AC4
100
AcDbEntity
  8
0
440
 16777216
370
    -2
100
AcDbLine
 10
2821.299042002133
 20
4332.081229490344
 30
0.0
 11
2821.299042002133
 21
4237.081229490342
 31
0.0
  0
LINE
  5
1B51
330
AC4
100
AcDbEntity
  8
0
440
 16777216
370
    -2
100
AcDbLine
 10
2821.299042002133
 20
4102.081229490344
 30
0.0
 11
2821.299042002133
 21
4197.081229490343
 31
0.0
  0
SOLID
  5
1B52
330
AC4
100
AcDbEntity
  8
0
440
 16777216
100
AcDbTrace
 10
2817.132375335466
 20
4332.081229490344
 30
0.0
 11
2825.465708668799
 21
4332.081229490344
 31
0.0
 12
2821.299042002133
 22
4357.081229490344
 32
0.0
 13
2821.299042002133
 23
4357.081229490344
 33
0.0
  0
SOLID
  5
1B53
330
AC4
100
AcDbEntity
  8
0
440
 16777216
100
AcDbTrace
 10
2817.132375335466
 20
4102.081229490344
 30
0.0
 11
2825.465708668799
 21
4102.081229490344
 31
0.0
 12
2821.299042002133
 22
4077.081229490344
 32
0.0
 13
2821.299042002133
 23
4077.081229490344
 33
0.0
  0
MTEXT
  5
1B54
330
AC4
100
AcDbEntity
  8
0
440
 16777216
370
    13
100
AcDbMText
 10
2821.299042002132
 20
4217.081229490344
 30
0.0
 40
30.0
 41
0.0
 46
0.0
 71
     5
 72
     1
  1
\A1;280
  7
ОФОРМИТЕЛЬ
 73
     1
 44
1.0
  0
POINT
  5
1B55
330
AC4
100
AcDbEntity
  8
DEFPOINTS
 62
     0
440
 16777216
100
AcDbPoint
 10
3102.403571559416
 20
4357.081229490344
 30
0.0
  0
POINT
  5
1B56
330
AC4
100
AcDbEntity
  8
DEFPOINTS
 62
     0
440
 16777216
100
AcDbPoint
 10
2922.403571559418
 20
4077.081229490344
 30
0.0
  0
POINT
  5
1B57
330
AC4
100
AcDbEntity
  8
DEFPOINTS
 62
     0
440
 16777216
100
AcDbPoint
 10
2821.299042002133
 20
4077.081229490344
 30
0.0
  0
ENDBLK
  5
AC6
330
AC4
100
AcDbEntity
  8
0
100
AcDbBlockEnd
  0
BLOCK
  5
AD2
330
AD1
100
AcDbEntity
  8
0
100
AcDbBlockBegin
  2
*D23
 70
     1
 10
0.0
 20
0.0
 30
0.0
  3
*D23
  1

  0
LINE
  5
1B44
330
AD1
100
AcDbEntity
  8
0
440
 16777216
370
    -2
100
AcDbLine
 10
3102.403571559416
 20
4367.081229490344
 30
0.0
 11
3102.403571559416
 21
4448.409387369844
 31
0.0
  0
LINE
  5
1B45
330
AD1
100
AcDbEntity
  8
0
440
 16777216
370
    -2
100
AcDbLine
 10
2922.403571559418
 20
4087.081229490344
 30
0.0
 11
2922.403571559418
 21
4448.409387369844
 31
0.0
  0
LINE
  5
1B46
330
AD1
100
AcDbEntity
  8
0
440
 16777216
370
    -2
100
AcDbLine
 10
3077.403571559417
 20
4438.409387369843
 30
0.0
 11
3049.903571559418
 21
4438.409387369843
 31
0.0
  0
LINE
  5
1B47
330
AD1
100
AcDbEntity
  8
0
440
 16777216
370
    -2
100
AcDbLine
 10
2947.403571559418
 20
4438.409387369843
 30
0.0
 11
2974.903571559416
 21
4438.409387369843
 31
0.0
  0
SOLID
  5
1B48
330
AD1
100
AcDbEntity
  8
0
440
 16777216
100
AcDbTrace
 10
3077.403571559417
 20
4442.576054036511
 30
0.0
 11
3077.403571559417
 21
4434.242720703177
 31
0.0
 12
3102.403571559416
 22
4438.409387369843
 32
0.0
 13
3102.403571559416
 23
4438.409387369843
 33
0.0
  0
SOLID
  5
1B49
330
AD1
100
AcDbEntity
  8
0
440
 16777216
100
AcDbTrace
 10
2947.403571559418
 20
4442.576054036511
 30
0.0
 11
2947.403571559418
 21
4434.242720703177
 31
0.0
 12
2922.403571559418
 22
4438.409387369843
 32
0.0
 13
2922.403571559418
 23
4438.409387369843
 33
0.0
  0
MTEXT
  5
1B4A
330
AD1
100
AcDbEntity
  8
0
440
 16777216
370
    13
100
AcDbMText
 10
3012.403571559417
 20
4438.409387369843
 30
0.0
 40
30.0
 41
0.0
 46
0.0
 71
     5
 72
     1
  1
\A1;180
  7
ОФОРМИТЕЛЬ
 73
     1
 44
1.0
  0
POINT
  5
1B4B
330
AD1
100
AcDbEntity
  8
DEFPOINTS
 62
     0
440
 16777216
100
AcDbPoint
 10
3102.403571559416
 20
4357.081229490344
 30
0.0
  0
POINT
  5
1B4C
330
AD1
100
AcDbEntity
  8
DEFPOINTS
 62
     0
440
 16777216
100
AcDbPoint
 10
2922.403571559418
 20
4077.081229490344
 30
0.0
  0
POINT
  5
1B4D
330
AD1
100
AcDbEntity
  8
DEFPOINTS
 62
     0
440
 16777216
100
AcDbPoint
 10
2922.403571559418
 20
4438.409387369843
 30
0.0
  0
ENDBLK
  5
AD3
330
AD1
100
AcDbEntity
  8
0
100
AcDbBlockEnd
  0
BLOCK
  5
ADF
330
ADE
100
AcDbEntity
  8
0
100
AcDbBlockBegin
  2
*D24
 70
     1
 10
0.0
 20
0.0
 30
0.0
  3
*D24
  1

  0
LINE
  5
1B3D
330
ADE
100
AcDbEntity
  8
0
440
 16777216
370
    -2
100
AcDbLine
 10
3109.152156252025
 20
4056.378503927997
 30
0.0
 11
3121.115431032464
 21
4034.426737335586
 31
0.0
  0
MTEXT
  5
1B3E
330
ADE
100
AcDbEntity
  8
0
440
 16777216
370
    13
100
AcDbMText
 10
3129.504779863938
 20
4010.795047411259
 30
0.0
 40
30.0
 41
0.0
 46
0.0
 71
     5
 72
     1
  1
\A1;R10
  7
ОФОРМИТЕЛЬ
 73
     1
 44
1.0
  0
SOLID
  5
1B3F
330
ADE
100
AcDbEntity
  8
0
440
 16777216
100
AcDbTrace
 10
3112.810784017428
 20
4058.37238305807
 30
0.0
 11
3105.493528486624
 21
4054.384624797925
 31
0.0
 12
3097.188881471588
 22
4078.330270520409
 32
0.0
 13
3097.188881471588
 23
4078.330270520409
 33
0.0
  0
LINE
  5
1B40
330
ADE
100
AcDbEntity
  8
0
440
 16777216
370
    -2
100
AcDbLine
 10
3092.313571559416
 20
4087.110977157365
 30
0.0
 11
3092.493571559417
 21
4087.110977157365
 31
0.0
  0
LINE
  5
1B41
330
ADE
100
AcDbEntity
  8
0
440
 16777216
370
    -2
100
AcDbLine
 10
3092.403571559416
 20
4087.020977157366
 30
0.0
 11
3092.403571559418
 21
4087.200977157365
 31
0.0
  0
POINT
  5
1B42
330
ADE
100
AcDbEntity
  8
DEFPOINTS
 62
     0
440
 16777216
100
AcDbPoint
 10
3097.188881471588
 20
4078.330270520409
 30
0.0
  0
POINT
  5
1B43
330
ADE
100
AcDbEntity
  8
DEFPOINTS
 62
     0
440
 16777216
100
AcDbPoint
 10
3092.403571559416
 20
4087.110977157365
 30
0.0
  0
ENDBLK
  5
AE0
330
ADE
100
AcDbEntity
  8
0
100
AcDbBlockEnd
  0
BLOCK
  5
AE9
330
AE8
100
AcDbEntity
  8
0
100
AcDbBlockBegin
  2
*D25
 70
     1
 10
0.0
 20
0.0
 30
0.0
  3
*D25
  1

  0
LINE
  5
1B34
330
AE8
100
AcDbEntity
  8
0
440
 16777216
370
    -2
100
AcDbLine
 10
3832.403571559416
 20
4277.081229490344
 30
0.0
 11
4791.793071815113
 21
4277.081229490344
 31
0.0
  0
LINE
  5
1B35
330
AE8
100
AcDbEntity
  8
0
440
 16777216
370
    -2
100
AcDbLine
 10
4732.403571559415
 20
4357.081229490344
 30
0.0
 11
4791.793071815113
 21
4357.081229490344
 31
0.0
  0
LINE
  5
1B36
330
AE8
100
AcDbEntity
  8
0
440
 16777216
370
    -2
100
AcDbLine
 10
4781.793071815113
 20
4302.081229490344
 30
0.0
 11
4781.793071815113
 21
4332.081229490344
 31
0.0
  0
MTEXT
  5
1B37
330
AE8
100
AcDbEntity
  8
0
440
 16777216
370
    13
100
AcDbMText
 10
4854.293071815112
 20
4317.081229490344
 30
0.0
 40
30.0
 41
0.0
 46
0.0
 71
     5
 72
     1
  1
\A1;80
  7
ОФОРМИТЕЛЬ
 73
     1
 44
1.0
  0
SOLID
  5
1B38
330
AE8
100
AcDbEntity
  8
0
440
 16777216
100
AcDbTrace
 10
4777.626405148446
 20
4302.081229490344
 30
0.0
 11
4785.959738481778
 21
4302.081229490344
 31
0.0
 12
4781.793071815113
 22
4277.081229490344
 32
0.0
 13
4781.793071815113
 23
4277.081229490344
 33
0.0
  0
SOLID
  5
1B39
330
AE8
100
AcDbEntity
  8
0
440
 16777216
100
AcDbTrace
 10
4777.626405148446
 20
4332.081229490344
 30
0.0
 11
4785.959738481778
 21
4332.081229490344
 31
0.0
 12
4781.793071815113
 22
4357.081229490344
 32
0.0
 13
4781.793071815113
 23
4357.081229490344
 33
0.0
  0
POINT
  5
1B3A
330
AE8
100
AcDbEntity
  8
DEFPOINTS
 62
     0
440
 16777216
100
AcDbPoint
 10
3822.403571559416
 20
4277.081229490344
 30
0.0
  0
POINT
  5
1B3B
330
AE8
100
AcDbEntity
  8
DEFPOINTS
 62
     0
440
 16777216
100
AcDbPoint
 10
4722.403571559415
 20
4357.081229490344
 30
0.0
  0
POINT
  5
1B3C
330
AE8
100
AcDbEntity
  8
DEFPOINTS
 62
     0
440
 16777216
100
AcDbPoint
 10
4781.793071815113
 20
4357.081229490344
 30
0.0
  0
ENDBLK
  5
AEA
330
AE8
100
AcDbEntity
  8
0
100
AcDbBlockEnd
  0
BLOCK
  5
AF5
330
AF4
100
AcDbEntity
  8
0
100
AcDbBlockBegin
  2
*D26
 70
     1
 10
0.0
 20
0.0
 30
0.0
  3
*D26
  1

  0
LINE
  5
1B2A
330
AF4
100
AcDbEntity
  8
0
440
 16777216
370
    -2
100
AcDbLine
 10
2922.403571559418
 20
3147.081229490345
 30
0.0
 11
2922.403571559418
 21
3065.577184969968
 31
0.0
  0
LINE
  5
1B2B
330
AF4
100
AcDbEntity
  8
0
440
 16777216
370
    -2
100
AcDbLine
 10
3122.403571559417
 20
3347.081229490345
 30
0.0
 11
3122.403571559417
 21
3065.577184969968
 31
0.0
  0
LINE
  5
1B2C
330
AF4
100
AcDbEntity
  8
0
440
 16777216
370
    -2
100
AcDbLine
 10
2947.403571559418
 20
3075.577184969967
 30
0.0
 11
2982.403571559416
 21
3075.577184969967
 31
0.0
  0
LINE
  5
1B2D
330
AF4
100
AcDbEntity
  8
0
440
 16777216
370
    -2
100
AcDbLine
 10
3097.403571559417
 20
3075.577184969967
 30
0.0
 11
3062.403571559416
 21
3075.577184969967
 31
0.0
  0
SOLID
  5
1B2E
330
AF4
100
AcDbEntity
  8
0
440
 16777216
100
AcDbTrace
 10
2947.403571559418
 20
3079.743851636634
 30
0.0
 11
2947.403571559418
 21
3071.4105183033
 31
0.0
 12
2922.403571559418
 22
3075.577184969967
 32
0.0
 13
2922.403571559418
 23
3075.577184969967
 33
0.0
  0
SOLID
  5
1B2F
330
AF4
100
AcDbEntity
  8
0
440
 16777216
100
AcDbTrace
 10
3097.403571559417
 20
3079.743851636634
 30
0.0
 11
3097.403571559417
 21
3071.4105183033
 31
0.0
 12
3122.403571559417
 22
3075.577184969967
 32
0.0
 13
3122.403571559417
 23
3075.577184969967
 33
0.0
  0
MTEXT
  5
1B30
330
AF4
100
AcDbEntity
  8
0
440
 16777216
370
    13
100
AcDbMText
 10
3022.403571559417
 20
3075.577184969967
 30
0.0
 40
30.0
 41
0.0
 46
0.0
 71
     5
 72
     1
  1
\A1;200
  7
ОФОРМИТЕЛЬ
 73
     1
 44
1.0
  0
POINT
  5
1B31
330
AF4
100
AcDbEntity
  8
DEFPOINTS
 62
     0
440
 16777216
100
AcDbPoint
 10
2922.403571559418
 20
3157.081229490345
 30
0.0
  0
POINT
  5
1B32
330
AF4
100
AcDbEntity
  8
DEFPOINTS
 62
     0
440
 16777216
100
AcDbPoint
 10
3122.403571559417
 20
3357.081229490345
 30
0.0
  0
POINT
  5
1B33
330
AF4
100
AcDbEntity
  8
DEFPOINTS
 62
     0
440
 16777216
100
AcDbPoint
 10
3122.403571559417
 20
3075.577184969967
 30
0.0
  0
ENDBLK
  5
AF6
330
AF4
100
AcDbEntity
  8
0
100
AcDbBlockEnd
  0
BLOCK
  5
B02
330
B01
100
AcDbEntity
  8
0
100
AcDbBlockBegin
  2
*D27
 70
     1
 10
0.0
 20
0.0
 30
0.0
  3
*D27
  1

  0
LINE
  5
1B20
330
B01
100
AcDbEntity
  8
0
440
 16777216
370
    -2
100
AcDbLine
 10
3122.403571559417
 20
3347.081229490345
 30
0.0
 11
3122.403571559417
 21
3063.493851636625
 31
0.0
  0
LINE
  5
1B21
330
B01
100
AcDbEntity
  8
0
440
 16777216
370
    -2
100
AcDbLine
 10
3822.403571559416
 20
3347.081229490345
 30
0.0
 11
3822.403571559416
 21
3063.493851636625
 31
0.0
  0
LINE
  5
1B22
330
B01
100
AcDbEntity
  8
0
440
 16777216
370
    -2
100
AcDbLine
 10
3147.403571559417
 20
3073.493851636624
 30
0.0
 11
3432.403571559416
 21
3073.493851636624
 31
0.0
  0
LINE
  5
1B23
330
B01
100
AcDbEntity
  8
0
440
 16777216
370
    -2
100
AcDbLine
 10
3797.403571559416
 20
3073.493851636624
 30
0.0
 11
3512.403571559417
 21
3073.493851636624
 31
0.0
  0
SOLID
  5
1B24
330
B01
100
AcDbEntity
  8
0
440
 16777216
100
AcDbTrace
 10
3147.403571559417
 20
3077.66051830329
 30
0.0
 11
3147.403571559417
 21
3069.327184969957
 31
0.0
 12
3122.403571559417
 22
3073.493851636624
 32
0.0
 13
3122.403571559417
 23
3073.493851636624
 33
0.0
  0
SOLID
  5
1B25
330
B01
100
AcDbEntity
  8
0
440
 16777216
100
AcDbTrace
 10
3797.403571559416
 20
3077.66051830329
 30
0.0
 11
3797.403571559416
 21
3069.327184969957
 31
0.0
 12
3822.403571559416
 22
3073.493851636624
 32
0.0
 13
3822.403571559416
 23
3073.493851636624
 33
0.0
  0
MTEXT
  5
1B26
330
B01
100
AcDbEntity
  8
0
440
 16777216
370
    13
100
AcDbMText
 10
3472.403571559418
 20
3073.493851636624
 30
0.0
 40
30.0
 41
0.0
 46
0.0
 71
     5
 72
     1
  1
\A1;700
  7
ОФОРМИТЕЛЬ
 73
     1
 44
1.0
  0
POINT
  5
1B27
330
B01
100
AcDbEntity
  8
DEFPOINTS
 62
     0
440
 16777216
100
AcDbPoint
 10
3122.403571559417
 20
3357.081229490345
 30
0.0
  0
POINT
  5
1B28
330
B01
100
AcDbEntity
  8
DEFPOINTS
 62
     0
440
 16777216
100
AcDbPoint
 10
3822.403571559416
 20
3357.081229490345
 30
0.0
  0
POINT
  5
1B29
330
B01
100
AcDbEntity
  8
DEFPOINTS
 62
     0
440
 16777216
100
AcDbPoint
 10
3822.403571559416
 20
3073.493851636624
 30
0.0
  0
ENDBLK
  5
B03
330
B01
100
AcDbEntity
  8
0
100
AcDbBlockEnd
  0
BLOCK
  5
B0F
330
B0E
100
AcDbEntity
  8
0
100
AcDbBlockBegin
  2
*D28
 70
     1
 10
0.0
 20
0.0
 30
0.0
  3
*D28
  1

  0
LINE
  5
1B16
330
B0E
100
AcDbEntity
  8
0
440
 16777216
370
    -2
100
AcDbLine
 10
3822.403571559416
 20
3347.081229490345
 30
0.0
 11
3822.403571559416
 21
3063.493851636625
 31
0.0
  0
LINE
  5
1B17
330
B0E
100
AcDbEntity
  8
0
440
 16777216
370
    -2
100
AcDbLine
 10
4522.403571559415
 20
3347.081229490345
 30
0.0
 11
4522.403571559415
 21
3063.493851636625
 31
0.0
  0
LINE
  5
1B18
330
B0E
100
AcDbEntity
  8
0
440
 16777216
370
    -2
100
AcDbLine
 10
3847.403571559416
 20
3073.493851636624
 30
0.0
 11
4132.403571559415
 21
3073.493851636624
 31
0.0
  0
LINE
  5
1B19
330
B0E
100
AcDbEntity
  8
0
440
 16777216
370
    -2
100
AcDbLine
 10
4497.403571559416
 20
3073.493851636624
 30
0.0
 11
4212.403571559415
 21
3073.493851636624
 31
0.0
  0
SOLID
  5
1B1A
330
B0E
100
AcDbEntity
  8
0
440
 16777216
100
AcDbTrace
 10
3847.403571559416
 20
3077.66051830329
 30
0.0
 11
3847.403571559416
 21
3069.327184969957
 31
0.0
 12
3822.403571559416
 22
3073.493851636624
 32
0.0
 13
3822.403571559416
 23
3073.493851636624
 33
0.0
  0
SOLID
  5
1B1B
330
B0E
100
AcDbEntity
  8
0
440
 16777216
100
AcDbTrace
 10
4497.403571559416
 20
3077.66051830329
 30
0.0
 11
4497.403571559416
 21
3069.327184969957
 31
0.0
 12
4522.403571559415
 22
3073.493851636624
 32
0.0
 13
4522.403571559415
 23
3073.493851636624
 33
0.0
  0
MTEXT
  5
1B1C
330
B0E
100
AcDbEntity
  8
0
440
 16777216
370
    13
100
AcDbMText
 10
4172.403571559415
 20
3073.493851636624
 30
0.0
 40
30.0
 41
0.0
 46
0.0
 71
     5
 72
     1
  1
\A1;700
  7
ОФОРМИТЕЛЬ
 73
     1
 44
1.0
  0
POINT
  5
1B1D
330
B0E
100
AcDbEntity
  8
DEFPOINTS
 62
     0
440
 16777216
100
AcDbPoint
 10
3822.403571559416
 20
3357.081229490345
 30
0.0
  0
POINT
  5
1B1E
330
B0E
100
AcDbEntity
  8
DEFPOINTS
 62
     0
440
 16777216
100
AcDbPoint
 10
4522.403571559415
 20
3357.081229490345
 30
0.0
  0
POINT
  5
1B1F
330
B0E
100
AcDbEntity
  8
DEFPOINTS
 62
     0
440
 16777216
100
AcDbPoint
 10
4522.403571559415
 20
3073.493851636624
 30
0.0
  0
ENDBLK
  5
B10
330
B0E
100
AcDbEntity
  8
0
100
AcDbBlockEnd
  0
BLOCK
  5
B1C
330
B1B
100
AcDbEntity
  8
0
100
AcDbBlockBegin
  2
*D29
 70
     1
 10
0.0
 20
0.0
 30
0.0
  3
*D29
  1

  0
LINE
  5
1B0C
330
B1B
100
AcDbEntity
  8
0
440
 16777216
370
    -2
100
AcDbLine
 10
4512.403571559415
 20
3357.081229490345
 30
0.0
 11
2788.539039208854
 21
3357.081229490345
 31
0.0
  0
LINE
  5
1B0D
330
B1B
100
AcDbEntity
  8
0
440
 16777216
370
    -2
100
AcDbLine
 10
2912.403571559416
 20
3157.081229490345
 30
0.0
 11
2788.539039208854
 21
3157.081229490345
 31
0.0
  0
LINE
  5
1B0E
330
B1B
100
AcDbEntity
  8
0
440
 16777216
370
    -2
100
AcDbLine
 10
2798.539039208854
 20
3332.081229490345
 30
0.0
 11
2798.539039208854
 21
3277.081229490345
 31
0.0
  0
LINE
  5
1B0F
330
B1B
100
AcDbEntity
  8
0
440
 16777216
370
    -2
100
AcDbLine
 10
2798.539039208854
 20
3182.081229490345
 30
0.0
 11
2798.539039208854
 21
3237.081229490345
 31
0.0
  0
SOLID
  5
1B10
330
B1B
100
AcDbEntity
  8
0
440
 16777216
100
AcDbTrace
 10
2794.372372542188
 20
3332.081229490345
 30
0.0
 11
2802.705705875522
 21
3332.081229490345
 31
0.0
 12
2798.539039208854
 22
3357.081229490345
 32
0.0
 13
2798.539039208854
 23
3357.081229490345
 33
0.0
  0
SOLID
  5
1B11
330
B1B
100
AcDbEntity
  8
0
440
 16777216
100
AcDbTrace
 10
2794.372372542188
 20
3182.081229490345
 30
0.0
 11
2802.705705875522
 21
3182.081229490345
 31
0.0
 12
2798.539039208854
 22
3157.081229490345
 32
0.0
 13
2798.539039208854
 23
3157.081229490345
 33
0.0
  0
MTEXT
  5
1B12
330
B1B
100
AcDbEntity
  8
0
440
 16777216
370
    13
100
AcDbMText
 10
2798.539039208853
 20
3257.081229490346
 30
0.0
 40
30.0
 41
0.0
 46
0.0
 71
     5
 72
     1
  1
\A1;200
  7
ОФОРМИТЕЛЬ
 73
     1
 44
1.0
  0
POINT
  5
1B13
330
B1B
100
AcDbEntity
  8
DEFPOINTS
 62
     0
440
 16777216
100
AcDbPoint
 10
4522.403571559415
 20
3357.081229490345
 30
0.0
  0
POINT
  5
1B14
330
B1B
100
AcDbEntity
  8
DEFPOINTS
 62
     0
440
 16777216
100
AcDbPoint
 10
2922.403571559418
 20
3157.081229490345
 30
0.0
  0
POINT
  5
1B15
330
B1B
100
AcDbEntity
  8
DEFPOINTS
 62
     0
440
 16777216
100
AcDbPoint
 10
2798.539039208854
 20
3157.081229490345
 30
0.0
  0
ENDBLK
  5
B1D
330
B1B
100
AcDbEntity
  8
0
100
AcDbBlockEnd
  0
BLOCK
  5
B29
330
B28
100
AcDbEntity
  8
0
100
AcDbBlockBegin
  2
*D30
 70
     1
 10
0.0
 20
0.0
 30
0.0
  3
*D30
  1

  0
LINE
  5
1B03
330
B28
100
AcDbEntity
  8
0
440
 16777216
370
    -2
100
AcDbLine
 10
3835.084660006009
 20
4307.547440213192
 30
0.0
 11
3844.691545192824
 21
4330.627902882024
 31
0.0
  0
LINE
  5
1B04
330
B28
100
AcDbEntity
  8
0
440
 16777216
370
    -2
100
AcDbLine
 10
3809.722483112821
 20
4246.615018767495
 30
0.0
 11
3800.115597926005
 21
4223.534556098662
 31
0.0
  0
MTEXT
  5
1B05
330
B28
100
AcDbEntity
  8
0
440
 16777216
370
    13
100
AcDbMText
 10
3756.587377464233
 20
4191.377332477014
 30
0.0
 40
30.0
 41
0.0
 46
0.0
 71
     5
 72
     1
  1
\A1;∅16
  7
ОФОРМИТЕЛЬ
 73
     1
 44
1.0
  0
SOLID
  5
1B06
330
B28
100
AcDbEntity
  8
0
440
 16777216
100
AcDbTrace
 10
3831.23791622787
 20
4309.148587744328
 30
0.0
 11
3838.931403784148
 21
4305.946292682056
 31
0.0
 12
3825.477774819193
 22
4284.46697754436
 32
0.0
 13
3825.477774819193
 23
4284.46697754436
 33
0.0
  0
SOLID
  5
1B07
330
B28
100
AcDbEntity
  8
0
440
 16777216
100
AcDbTrace
 10
3805.875739334683
 20
4248.216166298631
 30
0.0
 11
3813.569226890962
 21
4245.013871236357
 31
0.0
 12
3819.329368299639
 22
4269.695481436325
 32
0.0
 13
3819.329368299639
 23
4269.695481436325
 33
0.0
  0
LINE
  5
1B08
330
B28
100
AcDbEntity
  8
0
440
 16777216
370
    -2
100
AcDbLine
 10
3822.313571559416
 20
4277.081229490343
 30
0.0
 11
3822.493571559416
 21
4277.081229490343
 31
0.0
  0
LINE
  5
1B09
330
B28
100
AcDbEntity
  8
0
440
 16777216
370
    -2
100
AcDbLine
 10
3822.403571559416
 20
4276.991229490343
 30
0.0
 11
3822.403571559416
 21
4277.171229490343
 31
0.0
  0
POINT
  5
1B0A
330
B28
100
AcDbEntity
  8
DEFPOINTS
 62
     0
440
 16777216
100
AcDbPoint
 10
3819.329368299639
 20
4269.695481436325
 30
0.0
  0
POINT
  5
1B0B
330
B28
100
AcDbEntity
  8
DEFPOINTS
 62
     0
440
 16777216
100
AcDbPoint
 10
3825.477774819193
 20
4284.46697754436
 30
0.0
  0
ENDBLK
  5
B2A
330
B28
100
AcDbEntity
  8
0
100
AcDbBlockEnd
  0
BLOCK
  5
B35
330
B34
100
AcDbEntity
  8
0
100
AcDbBlockBegin
  2
*D31
 70
     1
 10
0.0
 20
0.0
 30
0.0
  3
*D31
  1

  0
LINE
  5
1AFA
330
B34
100
AcDbEntity
  8
0
440
 16777216
370
    -2
100
AcDbLine
 10
4541.649705247028
 20
4303.887690242905
 30
0.0
 11
4556.230109555824
 21
4324.195615055452
 31
0.0
  0
LINE
  5
1AFB
330
B34
100
AcDbEntity
  8
0
440
 16777216
370
    -2
100
AcDbLine
 10
4503.157437871804
 20
4250.274768737781
 30
0.0
 11
4488.577033563006
 21
4229.966843925233
 31
0.0
  0
MTEXT
  5
1AFC
330
B34
100
AcDbEntity
  8
0
440
 16777216
370
    13
100
AcDbMText
 10
4421.210071213379
 20
4170.27819934211
 30
0.0
 40
30.0
 41
0.0
 46
0.0
 71
     5
 72
     1
  1
\A1;∅16
  7
ОФОРМИТЕЛЬ
 73
     1
 44
1.0
  0
SOLID
  5
1AFD
330
B34
100
AcDbEntity
  8
0
440
 16777216
100
AcDbTrace
 10
4538.265051111604
 20
4306.317757627705
 30
0.0
 11
4545.034359382452
 21
4301.457622858106
 31
0.0
 12
4527.069300938232
 22
4283.579765430359
 32
0.0
 13
4527.069300938232
 23
4283.579765430359
 33
0.0
  0
SOLID
  5
1AFE
330
B34
100
AcDbEntity
  8
0
440
 16777216
100
AcDbTrace
 10
4499.772783736379
 20
4252.70483612258
 30
0.0
 11
4506.542092007228
 21
4247.844701352981
 31
0.0
 12
4517.7378421806
 22
4270.582693550327
 32
0.0
 13
4517.7378421806
 23
4270.582693550327
 33
0.0
  0
LINE
  5
1AFF
330
B34
100
AcDbEntity
  8
0
440
 16777216
370
    -2
100
AcDbLine
 10
4522.313571559416
 20
4277.081229490343
 30
0.0
 11
4522.493571559415
 21
4277.081229490344
 31
0.0
  0
LINE
  5
1B00
330
B34
100
AcDbEntity
  8
0
440
 16777216
370
    -2
100
AcDbLine
 10
4522.403571559415
 20
4276.991229490343
 30
0.0
 11
4522.403571559415
 21
4277.171229490345
 31
0.0
  0
POINT
  5
1B01
330
B34
100
AcDbEntity
  8
DEFPOINTS
 62
     0
440
 16777216
100
AcDbPoint
 10
4517.7378421806
 20
4270.582693550327
 30
0.0
  0
POINT
  5
1B02
330
B34
100
AcDbEntity
  8
DEFPOINTS
 62
     0
440
 16777216
100
AcDbPoint
 10
4527.069300938232
 20
4283.579765430359
 30
0.0
  0
ENDBLK
  5
B36
330
B34
100
AcDbEntity
  8
0
100
AcDbBlockEnd
  0
BLOCK
  5
B41
330
B40
100
AcDbEntity
  8
0
100
AcDbBlockBegin
  2
*D32
 70
     1
 10
0.0
 20
0.0
 30
0.0
  3
*D32
  1

  0
LINE
  5
1AF1
330
B40
100
AcDbEntity
  8
0
440
 16777216
370
    -2
100
AcDbLine
 10
3112.112944853959
 20
3325.72675609326
 30
0.0
 11
3104.317015531641
 21
3301.97336715607
 31
0.0
  0
LINE
  5
1AF2
330
B40
100
AcDbEntity
  8
0
440
 16777216
370
    -2
100
AcDbLine
 10
3132.694198264874
 20
3388.435702887427
 30
0.0
 11
3140.490127587192
 21
3412.189091824617
 31
0.0
  0
MTEXT
  5
1AF3
330
B40
100
AcDbEntity
  8
0
440
 16777216
370
    13
100
AcDbMText
 10
3189.365885371643
 20
3412.920828470785
 30
0.0
 40
30.0
 41
0.0
 46
0.0
 71
     5
 72
     1
  1
\A1;∅16
  7
ОФОРМИТЕЛЬ
 73
     1
 44
1.0
  0
SOLID
  5
1AF4
330
B40
100
AcDbEntity
  8
0
440
 16777216
100
AcDbTrace
 10
3108.154046697761
 20
3327.02607764698
 30
0.0
 11
3116.071843010157
 21
3324.42743453954
 31
0.0
 12
3119.908874176277
 22
3349.480145030451
 32
0.0
 13
3119.908874176277
 23
3349.480145030451
 33
0.0
  0
SOLID
  5
1AF5
330
B40
100
AcDbEntity
  8
0
440
 16777216
100
AcDbTrace
 10
3128.735300108675
 20
3389.735024441147
 30
0.0
 11
3136.653096421073
 21
3387.136381333708
 31
0.0
 12
3124.898268942557
 22
3364.682313950237
 32
0.0
 13
3124.898268942557
 23
3364.682313950237
 33
0.0
  0
LINE
  5
1AF6
330
B40
100
AcDbEntity
  8
0
440
 16777216
370
    -2
100
AcDbLine
 10
3122.313571559417
 20
3357.081229490345
 30
0.0
 11
3122.493571559417
 21
3357.081229490345
 31
0.0
  0
LINE
  5
1AF7
330
B40
100
AcDbEntity
  8
0
440
 16777216
370
    -2
100
AcDbLine
 10
3122.403571559417
 20
3356.991229490345
 30
0.0
 11
3122.403571559417
 21
3357.171229490344
 31
0.0
  0
POINT
  5
1AF8
330
B40
100
AcDbEntity
  8
DEFPOINTS
 62
     0
440
 16777216
100
AcDbPoint
 10
3124.898268942557
 20
3364.682313950237
 30
0.0
  0
POINT
  5
1AF9
330
B40
100
AcDbEntity
  8
DEFPOINTS
 62
     0
440
 16777216
100
AcDbPoint
 10
3119.908874176277
 20
3349.480145030451
 30
0.0
  0
ENDBLK
  5
B42
330
B40
100
AcDbEntity
  8
0
100
AcDbBlockEnd
  0
BLOCK
  5
B4D
330
B4C
100
AcDbEntity
  8
0
100
AcDbBlockBegin
  2
*D33
 70
     1
 10
0.0
 20
0.0
 30
0.0
  3
*D33
  1

  0
LINE
  5
1AE8
330
B4C
100
AcDbEntity
  8
0
440
 16777216
370
    -2
100
AcDbLine
 10
3807.362205637383
 20
3327.708498749079
 30
0.0
 11
3795.967231454021
 21
3305.456430005691
 31
0.0
  0
LINE
  5
1AE9
330
B4C
100
AcDbEntity
  8
0
440
 16777216
370
    -2
100
AcDbLine
 10
3837.44493748145
 20
3386.45396023161
 30
0.0
 11
3848.839911664813
 21
3408.706028974999
 31
0.0
  0
MTEXT
  5
1AEA
330
B4C
100
AcDbEntity
  8
0
440
 16777216
370
    13
100
AcDbMText
 10
3850.056637699085
 20
3441.848913174386
 30
0.0
 40
30.0
 41
0.0
 46
0.0
 71
     5
 72
     1
  1
\A1;∅16
  7
ОФОРМИТЕЛЬ
 73
     1
 44
1.0
  0
SOLID
  5
1AEB
330
B4C
100
AcDbEntity
  8
0
440
 16777216
100
AcDbTrace
 10
3803.653527513485
 20
3329.607661112973
 30
0.0
 11
3811.070883761281
 21
3325.809336385186
 31
0.0
 12
3818.757179820745
 22
3349.960567492468
 32
0.0
 13
3818.757179820745
 23
3349.960567492468
 33
0.0
  0
SOLID
  5
1AEC
330
B4C
100
AcDbEntity
  8
0
440
 16777216
100
AcDbTrace
 10
3833.736259357552
 20
3388.353122595505
 30
0.0
 11
3841.153615605348
 21
3384.554797867718
 31
0.0
 12
3826.049963298088
 22
3364.201891488221
 32
0.0
 13
3826.049963298088
 23
3364.201891488221
 33
0.0
  0
LINE
  5
1AED
330
B4C
100
AcDbEntity
  8
0
440
 16777216
370
    -2
100
AcDbLine
 10
3822.313571559416
 20
3357.081229490345
 30
0.0
 11
3822.493571559416
 21
3357.081229490345
 31
0.0
  0
LINE
  5
1AEE
330
B4C
100
AcDbEntity
  8
0
440
 16777216
370
    -2
100
AcDbLine
 10
3822.403571559416
 20
3356.991229490345
 30
0.0
 11
3822.403571559416
 21
3357.171229490345
 31
0.0
  0
POINT
  5
1AEF
330
B4C
100
AcDbEntity
  8
DEFPOINTS
 62
     0
440
 16777216
100
AcDbPoint
 10
3826.049963298088
 20
3364.201891488221
 30
0.0
  0
POINT
  5
1AF0
330
B4C
100
AcDbEntity
  8
DEFPOINTS
 62
     0
440
 16777216
100
AcDbPoint
 10
3818.757179820745
 20
3349.960567492468
 30
0.0
  0
ENDBLK
  5
B4E
330
B4C
100
AcDbEntity
  8
0
100
AcDbBlockEnd
  0
BLOCK
  5
B59
330
B58
100
AcDbEntity
  8
0
100
AcDbBlockBegin
  2
*D34
 70
     1
 10
0.0
 20
0.0
 30
0.0
  3
*D34
  1

  0
LINE
  5
1ADF
330
B58
100
AcDbEntity
  8
0
440
 16777216
370
    -2
100
AcDbLine
 10
4496.318183665887
 20
3336.868546876586
 30
0.0
 11
4476.556526170792
 21
3321.555908532831
 31
0.0
  0
LINE
  5
1AE0
330
B58
100
AcDbEntity
  8
0
440
 16777216
370
    -2
100
AcDbLine
 10
4548.488959452944
 20
3377.293912104104
 30
0.0
 11
4568.250616948037
 21
3392.606550447859
 31
0.0
  0
MTEXT
  5
1AE1
330
B58
100
AcDbEntity
  8
0
440
 16777216
370
    13
100
AcDbMText
 10
4556.885002503006
 20
3423.865585253111
 30
0.0
 40
30.0
 41
0.0
 46
0.0
 71
     5
 72
     1
  1
\A1;∅16
  7
ОФОРМИТЕЛЬ
 73
     1
 44
1.0
  0
SOLID
  5
1AE2
330
B58
100
AcDbEntity
  8
0
440
 16777216
100
AcDbTrace
 10
4493.766077275261
 20
3340.162156459101
 30
0.0
 11
4498.870290056512
 21
3333.57493729407
 31
0.0
 12
4516.079841160979
 22
3352.181185220338
 32
0.0
 13
4516.079841160979
 23
3352.181185220338
 33
0.0
  0
SOLID
  5
1AE3
330
B58
100
AcDbEntity
  8
0
440
 16777216
100
AcDbTrace
 10
4545.936853062317
 20
3380.587521686619
 30
0.0
 11
4551.041065843569
 21
3374.000302521589
 31
0.0
 12
4528.727301957849
 22
3361.98127376035
 32
0.0
 13
4528.727301957849
 23
3361.98127376035
 33
0.0
  0
LINE
  5
1AE4
330
B58
100
AcDbEntity
  8
0
440
 16777216
370
    -2
100
AcDbLine
 10
4522.313571559415
 20
3357.081229490345
 30
0.0
 11
4522.493571559415
 21
3357.081229490345
 31
0.0
  0
LINE
  5
1AE5
330
B58
100
AcDbEntity
  8
0
440
 16777216
370
    -2
100
AcDbLine
 10
4522.403571559415
 20
3356.991229490345
 30
0.0
 11
4522.403571559415
 21
3357.171229490345
 31
0.0
  0
POINT
  5
1AE6
330
B58
100
AcDbEntity
  8
DEFPOINTS
 62
     0
440
 16777216
100
AcDbPoint
 10
4528.727301957849
 20
3361.98127376035
 30
0.0
  0
POINT
  5
1AE7
330
B58
100
AcDbEntity
  8
DEFPOINTS
 62
     0
440
 16777216
100
AcDbPoint
 10
4516.079841160979
 20
3352.181185220338
 30
0.0
  0
ENDBLK
  5
B5A
330
B58
100
AcDbEntity
  8
0
100
AcDbBlockEnd
  0
BLOCK
  5
B65
330
B64
100
AcDbEntity
  8
0
100
AcDbBlockBegin
  2
*D35
 70
     1
 10
0.0
 20
0.0
 30
0.0
  3
*D35
  1

  0
LINE
  5
1AD5
330
B64
100
AcDbEntity
  8
0
440
 16777216
370
    -2
100
AcDbLine
 10
5661.928443106656
 20
4384.58944614895
 30
0.0
 11
5661.928443106656
 21
4624.359471310627
 31
0.0
  0
LINE
  5
1AD6
330
B64
100
AcDbEntity
  8
0
440
 16777216
370
    -2
100
AcDbLine
 10
7461.928443106656
 20
4059.58944614895
 30
0.0
 11
7461.928443106656
 21
4624.359471310627
 31
0.0
  0
LINE
  5
1AD7
330
B64
100
AcDbEntity
  8
0
440
 16777216
370
    -2
100
AcDbLine
 10
5686.928443106658
 20
4614.359471310629
 30
0.0
 11
6511.928443106658
 21
4614.359471310629
 31
0.0
  0
LINE
  5
1AD8
330
B64
100
AcDbEntity
  8
0
440
 16777216
370
    -2
100
AcDbLine
 10
7436.928443106658
 20
4614.359471310629
 30
0.0
 11
6611.928443106656
 21
4614.359471310629
 31
0.0
  0
SOLID
  5
1AD9
330
B64
100
AcDbEntity
  8
0
440
 16777216
100
AcDbTrace
 10
5686.928443106658
 20
4618.526137977294
 30
0.0
 11
5686.928443106658
 21
4610.192804643961
 31
0.0
 12
5661.928443106656
 22
4614.359471310629
 32
0.0
 13
5661.928443106656
 23
4614.359471310629
 33
0.0
  0
SOLID
  5
1ADA
330
B64
100
AcDbEntity
  8
0
440
 16777216
100
AcDbTrace
 10
7436.928443106658
 20
4618.526137977294
 30
0.0
 11
7436.928443106658
 21
4610.192804643961
 31
0.0
 12
7461.928443106656
 22
4614.359471310629
 32
0.0
 13
7461.928443106656
 23
4614.359471310629
 33
0.0
  0
MTEXT
  5
1ADB
330
B64
100
AcDbEntity
  8
0
440
 16777216
370
    13
100
AcDbMText
 10
6561.928443106658
 20
4614.359471310629
 30
0.0
 40
30.0
 41
0.0
 46
0.0
 71
     5
 72
     1
  1
\A1;1800
  7
ОФОРМИТЕЛЬ
 73
     1
 44
1.0
  0
POINT
  5
1ADC
330
B64
100
AcDbEntity
  8
DEFPOINTS
 62
     0
440
 16777216
100
AcDbPoint
 10
5661.928443106656
 20
4374.58944614895
 30
0.0
  0
POINT
  5
1ADD
330
B64
100
AcDbEntity
  8
DEFPOINTS
 62
     0
440
 16777216
100
AcDbPoint
 10
7461.928443106656
 20
4049.58944614895
 30
0.0
  0
POINT
  5
1ADE
330
B64
100
AcDbEntity
  8
DEFPOINTS
 62
     0
440
 16777216
100
AcDbPoint
 10
7461.928443106656
 20
4614.359471310629
 30
0.0
  0
ENDBLK
  5
B66
330
B64
100
AcDbEntity
  8
0
100
AcDbBlockEnd
  0
BLOCK
  5
B72
330
B71
100
AcDbEntity
  8
0
100
AcDbBlockBegin
  2
*D36
 70
     1
 10
0.0
 20
0.0
 30
0.0
  3
*D36
  1

  0
LINE
  5
1ACB
330
B71
100
AcDbEntity
  8
0
440
 16777216
370
    -2
100
AcDbLine
 10
7281.928443106656
 20
4384.58944614895
 30
0.0
 11
7281.928443106656
 21
4492.222029128927
 31
0.0
  0
LINE
  5
1ACC
330
B71
100
AcDbEntity
  8
0
440
 16777216
370
    -2
100
AcDbLine
 10
7461.928443106656
 20
4059.58944614895
 30
0.0
 11
7461.928443106656
 21
4492.222029128927
 31
0.0
  0
LINE
  5
1ACD
330
B71
100
AcDbEntity
  8
0
440
 16777216
370
    -2
100
AcDbLine
 10
7306.928443106658
 20
4482.222029128926
 30
0.0
 11
7334.428443106657
 21
4482.222029128926
 31
0.0
  0
LINE
  5
1ACE
330
B71
100
AcDbEntity
  8
0
440
 16777216
370
    -2
100
AcDbLine
 10
7436.928443106658
 20
4482.222029128926
 30
0.0
 11
7409.428443106657
 21
4482.222029128926
 31
0.0
  0
SOLID
  5
1ACF
330
B71
100
AcDbEntity
  8
0
440
 16777216
100
AcDbTrace
 10
7306.928443106658
 20
4486.388695795594
 30
0.0
 11
7306.928443106658
 21
4478.055362462259
 31
0.0
 12
7281.928443106656
 22
4482.222029128926
 32
0.0
 13
7281.928443106656
 23
4482.222029128926
 33
0.0
  0
SOLID
  5
1AD0
330
B71
100
AcDbEntity
  8
0
440
 16777216
100
AcDbTrace
 10
7436.928443106658
 20
4486.388695795594
 30
0.0
 11
7436.928443106658
 21
4478.055362462259
 31
0.0
 12
7461.928443106656
 22
4482.222029128926
 32
0.0
 13
7461.928443106656
 23
4482.222029128926
 33
0.0
  0
MTEXT
  5
1AD1
330
B71
100
AcDbEntity
  8
0
440
 16777216
370
    13
100
AcDbMText
 10
7371.928443106657
 20
4482.222029128926
 30
0.0
 40
30.0
 41
0.0
 46
0.0
 71
     5
 72
     1
  1
\A1;180
  7
ОФОРМИТЕЛЬ
 73
     1
 44
1.0
  0
POINT
  5
1AD2
330
B71
100
AcDbEntity
  8
DEFPOINTS
 62
     0
440
 16777216
100
AcDbPoint
 10
7281.928443106656
 20
4374.58944614895
 30
0.0
  0
POINT
  5
1AD3
330
B71
100
AcDbEntity
  8
DEFPOINTS
 62
     0
440
 16777216
100
AcDbPoint
 10
7461.928443106656
 20
4049.58944614895
 30
0.0
  0
POINT
  5
1AD4
330
B71
100
AcDbEntity
  8
DEFPOINTS
 62
     0
440
 16777216
100
AcDbPoint
 10
7461.928443106656
 20
4482.222029128926
 30
0.0
  0
ENDBLK
  5
B73
330
B71
100
AcDbEntity
  8
0
100
AcDbBlockEnd
  0
BLOCK
  5
B7F
330
B7E
100
AcDbEntity
  8
0
100
AcDbBlockBegin
  2
*D37
 70
     1
 10
0.0
 20
0.0
 30
0.0
  3
*D37
  1

  0
LINE
  5
1AC1
330
B7E
100
AcDbEntity
  8
0
440
 16777216
370
    -2
100
AcDbLine
 10
7291.928443106655
 20
4374.58944614895
 30
0.0
 11
7576.626893102491
 21
4374.58944614895
 31
0.0
  0
LINE
  5
1AC2
330
B7E
100
AcDbEntity
  8
0
440
 16777216
370
    -2
100
AcDbLine
 10
7471.928443106657
 20
4049.58944614895
 30
0.0
 11
7576.626893102491
 21
4049.58944614895
 31
0.0
  0
LINE
  5
1AC3
330
B7E
100
AcDbEntity
  8
0
440
 16777216
370
    -2
100
AcDbLine
 10
7566.626893102491
 20
4349.58944614895
 30
0.0
 11
7566.626893102491
 21
4232.08944614895
 31
0.0
  0
LINE
  5
1AC4
330
B7E
100
AcDbEntity
  8
0
440
 16777216
370
    -2
100
AcDbLine
 10
7566.626893102491
 20
4074.589446148951
 30
0.0
 11
7566.626893102491
 21
4192.08944614895
 31
0.0
  0
SOLID
  5
1AC5
330
B7E
100
AcDbEntity
  8
0
440
 16777216
100
AcDbTrace
 10
7562.460226435824
 20
4349.58944614895
 30
0.0
 11
7570.793559769159
 21
4349.58944614895
 31
0.0
 12
7566.626893102491
 22
4374.58944614895
 32
0.0
 13
7566.626893102491
 23
4374.58944614895
 33
0.0
  0
SOLID
  5
1AC6
330
B7E
100
AcDbEntity
  8
0
440
 16777216
100
AcDbTrace
 10
7562.460226435824
 20
4074.589446148951
 30
0.0
 11
7570.793559769159
 21
4074.589446148951
 31
0.0
 12
7566.626893102491
 22
4049.58944614895
 32
0.0
 13
7566.626893102491
 23
4049.58944614895
 33
0.0
  0
MTEXT
  5
1AC7
330
B7E
100
AcDbEntity
  8
0
440
 16777216
370
    13
100
AcDbMText
 10
7566.62689310249
 20
4212.089446148953
 30
0.0
 40
30.0
 41
0.0
 46
0.0
 71
     5
 72
     1
  1
\A1;325
  7
ОФОРМИТЕЛЬ
 73
     1
 44
1.0
  0
POINT
  5
1AC8
330
B7E
100
AcDbEntity
  8
DEFPOINTS
 62
     0
440
 16777216
100
AcDbPoint
 10
7281.928443106656
 20
4374.58944614895
 30
0.0
  0
POINT
  5
1AC9
330
B7E
100
AcDbEntity
  8
DEFPOINTS
 62
     0
440
 16777216
100
AcDbPoint
 10
7461.928443106656
 20
4049.58944614895
 30
0.0
  0
POINT
  5
1ACA
330
B7E
100
AcDbEntity
  8
DEFPOINTS
 62
     0
440
 16777216
100
AcDbPoint
 10
7566.626893102491
 20
4049.58944614895
 30
0.0
  0
ENDBLK
  5
B80
330
B7E
100
AcDbEntity
  8
0
100
AcDbBlockEnd
  0
BLOCK
  5
B8C
330
B8B
100
AcDbEntity
  8
0
100
AcDbBlockBegin
  2
*D38
 70
     1
 10
0.0
 20
0.0
 30
0.0
  3
*D38
  1

  0
LINE
  5
1AB7
330
B8B
100
AcDbEntity
  8
0
440
 16777216
370
    -2
100
AcDbLine
 10
7258.928443106658
 20
4284.589446148951
 30
0.0
 11
7258.928443106658
 21
4242.683378691057
 31
0.0
  0
LINE
  5
1AB8
330
B8B
100
AcDbEntity
  8
0
440
 16777216
370
    -2
100
AcDbLine
 10
7281.928443106656
 20
4274.58944614895
 30
0.0
 11
7281.928443106656
 21
4242.683378691057
 31
0.0
  0
LINE
  5
1AB9
330
B8B
100
AcDbEntity
  8
0
440
 16777216
370
    -2
100
AcDbLine
 10
7233.928443106655
 20
4252.683378691057
 30
0.0
 11
7208.928443106656
 21
4252.683378691057
 31
0.0
  0
LINE
  5
1ABA
330
B8B
100
AcDbEntity
  8
0
440
 16777216
370
    -2
100
AcDbLine
 10
7306.928443106658
 20
4252.683378691057
 30
0.0
 11
7331.928443106658
 21
4252.683378691057
 31
0.0
  0
MTEXT
  5
1ABB
330
B8B
100
AcDbEntity
  8
0
440
 16777216
370
    13
100
AcDbMText
 10
7270.428443106657
 20
4180.183378691057
 30
0.0
 40
30.0
 41
0.0
 46
0.0
 71
     5
 72
     1
  1
\A1;23
  7
ОФОРМИТЕЛЬ
 73
     1
 44
1.0
  0
SOLID
  5
1ABC
330
B8B
100
AcDbEntity
  8
0
440
 16777216
100
AcDbTrace
 10
7233.928443106655
 20
4256.850045357724
 30
0.0
 11
7233.928443106655
 21
4248.516712024389
 31
0.0
 12
7258.928443106658
 22
4252.683378691057
 32
0.0
 13
7258.928443106658
 23
4252.683378691057
 33
0.0
  0
SOLID
  5
1ABD
330
B8B
100
AcDbEntity
  8
0
440
 16777216
100
AcDbTrace
 10
7306.928443106658
 20
4256.850045357724
 30
0.0
 11
7306.928443106658
 21
4248.516712024389
 31
0.0
 12
7281.928443106656
 22
4252.683378691057
 32
0.0
 13
7281.928443106656
 23
4252.683378691057
 33
0.0
  0
POINT
  5
1ABE
330
B8B
100
AcDbEntity
  8
DEFPOINTS
 62
     0
440
 16777216
100
AcDbPoint
 10
7258.928443106658
 20
4294.58944614895
 30
0.0
  0
POINT
  5
1ABF
330
B8B
100
AcDbEntity
  8
DEFPOINTS
 62
     0
440
 16777216
100
AcDbPoint
 10
7281.928443106656
 20
4284.589446148951
 30
0.0
  0
POINT
  5
1AC0
330
B8B
100
AcDbEntity
  8
DEFPOINTS
 62
     0
440
 16777216
100
AcDbPoint
 10
7281.928443106656
 20
4252.683378691057
 30
0.0
  0
ENDBLK
  5
B8D
330
B8B
100
AcDbEntity
  8
0
100
AcDbBlockEnd
  0
BLOCK
  5
B99
330
B98
100
AcDbEntity
  8
0
100
AcDbBlockBegin
  2
*D39
 70
     1
 10
0.0
 20
0.0
 30
0.0
  3
*D39
  1

  0
LINE
  5
1AB0
330
B98
100
AcDbEntity
  8
0
440
 16777216
370
    -2
100
AcDbLine
 10
7223.958866956273
 20
4293.130424610363
 30
0.0
 11
7198.980598277302
 21
4292.088266368507
 31
0.0
  0
MTEXT
  5
1AB1
330
B98
100
AcDbEntity
  8
0
440
 16777216
370
    13
100
AcDbMText
 10
7148.56985361159
 20
4276.421955881349
 30
0.0
 40
30.0
 41
0.0
 46
0.0
 71
     5
 72
     1
  1
\A1;R10
  7
ОФОРМИТЕЛЬ
 73
     1
 44
1.0
  0
SOLID
  5
1AB2
330
B98
100
AcDbEntity
  8
0
440
 16777216
100
AcDbTrace
 10
7223.785173915963
 20
4297.293469390189
 30
0.0
 11
7224.132559996582
 21
4288.967379830533
 31
0.0
 12
7248.937135635246
 22
4294.172582852216
 32
0.0
 13
7248.937135635246
 23
4294.172582852216
 33
0.0
  0
LINE
  5
1AB3
330
B98
100
AcDbEntity
  8
0
440
 16777216
370
    -2
100
AcDbLine
 10
7258.838443106658
 20
4294.589446148952
 30
0.0
 11
7259.018443106659
 21
4294.589446148953
 31
0.0
  0
LINE
  5
1AB4
330
B98
100
AcDbEntity
  8
0
440
 16777216
370
    -2
100
AcDbLine
 10
7258.928443106658
 20
4294.499446148953
 30
0.0
 11
7258.928443106661
 21
4294.679446148953
 31
0.0
  0
POINT
  5
1AB5
330
B98
100
AcDbEntity
  8
DEFPOINTS
 62
     0
440
 16777216
100
AcDbPoint
 10
7248.937135635246
 20
4294.172582852216
 30
0.0
  0
POINT
  5
1AB6
330
B98
100
AcDbEntity
  8
DEFPOINTS
 62
     0
440
 16777216
100
AcDbPoint
 10
7258.928443106658
 20
4294.589446148952
 30
0.0
  0
ENDBLK
  5
B9A
330
B98
100
AcDbEntity
  8
0
100
AcDbBlockEnd
  0
BLOCK
  5
BA3
330
BA2
100
AcDbEntity
  8
0
100
AcDbBlockBegin
  2
*D40
 70
     1
 10
0.0
 20
0.0
 30
0.0
  3
*D40
  1

  0
LINE
  5
1AA6
330
BA2
100
AcDbEntity
  8
0
440
 16777216
370
    -2
100
AcDbLine
 10
5661.928443106656
 20
4384.58944614895
 30
0.0
 11
5661.928443106656
 21
4480.579170039302
 31
0.0
  0
LINE
  5
1AA7
330
BA2
100
AcDbEntity
  8
0
440
 16777216
370
    -2
100
AcDbLine
 10
5861.928443106656
 20
4304.589446148951
 30
0.0
 11
5861.928443106656
 21
4480.579170039302
 31
0.0
  0
LINE
  5
1AA8
330
BA2
100
AcDbEntity
  8
0
440
 16777216
370
    -2
100
AcDbLine
 10
5686.928443106658
 20
4470.579170039302
 30
0.0
 11
5721.928443106656
 21
4470.579170039302
 31
0.0
  0
LINE
  5
1AA9
330
BA2
100
AcDbEntity
  8
0
440
 16777216
370
    -2
100
AcDbLine
 10
5836.928443106656
 20
4470.579170039302
 30
0.0
 11
5801.928443106657
 21
4470.579170039302
 31
0.0
  0
SOLID
  5
1AAA
330
BA2
100
AcDbEntity
  8
0
440
 16777216
100
AcDbTrace
 10
5686.928443106658
 20
4474.745836705969
 30
0.0
 11
5686.928443106658
 21
4466.412503372635
 31
0.0
 12
5661.928443106656
 22
4470.579170039302
 32
0.0
 13
5661.928443106656
 23
4470.579170039302
 33
0.0
  0
SOLID
  5
1AAB
330
BA2
100
AcDbEntity
  8
0
440
 16777216
100
AcDbTrace
 10
5836.928443106656
 20
4474.745836705969
 30
0.0
 11
5836.928443106656
 21
4466.412503372635
 31
0.0
 12
5861.928443106656
 22
4470.579170039302
 32
0.0
 13
5861.928443106656
 23
4470.579170039302
 33
0.0
  0
MTEXT
  5
1AAC
330
BA2
100
AcDbEntity
  8
0
440
 16777216
370
    13
100
AcDbMText
 10
5761.928443106658
 20
4470.579170039302
 30
0.0
 40
30.0
 41
0.0
 46
0.0
 71
     5
 72
     1
  1
\A1;200
  7
ОФОРМИТЕЛЬ
 73
     1
 44
1.0
  0
POINT
  5
1AAD
330
BA2
100
AcDbEntity
  8
DEFPOINTS
 62
     0
440
 16777216
100
AcDbPoint
 10
5661.928443106656
 20
4374.58944614895
 30
0.0
  0
POINT
  5
1AAE
330
BA2
100
AcDbEntity
  8
DEFPOINTS
 62
     0
440
 16777216
100
AcDbPoint
 10
5861.928443106656
 20
4294.58944614895
 30
0.0
  0
POINT
  5
1AAF
330
BA2
100
AcDbEntity
  8
DEFPOINTS
 62
     0
440
 16777216
100
AcDbPoint
 10
5861.928443106656
 20
4470.579170039302
 30
0.0
  0
ENDBLK
  5
BA4
330
BA2
100
AcDbEntity
  8
0
100
AcDbBlockEnd
  0
BLOCK
  5
BB0
330
BAF
100
AcDbEntity
  8
0
100
AcDbBlockBegin
  2
*D41
 70
     1
 10
0.0
 20
0.0
 30
0.0
  3
*D41
  1

  0
LINE
  5
1A9C
330
BAF
100
AcDbEntity
  8
0
440
 16777216
370
    -2
100
AcDbLine
 10
5861.928443106656
 20
4304.589446148951
 30
0.0
 11
5861.928443106656
 21
4480.579170039302
 31
0.0
  0
LINE
  5
1A9D
330
BAF
100
AcDbEntity
  8
0
440
 16777216
370
    -2
100
AcDbLine
 10
6561.928443106658
 20
4304.589446148951
 30
0.0
 11
6561.928443106658
 21
4480.579170039302
 31
0.0
  0
LINE
  5
1A9E
330
BAF
100
AcDbEntity
  8
0
440
 16777216
370
    -2
100
AcDbLine
 10
5886.928443106658
 20
4470.579170039302
 30
0.0
 11
6171.928443106658
 21
4470.579170039302
 31
0.0
  0
LINE
  5
1A9F
330
BAF
100
AcDbEntity
  8
0
440
 16777216
370
    -2
100
AcDbLine
 10
6536.928443106656
 20
4470.579170039302
 30
0.0
 11
6251.928443106656
 21
4470.579170039302
 31
0.0
  0
SOLID
  5
1AA0
330
BAF
100
AcDbEntity
  8
0
440
 16777216
100
AcDbTrace
 10
5886.928443106658
 20
4474.745836705969
 30
0.0
 11
5886.928443106658
 21
4466.412503372635
 31
0.0
 12
5861.928443106656
 22
4470.579170039302
 32
0.0
 13
5861.928443106656
 23
4470.579170039302
 33
0.0
  0
SOLID
  5
1AA1
330
BAF
100
AcDbEntity
  8
0
440
 16777216
100
AcDbTrace
 10
6536.928443106656
 20
4474.745836705969
 30
0.0
 11
6536.928443106656
 21
4466.412503372635
 31
0.0
 12
6561.928443106658
 22
4470.579170039302
 32
0.0
 13
6561.928443106658
 23
4470.579170039302
 33
0.0
  0
MTEXT
  5
1AA2
330
BAF
100
AcDbEntity
  8
0
440
 16777216
370
    13
100
AcDbMText
 10
6211.928443106656
 20
4470.579170039302
 30
0.0
 40
30.0
 41
0.0
 46
0.0
 71
     5
 72
     1
  1
\A1;700
  7
ОФОРМИТЕЛЬ
 73
     1
 44
1.0
  0
POINT
  5
1AA3
330
BAF
100
AcDbEntity
  8
DEFPOINTS
 62
     0
440
 16777216
100
AcDbPoint
 10
5861.928443106656
 20
4294.58944614895
 30
0.0
  0
POINT
  5
1AA4
330
BAF
100
AcDbEntity
  8
DEFPOINTS
 62
     0
440
 16777216
100
AcDbPoint
 10
6561.928443106658
 20
4294.58944614895
 30
0.0
  0
POINT
  5
1AA5
330
BAF
100
AcDbEntity
  8
DEFPOINTS
 62
     0
440
 16777216
100
AcDbPoint
 10
6561.928443106658
 20
4470.579170039302
 30
0.0
  0
ENDBLK
  5
BB1
330
BAF
100
AcDbEntity
  8
0
100
AcDbBlockEnd
  0
BLOCK
  5
BBD
330
BBC
100
AcDbEntity
  8
0
100
AcDbBlockBegin
  2
*D42
 70
     1
 10
0.0
 20
0.0
 30
0.0
  3
*D42
  1

  0
LINE
  5
1A93
330
BBC
100
AcDbEntity
  8
0
440
 16777216
370
    -2
100
AcDbLine
 10
6551.928443106657
 20
4294.58944614895
 30
0.0
 11
5546.843471671289
 21
4294.589446148952
 31
0.0
  0
LINE
  5
1A94
330
BBC
100
AcDbEntity
  8
0
440
 16777216
370
    -2
100
AcDbLine
 10
5651.928443106656
 20
4374.58944614895
 30
0.0
 11
5546.843471671289
 21
4374.58944614895
 31
0.0
  0
LINE
  5
1A95
330
BBC
100
AcDbEntity
  8
0
440
 16777216
370
    -2
100
AcDbLine
 10
5556.843471671289
 20
4319.589446148952
 30
0.0
 11
5556.843471671289
 21
4349.58944614895
 31
0.0
  0
MTEXT
  5
1A96
330
BBC
100
AcDbEntity
  8
0
440
 16777216
370
    13
100
AcDbMText
 10
5514.343471671288
 20
4334.589446148953
 30
0.0
 40
30.0
 41
0.0
 46
0.0
 71
     5
 72
     1
  1
\A1;80
  7
ОФОРМИТЕЛЬ
 73
     1
 44
1.0
  0
SOLID
  5
1A97
330
BBC
100
AcDbEntity
  8
0
440
 16777216
100
AcDbTrace
 10
5552.676805004622
 20
4319.589446148952
 30
0.0
 11
5561.010138337957
 21
4319.589446148952
 31
0.0
 12
5556.843471671289
 22
4294.589446148952
 32
0.0
 13
5556.843471671289
 23
4294.589446148952
 33
0.0
  0
SOLID
  5
1A98
330
BBC
100
AcDbEntity
  8
0
440
 16777216
100
AcDbTrace
 10
5552.676805004622
 20
4349.58944614895
 30
0.0
 11
5561.010138337957
 21
4349.58944614895
 31
0.0
 12
5556.843471671289
 22
4374.58944614895
 32
0.0
 13
5556.843471671289
 23
4374.58944614895
 33
0.0
  0
POINT
  5
1A99
330
BBC
100
AcDbEntity
  8
DEFPOINTS
 62
     0
440
 16777216
100
AcDbPoint
 10
6561.928443106658
 20
4294.58944614895
 30
0.0
  0
POINT
  5
1A9A
330
BBC
100
AcDbEntity
  8
DEFPOINTS
 62
     0
440
 16777216
100
AcDbPoint
 10
5661.928443106656
 20
4374.58944614895
 30
0.0
  0
POINT
  5
1A9B
330
BBC
100
AcDbEntity
  8
DEFPOINTS
 62
     0
440
 16777216
100
AcDbPoint
 10
5556.843471671289
 20
4374.58944614895
 30
0.0
  0
ENDBLK
  5
BBE
330
BBC
100
AcDbEntity
  8
0
100
AcDbBlockEnd
  0
BLOCK
  5
BC9
330
BC8
100
AcDbEntity
  8
0
100
AcDbBlockBegin
  2
*D43
 70
     1
 10
0.0
 20
0.0
 30
0.0
  3
*D43
  1

  0
LINE
  5
1A89
330
BC8
100
AcDbEntity
  8
0
440
 16777216
370
    -2
100
AcDbLine
 10
5661.928443106656
 20
3164.589446148952
 30
0.0
 11
5661.928443106656
 21
3105.198445111339
 31
0.0
  0
LINE
  5
1A8A
330
BC8
100
AcDbEntity
  8
0
440
 16777216
370
    -2
100
AcDbLine
 10
5861.928443106656
 20
3364.589446148952
 30
0.0
 11
5861.928443106656
 21
3105.198445111339
 31
0.0
  0
LINE
  5
1A8B
330
BC8
100
AcDbEntity
  8
0
440
 16777216
370
    -2
100
AcDbLine
 10
5686.928443106658
 20
3115.198445111339
 30
0.0
 11
5721.928443106656
 21
3115.198445111339
 31
0.0
  0
LINE
  5
1A8C
330
BC8
100
AcDbEntity
  8
0
440
 16777216
370
    -2
100
AcDbLine
 10
5836.928443106656
 20
3115.198445111339
 30
0.0
 11
5801.928443106657
 21
3115.198445111339
 31
0.0
  0
SOLID
  5
1A8D
330
BC8
100
AcDbEntity
  8
0
440
 16777216
100
AcDbTrace
 10
5686.928443106658
 20
3119.365111778005
 30
0.0
 11
5686.928443106658
 21
3111.031778444673
 31
0.0
 12
5661.928443106656
 22
3115.198445111339
 32
0.0
 13
5661.928443106656
 23
3115.198445111339
 33
0.0
  0
SOLID
  5
1A8E
330
BC8
100
AcDbEntity
  8
0
440
 16777216
100
AcDbTrace
 10
5836.928443106656
 20
3119.365111778005
 30
0.0
 11
5836.928443106656
 21
3111.031778444673
 31
0.0
 12
5861.928443106656
 22
3115.198445111339
 32
0.0
 13
5861.928443106656
 23
3115.198445111339
 33
0.0
  0
MTEXT
  5
1A8F
330
BC8
100
AcDbEntity
  8
0
440
 16777216
370
    13
100
AcDbMText
 10
5761.928443106658
 20
3115.198445111339
 30
0.0
 40
30.0
 41
0.0
 46
0.0
 71
     5
 72
     1
  1
\A1;200
  7
ОФОРМИТЕЛЬ
 73
     1
 44
1.0
  0
POINT
  5
1A90
330
BC8
100
AcDbEntity
  8
DEFPOINTS
 62
     0
440
 16777216
100
AcDbPoint
 10
5661.928443106656
 20
3174.589446148952
 30
0.0
  0
POINT
  5
1A91
330
BC8
100
AcDbEntity
  8
DEFPOINTS
 62
     0
440
 16777216
100
AcDbPoint
 10
5861.928443106656
 20
3374.589446148951
 30
0.0
  0
POINT
  5
1A92
330
BC8
100
AcDbEntity
  8
DEFPOINTS
 62
     0
440
 16777216
100
AcDbPoint
 10
5861.928443106656
 20
3115.198445111339
 30
0.0
  0
ENDBLK
  5
BCA
330
BC8
100
AcDbEntity
  8
0
100
AcDbBlockEnd
  0
BLOCK
  5
BD6
330
BD5
100
AcDbEntity
  8
0
100
AcDbBlockBegin
  2
*D44
 70
     1
 10
0.0
 20
0.0
 30
0.0
  3
*D44
  1

  0
LINE
  5
1A7F
330
BD5
100
AcDbEntity
  8
0
440
 16777216
370
    -2
100
AcDbLine
 10
5861.928443106656
 20
3364.589446148952
 30
0.0
 11
5861.928443106656
 21
3105.198445111339
 31
0.0
  0
LINE
  5
1A80
330
BD5
100
AcDbEntity
  8
0
440
 16777216
370
    -2
100
AcDbLine
 10
6561.928443106658
 20
3364.589446148952
 30
0.0
 11
6561.928443106658
 21
3105.198445111339
 31
0.0
  0
LINE
  5
1A81
330
BD5
100
AcDbEntity
  8
0
440
 16777216
370
    -2
100
AcDbLine
 10
5886.928443106658
 20
3115.198445111339
 30
0.0
 11
6171.928443106658
 21
3115.198445111339
 31
0.0
  0
LINE
  5
1A82
330
BD5
100
AcDbEntity
  8
0
440
 16777216
370
    -2
100
AcDbLine
 10
6536.928443106656
 20
3115.198445111339
 30
0.0
 11
6251.928443106656
 21
3115.198445111339
 31
0.0
  0
SOLID
  5
1A83
330
BD5
100
AcDbEntity
  8
0
440
 16777216
100
AcDbTrace
 10
5886.928443106658
 20
3119.365111778005
 30
0.0
 11
5886.928443106658
 21
3111.031778444673
 31
0.0
 12
5861.928443106656
 22
3115.198445111339
 32
0.0
 13
5861.928443106656
 23
3115.198445111339
 33
0.0
  0
SOLID
  5
1A84
330
BD5
100
AcDbEntity
  8
0
440
 16777216
100
AcDbTrace
 10
6536.928443106656
 20
3119.365111778005
 30
0.0
 11
6536.928443106656
 21
3111.031778444673
 31
0.0
 12
6561.928443106658
 22
3115.198445111339
 32
0.0
 13
6561.928443106658
 23
3115.198445111339
 33
0.0
  0
MTEXT
  5
1A85
330
BD5
100
AcDbEntity
  8
0
440
 16777216
370
    13
100
AcDbMText
 10
6211.928443106656
 20
3115.198445111339
 30
0.0
 40
30.0
 41
0.0
 46
0.0
 71
     5
 72
     1
  1
\A1;700
  7
ОФОРМИТЕЛЬ
 73
     1
 44
1.0
  0
POINT
  5
1A86
330
BD5
100
AcDbEntity
  8
DEFPOINTS
 62
     0
440
 16777216
100
AcDbPoint
 10
5861.928443106656
 20
3374.589446148951
 30
0.0
  0
POINT
  5
1A87
330
BD5
100
AcDbEntity
  8
DEFPOINTS
 62
     0
440
 16777216
100
AcDbPoint
 10
6561.928443106658
 20
3374.589446148951
 30
0.0
  0
POINT
  5
1A88
330
BD5
100
AcDbEntity
  8
DEFPOINTS
 62
     0
440
 16777216
100
AcDbPoint
 10
6561.928443106658
 20
3115.198445111339
 30
0.0
  0
ENDBLK
  5
BD7
330
BD5
100
AcDbEntity
  8
0
100
AcDbBlockEnd
  0
BLOCK
  5
BE3
330
BE2
100
AcDbEntity
  8
0
100
AcDbBlockBegin
  2
*D45
 70
     1
 10
0.0
 20
0.0
 30
0.0
  3
*D45
  1

  0
LINE
  5
1A75
330
BE2
100
AcDbEntity
  8
0
440
 16777216
370
    -2
100
AcDbLine
 10
7261.928443106659
 20
3364.589446148952
 30
0.0
 11
7261.928443106659
 21
3105.198445111339
 31
0.0
  0
LINE
  5
1A76
330
BE2
100
AcDbEntity
  8
0
440
 16777216
370
    -2
100
AcDbLine
 10
6561.928443106658
 20
3364.589446148952
 30
0.0
 11
6561.928443106658
 21
3105.198445111339
 31
0.0
  0
LINE
  5
1A77
330
BE2
100
AcDbEntity
  8
0
440
 16777216
370
    -2
100
AcDbLine
 10
7236.928443106656
 20
3115.198445111339
 30
0.0
 11
6951.928443106656
 21
3115.198445111339
 31
0.0
  0
LINE
  5
1A78
330
BE2
100
AcDbEntity
  8
0
440
 16777216
370
    -2
100
AcDbLine
 10
6586.928443106656
 20
3115.198445111339
 30
0.0
 11
6871.928443106657
 21
3115.198445111339
 31
0.0
  0
SOLID
  5
1A79
330
BE2
100
AcDbEntity
  8
0
440
 16777216
100
AcDbTrace
 10
7236.928443106656
 20
3119.365111778005
 30
0.0
 11
7236.928443106656
 21
3111.031778444673
 31
0.0
 12
7261.928443106659
 22
3115.198445111339
 32
0.0
 13
7261.928443106659
 23
3115.198445111339
 33
0.0
  0
SOLID
  5
1A7A
330
BE2
100
AcDbEntity
  8
0
440
 16777216
100
AcDbTrace
 10
6586.928443106656
 20
3119.365111778005
 30
0.0
 11
6586.928443106656
 21
3111.031778444673
 31
0.0
 12
6561.928443106658
 22
3115.198445111339
 32
0.0
 13
6561.928443106658
 23
3115.198445111339
 33
0.0
  0
MTEXT
  5
1A7B
330
BE2
100
AcDbEntity
  8
0
440
 16777216
370
    13
100
AcDbMText
 10
6911.928443106656
 20
3115.198445111339
 30
0.0
 40
30.0
 41
0.0
 46
0.0
 71
     5
 72
     1
  1
\A1;700
  7
ОФОРМИТЕЛЬ
 73
     1
 44
1.0
  0
POINT
  5
1A7C
330
BE2
100
AcDbEntity
  8
DEFPOINTS
 62
     0
440
 16777216
100
AcDbPoint
 10
7261.928443106659
 20
3374.589446148951
 30
0.0
  0
POINT
  5
1A7D
330
BE2
100
AcDbEntity
  8
DEFPOINTS
 62
     0
440
 16777216
100
AcDbPoint
 10
6561.928443106658
 20
3374.589446148951
 30
0.0
  0
POINT
  5
1A7E
330
BE2
100
AcDbEntity
  8
DEFPOINTS
 62
     0
440
 16777216
100
AcDbPoint
 10
6561.928443106658
 20
3115.198445111339
 30
0.0
  0
ENDBLK
  5
BE4
330
BE2
100
AcDbEntity
  8
0
100
AcDbBlockEnd
  0
BLOCK
  5
BF0
330
BEF
100
AcDbEntity
  8
0
100
AcDbBlockBegin
  2
*D46
 70
     1
 10
0.0
 20
0.0
 30
0.0
  3
*D46
  1

  0
LINE
  5
1A6B
330
BEF
100
AcDbEntity
  8
0
440
 16777216
370
    -2
100
AcDbLine
 10
7251.928443106656
 20
3374.589446148951
 30
0.0
 11
5574.97976581596
 21
3374.589446148952
 31
0.0
  0
LINE
  5
1A6C
330
BEF
100
AcDbEntity
  8
0
440
 16777216
370
    -2
100
AcDbLine
 10
5651.928443106656
 20
3174.589446148952
 30
0.0
 11
5574.97976581596
 21
3174.589446148952
 31
0.0
  0
LINE
  5
1A6D
330
BEF
100
AcDbEntity
  8
0
440
 16777216
370
    -2
100
AcDbLine
 10
5584.979765815961
 20
3349.589446148952
 30
0.0
 11
5584.979765815961
 21
3294.589446148954
 31
0.0
  0
LINE
  5
1A6E
330
BEF
100
AcDbEntity
  8
0
440
 16777216
370
    -2
100
AcDbLine
 10
5584.979765815961
 20
3199.589446148952
 30
0.0
 11
5584.979765815961
 21
3254.589446148952
 31
0.0
  0
SOLID
  5
1A6F
330
BEF
100
AcDbEntity
  8
0
440
 16777216
100
AcDbTrace
 10
5580.813099149295
 20
3349.589446148952
 30
0.0
 11
5589.146432482626
 21
3349.589446148952
 31
0.0
 12
5584.979765815961
 22
3374.589446148952
 32
0.0
 13
5584.979765815961
 23
3374.589446148952
 33
0.0
  0
SOLID
  5
1A70
330
BEF
100
AcDbEntity
  8
0
440
 16777216
100
AcDbTrace
 10
5580.813099149295
 20
3199.589446148952
 30
0.0
 11
5589.146432482626
 21
3199.589446148952
 31
0.0
 12
5584.979765815961
 22
3174.589446148952
 32
0.0
 13
5584.979765815961
 23
3174.589446148952
 33
0.0
  0
MTEXT
  5
1A71
330
BEF
100
AcDbEntity
  8
0
440
 16777216
370
    13
100
AcDbMText
 10
5584.979765815959
 20
3274.589446148953
 30
0.0
 40
30.0
 41
0.0
 46
0.0
 71
     5
 72
     1
  1
\A1;200
  7
ОФОРМИТЕЛЬ
 73
     1
 44
1.0
  0
POINT
  5
1A72
330
BEF
100
AcDbEntity
  8
DEFPOINTS
 62
     0
440
 16777216
100
AcDbPoint
 10
7261.928443106659
 20
3374.589446148951
 30
0.0
  0
POINT
  5
1A73
330
BEF
100
AcDbEntity
  8
DEFPOINTS
 62
     0
440
 16777216
100
AcDbPoint
 10
5661.928443106656
 20
3174.589446148952
 30
0.0
  0
POINT
  5
1A74
330
BEF
100
AcDbEntity
  8
DEFPOINTS
 62
     0
440
 16777216
100
AcDbPoint
 10
5584.979765815961
 20
3174.589446148952
 30
0.0
  0
ENDBLK
  5
BF1
330
BEF
100
AcDbEntity
  8
0
100
AcDbBlockEnd
  0
BLOCK
  5
BFD
330
BFC
100
AcDbEntity
  8
0
100
AcDbBlockBegin
  2
*D47
 70
     1
 10
0.0
 20
0.0
 30
0.0
  3
*D47
  1

  0
LINE
  5
1A62
330
BFC
100
AcDbEntity
  8
0
440
 16777216
370
    -2
100
AcDbLine
 10
5874.535143735251
 20
3344.092379088973
 30
0.0
 11
5884.085674514484
 21
3320.988540407167
 31
0.0
  0
LINE
  5
1A63
330
BFC
100
AcDbEntity
  8
0
440
 16777216
370
    -2
100
AcDbLine
 10
5849.321742478069
 20
3405.086513208934
 30
0.0
 11
5839.771211698833
 21
3428.190351890739
 31
0.0
  0
MTEXT
  5
1A64
330
BFC
100
AcDbEntity
  8
0
440
 16777216
370
    13
100
AcDbMText
 10
5915.060597947633
 20
3416.33107727705
 30
0.0
 40
30.0
 41
0.0
 46
0.0
 71
     5
 72
     1
  1
\A1;∅16
  7
ОФОРМИТЕЛЬ
 73
     1
 44
1.0
  0
SOLID
  5
1A65
330
BFC
100
AcDbEntity
  8
0
440
 16777216
100
AcDbTrace
 10
5878.38578351555
 20
3345.684134218846
 30
0.0
 11
5870.684503954949
 21
3342.500623959099
 31
0.0
 12
5864.984612956014
 22
3367.196217770777
 32
0.0
 13
5864.984612956014
 23
3367.196217770777
 33
0.0
  0
SOLID
  5
1A66
330
BFC
100
AcDbEntity
  8
0
440
 16777216
100
AcDbTrace
 10
5853.172382258369
 20
3406.678268338807
 30
0.0
 11
5845.471102697768
 21
3403.494758079061
 31
0.0
 12
5858.872273257303
 22
3381.982674527129
 32
0.0
 13
5858.872273257303
 23
3381.982674527129
 33
0.0
  0
LINE
  5
1A67
330
BFC
100
AcDbEntity
  8
0
440
 16777216
370
    -2
100
AcDbLine
 10
5861.838443106659
 20
3374.589446148954
 30
0.0
 11
5862.018443106659
 21
3374.589446148954
 31
0.0
  0
LINE
  5
1A68
330
BFC
100
AcDbEntity
  8
0
440
 16777216
370
    -2
100
AcDbLine
 10
5861.92844310666
 20
3374.499446148953
 30
0.0
 11
5861.928443106659
 21
3374.679446148953
 31
0.0
  0
POINT
  5
1A69
330
BFC
100
AcDbEntity
  8
DEFPOINTS
 62
     0
440
 16777216
100
AcDbPoint
 10
5858.872273257303
 20
3381.982674527129
 30
0.0
  0
POINT
  5
1A6A
330
BFC
100
AcDbEntity
  8
DEFPOINTS
 62
     0
440
 16777216
100
AcDbPoint
 10
5864.984612956014
 20
3367.196217770777
 30
0.0
  0
ENDBLK
  5
BFE
330
BFC
100
AcDbEntity
  8
0
100
AcDbBlockEnd
  0
BLOCK
  5
C09
330
C08
100
AcDbEntity
  8
0
100
AcDbBlockBegin
  2
*D48
 70
     1
 10
0.0
 20
0.0
 30
0.0
  3
*D48
  1

  0
LINE
  5
1A59
330
C08
100
AcDbEntity
  8
0
440
 16777216
370
    -2
100
AcDbLine
 10
6543.670479544505
 20
3347.100416217668
 30
0.0
 11
6529.838688967116
 21
3326.275393542451
 31
0.0
  0
LINE
  5
1A5A
330
C08
100
AcDbEntity
  8
0
440
 16777216
370
    -2
100
AcDbLine
 10
6580.186406668808
 20
3402.07847608024
 30
0.0
 11
6594.018197246196
 21
3422.903498755456
 31
0.0
  0
MTEXT
  5
1A5B
330
C08
100
AcDbEntity
  8
0
440
 16777216
370
    13
100
AcDbMText
 10
6642.530125964268
 20
3419.990027575725
 30
0.0
 40
30.0
 41
0.0
 46
0.0
 71
     5
 72
     1
  1
\A1;∅16
  7
ОФОРМИТЕЛЬ
 73
     1
 44
1.0
  0
SOLID
  5
1A5C
330
C08
100
AcDbEntity
  8
0
440
 16777216
100
AcDbTrace
 10
6540.199642431969
 20
3349.405714647232
 30
0.0
 11
6547.141316657041
 21
3344.795117788103
 31
0.0
 12
6557.502270121893
 22
3367.925438892883
 32
0.0
 13
6557.502270121893
 23
3367.925438892883
 33
0.0
  0
SOLID
  5
1A5D
330
C08
100
AcDbEntity
  8
0
440
 16777216
100
AcDbTrace
 10
6576.715569556272
 20
3404.383774509804
 30
0.0
 11
6583.657243781344
 21
3399.773177650675
 31
0.0
 12
6566.354616091421
 22
3381.253453405022
 32
0.0
 13
6566.354616091421
 23
3381.253453405022
 33
0.0
  0
LINE
  5
1A5E
330
C08
100
AcDbEntity
  8
0
440
 16777216
370
    -2
100
AcDbLine
 10
6561.838443106656
 20
3374.589446148954
 30
0.0
 11
6562.018443106658
 21
3374.589446148954
 31
0.0
  0
LINE
  5
1A5F
330
C08
100
AcDbEntity
  8
0
440
 16777216
370
    -2
100
AcDbLine
 10
6561.928443106658
 20
3374.499446148953
 30
0.0
 11
6561.928443106658
 21
3374.679446148953
 31
0.0
  0
POINT
  5
1A60
330
C08
100
AcDbEntity
  8
DEFPOINTS
 62
     0
440
 16777216
100
AcDbPoint
 10
6566.354616091421
 20
3381.253453405022
 30
0.0
  0
POINT
  5
1A61
330
C08
100
AcDbEntity
  8
DEFPOINTS
 62
     0
440
 16777216
100
AcDbPoint
 10
6557.502270121893
 20
3367.925438892883
 30
0.0
  0
ENDBLK
  5
C0A
330
C08
100
AcDbEntity
  8
0
100
AcDbBlockEnd
  0
BLOCK
  5
C15
330
C14
100
AcDbEntity
  8
0
100
AcDbBlockBegin
  2
*D49
 70
     1
 10
0.0
 20
0.0
 30
0.0
  3
*D49
  1

  0
LINE
  5
1A50
330
C14
100
AcDbEntity
  8
0
440
 16777216
370
    -2
100
AcDbLine
 10
7232.534232915766
 20
3359.590099254544
 30
0.0
 11
7210.265891862114
 21
3348.226957667897
 31
0.0
  0
LINE
  5
1A51
330
C14
100
AcDbEntity
  8
0
440
 16777216
370
    -2
100
AcDbLine
 10
7291.322653297545
 20
3389.588793043358
 30
0.0
 11
7313.590994351199
 21
3400.951934630005
 31
0.0
  0
MTEXT
  5
1A52
330
C14
100
AcDbEntity
  8
0
440
 16777216
370
    13
100
AcDbMText
 10
7298.876884671229
 20
3452.210304327163
 30
0.0
 40
30.0
 41
0.0
 46
0.0
 71
     5
 72
     1
  1
\A1;∅16
  7
ОФОРМИТЕЛЬ
 73
     1
 44
1.0
  0
SOLID
  5
1A53
330
C14
100
AcDbEntity
  8
0
440
 16777216
100
AcDbTrace
 10
7230.64037598466
 20
3363.301489430153
 30
0.0
 11
7234.428089846876
 21
3355.878709078935
 31
0.0
 12
7254.802573969421
 22
3370.953240841191
 32
0.0
 13
7254.802573969421
 23
3370.953240841191
 33
0.0
  0
SOLID
  5
1A54
330
C14
100
AcDbEntity
  8
0
440
 16777216
100
AcDbTrace
 10
7289.428796366438
 20
3393.300183218967
 30
0.0
 11
7293.216510228653
 21
3385.87740286775
 31
0.0
 12
7269.054312243891
 22
3378.225651456713
 32
0.0
 13
7269.054312243891
 23
3378.225651456713
 33
0.0
  0
LINE
  5
1A55
330
C14
100
AcDbEntity
  8
0
440
 16777216
370
    -2
100
AcDbLine
 10
7261.838443106658
 20
3374.589446148951
 30
0.0
 11
7262.018443106656
 21
3374.589446148951
 31
0.0
  0
LINE
  5
1A56
330
C14
100
AcDbEntity
  8
0
440
 16777216
370
    -2
100
AcDbLine
 10
7261.928443106656
 20
3374.499446148951
 30
0.0
 11
7261.928443106656
 21
3374.679446148951
 31
0.0
  0
POINT
  5
1A57
330
C14
100
AcDbEntity
  8
DEFPOINTS
 62
     0
440
 16777216
100
AcDbPoint
 10
7269.054312243891
 20
3378.225651456713
 30
0.0
  0
POINT
  5
1A58
330
C14
100
AcDbEntity
  8
DEFPOINTS
 62
     0
440
 16777216
100
AcDbPoint
 10
7254.802573969421
 20
3370.953240841191
 30
0.0
  0
ENDBLK
  5
C16
330
C14
100
AcDbEntity
  8
0
100
AcDbBlockEnd
  0
BLOCK
  5
C21
330
C20
100
AcDbEntity
  8
0
100
AcDbBlockBegin
  2
*D50
 70
     1
 10
0.0
 20
0.0
 30
0.0
  3
*D50
  1

  0
LINE
  5
1A47
330
C20
100
AcDbEntity
  8
0
440
 16777216
370
    -2
100
AcDbLine
 10
5855.985415814043
 20
4327.049890178551
 30
0.0
 11
5851.483122410545
 21
4351.641135655524
 31
0.0
  0
LINE
  5
1A48
330
C20
100
AcDbEntity
  8
0
440
 16777216
370
    -2
100
AcDbLine
 10
5867.871470399275
 20
4262.129002119354
 30
0.0
 11
5872.373763802773
 21
4237.537756642381
 31
0.0
  0
MTEXT
  5
1A49
330
C20
100
AcDbEntity
  8
0
440
 16777216
370
    13
100
AcDbMText
 10
5863.369176995774
 20
4219.410799171863
 30
0.0
 40
30.0
 41
0.0
 46
0.0
 71
     5
 72
     1
  1
\A1;∅16
  7
ОФОРМИТЕЛЬ
 73
     1
 44
1.0
  0
SOLID
  5
1A4A
330
C20
100
AcDbEntity
  8
0
440
 16777216
100
AcDbTrace
 10
5860.083956726872
 20
4327.800272412467
 30
0.0
 11
5851.886874901214
 21
4326.299507944632
 31
0.0
 12
5860.487709217541
 22
4302.458644701576
 32
0.0
 13
5860.487709217541
 23
4302.458644701576
 33
0.0
  0
SOLID
  5
1A4B
330
C20
100
AcDbEntity
  8
0
440
 16777216
100
AcDbTrace
 10
5871.970011312104
 20
4262.879384353271
 30
0.0
 11
5863.772929486446
 21
4261.378619885436
 31
0.0
 12
5863.369176995774
 22
4286.720247596329
 32
0.0
 13
5863.369176995774
 23
4286.720247596329
 33
0.0
  0
LINE
  5
1A4C
330
C20
100
AcDbEntity
  8
0
440
 16777216
370
    -2
100
AcDbLine
 10
5861.838443106655
 20
4294.589446148953
 30
0.0
 11
5862.018443106656
 21
4294.589446148952
 31
0.0
  0
LINE
  5
1A4D
330
C20
100
AcDbEntity
  8
0
440
 16777216
370
    -2
100
AcDbLine
 10
5861.928443106656
 20
4294.49944614895
 30
0.0
 11
5861.928443106656
 21
4294.679446148951
 31
0.0
  0
POINT
  5
1A4E
330
C20
100
AcDbEntity
  8
DEFPOINTS
 62
     0
440
 16777216
100
AcDbPoint
 10
5863.369176995774
 20
4286.720247596329
 30
0.0
  0
POINT
  5
1A4F
330
C20
100
AcDbEntity
  8
DEFPOINTS
 62
     0
440
 16777216
100
AcDbPoint
 10
5860.487709217541
 20
4302.458644701576
 30
0.0
  0
ENDBLK
  5
C22
330
C20
100
AcDbEntity
  8
0
100
AcDbBlockEnd
  0
BLOCK
  5
C2D
330
C2C
100
AcDbEntity
  8
0
100
AcDbBlockBegin
  2
*D51
 70
     1
 10
0.0
 20
0.0
 30
0.0
  3
*D51
  1

  0
LINE
  5
1A3E
330
C2C
100
AcDbEntity
  8
0
440
 16777216
370
    -2
100
AcDbLine
 10
6556.761961006102
 20
4327.182504653857
 30
0.0
 11
6552.847959414773
 21
4351.874215642427
 31
0.0
  0
LINE
  5
1A3F
330
C2C
100
AcDbEntity
  8
0
440
 16777216
370
    -2
100
AcDbLine
 10
6567.094925207213
 20
4261.996387644045
 30
0.0
 11
6571.008926798544
 21
4237.304676655474
 31
0.0
  0
MTEXT
  5
1A40
330
C2C
100
AcDbEntity
  8
0
440
 16777216
370
    13
100
AcDbMText
 10
6560.278912082148
 20
4229.975821288884
 30
0.0
 40
30.0
 41
0.0
 46
0.0
 71
     5
 72
     1
  1
\A1;∅16
  7
ОФОРМИТЕЛЬ
 73
     1
 44
1.0
  0
SOLID
  5
1A41
330
C2C
100
AcDbEntity
  8
0
440
 16777216
100
AcDbTrace
 10
6560.877246170865
 20
4327.834838252413
 30
0.0
 11
6552.646675841342
 21
4326.530171055303
 31
0.0
 12
6560.675962597433
 22
4302.490793665287
 32
0.0
 13
6560.675962597433
 23
4302.490793665287
 33
0.0
  0
SOLID
  5
1A42
330
C2C
100
AcDbEntity
  8
0
440
 16777216
100
AcDbTrace
 10
6571.210210371976
 20
4262.6487212426
 30
0.0
 11
6562.979640042453
 21
4261.34405404549
 31
0.0
 12
6563.180923615883
 22
4286.688098632615
 32
0.0
 13
6563.180923615883
 23
4286.688098632615
 33
0.0
  0
LINE
  5
1A43
330
C2C
100
AcDbEntity
  8
0
440
 16777216
370
    -2
100
AcDbLine
 10
6561.83844310666
 20
4294.58944614895
 30
0.0
 11
6562.018443106659
 21
4294.58944614895
 31
0.0
  0
LINE
  5
1A44
330
C2C
100
AcDbEntity
  8
0
440
 16777216
370
    -2
100
AcDbLine
 10
6561.928443106658
 20
4294.49944614895
 30
0.0
 11
6561.928443106658
 21
4294.679446148951
 31
0.0
  0
POINT
  5
1A45
330
C2C
100
AcDbEntity
  8
DEFPOINTS
 62
     0
440
 16777216
100
AcDbPoint
 10
6563.180923615883
 20
4286.688098632615
 30
0.0
  0
POINT
  5
1A46
330
C2C
100
AcDbEntity
  8
DEFPOINTS
 62
     0
440
 16777216
100
AcDbPoint
 10
6560.675962597433
 20
4302.490793665287
 30
0.0
  0
ENDBLK
  5
C2E
330
C2C
100
AcDbEntity
  8
0
100
AcDbBlockEnd
  0
BLOCK
  5
C39
330
C38
100
AcDbEntity
  8
0
100
AcDbBlockBegin
  2
*D52
 70
     1
 10
0.0
 20
0.0
 30
0.0
  3
*D52
  1

  0
LINE
  5
1A34
330
C38
100
AcDbEntity
  8
0
440
 16777216
370
    -2
100
AcDbLine
 10
5651.928443106656
 20
4374.58944614895
 30
0.0
 11
5358.240847151561
 21
4374.58944614895
 31
0.0
  0
LINE
  5
1A35
330
C38
100
AcDbEntity
  8
0
440
 16777216
370
    -2
100
AcDbLine
 10
5651.928443106656
 20
3174.589446148952
 30
0.0
 11
5358.240847151561
 21
3174.589446148952
 31
0.0
  0
LINE
  5
1A36
330
C38
100
AcDbEntity
  8
0
440
 16777216
370
    -2
100
AcDbLine
 10
5368.240847151561
 20
4349.58944614895
 30
0.0
 11
5368.240847151561
 21
3794.589446148951
 31
0.0
  0
LINE
  5
1A37
330
C38
100
AcDbEntity
  8
0
440
 16777216
370
    -2
100
AcDbLine
 10
5368.240847151561
 20
3199.589446148952
 30
0.0
 11
5368.240847151561
 21
3754.589446148951
 31
0.0
  0
SOLID
  5
1A38
330
C38
100
AcDbEntity
  8
0
440
 16777216
100
AcDbTrace
 10
5364.074180484895
 20
4349.58944614895
 30
0.0
 11
5372.407513818227
 21
4349.58944614895
 31
0.0
 12
5368.240847151561
 22
4374.58944614895
 32
0.0
 13
5368.240847151561
 23
4374.58944614895
 33
0.0
  0
SOLID
  5
1A39
330
C38
100
AcDbEntity
  8
0
440
 16777216
100
AcDbTrace
 10
5364.074180484895
 20
3199.589446148952
 30
0.0
 11
5372.407513818227
 21
3199.589446148952
 31
0.0
 12
5368.240847151561
 22
3174.589446148952
 32
0.0
 13
5368.240847151561
 23
3174.589446148952
 33
0.0
  0
MTEXT
  5
1A3A
330
C38
100
AcDbEntity
  8
0
440
 16777216
370
    13
100
AcDbMText
 10
5368.24084715156
 20
3774.589446148952
 30
0.0
 40
30.0
 41
0.0
 46
0.0
 71
     5
 72
     1
  1
\A1;1200
  7
ОФОРМИТЕЛЬ
 73
     1
 44
1.0
  0
POINT
  5
1A3B
330
C38
100
AcDbEntity
  8
DEFPOINTS
 62
     0
440
 16777216
100
AcDbPoint
 10
5661.928443106656
 20
4374.58944614895
 30
0.0
  0
POINT
  5
1A3C
330
C38
100
AcDbEntity
  8
DEFPOINTS
 62
     0
440
 16777216
100
AcDbPoint
 10
5661.928443106656
 20
3174.589446148952
 30
0.0
  0
POINT
  5
1A3D
330
C38
100
AcDbEntity
  8
DEFPOINTS
 62
     0
440
 16777216
100
AcDbPoint
 10
5368.240847151561
 20
3174.589446148952
 30
0.0
  0
ENDBLK
  5
C3A
330
C38
100
AcDbEntity
  8
0
100
AcDbBlockEnd
  0
BLOCK
  5
C46
330
C45
100
AcDbEntity
  8
0
100
AcDbBlockBegin
  2
*D53
 70
     1
 10
0.0
 20
0.0
 30
0.0
  3
*D53
  1

  0
LINE
  5
1A2B
330
C45
100
AcDbEntity
  8
0
440
 16777216
370
    -2
100
AcDbLine
 10
7268.838443106806
 20
4294.58944614895
 30
0.0
 11
7382.077612337025
 21
4294.58944614895
 31
0.0
  0
LINE
  5
1A2C
330
C45
100
AcDbEntity
  8
0
440
 16777216
370
    -2
100
AcDbLine
 10
7291.928443106655
 20
4374.58944614895
 30
0.0
 11
7382.077612337025
 21
4374.58944614895
 31
0.0
  0
LINE
  5
1A2D
330
C45
100
AcDbEntity
  8
0
440
 16777216
370
    -2
100
AcDbLine
 10
7372.077612337026
 20
4319.589446148952
 30
0.0
 11
7372.077612337026
 21
4349.58944614895
 31
0.0
  0
MTEXT
  5
1A2E
330
C45
100
AcDbEntity
  8
0
440
 16777216
370
    13
100
AcDbMText
 10
7444.577612337024
 20
4334.589446148952
 30
0.0
 40
30.0
 41
0.0
 46
0.0
 71
     5
 72
     1
  1
\A1;80
  7
ОФОРМИТЕЛЬ
 73
     1
 44
1.0
  0
SOLID
  5
1A2F
330
C45
100
AcDbEntity
  8
0
440
 16777216
100
AcDbTrace
 10
7367.910945670359
 20
4319.589446148952
 30
0.0
 11
7376.244279003691
 21
4319.589446148952
 31
0.0
 12
7372.077612337026
 22
4294.58944614895
 32
0.0
 13
7372.077612337026
 23
4294.58944614895
 33
0.0
  0
SOLID
  5
1A30
330
C45
100
AcDbEntity
  8
0
440
 16777216
100
AcDbTrace
 10
7367.910945670359
 20
4349.58944614895
 30
0.0
 11
7376.244279003691
 21
4349.58944614895
 31
0.0
 12
7372.077612337026
 22
4374.58944614895
 32
0.0
 13
7372.077612337026
 23
4374.58944614895
 33
0.0
  0
POINT
  5
1A31
330
C45
100
AcDbEntity
  8
DEFPOINTS
 62
     0
440
 16777216
100
AcDbPoint
 10
7258.838443106808
 20
4294.58944614895
 30
0.0
  0
POINT
  5
1A32
330
C45
100
AcDbEntity
  8
DEFPOINTS
 62
     0
440
 16777216
100
AcDbPoint
 10
7281.928443106656
 20
4374.58944614895
 30
0.0
  0
POINT
  5
1A33
330
C45
100
AcDbEntity
  8
DEFPOINTS
 62
     0
440
 16777216
100
AcDbPoint
 10
7372.077612337026
 20
4374.58944614895
 30
0.0
  0
ENDBLK
  5
C47
330
C45
100
AcDbEntity
  8
0
100
AcDbBlockEnd
  0
BLOCK
  5
C52
330
C51
100
AcDbEntity
  8
0
100
AcDbBlockBegin
  2
*D54
 70
     1
 10
0.0
 20
0.0
 30
0.0
  3
*D54
  1

  0
LINE
  5
1A24
330
C51
100
AcDbEntity
  8
0
440
 16777216
370
    -2
100
AcDbLine
 10
7277.095906828384
 20
4027.917524024734
 30
0.0
 11
7266.501238058196
 21
4005.273474173836
 31
0.0
  0
MTEXT
  5
1A25
330
C51
100
AcDbEntity
  8
0
440
 16777216
370
    13
100
AcDbMText
 10
7243.361930082388
 20
3980.212350798683
 30
0.0
 40
30.0
 41
0.0
 46
0.0
 71
     5
 72
     1
  1
\A1;R10
  7
ОФОРМИТЕЛЬ
 73
     1
 44
1.0
  0
SOLID
  5
1A26
330
C51
100
AcDbEntity
  8
0
440
 16777216
100
AcDbTrace
 10
7273.321898519903
 20
4029.683302153098
 30
0.0
 11
7280.869915136867
 21
4026.151745896369
 31
0.0
 12
7287.690575598576
 22
4050.561573875631
 32
0.0
 13
7287.690575598576
 23
4050.561573875631
 33
0.0
  0
LINE
  5
1A27
330
C51
100
AcDbEntity
  8
0
440
 16777216
370
    -2
100
AcDbLine
 10
7291.838443106659
 20
4059.619193816003
 30
0.0
 11
7292.018443106659
 21
4059.619193816003
 31
0.0
  0
LINE
  5
1A28
330
C51
100
AcDbEntity
  8
0
440
 16777216
370
    -2
100
AcDbLine
 10
7291.928443106659
 20
4059.529193816002
 30
0.0
 11
7291.928443106659
 21
4059.709193816003
 31
0.0
  0
POINT
  5
1A29
330
C51
100
AcDbEntity
  8
DEFPOINTS
 62
     0
440
 16777216
100
AcDbPoint
 10
7287.690575598576
 20
4050.561573875631
 30
0.0
  0
POINT
  5
1A2A
330
C51
100
AcDbEntity
  8
DEFPOINTS
 62
     0
440
 16777216
100
AcDbPoint
 10
7291.928443106659
 20
4059.619193816003
 30
0.0
  0
ENDBLK
  5
C53
330
C51
100
AcDbEntity
  8
0
100
AcDbBlockEnd
  0
BLOCK
  5
C5C
330
C5B
100
AcDbEntity
  8
0
100
AcDbBlockBegin
  2
*D55
 70
     1
 10
0.0
 20
0.0
 30
0.0
  3
*D55
  1

  0
LINE
  5
1A1A
330
C5B
100
AcDbEntity
  8
0
440
 16777216
370
    -2
100
AcDbLine
 10
8612.620663062504
 20
4318.099965748959
 30
0.0
 11
8612.620663062504
 21
4539.072706363077
 31
0.0
  0
LINE
  5
1A1B
330
C5B
100
AcDbEntity
  8
0
440
 16777216
370
    -2
100
AcDbLine
 10
10412.6206630625
 20
4058.099965748959
 30
0.0
 11
10412.6206630625
 21
4539.072706363077
 31
0.0
  0
LINE
  5
1A1C
330
C5B
100
AcDbEntity
  8
0
440
 16777216
370
    -2
100
AcDbLine
 10
8637.620663062504
 20
4529.072706363076
 30
0.0
 11
9462.620663062503
 21
4529.072706363076
 31
0.0
  0
LINE
  5
1A1D
330
C5B
100
AcDbEntity
  8
0
440
 16777216
370
    -2
100
AcDbLine
 10
10387.6206630625
 20
4529.072706363076
 30
0.0
 11
9562.620663062503
 21
4529.072706363076
 31
0.0
  0
SOLID
  5
1A1E
330
C5B
100
AcDbEntity
  8
0
440
 16777216
100
AcDbTrace
 10
8637.620663062504
 20
4533.239373029743
 30
0.0
 11
8637.620663062504
 21
4524.90603969641
 31
0.0
 12
8612.620663062504
 22
4529.072706363076
 32
0.0
 13
8612.620663062504
 23
4529.072706363076
 33
0.0
  0
SOLID
  5
1A1F
330
C5B
100
AcDbEntity
  8
0
440
 16777216
100
AcDbTrace
 10
10387.6206630625
 20
4533.239373029743
 30
0.0
 11
10387.6206630625
 21
4524.90603969641
 31
0.0
 12
10412.6206630625
 22
4529.072706363076
 32
0.0
 13
10412.6206630625
 23
4529.072706363076
 33
0.0
  0
MTEXT
  5
1A20
330
C5B
100
AcDbEntity
  8
0
440
 16777216
370
    13
100
AcDbMText
 10
9512.620663062504
 20
4529.072706363076
 30
0.0
 40
30.0
 41
0.0
 46
0.0
 71
     5
 72
     1
  1
\A1;1800
  7
ОФОРМИТЕЛЬ
 73
     1
 44
1.0
  0
POINT
  5
1A21
330
C5B
100
AcDbEntity
  8
DEFPOINTS
 62
     0
440
 16777216
100
AcDbPoint
 10
8612.620663062504
 20
4308.099965748958
 30
0.0
  0
POINT
  5
1A22
330
C5B
100
AcDbEntity
  8
DEFPOINTS
 62
     0
440
 16777216
100
AcDbPoint
 10
10412.6206630625
 20
4048.099965748959
 30
0.0
  0
POINT
  5
1A23
330
C5B
100
AcDbEntity
  8
DEFPOINTS
 62
     0
440
 16777216
100
AcDbPoint
 10
10412.6206630625
 20
4529.072706363076
 30
0.0
  0
ENDBLK
  5
C5D
330
C5B
100
AcDbEntity
  8
0
100
AcDbBlockEnd
  0
BLOCK
  5
C69
330
C68
100
AcDbEntity
  8
0
100
AcDbBlockBegin
  2
*D56
 70
     1
 10
0.0
 20
0.0
 30
0.0
  3
*D56
  1

  0
LINE
  5
1A10
330
C68
100
AcDbEntity
  8
0
440
 16777216
370
    -2
100
AcDbLine
 10
8612.620663062504
 20
4318.099965748959
 30
0.0
 11
8612.620663062504
 21
4404.660621541348
 31
0.0
  0
LINE
  5
1A11
330
C68
100
AcDbEntity
  8
0
440
 16777216
370
    -2
100
AcDbLine
 10
8812.620663062501
 20
4238.099965748958
 30
0.0
 11
8812.620663062501
 21
4404.660621541348
 31
0.0
  0
LINE
  5
1A12
330
C68
100
AcDbEntity
  8
0
440
 16777216
370
    -2
100
AcDbLine
 10
8637.620663062504
 20
4394.660621541349
 30
0.0
 11
8672.620663062504
 21
4394.660621541349
 31
0.0
  0
LINE
  5
1A13
330
C68
100
AcDbEntity
  8
0
440
 16777216
370
    -2
100
AcDbLine
 10
8787.620663062503
 20
4394.660621541349
 30
0.0
 11
8752.620663062504
 21
4394.660621541349
 31
0.0
  0
SOLID
  5
1A14
330
C68
100
AcDbEntity
  8
0
440
 16777216
100
AcDbTrace
 10
8637.620663062504
 20
4398.827288208015
 30
0.0
 11
8637.620663062504
 21
4390.49395487468
 31
0.0
 12
8612.620663062504
 22
4394.660621541349
 32
0.0
 13
8612.620663062504
 23
4394.660621541349
 33
0.0
  0
SOLID
  5
1A15
330
C68
100
AcDbEntity
  8
0
440
 16777216
100
AcDbTrace
 10
8787.620663062503
 20
4398.827288208015
 30
0.0
 11
8787.620663062503
 21
4390.49395487468
 31
0.0
 12
8812.620663062501
 22
4394.660621541349
 32
0.0
 13
8812.620663062501
 23
4394.660621541349
 33
0.0
  0
MTEXT
  5
1A16
330
C68
100
AcDbEntity
  8
0
440
 16777216
370
    13
100
AcDbMText
 10
8712.620663062502
 20
4394.660621541349
 30
0.0
 40
30.0
 41
0.0
 46
0.0
 71
     5
 72
     1
  1
\A1;200
  7
ОФОРМИТЕЛЬ
 73
     1
 44
1.0
  0
POINT
  5
1A17
330
C68
100
AcDbEntity
  8
DEFPOINTS
 62
     0
440
 16777216
100
AcDbPoint
 10
8612.620663062504
 20
4308.099965748958
 30
0.0
  0
POINT
  5
1A18
330
C68
100
AcDbEntity
  8
DEFPOINTS
 62
     0
440
 16777216
100
AcDbPoint
 10
8812.620663062501
 20
4228.099965748958
 30
0.0
  0
POINT
  5
1A19
330
C68
100
AcDbEntity
  8
DEFPOINTS
 62
     0
440
 16777216
100
AcDbPoint
 10
8812.620663062501
 20
4394.660621541349
 30
0.0
  0
ENDBLK
  5
C6A
330
C68
100
AcDbEntity
  8
0
100
AcDbBlockEnd
  0
BLOCK
  5
C76
330
C75
100
AcDbEntity
  8
0
100
AcDbBlockBegin
  2
*D57
 70
     1
 10
0.0
 20
0.0
 30
0.0
  3
*D57
  1

  0
LINE
  5
1A06
330
C75
100
AcDbEntity
  8
0
440
 16777216
370
    -2
100
AcDbLine
 10
8812.620663062501
 20
4238.099965748958
 30
0.0
 11
8812.620663062501
 21
4404.660621541348
 31
0.0
  0
LINE
  5
1A07
330
C75
100
AcDbEntity
  8
0
440
 16777216
370
    -2
100
AcDbLine
 10
9512.620663062504
 20
4238.099965748958
 30
0.0
 11
9512.620663062504
 21
4404.660621541348
 31
0.0
  0
LINE
  5
1A08
330
C75
100
AcDbEntity
  8
0
440
 16777216
370
    -2
100
AcDbLine
 10
8837.620663062502
 20
4394.660621541349
 30
0.0
 11
9122.620663062503
 21
4394.660621541349
 31
0.0
  0
LINE
  5
1A09
330
C75
100
AcDbEntity
  8
0
440
 16777216
370
    -2
100
AcDbLine
 10
9487.620663062504
 20
4394.660621541349
 30
0.0
 11
9202.620663062504
 21
4394.660621541349
 31
0.0
  0
SOLID
  5
1A0A
330
C75
100
AcDbEntity
  8
0
440
 16777216
100
AcDbTrace
 10
8837.620663062502
 20
4398.827288208015
 30
0.0
 11
8837.620663062502
 21
4390.49395487468
 31
0.0
 12
8812.620663062501
 22
4394.660621541349
 32
0.0
 13
8812.620663062501
 23
4394.660621541349
 33
0.0
  0
SOLID
  5
1A0B
330
C75
100
AcDbEntity
  8
0
440
 16777216
100
AcDbTrace
 10
9487.620663062504
 20
4398.827288208015
 30
0.0
 11
9487.620663062504
 21
4390.49395487468
 31
0.0
 12
9512.620663062504
 22
4394.660621541349
 32
0.0
 13
9512.620663062504
 23
4394.660621541349
 33
0.0
  0
MTEXT
  5
1A0C
330
C75
100
AcDbEntity
  8
0
440
 16777216
370
    13
100
AcDbMText
 10
9162.620663062503
 20
4394.660621541349
 30
0.0
 40
30.0
 41
0.0
 46
0.0
 71
     5
 72
     1
  1
\A1;700
  7
ОФОРМИТЕЛЬ
 73
     1
 44
1.0
  0
POINT
  5
1A0D
330
C75
100
AcDbEntity
  8
DEFPOINTS
 62
     0
440
 16777216
100
AcDbPoint
 10
8812.620663062501
 20
4228.099965748958
 30
0.0
  0
POINT
  5
1A0E
330
C75
100
AcDbEntity
  8
DEFPOINTS
 62
     0
440
 16777216
100
AcDbPoint
 10
9512.620663062504
 20
4228.099965748958
 30
0.0
  0
POINT
  5
1A0F
330
C75
100
AcDbEntity
  8
DEFPOINTS
 62
     0
440
 16777216
100
AcDbPoint
 10
9512.620663062504
 20
4394.660621541349
 30
0.0
  0
ENDBLK
  5
C77
330
C75
100
AcDbEntity
  8
0
100
AcDbBlockEnd
  0
BLOCK
  5
C83
330
C82
100
AcDbEntity
  8
0
100
AcDbBlockBegin
  2
*D58
 70
     1
 10
0.0
 20
0.0
 30
0.0
  3
*D58
  1

  0
LINE
  5
19FC
330
C82
100
AcDbEntity
  8
0
440
 16777216
370
    -2
100
AcDbLine
 10
10242.6206630625
 20
4308.099965748958
 30
0.0
 11
10498.97739956604
 21
4308.099965748958
 31
0.0
  0
LINE
  5
19FD
330
C82
100
AcDbEntity
  8
0
440
 16777216
370
    -2
100
AcDbLine
 10
10422.6206630625
 20
4048.099965748959
 30
0.0
 11
10498.97739956604
 21
4048.099965748959
 31
0.0
  0
LINE
  5
19FE
330
C82
100
AcDbEntity
  8
0
440
 16777216
370
    -2
100
AcDbLine
 10
10488.97739956605
 20
4283.099965748959
 30
0.0
 11
10488.97739956605
 21
4198.099965748958
 31
0.0
  0
LINE
  5
19FF
330
C82
100
AcDbEntity
  8
0
440
 16777216
370
    -2
100
AcDbLine
 10
10488.97739956604
 20
4073.099965748959
 30
0.0
 11
10488.97739956605
 21
4158.099965748959
 31
0.0
  0
SOLID
  5
1A00
330
C82
100
AcDbEntity
  8
0
440
 16777216
100
AcDbTrace
 10
10484.81073289938
 20
4283.099965748959
 30
0.0
 11
10493.14406623271
 21
4283.099965748959
 31
0.0
 12
10488.97739956605
 22
4308.099965748958
 32
0.0
 13
10488.97739956605
 23
4308.099965748958
 33
0.0
  0
SOLID
  5
1A01
330
C82
100
AcDbEntity
  8
0
440
 16777216
100
AcDbTrace
 10
10484.81073289938
 20
4073.099965748959
 30
0.0
 11
10493.14406623271
 21
4073.099965748959
 31
0.0
 12
10488.97739956604
 22
4048.099965748959
 32
0.0
 13
10488.97739956604
 23
4048.099965748959
 33
0.0
  0
MTEXT
  5
1A02
330
C82
100
AcDbEntity
  8
0
440
 16777216
370
    13
100
AcDbMText
 10
10488.97739956604
 20
4178.09996574896
 30
0.0
 40
30.0
 41
0.0
 46
0.0
 71
     5
 72
     1
  1
\A1;260
  7
ОФОРМИТЕЛЬ
 73
     1
 44
1.0
  0
POINT
  5
1A03
330
C82
100
AcDbEntity
  8
DEFPOINTS
 62
     0
440
 16777216
100
AcDbPoint
 10
10232.6206630625
 20
4308.099965748958
 30
0.0
  0
POINT
  5
1A04
330
C82
100
AcDbEntity
  8
DEFPOINTS
 62
     0
440
 16777216
100
AcDbPoint
 10
10412.6206630625
 20
4048.099965748959
 30
0.0
  0
POINT
  5
1A05
330
C82
100
AcDbEntity
  8
DEFPOINTS
 62
     0
440
 16777216
100
AcDbPoint
 10
10488.97739956604
 20
4048.099965748959
 30
0.0
  0
ENDBLK
  5
C84
330
C82
100
AcDbEntity
  8
0
100
AcDbBlockEnd
  0
BLOCK
  5
C90
330
C8F
100
AcDbEntity
  8
0
100
AcDbBlockBegin
  2
*D59
 70
     1
 10
0.0
 20
0.0
 30
0.0
  3
*D59
  1

  0
LINE
  5
19F2
330
C8F
100
AcDbEntity
  8
0
440
 16777216
370
    -2
100
AcDbLine
 10
10232.6206630625
 20
4318.099965748959
 30
0.0
 11
10232.6206630625
 21
4421.231974464579
 31
0.0
  0
LINE
  5
19F3
330
C8F
100
AcDbEntity
  8
0
440
 16777216
370
    -2
100
AcDbLine
 10
10412.6206630625
 20
4058.099965748959
 30
0.0
 11
10412.6206630625
 21
4421.231974464579
 31
0.0
  0
LINE
  5
19F4
330
C8F
100
AcDbEntity
  8
0
440
 16777216
370
    -2
100
AcDbLine
 10
10257.6206630625
 20
4411.23197446458
 30
0.0
 11
10285.1206630625
 21
4411.23197446458
 31
0.0
  0
LINE
  5
19F5
330
C8F
100
AcDbEntity
  8
0
440
 16777216
370
    -2
100
AcDbLine
 10
10387.6206630625
 20
4411.23197446458
 30
0.0
 11
10360.1206630625
 21
4411.23197446458
 31
0.0
  0
SOLID
  5
19F6
330
C8F
100
AcDbEntity
  8
0
440
 16777216
100
AcDbTrace
 10
10257.6206630625
 20
4415.398641131245
 30
0.0
 11
10257.6206630625
 21
4407.065307797912
 31
0.0
 12
10232.6206630625
 22
4411.23197446458
 32
0.0
 13
10232.6206630625
 23
4411.23197446458
 33
0.0
  0
SOLID
  5
19F7
330
C8F
100
AcDbEntity
  8
0
440
 16777216
100
AcDbTrace
 10
10387.6206630625
 20
4415.398641131245
 30
0.0
 11
10387.6206630625
 21
4407.065307797912
 31
0.0
 12
10412.6206630625
 22
4411.23197446458
 32
0.0
 13
10412.6206630625
 23
4411.23197446458
 33
0.0
  0
MTEXT
  5
19F8
330
C8F
100
AcDbEntity
  8
0
440
 16777216
370
    13
100
AcDbMText
 10
10322.6206630625
 20
4411.23197446458
 30
0.0
 40
30.0
 41
0.0
 46
0.0
 71
     5
 72
     1
  1
\A1;180
  7
ОФОРМИТЕЛЬ
 73
     1
 44
1.0
  0
POINT
  5
19F9
330
C8F
100
AcDbEntity
  8
DEFPOINTS
 62
     0
440
 16777216
100
AcDbPoint
 10
10232.6206630625
 20
4308.099965748958
 30
0.0
  0
POINT
  5
19FA
330
C8F
100
AcDbEntity
  8
DEFPOINTS
 62
     0
440
 16777216
100
AcDbPoint
 10
10412.6206630625
 20
4048.099965748959
 30
0.0
  0
POINT
  5
19FB
330
C8F
100
AcDbEntity
  8
DEFPOINTS
 62
     0
440
 16777216
100
AcDbPoint
 10
10412.6206630625
 20
4411.23197446458
 30
0.0
  0
ENDBLK
  5
C91
330
C8F
100
AcDbEntity
  8
0
100
AcDbBlockEnd
  0
BLOCK
  5
C9D
330
C9C
100
AcDbEntity
  8
0
100
AcDbBlockBegin
  2
*D60
 70
     1
 10
0.0
 20
0.0
 30
0.0
  3
*D60
  1

  0
LINE
  5
19E9
330
C9C
100
AcDbEntity
  8
0
440
 16777216
370
    -2
100
AcDbLine
 10
10219.6206630625
 20
4228.099965748958
 30
0.0
 11
10320.37504028233
 21
4228.099965748958
 31
0.0
  0
LINE
  5
19EA
330
C9C
100
AcDbEntity
  8
0
440
 16777216
370
    -2
100
AcDbLine
 10
10242.6206630625
 20
4308.099965748958
 30
0.0
 11
10320.37504028233
 21
4308.099965748958
 31
0.0
  0
LINE
  5
19EB
330
C9C
100
AcDbEntity
  8
0
440
 16777216
370
    -2
100
AcDbLine
 10
10310.37504028233
 20
4253.099965748956
 30
0.0
 11
10310.37504028233
 21
4283.099965748959
 31
0.0
  0
MTEXT
  5
19EC
330
C9C
100
AcDbEntity
  8
0
440
 16777216
370
    13
100
AcDbMText
 10
10382.87504028233
 20
4268.09996574896
 30
0.0
 40
30.0
 41
0.0
 46
0.0
 71
     5
 72
     1
  1
\A1;80
  7
ОФОРМИТЕЛЬ
 73
     1
 44
1.0
  0
SOLID
  5
19ED
330
C9C
100
AcDbEntity
  8
0
440
 16777216
100
AcDbTrace
 10
10306.20837361566
 20
4253.099965748956
 30
0.0
 11
10314.54170694899
 21
4253.099965748956
 31
0.0
 12
10310.37504028233
 22
4228.099965748958
 32
0.0
 13
10310.37504028233
 23
4228.099965748958
 33
0.0
  0
SOLID
  5
19EE
330
C9C
100
AcDbEntity
  8
0
440
 16777216
100
AcDbTrace
 10
10306.20837361566
 20
4283.099965748959
 30
0.0
 11
10314.54170694899
 21
4283.099965748959
 31
0.0
 12
10310.37504028233
 22
4308.099965748958
 32
0.0
 13
10310.37504028233
 23
4308.099965748958
 33
0.0
  0
POINT
  5
19EF
330
C9C
100
AcDbEntity
  8
DEFPOINTS
 62
     0
440
 16777216
100
AcDbPoint
 10
10209.6206630625
 20
4228.099965748958
 30
0.0
  0
POINT
  5
19F0
330
C9C
100
AcDbEntity
  8
DEFPOINTS
 62
     0
440
 16777216
100
AcDbPoint
 10
10232.6206630625
 20
4308.099965748958
 30
0.0
  0
POINT
  5
19F1
330
C9C
100
AcDbEntity
  8
DEFPOINTS
 62
     0
440
 16777216
100
AcDbPoint
 10
10310.37504028233
 20
4308.099965748958
 30
0.0
  0
ENDBLK
  5
C9E
330
C9C
100
AcDbEntity
  8
0
100
AcDbBlockEnd
  0
BLOCK
  5
CA9
330
CA8
100
AcDbEntity
  8
0
100
AcDbBlockBegin
  2
*D61
 70
     1
 10
0.0
 20
0.0
 30
0.0
  3
*D61
  1

  0
LINE
  5
19E2
330
CA8
100
AcDbEntity
  8
0
440
 16777216
370
    -2
100
AcDbLine
 10
10174.98434052525
 20
4233.132376812045
 30
0.0
 11
10150.24411014163
 21
4236.726956142804
 31
0.0
  0
MTEXT
  5
19E3
330
CA8
100
AcDbEntity
  8
0
440
 16777216
370
    13
100
AcDbMText
 10
10102.11111005472
 20
4243.720338361337
 30
0.0
 40
30.0
 41
0.0
 46
0.0
 71
     5
 72
     1
  1
\A1;R10
  7
ОФОРМИТЕЛЬ
 73
     1
 44
1.0
  0
SOLID
  5
19E4
330
CA8
100
AcDbEntity
  8
0
440
 16777216
100
AcDbTrace
 10
10175.58343708038
 20
4237.25574854265
 30
0.0
 11
10174.38524397013
 21
4229.009005081439
 31
0.0
 12
10199.72457090888
 22
4229.537797481287
 32
0.0
 13
10199.72457090888
 23
4229.537797481287
 33
0.0
  0
LINE
  5
19E5
330
CA8
100
AcDbEntity
  8
0
440
 16777216
370
    -2
100
AcDbLine
 10
10209.5306630625
 20
4228.099965748958
 30
0.0
 11
10209.7106630625
 21
4228.099965748958
 31
0.0
  0
LINE
  5
19E6
330
CA8
100
AcDbEntity
  8
0
440
 16777216
370
    -2
100
AcDbLine
 10
10209.6206630625
 20
4228.009965748959
 30
0.0
 11
10209.6206630625
 21
4228.189965748958
 31
0.0
  0
POINT
  5
19E7
330
CA8
100
AcDbEntity
  8
DEFPOINTS
 62
     0
440
 16777216
100
AcDbPoint
 10
10199.72457090888
 20
4229.537797481287
 30
0.0
  0
POINT
  5
19E8
330
CA8
100
AcDbEntity
  8
DEFPOINTS
 62
     0
440
 16777216
100
AcDbPoint
 10
10209.6206630625
 20
4228.099965748958
 30
0.0
  0
ENDBLK
  5
CAA
330
CA8
100
AcDbEntity
  8
0
100
AcDbBlockEnd
  0
BLOCK
  5
CB3
330
CB2
100
AcDbEntity
  8
0
100
AcDbBlockBegin
  2
*D62
 70
     1
 10
0.0
 20
0.0
 30
0.0
  3
*D62
  1

  0
LINE
  5
19DB
330
CB2
100
AcDbEntity
  8
0
440
 16777216
370
    -2
100
AcDbLine
 10
10216.52412917846
 20
4034.806529258624
 30
0.0
 11
10197.88374783272
 21
4018.14711200335
 31
0.0
  0
MTEXT
  5
19DC
330
CB2
100
AcDbEntity
  8
0
440
 16777216
370
    13
100
AcDbMText
 10
10183.50061946392
 20
3980.34802875077
 30
0.0
 40
30.0
 41
0.0
 46
0.0
 71
     5
 72
     1
  1
\A1;R10
  7
ОФОРМИТЕЛЬ
 73
     1
 44
1.0
  0
SOLID
  5
19DD
330
CB2
100
AcDbEntity
  8
0
440
 16777216
100
AcDbTrace
 10
10213.74755963591
 20
4037.913259482913
 30
0.0
 11
10219.300698721
 21
4031.699799034333
 31
0.0
 12
10235.1645105242
 22
4051.465946513896
 32
0.0
 13
10235.1645105242
 23
4051.465946513896
 33
0.0
  0
LINE
  5
19DE
330
CB2
100
AcDbEntity
  8
0
440
 16777216
370
    -2
100
AcDbLine
 10
10242.5306630625
 20
4058.129713416014
 30
0.0
 11
10242.7106630625
 21
4058.129713416013
 31
0.0
  0
LINE
  5
19DF
330
CB2
100
AcDbEntity
  8
0
440
 16777216
370
    -2
100
AcDbLine
 10
10242.6206630625
 20
4058.039713416014
 30
0.0
 11
10242.6206630625
 21
4058.219713416013
 31
0.0
  0
POINT
  5
19E0
330
CB2
100
AcDbEntity
  8
DEFPOINTS
 62
     0
440
 16777216
100
AcDbPoint
 10
10235.1645105242
 20
4051.465946513896
 30
0.0
  0
POINT
  5
19E1
330
CB2
100
AcDbEntity
  8
DEFPOINTS
 62
     0
440
 16777216
100
AcDbPoint
 10
10242.6206630625
 20
4058.129713416014
 30
0.0
  0
ENDBLK
  5
CB4
330
CB2
100
AcDbEntity
  8
0
100
AcDbBlockEnd
  0
BLOCK
  5
CBD
330
CBC
100
AcDbEntity
  8
0
100
AcDbBlockBegin
  2
*D63
 70
     1
 10
0.0
 20
0.0
 30
0.0
  3
*D63
  1

  0
LINE
  5
19D1
330
CBC
100
AcDbEntity
  8
0
440
 16777216
370
    -2
100
AcDbLine
 10
10209.53066306265
 20
4218.099965748958
 30
0.0
 11
10209.53066306265
 21
4172.584704746987
 31
0.0
  0
LINE
  5
19D2
330
CBC
100
AcDbEntity
  8
0
440
 16777216
370
    -2
100
AcDbLine
 10
10232.6206630625
 20
4298.099965748958
 30
0.0
 11
10232.6206630625
 21
4172.584704746987
 31
0.0
  0
LINE
  5
19D3
330
CBC
100
AcDbEntity
  8
0
440
 16777216
370
    -2
100
AcDbLine
 10
10184.53066306265
 20
4182.584704746987
 30
0.0
 11
10159.53066306265
 21
4182.584704746987
 31
0.0
  0
LINE
  5
19D4
330
CBC
100
AcDbEntity
  8
0
440
 16777216
370
    -2
100
AcDbLine
 10
10257.6206630625
 20
4182.584704746987
 30
0.0
 11
10282.6206630625
 21
4182.584704746987
 31
0.0
  0
MTEXT
  5
19D5
330
CBC
100
AcDbEntity
  8
0
440
 16777216
370
    13
100
AcDbMText
 10
10221.07566306258
 20
4110.084704746987
 30
0.0
 40
30.0
 41
0.0
 46
0.0
 71
     5
 72
     1
  1
\A1;23
  7
ОФОРМИТЕЛЬ
 73
     1
 44
1.0
  0
SOLID
  5
19D6
330
CBC
100
AcDbEntity
  8
0
440
 16777216
100
AcDbTrace
 10
10184.53066306265
 20
4186.751371413654
 30
0.0
 11
10184.53066306265
 21
4178.418038080319
 31
0.0
 12
10209.53066306265
 22
4182.584704746987
 32
0.0
 13
10209.53066306265
 23
4182.584704746987
 33
0.0
  0
SOLID
  5
19D7
330
CBC
100
AcDbEntity
  8
0
440
 16777216
100
AcDbTrace
 10
10257.6206630625
 20
4186.751371413654
 30
0.0
 11
10257.6206630625
 21
4178.418038080319
 31
0.0
 12
10232.6206630625
 22
4182.584704746987
 32
0.0
 13
10232.6206630625
 23
4182.584704746987
 33
0.0
  0
POINT
  5
19D8
330
CBC
100
AcDbEntity
  8
DEFPOINTS
 62
     0
440
 16777216
100
AcDbPoint
 10
10209.53066306265
 20
4228.099965748958
 30
0.0
  0
POINT
  5
19D9
330
CBC
100
AcDbEntity
  8
DEFPOINTS
 62
     0
440
 16777216
100
AcDbPoint
 10
10232.6206630625
 20
4308.099965748958
 30
0.0
  0
POINT
  5
19DA
330
CBC
100
AcDbEntity
  8
DEFPOINTS
 62
     0
440
 16777216
100
AcDbPoint
 10
10232.6206630625
 20
4182.584704746987
 30
0.0
  0
ENDBLK
  5
CBE
330
CBC
100
AcDbEntity
  8
0
100
AcDbBlockEnd
  0
BLOCK
  5
CCA
330
CC9
100
AcDbEntity
  8
0
100
AcDbBlockBegin
  2
*D64
 70
     1
 10
0.0
 20
0.0
 30
0.0
  3
*D64
  1

  0
LINE
  5
19C8
330
CC9
100
AcDbEntity
  8
0
440
 16777216
370
    -2
100
AcDbLine
 10
9502.620663062504
 20
4228.099965748958
 30
0.0
 11
8505.679106082601
 21
4228.099965748958
 31
0.0
  0
LINE
  5
19C9
330
CC9
100
AcDbEntity
  8
0
440
 16777216
370
    -2
100
AcDbLine
 10
8602.620663062504
 20
4308.099965748958
 30
0.0
 11
8505.679106082601
 21
4308.099965748958
 31
0.0
  0
LINE
  5
19CA
330
CC9
100
AcDbEntity
  8
0
440
 16777216
370
    -2
100
AcDbLine
 10
8515.679106082602
 20
4253.099965748957
 30
0.0
 11
8515.679106082602
 21
4283.099965748959
 31
0.0
  0
MTEXT
  5
19CB
330
CC9
100
AcDbEntity
  8
0
440
 16777216
370
    13
100
AcDbMText
 10
8473.1791060826
 20
4268.09996574896
 30
0.0
 40
30.0
 41
0.0
 46
0.0
 71
     5
 72
     1
  1
\A1;80
  7
ОФОРМИТЕЛЬ
 73
     1
 44
1.0
  0
SOLID
  5
19CC
330
CC9
100
AcDbEntity
  8
0
440
 16777216
100
AcDbTrace
 10
8511.512439415936
 20
4253.099965748957
 30
0.0
 11
8519.845772749269
 21
4253.099965748957
 31
0.0
 12
8515.679106082602
 22
4228.099965748958
 32
0.0
 13
8515.679106082602
 23
4228.099965748958
 33
0.0
  0
SOLID
  5
19CD
330
CC9
100
AcDbEntity
  8
0
440
 16777216
100
AcDbTrace
 10
8511.512439415936
 20
4283.099965748959
 30
0.0
 11
8519.845772749269
 21
4283.099965748959
 31
0.0
 12
8515.679106082602
 22
4308.099965748958
 32
0.0
 13
8515.679106082602
 23
4308.099965748958
 33
0.0
  0
POINT
  5
19CE
330
CC9
100
AcDbEntity
  8
DEFPOINTS
 62
     0
440
 16777216
100
AcDbPoint
 10
9512.620663062504
 20
4228.099965748958
 30
0.0
  0
POINT
  5
19CF
330
CC9
100
AcDbEntity
  8
DEFPOINTS
 62
     0
440
 16777216
100
AcDbPoint
 10
8612.620663062504
 20
4308.099965748958
 30
0.0
  0
POINT
  5
19D0
330
CC9
100
AcDbEntity
  8
DEFPOINTS
 62
     0
440
 16777216
100
AcDbPoint
 10
8515.679106082602
 20
4308.099965748958
 30
0.0
  0
ENDBLK
  5
CCB
330
CC9
100
AcDbEntity
  8
0
100
AcDbBlockEnd
  0
BLOCK
  5
CD6
330
CD5
100
AcDbEntity
  8
0
100
AcDbBlockBegin
  2
*D65
 70
     1
 10
0.0
 20
0.0
 30
0.0
  3
*D65
  1

  0
LINE
  5
19BE
330
CD5
100
AcDbEntity
  8
0
440
 16777216
370
    -2
100
AcDbLine
 10
10202.6206630625
 20
3308.099965748958
 30
0.0
 11
8457.25393031754
 21
3308.09996574896
 31
0.0
  0
LINE
  5
19BF
330
CD5
100
AcDbEntity
  8
0
440
 16777216
370
    -2
100
AcDbLine
 10
8602.620663062504
 20
3108.099965748959
 30
0.0
 11
8457.25393031754
 21
3108.099965748959
 31
0.0
  0
LINE
  5
19C0
330
CD5
100
AcDbEntity
  8
0
440
 16777216
370
    -2
100
AcDbLine
 10
8467.253930317538
 20
3283.09996574896
 30
0.0
 11
8467.253930317538
 21
3228.09996574896
 31
0.0
  0
LINE
  5
19C1
330
CD5
100
AcDbEntity
  8
0
440
 16777216
370
    -2
100
AcDbLine
 10
8467.253930317538
 20
3133.099965748959
 30
0.0
 11
8467.253930317538
 21
3188.099965748959
 31
0.0
  0
SOLID
  5
19C2
330
CD5
100
AcDbEntity
  8
0
440
 16777216
100
AcDbTrace
 10
8463.087263650873
 20
3283.09996574896
 30
0.0
 11
8471.420596984204
 21
3283.09996574896
 31
0.0
 12
8467.253930317538
 22
3308.09996574896
 32
0.0
 13
8467.253930317538
 23
3308.09996574896
 33
0.0
  0
SOLID
  5
19C3
330
CD5
100
AcDbEntity
  8
0
440
 16777216
100
AcDbTrace
 10
8463.087263650873
 20
3133.099965748959
 30
0.0
 11
8471.420596984204
 21
3133.099965748959
 31
0.0
 12
8467.253930317538
 22
3108.099965748959
 32
0.0
 13
8467.253930317538
 23
3108.099965748959
 33
0.0
  0
MTEXT
  5
19C4
330
CD5
100
AcDbEntity
  8
0
440
 16777216
370
    13
100
AcDbMText
 10
8467.253930317538
 20
3208.099965748961
 30
0.0
 40
30.0
 41
0.0
 46
0.0
 71
     5
 72
     1
  1
\A1;200
  7
ОФОРМИТЕЛЬ
 73
     1
 44
1.0
  0
POINT
  5
19C5
330
CD5
100
AcDbEntity
  8
DEFPOINTS
 62
     0
440
 16777216
100
AcDbPoint
 10
10212.6206630625
 20
3308.099965748958
 30
0.0
  0
POINT
  5
19C6
330
CD5
100
AcDbEntity
  8
DEFPOINTS
 62
     0
440
 16777216
100
AcDbPoint
 10
8612.620663062504
 20
3108.099965748959
 30
0.0
  0
POINT
  5
19C7
330
CD5
100
AcDbEntity
  8
DEFPOINTS
 62
     0
440
 16777216
100
AcDbPoint
 10
8467.253930317538
 20
3108.099965748959
 30
0.0
  0
ENDBLK
  5
CD7
330
CD5
100
AcDbEntity
  8
0
100
AcDbBlockEnd
  0
BLOCK
  5
CE3
330
CE2
100
AcDbEntity
  8
0
100
AcDbBlockBegin
  2
*D66
 70
     1
 10
0.0
 20
0.0
 30
0.0
  3
*D66
  1

  0
LINE
  5
19B4
330
CE2
100
AcDbEntity
  8
0
440
 16777216
370
    -2
100
AcDbLine
 10
8612.620663062504
 20
3098.099965748959
 30
0.0
 11
8612.620663062504
 21
3001.669593623694
 31
0.0
  0
LINE
  5
19B5
330
CE2
100
AcDbEntity
  8
0
440
 16777216
370
    -2
100
AcDbLine
 10
8812.620663062501
 20
3298.099965748959
 30
0.0
 11
8812.620663062501
 21
3001.669593623694
 31
0.0
  0
LINE
  5
19B6
330
CE2
100
AcDbEntity
  8
0
440
 16777216
370
    -2
100
AcDbLine
 10
8637.620663062504
 20
3011.669593623694
 30
0.0
 11
8672.620663062504
 21
3011.669593623694
 31
0.0
  0
LINE
  5
19B7
330
CE2
100
AcDbEntity
  8
0
440
 16777216
370
    -2
100
AcDbLine
 10
8787.620663062503
 20
3011.669593623694
 30
0.0
 11
8752.620663062504
 21
3011.669593623694
 31
0.0
  0
SOLID
  5
19B8
330
CE2
100
AcDbEntity
  8
0
440
 16777216
100
AcDbTrace
 10
8637.620663062504
 20
3015.836260290361
 30
0.0
 11
8637.620663062504
 21
3007.502926957027
 31
0.0
 12
8612.620663062504
 22
3011.669593623694
 32
0.0
 13
8612.620663062504
 23
3011.669593623694
 33
0.0
  0
SOLID
  5
19B9
330
CE2
100
AcDbEntity
  8
0
440
 16777216
100
AcDbTrace
 10
8787.620663062503
 20
3015.836260290361
 30
0.0
 11
8787.620663062503
 21
3007.502926957027
 31
0.0
 12
8812.620663062501
 22
3011.669593623694
 32
0.0
 13
8812.620663062501
 23
3011.669593623694
 33
0.0
  0
MTEXT
  5
19BA
330
CE2
100
AcDbEntity
  8
0
440
 16777216
370
    13
100
AcDbMText
 10
8712.620663062502
 20
3011.669593623694
 30
0.0
 40
30.0
 41
0.0
 46
0.0
 71
     5
 72
     1
  1
\A1;200
  7
ОФОРМИТЕЛЬ
 73
     1
 44
1.0
  0
POINT
  5
19BB
330
CE2
100
AcDbEntity
  8
DEFPOINTS
 62
     0
440
 16777216
100
AcDbPoint
 10
8612.620663062504
 20
3108.099965748959
 30
0.0
  0
POINT
  5
19BC
330
CE2
100
AcDbEntity
  8
DEFPOINTS
 62
     0
440
 16777216
100
AcDbPoint
 10
8812.620663062501
 20
3308.099965748958
 30
0.0
  0
POINT
  5
19BD
330
CE2
100
AcDbEntity
  8
DEFPOINTS
 62
     0
440
 16777216
100
AcDbPoint
 10
8812.620663062501
 20
3011.669593623694
 30
0.0
  0
ENDBLK
  5
CE4
330
CE2
100
AcDbEntity
  8
0
100
AcDbBlockEnd
  0
BLOCK
  5
CF0
330
CEF
100
AcDbEntity
  8
0
100
AcDbBlockBegin
  2
*D67
 70
     1
 10
0.0
 20
0.0
 30
0.0
  3
*D67
  1

  0
LINE
  5
19AA
330
CEF
100
AcDbEntity
  8
0
440
 16777216
370
    -2
100
AcDbLine
 10
8812.620663062501
 20
3298.099965748959
 30
0.0
 11
8812.620663062501
 21
3001.669593623694
 31
0.0
  0
LINE
  5
19AB
330
CEF
100
AcDbEntity
  8
0
440
 16777216
370
    -2
100
AcDbLine
 10
9512.620663062504
 20
3298.099965748959
 30
0.0
 11
9512.620663062504
 21
3001.669593623694
 31
0.0
  0
LINE
  5
19AC
330
CEF
100
AcDbEntity
  8
0
440
 16777216
370
    -2
100
AcDbLine
 10
8837.620663062502
 20
3011.669593623694
 30
0.0
 11
9122.620663062503
 21
3011.669593623694
 31
0.0
  0
LINE
  5
19AD
330
CEF
100
AcDbEntity
  8
0
440
 16777216
370
    -2
100
AcDbLine
 10
9487.620663062504
 20
3011.669593623694
 30
0.0
 11
9202.620663062504
 21
3011.669593623694
 31
0.0
  0
SOLID
  5
19AE
330
CEF
100
AcDbEntity
  8
0
440
 16777216
100
AcDbTrace
 10
8837.620663062502
 20
3015.836260290361
 30
0.0
 11
8837.620663062502
 21
3007.502926957027
 31
0.0
 12
8812.620663062501
 22
3011.669593623694
 32
0.0
 13
8812.620663062501
 23
3011.669593623694
 33
0.0
  0
SOLID
  5
19AF
330
CEF
100
AcDbEntity
  8
0
440
 16777216
100
AcDbTrace
 10
9487.620663062504
 20
3015.836260290361
 30
0.0
 11
9487.620663062504
 21
3007.502926957027
 31
0.0
 12
9512.620663062504
 22
3011.669593623694
 32
0.0
 13
9512.620663062504
 23
3011.669593623694
 33
0.0
  0
MTEXT
  5
19B0
330
CEF
100
AcDbEntity
  8
0
440
 16777216
370
    13
100
AcDbMText
 10
9162.620663062503
 20
3011.669593623694
 30
0.0
 40
30.0
 41
0.0
 46
0.0
 71
     5
 72
     1
  1
\A1;700
  7
ОФОРМИТЕЛЬ
 73
     1
 44
1.0
  0
POINT
  5
19B1
330
CEF
100
AcDbEntity
  8
DEFPOINTS
 62
     0
440
 16777216
100
AcDbPoint
 10
8812.620663062501
 20
3308.099965748958
 30
0.0
  0
POINT
  5
19B2
330
CEF
100
AcDbEntity
  8
DEFPOINTS
 62
     0
440
 16777216
100
AcDbPoint
 10
9512.620663062504
 20
3308.099965748958
 30
0.0
  0
POINT
  5
19B3
330
CEF
100
AcDbEntity
  8
DEFPOINTS
 62
     0
440
 16777216
100
AcDbPoint
 10
9512.620663062504
 20
3011.669593623694
 30
0.0
  0
ENDBLK
  5
CF1
330
CEF
100
AcDbEntity
  8
0
100
AcDbBlockEnd
  0
BLOCK
  5
CFD
330
CFC
100
AcDbEntity
  8
0
100
AcDbBlockBegin
  2
*D68
 70
     1
 10
0.0
 20
0.0
 30
0.0
  3
*D68
  1

  0
LINE
  5
19A0
330
CFC
100
AcDbEntity
  8
0
440
 16777216
370
    -2
100
AcDbLine
 10
9512.620663062504
 20
3298.099965748959
 30
0.0
 11
9512.620663062504
 21
3001.669593623694
 31
0.0
  0
LINE
  5
19A1
330
CFC
100
AcDbEntity
  8
0
440
 16777216
370
    -2
100
AcDbLine
 10
10212.6206630625
 20
3298.099965748959
 30
0.0
 11
10212.6206630625
 21
3001.669593623694
 31
0.0
  0
LINE
  5
19A2
330
CFC
100
AcDbEntity
  8
0
440
 16777216
370
    -2
100
AcDbLine
 10
9537.620663062503
 20
3011.669593623694
 30
0.0
 11
9822.620663062505
 21
3011.669593623694
 31
0.0
  0
LINE
  5
19A3
330
CFC
100
AcDbEntity
  8
0
440
 16777216
370
    -2
100
AcDbLine
 10
10187.6206630625
 20
3011.669593623694
 30
0.0
 11
9902.620663062505
 21
3011.669593623694
 31
0.0
  0
SOLID
  5
19A4
330
CFC
100
AcDbEntity
  8
0
440
 16777216
100
AcDbTrace
 10
9537.620663062503
 20
3015.836260290361
 30
0.0
 11
9537.620663062503
 21
3007.502926957027
 31
0.0
 12
9512.620663062504
 22
3011.669593623694
 32
0.0
 13
9512.620663062504
 23
3011.669593623694
 33
0.0
  0
SOLID
  5
19A5
330
CFC
100
AcDbEntity
  8
0
440
 16777216
100
AcDbTrace
 10
10187.6206630625
 20
3015.836260290361
 30
0.0
 11
10187.6206630625
 21
3007.502926957027
 31
0.0
 12
10212.6206630625
 22
3011.669593623694
 32
0.0
 13
10212.6206630625
 23
3011.669593623694
 33
0.0
  0
MTEXT
  5
19A6
330
CFC
100
AcDbEntity
  8
0
440
 16777216
370
    13
100
AcDbMText
 10
9862.620663062504
 20
3011.669593623694
 30
0.0
 40
30.0
 41
0.0
 46
0.0
 71
     5
 72
     1
  1
\A1;700
  7
ОФОРМИТЕЛЬ
 73
     1
 44
1.0
  0
POINT
  5
19A7
330
CFC
100
AcDbEntity
  8
DEFPOINTS
 62
     0
440
 16777216
100
AcDbPoint
 10
9512.620663062504
 20
3308.099965748958
 30
0.0
  0
POINT
  5
19A8
330
CFC
100
AcDbEntity
  8
DEFPOINTS
 62
     0
440
 16777216
100
AcDbPoint
 10
10212.6206630625
 20
3308.099965748958
 30
0.0
  0
POINT
  5
19A9
330
CFC
100
AcDbEntity
  8
DEFPOINTS
 62
     0
440
 16777216
100
AcDbPoint
 10
10212.6206630625
 20
3011.669593623694
 30
0.0
  0
ENDBLK
  5
CFE
330
CFC
100
AcDbEntity
  8
0
100
AcDbBlockEnd
  0
BLOCK
  5
D0A
330
D09
100
AcDbEntity
  8
0
100
AcDbBlockBegin
  2
*D69
 70
     1
 10
0.0
 20
0.0
 30
0.0
  3
*D69
  1

  0
LINE
  5
1996
330
D09
100
AcDbEntity
  8
0
440
 16777216
370
    -2
100
AcDbLine
 10
8602.620663062504
 20
4308.099965748958
 30
0.0
 11
8356.997245131365
 21
4308.099965748958
 31
0.0
  0
LINE
  5
1997
330
D09
100
AcDbEntity
  8
0
440
 16777216
370
    -2
100
AcDbLine
 10
8602.620663062504
 20
3108.099965748959
 30
0.0
 11
8356.99724513136
 21
3108.099965748959
 31
0.0
  0
LINE
  5
1998
330
D09
100
AcDbEntity
  8
0
440
 16777216
370
    -2
100
AcDbLine
 10
8366.997245131363
 20
4283.099965748959
 30
0.0
 11
8366.997245131361
 21
3728.09996574896
 31
0.0
  0
LINE
  5
1999
330
D09
100
AcDbEntity
  8
0
440
 16777216
370
    -2
100
AcDbLine
 10
8366.997245131361
 20
3133.099965748959
 30
0.0
 11
8366.997245131361
 21
3688.099965748961
 31
0.0
  0
SOLID
  5
199A
330
D09
100
AcDbEntity
  8
0
440
 16777216
100
AcDbTrace
 10
8362.830578464697
 20
4283.099965748959
 30
0.0
 11
8371.163911798028
 21
4283.099965748959
 31
0.0
 12
8366.997245131363
 22
4308.099965748958
 32
0.0
 13
8366.997245131363
 23
4308.099965748958
 33
0.0
  0
SOLID
  5
199B
330
D09
100
AcDbEntity
  8
0
440
 16777216
100
AcDbTrace
 10
8362.830578464693
 20
3133.099965748959
 30
0.0
 11
8371.163911798026
 21
3133.099965748959
 31
0.0
 12
8366.997245131361
 22
3108.099965748959
 32
0.0
 13
8366.997245131361
 23
3108.099965748959
 33
0.0
  0
MTEXT
  5
199C
330
D09
100
AcDbEntity
  8
0
440
 16777216
370
    13
100
AcDbMText
 10
8366.997245131361
 20
3708.099965748961
 30
0.0
 40
30.0
 41
0.0
 46
0.0
 71
     5
 72
     1
  1
\A1;1200
  7
ОФОРМИТЕЛЬ
 73
     1
 44
1.0
  0
POINT
  5
199D
330
D09
100
AcDbEntity
  8
DEFPOINTS
 62
     0
440
 16777216
100
AcDbPoint
 10
8612.620663062504
 20
4308.099965748958
 30
0.0
  0
POINT
  5
199E
330
D09
100
AcDbEntity
  8
DEFPOINTS
 62
     0
440
 16777216
100
AcDbPoint
 10
8612.620663062504
 20
3108.099965748959
 30
0.0
  0
POINT
  5
199F
330
D09
100
AcDbEntity
  8
DEFPOINTS
 62
     0
440
 16777216
100
AcDbPoint
 10
8366.997245131361
 20
3108.099965748959
 30
0.0
  0
ENDBLK
  5
D0B
330
D09
100
AcDbEntity
  8
0
100
AcDbBlockEnd
  0
BLOCK
  5
D17
330
D16
100
AcDbEntity
  8
0
100
AcDbBlockBegin
  2
*D70
 70
     1
 10
0.0
 20
0.0
 30
0.0
  3
*D70
  1

  0
LINE
  5
198D
330
D16
100
AcDbEntity
  8
0
440
 16777216
370
    -2
100
AcDbLine
 10
8786.098732182543
 20
4247.736339711631
 30
0.0
 11
8766.006360303814
 21
4262.61238059242
 31
0.0
  0
LINE
  5
198E
330
D16
100
AcDbEntity
  8
0
440
 16777216
370
    -2
100
AcDbLine
 10
8839.142593942462
 20
4208.463591786288
 30
0.0
 11
8859.234965821192
 21
4193.587550905498
 31
0.0
  0
MTEXT
  5
198F
330
D16
100
AcDbEntity
  8
0
440
 16777216
370
    13
100
AcDbMText
 10
8851.878340181261
 20
4138.136294062655
 30
0.0
 40
30.0
 41
0.0
 46
0.0
 71
     5
 72
     1
  1
\A1;∅16
  7
ОФОРМИТЕЛЬ
 73
     1
 44
1.0
  0
SOLID
  5
1990
330
D16
100
AcDbEntity
  8
0
440
 16777216
100
AcDbTrace
 10
8788.578072329341
 20
4251.085068358085
 30
0.0
 11
8783.619392035745
 21
4244.387611065175
 31
0.0
 12
8806.191104061269
 22
4232.860298830841
 32
0.0
 13
8806.191104061269
 23
4232.860298830841
 33
0.0
  0
SOLID
  5
1991
330
D16
100
AcDbEntity
  8
0
440
 16777216
100
AcDbTrace
 10
8841.621934089262
 20
4211.812320432742
 30
0.0
 11
8836.663253795665
 21
4205.114863139834
 31
0.0
 12
8819.050222063735
 22
4223.339632667077
 32
0.0
 13
8819.050222063735
 23
4223.339632667077
 33
0.0
  0
LINE
  5
1992
330
D16
100
AcDbEntity
  8
0
440
 16777216
370
    -2
100
AcDbLine
 10
8812.530663062501
 20
4228.099965748958
 30
0.0
 11
8812.710663062501
 21
4228.099965748958
 31
0.0
  0
LINE
  5
1993
330
D16
100
AcDbEntity
  8
0
440
 16777216
370
    -2
100
AcDbLine
 10
8812.620663062501
 20
4228.009965748959
 30
0.0
 11
8812.620663062501
 21
4228.189965748958
 31
0.0
  0
POINT
  5
1994
330
D16
100
AcDbEntity
  8
DEFPOINTS
 62
     0
440
 16777216
100
AcDbPoint
 10
8819.050222063735
 20
4223.339632667077
 30
0.0
  0
POINT
  5
1995
330
D16
100
AcDbEntity
  8
DEFPOINTS
 62
     0
440
 16777216
100
AcDbPoint
 10
8806.191104061269
 20
4232.860298830841
 30
0.0
  0
ENDBLK
  5
D18
330
D16
100
AcDbEntity
  8
0
100
AcDbBlockEnd
  0
BLOCK
  5
D23
330
D22
100
AcDbEntity
  8
0
100
AcDbBlockBegin
  2
*D71
 70
     1
 10
0.0
 20
0.0
 30
0.0
  3
*D71
  1

  0
LINE
  5
1984
330
D22
100
AcDbEntity
  8
0
440
 16777216
370
    -2
100
AcDbLine
 10
9511.476343905854
 20
4261.080119382127
 30
0.0
 11
9510.609435453847
 21
4286.065084255744
 31
0.0
  0
LINE
  5
1985
330
D22
100
AcDbEntity
  8
0
440
 16777216
370
    -2
100
AcDbLine
 10
9513.764982219155
 20
4195.119812115789
 30
0.0
 11
9514.631890671166
 21
4170.134847242173
 31
0.0
  0
MTEXT
  5
1986
330
D22
100
AcDbEntity
  8
0
440
 16777216
370
    13
100
AcDbMText
 10
9557.931075632874
 20
4156.511372940848
 30
0.0
 40
30.0
 41
0.0
 46
0.0
 71
     5
 72
     1
  1
\A1;∅16
  7
ОФОРМИТЕЛЬ
 73
     1
 44
1.0
  0
SOLID
  5
1987
330
D22
100
AcDbEntity
  8
0
440
 16777216
100
AcDbTrace
 10
9515.640504718126
 20
4261.224604124128
 30
0.0
 11
9507.312183093587
 21
4260.935634640126
 31
0.0
 12
9512.343252357863
 22
4236.095154508512
 32
0.0
 13
9512.343252357863
 23
4236.095154508512
 33
0.0
  0
SOLID
  5
1988
330
D22
100
AcDbEntity
  8
0
440
 16777216
100
AcDbTrace
 10
9517.929143031429
 20
4195.264296857791
 30
0.0
 11
9509.600821406888
 21
4194.975327373787
 31
0.0
 12
9512.898073767148
 22
4220.104776989406
 32
0.0
 13
9512.898073767148
 23
4220.104776989406
 33
0.0
  0
LINE
  5
1989
330
D22
100
AcDbEntity
  8
0
440
 16777216
370
    -2
100
AcDbLine
 10
9512.530663062506
 20
4228.099965748958
 30
0.0
 11
9512.710663062506
 21
4228.099965748958
 31
0.0
  0
LINE
  5
198A
330
D22
100
AcDbEntity
  8
0
440
 16777216
370
    -2
100
AcDbLine
 10
9512.620663062506
 20
4228.009965748958
 30
0.0
 11
9512.620663062509
 21
4228.189965748958
 31
0.0
  0
POINT
  5
198B
330
D22
100
AcDbEntity
  8
DEFPOINTS
 62
     0
440
 16777216
100
AcDbPoint
 10
9512.898073767148
 20
4220.104776989406
 30
0.0
  0
POINT
  5
198C
330
D22
100
AcDbEntity
  8
DEFPOINTS
 62
     0
440
 16777216
100
AcDbPoint
 10
9512.343252357863
 20
4236.095154508512
 30
0.0
  0
ENDBLK
  5
D24
330
D22
100
AcDbEntity
  8
0
100
AcDbBlockEnd
  0
BLOCK
  5
D2F
330
D2E
100
AcDbEntity
  8
0
100
AcDbBlockBegin
  2
*D72
 70
     1
 10
0.0
 20
0.0
 30
0.0
  3
*D72
  1

  0
LINE
  5
197B
330
D2E
100
AcDbEntity
  8
0
440
 16777216
370
    -2
100
AcDbLine
 10
8791.209867414018
 20
3282.988656947985
 30
0.0
 11
8774.989567680306
 21
3263.964938159362
 31
0.0
  0
LINE
  5
197C
330
D2E
100
AcDbEntity
  8
0
440
 16777216
370
    -2
100
AcDbLine
 10
8834.031458710997
 20
3333.211274549934
 30
0.0
 11
8850.251758444709
 21
3352.234993338557
 31
0.0
  0
MTEXT
  5
197D
330
D2E
100
AcDbEntity
  8
0
440
 16777216
370
    13
100
AcDbMText
 10
8898.222065361052
 20
3365.037073601533
 30
0.0
 40
30.0
 41
0.0
 46
0.0
 71
     5
 72
     1
  1
\A1;∅16
  7
ОФОРМИТЕЛЬ
 73
     1
 44
1.0
  0
SOLID
  5
197E
330
D2E
100
AcDbEntity
  8
0
440
 16777216
100
AcDbTrace
 10
8788.039247615914
 20
3285.692040236938
 30
0.0
 11
8794.380487212121
 21
3280.285273659034
 31
0.0
 12
8807.430167147728
 22
3302.012375736609
 32
0.0
 13
8807.430167147728
 23
3302.012375736609
 33
0.0
  0
SOLID
  5
197F
330
D2E
100
AcDbEntity
  8
0
440
 16777216
100
AcDbTrace
 10
8830.860838912895
 20
3335.914657838886
 30
0.0
 11
8837.2020785091
 21
3330.507891260982
 31
0.0
 12
8817.811158977287
 22
3314.187555761311
 32
0.0
 13
8817.811158977287
 23
3314.187555761311
 33
0.0
  0
LINE
  5
1980
330
D2E
100
AcDbEntity
  8
0
440
 16777216
370
    -2
100
AcDbLine
 10
8812.530663062508
 20
3308.09996574896
 30
0.0
 11
8812.710663062508
 21
3308.099965748962
 31
0.0
  0
LINE
  5
1981
330
D2E
100
AcDbEntity
  8
0
440
 16777216
370
    -2
100
AcDbLine
 10
8812.620663062508
 20
3308.009965748961
 30
0.0
 11
8812.620663062508
 21
3308.18996574896
 31
0.0
  0
POINT
  5
1982
330
D2E
100
AcDbEntity
  8
DEFPOINTS
 62
     0
440
 16777216
100
AcDbPoint
 10
8817.811158977287
 20
3314.187555761311
 30
0.0
  0
POINT
  5
1983
330
D2E
100
AcDbEntity
  8
DEFPOINTS
 62
     0
440
 16777216
100
AcDbPoint
 10
8807.430167147728
 20
3302.012375736609
 30
0.0
  0
ENDBLK
  5
D30
330
D2E
100
AcDbEntity
  8
0
100
AcDbBlockEnd
  0
BLOCK
  5
D3B
330
D3A
100
AcDbEntity
  8
0
100
AcDbBlockBegin
  2
*D73
 70
     1
 10
0.0
 20
0.0
 30
0.0
  3
*D73
  1

  0
LINE
  5
1972
330
D3A
100
AcDbEntity
  8
0
440
 16777216
370
    -2
100
AcDbLine
 10
9486.674384255449
 20
3287.70902128653
 30
0.0
 11
9467.018112431956
 21
3272.261336087743
 31
0.0
  0
LINE
  5
1973
330
D3A
100
AcDbEntity
  8
0
440
 16777216
370
    -2
100
AcDbLine
 10
9538.566941869559
 20
3328.490910211391
 30
0.0
 11
9558.223213693059
 21
3343.938595410178
 31
0.0
  0
MTEXT
  5
1974
330
D3A
100
AcDbEntity
  8
0
440
 16777216
370
    13
100
AcDbMText
 10
9573.478273240217
 20
3367.192343497474
 30
0.0
 40
30.0
 41
0.0
 46
0.0
 71
     5
 72
     1
  1
\A1;∅16
  7
ОФОРМИТЕЛЬ
 73
     1
 44
1.0
  0
SOLID
  5
1975
330
D3A
100
AcDbEntity
  8
0
440
 16777216
100
AcDbTrace
 10
9484.099770055653
 20
3290.985066590446
 30
0.0
 11
9489.248998455249
 21
3284.432975982613
 31
0.0
 12
9506.330656078946
 22
3303.156706485316
 32
0.0
 13
9506.330656078946
 23
3303.156706485316
 33
0.0
  0
SOLID
  5
1976
330
D3A
100
AcDbEntity
  8
0
440
 16777216
100
AcDbTrace
 10
9535.992327669765
 20
3331.766955515308
 30
0.0
 11
9541.141556069359
 21
3325.214864907476
 31
0.0
 12
9518.910670046066
 22
3313.043225012604
 32
0.0
 13
9518.910670046066
 23
3313.043225012604
 33
0.0
  0
LINE
  5
1977
330
D3A
100
AcDbEntity
  8
0
440
 16777216
370
    -2
100
AcDbLine
 10
9512.530663062506
 20
3308.09996574896
 30
0.0
 11
9512.710663062506
 21
3308.09996574896
 31
0.0
  0
LINE
  5
1978
330
D3A
100
AcDbEntity
  8
0
440
 16777216
370
    -2
100
AcDbLine
 10
9512.620663062506
 20
3308.00996574896
 30
0.0
 11
9512.620663062506
 21
3308.18996574896
 31
0.0
  0
POINT
  5
1979
330
D3A
100
AcDbEntity
  8
DEFPOINTS
 62
     0
440
 16777216
100
AcDbPoint
 10
9518.910670046066
 20
3313.043225012604
 30
0.0
  0
POINT
  5
197A
330
D3A
100
AcDbEntity
  8
DEFPOINTS
 62
     0
440
 16777216
100
AcDbPoint
 10
9506.330656078946
 20
3303.156706485316
 30
0.0
  0
ENDBLK
  5
D3C
330
D3A
100
AcDbEntity
  8
0
100
AcDbBlockEnd
  0
BLOCK
  5
D47
330
D46
100
AcDbEntity
  8
0
100
AcDbBlockBegin
  2
*D74
 70
     1
 10
0.0
 20
0.0
 30
0.0
  3
*D74
  1

  0
LINE
  5
1969
330
D46
100
AcDbEntity
  8
0
440
 16777216
370
    -2
100
AcDbLine
 10
10214.66961139214
 20
3275.163636100036
 30
0.0
 11
10216.2218449752
 21
3250.211871214489
 31
0.0
  0
LINE
  5
196A
330
D46
100
AcDbEntity
  8
0
440
 16777216
370
    -2
100
AcDbLine
 10
10210.57171473286
 20
3341.036295397884
 30
0.0
 11
10209.0194811498
 21
3365.988060283431
 31
0.0
  0
MTEXT
  5
196B
330
D46
100
AcDbEntity
  8
0
440
 16777216
370
    13
100
AcDbMText
 10
10212.40926527169
 20
3381.427978587395
 30
0.0
 40
30.0
 41
0.0
 46
0.0
 71
     5
 72
     1
  1
\A1;∅16
  7
ОФОРМИТЕЛЬ
 73
     1
 44
1.0
  0
SOLID
  5
196C
330
D46
100
AcDbEntity
  8
0
440
 16777216
100
AcDbTrace
 10
10218.82823887307
 20
3275.422341697212
 30
0.0
 11
10210.51098391122
 21
3274.904930502859
 31
0.0
 12
10213.11737780908
 22
3300.115400985582
 32
0.0
 13
10213.11737780908
 23
3300.115400985582
 33
0.0
  0
SOLID
  5
196D
330
D46
100
AcDbEntity
  8
0
440
 16777216
100
AcDbTrace
 10
10214.73034221378
 20
3341.295000995061
 30
0.0
 11
10206.41308725194
 21
3340.777589800707
 31
0.0
 12
10212.12394831592
 22
3316.084530512338
 32
0.0
 13
10212.12394831592
 23
3316.084530512338
 33
0.0
  0
LINE
  5
196E
330
D46
100
AcDbEntity
  8
0
440
 16777216
370
    -2
100
AcDbLine
 10
10212.5306630625
 20
3308.099965748958
 30
0.0
 11
10212.7106630625
 21
3308.099965748958
 31
0.0
  0
LINE
  5
196F
330
D46
100
AcDbEntity
  8
0
440
 16777216
370
    -2
100
AcDbLine
 10
10212.6206630625
 20
3308.009965748958
 30
0.0
 11
10212.6206630625
 21
3308.189965748959
 31
0.0
  0
POINT
  5
1970
330
D46
100
AcDbEntity
  8
DEFPOINTS
 62
     0
440
 16777216
100
AcDbPoint
 10
10212.12394831592
 20
3316.084530512338
 30
0.0
  0
POINT
  5
1971
330
D46
100
AcDbEntity
  8
DEFPOINTS
 62
     0
440
 16777216
100
AcDbPoint
 10
10213.11737780908
 20
3300.115400985582
 30
0.0
  0
ENDBLK
  5
D48
330
D46
100
AcDbEntity
  8
0
100
AcDbBlockEnd
  0
BLOCK
  5
D53
330
D52
100
AcDbEntity
  8
0
100
AcDbBlockBegin
  2
*D75
 70
     1
 10
0.0
 20
0.0
 30
0.0
  3
*D75
  1

  0
LINE
  5
195F
330
D52
100
AcDbEntity
  8
0
440
 16777216
370
    -2
100
AcDbLine
 10
3030.521222956313
 20
1735.922231789795
 30
0.0
 11
3030.521222956313
 21
1968.485491186205
 31
0.0
  0
LINE
  5
1960
330
D52
100
AcDbEntity
  8
0
440
 16777216
370
    -2
100
AcDbLine
 10
4830.521222956313
 20
1395.922231789795
 30
0.0
 11
4830.521222956313
 21
1968.485491186205
 31
0.0
  0
LINE
  5
1961
330
D52
100
AcDbEntity
  8
0
440
 16777216
370
    -2
100
AcDbLine
 10
3055.521222956314
 20
1958.485491186206
 30
0.0
 11
3880.521222956313
 21
1958.485491186206
 31
0.0
  0
LINE
  5
1962
330
D52
100
AcDbEntity
  8
0
440
 16777216
370
    -2
100
AcDbLine
 10
4805.521222956313
 20
1958.485491186206
 30
0.0
 11
3980.521222956313
 21
1958.485491186206
 31
0.0
  0
SOLID
  5
1963
330
D52
100
AcDbEntity
  8
0
440
 16777216
100
AcDbTrace
 10
3055.521222956314
 20
1962.652157852872
 30
0.0
 11
3055.521222956314
 21
1954.318824519539
 31
0.0
 12
3030.521222956313
 22
1958.485491186206
 32
0.0
 13
3030.521222956313
 23
1958.485491186206
 33
0.0
  0
SOLID
  5
1964
330
D52
100
AcDbEntity
  8
0
440
 16777216
100
AcDbTrace
 10
4805.521222956313
 20
1962.652157852872
 30
0.0
 11
4805.521222956313
 21
1954.318824519539
 31
0.0
 12
4830.521222956313
 22
1958.485491186206
 32
0.0
 13
4830.521222956313
 23
1958.485491186206
 33
0.0
  0
MTEXT
  5
1965
330
D52
100
AcDbEntity
  8
0
440
 16777216
370
    13
100
AcDbMText
 10
3930.521222956313
 20
1958.485491186206
 30
0.0
 40
30.0
 41
0.0
 46
0.0
 71
     5
 72
     1
  1
\A1;1800
  7
ОФОРМИТЕЛЬ
 73
     1
 44
1.0
  0
POINT
  5
1966
330
D52
100
AcDbEntity
  8
DEFPOINTS
 62
     0
440
 16777216
100
AcDbPoint
 10
3030.521222956313
 20
1725.922231789795
 30
0.0
  0
POINT
  5
1967
330
D52
100
AcDbEntity
  8
DEFPOINTS
 62
     0
440
 16777216
100
AcDbPoint
 10
4830.521222956313
 20
1385.922231789795
 30
0.0
  0
POINT
  5
1968
330
D52
100
AcDbEntity
  8
DEFPOINTS
 62
     0
440
 16777216
100
AcDbPoint
 10
4830.521222956313
 20
1958.485491186206
 30
0.0
  0
ENDBLK
  5
D54
330
D52
100
AcDbEntity
  8
0
100
AcDbBlockEnd
  0
BLOCK
  5
D60
330
D5F
100
AcDbEntity
  8
0
100
AcDbBlockBegin
  2
*D76
 70
     1
 10
0.0
 20
0.0
 30
0.0
  3
*D76
  1

  0
LINE
  5
1955
330
D5F
100
AcDbEntity
  8
0
440
 16777216
370
    -2
100
AcDbLine
 10
3020.521222956313
 20
1725.922231789795
 30
0.0
 11
2805.74043907814
 21
1725.922231789795
 31
0.0
  0
LINE
  5
1956
330
D5F
100
AcDbEntity
  8
0
440
 16777216
370
    -2
100
AcDbLine
 10
3020.521222956313
 20
525.9222317897946
 30
0.0
 11
2805.740439078139
 21
525.9222317897949
 31
0.0
  0
LINE
  5
1957
330
D5F
100
AcDbEntity
  8
0
440
 16777216
370
    -2
100
AcDbLine
 10
2815.74043907814
 20
1700.922231789794
 30
0.0
 11
2815.74043907814
 21
1145.922231789795
 31
0.0
  0
LINE
  5
1958
330
D5F
100
AcDbEntity
  8
0
440
 16777216
370
    -2
100
AcDbLine
 10
2815.740439078139
 20
550.9222317897949
 30
0.0
 11
2815.74043907814
 21
1105.922231789794
 31
0.0
  0
SOLID
  5
1959
330
D5F
100
AcDbEntity
  8
0
440
 16777216
100
AcDbTrace
 10
2811.573772411474
 20
1700.922231789794
 30
0.0
 11
2819.907105744807
 21
1700.922231789794
 31
0.0
 12
2815.74043907814
 22
1725.922231789795
 32
0.0
 13
2815.74043907814
 23
1725.922231789795
 33
0.0
  0
SOLID
  5
195A
330
D5F
100
AcDbEntity
  8
0
440
 16777216
100
AcDbTrace
 10
2811.573772411473
 20
550.9222317897949
 30
0.0
 11
2819.907105744806
 21
550.9222317897946
 31
0.0
 12
2815.740439078139
 22
525.9222317897949
 32
0.0
 13
2815.740439078139
 23
525.9222317897949
 33
0.0
  0
MTEXT
  5
195B
330
D5F
100
AcDbEntity
  8
0
440
 16777216
370
    13
100
AcDbMText
 10
2815.740439078139
 20
1125.922231789795
 30
0.0
 40
30.0
 41
0.0
 46
0.0
 71
     5
 72
     1
  1
\A1;1200
  7
ОФОРМИТЕЛЬ
 73
     1
 44
1.0
  0
POINT
  5
195C
330
D5F
100
AcDbEntity
  8
DEFPOINTS
 62
     0
440
 16777216
100
AcDbPoint
 10
3030.521222956313
 20
1725.922231789795
 30
0.0
  0
POINT
  5
195D
330
D5F
100
AcDbEntity
  8
DEFPOINTS
 62
     0
440
 16777216
100
AcDbPoint
 10
3030.521222956313
 20
525.9222317897946
 30
0.0
  0
POINT
  5
195E
330
D5F
100
AcDbEntity
  8
DEFPOINTS
 62
     0
440
 16777216
100
AcDbPoint
 10
2815.740439078139
 20
525.9222317897949
 30
0.0
  0
ENDBLK
  5
D61
330
D5F
100
AcDbEntity
  8
0
100
AcDbBlockEnd
  0
BLOCK
  5
D6D
330
D6C
100
AcDbEntity
  8
0
100
AcDbBlockBegin
  2
*D77
 70
     1
 10
0.0
 20
0.0
 30
0.0
  3
*D77
  1

  0
LINE
  5
194B
330
D6C
100
AcDbEntity
  8
0
440
 16777216
370
    -2
100
AcDbLine
 10
3030.521222956313
 20
1735.922231789795
 30
0.0
 11
3030.521222956313
 21
1881.327402738825
 31
0.0
  0
LINE
  5
194C
330
D6C
100
AcDbEntity
  8
0
440
 16777216
370
    -2
100
AcDbLine
 10
3230.521222956313
 20
1655.922231789794
 30
0.0
 11
3230.521222956313
 21
1881.327402738825
 31
0.0
  0
LINE
  5
194D
330
D6C
100
AcDbEntity
  8
0
440
 16777216
370
    -2
100
AcDbLine
 10
3055.521222956314
 20
1871.327402738825
 30
0.0
 11
3090.521222956313
 21
1871.327402738825
 31
0.0
  0
LINE
  5
194E
330
D6C
100
AcDbEntity
  8
0
440
 16777216
370
    -2
100
AcDbLine
 10
3205.521222956313
 20
1871.327402738825
 30
0.0
 11
3170.521222956313
 21
1871.327402738825
 31
0.0
  0
SOLID
  5
194F
330
D6C
100
AcDbEntity
  8
0
440
 16777216
100
AcDbTrace
 10
3055.521222956314
 20
1875.494069405492
 30
0.0
 11
3055.521222956314
 21
1867.160736072158
 31
0.0
 12
3030.521222956313
 22
1871.327402738825
 32
0.0
 13
3030.521222956313
 23
1871.327402738825
 33
0.0
  0
SOLID
  5
1950
330
D6C
100
AcDbEntity
  8
0
440
 16777216
100
AcDbTrace
 10
3205.521222956313
 20
1875.494069405492
 30
0.0
 11
3205.521222956313
 21
1867.160736072158
 31
0.0
 12
3230.521222956313
 22
1871.327402738825
 32
0.0
 13
3230.521222956313
 23
1871.327402738825
 33
0.0
  0
MTEXT
  5
1951
330
D6C
100
AcDbEntity
  8
0
440
 16777216
370
    13
100
AcDbMText
 10
3130.521222956313
 20
1871.327402738825
 30
0.0
 40
30.0
 41
0.0
 46
0.0
 71
     5
 72
     1
  1
\A1;200
  7
ОФОРМИТЕЛЬ
 73
     1
 44
1.0
  0
POINT
  5
1952
330
D6C
100
AcDbEntity
  8
DEFPOINTS
 62
     0
440
 16777216
100
AcDbPoint
 10
3030.521222956313
 20
1725.922231789795
 30
0.0
  0
POINT
  5
1953
330
D6C
100
AcDbEntity
  8
DEFPOINTS
 62
     0
440
 16777216
100
AcDbPoint
 10
3230.521222956313
 20
1645.922231789795
 30
0.0
  0
POINT
  5
1954
330
D6C
100
AcDbEntity
  8
DEFPOINTS
 62
     0
440
 16777216
100
AcDbPoint
 10
3230.521222956313
 20
1871.327402738825
 30
0.0
  0
ENDBLK
  5
D6E
330
D6C
100
AcDbEntity
  8
0
100
AcDbBlockEnd
  0
BLOCK
  5
D7A
330
D79
100
AcDbEntity
  8
0
100
AcDbBlockBegin
  2
*D78
 70
     1
 10
0.0
 20
0.0
 30
0.0
  3
*D78
  1

  0
LINE
  5
1941
330
D79
100
AcDbEntity
  8
0
440
 16777216
370
    -2
100
AcDbLine
 10
3230.521222956313
 20
1655.922231789794
 30
0.0
 11
3230.521222956313
 21
1883.410736072139
 31
0.0
  0
LINE
  5
1942
330
D79
100
AcDbEntity
  8
0
440
 16777216
370
    -2
100
AcDbLine
 10
3930.521222956313
 20
1655.922231789794
 30
0.0
 11
3930.521222956313
 21
1883.410736072139
 31
0.0
  0
LINE
  5
1943
330
D79
100
AcDbEntity
  8
0
440
 16777216
370
    -2
100
AcDbLine
 10
3255.521222956313
 20
1873.410736072139
 30
0.0
 11
3540.521222956313
 21
1873.410736072139
 31
0.0
  0
LINE
  5
1944
330
D79
100
AcDbEntity
  8
0
440
 16777216
370
    -2
100
AcDbLine
 10
3905.521222956313
 20
1873.410736072139
 30
0.0
 11
3620.521222956313
 21
1873.410736072139
 31
0.0
  0
SOLID
  5
1945
330
D79
100
AcDbEntity
  8
0
440
 16777216
100
AcDbTrace
 10
3255.521222956313
 20
1877.577402738806
 30
0.0
 11
3255.521222956313
 21
1869.244069405472
 31
0.0
 12
3230.521222956313
 22
1873.410736072139
 32
0.0
 13
3230.521222956313
 23
1873.410736072139
 33
0.0
  0
SOLID
  5
1946
330
D79
100
AcDbEntity
  8
0
440
 16777216
100
AcDbTrace
 10
3905.521222956313
 20
1877.577402738806
 30
0.0
 11
3905.521222956313
 21
1869.244069405472
 31
0.0
 12
3930.521222956313
 22
1873.410736072139
 32
0.0
 13
3930.521222956313
 23
1873.410736072139
 33
0.0
  0
MTEXT
  5
1947
330
D79
100
AcDbEntity
  8
0
440
 16777216
370
    13
100
AcDbMText
 10
3580.521222956313
 20
1873.410736072139
 30
0.0
 40
30.0
 41
0.0
 46
0.0
 71
     5
 72
     1
  1
\A1;700
  7
ОФОРМИТЕЛЬ
 73
     1
 44
1.0
  0
POINT
  5
1948
330
D79
100
AcDbEntity
  8
DEFPOINTS
 62
     0
440
 16777216
100
AcDbPoint
 10
3230.521222956313
 20
1645.922231789795
 30
0.0
  0
POINT
  5
1949
330
D79
100
AcDbEntity
  8
DEFPOINTS
 62
     0
440
 16777216
100
AcDbPoint
 10
3930.521222956313
 20
1645.922231789795
 30
0.0
  0
POINT
  5
194A
330
D79
100
AcDbEntity
  8
DEFPOINTS
 62
     0
440
 16777216
100
AcDbPoint
 10
3930.521222956313
 20
1873.410736072139
 30
0.0
  0
ENDBLK
  5
D7B
330
D79
100
AcDbEntity
  8
0
100
AcDbBlockEnd
  0
BLOCK
  5
D87
330
D86
100
AcDbEntity
  8
0
100
AcDbBlockBegin
  2
*D79
 70
     1
 10
0.0
 20
0.0
 30
0.0
  3
*D79
  1

  0
LINE
  5
1937
330
D86
100
AcDbEntity
  8
0
440
 16777216
370
    -2
100
AcDbLine
 10
3030.521222956313
 20
515.9222317897946
 30
0.0
 11
3030.521222956313
 21
423.6840790199931
 31
0.0
  0
LINE
  5
1938
330
D86
100
AcDbEntity
  8
0
440
 16777216
370
    -2
100
AcDbLine
 10
3230.521222956313
 20
715.9222317897947
 30
0.0
 11
3230.521222956313
 21
423.6840790199931
 31
0.0
  0
LINE
  5
1939
330
D86
100
AcDbEntity
  8
0
440
 16777216
370
    -2
100
AcDbLine
 10
3055.521222956314
 20
433.6840790199929
 30
0.0
 11
3090.521222956313
 21
433.6840790199929
 31
0.0
  0
LINE
  5
193A
330
D86
100
AcDbEntity
  8
0
440
 16777216
370
    -2
100
AcDbLine
 10
3205.521222956313
 20
433.6840790199929
 30
0.0
 11
3170.521222956313
 21
433.6840790199929
 31
0.0
  0
SOLID
  5
193B
330
D86
100
AcDbEntity
  8
0
440
 16777216
100
AcDbTrace
 10
3055.521222956314
 20
437.8507456866596
 30
0.0
 11
3055.521222956314
 21
429.5174123533263
 31
0.0
 12
3030.521222956313
 22
433.6840790199929
 32
0.0
 13
3030.521222956313
 23
433.6840790199929
 33
0.0
  0
SOLID
  5
193C
330
D86
100
AcDbEntity
  8
0
440
 16777216
100
AcDbTrace
 10
3205.521222956313
 20
437.8507456866596
 30
0.0
 11
3205.521222956313
 21
429.5174123533263
 31
0.0
 12
3230.521222956313
 22
433.6840790199929
 32
0.0
 13
3230.521222956313
 23
433.6840790199929
 33
0.0
  0
MTEXT
  5
193D
330
D86
100
AcDbEntity
  8
0
440
 16777216
370
    13
100
AcDbMText
 10
3130.521222956313
 20
433.6840790199929
 30
0.0
 40
30.0
 41
0.0
 46
0.0
 71
     5
 72
     1
  1
\A1;200
  7
ОФОРМИТЕЛЬ
 73
     1
 44
1.0
  0
POINT
  5
193E
330
D86
100
AcDbEntity
  8
DEFPOINTS
 62
     0
440
 16777216
100
AcDbPoint
 10
3030.521222956313
 20
525.9222317897946
 30
0.0
  0
POINT
  5
193F
330
D86
100
AcDbEntity
  8
DEFPOINTS
 62
     0
440
 16777216
100
AcDbPoint
 10
3230.521222956313
 20
725.9222317897947
 30
0.0
  0
POINT
  5
1940
330
D86
100
AcDbEntity
  8
DEFPOINTS
 62
     0
440
 16777216
100
AcDbPoint
 10
3230.521222956313
 20
433.6840790199929
 30
0.0
  0
ENDBLK
  5
D88
330
D86
100
AcDbEntity
  8
0
100
AcDbBlockEnd
  0
BLOCK
  5
D94
330
D93
100
AcDbEntity
  8
0
100
AcDbBlockBegin
  2
*D80
 70
     1
 10
0.0
 20
0.0
 30
0.0
  3
*D80
  1

  0
LINE
  5
192D
330
D93
100
AcDbEntity
  8
0
440
 16777216
370
    -2
100
AcDbLine
 10
3230.521222956313
 20
715.9222317897947
 30
0.0
 11
3230.521222956313
 21
423.6840790199931
 31
0.0
  0
LINE
  5
192E
330
D93
100
AcDbEntity
  8
0
440
 16777216
370
    -2
100
AcDbLine
 10
3930.521222956313
 20
715.9222317897947
 30
0.0
 11
3930.521222956313
 21
423.6840790199931
 31
0.0
  0
LINE
  5
192F
330
D93
100
AcDbEntity
  8
0
440
 16777216
370
    -2
100
AcDbLine
 10
3255.521222956313
 20
433.6840790199929
 30
0.0
 11
3540.521222956313
 21
433.6840790199929
 31
0.0
  0
LINE
  5
1930
330
D93
100
AcDbEntity
  8
0
440
 16777216
370
    -2
100
AcDbLine
 10
3905.521222956313
 20
433.6840790199929
 30
0.0
 11
3620.521222956313
 21
433.6840790199929
 31
0.0
  0
SOLID
  5
1931
330
D93
100
AcDbEntity
  8
0
440
 16777216
100
AcDbTrace
 10
3255.521222956313
 20
437.8507456866596
 30
0.0
 11
3255.521222956313
 21
429.5174123533263
 31
0.0
 12
3230.521222956313
 22
433.6840790199929
 32
0.0
 13
3230.521222956313
 23
433.6840790199929
 33
0.0
  0
SOLID
  5
1932
330
D93
100
AcDbEntity
  8
0
440
 16777216
100
AcDbTrace
 10
3905.521222956313
 20
437.8507456866596
 30
0.0
 11
3905.521222956313
 21
429.5174123533263
 31
0.0
 12
3930.521222956313
 22
433.6840790199929
 32
0.0
 13
3930.521222956313
 23
433.6840790199929
 33
0.0
  0
MTEXT
  5
1933
330
D93
100
AcDbEntity
  8
0
440
 16777216
370
    13
100
AcDbMText
 10
3580.521222956313
 20
433.6840790199929
 30
0.0
 40
30.0
 41
0.0
 46
0.0
 71
     5
 72
     1
  1
\A1;700
  7
ОФОРМИТЕЛЬ
 73
     1
 44
1.0
  0
POINT
  5
1934
330
D93
100
AcDbEntity
  8
DEFPOINTS
 62
     0
440
 16777216
100
AcDbPoint
 10
3230.521222956313
 20
725.9222317897947
 30
0.0
  0
POINT
  5
1935
330
D93
100
AcDbEntity
  8
DEFPOINTS
 62
     0
440
 16777216
100
AcDbPoint
 10
3930.521222956313
 20
725.9222317897947
 30
0.0
  0
POINT
  5
1936
330
D93
100
AcDbEntity
  8
DEFPOINTS
 62
     0
440
 16777216
100
AcDbPoint
 10
3930.521222956313
 20
433.6840790199929
 30
0.0
  0
ENDBLK
  5
D95
330
D93
100
AcDbEntity
  8
0
100
AcDbBlockEnd
  0
BLOCK
  5
DA1
330
DA0
100
AcDbEntity
  8
0
100
AcDbBlockBegin
  2
*D81
 70
     1
 10
0.0
 20
0.0
 30
0.0
  3
*D81
  1

  0
LINE
  5
1923
330
DA0
100
AcDbEntity
  8
0
440
 16777216
370
    -2
100
AcDbLine
 10
3930.521222956313
 20
715.9222317897947
 30
0.0
 11
3930.521222956313
 21
423.6840790199931
 31
0.0
  0
LINE
  5
1924
330
DA0
100
AcDbEntity
  8
0
440
 16777216
370
    -2
100
AcDbLine
 10
4630.521222956313
 20
715.9222317897947
 30
0.0
 11
4630.521222956313
 21
423.6840790199931
 31
0.0
  0
LINE
  5
1925
330
DA0
100
AcDbEntity
  8
0
440
 16777216
370
    -2
100
AcDbLine
 10
3955.521222956313
 20
433.6840790199929
 30
0.0
 11
4240.521222956313
 21
433.6840790199929
 31
0.0
  0
LINE
  5
1926
330
DA0
100
AcDbEntity
  8
0
440
 16777216
370
    -2
100
AcDbLine
 10
4605.521222956313
 20
433.6840790199929
 30
0.0
 11
4320.521222956313
 21
433.6840790199929
 31
0.0
  0
SOLID
  5
1927
330
DA0
100
AcDbEntity
  8
0
440
 16777216
100
AcDbTrace
 10
3955.521222956313
 20
437.8507456866596
 30
0.0
 11
3955.521222956313
 21
429.5174123533263
 31
0.0
 12
3930.521222956313
 22
433.6840790199929
 32
0.0
 13
3930.521222956313
 23
433.6840790199929
 33
0.0
  0
SOLID
  5
1928
330
DA0
100
AcDbEntity
  8
0
440
 16777216
100
AcDbTrace
 10
4605.521222956313
 20
437.8507456866596
 30
0.0
 11
4605.521222956313
 21
429.5174123533263
 31
0.0
 12
4630.521222956313
 22
433.6840790199929
 32
0.0
 13
4630.521222956313
 23
433.6840790199929
 33
0.0
  0
MTEXT
  5
1929
330
DA0
100
AcDbEntity
  8
0
440
 16777216
370
    13
100
AcDbMText
 10
4280.521222956313
 20
433.6840790199929
 30
0.0
 40
30.0
 41
0.0
 46
0.0
 71
     5
 72
     1
  1
\A1;700
  7
ОФОРМИТЕЛЬ
 73
     1
 44
1.0
  0
POINT
  5
192A
330
DA0
100
AcDbEntity
  8
DEFPOINTS
 62
     0
440
 16777216
100
AcDbPoint
 10
3930.521222956313
 20
725.9222317897947
 30
0.0
  0
POINT
  5
192B
330
DA0
100
AcDbEntity
  8
DEFPOINTS
 62
     0
440
 16777216
100
AcDbPoint
 10
4630.521222956313
 20
725.9222317897947
 30
0.0
  0
POINT
  5
192C
330
DA0
100
AcDbEntity
  8
DEFPOINTS
 62
     0
440
 16777216
100
AcDbPoint
 10
4630.521222956313
 20
433.6840790199929
 30
0.0
  0
ENDBLK
  5
DA2
330
DA0
100
AcDbEntity
  8
0
100
AcDbBlockEnd
  0
BLOCK
  5
DAE
330
DAD
100
AcDbEntity
  8
0
100
AcDbBlockBegin
  2
*D82
 70
     1
 10
0.0
 20
0.0
 30
0.0
  3
*D82
  1

  0
LINE
  5
1919
330
DAD
100
AcDbEntity
  8
0
440
 16777216
370
    -2
100
AcDbLine
 10
4620.521222956313
 20
725.9222317897947
 30
0.0
 11
2919.261118795557
 21
725.922231789795
 31
0.0
  0
LINE
  5
191A
330
DAD
100
AcDbEntity
  8
0
440
 16777216
370
    -2
100
AcDbLine
 10
3020.521222956313
 20
525.9222317897946
 30
0.0
 11
2919.261118795557
 21
525.9222317897946
 31
0.0
  0
LINE
  5
191B
330
DAD
100
AcDbEntity
  8
0
440
 16777216
370
    -2
100
AcDbLine
 10
2929.261118795557
 20
700.922231789795
 30
0.0
 11
2929.261118795557
 21
645.922231789795
 31
0.0
  0
LINE
  5
191C
330
DAD
100
AcDbEntity
  8
0
440
 16777216
370
    -2
100
AcDbLine
 10
2929.261118795557
 20
550.9222317897946
 30
0.0
 11
2929.261118795557
 21
605.9222317897948
 31
0.0
  0
SOLID
  5
191D
330
DAD
100
AcDbEntity
  8
0
440
 16777216
100
AcDbTrace
 10
2925.094452128891
 20
700.922231789795
 30
0.0
 11
2933.427785462225
 21
700.922231789795
 31
0.0
 12
2929.261118795557
 22
725.922231789795
 32
0.0
 13
2929.261118795557
 23
725.922231789795
 33
0.0
  0
SOLID
  5
191E
330
DAD
100
AcDbEntity
  8
0
440
 16777216
100
AcDbTrace
 10
2925.094452128891
 20
550.9222317897946
 30
0.0
 11
2933.427785462225
 21
550.9222317897946
 31
0.0
 12
2929.261118795557
 22
525.9222317897946
 32
0.0
 13
2929.261118795557
 23
525.9222317897946
 33
0.0
  0
MTEXT
  5
191F
330
DAD
100
AcDbEntity
  8
0
440
 16777216
370
    13
100
AcDbMText
 10
2929.261118795557
 20
625.9222317897954
 30
0.0
 40
30.0
 41
0.0
 46
0.0
 71
     5
 72
     1
  1
\A1;200
  7
ОФОРМИТЕЛЬ
 73
     1
 44
1.0
  0
POINT
  5
1920
330
DAD
100
AcDbEntity
  8
DEFPOINTS
 62
     0
440
 16777216
100
AcDbPoint
 10
4630.521222956313
 20
725.9222317897947
 30
0.0
  0
POINT
  5
1921
330
DAD
100
AcDbEntity
  8
DEFPOINTS
 62
     0
440
 16777216
100
AcDbPoint
 10
3030.521222956313
 20
525.9222317897946
 30
0.0
  0
POINT
  5
1922
330
DAD
100
AcDbEntity
  8
DEFPOINTS
 62
     0
440
 16777216
100
AcDbPoint
 10
2929.261118795557
 20
525.9222317897946
 30
0.0
  0
ENDBLK
  5
DAF
330
DAD
100
AcDbEntity
  8
0
100
AcDbBlockEnd
  0
BLOCK
  5
DBB
330
DBA
100
AcDbEntity
  8
0
100
AcDbBlockBegin
  2
*D83
 70
     1
 10
0.0
 20
0.0
 30
0.0
  3
*D83
  1

  0
LINE
  5
1910
330
DBA
100
AcDbEntity
  8
0
440
 16777216
370
    -2
100
AcDbLine
 10
3920.521222956313
 20
1645.922231789795
 30
0.0
 11
2947.061431502758
 21
1645.922231789795
 31
0.0
  0
LINE
  5
1911
330
DBA
100
AcDbEntity
  8
0
440
 16777216
370
    -2
100
AcDbLine
 10
3020.521222956313
 20
1725.922231789795
 30
0.0
 11
2947.061431502758
 21
1725.922231789795
 31
0.0
  0
LINE
  5
1912
330
DBA
100
AcDbEntity
  8
0
440
 16777216
370
    -2
100
AcDbLine
 10
2957.061431502758
 20
1670.922231789795
 30
0.0
 11
2957.061431502758
 21
1700.922231789794
 31
0.0
  0
MTEXT
  5
1913
330
DBA
100
AcDbEntity
  8
0
440
 16777216
370
    13
100
AcDbMText
 10
2914.561431502758
 20
1685.922231789795
 30
0.0
 40
30.0
 41
0.0
 46
0.0
 71
     5
 72
     1
  1
\A1;80
  7
ОФОРМИТЕЛЬ
 73
     1
 44
1.0
  0
SOLID
  5
1914
330
DBA
100
AcDbEntity
  8
0
440
 16777216
100
AcDbTrace
 10
2952.894764836091
 20
1670.922231789795
 30
0.0
 11
2961.228098169426
 21
1670.922231789795
 31
0.0
 12
2957.061431502758
 22
1645.922231789795
 32
0.0
 13
2957.061431502758
 23
1645.922231789795
 33
0.0
  0
SOLID
  5
1915
330
DBA
100
AcDbEntity
  8
0
440
 16777216
100
AcDbTrace
 10
2952.894764836091
 20
1700.922231789794
 30
0.0
 11
2961.228098169426
 21
1700.922231789794
 31
0.0
 12
2957.061431502758
 22
1725.922231789795
 32
0.0
 13
2957.061431502758
 23
1725.922231789795
 33
0.0
  0
POINT
  5
1916
330
DBA
100
AcDbEntity
  8
DEFPOINTS
 62
     0
440
 16777216
100
AcDbPoint
 10
3930.521222956313
 20
1645.922231789795
 30
0.0
  0
POINT
  5
1917
330
DBA
100
AcDbEntity
  8
DEFPOINTS
 62
     0
440
 16777216
100
AcDbPoint
 10
3030.521222956313
 20
1725.922231789795
 30
0.0
  0
POINT
  5
1918
330
DBA
100
AcDbEntity
  8
DEFPOINTS
 62
     0
440
 16777216
100
AcDbPoint
 10
2957.061431502758
 20
1725.922231789795
 30
0.0
  0
ENDBLK
  5
DBC
330
DBA
100
AcDbEntity
  8
0
100
AcDbBlockEnd
  0
BLOCK
  5
DC7
330
DC6
100
AcDbEntity
  8
0
100
AcDbBlockBegin
  2
*D84
 70
     1
 10
0.0
 20
0.0
 30
0.0
  3
*D84
  1

  0
LINE
  5
1907
330
DC6
100
AcDbEntity
  8
0
440
 16777216
370
    -2
100
AcDbLine
 10
3230.939007952701
 20
1678.919587073172
 30
0.0
 11
3231.255511737842
 21
1703.917583499967
 31
0.0
  0
LINE
  5
1908
330
DC6
100
AcDbEntity
  8
0
440
 16777216
370
    -2
100
AcDbLine
 10
3230.103437959925
 20
1612.924876506416
 30
0.0
 11
3229.786934174783
 21
1587.926880079622
 31
0.0
  0
MTEXT
  5
1909
330
DC6
100
AcDbEntity
  8
0
440
 16777216
370
    13
100
AcDbMText
 10
3249.168437629772
 20
1545.689023809595
 30
0.0
 40
30.0
 41
0.0
 46
0.0
 71
     5
 72
     1
  1
\A1;∅16
  7
ОФОРМИТЕЛЬ
 73
     1
 44
1.0
  0
SOLID
  5
190A
330
DC6
100
AcDbEntity
  8
0
440
 16777216
100
AcDbTrace
 10
3226.772675214902
 20
1678.972337704029
 30
0.0
 11
3235.1053406905
 21
1678.866836442316
 31
0.0
 12
3230.622504167558
 22
1653.921590646379
 32
0.0
 13
3230.622504167558
 23
1653.921590646379
 33
0.0
  0
SOLID
  5
190B
330
DC6
100
AcDbEntity
  8
0
440
 16777216
100
AcDbTrace
 10
3225.937105222126
 20
1612.977627137272
 30
0.0
 11
3234.269770697724
 21
1612.872125875559
 31
0.0
 12
3230.419941745068
 22
1637.922872933209
 32
0.0
 13
3230.419941745068
 23
1637.922872933209
 33
0.0
  0
LINE
  5
190C
330
DC6
100
AcDbEntity
  8
0
440
 16777216
370
    -2
100
AcDbLine
 10
3230.431222956312
 20
1645.922231789794
 30
0.0
 11
3230.611222956313
 21
1645.922231789794
 31
0.0
  0
LINE
  5
190D
330
DC6
100
AcDbEntity
  8
0
440
 16777216
370
    -2
100
AcDbLine
 10
3230.521222956312
 20
1645.832231789794
 30
0.0
 11
3230.521222956312
 21
1646.012231789794
 31
0.0
  0
POINT
  5
190E
330
DC6
100
AcDbEntity
  8
DEFPOINTS
 62
     0
440
 16777216
100
AcDbPoint
 10
3230.419941745068
 20
1637.922872933209
 30
0.0
  0
POINT
  5
190F
330
DC6
100
AcDbEntity
  8
DEFPOINTS
 62
     0
440
 16777216
100
AcDbPoint
 10
3230.622504167558
 20
1653.921590646379
 30
0.0
  0
ENDBLK
  5
DC8
330
DC6
100
AcDbEntity
  8
0
100
AcDbBlockEnd
  0
BLOCK
  5
DD3
330
DD2
100
AcDbEntity
  8
0
100
AcDbBlockBegin
  2
*D85
 70
     1
 10
0.0
 20
0.0
 30
0.0
  3
*D85
  1

  0
LINE
  5
18FE
330
DD2
100
AcDbEntity
  8
0
440
 16777216
370
    -2
100
AcDbLine
 10
3910.630747249598
 20
1672.254132142041
 30
0.0
 11
3895.562205047538
 21
1692.202541499802
 31
0.0
  0
LINE
  5
18FF
330
DD2
100
AcDbEntity
  8
0
440
 16777216
370
    -2
100
AcDbLine
 10
3950.41169866303
 20
1619.590331437548
 30
0.0
 11
3965.480240865087
 21
1599.641922079787
 31
0.0
  0
MTEXT
  5
1900
330
DD2
100
AcDbEntity
  8
0
440
 16777216
370
    13
100
AcDbMText
 10
3947.467160430571
 20
1560.733161464187
 30
0.0
 40
30.0
 41
0.0
 46
0.0
 71
     5
 72
     1
  1
\A1;∅16
  7
ОФОРМИТЕЛЬ
 73
     1
 44
1.0
  0
SOLID
  5
1901
330
DD2
100
AcDbEntity
  8
0
440
 16777216
100
AcDbTrace
 10
3913.955482142556
 20
1674.765555842384
 30
0.0
 11
3907.306012356636
 21
1669.742708441698
 31
0.0
 12
3925.699289451653
 22
1652.30572278428
 32
0.0
 13
3925.699289451653
 23
1652.30572278428
 33
0.0
  0
SOLID
  5
1902
330
DD2
100
AcDbEntity
  8
0
440
 16777216
100
AcDbTrace
 10
3953.736433555992
 20
1622.101755137891
 30
0.0
 11
3947.08696377007
 21
1617.078907737205
 31
0.0
 12
3935.343156460973
 22
1639.538740795309
 32
0.0
 13
3935.343156460973
 23
1639.538740795309
 33
0.0
  0
LINE
  5
1903
330
DD2
100
AcDbEntity
  8
0
440
 16777216
370
    -2
100
AcDbLine
 10
3930.431222956313
 20
1645.922231789795
 30
0.0
 11
3930.611222956313
 21
1645.922231789795
 31
0.0
  0
LINE
  5
1904
330
DD2
100
AcDbEntity
  8
0
440
 16777216
370
    -2
100
AcDbLine
 10
3930.521222956314
 20
1645.832231789794
 30
0.0
 11
3930.521222956313
 21
1646.012231789794
 31
0.0
  0
POINT
  5
1905
330
DD2
100
AcDbEntity
  8
DEFPOINTS
 62
     0
440
 16777216
100
AcDbPoint
 10
3935.343156460973
 20
1639.538740795309
 30
0.0
  0
POINT
  5
1906
330
DD2
100
AcDbEntity
  8
DEFPOINTS
 62
     0
440
 16777216
100
AcDbPoint
 10
3925.699289451653
 20
1652.30572278428
 30
0.0
  0
ENDBLK
  5
DD4
330
DD2
100
AcDbEntity
  8
0
100
AcDbBlockEnd
  0
BLOCK
  5
DDF
330
DDE
100
AcDbEntity
  8
0
100
AcDbBlockBegin
  2
*D86
 70
     1
 10
0.0
 20
0.0
 30
0.0
  3
*D86
  1

  0
LINE
  5
18F5
330
DDE
100
AcDbEntity
  8
0
440
 16777216
370
    -2
100
AcDbLine
 10
3213.951529195501
 20
697.3837446421957
 30
0.0
 11
3201.39873089186
 21
675.7636786212948
 31
0.0
  0
LINE
  5
18F6
330
DDE
100
AcDbEntity
  8
0
440
 16777216
370
    -2
100
AcDbLine
 10
3247.090916717126
 20
754.4607189373938
 30
0.0
 11
3259.643715020767
 21
776.0807849582942
 31
0.0
  0
MTEXT
  5
18F7
330
DDE
100
AcDbEntity
  8
0
440
 16777216
370
    13
100
AcDbMText
 10
3296.066029411576
 20
821.3238251658328
 30
0.0
 40
30.0
 41
0.0
 46
0.0
 71
     5
 72
     1
  1
\A1;∅16
  7
ОФОРМИТЕЛЬ
 73
     1
 44
1.0
  0
SOLID
  5
18F8
330
DDE
100
AcDbEntity
  8
0
440
 16777216
100
AcDbTrace
 10
3210.348184858685
 20
699.4758776928025
 30
0.0
 11
3217.554873532318
 21
695.291611591589
 31
0.0
 12
3226.504327499142
 22
719.0038106630963
 32
0.0
 13
3226.504327499142
 23
719.0038106630963
 33
0.0
  0
SOLID
  5
18F9
330
DDE
100
AcDbEntity
  8
0
440
 16777216
100
AcDbTrace
 10
3243.487572380309
 20
756.5528519880004
 30
0.0
 11
3250.694261053943
 21
752.3685858867868
 31
0.0
 12
3234.538118413485
 22
732.8406529164928
 32
0.0
 13
3234.538118413485
 23
732.8406529164928
 33
0.0
  0
LINE
  5
18FA
330
DDE
100
AcDbEntity
  8
0
440
 16777216
370
    -2
100
AcDbLine
 10
3230.431222956315
 20
725.922231789795
 30
0.0
 11
3230.611222956315
 21
725.9222317897947
 31
0.0
  0
LINE
  5
18FB
330
DDE
100
AcDbEntity
  8
0
440
 16777216
370
    -2
100
AcDbLine
 10
3230.521222956314
 20
725.8322317897945
 30
0.0
 11
3230.521222956315
 21
726.0122317897947
 31
0.0
  0
POINT
  5
18FC
330
DDE
100
AcDbEntity
  8
DEFPOINTS
 62
     0
440
 16777216
100
AcDbPoint
 10
3234.538118413485
 20
732.8406529164928
 30
0.0
  0
POINT
  5
18FD
330
DDE
100
AcDbEntity
  8
DEFPOINTS
 62
     0
440
 16777216
100
AcDbPoint
 10
3226.504327499142
 20
719.0038106630963
 30
0.0
  0
ENDBLK
  5
DE0
330
DDE
100
AcDbEntity
  8
0
100
AcDbBlockEnd
  0
BLOCK
  5
DEB
330
DEA
100
AcDbEntity
  8
0
100
AcDbBlockBegin
  2
*D87
 70
     1
 10
0.0
 20
0.0
 30
0.0
  3
*D87
  1

  0
LINE
  5
18EC
330
DEA
100
AcDbEntity
  8
0
440
 16777216
370
    -2
100
AcDbLine
 10
3937.859745921921
 20
693.7485456366111
 30
0.0
 11
3943.419233017078
 21
669.3745409751122
 31
0.0
  0
LINE
  5
18ED
330
DEA
100
AcDbEntity
  8
0
440
 16777216
370
    -2
100
AcDbLine
 10
3923.182699990703
 20
758.0959179429774
 30
0.0
 11
3917.623212895545
 21
782.4699226044764
 31
0.0
  0
MTEXT
  5
18EE
330
DEA
100
AcDbEntity
  8
0
440
 16777216
370
    13
100
AcDbMText
 10
3876.519007251432
 20
808.7870437870149
 30
0.0
 40
30.0
 41
0.0
 46
0.0
 71
     5
 72
     1
  1
\A1;∅16
  7
ОФОРМИТЕЛЬ
 73
     1
 44
1.0
  0
SOLID
  5
18EF
330
DEA
100
AcDbEntity
  8
0
440
 16777216
100
AcDbTrace
 10
3941.922080032171
 20
694.6751268191373
 30
0.0
 11
3933.797411811671
 21
692.8219644540848
 31
0.0
 12
3932.300258826764
 22
718.1225502981102
 32
0.0
 13
3932.300258826764
 23
718.1225502981102
 33
0.0
  0
SOLID
  5
18F0
330
DEA
100
AcDbEntity
  8
0
440
 16777216
100
AcDbTrace
 10
3927.245034100952
 20
759.0224991255038
 30
0.0
 11
3919.120365880453
 21
757.1693367604512
 31
0.0
 12
3928.742187085862
 22
733.7219132814785
 32
0.0
 13
3928.742187085862
 23
733.7219132814785
 33
0.0
  0
LINE
  5
18F1
330
DEA
100
AcDbEntity
  8
0
440
 16777216
370
    -2
100
AcDbLine
 10
3930.431222956311
 20
725.9222317897942
 30
0.0
 11
3930.611222956313
 21
725.9222317897942
 31
0.0
  0
LINE
  5
18F2
330
DEA
100
AcDbEntity
  8
0
440
 16777216
370
    -2
100
AcDbLine
 10
3930.521222956313
 20
725.8322317897942
 30
0.0
 11
3930.521222956311
 21
726.0122317897943
 31
0.0
  0
POINT
  5
18F3
330
DEA
100
AcDbEntity
  8
DEFPOINTS
 62
     0
440
 16777216
100
AcDbPoint
 10
3928.742187085862
 20
733.7219132814785
 30
0.0
  0
POINT
  5
18F4
330
DEA
100
AcDbEntity
  8
DEFPOINTS
 62
     0
440
 16777216
100
AcDbPoint
 10
3932.300258826764
 20
718.1225502981102
 30
0.0
  0
ENDBLK
  5
DEC
330
DEA
100
AcDbEntity
  8
0
100
AcDbBlockEnd
  0
BLOCK
  5
DF7
330
DF6
100
AcDbEntity
  8
0
100
AcDbBlockBegin
  2
*D88
 70
     1
 10
0.0
 20
0.0
 30
0.0
  3
*D88
  1

  0
LINE
  5
18E3
330
DF6
100
AcDbEntity
  8
0
440
 16777216
370
    -2
100
AcDbLine
 10
4603.634508741031
 20
706.7883717844924
 30
0.0
 11
4583.265785850636
 21
692.2930232956059
 31
0.0
  0
LINE
  5
18E4
330
DF6
100
AcDbEntity
  8
0
440
 16777216
370
    -2
100
AcDbLine
 10
4657.407937171596
 20
745.056091795097
 30
0.0
 11
4677.776660061993
 21
759.5514402839841
 31
0.0
  0
MTEXT
  5
18E5
330
DF6
100
AcDbEntity
  8
0
440
 16777216
370
    13
100
AcDbMText
 10
4672.604624807202
 20
811.2944000628196
 30
0.0
 40
30.0
 41
0.0
 46
0.0
 71
     5
 72
     1
  1
\A1;∅16
  7
ОФОРМИТЕЛЬ
 73
     1
 44
1.0
  0
SOLID
  5
18E6
330
DF6
100
AcDbEntity
  8
0
440
 16777216
100
AcDbTrace
 10
4601.218617326217
 20
710.1831589328915
 30
0.0
 11
4606.050400155845
 21
703.3935846360932
 31
0.0
 12
4624.003231631427
 22
721.2837202733793
 32
0.0
 13
4624.003231631427
 23
721.2837202733793
 33
0.0
  0
SOLID
  5
18E7
330
DF6
100
AcDbEntity
  8
0
440
 16777216
100
AcDbTrace
 10
4654.992045756782
 20
748.4508789434959
 30
0.0
 11
4659.82382858641
 21
741.6613046466976
 31
0.0
 12
4637.039214281201
 22
730.5607433062105
 32
0.0
 13
4637.039214281201
 23
730.5607433062105
 33
0.0
  0
LINE
  5
18E8
330
DF6
100
AcDbEntity
  8
0
440
 16777216
370
    -2
100
AcDbLine
 10
4630.431222956313
 20
725.9222317897947
 30
0.0
 11
4630.611222956313
 21
725.922231789795
 31
0.0
  0
LINE
  5
18E9
330
DF6
100
AcDbEntity
  8
0
440
 16777216
370
    -2
100
AcDbLine
 10
4630.521222956313
 20
725.8322317897952
 30
0.0
 11
4630.521222956313
 21
726.0122317897952
 31
0.0
  0
POINT
  5
18EA
330
DF6
100
AcDbEntity
  8
DEFPOINTS
 62
     0
440
 16777216
100
AcDbPoint
 10
4637.039214281201
 20
730.5607433062105
 30
0.0
  0
POINT
  5
18EB
330
DF6
100
AcDbEntity
  8
DEFPOINTS
 62
     0
440
 16777216
100
AcDbPoint
 10
4624.003231631427
 20
721.2837202733793
 30
0.0
  0
ENDBLK
  5
DF8
330
DF6
100
AcDbEntity
  8
0
100
AcDbBlockEnd
  0
BLOCK
  5
E03
330
E02
100
AcDbEntity
  8
0
100
AcDbBlockBegin
  2
*D89
 70
     1
 10
0.0
 20
0.0
 30
0.0
  3
*D89
  1

  0
LINE
  5
18DA
330
E02
100
AcDbEntity
  8
0
440
 16777216
370
    -2
100
AcDbLine
 10
4637.521222956313
 20
1645.922231789795
 30
0.0
 11
4721.6993238589
 21
1645.922231789795
 31
0.0
  0
LINE
  5
18DB
330
E02
100
AcDbEntity
  8
0
440
 16777216
370
    -2
100
AcDbLine
 10
4660.521222956313
 20
1725.922231789795
 30
0.0
 11
4721.6993238589
 21
1725.922231789795
 31
0.0
  0
LINE
  5
18DC
330
E02
100
AcDbEntity
  8
0
440
 16777216
370
    -2
100
AcDbLine
 10
4711.6993238589
 20
1670.922231789794
 30
0.0
 11
4711.6993238589
 21
1700.922231789794
 31
0.0
  0
MTEXT
  5
18DD
330
E02
100
AcDbEntity
  8
0
440
 16777216
370
    13
100
AcDbMText
 10
4784.1993238589
 20
1685.922231789795
 30
0.0
 40
30.0
 41
0.0
 46
0.0
 71
     5
 72
     1
  1
\A1;80
  7
ОФОРМИТЕЛЬ
 73
     1
 44
1.0
  0
SOLID
  5
18DE
330
E02
100
AcDbEntity
  8
0
440
 16777216
100
AcDbTrace
 10
4707.532657192233
 20
1670.922231789794
 30
0.0
 11
4715.865990525567
 21
1670.922231789794
 31
0.0
 12
4711.6993238589
 22
1645.922231789795
 32
0.0
 13
4711.6993238589
 23
1645.922231789795
 33
0.0
  0
SOLID
  5
18DF
330
E02
100
AcDbEntity
  8
0
440
 16777216
100
AcDbTrace
 10
4707.532657192233
 20
1700.922231789794
 30
0.0
 11
4715.865990525567
 21
1700.922231789794
 31
0.0
 12
4711.6993238589
 22
1725.922231789795
 32
0.0
 13
4711.6993238589
 23
1725.922231789795
 33
0.0
  0
POINT
  5
18E0
330
E02
100
AcDbEntity
  8
DEFPOINTS
 62
     0
440
 16777216
100
AcDbPoint
 10
4627.521222956313
 20
1645.922231789795
 30
0.0
  0
POINT
  5
18E1
330
E02
100
AcDbEntity
  8
DEFPOINTS
 62
     0
440
 16777216
100
AcDbPoint
 10
4650.521222956313
 20
1725.922231789795
 30
0.0
  0
POINT
  5
18E2
330
E02
100
AcDbEntity
  8
DEFPOINTS
 62
     0
440
 16777216
100
AcDbPoint
 10
4711.6993238589
 20
1725.922231789795
 30
0.0
  0
ENDBLK
  5
E04
330
E02
100
AcDbEntity
  8
0
100
AcDbBlockEnd
  0
BLOCK
  5
E0F
330
E0E
100
AcDbEntity
  8
0
100
AcDbBlockBegin
  2
*D90
 70
     1
 10
0.0
 20
0.0
 30
0.0
  3
*D90
  1

  0
LINE
  5
18D0
330
E0E
100
AcDbEntity
  8
0
440
 16777216
370
    -2
100
AcDbLine
 10
4627.521222956313
 20
1635.922231789795
 30
0.0
 11
4627.521222956313
 21
1583.33686360219
 31
0.0
  0
LINE
  5
18D1
330
E0E
100
AcDbEntity
  8
0
440
 16777216
370
    -2
100
AcDbLine
 10
4650.521222956313
 20
1625.922231789795
 30
0.0
 11
4650.521222956313
 21
1583.33686360219
 31
0.0
  0
LINE
  5
18D2
330
E0E
100
AcDbEntity
  8
0
440
 16777216
370
    -2
100
AcDbLine
 10
4602.521222956313
 20
1593.336863602191
 30
0.0
 11
4577.521222956312
 21
1593.336863602191
 31
0.0
  0
LINE
  5
18D3
330
E0E
100
AcDbEntity
  8
0
440
 16777216
370
    -2
100
AcDbLine
 10
4675.521222956313
 20
1593.336863602191
 30
0.0
 11
4700.521222956314
 21
1593.336863602191
 31
0.0
  0
MTEXT
  5
18D4
330
E0E
100
AcDbEntity
  8
0
440
 16777216
370
    13
100
AcDbMText
 10
4639.021222956313
 20
1520.83686360219
 30
0.0
 40
30.0
 41
0.0
 46
0.0
 71
     5
 72
     1
  1
\A1;23
  7
ОФОРМИТЕЛЬ
 73
     1
 44
1.0
  0
SOLID
  5
18D5
330
E0E
100
AcDbEntity
  8
0
440
 16777216
100
AcDbTrace
 10
4602.521222956313
 20
1597.503530268858
 30
0.0
 11
4602.521222956313
 21
1589.170196935525
 31
0.0
 12
4627.521222956313
 22
1593.336863602191
 32
0.0
 13
4627.521222956313
 23
1593.336863602191
 33
0.0
  0
SOLID
  5
18D6
330
E0E
100
AcDbEntity
  8
0
440
 16777216
100
AcDbTrace
 10
4675.521222956313
 20
1597.503530268858
 30
0.0
 11
4675.521222956313
 21
1589.170196935525
 31
0.0
 12
4650.521222956313
 22
1593.336863602191
 32
0.0
 13
4650.521222956313
 23
1593.336863602191
 33
0.0
  0
POINT
  5
18D7
330
E0E
100
AcDbEntity
  8
DEFPOINTS
 62
     0
440
 16777216
100
AcDbPoint
 10
4627.521222956313
 20
1645.922231789795
 30
0.0
  0
POINT
  5
18D8
330
E0E
100
AcDbEntity
  8
DEFPOINTS
 62
     0
440
 16777216
100
AcDbPoint
 10
4650.521222956313
 20
1635.922231789795
 30
0.0
  0
POINT
  5
18D9
330
E0E
100
AcDbEntity
  8
DEFPOINTS
 62
     0
440
 16777216
100
AcDbPoint
 10
4650.521222956313
 20
1593.336863602191
 30
0.0
  0
ENDBLK
  5
E10
330
E0E
100
AcDbEntity
  8
0
100
AcDbBlockEnd
  0
BLOCK
  5
E1C
330
E1B
100
AcDbEntity
  8
0
100
AcDbBlockBegin
  2
*D91
 70
     1
 10
0.0
 20
0.0
 30
0.0
  3
*D91
  1

  0
LINE
  5
18C9
330
E1B
100
AcDbEntity
  8
0
440
 16777216
370
    -2
100
AcDbLine
 10
4592.893757879147
 20
1640.829230479752
 30
0.0
 11
4568.159854252746
 21
1637.191372401171
 31
0.0
  0
MTEXT
  5
18CA
330
E1B
100
AcDbEntity
  8
0
440
 16777216
370
    13
100
AcDbMText
 10
4549.179542003033
 20
1662.387104790279
 30
0.0
 40
30.0
 41
0.0
 46
0.0
 71
     5
 72
     1
  1
\A1;R10
  7
ОФОРМИТЕЛЬ
 73
     1
 44
1.0
  0
SOLID
  5
18CB
330
E1B
100
AcDbEntity
  8
0
440
 16777216
100
AcDbTrace
 10
4592.287448199384
 20
1644.951547750819
 30
0.0
 11
4593.500067558911
 21
1636.706913208685
 31
0.0
 12
4617.627661505548
 22
1644.467088558332
 32
0.0
 13
4617.627661505548
 23
1644.467088558332
 33
0.0
  0
LINE
  5
18CC
330
E1B
100
AcDbEntity
  8
0
440
 16777216
370
    -2
100
AcDbLine
 10
4627.431222956315
 20
1645.922231789795
 30
0.0
 11
4627.611222956313
 21
1645.922231789795
 31
0.0
  0
LINE
  5
18CD
330
E1B
100
AcDbEntity
  8
0
440
 16777216
370
    -2
100
AcDbLine
 10
4627.521222956313
 20
1645.832231789795
 30
0.0
 11
4627.521222956313
 21
1646.012231789795
 31
0.0
  0
POINT
  5
18CE
330
E1B
100
AcDbEntity
  8
DEFPOINTS
 62
     0
440
 16777216
100
AcDbPoint
 10
4617.627661505548
 20
1644.467088558332
 30
0.0
  0
POINT
  5
18CF
330
E1B
100
AcDbEntity
  8
DEFPOINTS
 62
     0
440
 16777216
100
AcDbPoint
 10
4627.521222956313
 20
1645.922231789795
 30
0.0
  0
ENDBLK
  5
E1D
330
E1B
100
AcDbEntity
  8
0
100
AcDbBlockEnd
  0
BLOCK
  5
E26
330
E25
100
AcDbEntity
  8
0
100
AcDbBlockBegin
  2
*D92
 70
     1
 10
0.0
 20
0.0
 30
0.0
  3
*D92
  1

  0
LINE
  5
18BF
330
E25
100
AcDbEntity
  8
0
440
 16777216
370
    -2
100
AcDbLine
 10
4650.521222956313
 20
1735.922231789795
 30
0.0
 11
4650.521222956313
 21
1811.790237106645
 31
0.0
  0
LINE
  5
18C0
330
E25
100
AcDbEntity
  8
0
440
 16777216
370
    -2
100
AcDbLine
 10
4830.521222956313
 20
1395.922231789795
 30
0.0
 11
4830.521222956313
 21
1811.790237106645
 31
0.0
  0
LINE
  5
18C1
330
E25
100
AcDbEntity
  8
0
440
 16777216
370
    -2
100
AcDbLine
 10
4675.521222956313
 20
1801.790237106645
 30
0.0
 11
4703.021222956313
 21
1801.790237106645
 31
0.0
  0
LINE
  5
18C2
330
E25
100
AcDbEntity
  8
0
440
 16777216
370
    -2
100
AcDbLine
 10
4805.521222956313
 20
1801.790237106645
 30
0.0
 11
4778.021222956313
 21
1801.790237106645
 31
0.0
  0
SOLID
  5
18C3
330
E25
100
AcDbEntity
  8
0
440
 16777216
100
AcDbTrace
 10
4675.521222956313
 20
1805.956903773311
 30
0.0
 11
4675.521222956313
 21
1797.623570439978
 31
0.0
 12
4650.521222956313
 22
1801.790237106645
 32
0.0
 13
4650.521222956313
 23
1801.790237106645
 33
0.0
  0
SOLID
  5
18C4
330
E25
100
AcDbEntity
  8
0
440
 16777216
100
AcDbTrace
 10
4805.521222956313
 20
1805.956903773311
 30
0.0
 11
4805.521222956313
 21
1797.623570439978
 31
0.0
 12
4830.521222956313
 22
1801.790237106645
 32
0.0
 13
4830.521222956313
 23
1801.790237106645
 33
0.0
  0
MTEXT
  5
18C5
330
E25
100
AcDbEntity
  8
0
440
 16777216
370
    13
100
AcDbMText
 10
4740.521222956313
 20
1801.790237106645
 30
0.0
 40
30.0
 41
0.0
 46
0.0
 71
     5
 72
     1
  1
\A1;180
  7
ОФОРМИТЕЛЬ
 73
     1
 44
1.0
  0
POINT
  5
18C6
330
E25
100
AcDbEntity
  8
DEFPOINTS
 62
     0
440
 16777216
100
AcDbPoint
 10
4650.521222956313
 20
1725.922231789795
 30
0.0
  0
POINT
  5
18C7
330
E25
100
AcDbEntity
  8
DEFPOINTS
 62
     0
440
 16777216
100
AcDbPoint
 10
4830.521222956313
 20
1385.922231789795
 30
0.0
  0
POINT
  5
18C8
330
E25
100
AcDbEntity
  8
DEFPOINTS
 62
     0
440
 16777216
100
AcDbPoint
 10
4830.521222956313
 20
1801.790237106645
 30
0.0
  0
ENDBLK
  5
E27
330
E25
100
AcDbEntity
  8
0
100
AcDbBlockEnd
  0
BLOCK
  5
E33
330
E32
100
AcDbEntity
  8
0
100
AcDbBlockBegin
  2
*D93
 70
     1
 10
0.0
 20
0.0
 30
0.0
  3
*D93
  1

  0
LINE
  5
18B5
330
E32
100
AcDbEntity
  8
0
440
 16777216
370
    -2
100
AcDbLine
 10
4660.521222956313
 20
1725.922231789795
 30
0.0
 11
4931.874545930253
 21
1725.922231789795
 31
0.0
  0
LINE
  5
18B6
330
E32
100
AcDbEntity
  8
0
440
 16777216
370
    -2
100
AcDbLine
 10
4840.521222956313
 20
1385.922231789795
 30
0.0
 11
4931.874545930253
 21
1385.922231789795
 31
0.0
  0
LINE
  5
18B7
330
E32
100
AcDbEntity
  8
0
440
 16777216
370
    -2
100
AcDbLine
 10
4921.874545930254
 20
1700.922231789794
 30
0.0
 11
4921.874545930254
 21
1575.922231789794
 31
0.0
  0
LINE
  5
18B8
330
E32
100
AcDbEntity
  8
0
440
 16777216
370
    -2
100
AcDbLine
 10
4921.874545930254
 20
1410.922231789794
 30
0.0
 11
4921.874545930254
 21
1535.922231789794
 31
0.0
  0
SOLID
  5
18B9
330
E32
100
AcDbEntity
  8
0
440
 16777216
100
AcDbTrace
 10
4917.707879263587
 20
1700.922231789794
 30
0.0
 11
4926.041212596921
 21
1700.922231789794
 31
0.0
 12
4921.874545930254
 22
1725.922231789795
 32
0.0
 13
4921.874545930254
 23
1725.922231789795
 33
0.0
  0
SOLID
  5
18BA
330
E32
100
AcDbEntity
  8
0
440
 16777216
100
AcDbTrace
 10
4917.707879263587
 20
1410.922231789794
 30
0.0
 11
4926.041212596921
 21
1410.922231789794
 31
0.0
 12
4921.874545930254
 22
1385.922231789795
 32
0.0
 13
4921.874545930254
 23
1385.922231789795
 33
0.0
  0
MTEXT
  5
18BB
330
E32
100
AcDbEntity
  8
0
440
 16777216
370
    13
100
AcDbMText
 10
4921.874545930254
 20
1555.922231789796
 30
0.0
 40
30.0
 41
0.0
 46
0.0
 71
     5
 72
     1
  1
\A1;340
  7
ОФОРМИТЕЛЬ
 73
     1
 44
1.0
  0
POINT
  5
18BC
330
E32
100
AcDbEntity
  8
DEFPOINTS
 62
     0
440
 16777216
100
AcDbPoint
 10
4650.521222956313
 20
1725.922231789795
 30
0.0
  0
POINT
  5
18BD
330
E32
100
AcDbEntity
  8
DEFPOINTS
 62
     0
440
 16777216
100
AcDbPoint
 10
4830.521222956313
 20
1385.922231789795
 30
0.0
  0
POINT
  5
18BE
330
E32
100
AcDbEntity
  8
DEFPOINTS
 62
     0
440
 16777216
100
AcDbPoint
 10
4921.874545930254
 20
1385.922231789795
 30
0.0
  0
ENDBLK
  5
E34
330
E32
100
AcDbEntity
  8
0
100
AcDbBlockEnd
  0
BLOCK
  5
E40
330
E3F
100
AcDbEntity
  8
0
100
AcDbBlockBegin
  2
*D94
 70
     1
 10
0.0
 20
0.0
 30
0.0
  3
*D94
  1

  0
LINE
  5
18AE
330
E3F
100
AcDbEntity
  8
0
440
 16777216
370
    -2
100
AcDbLine
 10
4633.024657436156
 20
1374.296982698769
 30
0.0
 11
4613.384253493161
 21
1358.829127871549
 31
0.0
  0
MTEXT
  5
18AF
330
E3F
100
AcDbEntity
  8
0
440
 16777216
370
    13
100
AcDbMText
 10
4609.708689597733
 20
1326.646222848939
 30
0.0
 40
30.0
 41
0.0
 46
0.0
 71
     5
 72
     1
  1
\A1;R10
  7
ОФОРМИТЕЛЬ
 73
     1
 44
1.0
  0
SOLID
  5
18B0
330
E3F
100
AcDbEntity
  8
0
440
 16777216
100
AcDbTrace
 10
4630.44668163162
 20
1377.570383355935
 30
0.0
 11
4635.602633240693
 21
1371.023582041603
 31
0.0
 12
4652.665061379152
 22
1389.764837525989
 32
0.0
 13
4652.665061379152
 23
1389.764837525989
 33
0.0
  0
LINE
  5
18B1
330
E3F
100
AcDbEntity
  8
0
440
 16777216
370
    -2
100
AcDbLine
 10
4660.431222956312
 20
1395.951979456848
 30
0.0
 11
4660.611222956313
 21
1395.951979456848
 31
0.0
  0
LINE
  5
18B2
330
E3F
100
AcDbEntity
  8
0
440
 16777216
370
    -2
100
AcDbLine
 10
4660.521222956312
 20
1395.861979456848
 30
0.0
 11
4660.521222956312
 21
1396.041979456847
 31
0.0
  0
POINT
  5
18B3
330
E3F
100
AcDbEntity
  8
DEFPOINTS
 62
     0
440
 16777216
100
AcDbPoint
 10
4652.665061379152
 20
1389.764837525989
 30
0.0
  0
POINT
  5
18B4
330
E3F
100
AcDbEntity
  8
DEFPOINTS
 62
     0
440
 16777216
100
AcDbPoint
 10
4660.521222956313
 20
1395.951979456848
 30
0.0
  0
ENDBLK
  5
E41
330
E3F
100
AcDbEntity
  8
0
100
AcDbBlockEnd
  0
BLOCK
  5
E4A
330
E49
100
AcDbEntity
  8
0
100
AcDbBlockBegin
  2
*D95
 70
     1
 10
0.0
 20
0.0
 30
0.0
  3
*D95
  1

  0
LINE
  5
18A4
330
E49
100
AcDbEntity
  8
0
440
 16777216
370
    -2
100
AcDbLine
 10
5520.874580183367
 20
1728.559374023171
 30
0.0
 11
5520.874580183367
 21
1907.305467075697
 31
0.0
  0
LINE
  5
18A5
330
E49
100
AcDbEntity
  8
0
440
 16777216
370
    -2
100
AcDbLine
 10
7320.874580183367
 20
1488.559374023171
 30
0.0
 11
7320.874580183367
 21
1907.305467075697
 31
0.0
  0
LINE
  5
18A6
330
E49
100
AcDbEntity
  8
0
440
 16777216
370
    -2
100
AcDbLine
 10
5545.874580183365
 20
1897.305467075697
 30
0.0
 11
6370.874580183365
 21
1897.305467075697
 31
0.0
  0
LINE
  5
18A7
330
E49
100
AcDbEntity
  8
0
440
 16777216
370
    -2
100
AcDbLine
 10
7295.874580183367
 20
1897.305467075697
 30
0.0
 11
6470.874580183367
 21
1897.305467075697
 31
0.0
  0
SOLID
  5
18A8
330
E49
100
AcDbEntity
  8
0
440
 16777216
100
AcDbTrace
 10
5545.874580183365
 20
1901.472133742364
 30
0.0
 11
5545.874580183365
 21
1893.13880040903
 31
0.0
 12
5520.874580183367
 22
1897.305467075697
 32
0.0
 13
5520.874580183367
 23
1897.305467075697
 33
0.0
  0
SOLID
  5
18A9
330
E49
100
AcDbEntity
  8
0
440
 16777216
100
AcDbTrace
 10
7295.874580183367
 20
1901.472133742364
 30
0.0
 11
7295.874580183367
 21
1893.13880040903
 31
0.0
 12
7320.874580183367
 22
1897.305467075697
 32
0.0
 13
7320.874580183367
 23
1897.305467075697
 33
0.0
  0
MTEXT
  5
18AA
330
E49
100
AcDbEntity
  8
0
440
 16777216
370
    13
100
AcDbMText
 10
6420.874580183367
 20
1897.305467075697
 30
0.0
 40
30.0
 41
0.0
 46
0.0
 71
     5
 72
     1
  1
\A1;1800
  7
ОФОРМИТЕЛЬ
 73
     1
 44
1.0
  0
POINT
  5
18AB
330
E49
100
AcDbEntity
  8
DEFPOINTS
 62
     0
440
 16777216
100
AcDbPoint
 10
5520.874580183367
 20
1718.55937402317
 30
0.0
  0
POINT
  5
18AC
330
E49
100
AcDbEntity
  8
DEFPOINTS
 62
     0
440
 16777216
100
AcDbPoint
 10
7320.874580183367
 20
1478.559374023171
 30
0.0
  0
POINT
  5
18AD
330
E49
100
AcDbEntity
  8
DEFPOINTS
 62
     0
440
 16777216
100
AcDbPoint
 10
7320.874580183367
 20
1897.305467075697
 30
0.0
  0
ENDBLK
  5
E4B
330
E49
100
AcDbEntity
  8
0
100
AcDbBlockEnd
  0
BLOCK
  5
E57
330
E56
100
AcDbEntity
  8
0
100
AcDbBlockBegin
  2
*D96
 70
     1
 10
0.0
 20
0.0
 30
0.0
  3
*D96
  1

  0
LINE
  5
189A
330
E56
100
AcDbEntity
  8
0
440
 16777216
370
    -2
100
AcDbLine
 10
5510.874580183365
 20
1718.55937402317
 30
0.0
 11
5317.855644678066
 21
1718.55937402317
 31
0.0
  0
LINE
  5
189B
330
E56
100
AcDbEntity
  8
0
440
 16777216
370
    -2
100
AcDbLine
 10
5510.874580183365
 20
518.5593740231706
 30
0.0
 11
5317.855644678066
 21
518.5593740231706
 31
0.0
  0
LINE
  5
189C
330
E56
100
AcDbEntity
  8
0
440
 16777216
370
    -2
100
AcDbLine
 10
5327.855644678066
 20
1693.55937402317
 30
0.0
 11
5327.855644678066
 21
1138.55937402317
 31
0.0
  0
LINE
  5
189D
330
E56
100
AcDbEntity
  8
0
440
 16777216
370
    -2
100
AcDbLine
 10
5327.855644678066
 20
543.5593740231706
 30
0.0
 11
5327.855644678066
 21
1098.55937402317
 31
0.0
  0
SOLID
  5
189E
330
E56
100
AcDbEntity
  8
0
440
 16777216
100
AcDbTrace
 10
5323.688978011399
 20
1693.55937402317
 30
0.0
 11
5332.022311344734
 21
1693.55937402317
 31
0.0
 12
5327.855644678066
 22
1718.55937402317
 32
0.0
 13
5327.855644678066
 23
1718.55937402317
 33
0.0
  0
SOLID
  5
189F
330
E56
100
AcDbEntity
  8
0
440
 16777216
100
AcDbTrace
 10
5323.688978011399
 20
543.5593740231706
 30
0.0
 11
5332.022311344734
 21
543.5593740231706
 31
0.0
 12
5327.855644678066
 22
518.5593740231706
 32
0.0
 13
5327.855644678066
 23
518.5593740231706
 33
0.0
  0
MTEXT
  5
18A0
330
E56
100
AcDbEntity
  8
0
440
 16777216
370
    13
100
AcDbMText
 10
5327.855644678066
 20
1118.559374023171
 30
0.0
 40
30.0
 41
0.0
 46
0.0
 71
     5
 72
     1
  1
\A1;1200
  7
ОФОРМИТЕЛЬ
 73
     1
 44
1.0
  0
POINT
  5
18A1
330
E56
100
AcDbEntity
  8
DEFPOINTS
 62
     0
440
 16777216
100
AcDbPoint
 10
5520.874580183367
 20
1718.55937402317
 30
0.0
  0
POINT
  5
18A2
330
E56
100
AcDbEntity
  8
DEFPOINTS
 62
     0
440
 16777216
100
AcDbPoint
 10
5520.874580183367
 20
518.5593740231706
 30
0.0
  0
POINT
  5
18A3
330
E56
100
AcDbEntity
  8
DEFPOINTS
 62
     0
440
 16777216
100
AcDbPoint
 10
5327.855644678066
 20
518.5593740231706
 30
0.0
  0
ENDBLK
  5
E58
330
E56
100
AcDbEntity
  8
0
100
AcDbBlockEnd
  0
BLOCK
  5
E64
330
E63
100
AcDbEntity
  8
0
100
AcDbBlockBegin
  2
*D97
 70
     1
 10
0.0
 20
0.0
 30
0.0
  3
*D97
  1

  0
LINE
  5
1890
330
E63
100
AcDbEntity
  8
0
440
 16777216
370
    -2
100
AcDbLine
 10
5720.874580183366
 20
1648.559374023171
 30
0.0
 11
5720.874580183366
 21
1811.690177920304
 31
0.0
  0
LINE
  5
1891
330
E63
100
AcDbEntity
  8
0
440
 16777216
370
    -2
100
AcDbLine
 10
5520.874580183367
 20
1728.559374023171
 30
0.0
 11
5520.874580183367
 21
1811.690177920304
 31
0.0
  0
LINE
  5
1892
330
E63
100
AcDbEntity
  8
0
440
 16777216
370
    -2
100
AcDbLine
 10
5695.874580183367
 20
1801.690177920303
 30
0.0
 11
5660.874580183365
 21
1801.690177920303
 31
0.0
  0
LINE
  5
1893
330
E63
100
AcDbEntity
  8
0
440
 16777216
370
    -2
100
AcDbLine
 10
5545.874580183365
 20
1801.690177920303
 30
0.0
 11
5580.874580183365
 21
1801.690177920303
 31
0.0
  0
SOLID
  5
1894
330
E63
100
AcDbEntity
  8
0
440
 16777216
100
AcDbTrace
 10
5695.874580183367
 20
1805.85684458697
 30
0.0
 11
5695.874580183367
 21
1797.523511253636
 31
0.0
 12
5720.874580183366
 22
1801.690177920303
 32
0.0
 13
5720.874580183366
 23
1801.690177920303
 33
0.0
  0
SOLID
  5
1895
330
E63
100
AcDbEntity
  8
0
440
 16777216
100
AcDbTrace
 10
5545.874580183365
 20
1805.85684458697
 30
0.0
 11
5545.874580183365
 21
1797.523511253636
 31
0.0
 12
5520.874580183367
 22
1801.690177920303
 32
0.0
 13
5520.874580183367
 23
1801.690177920303
 33
0.0
  0
MTEXT
  5
1896
330
E63
100
AcDbEntity
  8
0
440
 16777216
370
    13
100
AcDbMText
 10
5620.874580183365
 20
1801.690177920303
 30
0.0
 40
30.0
 41
0.0
 46
0.0
 71
     5
 72
     1
  1
\A1;200
  7
ОФОРМИТЕЛЬ
 73
     1
 44
1.0
  0
POINT
  5
1897
330
E63
100
AcDbEntity
  8
DEFPOINTS
 62
     0
440
 16777216
100
AcDbPoint
 10
5720.874580183366
 20
1638.55937402317
 30
0.0
  0
POINT
  5
1898
330
E63
100
AcDbEntity
  8
DEFPOINTS
 62
     0
440
 16777216
100
AcDbPoint
 10
5520.874580183367
 20
1718.55937402317
 30
0.0
  0
POINT
  5
1899
330
E63
100
AcDbEntity
  8
DEFPOINTS
 62
     0
440
 16777216
100
AcDbPoint
 10
5520.874580183367
 20
1801.690177920303
 30
0.0
  0
ENDBLK
  5
E65
330
E63
100
AcDbEntity
  8
0
100
AcDbBlockEnd
  0
BLOCK
  5
E71
330
E70
100
AcDbEntity
  8
0
100
AcDbBlockBegin
  2
*D98
 70
     1
 10
0.0
 20
0.0
 30
0.0
  3
*D98
  1

  0
LINE
  5
1886
330
E70
100
AcDbEntity
  8
0
440
 16777216
370
    -2
100
AcDbLine
 10
5720.874580183366
 20
1648.559374023171
 30
0.0
 11
5720.874580183366
 21
1811.690177920304
 31
0.0
  0
LINE
  5
1887
330
E70
100
AcDbEntity
  8
0
440
 16777216
370
    -2
100
AcDbLine
 10
6420.874580183367
 20
1648.559374023171
 30
0.0
 11
6420.874580183367
 21
1811.690177920304
 31
0.0
  0
LINE
  5
1888
330
E70
100
AcDbEntity
  8
0
440
 16777216
370
    -2
100
AcDbLine
 10
5745.874580183365
 20
1801.690177920303
 30
0.0
 11
6030.874580183366
 21
1801.690177920303
 31
0.0
  0
LINE
  5
1889
330
E70
100
AcDbEntity
  8
0
440
 16777216
370
    -2
100
AcDbLine
 10
6395.874580183367
 20
1801.690177920303
 30
0.0
 11
6110.874580183367
 21
1801.690177920303
 31
0.0
  0
SOLID
  5
188A
330
E70
100
AcDbEntity
  8
0
440
 16777216
100
AcDbTrace
 10
5745.874580183365
 20
1805.85684458697
 30
0.0
 11
5745.874580183365
 21
1797.523511253636
 31
0.0
 12
5720.874580183366
 22
1801.690177920303
 32
0.0
 13
5720.874580183366
 23
1801.690177920303
 33
0.0
  0
SOLID
  5
188B
330
E70
100
AcDbEntity
  8
0
440
 16777216
100
AcDbTrace
 10
6395.874580183367
 20
1805.85684458697
 30
0.0
 11
6395.874580183367
 21
1797.523511253636
 31
0.0
 12
6420.874580183367
 22
1801.690177920303
 32
0.0
 13
6420.874580183367
 23
1801.690177920303
 33
0.0
  0
MTEXT
  5
188C
330
E70
100
AcDbEntity
  8
0
440
 16777216
370
    13
100
AcDbMText
 10
6070.874580183367
 20
1801.690177920303
 30
0.0
 40
30.0
 41
0.0
 46
0.0
 71
     5
 72
     1
  1
\A1;700
  7
ОФОРМИТЕЛЬ
 73
     1
 44
1.0
  0
POINT
  5
188D
330
E70
100
AcDbEntity
  8
DEFPOINTS
 62
     0
440
 16777216
100
AcDbPoint
 10
5720.874580183366
 20
1638.55937402317
 30
0.0
  0
POINT
  5
188E
330
E70
100
AcDbEntity
  8
DEFPOINTS
 62
     0
440
 16777216
100
AcDbPoint
 10
6420.874580183367
 20
1638.55937402317
 30
0.0
  0
POINT
  5
188F
330
E70
100
AcDbEntity
  8
DEFPOINTS
 62
     0
440
 16777216
100
AcDbPoint
 10
6420.874580183367
 20
1801.690177920303
 30
0.0
  0
ENDBLK
  5
E72
330
E70
100
AcDbEntity
  8
0
100
AcDbBlockEnd
  0
BLOCK
  5
E7E
330
E7D
100
AcDbEntity
  8
0
100
AcDbBlockBegin
  2
*D99
 70
     1
 10
0.0
 20
0.0
 30
0.0
  3
*D99
  1

  0
LINE
  5
187C
330
E7D
100
AcDbEntity
  8
0
440
 16777216
370
    -2
100
AcDbLine
 10
7150.874580183367
 20
1718.55937402317
 30
0.0
 11
7419.904746362774
 21
1718.55937402317
 31
0.0
  0
LINE
  5
187D
330
E7D
100
AcDbEntity
  8
0
440
 16777216
370
    -2
100
AcDbLine
 10
7330.874580183365
 20
1478.559374023171
 30
0.0
 11
7419.904746362774
 21
1478.559374023171
 31
0.0
  0
LINE
  5
187E
330
E7D
100
AcDbEntity
  8
0
440
 16777216
370
    -2
100
AcDbLine
 10
7409.904746362773
 20
1693.55937402317
 30
0.0
 11
7409.904746362773
 21
1618.55937402317
 31
0.0
  0
LINE
  5
187F
330
E7D
100
AcDbEntity
  8
0
440
 16777216
370
    -2
100
AcDbLine
 10
7409.904746362773
 20
1503.55937402317
 30
0.0
 11
7409.904746362773
 21
1578.559374023171
 31
0.0
  0
SOLID
  5
1880
330
E7D
100
AcDbEntity
  8
0
440
 16777216
100
AcDbTrace
 10
7405.738079696106
 20
1693.55937402317
 30
0.0
 11
7414.071413029441
 21
1693.55937402317
 31
0.0
 12
7409.904746362773
 22
1718.55937402317
 32
0.0
 13
7409.904746362773
 23
1718.55937402317
 33
0.0
  0
SOLID
  5
1881
330
E7D
100
AcDbEntity
  8
0
440
 16777216
100
AcDbTrace
 10
7405.738079696106
 20
1503.55937402317
 30
0.0
 11
7414.071413029441
 21
1503.55937402317
 31
0.0
 12
7409.904746362773
 22
1478.559374023171
 32
0.0
 13
7409.904746362773
 23
1478.559374023171
 33
0.0
  0
MTEXT
  5
1882
330
E7D
100
AcDbEntity
  8
0
440
 16777216
370
    13
100
AcDbMText
 10
7409.904746362773
 20
1598.559374023172
 30
0.0
 40
30.0
 41
0.0
 46
0.0
 71
     5
 72
     1
  1
\A1;240
  7
ОФОРМИТЕЛЬ
 73
     1
 44
1.0
  0
POINT
  5
1883
330
E7D
100
AcDbEntity
  8
DEFPOINTS
 62
     0
440
 16777216
100
AcDbPoint
 10
7140.874580183366
 20
1718.55937402317
 30
0.0
  0
POINT
  5
1884
330
E7D
100
AcDbEntity
  8
DEFPOINTS
 62
     0
440
 16777216
100
AcDbPoint
 10
7320.874580183367
 20
1478.559374023171
 30
0.0
  0
POINT
  5
1885
330
E7D
100
AcDbEntity
  8
DEFPOINTS
 62
     0
440
 16777216
100
AcDbPoint
 10
7409.904746362773
 20
1478.559374023171
 30
0.0
  0
ENDBLK
  5
E7F
330
E7D
100
AcDbEntity
  8
0
100
AcDbBlockEnd
  0
BLOCK
  5
E8B
330
E8A
100
AcDbEntity
  8
0
100
AcDbBlockBegin
  2
*D100
 70
     1
 10
0.0
 20
0.0
 30
0.0
  3
*D100
  1

  0
LINE
  5
1872
330
E8A
100
AcDbEntity
  8
0
440
 16777216
370
    -2
100
AcDbLine
 10
7320.874580183367
 20
1488.559374023171
 30
0.0
 11
7320.874580183367
 21
1822.657902754698
 31
0.0
  0
LINE
  5
1873
330
E8A
100
AcDbEntity
  8
0
440
 16777216
370
    -2
100
AcDbLine
 10
7140.874580183366
 20
1728.559374023171
 30
0.0
 11
7140.874580183366
 21
1822.657902754698
 31
0.0
  0
LINE
  5
1874
330
E8A
100
AcDbEntity
  8
0
440
 16777216
370
    -2
100
AcDbLine
 10
7295.874580183367
 20
1812.657902754698
 30
0.0
 11
7268.374580183365
 21
1812.657902754698
 31
0.0
  0
LINE
  5
1875
330
E8A
100
AcDbEntity
  8
0
440
 16777216
370
    -2
100
AcDbLine
 10
7165.874580183366
 20
1812.657902754698
 30
0.0
 11
7193.374580183365
 21
1812.657902754698
 31
0.0
  0
SOLID
  5
1876
330
E8A
100
AcDbEntity
  8
0
440
 16777216
100
AcDbTrace
 10
7295.874580183367
 20
1816.824569421364
 30
0.0
 11
7295.874580183367
 21
1808.491236088031
 31
0.0
 12
7320.874580183367
 22
1812.657902754698
 32
0.0
 13
7320.874580183367
 23
1812.657902754698
 33
0.0
  0
SOLID
  5
1877
330
E8A
100
AcDbEntity
  8
0
440
 16777216
100
AcDbTrace
 10
7165.874580183366
 20
1816.824569421364
 30
0.0
 11
7165.874580183366
 21
1808.491236088031
 31
0.0
 12
7140.874580183366
 22
1812.657902754698
 32
0.0
 13
7140.874580183366
 23
1812.657902754698
 33
0.0
  0
MTEXT
  5
1878
330
E8A
100
AcDbEntity
  8
0
440
 16777216
370
    13
100
AcDbMText
 10
7230.874580183367
 20
1812.657902754698
 30
0.0
 40
30.0
 41
0.0
 46
0.0
 71
     5
 72
     1
  1
\A1;180
  7
ОФОРМИТЕЛЬ
 73
     1
 44
1.0
  0
POINT
  5
1879
330
E8A
100
AcDbEntity
  8
DEFPOINTS
 62
     0
440
 16777216
100
AcDbPoint
 10
7320.874580183367
 20
1478.559374023171
 30
0.0
  0
POINT
  5
187A
330
E8A
100
AcDbEntity
  8
DEFPOINTS
 62
     0
440
 16777216
100
AcDbPoint
 10
7140.874580183366
 20
1718.55937402317
 30
0.0
  0
POINT
  5
187B
330
E8A
100
AcDbEntity
  8
DEFPOINTS
 62
     0
440
 16777216
100
AcDbPoint
 10
7140.874580183366
 20
1812.657902754698
 30
0.0
  0
ENDBLK
  5
E8C
330
E8A
100
AcDbEntity
  8
0
100
AcDbBlockEnd
  0
BLOCK
  5
E98
330
E97
100
AcDbEntity
  8
0
100
AcDbBlockBegin
  2
*D101
 70
     1
 10
0.0
 20
0.0
 30
0.0
  3
*D101
  1

  0
LINE
  5
1869
330
E97
100
AcDbEntity
  8
0
440
 16777216
370
    -2
100
AcDbLine
 10
7127.874580183366
 20
1638.55937402317
 30
0.0
 11
7217.298116329891
 21
1638.55937402317
 31
0.0
  0
LINE
  5
186A
330
E97
100
AcDbEntity
  8
0
440
 16777216
370
    -2
100
AcDbLine
 10
7150.874580183367
 20
1718.55937402317
 30
0.0
 11
7217.298116329891
 21
1718.55937402317
 31
0.0
  0
LINE
  5
186B
330
E97
100
AcDbEntity
  8
0
440
 16777216
370
    -2
100
AcDbLine
 10
7207.298116329893
 20
1663.55937402317
 30
0.0
 11
7207.298116329893
 21
1693.55937402317
 31
0.0
  0
MTEXT
  5
186C
330
E97
100
AcDbEntity
  8
0
440
 16777216
370
    13
100
AcDbMText
 10
7279.798116329891
 20
1678.559374023172
 30
0.0
 40
30.0
 41
0.0
 46
0.0
 71
     5
 72
     1
  1
\A1;80
  7
ОФОРМИТЕЛЬ
 73
     1
 44
1.0
  0
SOLID
  5
186D
330
E97
100
AcDbEntity
  8
0
440
 16777216
100
AcDbTrace
 10
7203.131449663224
 20
1663.55937402317
 30
0.0
 11
7211.464782996559
 21
1663.55937402317
 31
0.0
 12
7207.298116329893
 22
1638.55937402317
 32
0.0
 13
7207.298116329893
 23
1638.55937402317
 33
0.0
  0
SOLID
  5
186E
330
E97
100
AcDbEntity
  8
0
440
 16777216
100
AcDbTrace
 10
7203.131449663224
 20
1693.55937402317
 30
0.0
 11
7211.464782996559
 21
1693.55937402317
 31
0.0
 12
7207.298116329893
 22
1718.55937402317
 32
0.0
 13
7207.298116329893
 23
1718.55937402317
 33
0.0
  0
POINT
  5
186F
330
E97
100
AcDbEntity
  8
DEFPOINTS
 62
     0
440
 16777216
100
AcDbPoint
 10
7117.874580183367
 20
1638.55937402317
 30
0.0
  0
POINT
  5
1870
330
E97
100
AcDbEntity
  8
DEFPOINTS
 62
     0
440
 16777216
100
AcDbPoint
 10
7140.874580183366
 20
1718.55937402317
 30
0.0
  0
POINT
  5
1871
330
E97
100
AcDbEntity
  8
DEFPOINTS
 62
     0
440
 16777216
100
AcDbPoint
 10
7207.298116329893
 20
1718.55937402317
 30
0.0
  0
ENDBLK
  5
E99
330
E97
100
AcDbEntity
  8
0
100
AcDbBlockEnd
  0
BLOCK
  5
EA4
330
EA3
100
AcDbEntity
  8
0
100
AcDbBlockBegin
  2
*D102
 70
     1
 10
0.0
 20
0.0
 30
0.0
  3
*D102
  1

  0
LINE
  5
185F
330
EA3
100
AcDbEntity
  8
0
440
 16777216
370
    -2
100
AcDbLine
 10
7117.874580183367
 20
1628.55937402317
 30
0.0
 11
7117.874580183367
 21
1588.552938410314
 31
0.0
  0
LINE
  5
1860
330
EA3
100
AcDbEntity
  8
0
440
 16777216
370
    -2
100
AcDbLine
 10
7140.874580183366
 20
1638.55937402317
 30
0.0
 11
7140.874580183366
 21
1588.552938410314
 31
0.0
  0
LINE
  5
1861
330
EA3
100
AcDbEntity
  8
0
440
 16777216
370
    -2
100
AcDbLine
 10
7092.874580183367
 20
1598.552938410314
 30
0.0
 11
7067.874580183367
 21
1598.552938410314
 31
0.0
  0
LINE
  5
1862
330
EA3
100
AcDbEntity
  8
0
440
 16777216
370
    -2
100
AcDbLine
 10
7165.874580183366
 20
1598.552938410314
 30
0.0
 11
7190.874580183366
 21
1598.552938410314
 31
0.0
  0
MTEXT
  5
1863
330
EA3
100
AcDbEntity
  8
0
440
 16777216
370
    13
100
AcDbMText
 10
7129.374580183365
 20
1526.052938410314
 30
0.0
 40
30.0
 41
0.0
 46
0.0
 71
     5
 72
     1
  1
\A1;23
  7
ОФОРМИТЕЛЬ
 73
     1
 44
1.0
  0
SOLID
  5
1864
330
EA3
100
AcDbEntity
  8
0
440
 16777216
100
AcDbTrace
 10
7092.874580183367
 20
1602.71960507698
 30
0.0
 11
7092.874580183367
 21
1594.386271743647
 31
0.0
 12
7117.874580183367
 22
1598.552938410314
 32
0.0
 13
7117.874580183367
 23
1598.552938410314
 33
0.0
  0
SOLID
  5
1865
330
EA3
100
AcDbEntity
  8
0
440
 16777216
100
AcDbTrace
 10
7165.874580183366
 20
1602.71960507698
 30
0.0
 11
7165.874580183366
 21
1594.386271743647
 31
0.0
 12
7140.874580183366
 22
1598.552938410314
 32
0.0
 13
7140.874580183366
 23
1598.552938410314
 33
0.0
  0
POINT
  5
1866
330
EA3
100
AcDbEntity
  8
DEFPOINTS
 62
     0
440
 16777216
100
AcDbPoint
 10
7117.874580183367
 20
1638.55937402317
 30
0.0
  0
POINT
  5
1867
330
EA3
100
AcDbEntity
  8
DEFPOINTS
 62
     0
440
 16777216
100
AcDbPoint
 10
7140.874580183366
 20
1648.559374023171
 30
0.0
  0
POINT
  5
1868
330
EA3
100
AcDbEntity
  8
DEFPOINTS
 62
     0
440
 16777216
100
AcDbPoint
 10
7140.874580183366
 20
1598.552938410314
 30
0.0
  0
ENDBLK
  5
EA5
330
EA3
100
AcDbEntity
  8
0
100
AcDbBlockEnd
  0
BLOCK
  5
EB1
330
EB0
100
AcDbEntity
  8
0
100
AcDbBlockBegin
  2
*D103
 70
     1
 10
0.0
 20
0.0
 30
0.0
  3
*D103
  1

  0
LINE
  5
1858
330
EB0
100
AcDbEntity
  8
0
440
 16777216
370
    -2
100
AcDbLine
 10
7083.369305581455
 20
1632.695414214119
 30
0.0
 11
7058.72268086576
 21
1628.506871493359
 31
0.0
  0
MTEXT
  5
1859
330
EB0
100
AcDbEntity
  8
0
440
 16777216
370
    13
100
AcDbMText
 10
7012.023054814266
 20
1644.341573524405
 30
0.0
 40
30.0
 41
0.0
 46
0.0
 71
     5
 72
     1
  1
\A1;R10
  7
ОФОРМИТЕЛЬ
 73
     1
 44
1.0
  0
SOLID
  5
185A
330
EB0
100
AcDbEntity
  8
0
440
 16777216
100
AcDbTrace
 10
7082.671215127994
 20
1636.803185000067
 30
0.0
 11
7084.067396034915
 21
1628.587643428169
 31
0.0
 12
7108.015930297153
 22
1636.883956934878
 32
0.0
 13
7108.015930297153
 23
1636.883956934878
 33
0.0
  0
LINE
  5
185B
330
EB0
100
AcDbEntity
  8
0
440
 16777216
370
    -2
100
AcDbLine
 10
7117.784580183365
 20
1638.55937402317
 30
0.0
 11
7117.964580183365
 21
1638.55937402317
 31
0.0
  0
LINE
  5
185C
330
EB0
100
AcDbEntity
  8
0
440
 16777216
370
    -2
100
AcDbLine
 10
7117.874580183367
 20
1638.469374023171
 30
0.0
 11
7117.874580183367
 21
1638.64937402317
 31
0.0
  0
POINT
  5
185D
330
EB0
100
AcDbEntity
  8
DEFPOINTS
 62
     0
440
 16777216
100
AcDbPoint
 10
7108.015930297153
 20
1636.883956934878
 30
0.0
  0
POINT
  5
185E
330
EB0
100
AcDbEntity
  8
DEFPOINTS
 62
     0
440
 16777216
100
AcDbPoint
 10
7117.874580183367
 20
1638.55937402317
 30
0.0
  0
ENDBLK
  5
EB2
330
EB0
100
AcDbEntity
  8
0
100
AcDbBlockEnd
  0
BLOCK
  5
EBB
330
EBA
100
AcDbEntity
  8
0
100
AcDbBlockBegin
  2
*D104
 70
     1
 10
0.0
 20
0.0
 30
0.0
  3
*D104
  1

  0
LINE
  5
1851
330
EBA
100
AcDbEntity
  8
0
440
 16777216
370
    -2
100
AcDbLine
 10
7128.83385440389
 20
1461.40077111289
 30
0.0
 11
7113.090478847121
 21
1441.980520700535
 31
0.0
  0
MTEXT
  5
1852
330
EBA
100
AcDbEntity
  8
0
440
 16777216
370
    13
100
AcDbMText
 10
7104.165949358439
 20
1416.368039638735
 30
0.0
 40
30.0
 41
0.0
 46
0.0
 71
     5
 72
     1
  1
\A1;R10
  7
ОФОРМИТЕЛЬ
 73
     1
 44
1.0
  0
SOLID
  5
1853
330
EBA
100
AcDbEntity
  8
0
440
 16777216
100
AcDbTrace
 10
7125.597146001829
 20
1464.024667039019
 30
0.0
 11
7132.070562805949
 21
1458.776875186763
 31
0.0
 12
7144.577229960656
 22
1480.821021525246
 32
0.0
 13
7144.577229960656
 23
1480.821021525246
 33
0.0
  0
LINE
  5
1854
330
EBA
100
AcDbEntity
  8
0
440
 16777216
370
    -2
100
AcDbLine
 10
7150.784580183368
 20
1488.589121690194
 30
0.0
 11
7150.964580183369
 21
1488.589121690195
 31
0.0
  0
LINE
  5
1855
330
EBA
100
AcDbEntity
  8
0
440
 16777216
370
    -2
100
AcDbLine
 10
7150.874580183368
 20
1488.499121690194
 30
0.0
 11
7150.874580183368
 21
1488.679121690194
 31
0.0
  0
POINT
  5
1856
330
EBA
100
AcDbEntity
  8
DEFPOINTS
 62
     0
440
 16777216
100
AcDbPoint
 10
7144.577229960656
 20
1480.821021525246
 30
0.0
  0
POINT
  5
1857
330
EBA
100
AcDbEntity
  8
DEFPOINTS
 62
     0
440
 16777216
100
AcDbPoint
 10
7150.874580183368
 20
1488.589121690194
 30
0.0
  0
ENDBLK
  5
EBC
330
EBA
100
AcDbEntity
  8
0
100
AcDbBlockEnd
  0
BLOCK
  5
EC5
330
EC4
100
AcDbEntity
  8
0
100
AcDbBlockBegin
  2
*D105
 70
     1
 10
0.0
 20
0.0
 30
0.0
  3
*D105
  1

  0
LINE
  5
1848
330
EC4
100
AcDbEntity
  8
0
440
 16777216
370
    -2
100
AcDbLine
 10
6410.874580183366
 20
1638.55937402317
 30
0.0
 11
5453.666891186333
 21
1638.559374023171
 31
0.0
  0
LINE
  5
1849
330
EC4
100
AcDbEntity
  8
0
440
 16777216
370
    -2
100
AcDbLine
 10
5510.874580183365
 20
1718.55937402317
 30
0.0
 11
5453.666891186333
 21
1718.55937402317
 31
0.0
  0
LINE
  5
184A
330
EC4
100
AcDbEntity
  8
0
440
 16777216
370
    -2
100
AcDbLine
 10
5463.666891186331
 20
1663.559374023171
 30
0.0
 11
5463.666891186331
 21
1693.55937402317
 31
0.0
  0
MTEXT
  5
184B
330
EC4
100
AcDbEntity
  8
0
440
 16777216
370
    13
100
AcDbMText
 10
5421.166891186333
 20
1678.559374023172
 30
0.0
 40
30.0
 41
0.0
 46
0.0
 71
     5
 72
     1
  1
\A1;80
  7
ОФОРМИТЕЛЬ
 73
     1
 44
1.0
  0
SOLID
  5
184C
330
EC4
100
AcDbEntity
  8
0
440
 16777216
100
AcDbTrace
 10
5459.500224519667
 20
1663.559374023171
 30
0.0
 11
5467.833557852999
 21
1663.559374023171
 31
0.0
 12
5463.666891186331
 22
1638.559374023171
 32
0.0
 13
5463.666891186331
 23
1638.559374023171
 33
0.0
  0
SOLID
  5
184D
330
EC4
100
AcDbEntity
  8
0
440
 16777216
100
AcDbTrace
 10
5459.500224519667
 20
1693.55937402317
 30
0.0
 11
5467.833557852999
 21
1693.55937402317
 31
0.0
 12
5463.666891186331
 22
1718.55937402317
 32
0.0
 13
5463.666891186331
 23
1718.55937402317
 33
0.0
  0
POINT
  5
184E
330
EC4
100
AcDbEntity
  8
DEFPOINTS
 62
     0
440
 16777216
100
AcDbPoint
 10
6420.874580183367
 20
1638.55937402317
 30
0.0
  0
POINT
  5
184F
330
EC4
100
AcDbEntity
  8
DEFPOINTS
 62
     0
440
 16777216
100
AcDbPoint
 10
5520.874580183367
 20
1718.55937402317
 30
0.0
  0
POINT
  5
1850
330
EC4
100
AcDbEntity
  8
DEFPOINTS
 62
     0
440
 16777216
100
AcDbPoint
 10
5463.666891186331
 20
1718.55937402317
 30
0.0
  0
ENDBLK
  5
EC6
330
EC4
100
AcDbEntity
  8
0
100
AcDbBlockEnd
  0
BLOCK
  5
ED1
330
ED0
100
AcDbEntity
  8
0
100
AcDbBlockBegin
  2
*D106
 70
     1
 10
0.0
 20
0.0
 30
0.0
  3
*D106
  1

  0
LINE
  5
183E
330
ED0
100
AcDbEntity
  8
0
440
 16777216
370
    -2
100
AcDbLine
 10
5520.874580183367
 20
508.5593740231707
 30
0.0
 11
5520.874580183367
 21
424.4275274781684
 31
0.0
  0
LINE
  5
183F
330
ED0
100
AcDbEntity
  8
0
440
 16777216
370
    -2
100
AcDbLine
 10
5720.874580183366
 20
708.5593740231708
 30
0.0
 11
5720.874580183366
 21
424.4275274781684
 31
0.0
  0
LINE
  5
1840
330
ED0
100
AcDbEntity
  8
0
440
 16777216
370
    -2
100
AcDbLine
 10
5545.874580183365
 20
434.4275274781685
 30
0.0
 11
5580.874580183365
 21
434.4275274781685
 31
0.0
  0
LINE
  5
1841
330
ED0
100
AcDbEntity
  8
0
440
 16777216
370
    -2
100
AcDbLine
 10
5695.874580183367
 20
434.4275274781685
 30
0.0
 11
5660.874580183365
 21
434.4275274781685
 31
0.0
  0
SOLID
  5
1842
330
ED0
100
AcDbEntity
  8
0
440
 16777216
100
AcDbTrace
 10
5545.874580183365
 20
438.5941941448352
 30
0.0
 11
5545.874580183365
 21
430.2608608115018
 31
0.0
 12
5520.874580183367
 22
434.4275274781685
 32
0.0
 13
5520.874580183367
 23
434.4275274781685
 33
0.0
  0
SOLID
  5
1843
330
ED0
100
AcDbEntity
  8
0
440
 16777216
100
AcDbTrace
 10
5695.874580183367
 20
438.5941941448352
 30
0.0
 11
5695.874580183367
 21
430.2608608115018
 31
0.0
 12
5720.874580183366
 22
434.4275274781685
 32
0.0
 13
5720.874580183366
 23
434.4275274781685
 33
0.0
  0
MTEXT
  5
1844
330
ED0
100
AcDbEntity
  8
0
440
 16777216
370
    13
100
AcDbMText
 10
5620.874580183365
 20
434.4275274781685
 30
0.0
 40
30.0
 41
0.0
 46
0.0
 71
     5
 72
     1
  1
\A1;200
  7
ОФОРМИТЕЛЬ
 73
     1
 44
1.0
  0
POINT
  5
1845
330
ED0
100
AcDbEntity
  8
DEFPOINTS
 62
     0
440
 16777216
100
AcDbPoint
 10
5520.874580183367
 20
518.5593740231706
 30
0.0
  0
POINT
  5
1846
330
ED0
100
AcDbEntity
  8
DEFPOINTS
 62
     0
440
 16777216
100
AcDbPoint
 10
5720.874580183366
 20
718.5593740231706
 30
0.0
  0
POINT
  5
1847
330
ED0
100
AcDbEntity
  8
DEFPOINTS
 62
     0
440
 16777216
100
AcDbPoint
 10
5720.874580183366
 20
434.4275274781685
 30
0.0
  0
ENDBLK
  5
ED2
330
ED0
100
AcDbEntity
  8
0
100
AcDbBlockEnd
  0
BLOCK
  5
EDE
330
EDD
100
AcDbEntity
  8
0
100
AcDbBlockBegin
  2
*D107
 70
     1
 10
0.0
 20
0.0
 30
0.0
  3
*D107
  1

  0
LINE
  5
1834
330
EDD
100
AcDbEntity
  8
0
440
 16777216
370
    -2
100
AcDbLine
 10
6420.874580183367
 20
708.5593740231708
 30
0.0
 11
6420.874580183367
 21
424.4838337844702
 31
0.0
  0
LINE
  5
1835
330
EDD
100
AcDbEntity
  8
0
440
 16777216
370
    -2
100
AcDbLine
 10
5720.874580183366
 20
708.5593740231708
 30
0.0
 11
5720.874580183366
 21
424.4838337844702
 31
0.0
  0
LINE
  5
1836
330
EDD
100
AcDbEntity
  8
0
440
 16777216
370
    -2
100
AcDbLine
 10
6395.874580183367
 20
434.4838337844702
 30
0.0
 11
6110.874580183367
 21
434.4838337844702
 31
0.0
  0
LINE
  5
1837
330
EDD
100
AcDbEntity
  8
0
440
 16777216
370
    -2
100
AcDbLine
 10
5745.874580183365
 20
434.4838337844702
 30
0.0
 11
6030.874580183366
 21
434.4838337844702
 31
0.0
  0
SOLID
  5
1838
330
EDD
100
AcDbEntity
  8
0
440
 16777216
100
AcDbTrace
 10
6395.874580183367
 20
438.650500451137
 30
0.0
 11
6395.874580183367
 21
430.3171671178036
 31
0.0
 12
6420.874580183367
 22
434.4838337844702
 32
0.0
 13
6420.874580183367
 23
434.4838337844702
 33
0.0
  0
SOLID
  5
1839
330
EDD
100
AcDbEntity
  8
0
440
 16777216
100
AcDbTrace
 10
5745.874580183365
 20
438.650500451137
 30
0.0
 11
5745.874580183365
 21
430.3171671178036
 31
0.0
 12
5720.874580183366
 22
434.4838337844702
 32
0.0
 13
5720.874580183366
 23
434.4838337844702
 33
0.0
  0
MTEXT
  5
183A
330
EDD
100
AcDbEntity
  8
0
440
 16777216
370
    13
100
AcDbMText
 10
6070.874580183367
 20
434.4838337844702
 30
0.0
 40
30.0
 41
0.0
 46
0.0
 71
     5
 72
     1
  1
\A1;700
  7
ОФОРМИТЕЛЬ
 73
     1
 44
1.0
  0
POINT
  5
183B
330
EDD
100
AcDbEntity
  8
DEFPOINTS
 62
     0
440
 16777216
100
AcDbPoint
 10
6420.874580183367
 20
718.5593740231706
 30
0.0
  0
POINT
  5
183C
330
EDD
100
AcDbEntity
  8
DEFPOINTS
 62
     0
440
 16777216
100
AcDbPoint
 10
5720.874580183366
 20
718.5593740231706
 30
0.0
  0
POINT
  5
183D
330
EDD
100
AcDbEntity
  8
DEFPOINTS
 62
     0
440
 16777216
100
AcDbPoint
 10
5720.874580183366
 20
434.4838337844702
 30
0.0
  0
ENDBLK
  5
EDF
330
EDD
100
AcDbEntity
  8
0
100
AcDbBlockEnd
  0
BLOCK
  5
EEB
330
EEA
100
AcDbEntity
  8
0
100
AcDbBlockBegin
  2
*D108
 70
     1
 10
0.0
 20
0.0
 30
0.0
  3
*D108
  1

  0
LINE
  5
182A
330
EEA
100
AcDbEntity
  8
0
440
 16777216
370
    -2
100
AcDbLine
 10
6420.874580183367
 20
708.5593740231708
 30
0.0
 11
6420.874580183367
 21
424.4838337844702
 31
0.0
  0
LINE
  5
182B
330
EEA
100
AcDbEntity
  8
0
440
 16777216
370
    -2
100
AcDbLine
 10
7120.874580183367
 20
708.5593740231708
 30
0.0
 11
7120.874580183367
 21
424.4838337844702
 31
0.0
  0
LINE
  5
182C
330
EEA
100
AcDbEntity
  8
0
440
 16777216
370
    -2
100
AcDbLine
 10
6445.874580183367
 20
434.4838337844702
 30
0.0
 11
6730.874580183367
 21
434.4838337844702
 31
0.0
  0
LINE
  5
182D
330
EEA
100
AcDbEntity
  8
0
440
 16777216
370
    -2
100
AcDbLine
 10
7095.874580183367
 20
434.4838337844702
 30
0.0
 11
6810.874580183366
 21
434.4838337844702
 31
0.0
  0
SOLID
  5
182E
330
EEA
100
AcDbEntity
  8
0
440
 16777216
100
AcDbTrace
 10
6445.874580183367
 20
438.650500451137
 30
0.0
 11
6445.874580183367
 21
430.3171671178036
 31
0.0
 12
6420.874580183367
 22
434.4838337844702
 32
0.0
 13
6420.874580183367
 23
434.4838337844702
 33
0.0
  0
SOLID
  5
182F
330
EEA
100
AcDbEntity
  8
0
440
 16777216
100
AcDbTrace
 10
7095.874580183367
 20
438.650500451137
 30
0.0
 11
7095.874580183367
 21
430.3171671178036
 31
0.0
 12
7120.874580183367
 22
434.4838337844702
 32
0.0
 13
7120.874580183367
 23
434.4838337844702
 33
0.0
  0
MTEXT
  5
1830
330
EEA
100
AcDbEntity
  8
0
440
 16777216
370
    13
100
AcDbMText
 10
6770.874580183367
 20
434.4838337844702
 30
0.0
 40
30.0
 41
0.0
 46
0.0
 71
     5
 72
     1
  1
\A1;700
  7
ОФОРМИТЕЛЬ
 73
     1
 44
1.0
  0
POINT
  5
1831
330
EEA
100
AcDbEntity
  8
DEFPOINTS
 62
     0
440
 16777216
100
AcDbPoint
 10
6420.874580183367
 20
718.5593740231706
 30
0.0
  0
POINT
  5
1832
330
EEA
100
AcDbEntity
  8
DEFPOINTS
 62
     0
440
 16777216
100
AcDbPoint
 10
7120.874580183367
 20
718.5593740231706
 30
0.0
  0
POINT
  5
1833
330
EEA
100
AcDbEntity
  8
DEFPOINTS
 62
     0
440
 16777216
100
AcDbPoint
 10
7120.874580183367
 20
434.4838337844702
 30
0.0
  0
ENDBLK
  5
EEC
330
EEA
100
AcDbEntity
  8
0
100
AcDbBlockEnd
  0
BLOCK
  5
EF8
330
EF7
100
AcDbEntity
  8
0
100
AcDbBlockBegin
  2
*D109
 70
     1
 10
0.0
 20
0.0
 30
0.0
  3
*D109
  1

  0
LINE
  5
1820
330
EF7
100
AcDbEntity
  8
0
440
 16777216
370
    -2
100
AcDbLine
 10
7110.874580183367
 20
718.5593740231706
 30
0.0
 11
5428.246951063464
 21
718.5593740231711
 31
0.0
  0
LINE
  5
1821
330
EF7
100
AcDbEntity
  8
0
440
 16777216
370
    -2
100
AcDbLine
 10
5510.874580183365
 20
518.5593740231706
 30
0.0
 11
5428.246951063464
 21
518.5593740231706
 31
0.0
  0
LINE
  5
1822
330
EF7
100
AcDbEntity
  8
0
440
 16777216
370
    -2
100
AcDbLine
 10
5438.246951063463
 20
693.5593740231711
 30
0.0
 11
5438.246951063463
 21
638.5593740231708
 31
0.0
  0
LINE
  5
1823
330
EF7
100
AcDbEntity
  8
0
440
 16777216
370
    -2
100
AcDbLine
 10
5438.246951063463
 20
543.5593740231706
 30
0.0
 11
5438.246951063463
 21
598.5593740231709
 31
0.0
  0
SOLID
  5
1824
330
EF7
100
AcDbEntity
  8
0
440
 16777216
100
AcDbTrace
 10
5434.080284396797
 20
693.5593740231711
 30
0.0
 11
5442.413617730132
 21
693.5593740231711
 31
0.0
 12
5438.246951063463
 22
718.5593740231711
 32
0.0
 13
5438.246951063463
 23
718.5593740231711
 33
0.0
  0
SOLID
  5
1825
330
EF7
100
AcDbEntity
  8
0
440
 16777216
100
AcDbTrace
 10
5434.080284396797
 20
543.5593740231706
 30
0.0
 11
5442.413617730132
 21
543.5593740231706
 31
0.0
 12
5438.246951063463
 22
518.5593740231706
 32
0.0
 13
5438.246951063463
 23
518.5593740231706
 33
0.0
  0
MTEXT
  5
1826
330
EF7
100
AcDbEntity
  8
0
440
 16777216
370
    13
100
AcDbMText
 10
5438.246951063463
 20
618.5593740231718
 30
0.0
 40
30.0
 41
0.0
 46
0.0
 71
     5
 72
     1
  1
\A1;200
  7
ОФОРМИТЕЛЬ
 73
     1
 44
1.0
  0
POINT
  5
1827
330
EF7
100
AcDbEntity
  8
DEFPOINTS
 62
     0
440
 16777216
100
AcDbPoint
 10
7120.874580183367
 20
718.5593740231706
 30
0.0
  0
POINT
  5
1828
330
EF7
100
AcDbEntity
  8
DEFPOINTS
 62
     0
440
 16777216
100
AcDbPoint
 10
5520.874580183367
 20
518.5593740231706
 30
0.0
  0
POINT
  5
1829
330
EF7
100
AcDbEntity
  8
DEFPOINTS
 62
     0
440
 16777216
100
AcDbPoint
 10
5438.246951063463
 20
518.5593740231706
 30
0.0
  0
ENDBLK
  5
EF9
330
EF7
100
AcDbEntity
  8
0
100
AcDbBlockEnd
  0
BLOCK
  5
F05
330
F04
100
AcDbEntity
  8
0
100
AcDbBlockBegin
  2
*D110
 70
     1
 10
0.0
 20
0.0
 30
0.0
  3
*D110
  1

  0
LINE
  5
1817
330
F04
100
AcDbEntity
  8
0
440
 16777216
370
    -2
100
AcDbLine
 10
5699.350722302948
 20
693.5449073699645
 30
0.0
 11
5683.044769363243
 21
674.5945538448153
 31
0.0
  0
LINE
  5
1818
330
F04
100
AcDbEntity
  8
0
440
 16777216
370
    -2
100
AcDbLine
 10
5742.398438063784
 20
743.5738406763771
 30
0.0
 11
5758.704391003487
 21
762.5241942015261
 31
0.0
  0
MTEXT
  5
1819
330
F04
100
AcDbEntity
  8
0
440
 16777216
370
    13
100
AcDbMText
 10
5802.199859924915
 20
783.52051275887
 30
0.0
 40
30.0
 41
0.0
 46
0.0
 71
     5
 72
     1
  1
\A1;∅16
  7
ОФОРМИТЕЛЬ
 73
     1
 44
1.0
  0
SOLID
  5
181A
330
F04
100
AcDbEntity
  8
0
440
 16777216
100
AcDbTrace
 10
5696.192330048759
 20
696.2625661932487
 30
0.0
 11
5702.509114557141
 21
690.827248546681
 31
0.0
 12
5715.656675242652
 22
712.4952608951145
 32
0.0
 13
5715.656675242652
 23
712.4952608951145
 33
0.0
  0
SOLID
  5
181B
330
F04
100
AcDbEntity
  8
0
440
 16777216
100
AcDbTrace
 10
5739.240045809594
 20
746.291499499661
 30
0.0
 11
5745.556830317976
 21
740.8561818530928
 31
0.0
 12
5726.09248512408
 22
724.6234871512274
 32
0.0
 13
5726.09248512408
 23
724.6234871512274
 33
0.0
  0
LINE
  5
181C
330
F04
100
AcDbEntity
  8
0
440
 16777216
370
    -2
100
AcDbLine
 10
5720.784580183366
 20
718.5593740231706
 30
0.0
 11
5720.964580183366
 21
718.5593740231706
 31
0.0
  0
LINE
  5
181D
330
F04
100
AcDbEntity
  8
0
440
 16777216
370
    -2
100
AcDbLine
 10
5720.874580183366
 20
718.4693740231709
 30
0.0
 11
5720.874580183366
 21
718.6493740231708
 31
0.0
  0
POINT
  5
181E
330
F04
100
AcDbEntity
  8
DEFPOINTS
 62
     0
440
 16777216
100
AcDbPoint
 10
5726.09248512408
 20
724.6234871512274
 30
0.0
  0
POINT
  5
181F
330
F04
100
AcDbEntity
  8
DEFPOINTS
 62
     0
440
 16777216
100
AcDbPoint
 10
5715.656675242652
 20
712.4952608951145
 30
0.0
  0
ENDBLK
  5
F06
330
F04
100
AcDbEntity
  8
0
100
AcDbBlockEnd
  0
BLOCK
  5
F11
330
F10
100
AcDbEntity
  8
0
100
AcDbBlockBegin
  2
*D111
 70
     1
 10
0.0
 20
0.0
 30
0.0
  3
*D111
  1

  0
LINE
  5
180E
330
F10
100
AcDbEntity
  8
0
440
 16777216
370
    -2
100
AcDbLine
 10
6432.693062316928
 20
687.7482805654786
 30
0.0
 11
6441.646457872657
 21
664.4065430975294
 31
0.0
  0
LINE
  5
180F
330
F10
100
AcDbEntity
  8
0
440
 16777216
370
    -2
100
AcDbLine
 10
6409.056098049806
 20
749.3704674808619
 30
0.0
 11
6400.102702494077
 21
772.7122049488111
 31
0.0
  0
MTEXT
  5
1810
330
F10
100
AcDbEntity
  8
0
440
 16777216
370
    13
100
AcDbMText
 10
6509.219733783343
 20
795.6907941567192
 30
0.0
 40
30.0
 41
0.0
 46
0.0
 71
     5
 72
     1
  1
\A1;∅16
  7
ОФОРМИТЕЛЬ
 73
     1
 44
1.0
  0
SOLID
  5
1811
330
F10
100
AcDbEntity
  8
0
440
 16777216
100
AcDbTrace
 10
6436.58335189492
 20
689.2405131580998
 30
0.0
 11
6428.802772738935
 21
686.2560479728572
 31
0.0
 12
6423.7396667612
 22
711.0900180334275
 32
0.0
 13
6423.7396667612
 23
711.0900180334275
 33
0.0
  0
SOLID
  5
1812
330
F10
100
AcDbEntity
  8
0
440
 16777216
100
AcDbTrace
 10
6412.946387627798
 20
750.8627000734834
 30
0.0
 11
6405.165808471814
 21
747.8782348882409
 31
0.0
 12
6418.009493605535
 22
726.028730012913
 32
0.0
 13
6418.009493605535
 23
726.028730012913
 33
0.0
  0
LINE
  5
1813
330
F10
100
AcDbEntity
  8
0
440
 16777216
370
    -2
100
AcDbLine
 10
6420.784580183367
 20
718.5593740231703
 30
0.0
 11
6420.964580183367
 21
718.5593740231706
 31
0.0
  0
LINE
  5
1814
330
F10
100
AcDbEntity
  8
0
440
 16777216
370
    -2
100
AcDbLine
 10
6420.874580183367
 20
718.4693740231704
 30
0.0
 11
6420.874580183367
 21
718.6493740231703
 31
0.0
  0
POINT
  5
1815
330
F10
100
AcDbEntity
  8
DEFPOINTS
 62
     0
440
 16777216
100
AcDbPoint
 10
6418.009493605535
 20
726.028730012913
 30
0.0
  0
POINT
  5
1816
330
F10
100
AcDbEntity
  8
DEFPOINTS
 62
     0
440
 16777216
100
AcDbPoint
 10
6423.7396667612
 20
711.0900180334275
 30
0.0
  0
ENDBLK
  5
F12
330
F10
100
AcDbEntity
  8
0
100
AcDbBlockEnd
  0
BLOCK
  5
F1D
330
F1C
100
AcDbEntity
  8
0
100
AcDbBlockBegin
  2
*D112
 70
     1
 10
0.0
 20
0.0
 30
0.0
  3
*D112
  1

  0
LINE
  5
1805
330
F1C
100
AcDbEntity
  8
0
440
 16777216
370
    -2
100
AcDbLine
 10
7108.963377889188
 20
687.7840062770901
 30
0.0
 11
7099.939739787534
 21
664.4693337421736
 31
0.0
  0
LINE
  5
1806
330
F1C
100
AcDbEntity
  8
0
440
 16777216
370
    -2
100
AcDbLine
 10
7132.785782477546
 20
749.3347417692522
 30
0.0
 11
7141.8094205792
 21
772.6494143041686
 31
0.0
  0
MTEXT
  5
1807
330
F1C
100
AcDbEntity
  8
0
440
 16777216
370
    13
100
AcDbMText
 10
7090.286719505975
 20
783.4261577869764
 30
0.0
 40
30.0
 41
0.0
 46
0.0
 71
     5
 72
     1
  1
\A1;∅16
  7
ОФОРМИТЕЛЬ
 73
     1
 44
1.0
  0
SOLID
  5
1808
330
F1C
100
AcDbEntity
  8
0
440
 16777216
100
AcDbTrace
 10
7105.077599133368
 20
689.2879459606987
 30
0.0
 11
7112.849156645008
 21
686.280066593481
 31
0.0
 12
7117.987015990841
 22
711.0986788120067
 32
0.0
 13
7117.987015990841
 23
711.0986788120067
 33
0.0
  0
SOLID
  5
1809
330
F1C
100
AcDbEntity
  8
0
440
 16777216
100
AcDbTrace
 10
7128.900003721726
 20
750.8386814528607
 30
0.0
 11
7136.671561233367
 21
747.8308020856425
 31
0.0
 12
7123.762144375894
 22
726.0200692343349
 32
0.0
 13
7123.762144375894
 23
726.0200692343349
 33
0.0
  0
LINE
  5
180A
330
F1C
100
AcDbEntity
  8
0
440
 16777216
370
    -2
100
AcDbLine
 10
7120.784580183367
 20
718.5593740231711
 30
0.0
 11
7120.964580183367
 21
718.5593740231711
 31
0.0
  0
LINE
  5
180B
330
F1C
100
AcDbEntity
  8
0
440
 16777216
370
    -2
100
AcDbLine
 10
7120.874580183367
 20
718.4693740231714
 30
0.0
 11
7120.874580183367
 21
718.6493740231712
 31
0.0
  0
POINT
  5
180C
330
F1C
100
AcDbEntity
  8
DEFPOINTS
 62
     0
440
 16777216
100
AcDbPoint
 10
7123.762144375894
 20
726.0200692343349
 30
0.0
  0
POINT
  5
180D
330
F1C
100
AcDbEntity
  8
DEFPOINTS
 62
     0
440
 16777216
100
AcDbPoint
 10
7117.987015990841
 20
711.0986788120067
 30
0.0
  0
ENDBLK
  5
F1E
330
F1C
100
AcDbEntity
  8
0
100
AcDbBlockEnd
  0
BLOCK
  5
F29
330
F28
100
AcDbEntity
  8
0
100
AcDbBlockBegin
  2
*D113
 70
     1
 10
0.0
 20
0.0
 30
0.0
  3
*D113
  1

  0
LINE
  5
17FC
330
F28
100
AcDbEntity
  8
0
440
 16777216
370
    -2
100
AcDbLine
 10
5716.624110828862
 20
1671.284494500668
 30
0.0
 11
5713.404058287572
 21
1696.076252438163
 31
0.0
  0
LINE
  5
17FD
330
F28
100
AcDbEntity
  8
0
440
 16777216
370
    -2
100
AcDbLine
 10
5725.125049537869
 20
1605.834253545673
 30
0.0
 11
5728.345102079159
 21
1581.042495608178
 31
0.0
  0
MTEXT
  5
17FE
330
F28
100
AcDbEntity
  8
0
440
 16777216
370
    13
100
AcDbMText
 10
5734.756222639532
 20
1562.105972225108
 30
0.0
 40
30.0
 41
0.0
 46
0.0
 71
     5
 72
     1
  1
\A1;∅16
  7
ОФОРМИТЕЛЬ
 73
     1
 44
1.0
  0
SOLID
  5
17FF
330
F28
100
AcDbEntity
  8
0
440
 16777216
100
AcDbTrace
 10
5720.756070485111
 20
1671.821169924217
 30
0.0
 11
5712.492151172614
 21
1670.74781907712
 31
0.0
 12
5719.844163370152
 22
1646.492736563174
 32
0.0
 13
5719.844163370152
 23
1646.492736563174
 33
0.0
  0
SOLID
  5
1800
330
F28
100
AcDbEntity
  8
0
440
 16777216
100
AcDbTrace
 10
5729.257009194117
 20
1606.370928969221
 30
0.0
 11
5720.99308988162
 21
1605.297578122124
 31
0.0
 12
5721.90499699658
 22
1630.626011483167
 32
0.0
 13
5721.90499699658
 23
1630.626011483167
 33
0.0
  0
LINE
  5
1801
330
F28
100
AcDbEntity
  8
0
440
 16777216
370
    -2
100
AcDbLine
 10
5720.784580183366
 20
1638.55937402317
 30
0.0
 11
5720.964580183366
 21
1638.55937402317
 31
0.0
  0
LINE
  5
1802
330
F28
100
AcDbEntity
  8
0
440
 16777216
370
    -2
100
AcDbLine
 10
5720.874580183366
 20
1638.469374023171
 30
0.0
 11
5720.874580183366
 21
1638.64937402317
 31
0.0
  0
POINT
  5
1803
330
F28
100
AcDbEntity
  8
DEFPOINTS
 62
     0
440
 16777216
100
AcDbPoint
 10
5721.90499699658
 20
1630.626011483167
 30
0.0
  0
POINT
  5
1804
330
F28
100
AcDbEntity
  8
DEFPOINTS
 62
     0
440
 16777216
100
AcDbPoint
 10
5719.844163370152
 20
1646.492736563174
 30
0.0
  0
ENDBLK
  5
F2A
330
F28
100
AcDbEntity
  8
0
100
AcDbBlockEnd
  0
BLOCK
  5
F35
330
F34
100
AcDbEntity
  8
0
100
AcDbBlockBegin
  2
*D114
 70
     1
 10
0.0
 20
0.0
 30
0.0
  3
*D114
  1

  0
LINE
  5
17F3
330
F34
100
AcDbEntity
  8
0
440
 16777216
370
    -2
100
AcDbLine
 10
6405.325534127548
 20
1667.666540954258
 30
0.0
 11
6393.545953782232
 21
1689.717424992959
 31
0.0
  0
LINE
  5
17F4
330
F34
100
AcDbEntity
  8
0
440
 16777216
370
    -2
100
AcDbLine
 10
6436.423626239182
 20
1609.452207092082
 30
0.0
 11
6448.203206584499
 21
1587.40132305338
 31
0.0
  0
MTEXT
  5
17F5
330
F34
100
AcDbEntity
  8
0
440
 16777216
370
    13
100
AcDbMText
 10
6433.934854075146
 20
1572.148319235101
 30
0.0
 40
30.0
 41
0.0
 46
0.0
 71
     5
 72
     1
  1
\A1;∅16
  7
ОФОРМИТЕЛЬ
 73
     1
 44
1.0
  0
SOLID
  5
17F6
330
F34
100
AcDbEntity
  8
0
440
 16777216
100
AcDbTrace
 10
6409.000681467329
 20
1669.629804345144
 30
0.0
 11
6401.650386787763
 21
1665.703277563371
 31
0.0
 12
6417.105114472862
 22
1645.615656915556
 32
0.0
 13
6417.105114472862
 23
1645.615656915556
 33
0.0
  0
SOLID
  5
17F7
330
F34
100
AcDbEntity
  8
0
440
 16777216
100
AcDbTrace
 10
6440.098773578966
 20
1611.415470482968
 30
0.0
 11
6432.748478899398
 21
1607.488943701196
 31
0.0
 12
6424.644045893867
 22
1631.503091130783
 32
0.0
 13
6424.644045893867
 23
1631.503091130783
 33
0.0
  0
LINE
  5
17F8
330
F34
100
AcDbEntity
  8
0
440
 16777216
370
    -2
100
AcDbLine
 10
6420.784580183364
 20
1638.55937402317
 30
0.0
 11
6420.964580183365
 21
1638.55937402317
 31
0.0
  0
LINE
  5
17F9
330
F34
100
AcDbEntity
  8
0
440
 16777216
370
    -2
100
AcDbLine
 10
6420.874580183364
 20
1638.46937402317
 30
0.0
 11
6420.874580183364
 21
1638.64937402317
 31
0.0
  0
POINT
  5
17FA
330
F34
100
AcDbEntity
  8
DEFPOINTS
 62
     0
440
 16777216
100
AcDbPoint
 10
6424.644045893867
 20
1631.503091130783
 30
0.0
  0
POINT
  5
17FB
330
F34
100
AcDbEntity
  8
DEFPOINTS
 62
     0
440
 16777216
100
AcDbPoint
 10
6417.105114472862
 20
1645.615656915556
 30
0.0
  0
ENDBLK
  5
F36
330
F34
100
AcDbEntity
  8
0
100
AcDbBlockEnd
  0
BLOCK
  5
F41
330
F40
100
AcDbEntity
  8
0
100
AcDbBlockBegin
  2
*D115
 70
     1
 10
0.0
 20
0.0
 30
0.0
  3
*D115
  1

  0
LINE
  5
17EA
330
F40
100
AcDbEntity
  8
0
440
 16777216
370
    -2
100
AcDbLine
 10
1388.988881350564
 20
3282.546026582411
 30
0.0
 11
1388.322011575406
 21
3257.554922471086
 31
0.0
  0
LINE
  5
17EB
330
F40
100
AcDbEntity
  8
0
440
 16777216
370
    -2
100
AcDbLine
 10
1390.749417556983
 20
3348.522541436324
 30
0.0
 11
1391.416287332141
 21
3373.513645547647
 31
0.0
  0
MTEXT
  5
17EC
330
F40
100
AcDbEntity
  8
0
440
 16777216
370
    13
100
AcDbMText
 10
1465.951843474361
 20
3410.60084124768
 30
0.0
 40
30.0
 41
0.0
 46
0.0
 71
     5
 72
     1
  1
\A1;∅16
  7
ОФОРМИТЕЛЬ
 73
     1
 44
1.0
  0
SOLID
  5
17ED
330
F40
100
AcDbEntity
  8
0
440
 16777216
100
AcDbTrace
 10
1384.82369733201
 20
3282.657171544936
 30
0.0
 11
1393.154065369118
 21
3282.434881619883
 31
0.0
 12
1389.655751125722
 22
3307.537130693732
 32
0.0
 13
1389.655751125722
 23
3307.537130693732
 33
0.0
  0
SOLID
  5
17EE
330
F40
100
AcDbEntity
  8
0
440
 16777216
100
AcDbTrace
 10
1386.584233538428
 20
3348.633686398851
 30
0.0
 11
1394.914601575536
 21
3348.411396473798
 31
0.0
 12
1390.082547781824
 22
3323.531437325002
 32
0.0
 13
1390.082547781824
 23
3323.531437325002
 33
0.0
  0
LINE
  5
17EF
330
F40
100
AcDbEntity
  8
0
440
 16777216
370
    -2
100
AcDbLine
 10
1389.779149453773
 20
3315.534284009368
 30
0.0
 11
1389.959149453773
 21
3315.534284009368
 31
0.0
  0
LINE
  5
17F0
330
F40
100
AcDbEntity
  8
0
440
 16777216
370
    -2
100
AcDbLine
 10
1389.869149453773
 20
3315.444284009367
 30
0.0
 11
1389.869149453773
 21
3315.624284009367
 31
0.0
  0
POINT
  5
17F1
330
F40
100
AcDbEntity
  8
DEFPOINTS
 62
     0
440
 16777216
100
AcDbPoint
 10
1390.082547781824
 20
3323.531437325002
 30
0.0
  0
POINT
  5
17F2
330
F40
100
AcDbEntity
  8
DEFPOINTS
 62
     0
440
 16777216
100
AcDbPoint
 10
1389.655751125722
 20
3307.537130693732
 30
0.0
  0
ENDBLK
  5
F42
330
F40
100
AcDbEntity
  8
0
100
AcDbBlockEnd
  0
BLOCK
  5
F4D
330
F4C
100
AcDbEntity
  8
0
100
AcDbBlockBegin
  2
*D116
 70
     1
 10
0.0
 20
0.0
 30
0.0
  3
*D116
  1

  0
LINE
  5
17E1
330
F4C
100
AcDbEntity
  8
0
440
 16777216
370
    -2
100
AcDbLine
 10
2065.079823369308
 20
3293.751508422286
 30
0.0
 11
2046.300030881068
 21
3277.249405704794
 31
0.0
  0
LINE
  5
17E2
330
F4C
100
AcDbEntity
  8
0
440
 16777216
370
    -2
100
AcDbLine
 10
2114.658475538236
 20
3337.317059596444
 30
0.0
 11
2133.438268026476
 21
3353.819162313936
 31
0.0
  0
MTEXT
  5
17E3
330
F4C
100
AcDbEntity
  8
0
440
 16777216
370
    13
100
AcDbMText
 10
2092.650640438611
 20
3385.858916063997
 30
0.0
 40
30.0
 41
0.0
 46
0.0
 71
     5
 72
     1
  1
\A1;∅16
  7
ОФОРМИТЕЛЬ
 73
     1
 44
1.0
  0
SOLID
  5
17E4
330
F4C
100
AcDbEntity
  8
0
440
 16777216
100
AcDbTrace
 10
2062.329472916392
 20
3296.881473836993
 30
0.0
 11
2067.830173822223
 21
3290.62154300758
 31
0.0
 12
2083.859615857547
 22
3310.253611139778
 32
0.0
 13
2083.859615857547
 23
3310.253611139778
 33
0.0
  0
SOLID
  5
17E5
330
F4C
100
AcDbEntity
  8
0
440
 16777216
100
AcDbTrace
 10
2111.908125085321
 20
3340.447025011151
 30
0.0
 11
2117.408825991152
 21
3334.187094181738
 31
0.0
 12
2095.878683049997
 22
3320.814956878952
 32
0.0
 13
2095.878683049997
 23
3320.814956878952
 33
0.0
  0
LINE
  5
17E6
330
F4C
100
AcDbEntity
  8
0
440
 16777216
370
    -2
100
AcDbLine
 10
2089.779149453772
 20
3315.534284009366
 30
0.0
 11
2089.959149453773
 21
3315.534284009366
 31
0.0
  0
LINE
  5
17E7
330
F4C
100
AcDbEntity
  8
0
440
 16777216
370
    -2
100
AcDbLine
 10
2089.869149453772
 20
3315.444284009365
 30
0.0
 11
2089.869149453772
 21
3315.624284009365
 31
0.0
  0
POINT
  5
17E8
330
F4C
100
AcDbEntity
  8
DEFPOINTS
 62
     0
440
 16777216
100
AcDbPoint
 10
2095.878683049997
 20
3320.814956878952
 30
0.0
  0
POINT
  5
17E9
330
F4C
100
AcDbEntity
  8
DEFPOINTS
 62
     0
440
 16777216
100
AcDbPoint
 10
2083.859615857547
 20
3310.253611139778
 30
0.0
  0
ENDBLK
  5
F4E
330
F4C
100
AcDbEntity
  8
0
100
AcDbBlockEnd
  0
ENDSEC
  0
SECTION
  2
ENTITIES
  0
LINE
  5
8E8
330
1F
100
AcDbEntity
  8
0
 62
     7
100
AcDbLine
 10
4722.403571559415
 20
4357.081229490344
 30
0.0
 11
4722.403571559415
 21
3157.081229490345
 31
0.0
  0
LINE
  5
8E9
330
1F
100
AcDbEntity
  8
0
 62
     7
100
AcDbLine
 10
4722.403571559415
 20
3157.081229490345
 30
0.0
 11
2922.403571559418
 21
3157.081229490345
 31
0.0
  0
LINE
  5
8EA
330
1F
100
AcDbEntity
  8
0
 62
     7
100
AcDbLine
 10
2922.403571559418
 20
3157.081229490345
 30
0.0
 11
2922.403571559418
 21
4077.081229490344
 31
0.0
  0
LINE
  5
8EB
330
1F
100
AcDbEntity
  8
0
 62
     7
100
AcDbLine
 10
3102.403571559416
 20
4357.081229490344
 30
0.0
 11
4722.403571559415
 21
4357.081229490344
 31
0.0
  0
CIRCLE
  5
8EC
330
1F
100
AcDbEntity
  8
0
 62
     7
100
AcDbCircle
 10
4522.403571559415
 20
4277.081229490344
 30
0.0
 40
8.0
  0
CIRCLE
  5
8ED
330
1F
100
AcDbEntity
  8
0
 62
     7
100
AcDbCircle
 10
4522.403571559415
 20
3357.081229490345
 30
0.0
 40
8.0
  0
CIRCLE
  5
8EE
330
1F
100
AcDbEntity
  8
0
 62
     7
100
AcDbCircle
 10
3822.403571559416
 20
4277.081229490344
 30
0.0
 40
8.0
  0
CIRCLE
  5
8EF
330
1F
100
AcDbEntity
  8
0
 62
     7
100
AcDbCircle
 10
3822.403571559416
 20
3357.081229490345
 30
0.0
 40
8.0
  0
CIRCLE
  5
8F0
330
1F
100
AcDbEntity
  8
0
 62
     7
100
AcDbCircle
 10
3122.403571559417
 20
3357.081229490345
 30
0.0
 40
8.0
  0
LINE
  5
8F1
330
1F
100
AcDbEntity
  8
0
 62
     7
100
AcDbLine
 10
2922.403571559418
 20
4077.081229490344
 30
0.0
 11
3092.403571559418
 21
4077.081229490344
 31
0.0
  0
LINE
  5
8F2
330
1F
100
AcDbEntity
  8
0
 62
     7
100
AcDbLine
 10
3102.403571559416
 20
4087.110977157396
 30
0.0
 11
3102.403571559416
 21
4267.081229490344
 31
0.0
  0
LINE
  5
8F3
330
1F
100
AcDbEntity
  8
0
 62
     7
100
AcDbLine
 10
3102.403571559416
 20
4287.081229490344
 30
0.0
 11
3102.403571559416
 21
4357.081229490344
 31
0.0
  0
LINE
  5
8F4
330
1F
100
AcDbEntity
  8
0
 62
     7
100
AcDbLine
 10
3125.403571559417
 20
4287.081229490344
 30
0.0
 11
3102.403571559416
 21
4287.081229490344
 31
0.0
  0
LINE
  5
8F5
330
1F
100
AcDbEntity
  8
0
 62
     7
100
AcDbLine
 10
3125.403571559417
 20
4267.081229490344
 30
0.0
 11
3102.403571559416
 21
4267.081229490344
 31
0.0
  0
ARC
  5
8F6
330
1F
100
AcDbEntity
  8
0
 62
     7
100
AcDbCircle
 10
3125.403571559417
 20
4277.081229490344
 30
0.0
 40
9.99999999999909
100
AcDbArc
 50
270.0
 51
90.0
  0
ARC
  5
8F7
330
1F
100
AcDbEntity
  8
0
 62
     7
100
AcDbCircle
 10
3092.403571559418
 20
4087.110977157368
 30
0.0
 40
10.00000000000091
100
AcDbArc
 50
270.0000000000104
 51
0.0000000000156331
  0
LINE
  5
8F8
330
1F
100
AcDbEntity
  8
0
 62
     7
100
AcDbLine
 10
489.8691494537724
 20
4315.534284009365
 30
0.0
 11
489.8691494537724
 21
3115.534284009366
 31
0.0
  0
LINE
  5
8F9
330
1F
100
AcDbEntity
  8
0
 62
     7
100
AcDbLine
 10
489.8691494537724
 20
3115.534284009366
 30
0.0
 11
2289.869149453773
 21
3115.534284009366
 31
0.0
  0
LINE
  5
8FA
330
1F
100
AcDbEntity
  8
0
 62
     7
100
AcDbLine
 10
2289.869149453773
 20
3115.534284009366
 30
0.0
 11
2289.869149453773
 21
4315.534284009365
 31
0.0
  0
LINE
  5
8FB
330
1F
100
AcDbEntity
  8
0
 62
     7
100
AcDbLine
 10
2289.869149453773
 20
4315.534284009365
 30
0.0
 11
489.8691494537724
 21
4315.534284009365
 31
0.0
  0
CIRCLE
  5
8FC
330
1F
100
AcDbEntity
  8
0
 62
     7
100
AcDbCircle
 10
689.8691494537724
 20
4235.534284009365
 30
0.0
 40
8.0
  0
CIRCLE
  5
8FD
330
1F
100
AcDbEntity
  8
0
 62
     7
100
AcDbCircle
 10
689.8691494537724
 20
3315.534284009365
 30
0.0
 40
8.0
  0
CIRCLE
  5
8FE
330
1F
100
AcDbEntity
  8
0
 62
     7
100
AcDbCircle
 10
1389.869149453772
 20
4235.534284009365
 30
0.0
 40
8.0
  0
CIRCLE
  5
8FF
330
1F
100
AcDbEntity
  8
0
 62
     7
100
AcDbCircle
 10
1389.869149453772
 20
3315.534284009365
 30
0.0
 40
8.0
  0
CIRCLE
  5
900
330
1F
100
AcDbEntity
  8
0
 62
     7
100
AcDbCircle
 10
2089.869149453773
 20
3315.534284009365
 30
0.0
 40
8.0
  0
CIRCLE
  5
901
330
1F
100
AcDbEntity
  8
0
 62
     7
100
AcDbCircle
 10
2089.948396590373
 20
4235.715038768801
 30
0.0
 40
8.0
  0
LINE
  5
902
330
1F
100
AcDbEntity
  8
0
 62
     7
100
AcDbLine
 10
8612.620663062504
 20
4308.099965748958
 30
0.0
 11
8612.620663062504
 21
3108.099965748959
 31
0.0
  0
LINE
  5
903
330
1F
100
AcDbEntity
  8
0
 62
     7
100
AcDbLine
 10
8612.620663062504
 20
3108.099965748959
 30
0.0
 11
10412.6206630625
 21
3108.099965748959
 31
0.0
  0
LINE
  5
904
330
1F
100
AcDbEntity
  8
0
 62
     7
100
AcDbLine
 10
10412.6206630625
 20
3108.099965748959
 30
0.0
 11
10412.6206630625
 21
4048.099965748959
 31
0.0
  0
LINE
  5
905
330
1F
100
AcDbEntity
  8
0
 62
     7
100
AcDbLine
 10
10232.6206630625
 20
4308.099965748958
 30
0.0
 11
8612.620663062504
 21
4308.099965748958
 31
0.0
  0
CIRCLE
  5
906
330
1F
100
AcDbEntity
  8
0
 62
     7
100
AcDbCircle
 10
8812.620663062501
 20
4228.099965748958
 30
0.0
 40
8.0
  0
CIRCLE
  5
907
330
1F
100
AcDbEntity
  8
0
 62
     7
100
AcDbCircle
 10
8812.620663062501
 20
3308.099965748958
 30
0.0
 40
8.0
  0
CIRCLE
  5
908
330
1F
100
AcDbEntity
  8
0
 62
     7
100
AcDbCircle
 10
9512.620663062504
 20
4228.099965748958
 30
0.0
 40
8.0
  0
CIRCLE
  5
909
330
1F
100
AcDbEntity
  8
0
 62
     7
100
AcDbCircle
 10
9512.620663062504
 20
3308.099965748958
 30
0.0
 40
8.0
  0
CIRCLE
  5
90A
330
1F
100
AcDbEntity
  8
0
 62
     7
100
AcDbCircle
 10
10212.6206630625
 20
3308.099965748958
 30
0.0
 40
8.0
  0
LINE
  5
90B
330
1F
100
AcDbEntity
  8
0
 62
     7
100
AcDbLine
 10
10412.6206630625
 20
4048.099965748959
 30
0.0
 11
10242.6206630625
 21
4048.099965748959
 31
0.0
  0
LINE
  5
90C
330
1F
100
AcDbEntity
  8
0
 62
     7
100
AcDbLine
 10
10232.6206630625
 20
4058.129713416011
 30
0.0
 11
10232.6206630625
 21
4218.099965748958
 31
0.0
  0
LINE
  5
90D
330
1F
100
AcDbEntity
  8
0
 62
     7
100
AcDbLine
 10
10232.6206630625
 20
4238.099965748958
 30
0.0
 11
10232.6206630625
 21
4308.099965748958
 31
0.0
  0
LINE
  5
90E
330
1F
100
AcDbEntity
  8
0
 62
     7
100
AcDbLine
 10
10209.6206630625
 20
4238.099965748958
 30
0.0
 11
10232.6206630625
 21
4238.099965748958
 31
0.0
  0
LINE
  5
90F
330
1F
100
AcDbEntity
  8
0
 62
     7
100
AcDbLine
 10
10209.6206630625
 20
4218.099965748958
 30
0.0
 11
10232.6206630625
 21
4218.099965748958
 31
0.0
  0
ARC
  5
910
330
1F
100
AcDbEntity
  8
0
 62
     7
100
AcDbCircle
 10
10209.6206630625
 20
4228.099965748958
 30
0.0
 40
9.99999999999909
100
AcDbArc
 50
90.0
 51
270.0
  0
ARC
  5
911
330
1F
100
AcDbEntity
  8
0
 62
     7
100
AcDbCircle
 10
10242.6206630625
 20
4058.129713416011
 30
0.0
 40
10.0
100
AcDbArc
 50
179.9999999999791
 51
270.0
  0
LINE
  5
912
330
1F
100
AcDbEntity
  8
0
 62
     7
100
AcDbLine
 10
5661.928443106656
 20
4374.58944614895
 30
0.0
 11
5661.928443106656
 21
3174.589446148952
 31
0.0
  0
LINE
  5
913
330
1F
100
AcDbEntity
  8
0
 62
     7
100
AcDbLine
 10
5661.928443106656
 20
3174.589446148952
 30
0.0
 11
7461.928443106656
 21
3174.589446148952
 31
0.0
  0
LINE
  5
914
330
1F
100
AcDbEntity
  8
0
 62
     7
100
AcDbLine
 10
7461.928443106656
 20
3174.589446148952
 30
0.0
 11
7461.928443106656
 21
4049.58944614895
 31
0.0
  0
LINE
  5
915
330
1F
100
AcDbEntity
  8
0
 62
     7
100
AcDbLine
 10
7281.928443106656
 20
4374.58944614895
 30
0.0
 11
5661.928443106656
 21
4374.58944614895
 31
0.0
  0
CIRCLE
  5
916
330
1F
100
AcDbEntity
  8
0
 62
     7
100
AcDbCircle
 10
5861.928443106656
 20
4294.58944614895
 30
0.0
 40
8.0
  0
CIRCLE
  5
917
330
1F
100
AcDbEntity
  8
0
 62
     7
100
AcDbCircle
 10
5861.928443106656
 20
3374.589446148951
 30
0.0
 40
8.0
  0
CIRCLE
  5
918
330
1F
100
AcDbEntity
  8
0
 62
     7
100
AcDbCircle
 10
6561.928443106658
 20
4294.58944614895
 30
0.0
 40
8.0
  0
CIRCLE
  5
919
330
1F
100
AcDbEntity
  8
0
 62
     7
100
AcDbCircle
 10
6561.928443106658
 20
3374.589446148951
 30
0.0
 40
8.0
  0
CIRCLE
  5
91A
330
1F
100
AcDbEntity
  8
0
 62
     7
100
AcDbCircle
 10
7261.928443106659
 20
3374.589446148951
 30
0.0
 40
8.0
  0
LINE
  5
91B
330
1F
100
AcDbEntity
  8
0
 62
     7
100
AcDbLine
 10
7461.928443106656
 20
4049.58944614895
 30
0.0
 11
7291.928443106655
 21
4049.58944614895
 31
0.0
  0
LINE
  5
91C
330
1F
100
AcDbEntity
  8
0
 62
     7
100
AcDbLine
 10
7281.928443106656
 20
4059.619193816003
 30
0.0
 11
7281.928443106656
 21
4284.589446148951
 31
0.0
  0
LINE
  5
91D
330
1F
100
AcDbEntity
  8
0
 62
     7
100
AcDbLine
 10
7281.928443106656
 20
4304.589446148951
 30
0.0
 11
7281.928443106656
 21
4374.58944614895
 31
0.0
  0
LINE
  5
91E
330
1F
100
AcDbEntity
  8
0
 62
     7
100
AcDbLine
 10
7258.928443106658
 20
4304.589446148951
 30
0.0
 11
7281.928443106656
 21
4304.589446148951
 31
0.0
  0
LINE
  5
91F
330
1F
100
AcDbEntity
  8
0
 62
     7
100
AcDbLine
 10
7258.928443106658
 20
4284.589446148951
 30
0.0
 11
7281.928443106656
 21
4284.589446148951
 31
0.0
  0
ARC
  5
920
330
1F
100
AcDbEntity
  8
0
 62
     7
100
AcDbCircle
 10
7258.928443106658
 20
4294.58944614895
 30
0.0
 40
9.99999999999909
100
AcDbArc
 50
90.0
 51
270.0
  0
ARC
  5
921
330
1F
100
AcDbEntity
  8
0
 62
     7
100
AcDbCircle
 10
7291.928443106655
 20
4059.619193816003
 30
0.0
 40
9.999999999996363
100
AcDbArc
 50
179.9999999999843
 51
270.0000000000208
  0
LINE
  5
922
330
1F
100
AcDbEntity
  8
0
 62
     7
100
AcDbLine
 10
3030.521222956313
 20
1725.922231789795
 30
0.0
 11
3030.521222956313
 21
525.9222317897946
 31
0.0
  0
LINE
  5
923
330
1F
100
AcDbEntity
  8
0
 62
     7
100
AcDbLine
 10
3030.521222956313
 20
525.9222317897946
 30
0.0
 11
4830.521222956313
 21
525.9222317897946
 31
0.0
  0
LINE
  5
924
330
1F
100
AcDbEntity
  8
0
 62
     7
100
AcDbLine
 10
4830.521222956313
 20
525.9222317897946
 30
0.0
 11
4830.521222956313
 21
1385.922231789795
 31
0.0
  0
LINE
  5
925
330
1F
100
AcDbEntity
  8
0
 62
     7
100
AcDbLine
 10
4650.521222956313
 20
1725.922231789795
 30
0.0
 11
3030.521222956313
 21
1725.922231789795
 31
0.0
  0
CIRCLE
  5
926
330
1F
100
AcDbEntity
  8
0
 62
     7
100
AcDbCircle
 10
3230.521222956313
 20
1645.922231789795
 30
0.0
 40
8.0
  0
CIRCLE
  5
927
330
1F
100
AcDbEntity
  8
0
 62
     7
100
AcDbCircle
 10
3230.521222956313
 20
725.9222317897947
 30
0.0
 40
8.0
  0
CIRCLE
  5
928
330
1F
100
AcDbEntity
  8
0
 62
     7
100
AcDbCircle
 10
3930.521222956313
 20
1645.922231789795
 30
0.0
 40
8.0
  0
CIRCLE
  5
929
330
1F
100
AcDbEntity
  8
0
 62
     7
100
AcDbCircle
 10
3930.521222956313
 20
725.9222317897947
 30
0.0
 40
8.0
  0
CIRCLE
  5
92A
330
1F
100
AcDbEntity
  8
0
 62
     7
100
AcDbCircle
 10
4630.521222956313
 20
725.9222317897947
 30
0.0
 40
8.0
  0
LINE
  5
92B
330
1F
100
AcDbEntity
  8
0
 62
     7
100
AcDbLine
 10
4830.521222956313
 20
1385.922231789795
 30
0.0
 11
4660.521222956313
 21
1385.922231789795
 31
0.0
  0
LINE
  5
92C
330
1F
100
AcDbEntity
  8
0
 62
     7
100
AcDbLine
 10
4650.521222956313
 20
1395.951979456848
 30
0.0
 11
4650.521222956313
 21
1635.922231789795
 31
0.0
  0
LINE
  5
92D
330
1F
100
AcDbEntity
  8
0
 62
     7
100
AcDbLine
 10
4650.521222956313
 20
1655.922231789794
 30
0.0
 11
4650.521222956313
 21
1725.922231789795
 31
0.0
  0
LINE
  5
92E
330
1F
100
AcDbEntity
  8
0
 62
     7
100
AcDbLine
 10
4627.521222956313
 20
1655.922231789794
 30
0.0
 11
4650.521222956313
 21
1655.922231789794
 31
0.0
  0
LINE
  5
92F
330
1F
100
AcDbEntity
  8
0
 62
     7
100
AcDbLine
 10
4627.521222956313
 20
1635.922231789795
 30
0.0
 11
4650.521222956313
 21
1635.922231789795
 31
0.0
  0
ARC
  5
930
330
1F
100
AcDbEntity
  8
0
 62
     7
100
AcDbCircle
 10
4627.521222956313
 20
1645.922231789795
 30
0.0
 40
9.99999999999909
100
AcDbArc
 50
90.0
 51
270.0
  0
ARC
  5
931
330
1F
100
AcDbEntity
  8
0
 62
     7
100
AcDbCircle
 10
4660.521222956313
 20
1395.951979456848
 30
0.0
 40
10.00000000000182
100
AcDbArc
 50
180.0000000000078
 51
270.0
  0
LINE
  5
932
330
1F
100
AcDbEntity
  8
0
 62
     7
100
AcDbLine
 10
5520.874580183367
 20
1718.55937402317
 30
0.0
 11
5520.874580183367
 21
518.5593740231706
 31
0.0
  0
LINE
  5
933
330
1F
100
AcDbEntity
  8
0
 62
     7
100
AcDbLine
 10
5520.874580183367
 20
518.5593740231706
 30
0.0
 11
7320.874580183367
 21
518.5593740231706
 31
0.0
  0
LINE
  5
934
330
1F
100
AcDbEntity
  8
0
 62
     7
100
AcDbLine
 10
7320.874580183367
 20
518.5593740231706
 30
0.0
 11
7320.874580183367
 21
1478.559374023171
 31
0.0
  0
LINE
  5
935
330
1F
100
AcDbEntity
  8
0
 62
     7
100
AcDbLine
 10
7140.874580183366
 20
1718.55937402317
 30
0.0
 11
5520.874580183367
 21
1718.55937402317
 31
0.0
  0
CIRCLE
  5
936
330
1F
100
AcDbEntity
  8
0
 62
     7
100
AcDbCircle
 10
5720.874580183366
 20
1638.55937402317
 30
0.0
 40
8.0
  0
CIRCLE
  5
937
330
1F
100
AcDbEntity
  8
0
 62
     7
100
AcDbCircle
 10
5720.874580183366
 20
718.5593740231706
 30
0.0
 40
8.0
  0
CIRCLE
  5
938
330
1F
100
AcDbEntity
  8
0
 62
     7
100
AcDbCircle
 10
6420.874580183367
 20
1638.55937402317
 30
0.0
 40
8.0
  0
CIRCLE
  5
939
330
1F
100
AcDbEntity
  8
0
 62
     7
100
AcDbCircle
 10
6420.874580183367
 20
718.5593740231706
 30
0.0
 40
8.0
  0
CIRCLE
  5
93A
330
1F
100
AcDbEntity
  8
0
 62
     7
100
AcDbCircle
 10
7120.874580183367
 20
718.5593740231706
 30
0.0
 40
8.0
  0
LINE
  5
93B
330
1F
100
AcDbEntity
  8
0
 62
     7
100
AcDbLine
 10
7320.874580183367
 20
1478.559374023171
 30
0.0
 11
7150.874580183367
 21
1478.559374023171
 31
0.0
  0
LINE
  5
93C
330
1F
100
AcDbEntity
  8
0
 62
     7
100
AcDbLine
 10
7140.874580183366
 20
1488.589121690194
 30
0.0
 11
7140.874580183366
 21
1628.55937402317
 31
0.0
  0
LINE
  5
93D
330
1F
100
AcDbEntity
  8
0
 62
     7
100
AcDbLine
 10
7140.874580183366
 20
1648.559374023171
 30
0.0
 11
7140.874580183366
 21
1718.55937402317
 31
0.0
  0
LINE
  5
93E
330
1F
100
AcDbEntity
  8
0
 62
     7
100
AcDbLine
 10
7117.874580183367
 20
1648.559374023171
 30
0.0
 11
7140.874580183366
 21
1648.559374023171
 31
0.0
  0
LINE
  5
93F
330
1F
100
AcDbEntity
  8
0
 62
     7
100
AcDbLine
 10
7117.874580183367
 20
1628.55937402317
 30
0.0
 11
7140.874580183366
 21
1628.55937402317
 31
0.0
  0
ARC
  5
940
330
1F
100
AcDbEntity
  8
0
 62
     7
100
AcDbCircle
 10
7117.874580183367
 20
1638.55937402317
 30
0.0
 40
9.99999999999909
100
AcDbArc
 50
90.0
 51
270.0
  0
ARC
  5
941
330
1F
100
AcDbEntity
  8
0
 62
     7
100
AcDbCircle
 10
7150.874580183367
 20
1488.589121690194
 30
0.0
 40
10.0
100
AcDbArc
 50
180.0
 51
270.0
  0
DIMENSION
  5
942
330
1F
100
AcDbEntity
  8
0
 62
     7
370
    13
100
AcDbDimension
280
     0
  2
*D1
 10
264.0623710950113
 20
3115.534284009366
 30
0.0
 11
264.0623710950108
 21
3715.534284009365
 31
0.0
 70
    32
 71
     5
 42
1200.0
 73
     0
 74
     0
 75
     0
  3
ОФОРМИТЕЛЬ
100
AcDbAlignedDimension
 13
489.8691494537724
 23
4315.534284009365
 33
0.0
 14
489.8691494537724
 24
3115.534284009366
 34
0.0
 50
90.0
100
AcDbRotatedDimension
  0
DIMENSION
  5
943
330
1F
100
AcDbEntity
  8
0
 62
     7
370
    13
100
AcDbDimension
280
     0
  2
*D2
 10
2289.869149453773
 20
4523.992092693776
 30
0.0
 11
1389.869149453772
 21
4523.992092693776
 31
0.0
 70
    32
 71
     5
 42
1800.0
 73
     0
 74
     0
 75
     0
  3
ОФОРМИТЕЛЬ
100
AcDbAlignedDimension
 13
489.8691494537724
 23
4315.534284009365
 33
0.0
 14
2289.869149453773
 24
4315.534284009365
 34
0.0
100
AcDbRotatedDimension
  0
DIMENSION
  5
944
330
1F
100
AcDbEntity
  8
0
 62
     7
370
    13
100
AcDbDimension
280
     0
  2
*D3
 10
689.8691494537724
 20
4390.704533364245
 30
0.0
 11
589.8691494537724
 21
4390.704533364245
 31
0.0
 70
    32
 71
     5
 42
200.0
 73
     0
 74
     0
 75
     0
  3
ОФОРМИТЕЛЬ
100
AcDbAlignedDimension
 13
489.8691494537724
 23
4315.534284009365
 33
0.0
 14
689.8691494537724
 24
4235.534284009365
 34
0.0
100
AcDbRotatedDimension
  0
DIMENSION
  5
945
330
1F
100
AcDbEntity
  8
0
 62
     7
370
    13
100
AcDbDimension
280
     0
  2
*D4
 10
1389.869149453772
 20
4390.704533364245
 30
0.0
 11
1039.869149453772
 21
4390.704533364245
 31
0.0
 70
    32
 71
     5
 42
700.0
 73
     0
 74
     0
 75
     0
  3
ОФОРМИТЕЛЬ
100
AcDbAlignedDimension
 13
689.8691494537724
 23
4235.534284009365
 33
0.0
 14
1389.869149453772
 24
4235.534284009365
 34
0.0
100
AcDbRotatedDimension
  0
DIMENSION
  5
946
330
1F
100
AcDbEntity
  8
0
 62
     7
370
    13
100
AcDbDimension
280
     0
  2
*D5
 10
2089.948396590373
 20
4390.704533364245
 30
0.0
 11
1739.908773022072
 21
4390.704533364245
 31
0.0
 70
    32
 71
     5
 42
700.0792471366001
 73
     0
 74
     0
 75
     0
  3
ОФОРМИТЕЛЬ
100
AcDbAlignedDimension
 13
1389.869149453772
 23
4235.534284009365
 33
0.0
 14
2089.948396590373
 24
4235.715038768801
 34
0.0
100
AcDbRotatedDimension
  0
DIMENSION
  5
947
330
1F
100
AcDbEntity
  8
0
 62
     7
370
    13
100
AcDbDimension
280
     0
  2
*D6
 10
689.8691494537724
 20
3003.128218231839
 30
0.0
 11
589.8691494537724
 21
3003.128218231839
 31
0.0
 70
    32
 71
     5
 42
200.0
 73
     0
 74
     0
 75
     0
  3
ОФОРМИТЕЛЬ
100
AcDbAlignedDimension
 13
489.8691494537724
 23
3115.534284009366
 33
0.0
 14
689.8691494537724
 24
3315.534284009365
 34
0.0
100
AcDbRotatedDimension
  0
DIMENSION
  5
948
330
1F
100
AcDbEntity
  8
0
 62
     7
370
    13
100
AcDbDimension
280
     0
  2
*D7
 10
1389.869149453772
 20
3003.128218231839
 30
0.0
 11
1039.869149453772
 21
3003.128218231839
 31
0.0
 70
    32
 71
     5
 42
700.0
 73
     0
 74
     0
 75
     0
  3
ОФОРМИТЕЛЬ
100
AcDbAlignedDimension
 13
689.8691494537724
 23
3315.534284009365
 33
0.0
 14
1389.869149453772
 24
3315.534284009365
 34
0.0
100
AcDbRotatedDimension
  0
DIMENSION
  5
949
330
1F
100
AcDbEntity
  8
0
 62
     7
370
    13
100
AcDbDimension
280
     0
  2
*D8
 10
2089.869149453773
 20
3003.128218231839
 30
0.0
 11
1739.869149453772
 21
3003.128218231839
 31
0.0
 70
    32
 71
     5
 42
700.0
 73
     0
 74
     0
 75
     0
  3
ОФОРМИТЕЛЬ
100
AcDbAlignedDimension
 13
1389.869149453772
 23
3315.534284009365
 33
0.0
 14
2089.869149453773
 24
3315.534284009365
 34
0.0
100
AcDbRotatedDimension
  0
DIMENSION
  5
94A
330
1F
100
AcDbEntity
  8
0
 62
     7
370
    13
100
AcDbDimension
280
     0
  2
*D9
 10
404.6008618509604
 20
3115.534284009366
 30
0.0
 11
404.6008618509598
 21
3215.534284009365
 31
0.0
 70
    32
 71
     5
 42
200.0000000000004
 73
     0
 74
     0
 75
     0
  3
ОФОРМИТЕЛЬ
100
AcDbAlignedDimension
 13
2089.869149453773
 23
3315.534284009365
 33
0.0
 14
489.8691494537724
 24
3115.534284009366
 34
0.0
 50
90.0
100
AcDbRotatedDimension
  0
DIMENSION
  5
94B
330
1F
100
AcDbEntity
  8
0
 62
     7
370
    13
100
AcDbDimension
280
     0
  2
*D10
 10
394.2170146660155
 20
4315.534284009365
 30
0.0
 11
351.7170146660149
 21
4275.624661389083
 31
0.0
 70
    32
 71
     5
 42
79.81924524056283
 73
     0
 74
     0
 75
     0
  3
ОФОРМИТЕЛЬ
100
AcDbAlignedDimension
 13
2089.948396590373
 23
4235.715038768801
 33
0.0
 14
489.8691494537724
 24
4315.534284009365
 34
0.0
 50
90.0
100
AcDbRotatedDimension
  0
DIMENSION
  5
94C
330
1F
100
AcDbEntity
  8
0
 62
     7
370
    13
100
AcDbDimension
280
     0
  2
*D11
 10
689.393141675109
 20
4243.520109990114
 30
0.0
 11
689.7794632649256
 21
4150.516486190201
 31
0.0
 70
   163
 71
     5
 42
16.00000000002365
 73
     0
 74
     0
 75
     0
  3
ОФОРМИТЕЛЬ
100
AcDbDiametricDimension
 15
690.3451572324358
 25
4227.548458028613
 35
0.0
 40
0.0
1001
ACAD_DSTYLE_DIMRADIAL_EXTENSION
1070
   387
1070
     1
1070
   388
1040
0.0
1070
   390
1040
-0.0000000000000002
  0
DIMENSION
  5
94D
330
1F
100
AcDbEntity
  8
0
 62
     7
370
    13
100
AcDbDimension
280
     0
  2
*D12
 10
1384.005973241126
 20
4240.977000674784
 30
0.0
 11
1408.940309080595
 21
4163.427655815844
 31
0.0
 70
   163
 71
     5
 42
16.00000000007321
 73
     0
 74
     0
 75
     0
  3
ОФОРМИТЕЛЬ
100
AcDbDiametricDimension
 15
1395.732325666418
 25
4230.091567343944
 35
0.0
 40
0.0
1001
ACAD_DSTYLE_DIMRADIAL_EXTENSION
1070
   387
1070
     1
1070
   388
1040
0.0
1070
   390
1040
-0.0000000000000002
  0
DIMENSION
  5
94E
330
1F
100
AcDbEntity
  8
0
 62
     7
370
    13
100
AcDbDimension
280
     0
  2
*D13
 10
2086.597027462275
 20
4242.979219725208
 30
0.0
 11
2124.770921548663
 21
4149.611865949178
 31
0.0
 70
   163
 71
     5
 42
16.00000000002592
 73
     0
 74
     0
 75
     0
  3
ОФОРМИТЕЛЬ
100
AcDbDiametricDimension
 15
2093.299765718469
 25
4228.45085781239
 35
0.0
 40
0.0
1001
ACAD_DSTYLE_DIMRADIAL_EXTENSION
1070
   387
1070
     1
1070
   388
1040
0.0
1070
   390
1040
-0.0000000000000002
  0
DIMENSION
  5
94F
330
1F
100
AcDbEntity
  8
0
 62
     7
370
    13
100
AcDbDimension
280
     0
  2
*D14
 10
684.8582771861197
 20
3309.298006344179
 30
0.0
 11
735.9689178344064
 21
3389.267215333821
 31
0.0
 70
   163
 71
     5
 42
16.00000000000409
 73
     0
 74
     0
 75
     0
  3
ОФОРМИТЕЛЬ
100
AcDbDiametricDimension
 15
694.8800217214242
 25
3321.770561674552
 35
0.0
 40
0.0
1001
ACAD_DSTYLE_DIMRADIAL_EXTENSION
1070
   387
1070
     1
1070
   388
1040
0.0
1070
   390
1040
-0.0000000000000002
  0
DIMENSION
  5
950
330
1F
100
AcDbEntity
  8
0
 62
     7
370
    13
100
AcDbDimension
280
     0
  2
*D15
 10
4852.286290787461
 20
3157.081229490345
 30
0.0
 11
4852.286290787461
 21
3757.081229490345
 31
0.0
 70
    32
 71
     5
 42
1200.0
 73
     0
 74
     0
 75
     0
  3
ОФОРМИТЕЛЬ
100
AcDbAlignedDimension
 13
4722.403571559415
 23
4357.081229490344
 33
0.0
 14
4722.403571559415
 24
3157.081229490345
 34
0.0
 50
90.0
100
AcDbRotatedDimension
  0
DIMENSION
  5
951
330
1F
100
AcDbEntity
  8
0
 62
     7
370
    13
100
AcDbDimension
280
     0
  2
*D16
 10
4722.403571559415
 20
4521.958987072577
 30
0.0
 11
3822.403571559416
 21
4521.958987072577
 31
0.0
 70
    32
 71
     5
 42
1800.0
 73
     0
 74
     0
 75
     0
  3
ОФОРМИТЕЛЬ
100
AcDbAlignedDimension
 13
2922.403571559418
 23
4077.081229490344
 33
0.0
 14
4722.403571559415
 24
4357.081229490344
 34
0.0
100
AcDbRotatedDimension
  0
DIMENSION
  5
952
330
1F
100
AcDbEntity
  8
0
 62
     7
370
    13
100
AcDbDimension
280
     0
  2
*D17
 10
4722.403571559415
 20
4422.044449511041
 30
0.0
 11
4622.403571559416
 21
4422.044449511041
 31
0.0
 70
    32
 71
     5
 42
200.0
 73
     0
 74
     0
 75
     0
  3
ОФОРМИТЕЛЬ
100
AcDbAlignedDimension
 13
4522.403571559415
 23
4277.081229490344
 33
0.0
 14
4722.403571559415
 24
4357.081229490344
 34
0.0
100
AcDbRotatedDimension
  0
DIMENSION
  5
953
330
1F
100
AcDbEntity
  8
0
 62
     7
370
    13
100
AcDbDimension
280
     0
  2
*D18
 10
4522.403571559415
 20
4422.044449511041
 30
0.0
 11
4172.403571559415
 21
4422.044449511041
 31
0.0
 70
    32
 71
     5
 42
700.0
 73
     0
 74
     0
 75
     0
  3
ОФОРМИТЕЛЬ
100
AcDbAlignedDimension
 13
3822.403571559416
 23
4277.081229490344
 33
0.0
 14
4522.403571559415
 24
4277.081229490344
 34
0.0
100
AcDbRotatedDimension
  0
DIMENSION
  5
954
330
1F
100
AcDbEntity
  8
0
 62
     7
370
    13
100
AcDbDimension
280
     0
  2
*D19
 10
3008.633219993973
 20
4357.081229490344
 30
0.0
 11
2966.133219993973
 21
4317.081229490344
 31
0.0
 70
    32
 71
     5
 42
80.0
 73
     0
 74
     0
 75
     0
  3
ОФОРМИТЕЛЬ
100
AcDbAlignedDimension
 13
3125.403571559417
 23
4277.081229490344
 33
0.0
 14
3102.403571559416
 24
4357.081229490344
 34
0.0
 50
90.0
100
AcDbRotatedDimension
  0
DIMENSION
  5
955
330
1F
100
AcDbEntity
  8
0
 62
     7
370
    13
100
AcDbDimension
280
     0
  2
*D20
 10
3102.403571559416
 20
4224.41326046575
 30
0.0
 11
3134.43287791854
 21
4191.55504621929
 31
0.0
 70
   160
 71
     5
 42
23.0
 73
     0
 74
     0
 75
     0
  3
ОФОРМИТЕЛЬ
100
AcDbAlignedDimension
 13
3125.403571559417
 23
4277.081229490344
 33
0.0
 14
3102.403571559416
 24
4287.081229490344
 34
0.0
100
AcDbRotatedDimension
  0
DIMENSION
  5
956
330
1F
100
AcDbEntity
  8
0
 62
     7
370
    13
100
AcDbDimension
280
     0
  2
*D21
 10
3125.403571559417
 20
4277.081229490344
 30
0.0
 11
3238.612820039339
 21
4287.269971740315
 31
0.0
 70
   164
 71
     5
 42
10.00000000018554
 73
     0
 74
     0
 75
     0
  3
ОФОРМИТЕЛЬ
100
AcDbRadialDimension
 15
3134.988546830902
 25
4279.932237916975
 35
0.0
 40
0.0
1001
ACAD_DSTYLE_DIMRADIAL_EXTENSION
1070
   387
1070
     1
1070
   388
1040
-1.570796326794896
1070
   390
1040
1.570796326794896
  0
DIMENSION
  5
957
330
1F
100
AcDbEntity
  8
0
 62
     7
370
    13
100
AcDbDimension
280
     0
  2
*D22
 10
2821.299042002133
 20
4077.081229490344
 30
0.0
 11
2821.299042002132
 21
4217.081229490344
 31
0.0
 70
    32
 71
     5
 42
280.0000000000005
 73
     0
 74
     0
 75
     0
  3
ОФОРМИТЕЛЬ
100
AcDbAlignedDimension
 13
3102.403571559416
 23
4357.081229490344
 33
0.0
 14
2922.403571559418
 24
4077.081229490344
 34
0.0
 50
90.0
100
AcDbRotatedDimension
  0
DIMENSION
  5
958
330
1F
100
AcDbEntity
  8
0
 62
     7
370
    13
100
AcDbDimension
280
     0
  2
*D23
 10
2922.403571559418
 20
4438.409387369843
 30
0.0
 11
3012.403571559417
 21
4438.409387369843
 31
0.0
 70
    32
 71
     5
 42
180.0
 73
     0
 74
     0
 75
     0
  3
ОФОРМИТЕЛЬ
100
AcDbAlignedDimension
 13
3102.403571559416
 23
4357.081229490344
 33
0.0
 14
2922.403571559418
 24
4077.081229490344
 34
0.0
100
AcDbRotatedDimension
  0
DIMENSION
  5
959
330
1F
100
AcDbEntity
  8
0
 62
     7
370
    13
100
AcDbDimension
280
     0
  2
*D24
 10
3092.403571559416
 20
4087.110977157365
 30
0.0
 11
3129.504779863938
 21
4010.795047411259
 31
0.0
 70
   164
 71
     5
 42
9.999999999991359
 73
     0
 74
     0
 75
     0
  3
ОФОРМИТЕЛЬ
100
AcDbRadialDimension
 15
3097.188881471588
 25
4078.330270520409
 35
0.0
 40
0.0
1001
ACAD_DSTYLE_DIMRADIAL_EXTENSION
1070
   387
1070
     1
1070
   388
1040
-1.570796326794715
1070
   390
1040
0.0000000000002728
  0
DIMENSION
  5
95A
330
1F
100
AcDbEntity
  8
0
 62
     7
370
    13
100
AcDbDimension
280
     0
  2
*D25
 10
4781.793071815113
 20
4357.081229490344
 30
0.0
 11
4854.293071815112
 21
4317.081229490344
 31
0.0
 70
    32
 71
     5
 42
80.0
 73
     0
 74
     0
 75
     0
  3
ОФОРМИТЕЛЬ
100
AcDbAlignedDimension
 13
3822.403571559416
 23
4277.081229490344
 33
0.0
 14
4722.403571559415
 24
4357.081229490344
 34
0.0
 50
90.0
100
AcDbRotatedDimension
  0
DIMENSION
  5
95B
330
1F
100
AcDbEntity
  8
0
 62
     7
370
    13
100
AcDbDimension
280
     0
  2
*D26
 10
3122.403571559417
 20
3075.577184969967
 30
0.0
 11
3022.403571559417
 21
3075.577184969967
 31
0.0
 70
    32
 71
     5
 42
200.0
 73
     0
 74
     0
 75
     0
  3
ОФОРМИТЕЛЬ
100
AcDbAlignedDimension
 13
2922.403571559418
 23
3157.081229490345
 33
0.0
 14
3122.403571559417
 24
3357.081229490345
 34
0.0
100
AcDbRotatedDimension
  0
DIMENSION
  5
95C
330
1F
100
AcDbEntity
  8
0
 62
     7
370
    13
100
AcDbDimension
280
     0
  2
*D27
 10
3822.403571559416
 20
3073.493851636624
 30
0.0
 11
3472.403571559418
 21
3073.493851636624
 31
0.0
 70
    32
 71
     5
 42
700.0
 73
     0
 74
     0
 75
     0
  3
ОФОРМИТЕЛЬ
100
AcDbAlignedDimension
 13
3122.403571559417
 23
3357.081229490345
 33
0.0
 14
3822.403571559416
 24
3357.081229490345
 34
0.0
100
AcDbRotatedDimension
  0
DIMENSION
  5
95D
330
1F
100
AcDbEntity
  8
0
 62
     7
370
    13
100
AcDbDimension
280
     0
  2
*D28
 10
4522.403571559415
 20
3073.493851636624
 30
0.0
 11
4172.403571559415
 21
3073.493851636624
 31
0.0
 70
    32
 71
     5
 42
700.0
 73
     0
 74
     0
 75
     0
  3
ОФОРМИТЕЛЬ
100
AcDbAlignedDimension
 13
3822.403571559416
 23
3357.081229490345
 33
0.0
 14
4522.403571559415
 24
3357.081229490345
 34
0.0
100
AcDbRotatedDimension
  0
DIMENSION
  5
95E
330
1F
100
AcDbEntity
  8
0
 62
     7
370
    13
100
AcDbDimension
280
     0
  2
*D29
 10
2798.539039208854
 20
3157.081229490345
 30
0.0
 11
2798.539039208853
 21
3257.081229490346
 31
0.0
 70
    32
 71
     5
 42
200.0000000000004
 73
     0
 74
     0
 75
     0
  3
ОФОРМИТЕЛЬ
100
AcDbAlignedDimension
 13
4522.403571559415
 23
3357.081229490345
 33
0.0
 14
2922.403571559418
 24
3157.081229490345
 34
0.0
 50
90.0
100
AcDbRotatedDimension
  0
DIMENSION
  5
95F
330
1F
100
AcDbEntity
  8
0
 62
     7
370
    13
100
AcDbDimension
280
     0
  2
*D30
 10
3825.477774819193
 20
4284.46697754436
 30
0.0
 11
3756.587377464233
 21
4191.377332477014
 31
0.0
 70
   163
 71
     5
 42
15.99999999997999
 73
     0
 74
     0
 75
     0
  3
ОФОРМИТЕЛЬ
100
AcDbDiametricDimension
 15
3819.329368299639
 25
4269.695481436325
 35
0.0
 40
0.0
1001
ACAD_DSTYLE_DIMRADIAL_EXTENSION
1070
   387
1070
     1
1070
   388
1040
0.0
1070
   390
1040
-0.0000000000000002
  0
DIMENSION
  5
960
330
1F
100
AcDbEntity
  8
0
 62
     7
370
    13
100
AcDbDimension
280
     0
  2
*D31
 10
4527.069300938232
 20
4283.579765430359
 30
0.0
 11
4421.210071213379
 21
4170.27819934211
 31
0.0
 70
   163
 71
     5
 42
16.00000000000363
 73
     0
 74
     0
 75
     0
  3
ОФОРМИТЕЛЬ
100
AcDbDiametricDimension
 15
4517.7378421806
 25
4270.582693550327
 35
0.0
 40
0.0
1001
ACAD_DSTYLE_DIMRADIAL_EXTENSION
1070
   387
1070
     1
1070
   388
1040
0.0
1070
   390
1040
-0.0000000000000002
  0
DIMENSION
  5
961
330
1F
100
AcDbEntity
  8
0
 62
     7
370
    13
100
AcDbDimension
280
     0
  2
*D32
 10
3119.908874176277
 20
3349.480145030451
 30
0.0
 11
3189.365885371643
 21
3412.920828470785
 31
0.0
 70
   163
 71
     5
 42
15.99999999998454
 73
     0
 74
     0
 75
     0
  3
ОФОРМИТЕЛЬ
100
AcDbDiametricDimension
 15
3124.898268942557
 25
3364.682313950237
 35
0.0
 40
0.0
1001
ACAD_DSTYLE_DIMRADIAL_EXTENSION
1070
   387
1070
     1
1070
   388
1040
0.0
1070
   390
1040
-0.0000000000000002
  0
DIMENSION
  5
962
330
1F
100
AcDbEntity
  8
0
 62
     7
370
    13
100
AcDbDimension
280
     0
  2
*D33
 10
3818.757179820745
 20
3349.960567492468
 30
0.0
 11
3850.056637699085
 21
3441.848913174386
 31
0.0
 70
   163
 71
     5
 42
15.99999999998181
 73
     0
 74
     0
 75
     0
  3
ОФОРМИТЕЛЬ
100
AcDbDiametricDimension
 15
3826.049963298088
 25
3364.201891488221
 35
0.0
 40
0.0
1001
ACAD_DSTYLE_DIMRADIAL_EXTENSION
1070
   387
1070
     1
1070
   388
1040
0.0
1070
   390
1040
-0.0000000000000002
  0
DIMENSION
  5
963
330
1F
100
AcDbEntity
  8
0
 62
     7
370
    13
100
AcDbDimension
280
     0
  2
*D34
 10
4516.079841160979
 20
3352.181185220338
 30
0.0
 11
4556.885002503006
 21
3423.865585253111
 31
0.0
 70
   163
 71
     5
 42
16.00000000001273
 73
     0
 74
     0
 75
     0
  3
ОФОРМИТЕЛЬ
100
AcDbDiametricDimension
 15
4528.727301957849
 25
3361.98127376035
 35
0.0
 40
0.0
1001
ACAD_DSTYLE_DIMRADIAL_EXTENSION
1070
   387
1070
     1
1070
   388
1040
0.0
1070
   390
1040
-0.0000000000000002
  0
DIMENSION
  5
964
330
1F
100
AcDbEntity
  8
0
 62
     7
370
    13
100
AcDbDimension
280
     0
  2
*D35
 10
7461.928443106656
 20
4614.359471310629
 30
0.0
 11
6561.928443106658
 21
4614.359471310629
 31
0.0
 70
    32
 71
     5
 42
1800.0
 73
     0
 74
     0
 75
     0
  3
ОФОРМИТЕЛЬ
100
AcDbAlignedDimension
 13
5661.928443106656
 23
4374.58944614895
 33
0.0
 14
7461.928443106656
 24
4049.58944614895
 34
0.0
100
AcDbRotatedDimension
  0
DIMENSION
  5
965
330
1F
100
AcDbEntity
  8
0
 62
     7
370
    13
100
AcDbDimension
280
     0
  2
*D36
 10
7461.928443106656
 20
4482.222029128926
 30
0.0
 11
7371.928443106657
 21
4482.222029128926
 31
0.0
 70
    32
 71
     5
 42
180.0
 73
     0
 74
     0
 75
     0
  3
ОФОРМИТЕЛЬ
100
AcDbAlignedDimension
 13
7281.928443106656
 23
4374.58944614895
 33
0.0
 14
7461.928443106656
 24
4049.58944614895
 34
0.0
100
AcDbRotatedDimension
  0
DIMENSION
  5
966
330
1F
100
AcDbEntity
  8
0
 62
     7
370
    13
100
AcDbDimension
280
     0
  2
*D37
 10
7566.626893102491
 20
4049.58944614895
 30
0.0
 11
7566.62689310249
 21
4212.089446148953
 31
0.0
 70
    32
 71
     5
 42
325.0
 73
     0
 74
     0
 75
     0
  3
ОФОРМИТЕЛЬ
100
AcDbAlignedDimension
 13
7281.928443106656
 23
4374.58944614895
 33
0.0
 14
7461.928443106656
 24
4049.58944614895
 34
0.0
 50
90.0
100
AcDbRotatedDimension
  0
DIMENSION
  5
967
330
1F
100
AcDbEntity
  8
0
 62
     7
370
    13
100
AcDbDimension
280
     0
  2
*D38
 10
7281.928443106656
 20
4252.683378691057
 30
0.0
 11
7270.428443106657
 21
4180.183378691057
 31
0.0
 70
    32
 71
     5
 42
23.0
 73
     0
 74
     0
 75
     0
  3
ОФОРМИТЕЛЬ
100
AcDbAlignedDimension
 13
7258.928443106658
 23
4294.58944614895
 33
0.0
 14
7281.928443106656
 24
4284.589446148951
 34
0.0
100
AcDbRotatedDimension
  0
DIMENSION
  5
968
330
1F
100
AcDbEntity
  8
0
 62
     7
370
    13
100
AcDbDimension
280
     0
  2
*D39
 10
7258.928443106658
 20
4294.589446148952
 30
0.0
 11
7148.56985361159
 21
4276.421955881349
 31
0.0
 70
   164
 71
     5
 42
9.999999999824467
 73
     0
 74
     0
 75
     0
  3
ОФОРМИТЕЛЬ
100
AcDbRadialDimension
 15
7248.937135635246
 25
4294.172582852216
 35
0.0
 40
0.0
1001
ACAD_DSTYLE_DIMRADIAL_EXTENSION
1070
   387
1070
     1
1070
   388
1040
1.570796326794896
1070
   390
1040
-1.570796326794896
  0
DIMENSION
  5
969
330
1F
100
AcDbEntity
  8
0
 62
     7
370
    13
100
AcDbDimension
280
     0
  2
*D40
 10
5861.928443106656
 20
4470.579170039302
 30
0.0
 11
5761.928443106658
 21
4470.579170039302
 31
0.0
 70
    32
 71
     5
 42
200.0
 73
     0
 74
     0
 75
     0
  3
ОФОРМИТЕЛЬ
100
AcDbAlignedDimension
 13
5661.928443106656
 23
4374.58944614895
 33
0.0
 14
5861.928443106656
 24
4294.58944614895
 34
0.0
100
AcDbRotatedDimension
  0
DIMENSION
  5
96A
330
1F
100
AcDbEntity
  8
0
 62
     7
370
    13
100
AcDbDimension
280
     0
  2
*D41
 10
6561.928443106658
 20
4470.579170039302
 30
0.0
 11
6211.928443106656
 21
4470.579170039302
 31
0.0
 70
    32
 71
     5
 42
700.0
 73
     0
 74
     0
 75
     0
  3
ОФОРМИТЕЛЬ
100
AcDbAlignedDimension
 13
5861.928443106656
 23
4294.58944614895
 33
0.0
 14
6561.928443106658
 24
4294.58944614895
 34
0.0
100
AcDbRotatedDimension
  0
DIMENSION
  5
96B
330
1F
100
AcDbEntity
  8
0
 62
     7
370
    13
100
AcDbDimension
280
     0
  2
*D42
 10
5556.843471671289
 20
4374.58944614895
 30
0.0
 11
5514.343471671288
 21
4334.589446148953
 31
0.0
 70
    32
 71
     5
 42
79.99999999999909
 73
     0
 74
     0
 75
     0
  3
ОФОРМИТЕЛЬ
100
AcDbAlignedDimension
 13
6561.928443106658
 23
4294.58944614895
 33
0.0
 14
5661.928443106656
 24
4374.58944614895
 34
0.0
 50
90.0
100
AcDbRotatedDimension
  0
DIMENSION
  5
96C
330
1F
100
AcDbEntity
  8
0
 62
     7
370
    13
100
AcDbDimension
280
     0
  2
*D43
 10
5861.928443106656
 20
3115.198445111339
 30
0.0
 11
5761.928443106658
 21
3115.198445111339
 31
0.0
 70
    32
 71
     5
 42
200.0
 73
     0
 74
     0
 75
     0
  3
ОФОРМИТЕЛЬ
100
AcDbAlignedDimension
 13
5661.928443106656
 23
3174.589446148952
 33
0.0
 14
5861.928443106656
 24
3374.589446148951
 34
0.0
100
AcDbRotatedDimension
  0
DIMENSION
  5
96D
330
1F
100
AcDbEntity
  8
0
 62
     7
370
    13
100
AcDbDimension
280
     0
  2
*D44
 10
6561.928443106658
 20
3115.198445111339
 30
0.0
 11
6211.928443106656
 21
3115.198445111339
 31
0.0
 70
    32
 71
     5
 42
700.0
 73
     0
 74
     0
 75
     0
  3
ОФОРМИТЕЛЬ
100
AcDbAlignedDimension
 13
5861.928443106656
 23
3374.589446148951
 33
0.0
 14
6561.928443106658
 24
3374.589446148951
 34
0.0
100
AcDbRotatedDimension
  0
DIMENSION
  5
96E
330
1F
100
AcDbEntity
  8
0
 62
     7
370
    13
100
AcDbDimension
280
     0
  2
*D45
 10
6561.928443106658
 20
3115.198445111339
 30
0.0
 11
6911.928443106656
 21
3115.198445111339
 31
0.0
 70
    32
 71
     5
 42
700.0
 73
     0
 74
     0
 75
     0
  3
ОФОРМИТЕЛЬ
100
AcDbAlignedDimension
 13
7261.928443106659
 23
3374.589446148951
 33
0.0
 14
6561.928443106658
 24
3374.589446148951
 34
0.0
100
AcDbRotatedDimension
  0
DIMENSION
  5
96F
330
1F
100
AcDbEntity
  8
0
 62
     7
370
    13
100
AcDbDimension
280
     0
  2
*D46
 10
5584.979765815961
 20
3174.589446148952
 30
0.0
 11
5584.979765815959
 21
3274.589446148953
 31
0.0
 70
    32
 71
     5
 42
200.0000000000004
 73
     0
 74
     0
 75
     0
  3
ОФОРМИТЕЛЬ
100
AcDbAlignedDimension
 13
7261.928443106659
 23
3374.589446148951
 33
0.0
 14
5661.928443106656
 24
3174.589446148952
 34
0.0
 50
90.0
100
AcDbRotatedDimension
  0
DIMENSION
  5
970
330
1F
100
AcDbEntity
  8
0
 62
     7
370
    13
100
AcDbDimension
280
     0
  2
*D47
 10
5864.984612956014
 20
3367.196217770777
 30
0.0
 11
5915.060597947633
 21
3416.33107727705
 31
0.0
 70
   163
 71
     5
 42
15.99999999999636
 73
     0
 74
     0
 75
     0
  3
ОФОРМИТЕЛЬ
100
AcDbDiametricDimension
 15
5858.872273257303
 25
3381.982674527129
 35
0.0
 40
0.0
1001
ACAD_DSTYLE_DIMRADIAL_EXTENSION
1070
   387
1070
     1
1070
   388
1040
0.0
1070
   390
1040
-0.0000000000000002
  0
DIMENSION
  5
971
330
1F
100
AcDbEntity
  8
0
 62
     7
370
    13
100
AcDbDimension
280
     0
  2
*D48
 10
6557.502270121893
 20
3367.925438892883
 30
0.0
 11
6642.530125964268
 21
3419.990027575725
 31
0.0
 70
   163
 71
     5
 42
16.0
 73
     0
 74
     0
 75
     0
  3
ОФОРМИТЕЛЬ
100
AcDbDiametricDimension
 15
6566.354616091421
 25
3381.253453405022
 35
0.0
 40
0.0
1001
ACAD_DSTYLE_DIMRADIAL_EXTENSION
1070
   387
1070
     1
1070
   388
1040
0.0
1070
   390
1040
-0.0000000000000002
  0
DIMENSION
  5
972
330
1F
100
AcDbEntity
  8
0
 62
     7
370
    13
100
AcDbDimension
280
     0
  2
*D49
 10
7254.802573969421
 20
3370.953240841191
 30
0.0
 11
7298.876884671229
 21
3452.210304327163
 31
0.0
 70
   163
 71
     5
 42
16.00000000014915
 73
     0
 74
     0
 75
     0
  3
ОФОРМИТЕЛЬ
100
AcDbDiametricDimension
 15
7269.054312243891
 25
3378.225651456713
 35
0.0
 40
0.0
1001
ACAD_DSTYLE_DIMRADIAL_EXTENSION
1070
   387
1070
     1
1070
   388
1040
0.0
1070
   390
1040
-0.0000000000000002
  0
DIMENSION
  5
973
330
1F
100
AcDbEntity
  8
0
 62
     7
370
    13
100
AcDbDimension
280
     0
  2
*D50
 10
5860.487709217541
 20
4302.458644701576
 30
0.0
 11
5863.369176995774
 21
4219.410799171863
 31
0.0
 70
   163
 71
     5
 42
15.99999999998272
 73
     0
 74
     0
 75
     0
  3
ОФОРМИТЕЛЬ
100
AcDbDiametricDimension
 15
5863.369176995774
 25
4286.720247596329
 35
0.0
 40
0.0
1001
ACAD_DSTYLE_DIMRADIAL_EXTENSION
1070
   387
1070
     1
1070
   388
1040
0.0
1070
   390
1040
-0.0000000000000002
  0
DIMENSION
  5
974
330
1F
100
AcDbEntity
  8
0
 62
     7
370
    13
100
AcDbDimension
280
     0
  2
*D51
 10
6560.675962597433
 20
4302.490793665287
 30
0.0
 11
6560.278912082148
 21
4229.975821288884
 31
0.0
 70
   163
 71
     5
 42
15.99999999998817
 73
     0
 74
     0
 75
     0
  3
ОФОРМИТЕЛЬ
100
AcDbDiametricDimension
 15
6563.180923615883
 25
4286.688098632615
 35
0.0
 40
0.0
1001
ACAD_DSTYLE_DIMRADIAL_EXTENSION
1070
   387
1070
     1
1070
   388
1040
0.0
1070
   390
1040
-0.0000000000000002
  0
DIMENSION
  5
975
330
1F
100
AcDbEntity
  8
0
 62
     7
370
    13
100
AcDbDimension
280
     0
  2
*D52
 10
5368.240847151561
 20
3174.589446148952
 30
0.0
 11
5368.24084715156
 21
3774.589446148952
 31
0.0
 70
    32
 71
     5
 42
1199.999999999999
 73
     0
 74
     0
 75
     0
  3
ОФОРМИТЕЛЬ
100
AcDbAlignedDimension
 13
5661.928443106656
 23
4374.58944614895
 33
0.0
 14
5661.928443106656
 24
3174.589446148952
 34
0.0
 50
90.0
100
AcDbRotatedDimension
  0
DIMENSION
  5
976
330
1F
100
AcDbEntity
  8
0
 62
     7
370
    13
100
AcDbDimension
280
     0
  2
*D53
 10
7372.077612337026
 20
4374.58944614895
 30
0.0
 11
7444.577612337024
 21
4334.589446148952
 31
0.0
 70
    32
 71
     5
 42
80.0
 73
     0
 74
     0
 75
     0
  3
ОФОРМИТЕЛЬ
100
AcDbAlignedDimension
 13
7258.838443106808
 23
4294.58944614895
 33
0.0
 14
7281.928443106656
 24
4374.58944614895
 34
0.0
 50
90.0
100
AcDbRotatedDimension
  0
DIMENSION
  5
977
330
1F
100
AcDbEntity
  8
0
 62
     7
370
    13
100
AcDbDimension
280
     0
  2
*D54
 10
7291.928443106659
 20
4059.619193816003
 30
0.0
 11
7243.361930082388
 21
3980.212350798683
 31
0.0
 70
   164
 71
     5
 42
10.00000000001546
 73
     0
 74
     0
 75
     0
  3
ОФОРМИТЕЛЬ
100
AcDbRadialDimension
 15
7287.690575598576
 25
4050.561573875631
 35
0.0
 40
0.0
1001
ACAD_DSTYLE_DIMRADIAL_EXTENSION
1070
   387
1070
     1
1070
   388
1040
3.141592653589518
1070
   390
1040
-1.570796326794533
  0
DIMENSION
  5
978
330
1F
100
AcDbEntity
  8
0
 62
     7
370
    13
100
AcDbDimension
280
     0
  2
*D55
 10
10412.6206630625
 20
4529.072706363076
 30
0.0
 11
9512.620663062504
 21
4529.072706363076
 31
0.0
 70
    32
 71
     5
 42
1800.0
 73
     0
 74
     0
 75
     0
  3
ОФОРМИТЕЛЬ
100
AcDbAlignedDimension
 13
8612.620663062504
 23
4308.099965748958
 33
0.0
 14
10412.6206630625
 24
4048.099965748959
 34
0.0
100
AcDbRotatedDimension
  0
DIMENSION
  5
979
330
1F
100
AcDbEntity
  8
0
 62
     7
370
    13
100
AcDbDimension
280
     0
  2
*D56
 10
8812.620663062501
 20
4394.660621541349
 30
0.0
 11
8712.620663062502
 21
4394.660621541349
 31
0.0
 70
    32
 71
     5
 42
200.0
 73
     0
 74
     0
 75
     0
  3
ОФОРМИТЕЛЬ
100
AcDbAlignedDimension
 13
8612.620663062504
 23
4308.099965748958
 33
0.0
 14
8812.620663062501
 24
4228.099965748958
 34
0.0
100
AcDbRotatedDimension
  0
DIMENSION
  5
97A
330
1F
100
AcDbEntity
  8
0
 62
     7
370
    13
100
AcDbDimension
280
     0
  2
*D57
 10
9512.620663062504
 20
4394.660621541349
 30
0.0
 11
9162.620663062503
 21
4394.660621541349
 31
0.0
 70
    32
 71
     5
 42
700.0
 73
     0
 74
     0
 75
     0
  3
ОФОРМИТЕЛЬ
100
AcDbAlignedDimension
 13
8812.620663062501
 23
4228.099965748958
 33
0.0
 14
9512.620663062504
 24
4228.099965748958
 34
0.0
100
AcDbRotatedDimension
  0
DIMENSION
  5
97B
330
1F
100
AcDbEntity
  8
0
 62
     7
370
    13
100
AcDbDimension
280
     0
  2
*D58
 10
10488.97739956604
 20
4048.099965748959
 30
0.0
 11
10488.97739956604
 21
4178.09996574896
 31
0.0
 70
    32
 71
     5
 42
259.9999999999996
 73
     0
 74
     0
 75
     0
  3
ОФОРМИТЕЛЬ
100
AcDbAlignedDimension
 13
10232.6206630625
 23
4308.099965748958
 33
0.0
 14
10412.6206630625
 24
4048.099965748959
 34
0.0
 50
90.0
100
AcDbRotatedDimension
  0
DIMENSION
  5
97C
330
1F
100
AcDbEntity
  8
0
 62
     7
370
    13
100
AcDbDimension
280
     0
  2
*D59
 10
10412.6206630625
 20
4411.23197446458
 30
0.0
 11
10322.6206630625
 21
4411.23197446458
 31
0.0
 70
    32
 71
     5
 42
180.0
 73
     0
 74
     0
 75
     0
  3
ОФОРМИТЕЛЬ
100
AcDbAlignedDimension
 13
10232.6206630625
 23
4308.099965748958
 33
0.0
 14
10412.6206630625
 24
4048.099965748959
 34
0.0
100
AcDbRotatedDimension
  0
DIMENSION
  5
97D
330
1F
100
AcDbEntity
  8
0
 62
     7
370
    13
100
AcDbDimension
280
     0
  2
*D60
 10
10310.37504028233
 20
4308.099965748958
 30
0.0
 11
10382.87504028233
 21
4268.09996574896
 31
0.0
 70
    32
 71
     5
 42
80.0
 73
     0
 74
     0
 75
     0
  3
ОФОРМИТЕЛЬ
100
AcDbAlignedDimension
 13
10209.6206630625
 23
4228.099965748958
 33
0.0
 14
10232.6206630625
 24
4308.099965748958
 34
0.0
 50
90.0
100
AcDbRotatedDimension
  0
DIMENSION
  5
97E
330
1F
100
AcDbEntity
  8
0
 62
     7
370
    13
100
AcDbDimension
280
     0
  2
*D61
 10
10209.6206630625
 20
4228.099965748958
 30
0.0
 11
10102.11111005472
 21
4243.720338361337
 31
0.0
 70
   164
 71
     5
 42
10.0000000001728
 73
     0
 74
     0
 75
     0
  3
ОФОРМИТЕЛЬ
100
AcDbRadialDimension
 15
10199.72457090888
 25
4229.537797481287
 35
0.0
 40
0.0
1001
ACAD_DSTYLE_DIMRADIAL_EXTENSION
1070
   387
1070
     1
1070
   388
1040
1.570796326794896
1070
   390
1040
-1.570796326794896
  0
DIMENSION
  5
97F
330
1F
100
AcDbEntity
  8
0
 62
     7
370
    13
100
AcDbDimension
280
     0
  2
*D62
 10
10242.6206630625
 20
4058.129713416014
 30
0.0
 11
10183.50061946392
 21
3980.34802875077
 31
0.0
 70
   164
 71
     5
 42
10.00000000000909
 73
     0
 74
     0
 75
     0
  3
ОФОРМИТЕЛЬ
100
AcDbRadialDimension
 15
10235.1645105242
 25
4051.465946513896
 35
0.0
 40
0.0
1001
ACAD_DSTYLE_DIMRADIAL_EXTENSION
1070
   387
1070
     1
1070
   388
1040
3.141592653589428
1070
   390
1040
-1.570796326794896
  0
DIMENSION
  5
980
330
1F
100
AcDbEntity
  8
0
 62
     7
370
    13
100
AcDbDimension
280
     0
  2
*D63
 10
10232.6206630625
 20
4182.584704746987
 30
0.0
 11
10221.07566306258
 21
4110.084704746987
 31
0.0
 70
    32
 71
     5
 42
23.08999999985099
 73
     0
 74
     0
 75
     0
  3
ОФОРМИТЕЛЬ
100
AcDbAlignedDimension
 13
10209.53066306265
 23
4228.099965748958
 33
0.0
 14
10232.6206630625
 24
4308.099965748958
 34
0.0
100
AcDbRotatedDimension
  0
DIMENSION
  5
981
330
1F
100
AcDbEntity
  8
0
 62
     7
370
    13
100
AcDbDimension
280
     0
  2
*D64
 10
8515.679106082602
 20
4308.099965748958
 30
0.0
 11
8473.1791060826
 21
4268.09996574896
 31
0.0
 70
    32
 71
     5
 42
80.0
 73
     0
 74
     0
 75
     0
  3
ОФОРМИТЕЛЬ
100
AcDbAlignedDimension
 13
9512.620663062504
 23
4228.099965748958
 33
0.0
 14
8612.620663062504
 24
4308.099965748958
 34
0.0
 50
90.0
100
AcDbRotatedDimension
  0
DIMENSION
  5
982
330
1F
100
AcDbEntity
  8
0
 62
     7
370
    13
100
AcDbDimension
280
     0
  2
*D65
 10
8467.253930317538
 20
3108.099965748959
 30
0.0
 11
8467.253930317538
 21
3208.099965748961
 31
0.0
 70
    32
 71
     5
 42
200.0000000000004
 73
     0
 74
     0
 75
     0
  3
ОФОРМИТЕЛЬ
100
AcDbAlignedDimension
 13
10212.6206630625
 23
3308.099965748958
 33
0.0
 14
8612.620663062504
 24
3108.099965748959
 34
0.0
 50
90.0
100
AcDbRotatedDimension
  0
DIMENSION
  5
983
330
1F
100
AcDbEntity
  8
0
 62
     7
370
    13
100
AcDbDimension
280
     0
  2
*D66
 10
8812.620663062501
 20
3011.669593623694
 30
0.0
 11
8712.620663062502
 21
3011.669593623694
 31
0.0
 70
    32
 71
     5
 42
200.0
 73
     0
 74
     0
 75
     0
  3
ОФОРМИТЕЛЬ
100
AcDbAlignedDimension
 13
8612.620663062504
 23
3108.099965748959
 33
0.0
 14
8812.620663062501
 24
3308.099965748958
 34
0.0
100
AcDbRotatedDimension
  0
DIMENSION
  5
984
330
1F
100
AcDbEntity
  8
0
 62
     7
370
    13
100
AcDbDimension
280
     0
  2
*D67
 10
9512.620663062504
 20
3011.669593623694
 30
0.0
 11
9162.620663062503
 21
3011.669593623694
 31
0.0
 70
    32
 71
     5
 42
700.0
 73
     0
 74
     0
 75
     0
  3
ОФОРМИТЕЛЬ
100
AcDbAlignedDimension
 13
8812.620663062501
 23
3308.099965748958
 33
0.0
 14
9512.620663062504
 24
3308.099965748958
 34
0.0
100
AcDbRotatedDimension
  0
DIMENSION
  5
985
330
1F
100
AcDbEntity
  8
0
 62
     7
370
    13
100
AcDbDimension
280
     0
  2
*D68
 10
10212.6206630625
 20
3011.669593623694
 30
0.0
 11
9862.620663062504
 21
3011.669593623694
 31
0.0
 70
    32
 71
     5
 42
700.0
 73
     0
 74
     0
 75
     0
  3
ОФОРМИТЕЛЬ
100
AcDbAlignedDimension
 13
9512.620663062504
 23
3308.099965748958
 33
0.0
 14
10212.6206630625
 24
3308.099965748958
 34
0.0
100
AcDbRotatedDimension
  0
DIMENSION
  5
986
330
1F
100
AcDbEntity
  8
0
 62
     7
370
    13
100
AcDbDimension
280
     0
  2
*D69
 10
8366.997245131361
 20
3108.099965748959
 30
0.0
 11
8366.997245131361
 21
3708.099965748961
 31
0.0
 70
    32
 71
     5
 42
1200.0
 73
     0
 74
     0
 75
     0
  3
ОФОРМИТЕЛЬ
100
AcDbAlignedDimension
 13
8612.620663062504
 23
4308.099965748958
 33
0.0
 14
8612.620663062504
 24
3108.099965748959
 34
0.0
 50
90.0
100
AcDbRotatedDimension
  0
DIMENSION
  5
987
330
1F
100
AcDbEntity
  8
0
 62
     7
370
    13
100
AcDbDimension
280
     0
  2
*D70
 10
8806.191104061269
 20
4232.860298830841
 30
0.0
 11
8851.878340181261
 21
4138.136294062655
 31
0.0
 70
   163
 71
     5
 42
16.00000000009913
 73
     0
 74
     0
 75
     0
  3
ОФОРМИТЕЛЬ
100
AcDbDiametricDimension
 15
8819.050222063735
 25
4223.339632667077
 35
0.0
 40
0.0
1001
ACAD_DSTYLE_DIMRADIAL_EXTENSION
1070
   387
1070
     1
1070
   388
1040
0.0
1070
   390
1040
-0.0000000000000002
  0
DIMENSION
  5
988
330
1F
100
AcDbEntity
  8
0
 62
     7
370
    13
100
AcDbDimension
280
     0
  2
*D71
 10
9512.343252357863
 20
4236.095154508512
 30
0.0
 11
9557.931075632874
 21
4156.511372940848
 31
0.0
 70
   163
 71
     5
 42
15.99999999999136
 73
     0
 74
     0
 75
     0
  3
ОФОРМИТЕЛЬ
100
AcDbDiametricDimension
 15
9512.898073767148
 25
4220.104776989406
 35
0.0
 40
0.0
1001
ACAD_DSTYLE_DIMRADIAL_EXTENSION
1070
   387
1070
     1
1070
   388
1040
0.0
1070
   390
1040
-0.0000000000000002
  0
DIMENSION
  5
989
330
1F
100
AcDbEntity
  8
0
 62
     7
370
    13
100
AcDbDimension
280
     0
  2
*D72
 10
8807.430167147728
 20
3302.012375736609
 30
0.0
 11
8898.222065361052
 21
3365.037073601533
 31
0.0
 70
   163
 71
     5
 42
15.99999999997817
 73
     0
 74
     0
 75
     0
  3
ОФОРМИТЕЛЬ
100
AcDbDiametricDimension
 15
8817.811158977287
 25
3314.187555761311
 35
0.0
 40
0.0
1001
ACAD_DSTYLE_DIMRADIAL_EXTENSION
1070
   387
1070
     1
1070
   388
1040
0.0
1070
   390
1040
-0.0000000000000002
  0
DIMENSION
  5
98A
330
1F
100
AcDbEntity
  8
0
 62
     7
370
    13
100
AcDbDimension
280
     0
  2
*D73
 10
9506.330656078946
 20
3303.156706485316
 30
0.0
 11
9573.478273240217
 21
3367.192343497474
 31
0.0
 70
   163
 71
     5
 42
16.00000000010368
 73
     0
 74
     0
 75
     0
  3
ОФОРМИТЕЛЬ
100
AcDbDiametricDimension
 15
9518.910670046066
 25
3313.043225012604
 35
0.0
 40
0.0
1001
ACAD_DSTYLE_DIMRADIAL_EXTENSION
1070
   387
1070
     1
1070
   388
1040
0.0
1070
   390
1040
-0.0000000000000002
  0
DIMENSION
  5
98B
330
1F
100
AcDbEntity
  8
0
 62
     7
370
    13
100
AcDbDimension
280
     0
  2
*D74
 10
10213.11737780908
 20
3300.115400985582
 30
0.0
 11
10212.40926527169
 21
3381.427978587395
 31
0.0
 70
   163
 71
     5
 42
16.00000000000455
 73
     0
 74
     0
 75
     0
  3
ОФОРМИТЕЛЬ
100
AcDbDiametricDimension
 15
10212.12394831592
 25
3316.084530512338
 35
0.0
 40
0.0
1001
ACAD_DSTYLE_DIMRADIAL_EXTENSION
1070
   387
1070
     1
1070
   388
1040
0.0
1070
   390
1040
-0.0000000000000002
  0
DIMENSION
  5
98C
330
1F
100
AcDbEntity
  8
0
 62
     7
370
    13
100
AcDbDimension
280
     0
  2
*D75
 10
4830.521222956313
 20
1958.485491186206
 30
0.0
 11
3930.521222956313
 21
1958.485491186206
 31
0.0
 70
    32
 71
     5
 42
1800.0
 73
     0
 74
     0
 75
     0
  3
ОФОРМИТЕЛЬ
100
AcDbAlignedDimension
 13
3030.521222956313
 23
1725.922231789795
 33
0.0
 14
4830.521222956313
 24
1385.922231789795
 34
0.0
100
AcDbRotatedDimension
  0
DIMENSION
  5
98D
330
1F
100
AcDbEntity
  8
0
 62
     7
370
    13
100
AcDbDimension
280
     0
  2
*D76
 10
2815.740439078139
 20
525.9222317897949
 30
0.0
 11
2815.740439078139
 21
1125.922231789795
 31
0.0
 70
    32
 71
     5
 42
1200.0
 73
     0
 74
     0
 75
     0
  3
ОФОРМИТЕЛЬ
100
AcDbAlignedDimension
 13
3030.521222956313
 23
1725.922231789795
 33
0.0
 14
3030.521222956313
 24
525.9222317897946
 34
0.0
 50
90.0
100
AcDbRotatedDimension
  0
DIMENSION
  5
98E
330
1F
100
AcDbEntity
  8
0
 62
     7
370
    13
100
AcDbDimension
280
     0
  2
*D77
 10
3230.521222956313
 20
1871.327402738825
 30
0.0
 11
3130.521222956313
 21
1871.327402738825
 31
0.0
 70
    32
 71
     5
 42
200.0
 73
     0
 74
     0
 75
     0
  3
ОФОРМИТЕЛЬ
100
AcDbAlignedDimension
 13
3030.521222956313
 23
1725.922231789795
 33
0.0
 14
3230.521222956313
 24
1645.922231789795
 34
0.0
100
AcDbRotatedDimension
  0
DIMENSION
  5
98F
330
1F
100
AcDbEntity
  8
0
 62
     7
370
    13
100
AcDbDimension
280
     0
  2
*D78
 10
3930.521222956313
 20
1873.410736072139
 30
0.0
 11
3580.521222956313
 21
1873.410736072139
 31
0.0
 70
    32
 71
     5
 42
700.0
 73
     0
 74
     0
 75
     0
  3
ОФОРМИТЕЛЬ
100
AcDbAlignedDimension
 13
3230.521222956313
 23
1645.922231789795
 33
0.0
 14
3930.521222956313
 24
1645.922231789795
 34
0.0
100
AcDbRotatedDimension
  0
DIMENSION
  5
990
330
1F
100
AcDbEntity
  8
0
 62
     7
370
    13
100
AcDbDimension
280
     0
  2
*D79
 10
3230.521222956313
 20
433.6840790199929
 30
0.0
 11
3130.521222956313
 21
433.6840790199929
 31
0.0
 70
    32
 71
     5
 42
200.0
 73
     0
 74
     0
 75
     0
  3
ОФОРМИТЕЛЬ
100
AcDbAlignedDimension
 13
3030.521222956313
 23
525.9222317897946
 33
0.0
 14
3230.521222956313
 24
725.9222317897947
 34
0.0
100
AcDbRotatedDimension
  0
DIMENSION
  5
991
330
1F
100
AcDbEntity
  8
0
 62
     7
370
    13
100
AcDbDimension
280
     0
  2
*D80
 10
3930.521222956313
 20
433.6840790199929
 30
0.0
 11
3580.521222956313
 21
433.6840790199929
 31
0.0
 70
    32
 71
     5
 42
700.0
 73
     0
 74
     0
 75
     0
  3
ОФОРМИТЕЛЬ
100
AcDbAlignedDimension
 13
3230.521222956313
 23
725.9222317897947
 33
0.0
 14
3930.521222956313
 24
725.9222317897947
 34
0.0
100
AcDbRotatedDimension
  0
DIMENSION
  5
992
330
1F
100
AcDbEntity
  8
0
 62
     7
370
    13
100
AcDbDimension
280
     0
  2
*D81
 10
4630.521222956313
 20
433.6840790199929
 30
0.0
 11
4280.521222956313
 21
433.6840790199929
 31
0.0
 70
    32
 71
     5
 42
700.0
 73
     0
 74
     0
 75
     0
  3
ОФОРМИТЕЛЬ
100
AcDbAlignedDimension
 13
3930.521222956313
 23
725.9222317897947
 33
0.0
 14
4630.521222956313
 24
725.9222317897947
 34
0.0
100
AcDbRotatedDimension
  0
DIMENSION
  5
993
330
1F
100
AcDbEntity
  8
0
 62
     7
370
    13
100
AcDbDimension
280
     0
  2
*D82
 10
2929.261118795557
 20
525.9222317897946
 30
0.0
 11
2929.261118795557
 21
625.9222317897954
 31
0.0
 70
    32
 71
     5
 42
200.0000000000003
 73
     0
 74
     0
 75
     0
  3
ОФОРМИТЕЛЬ
100
AcDbAlignedDimension
 13
4630.521222956313
 23
725.9222317897947
 33
0.0
 14
3030.521222956313
 24
525.9222317897946
 34
0.0
 50
90.0
100
AcDbRotatedDimension
  0
DIMENSION
  5
994
330
1F
100
AcDbEntity
  8
0
 62
     7
370
    13
100
AcDbDimension
280
     0
  2
*D83
 10
2957.061431502758
 20
1725.922231789795
 30
0.0
 11
2914.561431502758
 21
1685.922231789795
 31
0.0
 70
    32
 71
     5
 42
79.99999999999976
 73
     0
 74
     0
 75
     0
  3
ОФОРМИТЕЛЬ
100
AcDbAlignedDimension
 13
3930.521222956313
 23
1645.922231789795
 33
0.0
 14
3030.521222956313
 24
1725.922231789795
 34
0.0
 50
90.0
100
AcDbRotatedDimension
  0
DIMENSION
  5
995
330
1F
100
AcDbEntity
  8
0
 62
     7
370
    13
100
AcDbDimension
280
     0
  2
*D84
 10
3230.622504167558
 20
1653.921590646379
 30
0.0
 11
3249.168437629772
 21
1545.689023809595
 31
0.0
 70
   163
 71
     5
 42
16.0000000000216
 73
     0
 74
     0
 75
     0
  3
ОФОРМИТЕЛЬ
100
AcDbDiametricDimension
 15
3230.419941745068
 25
1637.922872933209
 35
0.0
 40
0.0
1001
ACAD_DSTYLE_DIMRADIAL_EXTENSION
1070
   387
1070
     1
1070
   388
1040
0.0
1070
   390
1040
-0.0000000000000002
  0
DIMENSION
  5
996
330
1F
100
AcDbEntity
  8
0
 62
     7
370
    13
100
AcDbDimension
280
     0
  2
*D85
 10
3925.699289451653
 20
1652.30572278428
 30
0.0
 11
3947.467160430571
 21
1560.733161464187
 31
0.0
 70
   163
 71
     5
 42
16.00000000000409
 73
     0
 74
     0
 75
     0
  3
ОФОРМИТЕЛЬ
100
AcDbDiametricDimension
 15
3935.343156460973
 25
1639.538740795309
 35
0.0
 40
0.0
1001
ACAD_DSTYLE_DIMRADIAL_EXTENSION
1070
   387
1070
     1
1070
   388
1040
0.0
1070
   390
1040
-0.0000000000000002
  0
DIMENSION
  5
997
330
1F
100
AcDbEntity
  8
0
 62
     7
370
    13
100
AcDbDimension
280
     0
  2
*D86
 10
3226.504327499142
 20
719.0038106630963
 30
0.0
 11
3296.066029411576
 21
821.3238251658328
 31
0.0
 70
   163
 71
     5
 42
16.00000000002319
 73
     0
 74
     0
 75
     0
  3
ОФОРМИТЕЛЬ
100
AcDbDiametricDimension
 15
3234.538118413485
 25
732.8406529164928
 35
0.0
 40
0.0
1001
ACAD_DSTYLE_DIMRADIAL_EXTENSION
1070
   387
1070
     1
1070
   388
1040
0.0
1070
   390
1040
-0.0000000000000002
  0
DIMENSION
  5
998
330
1F
100
AcDbEntity
  8
0
 62
     7
370
    13
100
AcDbDimension
280
     0
  2
*D87
 10
3932.300258826764
 20
718.1225502981102
 30
0.0
 11
3876.519007251432
 21
808.7870437870149
 31
0.0
 70
   163
 71
     5
 42
16.00000000000921
 73
     0
 74
     0
 75
     0
  3
ОФОРМИТЕЛЬ
100
AcDbDiametricDimension
 15
3928.742187085862
 25
733.7219132814785
 35
0.0
 40
0.0
1001
ACAD_DSTYLE_DIMRADIAL_EXTENSION
1070
   387
1070
     1
1070
   388
1040
0.0
1070
   390
1040
-0.0000000000000002
  0
DIMENSION
  5
999
330
1F
100
AcDbEntity
  8
0
 62
     7
370
    13
100
AcDbDimension
280
     0
  2
*D88
 10
4624.003231631427
 20
721.2837202733793
 30
0.0
 11
4672.604624807202
 21
811.2944000628196
 31
0.0
 70
   163
 71
     5
 42
15.99999999990268
 73
     0
 74
     0
 75
     0
  3
ОФОРМИТЕЛЬ
100
AcDbDiametricDimension
 15
4637.039214281201
 25
730.5607433062105
 35
0.0
 40
0.0
1001
ACAD_DSTYLE_DIMRADIAL_EXTENSION
1070
   387
1070
     1
1070
   388
1040
0.0
1070
   390
1040
-0.0000000000000002
  0
DIMENSION
  5
99A
330
1F
100
AcDbEntity
  8
0
 62
     7
370
    13
100
AcDbDimension
280
     0
  2
*D89
 10
4711.6993238589
 20
1725.922231789795
 30
0.0
 11
4784.1993238589
 21
1685.922231789795
 31
0.0
 70
    32
 71
     5
 42
80.0
 73
     0
 74
     0
 75
     0
  3
ОФОРМИТЕЛЬ
100
AcDbAlignedDimension
 13
4627.521222956313
 23
1645.922231789795
 33
0.0
 14
4650.521222956313
 24
1725.922231789795
 34
0.0
 50
90.0
100
AcDbRotatedDimension
  0
DIMENSION
  5
99B
330
1F
100
AcDbEntity
  8
0
 62
     7
370
    13
100
AcDbDimension
280
     0
  2
*D90
 10
4650.521222956313
 20
1593.336863602191
 30
0.0
 11
4639.021222956313
 21
1520.83686360219
 31
0.0
 70
    32
 71
     5
 42
23.0
 73
     0
 74
     0
 75
     0
  3
ОФОРМИТЕЛЬ
100
AcDbAlignedDimension
 13
4627.521222956313
 23
1645.922231789795
 33
0.0
 14
4650.521222956313
 24
1635.922231789795
 34
0.0
100
AcDbRotatedDimension
  0
DIMENSION
  5
99C
330
1F
100
AcDbEntity
  8
0
 62
     7
370
    13
100
AcDbDimension
280
     0
  2
*D91
 10
4627.521222956313
 20
1645.922231789795
 30
0.0
 11
4549.179542003033
 21
1662.387104790279
 31
0.0
 70
   164
 71
     5
 42
10.00000000020645
 73
     0
 74
     0
 75
     0
  3
ОФОРМИТЕЛЬ
100
AcDbRadialDimension
 15
4617.627661505548
 25
1644.467088558332
 35
0.0
 40
0.0
1001
ACAD_DSTYLE_DIMRADIAL_EXTENSION
1070
   387
1070
     1
1070
   388
1040
1.570796326794896
1070
   390
1040
-1.570796326794896
  0
DIMENSION
  5
99D
330
1F
100
AcDbEntity
  8
0
 62
     7
370
    13
100
AcDbDimension
280
     0
  2
*D92
 10
4830.521222956313
 20
1801.790237106645
 30
0.0
 11
4740.521222956313
 21
1801.790237106645
 31
0.0
 70
    32
 71
     5
 42
180.0
 73
     0
 74
     0
 75
     0
  3
ОФОРМИТЕЛЬ
100
AcDbAlignedDimension
 13
4650.521222956313
 23
1725.922231789795
 33
0.0
 14
4830.521222956313
 24
1385.922231789795
 34
0.0
100
AcDbRotatedDimension
  0
DIMENSION
  5
99E
330
1F
100
AcDbEntity
  8
0
 62
     7
370
    13
100
AcDbDimension
280
     0
  2
*D93
 10
4921.874545930254
 20
1385.922231789795
 30
0.0
 11
4921.874545930254
 21
1555.922231789796
 31
0.0
 70
    32
 71
     5
 42
340.0
 73
     0
 74
     0
 75
     0
  3
ОФОРМИТЕЛЬ
100
AcDbAlignedDimension
 13
4650.521222956313
 23
1725.922231789795
 33
0.0
 14
4830.521222956313
 24
1385.922231789795
 34
0.0
 50
90.0
100
AcDbRotatedDimension
  0
DIMENSION
  5
99F
330
1F
100
AcDbEntity
  8
0
 62
     7
370
    13
100
AcDbDimension
280
     0
  2
*D94
 10
4660.521222956313
 20
1395.951979456848
 30
0.0
 11
4609.708689597733
 21
1326.646222848939
 31
0.0
 70
   164
 71
     5
 42
9.999999999952708
 73
     0
 74
     0
 75
     0
  3
ОФОРМИТЕЛЬ
100
AcDbRadialDimension
 15
4652.665061379152
 25
1389.764837525989
 35
0.0
 40
0.0
1001
ACAD_DSTYLE_DIMRADIAL_EXTENSION
1070
   387
1070
     1
1070
   388
1040
-3.141592653589656
1070
   390
1040
-1.570796326794896
  0
DIMENSION
  5
9A0
330
1F
100
AcDbEntity
  8
0
 62
     7
370
    13
100
AcDbDimension
280
     0
  2
*D95
 10
7320.874580183367
 20
1897.305467075697
 30
0.0
 11
6420.874580183367
 21
1897.305467075697
 31
0.0
 70
    32
 71
     5
 42
1800.0
 73
     0
 74
     0
 75
     0
  3
ОФОРМИТЕЛЬ
100
AcDbAlignedDimension
 13
5520.874580183367
 23
1718.55937402317
 33
0.0
 14
7320.874580183367
 24
1478.559374023171
 34
0.0
100
AcDbRotatedDimension
  0
DIMENSION
  5
9A1
330
1F
100
AcDbEntity
  8
0
 62
     7
370
    13
100
AcDbDimension
280
     0
  2
*D96
 10
5327.855644678066
 20
518.5593740231706
 30
0.0
 11
5327.855644678066
 21
1118.559374023171
 31
0.0
 70
    32
 71
     5
 42
1200.0
 73
     0
 74
     0
 75
     0
  3
ОФОРМИТЕЛЬ
100
AcDbAlignedDimension
 13
5520.874580183367
 23
1718.55937402317
 33
0.0
 14
5520.874580183367
 24
518.5593740231706
 34
0.0
 50
90.0
100
AcDbRotatedDimension
  0
DIMENSION
  5
9A2
330
1F
100
AcDbEntity
  8
0
 62
     7
370
    13
100
AcDbDimension
280
     0
  2
*D97
 10
5520.874580183367
 20
1801.690177920303
 30
0.0
 11
5620.874580183365
 21
1801.690177920303
 31
0.0
 70
    32
 71
     5
 42
200.0
 73
     0
 74
     0
 75
     0
  3
ОФОРМИТЕЛЬ
100
AcDbAlignedDimension
 13
5720.874580183366
 23
1638.55937402317
 33
0.0
 14
5520.874580183367
 24
1718.55937402317
 34
0.0
100
AcDbRotatedDimension
  0
DIMENSION
  5
9A3
330
1F
100
AcDbEntity
  8
0
 62
     7
370
    13
100
AcDbDimension
280
     0
  2
*D98
 10
6420.874580183367
 20
1801.690177920303
 30
0.0
 11
6070.874580183367
 21
1801.690177920303
 31
0.0
 70
    32
 71
     5
 42
700.0
 73
     0
 74
     0
 75
     0
  3
ОФОРМИТЕЛЬ
100
AcDbAlignedDimension
 13
5720.874580183366
 23
1638.55937402317
 33
0.0
 14
6420.874580183367
 24
1638.55937402317
 34
0.0
100
AcDbRotatedDimension
  0
DIMENSION
  5
9A4
330
1F
100
AcDbEntity
  8
0
 62
     7
370
    13
100
AcDbDimension
280
     0
  2
*D99
 10
7409.904746362773
 20
1478.559374023171
 30
0.0
 11
7409.904746362773
 21
1598.559374023172
 31
0.0
 70
    32
 71
     5
 42
240.0
 73
     0
 74
     0
 75
     0
  3
ОФОРМИТЕЛЬ
100
AcDbAlignedDimension
 13
7140.874580183366
 23
1718.55937402317
 33
0.0
 14
7320.874580183367
 24
1478.559374023171
 34
0.0
 50
90.0
100
AcDbRotatedDimension
  0
DIMENSION
  5
9A5
330
1F
100
AcDbEntity
  8
0
 62
     7
370
    13
100
AcDbDimension
280
     0
  2
*D100
 10
7140.874580183366
 20
1812.657902754698
 30
0.0
 11
7230.874580183367
 21
1812.657902754698
 31
0.0
 70
    32
 71
     5
 42
180.0
 73
     0
 74
     0
 75
     0
  3
ОФОРМИТЕЛЬ
100
AcDbAlignedDimension
 13
7320.874580183367
 23
1478.559374023171
 33
0.0
 14
7140.874580183366
 24
1718.55937402317
 34
0.0
100
AcDbRotatedDimension
  0
DIMENSION
  5
9A6
330
1F
100
AcDbEntity
  8
0
 62
     7
370
    13
100
AcDbDimension
280
     0
  2
*D101
 10
7207.298116329893
 20
1718.55937402317
 30
0.0
 11
7279.798116329891
 21
1678.559374023172
 31
0.0
 70
    32
 71
     5
 42
80.0
 73
     0
 74
     0
 75
     0
  3
ОФОРМИТЕЛЬ
100
AcDbAlignedDimension
 13
7117.874580183367
 23
1638.55937402317
 33
0.0
 14
7140.874580183366
 24
1718.55937402317
 34
0.0
 50
90.0
100
AcDbRotatedDimension
  0
DIMENSION
  5
9A7
330
1F
100
AcDbEntity
  8
0
 62
     7
370
    13
100
AcDbDimension
280
     0
  2
*D102
 10
7140.874580183366
 20
1598.552938410314
 30
0.0
 11
7129.374580183365
 21
1526.052938410314
 31
0.0
 70
    32
 71
     5
 42
23.0
 73
     0
 74
     0
 75
     0
  3
ОФОРМИТЕЛЬ
100
AcDbAlignedDimension
 13
7117.874580183367
 23
1638.55937402317
 33
0.0
 14
7140.874580183366
 24
1648.559374023171
 34
0.0
100
AcDbRotatedDimension
  0
DIMENSION
  5
9A8
330
1F
100
AcDbEntity
  8
0
 62
     7
370
    13
100
AcDbDimension
280
     0
  2
*D103
 10
7117.874580183367
 20
1638.55937402317
 30
0.0
 11
7012.023054814266
 21
1644.341573524405
 31
0.0
 70
   164
 71
     5
 42
9.999999999935424
 73
     0
 74
     0
 75
     0
  3
ОФОРМИТЕЛЬ
100
AcDbRadialDimension
 15
7108.015930297153
 25
1636.883956934878
 35
0.0
 40
0.0
1001
ACAD_DSTYLE_DIMRADIAL_EXTENSION
1070
   387
1070
     1
1070
   388
1040
1.570796326794896
1070
   390
1040
-1.570796326794896
  0
DIMENSION
  5
9A9
330
1F
100
AcDbEntity
  8
0
 62
     7
370
    13
100
AcDbDimension
280
     0
  2
*D104
 10
7150.874580183368
 20
1488.589121690194
 30
0.0
 11
7104.165949358439
 21
1416.368039638735
 31
0.0
 70
   164
 71
     5
 42
10.00000000000818
 73
     0
 74
     0
 75
     0
  3
ОФОРМИТЕЛЬ
100
AcDbRadialDimension
 15
7144.577229960656
 25
1480.821021525246
 35
0.0
 40
0.0
1001
ACAD_DSTYLE_DIMRADIAL_EXTENSION
1070
   387
1070
     1
1070
   388
1040
3.141592653589792
1070
   390
1040
-1.570796326794896
  0
DIMENSION
  5
9AA
330
1F
100
AcDbEntity
  8
0
 62
     7
370
    13
100
AcDbDimension
280
     0
  2
*D105
 10
5463.666891186331
 20
1718.55937402317
 30
0.0
 11
5421.166891186333
 21
1678.559374023172
 31
0.0
 70
    32
 71
     5
 42
79.99999999999976
 73
     0
 74
     0
 75
     0
  3
ОФОРМИТЕЛЬ
100
AcDbAlignedDimension
 13
6420.874580183367
 23
1638.55937402317
 33
0.0
 14
5520.874580183367
 24
1718.55937402317
 34
0.0
 50
90.0
100
AcDbRotatedDimension
  0
DIMENSION
  5
9AB
330
1F
100
AcDbEntity
  8
0
 62
     7
370
    13
100
AcDbDimension
280
     0
  2
*D106
 10
5720.874580183366
 20
434.4275274781685
 30
0.0
 11
5620.874580183365
 21
434.4275274781685
 31
0.0
 70
    32
 71
     5
 42
200.0
 73
     0
 74
     0
 75
     0
  3
ОФОРМИТЕЛЬ
100
AcDbAlignedDimension
 13
5520.874580183367
 23
518.5593740231706
 33
0.0
 14
5720.874580183366
 24
718.5593740231706
 34
0.0
100
AcDbRotatedDimension
  0
DIMENSION
  5
9AC
330
1F
100
AcDbEntity
  8
0
 62
     7
370
    13
100
AcDbDimension
280
     0
  2
*D107
 10
5720.874580183366
 20
434.4838337844702
 30
0.0
 11
6070.874580183367
 21
434.4838337844702
 31
0.0
 70
    32
 71
     5
 42
700.0
 73
     0
 74
     0
 75
     0
  3
ОФОРМИТЕЛЬ
100
AcDbAlignedDimension
 13
6420.874580183367
 23
718.5593740231706
 33
0.0
 14
5720.874580183366
 24
718.5593740231706
 34
0.0
100
AcDbRotatedDimension
  0
DIMENSION
  5
9AD
330
1F
100
AcDbEntity
  8
0
 62
     7
370
    13
100
AcDbDimension
280
     0
  2
*D108
 10
7120.874580183367
 20
434.4838337844702
 30
0.0
 11
6770.874580183367
 21
434.4838337844702
 31
0.0
 70
    32
 71
     5
 42
700.0
 73
     0
 74
     0
 75
     0
  3
ОФОРМИТЕЛЬ
100
AcDbAlignedDimension
 13
6420.874580183367
 23
718.5593740231706
 33
0.0
 14
7120.874580183367
 24
718.5593740231706
 34
0.0
100
AcDbRotatedDimension
  0
DIMENSION
  5
9AE
330
1F
100
AcDbEntity
  8
0
 62
     7
370
    13
100
AcDbDimension
280
     0
  2
*D109
 10
5438.246951063463
 20
518.5593740231706
 30
0.0
 11
5438.246951063463
 21
618.5593740231718
 31
0.0
 70
    32
 71
     5
 42
200.0000000000003
 73
     0
 74
     0
 75
     0
  3
ОФОРМИТЕЛЬ
100
AcDbAlignedDimension
 13
7120.874580183367
 23
718.5593740231706
 33
0.0
 14
5520.874580183367
 24
518.5593740231706
 34
0.0
 50
90.0
100
AcDbRotatedDimension
  0
DIMENSION
  5
9AF
330
1F
100
AcDbEntity
  8
0
 62
     7
370
    13
100
AcDbDimension
280
     0
  2
*D110
 10
5715.656675242652
 20
712.4952608951145
 30
0.0
 11
5802.199859924915
 21
783.52051275887
 31
0.0
 70
   163
 71
     5
 42
16.00000000002365
 73
     0
 74
     0
 75
     0
  3
ОФОРМИТЕЛЬ
100
AcDbDiametricDimension
 15
5726.09248512408
 25
724.6234871512274
 35
0.0
 40
0.0
1001
ACAD_DSTYLE_DIMRADIAL_EXTENSION
1070
   387
1070
     1
1070
   388
1040
0.0
1070
   390
1040
-0.0000000000000002
  0
DIMENSION
  5
9B0
330
1F
100
AcDbEntity
  8
0
 62
     7
370
    13
100
AcDbDimension
280
     0
  2
*D111
 10
6423.7396667612
 20
711.0900180334275
 30
0.0
 11
6509.219733783343
 21
795.6907941567192
 31
0.0
 70
   163
 71
     5
 42
15.99999999999772
 73
     0
 74
     0
 75
     0
  3
ОФОРМИТЕЛЬ
100
AcDbDiametricDimension
 15
6418.009493605535
 25
726.028730012913
 35
0.0
 40
0.0
1001
ACAD_DSTYLE_DIMRADIAL_EXTENSION
1070
   387
1070
     1
1070
   388
1040
0.0
1070
   390
1040
-0.0000000000000002
  0
DIMENSION
  5
9B1
330
1F
100
AcDbEntity
  8
0
 62
     7
370
    13
100
AcDbDimension
280
     0
  2
*D112
 10
7117.987015990841
 20
711.0986788120067
 30
0.0
 11
7090.286719505975
 21
783.4261577869764
 31
0.0
 70
   163
 71
     5
 42
15.9999999999809
 73
     0
 74
     0
 75
     0
  3
ОФОРМИТЕЛЬ
100
AcDbDiametricDimension
 15
7123.762144375894
 25
726.0200692343349
 35
0.0
 40
0.0
1001
ACAD_DSTYLE_DIMRADIAL_EXTENSION
1070
   387
1070
     1
1070
   388
1040
0.0
1070
   390
1040
-0.0000000000000002
  0
DIMENSION
  5
9B2
330
1F
100
AcDbEntity
  8
0
 62
     7
370
    13
100
AcDbDimension
280
     0
  2
*D113
 10
5719.844163370152
 20
1646.492736563174
 30
0.0
 11
5734.756222639532
 21
1562.105972225108
 31
0.0
 70
   163
 71
     5
 42
16.00000000000977
 73
     0
 74
     0
 75
     0
  3
ОФОРМИТЕЛЬ
100
AcDbDiametricDimension
 15
5721.90499699658
 25
1630.626011483167
 35
0.0
 40
0.0
1001
ACAD_DSTYLE_DIMRADIAL_EXTENSION
1070
   387
1070
     1
1070
   388
1040
0.0
1070
   390
1040
-0.0000000000000002
  0
DIMENSION
  5
9B3
330
1F
100
AcDbEntity
  8
0
 62
     7
370
    13
100
AcDbDimension
280
     0
  2
*D114
 10
6417.105114472862
 20
1645.615656915556
 30
0.0
 11
6433.934854075146
 21
1572.148319235101
 31
0.0
 70
   163
 71
     5
 42
16.000000000005
 73
     0
 74
     0
 75
     0
  3
ОФОРМИТЕЛЬ
100
AcDbDiametricDimension
 15
6424.644045893867
 25
1631.503091130783
 35
0.0
 40
0.0
1001
ACAD_DSTYLE_DIMRADIAL_EXTENSION
1070
   387
1070
     1
1070
   388
1040
0.0
1070
   390
1040
-0.0000000000000002
  0
DIMENSION
  5
9B4
330
1F
100
AcDbEntity
  8
0
 62
     7
370
    13
100
AcDbDimension
280
     0
  2
*D115
 10
1389.655751125722
 20
3307.537130693732
 30
0.0
 11
1465.951843474361
 21
3410.60084124768
 31
0.0
 70
   163
 71
     5
 42
16.00000000002228
 73
     0
 74
     0
 75
     0
  3
ОФОРМИТЕЛЬ
100
AcDbDiametricDimension
 15
1390.082547781824
 25
3323.531437325002
 35
0.0
 40
0.0
1001
ACAD_DSTYLE_DIMRADIAL_EXTENSION
1070
   387
1070
     1
1070
   388
1040
0.0
1070
   390
1040
-0.0000000000000002
  0
DIMENSION
  5
9B5
330
1F
100
AcDbEntity
  8
0
 62
     7
370
    13
100
AcDbDimension
280
     0
  2
*D116
 10
2083.859615857547
 20
3310.253611139778
 30
0.0
 11
2092.650640438611
 21
3385.858916063997
 31
0.0
 70
   163
 71
     5
 42
15.99999999996817
 73
     0
 74
     0
 75
     0
  3
ОФОРМИТЕЛЬ
100
AcDbDiametricDimension
 15
2095.878683049997
 25
3320.814956878952
 35
0.0
 40
0.0
1001
ACAD_DSTYLE_DIMRADIAL_EXTENSION
1070
   387
1070
     1
1070
   388
1040
0.0
1070
   390
1040
-0.0000000000000002
  0
MTEXT
  5
9B6
330
1F
100
AcDbEntity
  8
0
 62
     7
370
    13
100
AcDbMText
 10
1155.736349245368
 20
4003.16037646582
 30
0.0
 40
80.0
 41
336.9671879983507
 46
315.3050116269151
 71
     1
 72
     5
  1
{\fArial|b0|i0|c204|p34;№1}
  7
ОФОРМИТЕЛЬ
 73
     1
 44
1.0
101
Embedded Object
 70
     1
 10
1.0
 20
0.0
 30
0.0
 11
1155.736349245368
 21
4003.16037646582
 31
0.0
 40
336.9671879983507
 41
315.3050116269151
 42
152.7967257844475
 43
80.32742155525239
 71
     2
 72
     1
 44
336.9671879983507
 45
150.0
 73
     0
 74
     0
 46
0.0
  0
MTEXT
  5
9B7
330
1F
100
AcDbEntity
  8
0
 62
     7
370
    13
100
AcDbMText
 10
3733.920442789162
 20
4003.16037646582
 30
0.0
 40
80.0
 41
336.9671879983507
 46
315.3050116269151
 71
     1
 72
     5
  1
{\fArial|b0|i0|c204|p34;№2}
  7
ОФОРМИТЕЛЬ
 73
     1
 44
1.0
101
Embedded Object
 70
     1
 10
1.0
 20
0.0
 30
0.0
 11
3733.920442789162
 21
4003.16037646582
 31
0.0
 40
336.9671879983507
 41
315.3050116269151
 42
167.4215552523874
 43
80.32742155525239
 71
     2
 72
     1
 44
336.9671879983507
 45
150.0
 73
     0
 74
     0
 46
0.0
  0
MTEXT
  5
9B8
330
1F
100
AcDbEntity
  8
0
 62
     7
370
    13
100
AcDbMText
 10
6364.960246679206
 20
4016.879754834342
 30
0.0
 40
80.0
 41
336.9671879983507
 46
315.3050116269151
 71
     1
 72
     5
  1
{\fArial|b0|i0|c204|p34;№3}
  7
ОФОРМИТЕЛЬ
 73
     1
 44
1.0
101
Embedded Object
 70
     1
 10
1.0
 20
0.0
 30
0.0
 11
6364.960246679206
 21
4016.879754834342
 31
0.0
 40
336.9671879983507
 41
315.3050116269151
 42
168.2401091405184
 43
81.74624829467941
 71
     2
 72
     1
 44
336.9671879983507
 45
150.0
 73
     0
 74
     0
 46
0.0
  0
MTEXT
  5
9B9
330
1F
100
AcDbEntity
  8
0
 62
     7
370
    13
100
AcDbMText
 10
9304.084336739334
 20
3949.101211876957
 30
0.0
 40
80.0
 41
336.9671879983507
 46
315.3050116269151
 71
     1
 72
     5
  1
{\fArial|b0|i0|c204|p34;№4}
  7
ОФОРМИТЕЛЬ
 73
     1
 44
1.0
101
Embedded Object
 70
     1
 10
1.0
 20
0.0
 30
0.0
 11
9304.084336739334
 21
3949.101211876957
 31
0.0
 40
336.9671879983507
 41
315.3050116269151
 42
167.912687585266
 43
80.0
 71
     2
 72
     1
 44
336.9671879983507
 45
150.0
 73
     0
 74
     0
 46
0.0
  0
MTEXT
  5
9BA
330
1F
100
AcDbEntity
  8
0
 62
     7
370
    13
100
AcDbMText
 10
3712.200500614776
 20
1335.083064797654
 30
0.0
 40
80.0
 41
336.9671879983507
 46
315.3050116269151
 71
     1
 72
     5
  1
{\fArial|b0|i0|c204|p34;№5}
  7
ОФОРМИТЕЛЬ
 73
     1
 44
1.0
101
Embedded Object
 70
     1
 10
1.0
 20
0.0
 30
0.0
 11
3712.200500614776
 21
1335.083064797654
 31
0.0
 40
336.9671879983507
 41
315.3050116269151
 42
168.8403819918145
 43
81.36425648021829
 71
     2
 72
     1
 44
336.9671879983507
 45
150.0
 73
     0
 74
     0
 46
0.0
  0
MTEXT
  5
9BB
330
1F
100
AcDbEntity
  8
0
 62
     7
370
    13
100
AcDbMText
 10
6323.21482590383
 20
1285.019368295063
 30
0.0
 40
80.0
 41
336.9671879983507
 46
315.3050116269151
 71
     1
 72
     5
  1
{\fArial|b0|i0|c204|p34;№6}
  7
ОФОРМИТЕЛЬ
 73
     1
 44
1.0
101
Embedded Object
 70
     1
 10
1.0
 20
0.0
 30
0.0
 11
6323.21482590383
 21
1285.019368295063
 31
0.0
 40
336.9671879983507
 41
315.3050116269151
 42
168.1855388813097
 43
81.69167803547066
 71
     2
 72
     1
 44
336.9671879983507
 45
150.0
 73
     0
 74
     0
 46
0.0
  0
LWPOLYLINE
  5
1C38
330
1F
100
AcDbEntity
  8
0
100
AcDbPolyline
 90
        4
 70
     1
 43
0.0
 10
8531.442580623901
 20
2201.359460638683
 10
9222.22869367845
 20
2201.359460638683
 10
9222.22869367845
 20
644.7610680311846
 10
8531.442580623901
 20
644.7610680311846
  0
LWPOLYLINE
  5
1C39
330
1F
100
AcDbEntity
  8
0
100
AcDbPolyline
 90
        8
 70
     1
 43
0.0
 10
9774.737963087771
 20
2201.359460638683
 10
10465.76304488448
 20
2201.359460638683
 42
-0.4142135623730951
 10
10490.76304488449
 20
2176.359460638683
 10
10490.76304488449
 20
632.101476965392
 42
-0.4142135623730951
 10
10465.76304488448
 20
607.101476965392
 10
9774.737963087771
 20
607.101476965392
 42
-0.4142135623730951
 10
9749.73796308777
 20
632.101476965392
 10
9749.73796308777
 20
2176.359460638683
 42
-0.4142135623730951
  0
LWPOLYLINE
  5
1C3A
330
1F
100
AcDbEntity
  8
0
100
AcDbPolyline
 90
        8
 70
     1
 43
0.0
 10
10973.66855066547
 20
2194.715181266198
 10
11490.53654883227
 20
2194.715181266198
 42
-0.4142135623730951
 10
11521.53654883227
 20
2163.715181266198
 10
11521.53654883227
 20
645.423807435729
 42
-0.4142135623730951
 10
11490.53654883227
 20
614.423807435729
 10
10973.66855066547
 20
614.423807435729
 42
-0.4142135623730951
 10
10942.66855066547
 20
645.423807435729
 10
10942.66855066547
 20
2163.715181266198
 42
-0.4142135623730951
  0
ENDSEC
  0
SECTION
  2
OBJECTS
  0
DICTIONARY
  5
C
330
0
100
AcDbDictionary
281
     1
  3
ACAD_CIP_PREVIOUS_PRODUCT_INFO
350
19E
  3
ACAD_COLOR
350
6C
  3
ACAD_DATALINK
350
247
  3
ACAD_DETAILVIEWSTYLE
350
1EB
  3
ACAD_GROUP
350
D
  3
ACAD_LAYOUT
350
1A
  3
ACAD_MATERIAL
350
6B
  3
ACAD_MLEADERSTYLE
350
DE
  3
ACAD_MLINESTYLE
350
17
  3
ACAD_PLOTSETTINGS
350
19
  3
ACAD_PLOTSTYLENAME
350
E
  3
ACAD_SCALELIST
350
B7
  3
ACAD_SECTIONVIEWSTYLE
350
1E9
  3
ACAD_TABLESTYLE
350
92
  3
ACAD_VISUALSTYLE
350
17F
  3
ACDB_RECOMPOSE_DATA
350
1C43
  3
AcDbVariableDictionary
350
7F4
  0
DICTIONARY
  5
FA
330
2
100
AcDbDictionary
280
     1
281
     1
  3
ACAD_LAYERSTATES
360
FB
  0
XRECORD
  5
19E
102
{ACAD_REACTORS
330
C
102
}
330
C
100
AcDbXrecord
280
     1
300
ACDMAC
300
2024
300

  0
DICTIONARY
  5
6C
102
{ACAD_REACTORS
330
C
102
}
330
C
100
AcDbDictionary
281
     1
  0
DICTIONARY
  5
247
102
{ACAD_REACTORS
330
C
102
}
330
C
100
AcDbDictionary
280
     1
281
     1
  0
DICTIONARY
  5
1EB
102
{ACAD_REACTORS
330
C
102
}
330
C
100
AcDbDictionary
281
     1
  3
Metric50
350
1EC
  0
DICTIONARY
  5
D
102
{ACAD_REACTORS
330
C
102
}
330
C
100
AcDbDictionary
281
     1
  0
DICTIONARY
  5
1A
102
{ACAD_REACTORS
330
C
102
}
330
C
100
AcDbDictionary
281
     1
  3
Model
350
22
  3
Лист1
350
1E0
  3
Лист2
350
1E4
  0
DICTIONARY
  5
6B
102
{ACAD_REACTORS
330
C
102
}
330
C
100
AcDbDictionary
281
     1
  3
ByBlock
350
16F
  3
ByLayer
350
167
  3
Global
350
177
  0
DICTIONARY
  5
DE
102
{ACAD_REACTORS
330
C
102
}
330
C
100
AcDbDictionary
281
     1
  3
Annotative
350
246
  3
Standard
350
E1
  0
DICTIONARY
  5
17
102
{ACAD_REACTORS
330
C
102
}
330
C
100
AcDbDictionary
281
     1
  3
Standard
350
18
  0
DICTIONARY
  5
19
102
{ACAD_REACTORS
330
C
102
}
330
C
100
AcDbDictionary
281
     1
  0
ACDBDICTIONARYWDFLT
  5
E
102
{ACAD_REACTORS
330
C
102
}
330
C
100
AcDbDictionary
281
     1
  3
Color_18
350
7F3
  3
Normal
350
F
100
AcDbDictionaryWithDefault
340
F
  0
DICTIONARY
  5
B7
102
{ACAD_REACTORS
330
C
102
}
330
C
100
AcDbDictionary
281
     1
  3
A0
350
B8
  3
A1
350
229
  3
A2
350
22A
  3
A3
350
22B
  3
A4
350
22C
  3
A5
350
22D
  3
A6
350
22E
  3
A7
350
22F
  3
A8
350
230
  3
A9
350
231
  3
B0
350
232
  3
B1
350
233
  3
B2
350
234
  3
B3
350
235
  3
B4
350
236
  3
B5
350
237
  3
B6
350
238
  0
DICTIONARY
  5
1E9
102
{ACAD_REACTORS
330
C
102
}
330
C
100
AcDbDictionary
281
     1
  3
Metric50
350
1EA
  0
DICTIONARY
  5
92
102
{ACAD_REACTORS
330
C
102
}
330
C
100
AcDbDictionary
281
     1
  3
Standard
350
93
  0
DICTIONARY
  5
17F
102
{ACAD_REACTORS
330
C
102
}
330
C
100
AcDbDictionary
281
     1
  3
2dWireframe
350
185
  3
Basic
350
184
  3
Brighten
350
18B
  3
ColorChange
350
18F
  3
Conceptual
350
188
  3
Dim
350
18A
  3
EdgeColorOff
350
197
  3
Facepattern
350
18E
  3
Flat
350
180
  3
FlatWithEdges
350
181
  3
Gouraud
350
182
  3
GouraudWithEdges
350
183
  3
Hidden
350
187
  3
JitterOff
350
195
  3
Linepattern
350
18D
  3
OverhangOff
350
196
  3
Realistic
350
189
  3
Shaded
350
194
  3
Shaded with edges
350
193
  3
Shades of Gray
350
190
  3
Sketchy
350
191
  3
Thicken
350
18C
  3
Wireframe
350
186
  3
X-Ray
350
192
  0
XRECORD
  5
1C43
102
{ACAD_REACTORS
330
C
102
}
330
C
100
AcDbXrecord
280
     1
 90
        1
330
93
  0
DICTIONARY
  5
7F4
102
{ACAD_REACTORS
330
C
102
}
330
C
100
AcDbDictionary
281
     2
  3
#REVCLOUDAPPROXARCLEN
350
7F5
  3
ANNOALLVISIBLE
350
7F6
  3
CANNOSCALE
350
7F7
  3
CMLEADERSTYLE
350
7F8
  3
CTABLESTYLE
350
7F9
  3
CVIEWDETAILSTYLE
350
1C28
  3
CVIEWSECTIONSTYLE
350
7FA
  3
DGNFRAME
350
7FB
  3
DIMADEC
350
7FC
  3
DIMASSOC
350
7FD
  3
DWFFRAME
350
139A
  3
EXPORTPAPERSPACE
350
7FE
  3
HPCOLOR
350
7FF
  3
HPINHERIT
350
800
  3
HPLAYER
350
801
  3
HPTRANSPARENCY
350
802
  3
INDEXCTL
350
803
  3
LAYEREVAL
350
804
  3
LAYERNOTIFY
350
805
  3
LIGHTINGUNITS
350
806
  3
MARKUPASSISTMODE
350
807
  3
MLEADERSCALE
350
808
  3
MSLTSCALE
350
809
  3
OLEFRAME
350
80A
  3
PDFFRAME
350
80B
  3
SOLIDHIST
350
80C
  3
SORTENTS
350
80D
  0
DICTIONARY
  5
FB
102
{ACAD_REACTORS
330
FA
102
}
330
FA
100
AcDbDictionary
281
     1
  0
ACDBDETAILVIEWSTYLE
  5
1EC
102
{ACAD_REACTORS
330
1EB
102
}
330
1EB
100
AcDbModelDocViewStyle
 70
     0
  3
Metric50
290
     0
300
Metric50
 90
        0
100
AcDbDetailViewStyle
 70
     0
 71
     0
 90
        3
 71
     1
340
11
 62
   256
 40
5.0
340
0
 62
   256
 40
5.0
300

 40
0.0
280
     1
 71
     2
340
16
 90
       25
 62
   256
 71
     3
340
11
 62
   256
 40
5.0
 90
        0
 40
15.0
 90
        1
300
%<\AcVar ViewDetailId>% (%<\AcVar ViewScale \f "%sn">%)
 71
     4
340
16
 90
       25
 62
   256
340
16
 90
       25
 62
   256
280
     0
  0
LAYOUT
  5
22
102
{ACAD_REACTORS
330
1A
102
}
330
1A
100
AcDbPlotSettings
  1

  2
none_device
  4
none_user_media
  6

 40
6.349999904632567
 41
6.349999904632567
 42
6.350006103515625
 43
6.350006103515625
 44
215.8999938964844
 45
279.3999938964844
 46
0.0
 47
93.24890429069769
 48
0.0
 49
0.0
140
0.0
141
0.0
142
1.0
143
5.333922030356134
 70
 11445
 72
     1
 73
     0
 74
     0
  7

 75
     0
147
0.1874793059045207
 76
     0
 77
     2
 78
   300
148
84.95211750282676
149
-33.53116226043312
100
AcDbLayout
  1
Model
 70
     1
 71
     0
 10
0.0
 20
0.0
 11
420.0
 21
297.0
 12
0.0
 22
0.0
 32
0.0
 14
1.000000000000000E+20
 24
1.000000000000000E+20
 34
1.000000000000000E+20
 15
-1.000000000000000E+20
 25
-1.000000000000000E+20
 35
-1.000000000000000E+20
146
0.0
 13
0.0
 23
0.0
 33
0.0
 16
1.0
 26
0.0
 36
0.0
 17
0.0
 27
1.0
 37
0.0
 76
     0
330
1F
331
1CC
1001
ACAD_PSEXT
1000
None
1000
None
1000
Not applicable
1000
Select a new plotter configuration name to plot the layout.
1070
     0
  0
LAYOUT
  5
1E0
102
{ACAD_REACTORS
330
1A
102
}
330
1A
100
AcDbPlotSettings
  1

  2
ZWCAD Virtual Eps Plotter 1.0#:4
  4

  6

 40
0.0
 41
0.0
 42
0.0
 43
0.0
 44
0.0
 45
0.0
 46
0.0
 47
0.0
 48
0.0
 49
0.0
140
0.0
141
0.0
142
1.0
143
1.0
 70
   688
 72
     0
 73
     0
 74
     5
  7

 75
    16
147
1.0
 76
     0
 77
     2
 78
   300
148
0.0
149
0.0
100
AcDbLayout
  1
Лист1
 70
     1
 71
     1
 10
0.0
 20
0.0
 11
12.0
 21
9.0
 12
0.0
 22
0.0
 32
0.0
 14
0.0
 24
0.0
 34
0.0
 15
0.0
 25
0.0
 35
0.0
146
0.0
 13
0.0
 23
0.0
 33
0.0
 16
1.0
 26
0.0
 36
0.0
 17
0.0
 27
1.0
 37
0.0
 76
     0
330
1DF
  0
LAYOUT
  5
1E4
102
{ACAD_REACTORS
330
1A
102
}
330
1A
100
AcDbPlotSettings
  1

  2
ZWCAD Virtual Eps Plotter 1.0#:4
  4

  6

 40
0.0
 41
0.0
 42
0.0
 43
0.0
 44
0.0
 45
0.0
 46
0.0
 47
0.0
 48
0.0
 49
0.0
140
0.0
141
0.0
142
1.0
143
1.0
 70
   688
 72
     0
 73
     0
 74
     5
  7

 75
    16
147
1.0
 76
     0
 77
     2
 78
   300
148
0.0
149
0.0
100
AcDbLayout
  1
Лист2
 70
     1
 71
     2
 10
0.0
 20
0.0
 11
12.0
 21
9.0
 12
0.0
 22
0.0
 32
0.0
 14
0.0
 24
0.0
 34
0.0
 15
0.0
 25
0.0
 35
0.0
146
0.0
 13
0.0
 23
0.0
 33
0.0
 16
1.0
 26
0.0
 36
0.0
 17
0.0
 27
1.0
 37
0.0
 76
     0
330
1E3
  0
MATERIAL
  5
16F
102
{ACAD_REACTORS
330
6B
102
}
330
6B
100
AcDbMaterial
  1
ByBlock
 72
     0
 43
0.0008202099737533
 43
0.0
 43
0.0
 43
0.0
 43
0.0
 43
0.0008202099737533
 43
0.0
 43
0.0
 43
0.0
 43
0.0
 43
1.0
 43
0.0
 43
0.0
 43
0.0
 43
0.0
 43
1.0
 77
     0
 47
0.0008202099737533
 47
0.0
 47
0.0
 47
0.0
 47
0.0
 47
0.0008202099737533
 47
0.0
 47
0.0
 47
0.0
 47
0.0
 47
1.0
 47
0.0
 47
0.0
 47
0.0
 47
0.0
 47
1.0
171
     0
 49
0.0008202099737533
 49
0.0
 49
0.0
 49
0.0
 49
0.0
 49
0.0008202099737533
 49
0.0
 49
0.0
 49
0.0
 49
0.0
 49
1.0
 49
0.0
 49
0.0
 49
0.0
 49
0.0
 49
1.0
175
     0
142
0.0008202099737533
142
0.0
142
0.0
142
0.0
142
0.0
142
0.0008202099737533
142
0.0
142
0.0
142
0.0
142
0.0
142
1.0
142
0.0
142
0.0
142
0.0
142
0.0
142
1.0
179
     0
144
0.0008202099737533
144
0.0
144
0.0
144
0.0
144
0.0
144
0.0008202099737533
144
0.0
144
0.0
144
0.0
144
0.0
144
1.0
144
0.0
144
0.0
144
0.0
144
0.0
144
1.0
147
0.0008202099737533
147
0.0
147
0.0
147
0.0
147
0.0
147
0.0008202099737533
147
0.0
147
0.0
147
0.0
147
0.0
147
1.0
147
0.0
147
0.0
147
0.0
147
0.0
147
1.0
  0
MATERIAL
  5
167
102
{ACAD_REACTORS
330
6B
102
}
330
6B
100
AcDbMaterial
  1
ByLayer
 72
     0
 43
0.0008202099737533
 43
0.0
 43
0.0
 43
0.0
 43
0.0
 43
0.0008202099737533
 43
0.0
 43
0.0
 43
0.0
 43
0.0
 43
1.0
 43
0.0
 43
0.0
 43
0.0
 43
0.0
 43
1.0
 77
     0
 47
0.0008202099737533
 47
0.0
 47
0.0
 47
0.0
 47
0.0
 47
0.0008202099737533
 47
0.0
 47
0.0
 47
0.0
 47
0.0
 47
1.0
 47
0.0
 47
0.0
 47
0.0
 47
0.0
 47
1.0
171
     0
 49
0.0008202099737533
 49
0.0
 49
0.0
 49
0.0
 49
0.0
 49
0.0008202099737533
 49
0.0
 49
0.0
 49
0.0
 49
0.0
 49
1.0
 49
0.0
 49
0.0
 49
0.0
 49
0.0
 49
1.0
175
     0
142
0.0008202099737533
142
0.0
142
0.0
142
0.0
142
0.0
142
0.0008202099737533
142
0.0
142
0.0
142
0.0
142
0.0
142
1.0
142
0.0
142
0.0
142
0.0
142
0.0
142
1.0
179
     0
144
0.0008202099737533
144
0.0
144
0.0
144
0.0
144
0.0
144
0.0008202099737533
144
0.0
144
0.0
144
0.0
144
0.0
144
1.0
144
0.0
144
0.0
144
0.0
144
0.0
144
1.0
147
0.0008202099737533
147
0.0
147
0.0
147
0.0
147
0.0
147
0.0008202099737533
147
0.0
147
0.0
147
0.0
147
0.0
147
1.0
147
0.0
147
0.0
147
0.0
147
0.0
147
1.0
  0
MATERIAL
  5
177
102
{ACAD_REACTORS
330
6B
102
}
330
6B
100
AcDbMaterial
  1
Global
 72
     0
 43
0.0008202099737533
 43
0.0
 43
0.0
 43
0.0
 43
0.0
 43
0.0008202099737533
 43
0.0
 43
0.0
 43
0.0
 43
0.0
 43
1.0
 43
0.0
 43
0.0
 43
0.0
 43
0.0
 43
1.0
 77
     0
 47
0.0008202099737533
 47
0.0
 47
0.0
 47
0.0
 47
0.0
 47
0.0008202099737533
 47
0.0
 47
0.0
 47
0.0
 47
0.0
 47
1.0
 47
0.0
 47
0.0
 47
0.0
 47
0.0
 47
1.0
171
     0
 49
0.0008202099737533
 49
0.0
 49
0.0
 49
0.0
 49
0.0
 49
0.0008202099737533
 49
0.0
 49
0.0
 49
0.0
 49
0.0
 49
1.0
 49
0.0
 49
0.0
 49
0.0
 49
0.0
 49
1.0
175
     0
142
0.0008202099737533
142
0.0
142
0.0
142
0.0
142
0.0
142
0.0008202099737533
142
0.0
142
0.0
142
0.0
142
0.0
142
1.0
142
0.0
142
0.0
142
0.0
142
0.0
142
1.0
179
     0
144
0.0008202099737533
144
0.0
144
0.0
144
0.0
144
0.0
144
0.0008202099737533
144
0.0
144
0.0
144
0.0
144
0.0
144
1.0
144
0.0
144
0.0
144
0.0
144
0.0
144
1.0
147
0.0008202099737533
147
0.0
147
0.0
147
0.0
147
0.0
147
0.0008202099737533
147
0.0
147
0.0
147
0.0
147
0.0
147
1.0
147
0.0
147
0.0
147
0.0
147
0.0
147
1.0
  0
MLEADERSTYLE
  5
246
102
{ACAD_REACTORS
330
DE
102
}
330
DE
100
AcDbMLeaderStyle
179
     2
170
     2
171
     1
172
     0
 90
        2
 40
0.0
 41
0.0
173
     1
 91
-1056964608
340
14
 92
       -2
290
     1
 42
2.0
291
     1
 43
8.0
  3
Standard
 44
4.0
300

342
11
174
     1
178
     1
175
     1
176
     0
 93
-1056964608
 45
4.0
292
     0
297
     0
 46
0.18
 94
-1056964608
 47
1.0
 49
1.0
140
1.0
293
     1
141
0.0
294
     1
177
     0
142
1.0
295
     0
296
     1
143
3.75
271
     0
272
     9
273
     9
298
     0
  0
MLEADERSTYLE
  5
E1
102
{ACAD_REACTORS
330
DE
102
}
330
DE
100
AcDbMLeaderStyle
179
     2
170
     2
171
     1
172
     0
 90
        2
 40
0.0
 41
0.0
173
     1
 91
-1056964608
340
14
 92
       -2
290
     1
 42
2.0
291
     1
 43
8.0
  3
Standard
 44
4.0
300

342
11
174
     1
178
     1
175
     1
176
     0
 93
-1056964608
 45
4.0
292
     0
297
     0
 46
0.18
 94
-1056964608
 47
1.0
 49
1.0
140
1.0
293
     1
141
0.0
294
     1
177
     0
142
1.0
295
     0
296
     0
143
3.75
271
     0
272
     9
273
     9
298
     0
  0
MLINESTYLE
  5
18
102
{ACAD_REACTORS
330
17
102
}
330
17
100
AcDbMlineStyle
  2
STANDARD
 70
     0
  3

 62
   256
 51
90.0
 52
90.0
 71
     2
 49
0.5
 62
   256
  6
BYLAYER
 49
-0.5
 62
   256
  6
BYLAYER
  0
ACDBPLACEHOLDER
  5
7F3
102
{ACAD_REACTORS
330
E
102
}
330
E
  0
ACDBPLACEHOLDER
  5
F
102
{ACAD_REACTORS
330
E
102
}
330
E
  0
SCALE
  5
B8
102
{ACAD_REACTORS
330
B7
102
}
330
B7
100
AcDbScale
 70
     0
300
1:1
140
1.0
141
1.0
290
     1
  0
SCALE
  5
229
102
{ACAD_REACTORS
330
B7
102
}
330
B7
100
AcDbScale
 70
     0
300
1:2
140
1.0
141
2.0
290
     0
  0
SCALE
  5
22A
102
{ACAD_REACTORS
330
B7
102
}
330
B7
100
AcDbScale
 70
     0
300
1:4
140
1.0
141
4.0
290
     0
  0
SCALE
  5
22B
102
{ACAD_REACTORS
330
B7
102
}
330
B7
100
AcDbScale
 70
     0
300
1:5
140
1.0
141
5.0
290
     0
  0
SCALE
  5
22C
102
{ACAD_REACTORS
330
B7
102
}
330
B7
100
AcDbScale
 70
     0
300
1:8
140
1.0
141
8.0
290
     0
  0
SCALE
  5
22D
102
{ACAD_REACTORS
330
B7
102
}
330
B7
100
AcDbScale
 70
     0
300
1:10
140
1.0
141
10.0
290
     0
  0
SCALE
  5
22E
102
{ACAD_REACTORS
330
B7
102
}
330
B7
100
AcDbScale
 70
     0
300
1:16
140
1.0
141
16.0
290
     0
  0
SCALE
  5
22F
102
{ACAD_REACTORS
330
B7
102
}
330
B7
100
AcDbScale
 70
     0
300
1:20
140
1.0
141
20.0
290
     0
  0
SCALE
  5
230
102
{ACAD_REACTORS
330
B7
102
}
330
B7
100
AcDbScale
 70
     0
300
1:30
140
1.0
141
30.0
290
     0
  0
SCALE
  5
231
102
{ACAD_REACTORS
330
B7
102
}
330
B7
100
AcDbScale
 70
     0
300
1:40
140
1.0
141
40.0
290
     0
  0
SCALE
  5
232
102
{ACAD_REACTORS
330
B7
102
}
330
B7
100
AcDbScale
 70
     0
300
1:50
140
1.0
141
50.0
290
     0
  0
SCALE
  5
233
102
{ACAD_REACTORS
330
B7
102
}
330
B7
100
AcDbScale
 70
     0
300
1:100
140
1.0
141
100.0
290
     0
  0
SCALE
  5
234
102
{ACAD_REACTORS
330
B7
102
}
330
B7
100
AcDbScale
 70
     0
300
2:1
140
2.0
141
1.0
290
     0
  0
SCALE
  5
235
102
{ACAD_REACTORS
330
B7
102
}
330
B7
100
AcDbScale
 70
     0
300
4:1
140
4.0
141
1.0
290
     0
  0
SCALE
  5
236
102
{ACAD_REACTORS
330
B7
102
}
330
B7
100
AcDbScale
 70
     0
300
8:1
140
8.0
141
1.0
290
     0
  0
SCALE
  5
237
102
{ACAD_REACTORS
330
B7
102
}
330
B7
100
AcDbScale
 70
     0
300
10:1
140
10.0
141
1.0
290
     0
  0
SCALE
  5
238
102
{ACAD_REACTORS
330
B7
102
}
330
B7
100
AcDbScale
 70
     0
300
100:1
140
100.0
141
1.0
290
     0
  0
ACDBSECTIONVIEWSTYLE
  5
1EA
102
{ACAD_REACTORS
330
1E9
102
}
330
1E9
100
AcDbModelDocViewStyle
 70
     0
  3
Metric50
290
     0
300
Metric50
 90
        0
100
AcDbSectionViewStyle
 70
     0
 71
     0
 90
      102
 71
     1
340
11
 62
   256
 40
5.0
340
0
340
0
 62
   256
 40
5.0
300
I, O, Q, S, X, Z
 40
10.0
 90
        0
 40
2.5
 90
        0
 71
     2
340
16
 90
       25
 62
   256
340
16
 90
       50
 62
   256
 40
5.0
 40
2.5
 40
5.0
 71
     3
340
11
 62
   256
 40
5.0
 90
        0
 40
15.0
 90
        1
300
%<\AcVar ViewSectionStartId>%-%<\AcVar ViewSectionEndId>% (%<\AcVar ViewScale \f "%sn">%)
 71
     4
 62
   256
 62
   257
300
ANSI31
 40
1.0
 90
        0
290
     0
290
     0
 90
        6
 40
0.0
 40
1.570796326794896
 40
0.2617993877991494
 40
1.308996938995747
 40
-0.2617993877991494
 40
1.832595714594045
  0
TABLESTYLE
  5
93
102
{ACAD_XDICTIONARY
360
249
102
}
102
{ACAD_REACTORS
330
92
102
}
330
92
100
AcDbTableStyle
280
     0
  3
Standard
 70
     0
 71
     0
 40
1.5
 41
1.5
280
     0
281
     0
  7
Standard
140
4.5
170
     2
 62
     0
 63
     7
283
     0
 90
      512
 91
        0
  1

274
    -2
284
     1
 64
     0
275
    -2
285
     1
 65
     0
276
    -2
286
     1
 66
     0
277
    -2
287
     1
 67
     0
278
    -2
288
     1
 68
     0
279
    -2
289
     1
 69
     0
  7
Standard
140
6.0
170
     5
 62
     0
 63
     7
283
     0
 90
      512
 91
        0
  1

274
    -2
284
     1
 64
     0
275
    -2
285
     1
 65
     0
276
    -2
286
     1
 66
     0
277
    -2
287
     1
 67
     0
278
    -2
288
     1
 68
     0
279
    -2
289
     1
 69
     0
  7
Standard
140
4.5
170
     5
 62
     0
 63
     7
283
     0
 90
      512
 91
        0
  1

274
    -2
284
     1
 64
     0
275
    -2
285
     1
 65
     0
276
    -2
286
     1
 66
     0
277
    -2
287
     1
 67
     0
278
    -2
288
     1
 68
     0
279
    -2
289
     1
 69
     0
1001
ACAD
1000
AcRTDxfName
1000
TABLESTYLE
  0
VISUALSTYLE
  5
185
102
{ACAD_REACTORS
330
17F
102
}
330
17F
100
AcDbVisualStyle
  2
2dWireframe
 70
     4
177
     3
291
     0
 70
    58
 90
        0
176
     1
 90
        2
176
     1
 90
        0
176
     1
 90
        0
176
     1
 40
0.6
176
     1
 40
30.0
176
     1
 62
     7
420
 16777215
176
     1
 90
        1
176
     1
 90
        4
176
     1
 62
     7
176
     1
 62
   257
176
     1
 90
        1
176
     1
 90
        1
176
     1
 40
1.0
176
     1
 90
        0
176
     1
 62
   257
176
     1
 40
1.0
176
     1
 90
        1
176
     1
 90
        6
176
     1
 90
        2
176
     1
 62
     7
176
     1
 90
        5
176
     1
 90
        0
176
     1
 90
        0
176
     1
290
     0
176
     1
 90
        1
176
     1
 40
0.0
176
     1
 90
        0
176
     1
290
     1
176
     1
290
     1
176
     1
290
     0
176
     1
290
     0
176
     1
290
     0
176
     1
290
     0
176
     1
290
     0
176
     1
290
     0
176
     1
290
     0
176
     1
 90
       50
176
     1
 40
0.0
176
     1
 40
1.0
176
     1
 90
        0
176
     1
 62
    18
176
     1
 90
       50
176
     1
 90
        3
176
     1
 62
     5
420
      255
176
     1
290
     0
176
     1
 90
       50
176
     1
 90
       50
176
     1
 90
       50
176
     1
290
     0
176
     1
 90
       50
176
     1
 62
   256
176
     0
 40
1.0
176
     0
 90
        0
176
     1
  1
strokes_ogs.tif
176
     1
290
     0
176
     1
 40
1.0
176
     1
 40
1.0
176
     1
  0
VISUALSTYLE
  5
184
102
{ACAD_REACTORS
330
17F
102
}
330
17F
100
AcDbVisualStyle
  2
Basic
 70
     7
177
     3
291
     1
 70
    58
 90
        1
176
     1
 90
        0
176
     1
 90
        1
176
     1
 90
        0
176
     1
 40
0.6
176
     1
 40
30.0
176
     1
 62
     7
420
 16777215
176
     1
 90
        0
176
     1
 90
        4
176
     1
 62
     7
176
     1
 62
   257
176
     1
 90
        1
176
     1
 90
        1
176
     1
 40
1.0
176
     1
 90
        8
176
     1
 62
     7
176
     1
 40
1.0
176
     1
 90
        1
176
     1
 90
        6
176
     1
 90
        2
176
     1
 62
     7
176
     1
 90
        5
176
     1
 90
        0
176
     1
 90
        0
176
     1
290
     0
176
     1
 90
        1
176
     1
 40
0.0
176
     1
 90
        0
176
     1
290
     0
176
     1
290
     1
176
     1
290
     1
176
     1
290
     0
176
     1
290
     0
176
     1
290
     0
176
     1
290
     0
176
     1
290
     0
176
     1
290
     0
176
     1
 90
       50
176
     1
 40
0.0
176
     1
 40
1.0
176
     1
 90
        0
176
     1
 62
    18
176
     1
 90
       50
176
     1
 90
        3
176
     1
 62
     5
420
      255
176
     1
290
     0
176
     1
 90
       50
176
     1
 90
       50
176
     1
 90
       50
176
     1
290
     0
176
     1
 90
       50
176
     1
 62
   256
176
     0
 40
1.0
176
     0
 90
        0
176
     1
  1
strokes_ogs.tif
176
     1
290
     0
176
     1
 40
1.0
176
     1
 40
1.0
176
     1
  0
VISUALSTYLE
  5
18B
102
{ACAD_REACTORS
330
17F
102
}
330
17F
100
AcDbVisualStyle
  2
Brighten
 70
    12
177
     3
291
     1
 70
    58
 90
        2
176
     1
 90
        2
176
     1
 90
        0
176
     1
 90
        0
176
     1
 40
0.6
176
     1
 40
30.0
176
     1
 62
     7
420
 16777215
176
     1
 90
        1
176
     1
 90
        4
176
     1
 62
     7
176
     1
 62
   257
176
     1
 90
        1
176
     1
 90
        1
176
     1
 40
1.0
176
     1
 90
        8
176
     1
 62
     7
176
     1
 40
1.0
176
     1
 90
        1
176
     1
 90
        6
176
     1
 90
        2
176
     1
 62
     7
176
     1
 90
        5
176
     1
 90
        0
176
     1
 90
        0
176
     1
290
     0
176
     1
 90
        1
176
     1
 40
50.0
176
     1
 90
        0
176
     1
290
     0
176
     1
290
     1
176
     1
290
     1
176
     1
290
     0
176
     1
290
     0
176
     1
290
     0
176
     1
290
     0
176
     1
290
     0
176
     1
290
     0
176
     1
 90
       50
176
     1
 40
0.0
176
     1
 40
1.0
176
     1
 90
        0
176
     1
 62
    18
176
     1
 90
       50
176
     1
 90
        3
176
     1
 62
     5
420
      255
176
     1
290
     0
176
     1
 90
       50
176
     1
 90
       50
176
     1
 90
       50
176
     1
290
     0
176
     1
 90
       50
176
     1
 62
   256
176
     0
 40
1.0
176
     0
 90
        0
176
     1
  1
strokes_ogs.tif
176
     1
290
     0
176
     1
 40
1.0
176
     1
 40
1.0
176
     1
  0
VISUALSTYLE
  5
18F
102
{ACAD_REACTORS
330
17F
102
}
330
17F
100
AcDbVisualStyle
  2
ColorChange
 70
    16
177
     3
291
     1
 70
    58
 90
        2
176
     1
 90
        2
176
     1
 90
        3
176
     1
 90
        0
176
     1
 40
0.6
176
     1
 40
30.0
176
     1
 62
     8
420
  8421504
176
     1
 90
        1
176
     1
 90
        4
176
     1
 62
     7
176
     1
 62
   257
176
     1
 90
        1
176
     1
 90
        1
176
     1
 40
1.0
176
     1
 90
        8
176
     1
 62
     8
420
  8421504
176
     1
 40
1.0
176
     1
 90
        1
176
     1
 90
        6
176
     1
 90
        2
176
     1
 62
     7
176
     1
 90
        5
176
     1
 90
        0
176
     1
 90
        0
176
     1
290
     0
176
     1
 90
        1
176
     1
 40
0.0
176
     1
 90
        0
176
     1
290
     0
176
     1
290
     1
176
     1
290
     1
176
     1
290
     0
176
     1
290
     0
176
     1
290
     0
176
     1
290
     0
176
     1
290
     0
176
     1
290
     0
176
     1
 90
       50
176
     1
 40
0.0
176
     1
 40
1.0
176
     1
 90
        0
176
     1
 62
    18
176
     1
 90
       50
176
     1
 90
        3
176
     1
 62
     5
420
      255
176
     1
290
     0
176
     1
 90
       50
176
     1
 90
       50
176
     1
 90
       50
176
     1
290
     0
176
     1
 90
       50
176
     1
 62
   256
176
     0
 40
1.0
176
     0
 90
        0
176
     1
  1
strokes_ogs.tif
176
     1
290
     0
176
     1
 40
1.0
176
     1
 40
1.0
176
     1
  0
VISUALSTYLE
  5
188
102
{ACAD_REACTORS
330
17F
102
}
330
17F
100
AcDbVisualStyle
  2
Conceptual
 70
     9
177
     3
291
     0
 70
    58
 90
        3
176
     1
 90
        2
176
     1
 90
        0
176
     1
 90
        0
176
     1
 40
0.6
176
     1
 40
30.0
176
     1
 62
     7
420
 16777215
176
     1
 90
        2
176
     1
 90
        2
176
     1
 62
     7
176
     1
 62
   257
176
     1
 90
        1
176
     1
 90
        1
176
     1
 40
179.0
176
     1
 90
        8
176
     1
 62
     7
176
     1
 40
1.0
176
     1
 90
        1
176
     1
 90
        6
176
     1
 90
        2
176
     1
 62
     7
176
     1
 90
        3
176
     1
 90
        0
176
     1
 90
        0
176
     1
290
     0
176
     1
 90
        1
176
     1
 40
0.0
176
     1
 90
        0
176
     1
290
     0
176
     1
290
     1
176
     1
290
     1
176
     1
290
     0
176
     1
290
     0
176
     1
290
     0
176
     1
290
     0
176
     1
290
     0
176
     1
290
     0
176
     1
 90
       50
176
     1
 40
0.0
176
     1
 40
1.0
176
     1
 90
        0
176
     1
 62
    18
176
     1
 90
       50
176
     1
 90
        3
176
     1
 62
     5
420
      255
176
     1
290
     0
176
     1
 90
       50
176
     1
 90
       50
176
     1
 90
       50
176
     1
290
     0
176
     1
 90
       50
176
     1
 62
   256
176
     0
 40
1.0
176
     0
 90
        0
176
     1
  1
strokes_ogs.tif
176
     1
290
     0
176
     1
 40
1.0
176
     1
 40
1.0
176
     1
  0
VISUALSTYLE
  5
18A
102
{ACAD_REACTORS
330
17F
102
}
330
17F
100
AcDbVisualStyle
  2
Dim
 70
    11
177
     3
291
     1
 70
    58
 90
        2
176
     1
 90
        2
176
     1
 90
        0
176
     1
 90
        0
176
     1
 40
0.6
176
     1
 40
30.0
176
     1
 62
     7
420
 16777215
176
     1
 90
        1
176
     1
 90
        4
176
     1
 62
     7
176
     1
 62
   257
176
     1
 90
        1
176
     1
 90
        1
176
     1
 40
1.0
176
     1
 90
        8
176
     1
 62
     7
176
     1
 40
1.0
176
     1
 90
        1
176
     1
 90
        6
176
     1
 90
        2
176
     1
 62
     7
176
     1
 90
        5
176
     1
 90
        0
176
     1
 90
        0
176
     1
290
     0
176
     1
 90
        1
176
     1
 40
-50.0
176
     1
 90
        0
176
     1
290
     0
176
     1
290
     1
176
     1
290
     1
176
     1
290
     0
176
     1
290
     0
176
     1
290
     0
176
     1
290
     0
176
     1
290
     0
176
     1
290
     0
176
     1
 90
       50
176
     1
 40
0.0
176
     1
 40
1.0
176
     1
 90
        0
176
     1
 62
    18
176
     1
 90
       50
176
     1
 90
        3
176
     1
 62
     5
420
      255
176
     1
290
     0
176
     1
 90
       50
176
     1
 90
       50
176
     1
 90
       50
176
     1
290
     0
176
     1
 90
       50
176
     1
 62
   256
176
     0
 40
1.0
176
     0
 90
        0
176
     1
  1
strokes_ogs.tif
176
     1
290
     0
176
     1
 40
1.0
176
     1
 40
1.0
176
     1
  0
VISUALSTYLE
  5
197
102
{ACAD_REACTORS
330
17F
102
}
330
17F
100
AcDbVisualStyle
  2
EdgeColorOff
 70
    22
177
     3
291
     1
 70
    58
 90
        2
176
     0
 90
        2
176
     0
 90
        0
176
     0
 90
        0
176
     0
 40
0.6
176
     0
 40
30.0
176
     0
 62
     7
420
 16777215
176
     0
 90
        1
176
     0
 90
        4
176
     0
 62
     7
176
     0
 62
   257
176
     0
 90
        1
176
     0
 90
        1
176
     0
 40
1.0
176
     0
 90
        8
176
     2
 62
     7
176
     0
 40
1.0
176
     0
 90
        1
176
     0
 90
        6
176
     0
 90
        2
176
     0
 62
     7
176
     0
 90
        5
176
     0
 90
        0
176
     0
 90
        0
176
     0
290
     0
176
     0
 90
        1
176
     0
 40
0.0
176
     0
 90
        0
176
     0
290
     0
176
     1
290
     1
176
     1
290
     1
176
     1
290
     0
176
     1
290
     0
176
     1
290
     0
176
     1
290
     0
176
     1
290
     0
176
     1
290
     0
176
     1
 90
       50
176
     1
 40
0.0
176
     1
 40
1.0
176
     1
 90
        0
176
     1
 62
    18
176
     1
 90
       50
176
     1
 90
        3
176
     1
 62
     5
420
      255
176
     1
290
     0
176
     1
 90
       50
176
     1
 90
       50
176
     1
 90
       50
176
     1
290
     0
176
     1
 90
       50
176
     1
 62
   256
176
     0
 40
1.0
176
     0
 90
        0
176
     1
  1
strokes_ogs.tif
176
     1
290
     0
176
     1
 40
1.0
176
     1
 40
1.0
176
     1
  0
VISUALSTYLE
  5
18E
102
{ACAD_REACTORS
330
17F
102
}
330
17F
100
AcDbVisualStyle
  2
Facepattern
 70
    15
177
     3
291
     1
 70
    58
 90
        2
176
     1
 90
        2
176
     1
 90
        0
176
     1
 90
        0
176
     1
 40
0.6
176
     1
 40
30.0
176
     1
 62
     7
420
 16777215
176
     1
 90
        1
176
     1
 90
        4
176
     1
 62
     7
176
     1
 62
   257
176
     1
 90
        1
176
     1
 90
        1
176
     1
 40
1.0
176
     1
 90
        8
176
     1
 62
     7
176
     1
 40
1.0
176
     1
 90
        1
176
     1
 90
        6
176
     1
 90
        2
176
     1
 62
     7
176
     1
 90
        5
176
     1
 90
        0
176
     1
 90
        0
176
     1
290
     0
176
     1
 90
        1
176
     1
 40
0.0
176
     1
 90
        0
176
     1
290
     0
176
     1
290
     1
176
     1
290
     1
176
     1
290
     0
176
     1
290
     0
176
     1
290
     0
176
     1
290
     0
176
     1
290
     0
176
     1
290
     0
176
     1
 90
       50
176
     1
 40
0.0
176
     1
 40
1.0
176
     1
 90
        0
176
     1
 62
    18
176
     1
 90
       50
176
     1
 90
        3
176
     1
 62
     5
420
      255
176
     1
290
     0
176
     1
 90
       50
176
     1
 90
       50
176
     1
 90
       50
176
     1
290
     0
176
     1
 90
       50
176
     1
 62
   256
176
     0
 40
1.0
176
     0
 90
        0
176
     1
  1
strokes_ogs.tif
176
     1
290
     0
176
     1
 40
1.0
176
     1
 40
1.0
176
     1
  0
VISUALSTYLE
  5
180
102
{ACAD_REACTORS
330
17F
102
}
330
17F
100
AcDbVisualStyle
  2
Flat
 70
     0
177
     3
291
     1
 70
    58
 90
        2
176
     1
 90
        1
176
     1
 90
        1
176
     1
 90
        2
176
     1
 40
0.6
176
     1
 40
30.0
176
     1
 62
     7
420
 16777215
176
     1
 90
        0
176
     1
 90
        0
176
     1
 62
     7
176
     1
 62
   257
176
     1
 90
        1
176
     1
 90
        1
176
     1
 40
1.0
176
     1
 90
        8
176
     1
 62
     7
176
     1
 40
1.0
176
     1
 90
        1
176
     1
 90
        6
176
     1
 90
        2
176
     1
 62
     7
176
     1
 90
        5
176
     1
 90
        0
176
     1
 90
        0
176
     1
290
     0
176
     1
 90
       13
176
     1
 40
0.0
176
     1
 90
        0
176
     1
290
     0
176
     1
290
     1
176
     1
290
     1
176
     1
290
     0
176
     1
290
     0
176
     1
290
     0
176
     1
290
     0
176
     1
290
     0
176
     1
290
     0
176
     1
 90
       50
176
     1
 40
0.0
176
     1
 40
1.0
176
     1
 90
        0
176
     1
 62
    18
176
     1
 90
       50
176
     1
 90
        3
176
     1
 62
     5
420
      255
176
     1
290
     0
176
     1
 90
       50
176
     1
 90
       50
176
     1
 90
       50
176
     1
290
     0
176
     1
 90
       50
176
     1
 62
   256
176
     0
 40
1.0
176
     0
 90
        0
176
     1
  1
strokes_ogs.tif
176
     1
290
     0
176
     1
 40
1.0
176
     1
 40
1.0
176
     1
  0
VISUALSTYLE
  5
181
102
{ACAD_REACTORS
330
17F
102
}
330
17F
100
AcDbVisualStyle
  2
FlatWithEdges
 70
     1
177
     3
291
     1
 70
    58
 90
        2
176
     1
 90
        1
176
     1
 90
        1
176
     1
 90
        2
176
     1
 40
0.6
176
     1
 40
30.0
176
     1
 62
     7
420
 16777215
176
     1
 90
        1
176
     1
 90
        0
176
     1
 62
     7
176
     1
 62
   257
176
     1
 90
        1
176
     1
 90
        1
176
     1
 40
1.0
176
     1
 90
        0
176
     1
 62
   257
176
     1
 40
1.0
176
     1
 90
        1
176
     1
 90
        6
176
     1
 90
        2
176
     1
 62
     7
176
     1
 90
        5
176
     1
 90
        0
176
     1
 90
        0
176
     1
290
     0
176
     1
 90
       13
176
     1
 40
0.0
176
     1
 90
        0
176
     1
290
     0
176
     1
290
     1
176
     1
290
     1
176
     1
290
     0
176
     1
290
     0
176
     1
290
     0
176
     1
290
     0
176
     1
290
     0
176
     1
290
     0
176
     1
 90
       50
176
     1
 40
0.0
176
     1
 40
1.0
176
     1
 90
        0
176
     1
 62
    18
176
     1
 90
       50
176
     1
 90
        3
176
     1
 62
     5
420
      255
176
     1
290
     0
176
     1
 90
       50
176
     1
 90
       50
176
     1
 90
       50
176
     1
290
     0
176
     1
 90
       50
176
     1
 62
   256
176
     0
 40
1.0
176
     0
 90
        0
176
     1
  1
strokes_ogs.tif
176
     1
290
     0
176
     1
 40
1.0
176
     1
 40
1.0
176
     1
  0
VISUALSTYLE
  5
182
102
{ACAD_REACTORS
330
17F
102
}
330
17F
100
AcDbVisualStyle
  2
Gouraud
 70
     2
177
     3
291
     1
 70
    58
 90
        2
176
     1
 90
        2
176
     1
 90
        1
176
     1
 90
        2
176
     1
 40
0.6
176
     1
 40
30.0
176
     1
 62
     7
420
 16777215
176
     1
 90
        0
176
     1
 90
        0
176
     1
 62
     7
176
     1
 62
   257
176
     1
 90
        1
176
     1
 90
        1
176
     1
 40
1.0
176
     1
 90
        0
176
     1
 62
     7
176
     1
 40
1.0
176
     1
 90
        1
176
     1
 90
        6
176
     1
 90
        2
176
     1
 62
     7
176
     1
 90
        5
176
     1
 90
        0
176
     1
 90
        0
176
     1
290
     0
176
     1
 90
       13
176
     1
 40
0.0
176
     1
 90
        0
176
     1
290
     0
176
     1
290
     1
176
     1
290
     1
176
     1
290
     0
176
     1
290
     0
176
     1
290
     0
176
     1
290
     0
176
     1
290
     0
176
     1
290
     0
176
     1
 90
       50
176
     1
 40
0.0
176
     1
 40
1.0
176
     1
 90
        0
176
     1
 62
    18
176
     1
 90
       50
176
     1
 90
        3
176
     1
 62
     5
420
      255
176
     1
290
     0
176
     1
 90
       50
176
     1
 90
       50
176
     1
 90
       50
176
     1
290
     0
176
     1
 90
       50
176
     1
 62
   256
176
     0
 40
1.0
176
     0
 90
        0
176
     1
  1
strokes_ogs.tif
176
     1
290
     0
176
     1
 40
1.0
176
     1
 40
1.0
176
     1
  0
VISUALSTYLE
  5
183
102
{ACAD_REACTORS
330
17F
102
}
330
17F
100
AcDbVisualStyle
  2
GouraudWithEdges
 70
     3
177
     3
291
     1
 70
    58
 90
        2
176
     1
 90
        2
176
     1
 90
        1
176
     1
 90
        2
176
     1
 40
0.6
176
     1
 40
30.0
176
     1
 62
     7
420
 16777215
176
     1
 90
        1
176
     1
 90
        0
176
     1
 62
     7
176
     1
 62
   257
176
     1
 90
        1
176
     1
 90
        1
176
     1
 40
1.0
176
     1
 90
        0
176
     1
 62
   257
176
     1
 40
1.0
176
     1
 90
        1
176
     1
 90
        6
176
     1
 90
        2
176
     1
 62
     7
176
     1
 90
        5
176
     1
 90
        0
176
     1
 90
        0
176
     1
290
     0
176
     1
 90
       13
176
     1
 40
0.0
176
     1
 90
        0
176
     1
290
     0
176
     1
290
     1
176
     1
290
     1
176
     1
290
     0
176
     1
290
     0
176
     1
290
     0
176
     1
290
     0
176
     1
290
     0
176
     1
290
     0
176
     1
 90
       50
176
     1
 40
0.0
176
     1
 40
1.0
176
     1
 90
        0
176
     1
 62
    18
176
     1
 90
       50
176
     1
 90
        3
176
     1
 62
     5
420
      255
176
     1
290
     0
176
     1
 90
       50
176
     1
 90
       50
176
     1
 90
       50
176
     1
290
     0
176
     1
 90
       50
176
     1
 62
   256
176
     0
 40
1.0
176
     0
 90
        0
176
     1
  1
strokes_ogs.tif
176
     1
290
     0
176
     1
 40
1.0
176
     1
 40
1.0
176
     1
  0
VISUALSTYLE
  5
187
102
{ACAD_REACTORS
330
17F
102
}
330
17F
100
AcDbVisualStyle
  2
Hidden
 70
     6
177
     3
291
     0
 70
    58
 90
        1
176
     1
 90
        2
176
     1
 90
        2
176
     1
 90
        0
176
     1
 40
0.6
176
     1
 40
30.0
176
     1
 62
     7
420
 16777215
176
     1
 90
        2
176
     1
 90
        2
176
     1
 62
     7
176
     1
 62
   257
176
     1
 90
        2
176
     1
 90
        1
176
     1
 40
40.0
176
     1
 90
        0
176
     1
 62
   257
176
     1
 40
1.0
176
     1
 90
        1
176
     1
 90
        6
176
     1
 90
        2
176
     1
 62
     7
176
     1
 90
        3
176
     1
 90
        0
176
     1
 90
        0
176
     1
290
     0
176
     1
 90
        1
176
     1
 40
0.0
176
     1
 90
        0
176
     1
290
     0
176
     1
290
     1
176
     1
290
     1
176
     1
290
     0
176
     1
290
     0
176
     1
290
     0
176
     1
290
     0
176
     1
290
     0
176
     1
290
     0
176
     1
 90
       50
176
     1
 40
0.0
176
     1
 40
1.0
176
     1
 90
        0
176
     1
 62
    18
176
     1
 90
       50
176
     1
 90
        3
176
     1
 62
     5
420
      255
176
     1
290
     0
176
     1
 90
       50
176
     1
 90
       50
176
     1
 90
       50
176
     1
290
     0
176
     1
 90
       50
176
     1
 62
   256
176
     0
 40
1.0
176
     0
 90
        0
176
     1
  1
strokes_ogs.tif
176
     1
290
     0
176
     1
 40
1.0
176
     1
 40
1.0
176
     1
  0
VISUALSTYLE
  5
195
102
{ACAD_REACTORS
330
17F
102
}
330
17F
100
AcDbVisualStyle
  2
JitterOff
 70
    20
177
     3
291
     1
 70
    58
 90
        2
176
     0
 90
        2
176
     0
 90
        0
176
     0
 90
        0
176
     0
 40
0.6
176
     0
 40
30.0
176
     0
 62
     7
420
 16777215
176
     0
 90
        1
176
     0
 90
        4
176
     0
 62
     7
176
     0
 62
   257
176
     0
 90
        1
176
     0
 90
        1
176
     0
 40
1.0
176
     0
 90
       10
176
     2
 62
     7
176
     0
 40
1.0
176
     0
 90
        1
176
     0
 90
        6
176
     0
 90
        2
176
     0
 62
     7
176
     0
 90
        5
176
     0
 90
        0
176
     0
 90
        0
176
     0
290
     0
176
     0
 90
        1
176
     0
 40
0.0
176
     0
 90
        0
176
     0
290
     0
176
     1
290
     1
176
     1
290
     1
176
     1
290
     0
176
     1
290
     0
176
     1
290
     0
176
     1
290
     0
176
     1
290
     0
176
     1
290
     0
176
     1
 90
       50
176
     1
 40
0.0
176
     1
 40
1.0
176
     1
 90
        0
176
     1
 62
    18
176
     1
 90
       50
176
     1
 90
        3
176
     1
 62
     5
420
      255
176
     1
290
     0
176
     1
 90
       50
176
     1
 90
       50
176
     1
 90
       50
176
     1
290
     0
176
     1
 90
       50
176
     1
 62
   256
176
     0
 40
1.0
176
     0
 90
        0
176
     1
  1
strokes_ogs.tif
176
     1
290
     0
176
     1
 40
1.0
176
     1
 40
1.0
176
     1
  0
VISUALSTYLE
  5
18D
102
{ACAD_REACTORS
330
17F
102
}
330
17F
100
AcDbVisualStyle
  2
Linepattern
 70
    14
177
     3
291
     1
 70
    58
 90
        2
176
     1
 90
        2
176
     1
 90
        0
176
     1
 90
        0
176
     1
 40
0.6
176
     1
 40
30.0
176
     1
 62
     7
420
 16777215
176
     1
 90
        1
176
     1
 90
        4
176
     1
 62
     7
176
     1
 62
   257
176
     1
 90
        7
176
     1
 90
        7
176
     1
 40
1.0
176
     1
 90
        8
176
     1
 62
     7
176
     1
 40
1.0
176
     1
 90
        1
176
     1
 90
        6
176
     1
 90
        2
176
     1
 62
     7
176
     1
 90
        5
176
     1
 90
        0
176
     1
 90
        0
176
     1
290
     0
176
     1
 90
        1
176
     1
 40
0.0
176
     1
 90
        0
176
     1
290
     0
176
     1
290
     1
176
     1
290
     1
176
     1
290
     0
176
     1
290
     0
176
     1
290
     0
176
     1
290
     0
176
     1
290
     0
176
     1
290
     0
176
     1
 90
       50
176
     1
 40
0.0
176
     1
 40
1.0
176
     1
 90
        0
176
     1
 62
    18
176
     1
 90
       50
176
     1
 90
        3
176
     1
 62
     5
420
      255
176
     1
290
     0
176
     1
 90
       50
176
     1
 90
       50
176
     1
 90
       50
176
     1
290
     0
176
     1
 90
       50
176
     1
 62
   256
176
     0
 40
1.0
176
     0
 90
        0
176
     1
  1
strokes_ogs.tif
176
     1
290
     0
176
     1
 40
1.0
176
     1
 40
1.0
176
     1
  0
VISUALSTYLE
  5
196
102
{ACAD_REACTORS
330
17F
102
}
330
17F
100
AcDbVisualStyle
  2
OverhangOff
 70
    21
177
     3
291
     1
 70
    58
 90
        2
176
     0
 90
        2
176
     0
 90
        0
176
     0
 90
        0
176
     0
 40
0.6
176
     0
 40
30.0
176
     0
 62
     7
420
 16777215
176
     0
 90
        1
176
     0
 90
        4
176
     0
 62
     7
176
     0
 62
   257
176
     0
 90
        1
176
     0
 90
        1
176
     0
 40
1.0
176
     0
 90
        9
176
     2
 62
     7
176
     0
 40
1.0
176
     0
 90
        1
176
     0
 90
        6
176
     0
 90
        2
176
     0
 62
     7
176
     0
 90
        5
176
     0
 90
        0
176
     0
 90
        0
176
     0
290
     0
176
     0
 90
        1
176
     0
 40
0.0
176
     0
 90
        0
176
     0
290
     0
176
     1
290
     1
176
     1
290
     1
176
     1
290
     0
176
     1
290
     0
176
     1
290
     0
176
     1
290
     0
176
     1
290
     0
176
     1
290
     0
176
     1
 90
       50
176
     1
 40
0.0
176
     1
 40
1.0
176
     1
 90
        0
176
     1
 62
    18
176
     1
 90
       50
176
     1
 90
        3
176
     1
 62
     5
420
      255
176
     1
290
     0
176
     1
 90
       50
176
     1
 90
       50
176
     1
 90
       50
176
     1
290
     0
176
     1
 90
       50
176
     1
 62
   256
176
     0
 40
1.0
176
     0
 90
        0
176
     1
  1
strokes_ogs.tif
176
     1
290
     0
176
     1
 40
1.0
176
     1
 40
1.0
176
     1
  0
VISUALSTYLE
  5
189
102
{ACAD_REACTORS
330
17F
102
}
330
17F
100
AcDbVisualStyle
  2
Realistic
 70
     8
177
     3
291
     0
 70
    58
 90
        2
176
     1
 90
        3
176
     1
 90
        0
176
     1
 90
        2
176
     1
 40
0.6
176
     1
 40
30.0
176
     1
 62
     7
420
 16777215
176
     1
 90
        0
176
     1
 90
        0
176
     1
 62
     7
176
     1
 62
   257
176
     1
 90
        1
176
     1
 90
        1
176
     1
 40
1.0
176
     1
 90
        8
176
     1
 62
   257
176
     1
 40
1.0
176
     1
 90
        1
176
     1
 90
        6
176
     1
 90
        2
176
     1
 62
     7
176
     1
 90
        3
176
     1
 90
        0
176
     1
 90
        0
176
     1
290
     0
176
     1
 90
       13
176
     1
 40
0.0
176
     1
 90
        0
176
     1
290
     0
176
     1
290
     1
176
     1
290
     1
176
     1
290
     0
176
     1
290
     0
176
     1
290
     0
176
     1
290
     0
176
     1
290
     0
176
     1
290
     0
176
     1
 90
       50
176
     1
 40
0.0
176
     1
 40
1.0
176
     1
 90
        0
176
     1
 62
    18
176
     1
 90
       50
176
     1
 90
        3
176
     1
 62
     5
420
      255
176
     1
290
     0
176
     1
 90
       50
176
     1
 90
       50
176
     1
 90
       50
176
     1
290
     0
176
     1
 90
       50
176
     1
 62
   256
176
     0
 40
1.0
176
     0
 90
        0
176
     1
  1
strokes_ogs.tif
176
     1
290
     0
176
     1
 40
1.0
176
     1
 40
1.0
176
     1
  0
VISUALSTYLE
  5
194
102
{ACAD_REACTORS
330
17F
102
}
330
17F
100
AcDbVisualStyle
  2
Shaded
 70
    27
177
     3
291
     0
 70
    58
 90
        2
176
     1
 90
        2
176
     1
 90
        1
176
     1
 90
        2
176
     1
 40
0.6
176
     1
 40
30.0
176
     1
 62
     7
420
 16777215
176
     1
 90
        0
176
     1
 90
        4
176
     1
 62
     7
176
     1
 62
   257
176
     1
 90
        1
176
     1
 90
        1
176
     1
 40
1.0
176
     1
 90
        8
176
     1
 62
   257
176
     1
 40
1.0
176
     1
 90
        1
176
     1
 90
        6
176
     1
 90
        2
176
     1
 62
     8
420
  7895160
176
     1
 90
        3
176
     1
 90
        0
176
     1
 90
        0
176
     1
290
     0
176
     1
 90
        5
176
     1
 40
0.0
176
     1
 90
        0
176
     1
290
     0
176
     1
290
     1
176
     1
290
     1
176
     1
290
     0
176
     1
290
     0
176
     1
290
     0
176
     1
290
     0
176
     1
290
     0
176
     1
290
     0
176
     1
 90
       50
176
     1
 40
0.0
176
     1
 40
1.0
176
     1
 90
        0
176
     1
 62
    18
176
     1
 90
       50
176
     1
 90
        3
176
     1
 62
     5
420
      255
176
     1
290
     0
176
     1
 90
       50
176
     1
 90
       50
176
     1
 90
       50
176
     1
290
     0
176
     1
 90
       50
176
     1
 62
   256
176
     0
 40
1.0
176
     0
 90
        0
176
     1
  1
strokes_ogs.tif
176
     1
290
     0
176
     1
 40
1.0
176
     1
 40
1.0
176
     1
  0
VISUALSTYLE
  5
193
102
{ACAD_REACTORS
330
17F
102
}
330
17F
100
AcDbVisualStyle
  2
Shaded with edges
 70
    26
177
     3
291
     0
 70
    58
 90
        2
176
     1
 90
        2
176
     1
 90
        1
176
     1
 90
        2
176
     1
 40
0.6
176
     1
 40
30.0
176
     1
 62
     7
420
 16777215
176
     1
 90
        1
176
     1
 90
        2
176
     1
 62
     7
176
     1
 62
   257
176
     1
 90
        2
176
     1
 90
        1
176
     1
 40
1.0
176
     1
 90
        8
176
     1
 62
   257
176
     1
 40
1.0
176
     1
 90
        1
176
     1
 90
        6
176
     1
 90
        2
176
     1
 62
     7
176
     1
 90
        3
176
     1
 90
        0
176
     1
 90
        0
176
     1
290
     0
176
     1
 90
        5
176
     1
 40
0.0
176
     1
 90
        0
176
     1
290
     0
176
     1
290
     1
176
     1
290
     1
176
     1
290
     0
176
     1
290
     0
176
     1
290
     0
176
     1
290
     0
176
     1
290
     0
176
     1
290
     0
176
     1
 90
       50
176
     1
 40
0.0
176
     1
 40
1.0
176
     1
 90
        0
176
     1
 62
    18
176
     1
 90
       50
176
     1
 90
        3
176
     1
 62
     5
420
      255
176
     1
290
     0
176
     1
 90
       50
176
     1
 90
       50
176
     1
 90
       50
176
     1
290
     0
176
     1
 90
       50
176
     1
 62
   256
176
     0
 40
1.0
176
     0
 90
        0
176
     1
  1
strokes_ogs.tif
176
     1
290
     0
176
     1
 40
1.0
176
     1
 40
1.0
176
     1
  0
VISUALSTYLE
  5
190
102
{ACAD_REACTORS
330
17F
102
}
330
17F
100
AcDbVisualStyle
  2
Shades of Gray
 70
    23
177
     3
291
     0
 70
    58
 90
        2
176
     1
 90
        2
176
     1
 90
        3
176
     1
 90
        0
176
     1
 40
0.6
176
     1
 40
30.0
176
     1
 62
     7
420
 16777215
176
     1
 90
        2
176
     1
 90
        2
176
     1
 62
     7
176
     1
 62
     7
176
     1
 90
        1
176
     1
 90
        1
176
     1
 40
40.0
176
     1
 90
        8
176
     1
 62
     7
176
     1
 40
1.0
176
     1
 90
        1
176
     1
 90
        6
176
     1
 90
        2
176
     1
 62
     7
176
     1
 90
        3
176
     1
 90
        0
176
     1
 90
        0
176
     1
290
     0
176
     1
 90
        1
176
     1
 40
0.0
176
     1
 90
        0
176
     1
290
     0
176
     1
290
     1
176
     1
290
     1
176
     1
290
     0
176
     1
290
     0
176
     1
290
     0
176
     1
290
     0
176
     1
290
     0
176
     1
290
     0
176
     1
 90
       50
176
     1
 40
0.0
176
     1
 40
1.0
176
     1
 90
        0
176
     1
 62
    18
176
     1
 90
       50
176
     1
 90
        3
176
     1
 62
     5
420
      255
176
     1
290
     0
176
     1
 90
       50
176
     1
 90
       50
176
     1
 90
       50
176
     1
290
     0
176
     1
 90
       50
176
     1
 62
   256
176
     0
 40
1.0
176
     0
 90
        0
176
     1
  1
strokes_ogs.tif
176
     1
290
     0
176
     1
 40
1.0
176
     1
 40
1.0
176
     1
  0
VISUALSTYLE
  5
191
102
{ACAD_REACTORS
330
17F
102
}
330
17F
100
AcDbVisualStyle
  2
Sketchy
 70
    24
177
     3
291
     0
 70
    58
 90
        1
176
     1
 90
        2
176
     1
 90
        2
176
     1
 90
        0
176
     1
 40
0.6
176
     1
 40
30.0
176
     1
 62
     7
420
 16777215
176
     1
 90
        2
176
     1
 90
        2
176
     1
 62
     7
176
     1
 62
     7
176
     1
 90
        1
176
     1
 90
        1
176
     1
 40
40.0
176
     1
 90
       11
176
     1
 62
     7
176
     1
 40
1.0
176
     1
 90
        1
176
     1
 90
        6
176
     1
 90
        2
176
     1
 62
     7
176
     1
 90
        6
176
     1
 90
        0
176
     1
 90
        0
176
     1
290
     0
176
     1
 90
        1
176
     1
 40
0.0
176
     1
 90
        0
176
     1
290
     0
176
     1
290
     1
176
     1
290
     1
176
     1
290
     0
176
     1
290
     0
176
     1
290
     0
176
     1
290
     0
176
     1
290
     0
176
     1
290
     0
176
     1
 90
       50
176
     1
 40
0.0
176
     1
 40
1.0
176
     1
 90
        0
176
     1
 62
    18
176
     1
 90
       50
176
     1
 90
        3
176
     1
 62
     5
420
      255
176
     1
290
     0
176
     1
 90
       50
176
     1
 90
       50
176
     1
 90
       50
176
     1
290
     0
176
     1
 90
       50
176
     1
 62
   256
176
     0
 40
1.0
176
     0
 90
        0
176
     1
  1
strokes_ogs.tif
176
     1
290
     0
176
     1
 40
1.0
176
     1
 40
1.0
176
     1
  0
VISUALSTYLE
  5
18C
102
{ACAD_REACTORS
330
17F
102
}
330
17F
100
AcDbVisualStyle
  2
Thicken
 70
    13
177
     3
291
     1
 70
    58
 90
        2
176
     1
 90
        2
176
     1
 90
        0
176
     1
 90
        0
176
     1
 40
0.6
176
     1
 40
30.0
176
     1
 62
     7
420
 16777215
176
     1
 90
        1
176
     1
 90
        4
176
     1
 62
     7
176
     1
 62
   257
176
     1
 90
        1
176
     1
 90
        1
176
     1
 40
1.0
176
     1
 90
       12
176
     1
 62
     7
176
     1
 40
1.0
176
     1
 90
        1
176
     1
 90
        6
176
     1
 90
        2
176
     1
 62
     7
176
     1
 90
        5
176
     1
 90
        0
176
     1
 90
        0
176
     1
290
     0
176
     1
 90
        1
176
     1
 40
0.0
176
     1
 90
        0
176
     1
290
     0
176
     1
290
     1
176
     1
290
     1
176
     1
290
     0
176
     1
290
     0
176
     1
290
     0
176
     1
290
     0
176
     1
290
     0
176
     1
290
     0
176
     1
 90
       50
176
     1
 40
0.0
176
     1
 40
1.0
176
     1
 90
        0
176
     1
 62
    18
176
     1
 90
       50
176
     1
 90
        3
176
     1
 62
     5
420
      255
176
     1
290
     0
176
     1
 90
       50
176
     1
 90
       50
176
     1
 90
       50
176
     1
290
     0
176
     1
 90
       50
176
     1
 62
   256
176
     0
 40
1.0
176
     0
 90
        0
176
     1
  1
strokes_ogs.tif
176
     1
290
     0
176
     1
 40
1.0
176
     1
 40
1.0
176
     1
  0
VISUALSTYLE
  5
186
102
{ACAD_REACTORS
330
17F
102
}
330
17F
100
AcDbVisualStyle
  2
Wireframe
 70
     5
177
     3
291
     0
 70
    58
 90
        0
176
     1
 90
        2
176
     1
 90
        0
176
     1
 90
        0
176
     1
 40
0.6
176
     1
 40
30.0
176
     1
 62
     7
420
 16777215
176
     1
 90
        1
176
     1
 90
        4
176
     1
 62
     7
176
     1
 62
   257
176
     1
 90
        1
176
     1
 90
        1
176
     1
 40
1.0
176
     1
 90
        0
176
     1
 62
   257
176
     1
 40
1.0
176
     1
 90
        1
176
     1
 90
        6
176
     1
 90
        2
176
     1
 62
     7
176
     1
 90
        3
176
     1
 90
        0
176
     1
 90
        0
176
     1
290
     0
176
     1
 90
        1
176
     1
 40
0.0
176
     1
 90
        0
176
     1
290
     0
176
     1
290
     1
176
     1
290
     1
176
     1
290
     0
176
     1
290
     0
176
     1
290
     0
176
     1
290
     0
176
     1
290
     0
176
     1
290
     0
176
     1
 90
       50
176
     1
 40
0.0
176
     1
 40
1.0
176
     1
 90
        0
176
     1
 62
    18
176
     1
 90
       50
176
     1
 90
        3
176
     1
 62
     5
420
      255
176
     1
290
     0
176
     1
 90
       50
176
     1
 90
       50
176
     1
 90
       50
176
     1
290
     0
176
     1
 90
       50
176
     1
 62
   256
176
     0
 40
1.0
176
     0
 90
        0
176
     1
  1
strokes_ogs.tif
176
     1
290
     0
176
     1
 40
1.0
176
     1
 40
1.0
176
     1
  0
VISUALSTYLE
  5
192
102
{ACAD_REACTORS
330
17F
102
}
330
17F
100
AcDbVisualStyle
  2
X-Ray
 70
    25
177
     3
291
     0
 70
    58
 90
        2
176
     1
 90
        2
176
     1
 90
        1
176
     1
 90
        1
176
     1
 40
0.5
176
     1
 40
30.0
176
     1
 62
     7
420
 16777215
176
     1
 90
        1
176
     1
 90
        0
176
     1
 62
     7
176
     1
 62
   257
176
     1
 90
        1
176
     1
 90
        1
176
     1
 40
1.0
176
     1
 90
        8
176
     1
 62
     7
176
     1
 40
1.0
176
     1
 90
        1
176
     1
 90
        6
176
     1
 90
        2
176
     1
 62
     7
176
     1
 90
        3
176
     1
 90
        0
176
     1
 90
        0
176
     1
290
     0
176
     1
 90
       13
176
     1
 40
0.0
176
     1
 90
        0
176
     1
290
     0
176
     1
290
     1
176
     1
290
     1
176
     1
290
     0
176
     1
290
     0
176
     1
290
     0
176
     1
290
     0
176
     1
290
     0
176
     1
290
     0
176
     1
 90
       50
176
     1
 40
0.0
176
     1
 40
1.0
176
     1
 90
        0
176
     1
 62
    18
176
     1
 90
       50
176
     1
 90
        3
176
     1
 62
     5
420
      255
176
     1
290
     0
176
     1
 90
       50
176
     1
 90
       50
176
     1
 90
       50
176
     1
290
     0
176
     1
 90
       50
176
     1
 62
   256
176
     0
 40
1.0
176
     0
 90
        0
176
     1
  1
strokes_ogs.tif
176
     1
290
     0
176
     1
 40
1.0
176
     1
 40
1.0
176
     1
  0
DICTIONARYVAR
  5
7F5
102
{ACAD_REACTORS
330
7F4
102
}
330
7F4
100
DictionaryVariables
280
     0
  1
500.000000
  0
DICTIONARYVAR
  5
7F6
102
{ACAD_REACTORS
330
7F4
102
}
330
7F4
100
DictionaryVariables
280
     0
  1
1
  0
DICTIONARYVAR
  5
7F7
102
{ACAD_REACTORS
330
7F4
102
}
330
7F4
100
DictionaryVariables
280
     0
  1
1:1
  0
DICTIONARYVAR
  5
7F8
102
{ACAD_REACTORS
330
7F4
102
}
330
7F4
100
DictionaryVariables
280
     0
  1
STANDARD
  0
DICTIONARYVAR
  5
7F9
102
{ACAD_REACTORS
330
7F4
102
}
330
7F4
100
DictionaryVariables
280
     0
  1
STANDARD
  0
DICTIONARYVAR
  5
1C28
102
{ACAD_REACTORS
330
7F4
102
}
330
7F4
100
DictionaryVariables
280
     0
  1
Metric50
  0
DICTIONARYVAR
  5
7FA
102
{ACAD_REACTORS
330
7F4
102
}
330
7F4
100
DictionaryVariables
280
     0
  1
Metric50
  0
DICTIONARYVAR
  5
7FB
102
{ACAD_REACTORS
330
7F4
102
}
330
7F4
100
DictionaryVariables
280
     0
  1
1
  0
DICTIONARYVAR
  5
7FC
102
{ACAD_REACTORS
330
7F4
102
}
330
7F4
100
DictionaryVariables
280
     0
  1
0
  0
DICTIONARYVAR
  5
7FD
102
{ACAD_REACTORS
330
7F4
102
}
330
7F4
100
DictionaryVariables
280
     0
  1
2
  0
DICTIONARYVAR
  5
139A
102
{ACAD_REACTORS
330
7F4
102
}
330
7F4
100
DictionaryVariables
280
     0
  1
1
  0
DICTIONARYVAR
  5
7FE
102
{ACAD_REACTORS
330
7F4
102
}
330
7F4
100
DictionaryVariables
280
     0
  1
1
  0
DICTIONARYVAR
  5
7FF
102
{ACAD_REACTORS
330
7F4
102
}
330
7F4
100
DictionaryVariables
280
     0
  1
BYLAYER
  0
DICTIONARYVAR
  5
800
102
{ACAD_REACTORS
330
7F4
102
}
330
7F4
100
DictionaryVariables
280
     0
  1
0
  0
DICTIONARYVAR
  5
801
102
{ACAD_REACTORS
330
7F4
102
}
330
7F4
100
DictionaryVariables
280
     0
  1
A-HATCH-WALL
  0
DICTIONARYVAR
  5
802
102
{ACAD_REACTORS
330
7F4
102
}
330
7F4
100
DictionaryVariables
280
     0
  1
.
  0
DICTIONARYVAR
  5
803
102
{ACAD_REACTORS
330
7F4
102
}
330
7F4
100
DictionaryVariables
280
     0
  1
0
  0
DICTIONARYVAR
  5
804
102
{ACAD_REACTORS
330
7F4
102
}
330
7F4
100
DictionaryVariables
280
     0
  1
0
  0
DICTIONARYVAR
  5
805
102
{ACAD_REACTORS
330
7F4
102
}
330
7F4
100
DictionaryVariables
280
     0
  1
0
  0
DICTIONARYVAR
  5
806
102
{ACAD_REACTORS
330
7F4
102
}
330
7F4
100
DictionaryVariables
280
     0
  1
2
  0
DICTIONARYVAR
  5
807
102
{ACAD_REACTORS
330
7F4
102
}
330
7F4
100
DictionaryVariables
280
     0
  1
0
  0
DICTIONARYVAR
  5
808
102
{ACAD_REACTORS
330
7F4
102
}
330
7F4
100
DictionaryVariables
280
     0
  1
1.000000
  0
DICTIONARYVAR
  5
809
102
{ACAD_REACTORS
330
7F4
102
}
330
7F4
100
DictionaryVariables
280
     0
  1
1
  0
DICTIONARYVAR
  5
80A
102
{ACAD_REACTORS
330
7F4
102
}
330
7F4
100
DictionaryVariables
280
     0
  1
2
  0
DICTIONARYVAR
  5
80B
102
{ACAD_REACTORS
330
7F4
102
}
330
7F4
100
DictionaryVariables
280
     0
  1
1
  0
DICTIONARYVAR
  5
80C
102
{ACAD_REACTORS
330
7F4
102
}
330
7F4
100
DictionaryVariables
280
     0
  1
1
  0
DICTIONARYVAR
  5
80D
102
{ACAD_REACTORS
330
7F4
102
}
330
7F4
100
DictionaryVariables
280
     0
  1
127
  0
DICTIONARY
  5
249
330
93
100
AcDbDictionary
280
     1
281
     1
  3
ACAD_ROUNDTRIP_2008_TABLESTYLE_CELLSTYLEMAP
360
1C42
  0
CELLSTYLEMAP
  5
1C42
102
{ACAD_REACTORS
330
249
102
}
330
249
100
AcDbCellStyleMap
 90
        3
300
CELLSTYLE
  1
TABLEFORMAT_BEGIN
 90
        5
170
     1
 91
        0
 92
    32768
 62
   257
 93
        1
300
CONTENTFORMAT
  1
CONTENTFORMAT_BEGIN
 90
        0
 91
        0
 92
      512
 93
        0
300

 40
0.0
140
1.0
 94
        5
 62
     0
340
11
144
6.0
309
CONTENTFORMAT_END
171
     1
301
MARGIN
  1
CELLMARGIN_BEGIN
 40
1.5
 40
1.5
 40
0.06
 40
0.06
 40
0.18
 40
0.18
309
CELLMARGIN_END
 94
        6
 95
        1
302
GRIDFORMAT
  1
GRIDFORMAT_BEGIN
 90
        0
 91
        1
 62
     0
 92
       -2
340
0
 93
        0
 40
0.045
309
GRIDFORMAT_END
 95
        2
302
GRIDFORMAT
  1
GRIDFORMAT_BEGIN
 90
        0
 91
        1
 62
     0
 92
       -2
340
0
 93
        0
 40
0.045
309
GRIDFORMAT_END
 95
        4
302
GRIDFORMAT
  1
GRIDFORMAT_BEGIN
 90
        0
 91
        1
 62
     0
 92
       -2
340
0
 93
        0
 40
0.045
309
GRIDFORMAT_END
 95
        8
302
GRIDFORMAT
  1
GRIDFORMAT_BEGIN
 90
        0
 91
        1
 62
     0
 92
       -2
340
0
 93
        0
 40
0.045
309
GRIDFORMAT_END
 95
       16
302
GRIDFORMAT
  1
GRIDFORMAT_BEGIN
 90
        0
 91
        1
 62
     0
 92
       -2
340
0
 93
        0
 40
0.045
309
GRIDFORMAT_END
 95
       32
302
GRIDFORMAT
  1
GRIDFORMAT_BEGIN
 90
        0
 91
        1
 62
     0
 92
       -2
340
0
 93
        0
 40
0.045
309
GRIDFORMAT_END
309
TABLEFORMAT_END
  1
CELLSTYLE_BEGIN
 90
        1
 91
        1
300
_TITLE
309
CELLSTYLE_END
300
CELLSTYLE
  1
TABLEFORMAT_BEGIN
 90
        5
170
     1
 91
        0
 92
        0
 62
   257
 93
        1
300
CONTENTFORMAT
  1
CONTENTFORMAT_BEGIN
 90
        0
 91
        0
 92
      512
 93
        0
300

 40
0.0
140
1.0
 94
        5
 62
     0
340
11
144
4.5
309
CONTENTFORMAT_END
171
     1
301
MARGIN
  1
CELLMARGIN_BEGIN
 40
1.5
 40
1.5
 40
0.06
 40
0.06
 40
0.18
 40
0.18
309
CELLMARGIN_END
 94
        6
 95
        1
302
GRIDFORMAT
  1
GRIDFORMAT_BEGIN
 90
        0
 91
        1
 62
     0
 92
       -2
340
0
 93
        0
 40
0.045
309
GRIDFORMAT_END
 95
        2
302
GRIDFORMAT
  1
GRIDFORMAT_BEGIN
 90
        0
 91
        1
 62
     0
 92
       -2
340
0
 93
        0
 40
0.045
309
GRIDFORMAT_END
 95
        4
302
GRIDFORMAT
  1
GRIDFORMAT_BEGIN
 90
        0
 91
        1
 62
     0
 92
       -2
340
0
 93
        0
 40
0.045
309
GRIDFORMAT_END
 95
        8
302
GRIDFORMAT
  1
GRIDFORMAT_BEGIN
 90
        0
 91
        1
 62
     0
 92
       -2
340
0
 93
        0
 40
0.045
309
GRIDFORMAT_END
 95
       16
302
GRIDFORMAT
  1
GRIDFORMAT_BEGIN
 90
        0
 91
        1
 62
     0
 92
       -2
340
0
 93
        0
 40
0.045
309
GRIDFORMAT_END
 95
       32
302
GRIDFORMAT
  1
GRIDFORMAT_BEGIN
 90
        0
 91
        1
 62
     0
 92
       -2
340
0
 93
        0
 40
0.045
309
GRIDFORMAT_END
309
TABLEFORMAT_END
  1
CELLSTYLE_BEGIN
 90
        2
 91
        1
300
_HEADER
309
CELLSTYLE_END
300
CELLSTYLE
  1
TABLEFORMAT_BEGIN
 90
        5
170
     1
 91
        0
 92
        0
 62
   257
 93
        1
300
CONTENTFORMAT
  1
CONTENTFORMAT_BEGIN
 90
        0
 91
        0
 92
      512
 93
        0
300

 40
0.0
140
1.0
 94
        2
 62
     0
340
11
144
4.5
309
CONTENTFORMAT_END
171
     1
301
MARGIN
  1
CELLMARGIN_BEGIN
 40
1.5
 40
1.5
 40
0.06
 40
0.06
 40
0.18
 40
0.18
309
CELLMARGIN_END
 94
        6
 95
        1
302
GRIDFORMAT
  1
GRIDFORMAT_BEGIN
 90
        0
 91
        1
 62
     0
 92
       -2
340
0
 93
        0
 40
0.045
309
GRIDFORMAT_END
 95
        2
302
GRIDFORMAT
  1
GRIDFORMAT_BEGIN
 90
        0
 91
        1
 62
     0
 92
       -2
340
0
 93
        0
 40
0.045
309
GRIDFORMAT_END
 95
        4
302
GRIDFORMAT
  1
GRIDFORMAT_BEGIN
 90
        0
 91
        1
 62
     0
 92
       -2
340
0
 93
        0
 40
0.045
309
GRIDFORMAT_END
 95
        8
302
GRIDFORMAT
  1
GRIDFORMAT_BEGIN
 90
        0
 91
        1
 62
     0
 92
       -2
340
0
 93
        0
 40
0.045
309
GRIDFORMAT_END
 95
       16
302
GRIDFORMAT
  1
GRIDFORMAT_BEGIN
 90
        0
 91
        1
 62
     0
 92
       -2
340
0
 93
        0
 40
0.045
309
GRIDFORMAT_END
 95
       32
302
GRIDFORMAT
  1
GRIDFORMAT_BEGIN
 90
        0
 91
        1
 62
     0
 92
       -2
340
0
 93
        0
 40
0.045
309
GRIDFORMAT_END
309
TABLEFORMAT_END
  1
CELLSTYLE_BEGIN
 90
        3
 91
        2
300
_DATA
309
CELLSTYLE_END
  0
ENDSEC
  0
SECTION
  2
ACDSDATA
 70
     2
 71
     8
  0
ACDSSCHEMA
 90
        0
  1
AcDb_Thumbnail_Schema
  2
AcDbDs::ID
280
    10
 91
        8
  2
Thumbnail_Data
280
    15
 91
        0
101
ACDSRECORD
 95
        0
 90
        1
  2
AcDbDs::TreatedAsObjectData
280
     1
291
     1
101
ACDSRECORD
 95
        0
 90
        2
  2
AcDbDs::Legacy
280
     1
291
     1
101
ACDSRECORD
  1
AcDbDs::ID
 90
        3
  2
AcDs:Indexable
280
     1
291
     1
101
ACDSRECORD
  1
AcDbDs::ID
 90
        4
  2
AcDbDs::HandleAttribute
280
     7
282
     1
  0
ACDSSCHEMA
 90
        1
  1
AcDbDs::TreatedAsObjectDataSchema
  2
AcDbDs::TreatedAsObjectData
280
     1
 91
        0
  0
ACDSSCHEMA
 90
        2
  1
AcDbDs::LegacySchema
  2
AcDbDs::Legacy
280
     1
 91
        0
  0
ACDSSCHEMA
 90
        3
  1
AcDbDs::IndexedPropertySchema
  2
AcDs:Indexable
280
     1
 91
        0
  0
ACDSSCHEMA
 90
        4
  1
AcDbDs::HandleAttributeSchema
  2
AcDbDs::HandleAttribute
280
     7
 91
        1
284
     1
  0
ACDSRECORD
 90
        0
  2
AcDbDs::ID
280
    10
320
22
  2
Thumbnail_Data
280
    15
 94
     1243
310
89504E470D0A1A0A0000000D4948445200000100000000970803000000CDB8751B00000300504C5445212830FFFFFF2128300000000000000000000000000000000000000000000000000000330000660000990000CC0000FF0033000033330033660033990033CC0033FF0066000066330066660066990066CC0066FF0099
310
000099330099660099990099CC0099FF00CC0000CC3300CC6600CC9900CCCC00CCFF00FF0000FF3300FF6600FF9900FFCC00FFFF3300003300333300663300993300CC3300FF3333003333333333663333993333CC3333FF3366003366333366663366993366CC3366FF3399003399333399663399993399CC3399FF33CC00
310
33CC3333CC6633CC9933CCCC33CCFF33FF0033FF3333FF6633FF9933FFCC33FFFF6600006600336600666600996600CC6600FF6633006633336633666633996633CC6633FF6666006666336666666666996666CC6666FF6699006699336699666699996699CC6699FF66CC0066CC3366CC6666CC9966CCCC66CCFF66FF0066
310
FF3366FF6666FF9966FFCC66FFFF9900009900339900669900999900CC9900FF9933009933339933669933999933CC9933FF9966009966339966669966999966CC9966FF9999009999339999669999999999CC9999FF99CC0099CC3399CC6699CC9999CCCC99CCFF99FF0099FF3399FF6699FF9999FFCC99FFFFCC0000CC00
310
33CC0066CC0099CC00CCCC00FFCC3300CC3333CC3366CC3399CC33CCCC33FFCC6600CC6633CC6666CC6699CC66CCCC66FFCC9900CC9933CC9966CC9999CC99CCCC99FFCCCC00CCCC33CCCC66CCCC99CCCCCCCCCCFFCCFF00CCFF33CCFF66CCFF99CCFFCCCCFFFFFF0000FF0033FF0066FF0099FF00CCFF00FFFF3300FF3333
310
FF3366FF3399FF33CCFF33FFFF6600FF6633FF6666FF6699FF66CCFF66FFFF9900FF9933FF9966FF9999FF99CCFF99FFFFCC00FFCC33FFCC66FFCC99FFCCCCFFCCFFFFFF00FFFF33FFFF66FFFF99FFFFCCFFFFFF0000000D0D0D1A1A1A2828283535354343435050505D5D5D6B6B6B787878868686939393A1A1A1AEAEAEBB
310
BBBBC9C9C9D6D6D6E4E4E4F1F1F1FFFFFF0000000000000000000000000000000000000000000000000000000000002E4550F1000001964944415478DAEDD951AE8320100550F6BF5FFE5FD2543B8260FBD28F0E9E93B4516A48B9A2229402000000000000000000000000DF533B6B3668D8CEC7D6E3B3ED270FA7FBCBF5D0
310
AECB5C622B9B920C018CDAF34EF9BE3FA9AB260D2034703B95CFADB26F8540FABADA707E3780D2F4F9F0E7634C2504D04518EB7AD6B215A408A02B3ABD7E0701D463005DEFCA1240BC9385EF50DE04107EB8ACEBA76F01C31E7072E8ECF8596F5A288059236BC600CA170328D903A84D00F16957FAC7607842A60EA09E8E04
310
CF8AB70086639D415D3F1F4073DBDF02E88AEBF1F8574FB9A82BEF48F09321F2D56F995E86A6C5FFAA0B00EEABE618147F714871DCBED1A0A0F667BCE6ED01A3F582D2CC08D5E50378BDE94C72592E80C1DBD0C5BAC8A2016CFBE56AEA7FA900429F0F130267CB08CB06D07789B3E2556F82FD22C7B32DB369BF1503683AF8
310
6C5D64A9004673FC2703BA9B5C026D0FB84500CDD9BE590083F582C3FC787BA92C174068D564C164F036B8DF2BEBFE957D285C3E99FAEFDE8CD3BF0DCE8B010000000000000000000000000000F8D41F7B6A24A1883FFFCD0000000049454E44AE426082
  0
ENDSEC
  0
EOF
