  0
SECTION
  2
HEADER
  9
$ACADVER
  1
AC1032
  9
$ACADMAINTVER
 90
      260
  9
$DWGCODEPAGE
  3
ANSI_1251
  9
$LASTSAVEDBY
  1
MikhailShapovalov
  9
$REQUIREDVERSIONS
160
                 0
  9
$INSBASE
 10
0.0
 20
0.0
 30
0.0
  9
$EXTMIN
 10
-2049.918009024652
 20
-7961.523502359057
 30
0.0
  9
$EXTMAX
 10
1520.959681261846
 20
-1627.928797788393
 30
0.0
  9
$LIMMIN
 10
0.0
 20
0.0
  9
$LIMMAX
 10
12.0
 20
9.0
  9
$ORTHOMODE
 70
     1
  9
$REGENMODE
 70
     1
  9
$FILLMODE
 70
     1
  9
$QTEXTMODE
 70
     0
  9
$MIRRTEXT
 70
     1
  9
$LTSCALE
 40
1.0
  9
$ATTMODE
 70
     1
  9
$TEXTSIZE
 40
25.0
  9
$TRACEWID
 40
0.05
  9
$TEXTSTYLE
  7
ОФОРМИТЕЛЬ
  9
$CLAYER
  8
0
  9
$CELTYPE
  6
ByLayer
  9
$CECOLOR
 62
   256
  9
$CELTSCALE
 40
1.0
  9
$DISPSILH
 70
     0
  9
$DIMSCALE
 40
1.0
  9
$DIMASZ
 40
25.0
  9
$DIMEXO
 40
10.0
  9
$DIMDLI
 40
0.38
  9
$DIMRND
 40
0.0
  9
$DIMDLE
 40
0.0
  9
$DIMEXE
 40
10.0
  9
$DIMTP
 40
0.0
  9
$DIMTM
 40
0.0
  9
$DIMTXT
 40
25.0
  9
$DIMCEN
 40
0.09
  9
$DIMTSZ
 40
0.0
  9
$DIMTOL
 70
     0
  9
$DIMLIM
 70
     0
  9
$DIMTIH
 70
     1
  9
$DIMTOH
 70
     1
  9
$DIMSE1
 70
     0
  9
$DIMSE2
 70
     0
  9
$DIMTAD
 70
     0
  9
$DIMZIN
 70
     0
  9
$DIMBLK
  1

  9
$DIMASO
 70
     1
  9
$DIMSHO
 70
     1
  9
$DIMPOST
  1

  9
$DIMAPOST
  1

  9
$DIMALT
 70
     0
  9
$DIMALTD
 70
     2
  9
$DIMALTF
 40
25.4
  9
$DIMLFAC
 40
1.0
  9
$DIMTOFL
 70
     0
  9
$DIMTVP
 40
0.0
  9
$DIMTIX
 70
     0
  9
$DIMSOXD
 70
     0
  9
$DIMSAH
 70
     0
  9
$DIMBLK1
  1

  9
$DIMBLK2
  1

  9
$DIMSTYLE
  2
ОФОРМИТЕЛЬ
  9
$DIMCLRD
 70
   256
  9
$DIMCLRE
 70
   256
  9
$DIMCLRT
 70
   256
  9
$DIMTFAC
 40
1.0
  9
$DIMGAP
 40
3.0
  9
$DIMJUST
 70
     0
  9
$DIMSD1
 70
     0
  9
$DIMSD2
 70
     0
  9
$DIMTOLJ
 70
     1
  9
$DIMTZIN
 70
     0
  9
$DIMALTZ
 70
     0
  9
$DIMALTTZ
 70
     0
  9
$DIMUPT
 70
     0
  9
$DIMDEC
 70
     2
  9
$DIMTDEC
 70
     2
  9
$DIMALTU
 70
     2
  9
$DIMALTTD
 70
     2
  9
$DIMTXSTY
  7
ОФОРМИТЕЛЬ
  9
$DIMAUNIT
 70
     0
  9
$DIMADEC
 70
     0
  9
$DIMALTRND
 40
0.0
  9
$DIMAZIN
 70
     0
  9
$DIMDSEP
 70
    46
  9
$DIMATFIT
 70
     3
  9
$DIMFRAC
 70
     0
  9
$DIMLDRBLK
  1

  9
$DIMLUNIT
 70
     2
  9
$DIMLWD
 70
    -2
  9
$DIMLWE
 70
    -2
  9
$DIMTMOVE
 70
     2
  9
$DIMFXL
 40
1.0
  9
$DIMFXLON
 70
     0
  9
$DIMJOGANG
 40
0.7853981633974483
  9
$DIMTFILL
 70
     0
  9
$DIMTFILLCLR
 70
     0
  9
$DIMARCSYM
 70
     0
  9
$DIMLTYPE
  6

  9
$DIMLTEX1
  6

  9
$DIMLTEX2
  6

  9
$DIMTXTDIRECTION
 70
     0
  9
$LUNITS
 70
     2
  9
$LUPREC
 70
     4
  9
$SKETCHINC
 40
0.1
  9
$FILLETRAD
 40
2.0
  9
$AUNITS
 70
     0
  9
$AUPREC
 70
     0
  9
$MENU
  1
.
  9
$ELEVATION
 40
0.0
  9
$PELEVATION
 40
0.0
  9
$THICKNESS
 40
0.0
  9
$LIMCHECK
 70
     0
  9
$CHAMFERA
 40
0.0
  9
$CHAMFERB
 40
0.0
  9
$CHAMFERC
 40
0.0
  9
$CHAMFERD
 40
0.0
  9
$SKPOLY
 70
     0
  9
$TDCREATE
 40
2460479.668148149
  9
$TDUCREATE
 40
2460479.543152014
  9
$TDUPDATE
 40
2461160.812013889
  9
$TDUUPDATE
 40
2461160.687013889
  9
$TDINDWG
 40
14.6145924769
  9
$TDUSRTIMER
 40
14.6145919444
  9
$USRTIMER
 70
     1
  9
$ANGBASE
 50
0.0
  9
$ANGDIR
 70
     0
  9
$PDMODE
 70
     0
  9
$PDSIZE
 40
0.0
  9
$PLINEWID
 40
0.0
  9
$SPLFRAME
 70
     0
  9
$SPLINETYPE
 70
     6
  9
$SPLINESEGS
 70
     8
  9
$HANDSEED
  5
58FF
  9
$SURFTAB1
 70
     6
  9
$SURFTAB2
 70
     6
  9
$SURFTYPE
 70
     6
  9
$SURFU
 70
     6
  9
$SURFV
 70
     6
  9
$UCSBASE
  2

  9
$UCSNAME
  2

  9
$UCSORG
 10
0.0
 20
0.0
 30
0.0
  9
$UCSXDIR
 10
1.0
 20
0.0
 30
0.0
  9
$UCSYDIR
 10
0.0
 20
1.0
 30
0.0
  9
$UCSORTHOREF
  2

  9
$UCSORTHOVIEW
 70
     0
  9
$UCSORGTOP
 10
0.0
 20
0.0
 30
0.0
  9
$UCSORGBOTTOM
 10
0.0
 20
0.0
 30
0.0
  9
$UCSORGLEFT
 10
0.0
 20
0.0
 30
0.0
  9
$UCSORGRIGHT
 10
0.0
 20
0.0
 30
0.0
  9
$UCSORGFRONT
 10
0.0
 20
0.0
 30
0.0
  9
$UCSORGBACK
 10
0.0
 20
0.0
 30
0.0
  9
$PUCSBASE
  2

  9
$PUCSNAME
  2

  9
$PUCSORG
 10
0.0
 20
0.0
 30
0.0
  9
$PUCSXDIR
 10
1.0
 20
0.0
 30
0.0
  9
$PUCSYDIR
 10
0.0
 20
1.0
 30
0.0
  9
$PUCSORTHOREF
  2

  9
$PUCSORTHOVIEW
 70
     0
  9
$PUCSORGTOP
 10
0.0
 20
0.0
 30
0.0
  9
$PUCSORGBOTTOM
 10
0.0
 20
0.0
 30
0.0
  9
$PUCSORGLEFT
 10
0.0
 20
0.0
 30
0.0
  9
$PUCSORGRIGHT
 10
0.0
 20
0.0
 30
0.0
  9
$PUCSORGFRONT
 10
0.0
 20
0.0
 30
0.0
  9
$PUCSORGBACK
 10
0.0
 20
0.0
 30
0.0
  9
$USERI1
 70
     0
  9
$USERI2
 70
     0
  9
$USERI3
 70
     0
  9
$USERI4
 70
     0
  9
$USERI5
 70
     0
  9
$USERR1
 40
0.0
  9
$USERR2
 40
0.0
  9
$USERR3
 40
0.0
  9
$USERR4
 40
0.0
  9
$USERR5
 40
0.0
  9
$WORLDVIEW
 70
     1
  9
$SHADEDGE
 70
     3
  9
$SHADEDIF
 70
    70
  9
$TILEMODE
 70
     1
  9
$MAXACTVP
 70
    64
  9
$PINSBASE
 10
0.0
 20
0.0
 30
0.0
  9
$PLIMCHECK
 70
     0
  9
$PEXTMIN
 10
1.049999960629921
 20
0.7999999606299211
 30
0.0
  9
$PEXTMAX
 10
9.449999645669294
 20
7.199999645669291
 30
0.0
  9
$PLIMMIN
 10
-0.25
 20
-0.25
  9
$PLIMMAX
 10
10.75
 20
8.25
  9
$UNITMODE
 70
     0
  9
$VISRETAIN
 70
     1
  9
$PLINEGEN
 70
     0
  9
$PSLTSCALE
 70
     1
  9
$TREEDEPTH
 70
  3020
  9
$CMLSTYLE
  2
Standard
  9
$CMLJUST
 70
     0
  9
$CMLSCALE
 40
1.0
  9
$PROXYGRAPHICS
 70
     1
  9
$MEASUREMENT
 70
     0
  9
$CELWEIGHT
370
    25
  9
$ENDCAPS
280
     0
  9
$JOINSTYLE
280
     0
  9
$LWDISPLAY
290
     0
  9
$INSUNITS
 70
     0
  9
$HYPERLINKBASE
  1

  9
$STYLESHEET
  1

  9
$XEDIT
290
     1
  9
$CEPSNTYPE
380
     0
  9
$PSTYLEMODE
290
     1
  9
$FINGERPRINTGUID
  2
{6A940FD9-D49C-421E-90A4-73E3829DEA58}
  9
$VERSIONGUID
  2
{7AA47F0F-E332-E94F-BB7D-0AF3D940D6DD}
  9
$EXTNAMES
290
     1
  9
$PSVPSCALE
 40
0.0
  9
$OLESTARTUP
290
     0
  9
$SORTENTS
280
   127
  9
$INDEXCTL
280
     0
  9
$HIDETEXT
280
     1
  9
$XCLIPFRAME
280
     2
  9
$HALOGAP
280
     0
  9
$OBSCOLOR
 70
   257
  9
$OBSLTYPE
280
     0
  9
$INTERSECTIONDISPLAY
280
     0
  9
$INTERSECTIONCOLOR
 70
   257
  9
$DIMASSOC
280
     1
  9
$PROJECTNAME
  1

  9
$CAMERADISPLAY
290
     0
  9
$LENSLENGTH
 40
50.0
  9
$CAMERAHEIGHT
 40
0.0
  9
$STEPSPERSEC
 40
2.0
  9
$STEPSIZE
 40
6.0
  9
$3DDWFPREC
 40
2.0
  9
$PSOLWIDTH
 40
0.25
  9
$PSOLHEIGHT
 40
4.0
  9
$LOFTANG1
 40
1.570796326794896
  9
$LOFTANG2
 40
1.570796326794896
  9
$LOFTMAG1
 40
0.0
  9
$LOFTMAG2
 40
0.0
  9
$LOFTPARAM
 70
     7
  9
$LOFTNORMALS
280
     1
  9
$LATITUDE
 40
37.795
  9
$LONGITUDE
 40
-122.394
  9
$NORTHDIRECTION
 40
0.0
  9
$TIMEZONE
 70
 -8000
  9
$LIGHTGLYPHDISPLAY
280
     1
  9
$TILEMODELIGHTSYNCH
280
     1
  9
$CMATERIAL
347
B42
  9
$SOLIDHIST
280
     0
  9
$SHOWHIST
280
     1
  9
$DWFFRAME
280
     2
  9
$DGNFRAME
280
     0
  9
$REALWORLDSCALE
290
     1
  9
$INTERFERECOLOR
 62
     1
  9
$INTERFEREOBJVS
345
1B99
  9
$INTERFEREVPVS
346
1B96
  9
$CSHADOW
280
     0
  9
$SHADOWPLANELOCATION
 40
0.0
  0
ENDSEC
  0
SECTION
  2
CLASSES
  0
CLASS
  1
ACDBDICTIONARYWDFLT
  2
AcDbDictionaryWithDefault
  3
ObjectDBX Classes
 90
        0
 91
        1
280
     0
281
     0
  0
CLASS
  1
MATERIAL
  2
AcDbMaterial
  3
ObjectDBX Classes
 90
     1153
 91
        3
280
     0
281
     0
  0
CLASS
  1
TABLESTYLE
  2
AcDbTableStyle
  3
ObjectDBX Classes
 90
     4095
 91
        1
280
     0
281
     0
  0
CLASS
  1
MLEADERSTYLE
  2
AcDbMLeaderStyle
  3
ACDB_MLEADERSTYLE_CLASS
 90
     4095
 91
        2
280
     0
281
     0
  0
CLASS
  1
SCALE
  2
AcDbScale
  3
ObjectDBX Classes
 90
     1153
 91
       33
280
     0
281
     0
  0
CLASS
  1
DICTIONARYVAR
  2
AcDbDictionaryVar
  3
ObjectDBX Classes
 90
        0
 91
       19
280
     0
281
     0
  0
CLASS
  1
SORTENTSTABLE
  2
AcDbSortentsTable
  3
ObjectDBX Classes
 90
        0
 91
        2
280
     0
281
     0
  0
CLASS
  1
MULTILEADER
  2
AcDbMLeader
  3
ACDB_MLEADER_CLASS
 90
     1025
 91
        0
280
     0
281
     1
  0
CLASS
  1
VISUALSTYLE
  2
AcDbVisualStyle
  3
ObjectDBX Classes
 90
     4095
 91
       24
280
     0
281
     0
  0
CLASS
  1
ACDBSECTIONVIEWSTYLE
  2
AcDbSectionViewStyle
  3
ObjectDBX Classes
 90
     1025
 91
        2
280
     0
281
     0
  0
CLASS
  1
ACDBDETAILVIEWSTYLE
  2
AcDbDetailViewStyle
  3
ObjectDBX Classes
 90
     1025
 91
        2
280
     0
281
     0
  0
CLASS
  1
CELLSTYLEMAP
  2
AcDbCellStyleMap
  3
ObjectDBX Classes
 90
     1152
 91
        3
280
     0
281
     0
  0
CLASS
  1
RAPIDRTRENDERSETTINGS
  2
AcDbRapidRTRenderSettings
  3
ObjectDBX Classes
 90
     1024
 91
        1
280
     0
281
     0
  0
CLASS
  1
DIMASSOC
  2
AcDbDimAssoc
  3
"AcDbDimAssoc|Product Desc:     AcDim ARX App For Dimension|Company:          Autodesk, Inc.|WEB Address:      www.autodesk.com"
 90
        0
 91
        6
280
     0
281
     0
  0
CLASS
  1
ARC_DIMENSION
  2
AcDbArcDimension
  3
ObjectDBX Classes
 90
     1025
 91
        0
280
     0
281
     1
  0
CLASS
  1
MENTALRAYRENDERSETTINGS
  2
AcDbMentalRayRenderSettings
  3
SCENEOE
 90
     1024
 91
        1
280
     0
281
     0
  0
ENDSEC
  0
SECTION
  2
TABLES
  0
TABLE
  2
VPORT
  5
B2F
330
0
100
AcDbSymbolTable
 70
     1
  0
VPORT
  5
B54
330
B2F
100
AcDbSymbolTableRecord
100
AcDbViewportTableRecord
  2
*ACTIVE
 70
     0
 10
0.0
 20
0.0
 11
1.0
 21
1.0
 12
760.8963011179812
 22
-4216.932831175834
 13
0.0
 23
0.0
 14
0.5
 24
0.5
 15
0.5
 25
0.5
 16
0.0
 26
0.0
 36
1.0
 17
0.0
 27
0.0
 37
0.0
 40
8720.357271898775
 41
1.69171974522293
 42
50.0
 43
0.0
 44
0.0
 50
0.0
 51
0.0
 71
    16
 72
  1000
 73
     1
 74
     3
 75
     0
 76
     0
 77
     0
 78
     0
281
     0
 65
     1
110
0.0
120
0.0
130
0.0
111
1.0
121
0.0
131
0.0
112
0.0
122
1.0
132
0.0
 79
     0
146
0.0
348
1B95
 60
     3
 61
     5
292
     1
282
     1
141
0.0
142
0.0
 63
   250
421
  3355443
1001
ACAD_NAV_VCDISPLAY
1070
     3
  0
ENDTAB
  0
TABLE
  2
LTYPE
  5
B2C
330
0
100
AcDbSymbolTable
 70
     4
  0
LTYPE
  5
B3A
330
B2C
100
AcDbSymbolTableRecord
100
AcDbLinetypeTableRecord
  2
ByBlock
 70
     0
  3

 72
    65
 73
     0
 40
0.0
  0
LTYPE
  5
B3B
330
B2C
100
AcDbSymbolTableRecord
100
AcDbLinetypeTableRecord
  2
ByLayer
 70
     0
  3

 72
    65
 73
     0
 40
0.0
  0
LTYPE
  5
B3C
330
B2C
100
AcDbSymbolTableRecord
100
AcDbLinetypeTableRecord
  2
CONTINUOUS
 70
     0
  3
Solid line
 72
    65
 73
     0
 40
0.0
  0
LTYPE
  5
B55
330
B2C
100
AcDbSymbolTableRecord
100
AcDbLinetypeTableRecord
  2
PHANTOM2
 70
     0
  3
Phantom (.5x) ___ _ _ ___ _ _ ___ _ _ ___ _ _
 72
    65
 73
     6
 40
1.25
 49
0.625
 74
     0
 49
-0.125
 74
     0
 49
0.125
 74
     0
 49
-0.125
 74
     0
 49
0.125
 74
     0
 49
-0.125
 74
     0
  0
LTYPE
  5
4002
330
B2C
100
AcDbSymbolTableRecord
100
AcDbLinetypeTableRecord
  2
DASHED2
 70
     0
  3
Dashed (0.5x) _ _ _ _ _ _ _ _ _ _ _ _ _ _ _ _ _
 72
    65
 73
     2
 40
0.375
 49
0.25
 74
     0
 49
-0.125
 74
     0
  0
LTYPE
  5
4003
330
B2C
100
AcDbSymbolTableRecord
100
AcDbLinetypeTableRecord
  2
CENTERX2
 70
     0
  3
Center (2x) ________  __  ________  __  _______
 72
    65
 73
     4
 40
4.0
 49
2.5
 74
     0
 49
-0.5
 74
     0
 49
0.5
 74
     0
 49
-0.5
 74
     0
  0
ENDTAB
  0
TABLE
  2
LAYER
  5
B29
102
{ACAD_XDICTIONARY
360
BE7
102
}
330
0
100
AcDbSymbolTable
 70
     5
  0
LAYER
  5
B37
102
{ACAD_XDICTIONARY
360
1F24
102
}
330
B29
100
AcDbSymbolTableRecord
100
AcDbLayerTableRecord
  2
0
 70
     0
 62
     7
  6
CONTINUOUS
370
    50
390
B36
347
B44
348
0
  0
LAYER
  5
B52
102
{ACAD_XDICTIONARY
360
1F26
102
}
330
B29
100
AcDbSymbolTableRecord
100
AcDbLayerTableRecord
  2
РАЗМЕРЫ
 70
     0
 62
     7
  6
CONTINUOUS
370
    25
390
B36
347
B44
348
0
  0
LAYER
  5
B56
102
{ACAD_XDICTIONARY
360
1F28
102
}
330
B29
100
AcDbSymbolTableRecord
100
AcDbLayerTableRecord
  2
ОПИСАНИЕ
 70
     0
 62
     7
  6
CONTINUOUS
370
    25
390
B36
347
B44
348
0
  0
LAYER
  5
B57
330
B29
100
AcDbSymbolTableRecord
100
AcDbLayerTableRecord
  2
DEFPOINTS
 70
     0
 62
     7
  6
CONTINUOUS
290
     0
370
    -3
390
B36
347
B44
348
0
  0
LAYER
  5
4C4B
330
B29
100
AcDbSymbolTableRecord
100
AcDbLayerTableRecord
  2
размерный
 70
     0
 62
   251
  6
CONTINUOUS
370
    13
390
B36
347
B44
348
0
1001
ACAECLAYERSTANDARD
1000

1000

1001
AcCmTransparency
1071
        0
  0
ENDTAB
  0
TABLE
  2
STYLE
  5
B2A
330
0
100
AcDbSymbolTable
 70
     4
  0
STYLE
  5
B38
330
B2A
100
AcDbSymbolTableRecord
100
AcDbTextStyleTableRecord
  2
STANDARD
 70
     0
 40
0.0
 41
1.0
 50
0.0
 71
     0
 42
0.2
  3
txt
  4

  0
STYLE
  5
B53
330
B2A
100
AcDbSymbolTableRecord
100
AcDbTextStyleTableRecord
  2
ОФОРМИТЕЛЬ
 70
     0
 40
25.0
 41
1.0
 50
0.0
 71
     0
 42
25.0
  3
txt
  4

  0
STYLE
  5
B58
330
B2A
100
AcDbSymbolTableRecord
100
AcDbTextStyleTableRecord
  2
GOST-2_304_TYPE-B_ITALIC
 70
     0
 40
0.0
 41
1.0
 50
0.0
 71
     0
 42
2.5
  3
txt
  4

  0
STYLE
  5
4004
330
B2A
100
AcDbSymbolTableRecord
100
AcDbTextStyleTableRecord
  2
MTX_TXT_SHX
 70
     0
 40
0.0
 41
1.0
 50
0.0
 71
     0
 42
2.5
  3
txt.shx
  4

  0
ENDTAB
  0
TABLE
  2
VIEW
  5
B2D
330
0
100
AcDbSymbolTable
 70
     2
  0
ENDTAB
  0
TABLE
  2
UCS
  5
B2E
330
0
100
AcDbSymbolTable
 70
     0
  0
ENDTAB
  0
TABLE
  2
APPID
  5
B30
330
0
100
AcDbSymbolTable
 70
    21
  0
APPID
  5
B39
330
B30
100
AcDbSymbolTableRecord
100
AcDbRegAppTableRecord
  2
ACAD
 70
     0
  0
APPID
  5
B59
330
B30
100
AcDbSymbolTableRecord
100
AcDbRegAppTableRecord
  2
ACAD_PSEXT
 70
     0
  0
APPID
  5
B5A
330
B30
100
AcDbSymbolTableRecord
100
AcDbRegAppTableRecord
  2
ACAD_NAV_VCDISPLAY
 70
     0
  0
APPID
  5
B5B
330
B30
100
AcDbSymbolTableRecord
100
AcDbRegAppTableRecord
  2
ACAD_DSTYLE_DIMBREAK
 70
     0
  0
APPID
  5
B5C
330
B30
100
AcDbSymbolTableRecord
100
AcDbRegAppTableRecord
  2
ACAECLAYERSTANDARD
 70
     0
  0
APPID
  5
B5D
330
B30
100
AcDbSymbolTableRecord
100
AcDbRegAppTableRecord
  2
ACADANNOTATIVE
 70
     0
  0
APPID
  5
B5E
330
B30
100
AcDbSymbolTableRecord
100
AcDbRegAppTableRecord
  2
ACAD_DSTYLE_DIMRADIAL_EXTENSION
 70
     0
  0
APPID
  5
B5F
330
B30
100
AcDbSymbolTableRecord
100
AcDbRegAppTableRecord
  2
ACAD_MLEADERVER
 70
     0
  0
APPID
  5
1B33
330
B30
100
AcDbSymbolTableRecord
100
AcDbRegAppTableRecord
  2
ACAD_DSTYLE_DIMTEXT_FILL
 70
     0
  0
APPID
  5
1B6F
330
B30
100
AcDbSymbolTableRecord
100
AcDbRegAppTableRecord
  2
ACAD_OBJECT_CHANGE_GUID
 70
     0
  0
APPID
  5
1BC0
330
B30
100
AcDbSymbolTableRecord
100
AcDbRegAppTableRecord
  2
ACAD_DSTYLE_DIMJAG
 70
     0
  0
APPID
  5
1BC1
330
B30
100
AcDbSymbolTableRecord
100
AcDbRegAppTableRecord
  2
ACAD_DSTYLE_DIMTALN
 70
     0
  0
APPID
  5
1FAA
330
B30
100
AcDbSymbolTableRecord
100
AcDbRegAppTableRecord
  2
ACAD_EXEMPT_FROM_CAD_STANDARDS
 70
     0
  0
APPID
  5
27F3
330
B30
100
AcDbSymbolTableRecord
100
AcDbRegAppTableRecord
  2
Acad_TC
 70
     0
  0
APPID
  5
2D5F
330
B30
100
AcDbSymbolTableRecord
100
AcDbRegAppTableRecord
  2
GradientColor1ACI
 70
     0
  0
APPID
  5
2D60
330
B30
100
AcDbSymbolTableRecord
100
AcDbRegAppTableRecord
  2
GradientColor2ACI
 70
     0
  0
APPID
  5
4005
330
B30
100
AcDbSymbolTableRecord
100
AcDbRegAppTableRecord
  2
ACAD_DSTYLE_DIMRADIAL_EXTE
 70
     0
  0
APPID
  5
4388
330
B30
100
AcDbSymbolTableRecord
100
AcDbRegAppTableRecord
  2
AcadAnnoMonitorAlertIconDisabled
 70
     0
  0
APPID
  5
4B9E
330
B30
100
AcDbSymbolTableRecord
100
AcDbRegAppTableRecord
  2
DetailViewStyle
 70
     0
  0
APPID
  5
4BA6
330
B30
100
AcDbSymbolTableRecord
100
AcDbRegAppTableRecord
  2
SectionViewStyle
 70
     0
  0
APPID
  5
4C4C
330
B30
100
AcDbSymbolTableRecord
100
AcDbRegAppTableRecord
  2
AcCmTransparency
 70
     0
  0
ENDTAB
  0
TABLE
  2
DIMSTYLE
  5
B31
330
0
100
AcDbSymbolTable
 70
     4
100
AcDbDimStyleTable
 71
     1
340
B61
  0
DIMSTYLE
105
B60
330
B31
100
AcDbSymbolTableRecord
100
AcDbDimStyleTableRecord
  2
STANDARD
 70
     0
279
     2
340
B53
  0
DIMSTYLE
105
B61
102
{ACAD_REACTORS
330
4BCB
330
4BD9
330
4BE7
102
}
330
B31
100
AcDbSymbolTableRecord
100
AcDbDimStyleTableRecord
  2
ОФОРМИТЕЛЬ
 70
     0
 41
25.0
 42
10.0
 44
10.0
140
25.0
147
3.0
176
   256
177
   256
178
   256
271
     2
272
     2
279
     2
340
B53
1001
ACAD_DSTYLE_DIMJAG
1070
   388
1040
1.5
1001
ACAD_DSTYLE_DIMBREAK
1070
   391
1040
3.0
1001
ACAD_DSTYLE_DIMTALN
1070
   392
1070
     0
  0
DIMSTYLE
105
B62
102
{ACAD_REACTORS
330
4C6A
330
4C6D
330
4C70
330
4C75
330
4C78
330
4C7B
330
4C7C
102
}
330
B31
100
AcDbSymbolTableRecord
100
AcDbDimStyleTableRecord
  2
ISO-25
 70
     0
 41
2.5
 42
0.625
 43
3.75
 44
1.25
 73
     0
 74
     0
 77
     1
 78
     8
140
2.5
141
2.5
143
0.03937007874016
147
0.625
171
     3
172
     1
279
     2
340
B53
  0
DIMSTYLE
105
3C26
330
B31
100
AcDbSymbolTableRecord
100
AcDbDimStyleTableRecord
  2
Аннотативный
 70
     0
 40
0.0
 41
2.5
 42
0.625
 43
3.75
 44
1.25
 73
     0
 74
     0
 77
     1
 78
     8
140
2.5
141
2.5
143
0.03937007874016
147
0.625
171
     3
172
     1
271
     2
272
     2
274
     3
278
    44
283
     0
284
     8
340
B38
1001
ACADANNOTATIVE
1000
AnnotativeData
1002
{
1070
     1
1070
     1
1002
}
1001
ACAD_DSTYLE_DIMJAG
1070
   388
1040
1.5
1001
ACAD_DSTYLE_DIMTALN
1070
   392
1070
     0
  0
ENDTAB
  0
TABLE
  2
BLOCK_RECORD
  5
B28
330
0
100
AcDbSymbolTable
 70
   113
  0
BLOCK_RECORD
  5
B4E
102
{ACAD_XDICTIONARY
360
156B
102
}
330
B28
100
AcDbSymbolTableRecord
100
AcDbBlockTableRecord
  2
*Model_Space
340
B51
 70
     0
280
     1
281
     0
  0
BLOCK_RECORD
  5
B4A
330
B28
100
AcDbSymbolTableRecord
100
AcDbBlockTableRecord
  2
*Paper_Space
340
B4D
 70
     0
280
     1
281
     0
  0
BLOCK_RECORD
  5
B64
330
B28
100
AcDbSymbolTableRecord
100
AcDbBlockTableRecord
  2
$MODEL_SPACE
340
0
 70
     0
280
     1
281
     0
  0
BLOCK_RECORD
  5
B66
330
B28
100
AcDbSymbolTableRecord
100
AcDbBlockTableRecord
  2
$PAPER_SPACE
340
0
 70
     0
280
     1
281
     0
  0
BLOCK_RECORD
  5
B68
330
B28
100
AcDbSymbolTableRecord
100
AcDbBlockTableRecord
  2
_CLOSEDBLANK
340
0
 70
     0
280
     1
281
     0
  0
BLOCK_RECORD
  5
B92
330
B28
100
AcDbSymbolTableRecord
100
AcDbBlockTableRecord
  2
Z$W__42B8221C
340
0
 70
     0
280
     1
281
     0
  0
BLOCK_RECORD
  5
B94
330
B28
100
AcDbSymbolTableRecord
100
AcDbBlockTableRecord
  2
*U4
340
0
102
{BLKREFS
331
46D
102
}
 70
     0
280
     1
281
     0
  0
BLOCK_RECORD
  5
B95
330
B28
100
AcDbSymbolTableRecord
100
AcDbBlockTableRecord
  2
1
340
0
 70
     0
280
     1
281
     0
  0
BLOCK_RECORD
  5
B97
330
B28
100
AcDbSymbolTableRecord
100
AcDbBlockTableRecord
  2
Z$W__2A0F0E30
340
0
 70
     0
280
     1
281
     0
  0
BLOCK_RECORD
  5
233F
102
{ACAD_XDICTIONARY
360
2341
102
}
330
B28
100
AcDbSymbolTableRecord
100
AcDbBlockTableRecord
  2
A$C1024cc51
340
0
 70
     0
280
     1
281
     0
  0
BLOCK_RECORD
  5
4BCC
330
B28
100
AcDbSymbolTableRecord
100
AcDbBlockTableRecord
  2
*D8
340
0
 70
     0
280
     1
281
     0
  0
BLOCK_RECORD
  5
4BDA
330
B28
100
AcDbSymbolTableRecord
100
AcDbBlockTableRecord
  2
*D9
340
0
 70
     0
280
     1
281
     0
  0
BLOCK_RECORD
  5
4BE8
330
B28
100
AcDbSymbolTableRecord
100
AcDbBlockTableRecord
  2
*D10
340
0
 70
     0
280
     1
281
     0
  0
BLOCK_RECORD
  5
4BF3
330
B28
100
AcDbSymbolTableRecord
100
AcDbBlockTableRecord
  2
_ArchTick
340
0
 70
     0
280
     1
281
     0
  0
BLOCK_RECORD
  5
4C7F
330
B28
100
AcDbSymbolTableRecord
100
AcDbBlockTableRecord
  2
*D12
340
0
 70
     0
280
     1
281
     0
  0
BLOCK_RECORD
  5
4C8B
330
B28
100
AcDbSymbolTableRecord
100
AcDbBlockTableRecord
  2
*D13
340
0
 70
     0
280
     1
281
     0
  0
BLOCK_RECORD
  5
4C97
330
B28
100
AcDbSymbolTableRecord
100
AcDbBlockTableRecord
  2
*D14
340
0
 70
     0
280
     1
281
     0
  0
BLOCK_RECORD
  5
4CA3
330
B28
100
AcDbSymbolTableRecord
100
AcDbBlockTableRecord
  2
*D15
340
0
 70
     0
280
     1
281
     0
  0
BLOCK_RECORD
  5
4CAF
330
B28
100
AcDbSymbolTableRecord
100
AcDbBlockTableRecord
  2
*D16
340
0
 70
     0
280
     1
281
     0
  0
BLOCK_RECORD
  5
4CBB
330
B28
100
AcDbSymbolTableRecord
100
AcDbBlockTableRecord
  2
*D17
340
0
 70
     0
280
     1
281
     0
  0
BLOCK_RECORD
  5
4CD0
330
B28
100
AcDbSymbolTableRecord
100
AcDbBlockTableRecord
  2
*D18
340
0
 70
     0
280
     1
281
     0
  0
BLOCK_RECORD
  5
4CFB
330
B28
100
AcDbSymbolTableRecord
100
AcDbBlockTableRecord
  2
*D19
340
0
 70
     0
280
     1
281
     0
  0
BLOCK_RECORD
  5
4D09
330
B28
100
AcDbSymbolTableRecord
100
AcDbBlockTableRecord
  2
*D20
340
0
 70
     0
280
     1
281
     0
  0
BLOCK_RECORD
  5
4D17
330
B28
100
AcDbSymbolTableRecord
100
AcDbBlockTableRecord
  2
*D21
340
0
 70
     0
280
     1
281
     0
  0
BLOCK_RECORD
  5
4D25
330
B28
100
AcDbSymbolTableRecord
100
AcDbBlockTableRecord
  2
*D22
340
0
 70
     0
280
     1
281
     0
  0
BLOCK_RECORD
  5
4D33
330
B28
100
AcDbSymbolTableRecord
100
AcDbBlockTableRecord
  2
*D23
340
0
 70
     0
280
     1
281
     0
  0
BLOCK_RECORD
  5
4D41
330
B28
100
AcDbSymbolTableRecord
100
AcDbBlockTableRecord
  2
*D24
340
0
 70
     0
280
     1
281
     0
  0
BLOCK_RECORD
  5
4D4F
330
B28
100
AcDbSymbolTableRecord
100
AcDbBlockTableRecord
  2
*D25
340
0
 70
     0
280
     1
281
     0
  0
BLOCK_RECORD
  5
4D5D
330
B28
100
AcDbSymbolTableRecord
100
AcDbBlockTableRecord
  2
*D26
340
0
 70
     0
280
     1
281
     0
  0
BLOCK_RECORD
  5
4D6B
330
B28
100
AcDbSymbolTableRecord
100
AcDbBlockTableRecord
  2
*D27
340
0
 70
     0
280
     1
281
     0
  0
BLOCK_RECORD
  5
4D79
330
B28
100
AcDbSymbolTableRecord
100
AcDbBlockTableRecord
  2
*D28
340
0
 70
     0
280
     1
281
     0
  0
BLOCK_RECORD
  5
4D87
330
B28
100
AcDbSymbolTableRecord
100
AcDbBlockTableRecord
  2
*D29
340
0
 70
     0
280
     1
281
     0
  0
BLOCK_RECORD
  5
4D94
330
B28
100
AcDbSymbolTableRecord
100
AcDbBlockTableRecord
  2
*D30
340
0
 70
     0
280
     1
281
     0
  0
BLOCK_RECORD
  5
4DA1
330
B28
100
AcDbSymbolTableRecord
100
AcDbBlockTableRecord
  2
*D31
340
0
 70
     0
280
     1
281
     0
  0
BLOCK_RECORD
  5
4DAE
330
B28
100
AcDbSymbolTableRecord
100
AcDbBlockTableRecord
  2
*D32
340
0
 70
     0
280
     1
281
     0
  0
BLOCK_RECORD
  5
4DC6
330
B28
100
AcDbSymbolTableRecord
100
AcDbBlockTableRecord
  2
*D33
340
0
 70
     0
280
     1
281
     0
  0
BLOCK_RECORD
  5
4DD3
330
B28
100
AcDbSymbolTableRecord
100
AcDbBlockTableRecord
  2
*D34
340
0
 70
     0
280
     1
281
     0
  0
BLOCK_RECORD
  5
4DE0
330
B28
100
AcDbSymbolTableRecord
100
AcDbBlockTableRecord
  2
*D35
340
0
 70
     0
280
     1
281
     0
  0
BLOCK_RECORD
  5
4DEE
330
B28
100
AcDbSymbolTableRecord
100
AcDbBlockTableRecord
  2
*D36
340
0
 70
     0
280
     1
281
     0
  0
BLOCK_RECORD
  5
4DFC
330
B28
100
AcDbSymbolTableRecord
100
AcDbBlockTableRecord
  2
*D37
340
0
 70
     0
280
     1
281
     0
  0
BLOCK_RECORD
  5
4E14
330
B28
100
AcDbSymbolTableRecord
100
AcDbBlockTableRecord
  2
*D38
340
0
 70
     0
280
     1
281
     0
  0
BLOCK_RECORD
  5
4E22
330
B28
100
AcDbSymbolTableRecord
100
AcDbBlockTableRecord
  2
*D39
340
0
 70
     0
280
     1
281
     0
  0
BLOCK_RECORD
  5
4E30
330
B28
100
AcDbSymbolTableRecord
100
AcDbBlockTableRecord
  2
*D40
340
0
 70
     0
280
     1
281
     0
  0
BLOCK_RECORD
  5
4EC9
330
B28
100
AcDbSymbolTableRecord
100
AcDbBlockTableRecord
  2
*D41
340
0
 70
     0
280
     1
281
     0
  0
BLOCK_RECORD
  5
4ED5
330
B28
100
AcDbSymbolTableRecord
100
AcDbBlockTableRecord
  2
*D42
340
0
 70
     0
280
     1
281
     0
  0
BLOCK_RECORD
  5
4EFB
330
B28
100
AcDbSymbolTableRecord
100
AcDbBlockTableRecord
  2
*D43
340
0
 70
     0
280
     1
281
     0
  0
BLOCK_RECORD
  5
4F08
330
B28
100
AcDbSymbolTableRecord
100
AcDbBlockTableRecord
  2
*D44
340
0
 70
     0
280
     1
281
     0
  0
BLOCK_RECORD
  5
4F15
330
B28
100
AcDbSymbolTableRecord
100
AcDbBlockTableRecord
  2
*D45
340
0
 70
     0
280
     1
281
     0
  0
BLOCK_RECORD
  5
4F22
330
B28
100
AcDbSymbolTableRecord
100
AcDbBlockTableRecord
  2
*D46
340
0
 70
     0
280
     1
281
     0
  0
BLOCK_RECORD
  5
4F86
330
B28
100
AcDbSymbolTableRecord
100
AcDbBlockTableRecord
  2
*D47
340
0
 70
     0
280
     1
281
     0
  0
BLOCK_RECORD
  5
4F94
330
B28
100
AcDbSymbolTableRecord
100
AcDbBlockTableRecord
  2
*D48
340
0
 70
     0
280
     1
281
     0
  0
BLOCK_RECORD
  5
5016
330
B28
100
AcDbSymbolTableRecord
100
AcDbBlockTableRecord
  2
*D49
340
0
 70
     0
280
     1
281
     0
  0
BLOCK_RECORD
  5
5022
330
B28
100
AcDbSymbolTableRecord
100
AcDbBlockTableRecord
  2
*D50
340
0
 70
     0
280
     1
281
     0
  0
BLOCK_RECORD
  5
502E
330
B28
100
AcDbSymbolTableRecord
100
AcDbBlockTableRecord
  2
*D51
340
0
 70
     0
280
     1
281
     0
  0
BLOCK_RECORD
  5
503B
330
B28
100
AcDbSymbolTableRecord
100
AcDbBlockTableRecord
  2
*D52
340
0
 70
     0
280
     1
281
     0
  0
BLOCK_RECORD
  5
5048
330
B28
100
AcDbSymbolTableRecord
100
AcDbBlockTableRecord
  2
*D53
340
0
 70
     0
280
     1
281
     0
  0
BLOCK_RECORD
  5
5055
330
B28
100
AcDbSymbolTableRecord
100
AcDbBlockTableRecord
  2
*D54
340
0
 70
     0
280
     1
281
     0
  0
BLOCK_RECORD
  5
50B4
330
B28
100
AcDbSymbolTableRecord
100
AcDbBlockTableRecord
  2
*D55
340
0
 70
     0
280
     1
281
     0
  0
BLOCK_RECORD
  5
50C2
330
B28
100
AcDbSymbolTableRecord
100
AcDbBlockTableRecord
  2
*D56
340
0
 70
     0
280
     1
281
     0
  0
BLOCK_RECORD
  5
5153
330
B28
100
AcDbSymbolTableRecord
100
AcDbBlockTableRecord
  2
*D57
340
0
 70
     0
280
     1
281
     0
  0
BLOCK_RECORD
  5
515F
330
B28
100
AcDbSymbolTableRecord
100
AcDbBlockTableRecord
  2
*D58
340
0
 70
     0
280
     1
281
     0
  0
BLOCK_RECORD
  5
516B
330
B28
100
AcDbSymbolTableRecord
100
AcDbBlockTableRecord
  2
*D59
340
0
 70
     0
280
     1
281
     0
  0
BLOCK_RECORD
  5
5178
330
B28
100
AcDbSymbolTableRecord
100
AcDbBlockTableRecord
  2
*D60
340
0
 70
     0
280
     1
281
     0
  0
BLOCK_RECORD
  5
5185
330
B28
100
AcDbSymbolTableRecord
100
AcDbBlockTableRecord
  2
*D61
340
0
 70
     0
280
     1
281
     0
  0
BLOCK_RECORD
  5
5192
330
B28
100
AcDbSymbolTableRecord
100
AcDbBlockTableRecord
  2
*D62
340
0
 70
     0
280
     1
281
     0
  0
BLOCK_RECORD
  5
5208
330
B28
100
AcDbSymbolTableRecord
100
AcDbBlockTableRecord
  2
*D63
340
0
 70
     0
280
     1
281
     0
  0
BLOCK_RECORD
  5
5216
330
B28
100
AcDbSymbolTableRecord
100
AcDbBlockTableRecord
  2
*D64
340
0
 70
     0
280
     1
281
     0
  0
BLOCK_RECORD
  5
52A7
330
B28
100
AcDbSymbolTableRecord
100
AcDbBlockTableRecord
  2
*D65
340
0
 70
     0
280
     1
281
     0
  0
BLOCK_RECORD
  5
52B3
330
B28
100
AcDbSymbolTableRecord
100
AcDbBlockTableRecord
  2
*D66
340
0
 70
     0
280
     1
281
     0
  0
BLOCK_RECORD
  5
52BF
330
B28
100
AcDbSymbolTableRecord
100
AcDbBlockTableRecord
  2
*D67
340
0
 70
     0
280
     1
281
     0
  0
BLOCK_RECORD
  5
52CC
330
B28
100
AcDbSymbolTableRecord
100
AcDbBlockTableRecord
  2
*D68
340
0
 70
     0
280
     1
281
     0
  0
BLOCK_RECORD
  5
52D9
330
B28
100
AcDbSymbolTableRecord
100
AcDbBlockTableRecord
  2
*D69
340
0
 70
     0
280
     1
281
     0
  0
BLOCK_RECORD
  5
52E6
330
B28
100
AcDbSymbolTableRecord
100
AcDbBlockTableRecord
  2
*D70
340
0
 70
     0
280
     1
281
     0
  0
BLOCK_RECORD
  5
5300
330
B28
100
AcDbSymbolTableRecord
100
AcDbBlockTableRecord
  2
*D71
340
0
 70
     0
280
     1
281
     0
  0
BLOCK_RECORD
  5
535C
330
B28
100
AcDbSymbolTableRecord
100
AcDbBlockTableRecord
  2
*D72
340
0
 70
     0
280
     1
281
     0
  0
BLOCK_RECORD
  5
53F7
330
B28
100
AcDbSymbolTableRecord
100
AcDbBlockTableRecord
  2
*D73
340
0
 70
     0
280
     1
281
     0
  0
BLOCK_RECORD
  5
5403
330
B28
100
AcDbSymbolTableRecord
100
AcDbBlockTableRecord
  2
*D74
340
0
 70
     0
280
     1
281
     0
  0
BLOCK_RECORD
  5
540F
330
B28
100
AcDbSymbolTableRecord
100
AcDbBlockTableRecord
  2
*D75
340
0
 70
     0
280
     1
281
     0
  0
BLOCK_RECORD
  5
541C
330
B28
100
AcDbSymbolTableRecord
100
AcDbBlockTableRecord
  2
*D76
340
0
 70
     0
280
     1
281
     0
  0
BLOCK_RECORD
  5
5429
330
B28
100
AcDbSymbolTableRecord
100
AcDbBlockTableRecord
  2
*D77
340
0
 70
     0
280
     1
281
     0
  0
BLOCK_RECORD
  5
5436
330
B28
100
AcDbSymbolTableRecord
100
AcDbBlockTableRecord
  2
*D78
340
0
 70
     0
280
     1
281
     0
  0
BLOCK_RECORD
  5
5443
330
B28
100
AcDbSymbolTableRecord
100
AcDbBlockTableRecord
  2
*D79
340
0
 70
     0
280
     1
281
     0
  0
BLOCK_RECORD
  5
54B6
330
B28
100
AcDbSymbolTableRecord
100
AcDbBlockTableRecord
  2
*D80
340
0
 70
     0
280
     1
281
     0
  0
BLOCK_RECORD
  5
54C9
330
B28
100
AcDbSymbolTableRecord
100
AcDbBlockTableRecord
  2
*D81
340
0
 70
     0
280
     1
281
     0
  0
BLOCK_RECORD
  5
54D7
330
B28
100
AcDbSymbolTableRecord
100
AcDbBlockTableRecord
  2
*D82
340
0
 70
     0
280
     1
281
     0
  0
BLOCK_RECORD
  5
54E5
330
B28
100
AcDbSymbolTableRecord
100
AcDbBlockTableRecord
  2
*D83
340
0
 70
     0
280
     1
281
     0
  0
BLOCK_RECORD
  5
54F3
330
B28
100
AcDbSymbolTableRecord
100
AcDbBlockTableRecord
  2
*D84
340
0
 70
     0
280
     1
281
     0
  0
BLOCK_RECORD
  5
5501
330
B28
100
AcDbSymbolTableRecord
100
AcDbBlockTableRecord
  2
*D85
340
0
 70
     0
280
     1
281
     0
  0
BLOCK_RECORD
  5
550F
330
B28
100
AcDbSymbolTableRecord
100
AcDbBlockTableRecord
  2
*D86
340
0
 70
     0
280
     1
281
     0
  0
BLOCK_RECORD
  5
551D
330
B28
100
AcDbSymbolTableRecord
100
AcDbBlockTableRecord
  2
*D87
340
0
 70
     0
280
     1
281
     0
  0
BLOCK_RECORD
  5
552B
330
B28
100
AcDbSymbolTableRecord
100
AcDbBlockTableRecord
  2
*D88
340
0
 70
     0
280
     1
281
     0
  0
BLOCK_RECORD
  5
5539
330
B28
100
AcDbSymbolTableRecord
100
AcDbBlockTableRecord
  2
*D89
340
0
 70
     0
280
     1
281
     0
  0
BLOCK_RECORD
  5
5546
330
B28
100
AcDbSymbolTableRecord
100
AcDbBlockTableRecord
  2
*D90
340
0
 70
     0
280
     1
281
     0
  0
BLOCK_RECORD
  5
5553
330
B28
100
AcDbSymbolTableRecord
100
AcDbBlockTableRecord
  2
*D91
340
0
 70
     0
280
     1
281
     0
  0
BLOCK_RECORD
  5
5560
330
B28
100
AcDbSymbolTableRecord
100
AcDbBlockTableRecord
  2
*D92
340
0
 70
     0
280
     1
281
     0
  0
BLOCK_RECORD
  5
5576
330
B28
100
AcDbSymbolTableRecord
100
AcDbBlockTableRecord
  2
*D93
340
0
 70
     0
280
     1
281
     0
  0
BLOCK_RECORD
  5
5584
330
B28
100
AcDbSymbolTableRecord
100
AcDbBlockTableRecord
  2
*D94
340
0
 70
     0
280
     1
281
     0
  0
BLOCK_RECORD
  5
5592
330
B28
100
AcDbSymbolTableRecord
100
AcDbBlockTableRecord
  2
*D95
340
0
 70
     0
280
     1
281
     0
  0
BLOCK_RECORD
  5
559D
330
B28
100
AcDbSymbolTableRecord
100
AcDbBlockTableRecord
  2
*D96
340
0
 70
     0
280
     1
281
     0
  0
BLOCK_RECORD
  5
55A8
330
B28
100
AcDbSymbolTableRecord
100
AcDbBlockTableRecord
  2
*D97
340
0
 70
     0
280
     1
281
     0
  0
BLOCK_RECORD
  5
55B3
330
B28
100
AcDbSymbolTableRecord
100
AcDbBlockTableRecord
  2
*D98
340
0
 70
     0
280
     1
281
     0
  0
BLOCK_RECORD
  5
55C9
330
B28
100
AcDbSymbolTableRecord
100
AcDbBlockTableRecord
  2
*D99
340
0
 70
     0
280
     1
281
     0
  0
BLOCK_RECORD
  5
55D6
330
B28
100
AcDbSymbolTableRecord
100
AcDbBlockTableRecord
  2
*D100
340
0
 70
     0
280
     1
281
     0
  0
BLOCK_RECORD
  5
55E3
330
B28
100
AcDbSymbolTableRecord
100
AcDbBlockTableRecord
  2
*D101
340
0
 70
     0
280
     1
281
     0
  0
BLOCK_RECORD
  5
55F0
330
B28
100
AcDbSymbolTableRecord
100
AcDbBlockTableRecord
  2
*D102
340
0
 70
     0
280
     1
281
     0
  0
BLOCK_RECORD
  5
55FD
330
B28
100
AcDbSymbolTableRecord
100
AcDbBlockTableRecord
  2
*D103
340
0
 70
     0
280
     1
281
     0
  0
BLOCK_RECORD
  5
560A
330
B28
100
AcDbSymbolTableRecord
100
AcDbBlockTableRecord
  2
*D104
340
0
 70
     0
280
     1
281
     0
  0
BLOCK_RECORD
  5
57A6
330
B28
100
AcDbSymbolTableRecord
100
AcDbBlockTableRecord
  2
*D105
340
0
 70
     0
280
     1
281
     0
  0
BLOCK_RECORD
  5
57D2
330
B28
100
AcDbSymbolTableRecord
100
AcDbBlockTableRecord
  2
*D106
340
0
 70
     0
280
     1
281
     0
  0
BLOCK_RECORD
  5
57EE
330
B28
100
AcDbSymbolTableRecord
100
AcDbBlockTableRecord
  2
*D107
340
0
 70
     0
280
     1
281
     0
  0
BLOCK_RECORD
  5
57FC
330
B28
100
AcDbSymbolTableRecord
100
AcDbBlockTableRecord
  2
*D108
340
0
 70
     0
280
     1
281
     0
  0
BLOCK_RECORD
  5
580A
330
B28
100
AcDbSymbolTableRecord
100
AcDbBlockTableRecord
  2
*D109
340
0
 70
     0
280
     1
281
     0
  0
BLOCK_RECORD
  5
5826
330
B28
100
AcDbSymbolTableRecord
100
AcDbBlockTableRecord
  2
*D110
340
0
 70
     0
280
     1
281
     0
  0
BLOCK_RECORD
  5
5834
330
B28
100
AcDbSymbolTableRecord
100
AcDbBlockTableRecord
  2
*D111
340
0
 70
     0
280
     1
281
     0
  0
BLOCK_RECORD
  5
5842
330
B28
100
AcDbSymbolTableRecord
100
AcDbBlockTableRecord
  2
*D112
340
0
 70
     0
280
     1
281
     0
  0
ENDTAB
  0
ENDSEC
  0
SECTION
  2
BLOCKS
  0
BLOCK
  5
B4F
330
B4E
100
AcDbEntity
  8
0
100
AcDbBlockBegin
  2
*Model_Space
 70
     0
 10
0.0
 20
0.0
 30
0.0
  3
*Model_Space
  1

  0
ENDBLK
  5
B50
330
B4E
100
AcDbEntity
  8
0
100
AcDbBlockEnd
  0
BLOCK
  5
B4B
330
B4A
100
AcDbEntity
 67
     1
  8
0
100
AcDbBlockBegin
  2
*Paper_Space
 70
     0
 10
0.0
 20
0.0
 30
0.0
  3
*Paper_Space
  1

  0
ENDBLK
  5
B4C
330
B4A
100
AcDbEntity
 67
     1
  8
0
100
AcDbBlockEnd
  0
BLOCK
  5
B65
330
B64
100
AcDbEntity
  8
0
100
AcDbBlockBegin
  2
$MODEL_SPACE
 70
     0
 10
0.0
 20
0.0
 30
0.0
  3
$MODEL_SPACE
  1

  0
ENDBLK
  5
2E7
330
B64
100
AcDbEntity
  8
0
100
AcDbBlockEnd
  0
BLOCK
  5
B67
330
B66
100
AcDbEntity
  8
0
100
AcDbBlockBegin
  2
$PAPER_SPACE
 70
     0
 10
0.0
 20
0.0
 30
0.0
  3
$PAPER_SPACE
  1

  0
ENDBLK
  5
2E3
330
B66
100
AcDbEntity
  8
0
100
AcDbBlockEnd
  0
BLOCK
  5
B69
330
B68
100
AcDbEntity
  8
0
100
AcDbBlockBegin
  2
_CLOSEDBLANK
 70
     0
 10
0.0
 20
0.0
 30
0.0
  3
_CLOSEDBLANK
  1

  0
LINE
  5
20D
330
B68
100
AcDbEntity
  8
0
 62
     0
100
AcDbLine
 10
-1.0
 20
0.166667
 30
0.0
 11
0.0
 21
0.0
 31
0.0
  0
LINE
  5
20E
330
B68
100
AcDbEntity
  8
0
 62
     0
100
AcDbLine
 10
0.0
 20
0.0
 30
0.0
 11
-1.0
 21
-0.166667
 31
0.0
  0
LINE
  5
20F
330
B68
100
AcDbEntity
  8
0
 62
     0
100
AcDbLine
 10
-1.0
 20
0.166667
 30
0.0
 11
-1.0
 21
-0.166667
 31
0.0
  0
ENDBLK
  5
211
330
B68
100
AcDbEntity
  8
0
100
AcDbBlockEnd
  0
BLOCK
  5
B93
330
B92
100
AcDbEntity
  8
0
100
AcDbBlockBegin
  2
Z$W__42B8221C
 70
     0
 10
0.0
 20
0.0
 30
0.0
  3
Z$W__42B8221C
  1

  0
INSERT
  5
46D
330
B92
100
AcDbEntity
  8
РАЗМЕРЫ
100
AcDbBlockReference
  2
*U4
 10
0.0
 20
0.0
 30
0.0
  0
ENDBLK
  5
46F
330
B92
100
AcDbEntity
  8
0
100
AcDbBlockEnd
  0
BLOCK
  5
BAE
330
B94
100
AcDbEntity
  8
0
100
AcDbBlockBegin
  2
*U4
 70
     1
 10
0.0
 20
0.0
 30
0.0
  3
*U4
  1

  0
TEXT
  5
AD1
330
B94
100
AcDbEntity
  8
ОПИСАНИЕ
100
AcDbText
 10
-0.000000000003641
 20
-0.0000000918862497
 30
0.0
 40
55.0
  1
301
  7
ОФОРМИТЕЛЬ
100
AcDbText
  0
ENDBLK
  5
AD3
330
B94
100
AcDbEntity
  8
0
100
AcDbBlockEnd
  0
BLOCK
  5
B96
330
B95
100
AcDbEntity
  8
0
100
AcDbBlockBegin
  2
1
 70
     0
 10
0.0
 20
0.0
 30
0.0
  3
1
  1

  0
LWPOLYLINE
  5
48E
330
B95
100
AcDbEntity
  8
0
 62
   152
100
AcDbPolyline
 90
        4
 70
     0
 43
0.0
 10
3339.071045485946
 20
-554.2876430888473
 10
3339.071045485946
 20
-338.6524989235718
 10
3886.875831065618
 20
-338.6524989235718
 10
3886.875831065618
 20
-554.2876430888473
  0
LINE
  5
48F
330
B95
100
AcDbEntity
  8
РАЗМЕРЫ
100
AcDbLine
 10
3339.071045485946
 20
-554.2876430888473
 30
0.0
 11
3886.875831065618
 21
-554.2876430888473
 31
0.0
  0
ENDBLK
  5
48D
330
B95
100
AcDbEntity
  8
0
100
AcDbBlockEnd
  0
BLOCK
  5
B98
330
B97
100
AcDbEntity
  8
0
100
AcDbBlockBegin
  2
Z$W__2A0F0E30
 70
     0
 10
0.0
 20
0.0
 30
0.0
  3
Z$W__2A0F0E30
  1

  0
LWPOLYLINE
  5
4A8
330
B97
100
AcDbEntity
  8
0
 62
   152
100
AcDbPolyline
 90
        4
 70
     1
 43
0.0
 10
-0.0000075938673945
 20
292.1888471501972
 10
554.4965156671337
 20
292.1888471501972
 10
554.4965156671337
 20
-0.0000016300205061
 10
-0.0000075938673945
 20
-0.0000016300205061
  0
ENDBLK
  5
4AA
330
B97
100
AcDbEntity
  8
0
100
AcDbBlockEnd
  0
BLOCK
  5
2343
330
233F
100
AcDbEntity
  8
0
100
AcDbBlockBegin
  2
A$C1024cc51
 70
     0
 10
0.0
 20
0.0
 30
0.0
  3
A$C1024cc51
  1

  0
LINE
  5
2340
330
233F
100
AcDbEntity
  8
0
100
AcDbLine
 10
0.0
 20
0.0
 30
0.0
 11
0.0
 21
840.0
 31
0.0
  0
ENDBLK
  5
2344
330
233F
100
AcDbEntity
  8
0
100
AcDbBlockEnd
  0
BLOCK
  5
4BCD
330
4BCC
100
AcDbEntity
  8
0
370
    25
100
AcDbBlockBegin
  2
*D8
 70
     1
 10
0.0
 20
0.0
 30
0.0
  3
*D8
  1

  0
LINE
  5
57B1
330
4BCC
100
AcDbEntity
  8
0
440
 16777216
370
    -2
100
AcDbLine
 10
-1880.056203402608
 20
-3270.427591977563
 30
0.0
 11
-1880.056203402608
 21
-3030.550995051957
 31
0.0
  0
LINE
  5
57B2
330
4BCC
100
AcDbEntity
  8
0
440
 16777216
370
    -2
100
AcDbLine
 10
-1560.056203402608
 20
-3270.427591977563
 30
0.0
 11
-1560.056203402608
 21
-3030.550995051957
 31
0.0
  0
LINE
  5
57B3
330
4BCC
100
AcDbEntity
  8
0
440
 16777216
370
    -2
100
AcDbLine
 10
-1855.056203402608
 20
-3040.550995051956
 30
0.0
 11
-1779.306203402608
 21
-3040.550995051956
 31
0.0
  0
LINE
  5
57B4
330
4BCC
100
AcDbEntity
  8
0
440
 16777216
370
    -2
100
AcDbLine
 10
-1585.056203402608
 20
-3040.550995051956
 30
0.0
 11
-1660.806203402608
 21
-3040.550995051956
 31
0.0
  0
SOLID
  5
57B5
330
4BCC
100
AcDbEntity
  8
0
440
 16777216
370
    25
100
AcDbTrace
 10
-1855.056203402608
 20
-3036.38432838529
 30
0.0
 11
-1855.056203402608
 21
-3044.717661718623
 31
0.0
 12
-1880.056203402608
 22
-3040.550995051956
 32
0.0
 13
-1880.056203402608
 23
-3040.550995051956
 33
0.0
  0
SOLID
  5
57B6
330
4BCC
100
AcDbEntity
  8
0
440
 16777216
370
    25
100
AcDbTrace
 10
-1585.056203402608
 20
-3036.38432838529
 30
0.0
 11
-1585.056203402608
 21
-3044.717661718623
 31
0.0
 12
-1560.056203402608
 22
-3040.550995051956
 32
0.0
 13
-1560.056203402608
 23
-3040.550995051956
 33
0.0
  0
MTEXT
  5
57B7
330
4BCC
100
AcDbEntity
  8
0
440
 16777216
370
    25
100
AcDbMText
 10
-1720.056203402608
 20
-3040.550995051956
 30
0.0
 40
25.0
 41
0.0
 46
0.0
 71
     5
 72
     1
  1
\A1;320.00
  7
ОФОРМИТЕЛЬ
 73
     1
 44
1.0
  0
POINT
  5
57B8
330
4BCC
100
AcDbEntity
  8
DEFPOINTS
 62
     0
440
 16777216
370
    25
100
AcDbPoint
 10
-1880.056203402608
 20
-3280.427591977563
 30
0.0
  0
POINT
  5
57B9
330
4BCC
100
AcDbEntity
  8
DEFPOINTS
 62
     0
440
 16777216
370
    25
100
AcDbPoint
 10
-1560.056203402608
 20
-3280.427591977563
 30
0.0
  0
POINT
  5
57BA
330
4BCC
100
AcDbEntity
  8
DEFPOINTS
 62
     0
440
 16777216
370
    25
100
AcDbPoint
 10
-1560.056203402608
 20
-3040.550995051956
 30
0.0
  0
ENDBLK
  5
4BCE
330
4BCC
100
AcDbEntity
  8
0
370
    25
100
AcDbBlockEnd
  0
BLOCK
  5
4BDB
330
4BDA
100
AcDbEntity
  8
0
370
    25
100
AcDbBlockBegin
  2
*D9
 70
     1
 10
0.0
 20
0.0
 30
0.0
  3
*D9
  1

  0
LINE
  5
57BB
330
4BDA
100
AcDbEntity
  8
0
440
 16777216
370
    -2
100
AcDbLine
 10
-1730.056203402608
 20
-3120.427591977561
 30
0.0
 11
-2003.668009024653
 21
-3120.427591977561
 31
0.0
  0
LINE
  5
57BC
330
4BDA
100
AcDbEntity
  8
0
440
 16777216
370
    -2
100
AcDbLine
 10
-1730.056203402608
 20
-3440.427591977561
 30
0.0
 11
-2003.668009024653
 21
-3440.427591977561
 31
0.0
  0
LINE
  5
57BD
330
4BDA
100
AcDbEntity
  8
0
440
 16777216
370
    -2
100
AcDbLine
 10
-1993.668009024653
 20
-3145.427591977561
 30
0.0
 11
-1993.668009024653
 21
-3264.927591977561
 31
0.0
  0
LINE
  5
57BE
330
4BDA
100
AcDbEntity
  8
0
440
 16777216
370
    -2
100
AcDbLine
 10
-1993.668009024653
 20
-3415.427591977561
 30
0.0
 11
-1993.668009024653
 21
-3295.927591977561
 31
0.0
  0
SOLID
  5
57BF
330
4BDA
100
AcDbEntity
  8
0
440
 16777216
370
    25
100
AcDbTrace
 10
-1997.83467569132
 20
-3145.427591977561
 30
0.0
 11
-1989.501342357986
 21
-3145.427591977561
 31
0.0
 12
-1993.668009024653
 22
-3120.427591977561
 32
0.0
 13
-1993.668009024653
 23
-3120.427591977561
 33
0.0
  0
SOLID
  5
57C0
330
4BDA
100
AcDbEntity
  8
0
440
 16777216
370
    25
100
AcDbTrace
 10
-1997.83467569132
 20
-3415.427591977561
 30
0.0
 11
-1989.501342357986
 21
-3415.427591977561
 31
0.0
 12
-1993.668009024653
 22
-3440.427591977561
 32
0.0
 13
-1993.668009024653
 23
-3440.427591977561
 33
0.0
  0
MTEXT
  5
57C1
330
4BDA
100
AcDbEntity
  8
0
440
 16777216
370
    25
100
AcDbMText
 10
-1993.668009024652
 20
-3280.427591977563
 30
0.0
 40
25.0
 41
0.0
 46
0.0
 71
     5
 72
     1
  1
\A1;320.00
  7
ОФОРМИТЕЛЬ
 73
     1
 44
1.0
  0
POINT
  5
57C2
330
4BDA
100
AcDbEntity
  8
DEFPOINTS
 62
     0
440
 16777216
370
    25
100
AcDbPoint
 10
-1720.056203402608
 20
-3120.427591977561
 30
0.0
  0
POINT
  5
57C3
330
4BDA
100
AcDbEntity
  8
DEFPOINTS
 62
     0
440
 16777216
370
    25
100
AcDbPoint
 10
-1720.056203402608
 20
-3440.427591977561
 30
0.0
  0
POINT
  5
57C4
330
4BDA
100
AcDbEntity
  8
DEFPOINTS
 62
     0
440
 16777216
370
    25
100
AcDbPoint
 10
-1993.668009024653
 20
-3440.427591977561
 30
0.0
  0
ENDBLK
  5
4BDC
330
4BDA
100
AcDbEntity
  8
0
370
    25
100
AcDbBlockEnd
  0
BLOCK
  5
4BE9
330
4BE8
100
AcDbEntity
  8
0
370
    25
100
AcDbBlockBegin
  2
*D10
 70
     1
 10
0.0
 20
0.0
 30
0.0
  3
*D10
  1

  0
LINE
  5
57C5
330
4BE8
100
AcDbEntity
  8
0
440
 16777216
370
    -2
100
AcDbLine
 10
-1720.056203402607
 20
-3280.427591977563
 30
0.0
 11
-1698.142183717548
 21
-3413.637110185695
 31
0.0
  0
MTEXT
  5
57C6
330
4BE8
100
AcDbEntity
  8
0
440
 16777216
370
    25
100
AcDbMText
 10
-1682.977086859231
 20
-3483.712287014503
 30
0.0
 40
25.0
 41
0.0
 46
0.0
 71
     5
 72
     1
  1
\A1;R160.00
  7
ОФОРМИТЕЛЬ
 73
     1
 44
1.0
  0
SOLID
  5
57C7
330
4BE8
100
AcDbEntity
  8
0
440
 16777216
370
    25
100
AcDbTrace
 10
-1694.030778834582
 20
-3412.96075155344
 30
0.0
 11
-1702.253588600516
 21
-3414.31346881795
 31
0.0
 12
-1694.084031924019
 22
-3438.305539483496
 32
0.0
 13
-1694.084031924019
 23
-3438.305539483496
 33
0.0
  0
POINT
  5
57C8
330
4BE8
100
AcDbEntity
  8
DEFPOINTS
 62
     0
440
 16777216
370
    25
100
AcDbPoint
 10
-1694.084031924019
 20
-3438.305539483496
 30
0.0
  0
POINT
  5
57C9
330
4BE8
100
AcDbEntity
  8
DEFPOINTS
 62
     0
440
 16777216
370
    25
100
AcDbPoint
 10
-1720.056203402607
 20
-3280.427591977563
 30
0.0
  0
ENDBLK
  5
4BEA
330
4BE8
100
AcDbEntity
  8
0
370
    25
100
AcDbBlockEnd
  0
BLOCK
  5
4BF4
330
4BF3
100
AcDbEntity
  8
0
100
AcDbBlockBegin
  2
_ArchTick
 70
     0
 10
0.0
 20
0.0
 30
0.0
  3
_ArchTick
  1

  0
LWPOLYLINE
  5
4BF5
330
4BF3
100
AcDbEntity
  8
0
  6
ByBlock
 62
     0
100
AcDbPolyline
 90
        2
 70
     0
 43
0.15
 10
-0.5
 20
-0.5
 10
0.5
 20
0.5
  0
ENDBLK
  5
4BF6
330
4BF3
100
AcDbEntity
  8
0
100
AcDbBlockEnd
  0
BLOCK
  5
4C80
330
4C7F
100
AcDbEntity
  8
0
370
    25
100
AcDbBlockBegin
  2
*D12
 70
     1
 10
0.0
 20
0.0
 30
0.0
  3
*D12
  1

  0
LINE
  5
4CC7
330
4C7F
100
AcDbEntity
  8
размерный
 62
     0
440
 16777216
370
    -2
100
AcDbLine
 10
1124.334681261847
 20
-2407.74102163678
 30
0.0
 11
894.8108475961435
 21
-2407.74102163678
 31
0.0
  0
LINE
  5
4CC8
330
4C7F
100
AcDbEntity
  8
размерный
 62
     0
440
 16777216
370
    -2
100
AcDbLine
 10
1124.334681261847
 20
-4457.74102163678
 30
0.0
 11
894.810847596144
 21
-4457.74102163678
 31
0.0
  0
LINE
  5
4CC9
330
4C7F
100
AcDbEntity
  8
размерный
 62
     0
440
 16777216
370
    -2
100
AcDbLine
 10
896.0608475961434
 20
-2410.24102163678
 30
0.0
 11
896.0608475961434
 21
-4455.241021636781
 31
0.0
  0
SOLID
  5
4CCA
330
4C7F
100
AcDbEntity
  8
размерный
 62
     0
440
 16777216
370
    25
100
AcDbTrace
 10
895.6441809294769
 20
-2410.24102163678
 30
0.0
 11
896.4775142628099
 21
-2410.24102163678
 31
0.0
 12
896.0608475961434
 22
-2407.74102163678
 32
0.0
 13
896.0608475961434
 23
-2407.74102163678
 33
0.0
  0
SOLID
  5
4CCB
330
4C7F
100
AcDbEntity
  8
размерный
 62
     0
440
 16777216
370
    25
100
AcDbTrace
 10
895.6441809294771
 20
-4455.241021636781
 30
0.0
 11
896.4775142628107
 21
-4455.241021636781
 31
0.0
 12
896.0608475961437
 22
-4457.74102163678
 32
0.0
 13
896.0608475961437
 23
-4457.74102163678
 33
0.0
  0
MTEXT
  5
4CCC
330
4C7F
100
AcDbEntity
  8
размерный
 62
     0
440
 16777216
100
AcDbMText
 10
882.9358475961425
 20
-3432.74102163678
 30
0.0
 40
25.0
 41
0.0
 46
0.0
 71
     5
 72
     1
  1
\A1;2050
  7
ОФОРМИТЕЛЬ
 11
0.0000000000000001
 21
1.0
 31
0.0
 73
     1
 44
1.0
1001
ACAD
1000
MTEXTBEGIN
1070
    73
1070
     1
1070
    44
1040
1.0
1070
    74
1070
     0
1000
MTEXTEND
  0
POINT
  5
4CCD
330
4C7F
100
AcDbEntity
  8
DEFPOINTS
 62
     0
440
 16777216
370
    25
100
AcDbPoint
 10
1124.959681261847
 20
-2407.74102163678
 30
0.0
  0
POINT
  5
4CCE
330
4C7F
100
AcDbEntity
  8
DEFPOINTS
 62
     0
440
 16777216
370
    25
100
AcDbPoint
 10
1124.959681261847
 20
-4457.74102163678
 30
0.0
  0
POINT
  5
4CCF
330
4C7F
100
AcDbEntity
  8
DEFPOINTS
 62
     0
440
 16777216
370
    25
100
AcDbPoint
 10
896.0608475961437
 20
-4457.74102163678
 30
0.0
  0
ENDBLK
  5
4C81
330
4C7F
100
AcDbEntity
  8
0
370
    25
100
AcDbBlockEnd
  0
BLOCK
  5
4C8C
330
4C8B
100
AcDbEntity
  8
0
370
    25
100
AcDbBlockBegin
  2
*D13
 70
     1
 10
0.0
 20
0.0
 30
0.0
  3
*D13
  1

  0
LINE
  5
4C8E
330
4C8B
100
AcDbEntity
  8
размерный
 62
     0
440
 16777216
370
    -2
100
AcDbLine
 10
-610.28071657807
 20
-1886.169330319762
 30
0.0
 11
-610.28071657807
 21
-1652.303797788394
 31
0.0
  0
LINE
  5
4C8F
330
4C8B
100
AcDbEntity
  8
размерный
 62
     0
440
 16777216
370
    -2
100
AcDbLine
 10
208.7181674338071
 20
-1887.125360145457
 30
0.0
 11
208.7181674338071
 21
-1652.303797788394
 31
0.0
  0
LINE
  5
4C90
330
4C8B
100
AcDbEntity
  8
размерный
 62
     0
440
 16777216
370
    -2
100
AcDbLine
 10
-607.78071657807
 20
-1653.553797788394
 30
0.0
 11
206.2181674338072
 21
-1653.553797788394
 31
0.0
  0
SOLID
  5
4C91
330
4C8B
100
AcDbEntity
  8
размерный
 62
     0
440
 16777216
370
    25
100
AcDbTrace
 10
-607.78071657807
 20
-1653.137131121727
 30
0.0
 11
-607.78071657807
 21
-1653.970464455061
 31
0.0
 12
-610.28071657807
 22
-1653.553797788394
 32
0.0
 13
-610.28071657807
 23
-1653.553797788394
 33
0.0
  0
SOLID
  5
4C92
330
4C8B
100
AcDbEntity
  8
размерный
 62
     0
440
 16777216
370
    25
100
AcDbTrace
 10
206.2181674338072
 20
-1653.137131121727
 30
0.0
 11
206.2181674338072
 21
-1653.970464455061
 31
0.0
 12
208.7181674338072
 22
-1653.553797788394
 32
0.0
 13
208.7181674338072
 23
-1653.553797788394
 33
0.0
  0
MTEXT
  5
4C93
330
4C8B
100
AcDbEntity
  8
размерный
 62
     0
440
 16777216
100
AcDbMText
 10
-200.7812745721314
 20
-1640.428797788394
 30
0.0
 40
25.0
 41
0.0
 46
0.0
 71
     5
 72
     1
  1
\A1;818.9989
  7
ОФОРМИТЕЛЬ
 73
     1
 44
1.0
1001
ACAD
1000
MTEXTBEGIN
1070
    73
1070
     1
1070
    44
1040
1.0
1070
    74
1070
     0
1000
MTEXTEND
  0
POINT
  5
4C94
330
4C8B
100
AcDbEntity
  8
DEFPOINTS
 62
     0
440
 16777216
370
    25
100
AcDbPoint
 10
-610.28071657807
 20
-1886.794330319762
 30
0.0
  0
POINT
  5
4C95
330
4C8B
100
AcDbEntity
  8
DEFPOINTS
 62
     0
440
 16777216
370
    25
100
AcDbPoint
 10
208.7181674338071
 20
-1887.750360145457
 30
0.0
  0
POINT
  5
4C96
330
4C8B
100
AcDbEntity
  8
DEFPOINTS
 62
     0
440
 16777216
370
    25
100
AcDbPoint
 10
208.7181674338072
 20
-1653.553797788394
 30
0.0
  0
ENDBLK
  5
4C8D
330
4C8B
100
AcDbEntity
  8
0
370
    25
100
AcDbBlockEnd
  0
BLOCK
  5
4C98
330
4C97
100
AcDbEntity
  8
0
370
    25
100
AcDbBlockBegin
  2
*D14
 70
     1
 10
0.0
 20
0.0
 30
0.0
  3
*D14
  1

  0
LINE
  5
4C9A
330
4C97
100
AcDbEntity
  8
размерный
 62
     0
440
 16777216
370
    -2
100
AcDbLine
 10
-605.28071657807
 20
-4457.419330319761
 30
0.0
 11
-605.28071657807
 21
-4774.433685828749
 31
0.0
  0
LINE
  5
4C9B
330
4C97
100
AcDbEntity
  8
размерный
 62
     0
440
 16777216
370
    -2
100
AcDbLine
 10
205.7181783347896
 20
-4458.366021636779
 30
0.0
 11
205.7181783347896
 21
-4774.433685828749
 31
0.0
  0
LINE
  5
4C9C
330
4C97
100
AcDbEntity
  8
размерный
 62
     0
440
 16777216
370
    -2
100
AcDbLine
 10
-602.78071657807
 20
-4773.18368582875
 30
0.0
 11
203.2181783347896
 21
-4773.18368582875
 31
0.0
  0
SOLID
  5
4C9D
330
4C97
100
AcDbEntity
  8
размерный
 62
     0
440
 16777216
370
    25
100
AcDbTrace
 10
-602.78071657807
 20
-4772.767019162083
 30
0.0
 11
-602.78071657807
 21
-4773.600352495416
 31
0.0
 12
-605.28071657807
 22
-4773.18368582875
 32
0.0
 13
-605.28071657807
 23
-4773.18368582875
 33
0.0
  0
SOLID
  5
4C9E
330
4C97
100
AcDbEntity
  8
размерный
 62
     0
440
 16777216
370
    25
100
AcDbTrace
 10
203.2181783347896
 20
-4772.767019162083
 30
0.0
 11
203.2181783347896
 21
-4773.600352495416
 31
0.0
 12
205.7181783347896
 22
-4773.18368582875
 32
0.0
 13
205.7181783347896
 23
-4773.18368582875
 33
0.0
  0
MTEXT
  5
4C9F
330
4C97
100
AcDbEntity
  8
размерный
 62
     0
440
 16777216
100
AcDbMText
 10
-199.7812691216402
 20
-4760.05868582875
 30
0.0
 40
25.0
 41
0.0
 46
0.0
 71
     5
 72
     1
  1
\A1;810.9989
  7
ОФОРМИТЕЛЬ
 73
     1
 44
1.0
1001
ACAD
1000
MTEXTBEGIN
1070
    73
1070
     1
1070
    44
1040
1.0
1070
    74
1070
     0
1000
MTEXTEND
  0
POINT
  5
4CA0
330
4C97
100
AcDbEntity
  8
DEFPOINTS
 62
     0
440
 16777216
370
    25
100
AcDbPoint
 10
-605.28071657807
 20
-4456.794330319761
 30
0.0
  0
POINT
  5
4CA1
330
4C97
100
AcDbEntity
  8
DEFPOINTS
 62
     0
440
 16777216
370
    25
100
AcDbPoint
 10
205.7181783347896
 20
-4457.741021636778
 30
0.0
  0
POINT
  5
4CA2
330
4C97
100
AcDbEntity
  8
DEFPOINTS
 62
     0
440
 16777216
370
    25
100
AcDbPoint
 10
205.7181783347896
 20
-4773.18368582875
 30
0.0
  0
ENDBLK
  5
4C99
330
4C97
100
AcDbEntity
  8
0
370
    25
100
AcDbBlockEnd
  0
BLOCK
  5
4CA4
330
4CA3
100
AcDbEntity
  8
0
370
    25
100
AcDbBlockBegin
  2
*D15
 70
     1
 10
0.0
 20
0.0
 30
0.0
  3
*D15
  1

  0
LINE
  5
4CDC
330
4CA3
100
AcDbEntity
  8
размерный
 62
     0
440
 16777216
370
    -2
100
AcDbLine
 10
-610.9057165780702
 20
-1886.794330319762
 30
0.0
 11
-913.517803565133
 21
-1886.794330319762
 31
0.0
  0
LINE
  5
4CDD
330
4CA3
100
AcDbEntity
  8
размерный
 62
     0
440
 16777216
370
    -2
100
AcDbLine
 10
-0.6250000000000001
 20
-4456.794330319763
 30
0.0
 11
-913.5178035651325
 21
-4456.794330319763
 31
0.0
  0
LINE
  5
4CDE
330
4CA3
100
AcDbEntity
  8
размерный
 62
     0
440
 16777216
370
    -2
100
AcDbLine
 10
-912.2678035651333
 20
-1889.294330319764
 30
0.0
 11
-912.2678035651333
 21
-4454.29433031976
 31
0.0
  0
SOLID
  5
4CDF
330
4CA3
100
AcDbEntity
  8
размерный
 62
     0
440
 16777216
370
    25
100
AcDbTrace
 10
-912.6844702317995
 20
-1889.294330319764
 30
0.0
 11
-911.8511368984664
 21
-1889.294330319764
 31
0.0
 12
-912.2678035651333
 22
-1886.794330319762
 32
0.0
 13
-912.2678035651333
 23
-1886.794330319762
 33
0.0
  0
SOLID
  5
4CE0
330
4CA3
100
AcDbEntity
  8
размерный
 62
     0
440
 16777216
370
    25
100
AcDbTrace
 10
-912.684470231799
 20
-4454.29433031976
 30
0.0
 11
-911.8511368984655
 21
-4454.29433031976
 31
0.0
 12
-912.2678035651324
 22
-4456.794330319763
 32
0.0
 13
-912.2678035651324
 23
-4456.794330319763
 33
0.0
  0
MTEXT
  5
4CE1
330
4CA3
100
AcDbEntity
  8
размерный
 62
     0
440
 16777216
100
AcDbMText
 10
-925.3928035651334
 20
-3171.794330319762
 30
0.0
 40
25.0
 41
0.0
 46
0.0
 71
     5
 72
     1
  1
\A1;2570
  7
ОФОРМИТЕЛЬ
 11
0.0000000000000001
 21
1.0
 31
0.0
 73
     1
 44
1.0
1001
ACAD
1000
MTEXTBEGIN
1070
    73
1070
     1
1070
    44
1040
1.0
1070
    74
1070
     0
1000
MTEXTEND
  0
POINT
  5
4CE2
330
4CA3
100
AcDbEntity
  8
DEFPOINTS
 62
     0
440
 16777216
370
    25
100
AcDbPoint
 10
-610.2807165780703
 20
-1886.794330319762
 30
0.0
  0
POINT
  5
4CE3
330
4CA3
100
AcDbEntity
  8
DEFPOINTS
 62
     0
440
 16777216
370
    25
100
AcDbPoint
 10
0.0
 20
-4456.794330319763
 30
0.0
  0
POINT
  5
4CE4
330
4CA3
100
AcDbEntity
  8
DEFPOINTS
 62
     0
440
 16777216
370
    25
100
AcDbPoint
 10
-912.2678035651324
 20
-4456.794330319763
 30
0.0
  0
ENDBLK
  5
4CA5
330
4CA3
100
AcDbEntity
  8
0
370
    25
100
AcDbBlockEnd
  0
BLOCK
  5
4CB0
330
4CAF
100
AcDbEntity
  8
0
370
    25
100
AcDbBlockBegin
  2
*D16
 70
     1
 10
0.0
 20
0.0
 30
0.0
  3
*D16
  1

  0
LINE
  5
4CB2
330
4CAF
100
AcDbEntity
  8
размерный
 62
     0
440
 16777216
370
    -2
100
AcDbLine
 10
1124.959681261846
 20
-2407.116021636779
 30
0.0
 11
1124.959681261846
 21
-2280.053087654422
 31
0.0
  0
LINE
  5
4CB3
330
4CAF
100
AcDbEntity
  8
размерный
 62
     0
440
 16777216
370
    -2
100
AcDbLine
 10
1515.957355279252
 20
-2406.162368773323
 30
0.0
 11
1515.957355279252
 21
-2280.053087654422
 31
0.0
  0
LINE
  5
4CB4
330
4CAF
100
AcDbEntity
  8
размерный
 62
     0
440
 16777216
370
    -2
100
AcDbLine
 10
1127.459681261846
 20
-2281.303087654422
 30
0.0
 11
1513.457355279252
 21
-2281.303087654422
 31
0.0
  0
SOLID
  5
4CB5
330
4CAF
100
AcDbEntity
  8
размерный
 62
     0
440
 16777216
370
    25
100
AcDbTrace
 10
1127.459681261846
 20
-2280.886420987755
 30
0.0
 11
1127.459681261846
 21
-2281.719754321088
 31
0.0
 12
1124.959681261846
 22
-2281.303087654422
 32
0.0
 13
1124.959681261846
 23
-2281.303087654422
 33
0.0
  0
SOLID
  5
4CB6
330
4CAF
100
AcDbEntity
  8
размерный
 62
     0
440
 16777216
370
    25
100
AcDbTrace
 10
1513.457355279252
 20
-2280.886420987755
 30
0.0
 11
1513.457355279252
 21
-2281.719754321088
 31
0.0
 12
1515.957355279252
 22
-2281.303087654422
 32
0.0
 13
1515.957355279252
 23
-2281.303087654422
 33
0.0
  0
MTEXT
  5
4CB7
330
4CAF
100
AcDbEntity
  8
размерный
 62
     0
440
 16777216
100
AcDbMText
 10
1320.458518270549
 20
-2268.178087654422
 30
0.0
 40
25.0
 41
0.0
 46
0.0
 71
     5
 72
     1
  1
\A1;390.9977
  7
ОФОРМИТЕЛЬ
 73
     1
 44
1.0
1001
ACAD
1000
MTEXTBEGIN
1070
    73
1070
     1
1070
    44
1040
1.0
1070
    74
1070
     0
1000
MTEXTEND
  0
POINT
  5
4CB8
330
4CAF
100
AcDbEntity
  8
DEFPOINTS
 62
     0
440
 16777216
370
    25
100
AcDbPoint
 10
1124.959681261846
 20
-2407.741021636779
 30
0.0
  0
POINT
  5
4CB9
330
4CAF
100
AcDbEntity
  8
DEFPOINTS
 62
     0
440
 16777216
370
    25
100
AcDbPoint
 10
1515.957355279252
 20
-2406.787368773322
 30
0.0
  0
POINT
  5
4CBA
330
4CAF
100
AcDbEntity
  8
DEFPOINTS
 62
     0
440
 16777216
370
    25
100
AcDbPoint
 10
1515.957355279252
 20
-2281.303087654422
 30
0.0
  0
ENDBLK
  5
4CB1
330
4CAF
100
AcDbEntity
  8
0
370
    25
100
AcDbBlockEnd
  0
BLOCK
  5
4CBC
330
4CBB
100
AcDbEntity
  8
0
370
    25
100
AcDbBlockBegin
  2
*D17
 70
     1
 10
0.0
 20
0.0
 30
0.0
  3
*D17
  1

  0
LINE
  5
4CBE
330
4CBB
100
AcDbEntity
  8
размерный
 62
     0
440
 16777216
370
    -2
100
AcDbLine
 10
1124.959681261846
 20
-4458.366021636779
 30
0.0
 11
1124.959681261846
 21
-4774.433685828749
 31
0.0
  0
LINE
  5
4CBF
330
4CBB
100
AcDbEntity
  8
размерный
 62
     0
440
 16777216
370
    -2
100
AcDbLine
 10
1520.959681261846
 20
-4458.366021636779
 30
0.0
 11
1520.959681261846
 21
-4774.433685828749
 31
0.0
  0
LINE
  5
4CC0
330
4CBB
100
AcDbEntity
  8
размерный
 62
     0
440
 16777216
370
    -2
100
AcDbLine
 10
1127.459681261846
 20
-4773.18368582875
 30
0.0
 11
1518.459681261846
 21
-4773.18368582875
 31
0.0
  0
SOLID
  5
4CC1
330
4CBB
100
AcDbEntity
  8
размерный
 62
     0
440
 16777216
370
    25
100
AcDbTrace
 10
1127.459681261846
 20
-4772.767019162083
 30
0.0
 11
1127.459681261846
 21
-4773.600352495416
 31
0.0
 12
1124.959681261846
 22
-4773.18368582875
 32
0.0
 13
1124.959681261846
 23
-4773.18368582875
 33
0.0
  0
SOLID
  5
4CC2
330
4CBB
100
AcDbEntity
  8
размерный
 62
     0
440
 16777216
370
    25
100
AcDbTrace
 10
1518.459681261846
 20
-4772.767019162083
 30
0.0
 11
1518.459681261846
 21
-4773.600352495416
 31
0.0
 12
1520.959681261846
 22
-4773.18368582875
 32
0.0
 13
1520.959681261846
 23
-4773.18368582875
 33
0.0
  0
MTEXT
  5
4CC3
330
4CBB
100
AcDbEntity
  8
размерный
 62
     0
440
 16777216
100
AcDbMText
 10
1322.959681261846
 20
-4760.05868582875
 30
0.0
 40
25.0
 41
0.0
 46
0.0
 71
     5
 72
     1
  1
\A1;396
  7
ОФОРМИТЕЛЬ
 73
     1
 44
1.0
1001
ACAD
1000
MTEXTBEGIN
1070
    73
1070
     1
1070
    44
1040
1.0
1070
    74
1070
     0
1000
MTEXTEND
  0
POINT
  5
4CC4
330
4CBB
100
AcDbEntity
  8
DEFPOINTS
 62
     0
440
 16777216
370
    25
100
AcDbPoint
 10
1124.959681261846
 20
-4457.741021636778
 30
0.0
  0
POINT
  5
4CC5
330
4CBB
100
AcDbEntity
  8
DEFPOINTS
 62
     0
440
 16777216
370
    25
100
AcDbPoint
 10
1520.959681261846
 20
-4457.741021636778
 30
0.0
  0
POINT
  5
4CC6
330
4CBB
100
AcDbEntity
  8
DEFPOINTS
 62
     0
440
 16777216
370
    25
100
AcDbPoint
 10
1520.959681261846
 20
-4773.18368582875
 30
0.0
  0
ENDBLK
  5
4CBD
330
4CBB
100
AcDbEntity
  8
0
370
    25
100
AcDbBlockEnd
  0
BLOCK
  5
4CD1
330
4CD0
100
AcDbEntity
  8
0
370
    25
100
AcDbBlockBegin
  2
*D18
 70
     1
 10
0.0
 20
0.0
 30
0.0
  3
*D18
  1

  0
ARC
  5
4CD3
330
4CD0
100
AcDbEntity
  8
размерный
 62
     0
440
 16777216
370
    -2
100
AcDbCircle
 10
1124.959681261846
 20
-4457.741021636778
 30
0.0
 40
149.4863864450172
100
AcDbArc
 50
0.9582218255295941
 51
89.0417781744704
  0
SOLID
  5
4CD4
330
4CD0
100
AcDbEntity
  8
размерный
 62
     0
440
 16777216
370
    25
100
AcDbTrace
 10
1274.841814892448
 20
-4455.237624889115
 30
0.0
 11
1274.008510693985
 21
-4455.244593193664
 31
0.0
 12
1274.446067706863
 22
-4457.741021636778
 32
0.0
 13
1274.446067706863
 23
-4457.741021636778
 33
0.0
  0
SOLID
  5
4CD5
330
4CD0
100
AcDbEntity
  8
размерный
 62
     0
440
 16777216
370
    25
100
AcDbTrace
 10
1127.456109704961
 20
-4308.692192204641
 30
0.0
 11
1127.46307800951
 21
-4307.858888006177
 31
0.0
 12
1124.959681261846
 22
-4308.254635191762
 32
0.0
 13
1124.959681261846
 23
-4308.254635191762
 33
0.0
  0
MTEXT
  5
4CD6
330
4CD0
100
AcDbEntity
  8
размерный
 62
     0
440
 16777216
100
AcDbMText
 10
1239.943295315264
 20
-4342.757407583361
 30
0.0
 40
25.0
 41
0.0
 46
0.0
 71
     5
 72
     1
  1
\A1;90°
  7
ОФОРМИТЕЛЬ
 11
0.7071067811865476
 21
-0.7071067811865476
 31
0.0
 73
     1
 44
1.0
1001
ACAD
1000
MTEXTBEGIN
1070
    73
1070
     1
1070
    44
1040
1.0
1070
    74
1070
     0
1000
MTEXTEND
  0
POINT
  5
4CD7
330
4CD0
100
AcDbEntity
  8
DEFPOINTS
 62
     0
440
 16777216
370
    25
100
AcDbPoint
 10
1254.418689443169
 20
-4382.99782841427
 30
0.0
  0
POINT
  5
4CD8
330
4CD0
100
AcDbEntity
  8
DEFPOINTS
 62
     0
440
 16777216
370
    25
100
AcDbPoint
 10
1124.959681261846
 20
-4457.741021636778
 30
0.0
  0
POINT
  5
4CD9
330
4CD0
100
AcDbEntity
  8
DEFPOINTS
 62
     0
440
 16777216
370
    25
100
AcDbPoint
 10
1124.959681261846
 20
-4457.741021636778
 30
0.0
  0
POINT
  5
4CDA
330
4CD0
100
AcDbEntity
  8
DEFPOINTS
 62
     0
440
 16777216
370
    25
100
AcDbPoint
 10
1520.959681261846
 20
-4457.741021636778
 30
0.0
  0
POINT
  5
4CDB
330
4CD0
100
AcDbEntity
  8
DEFPOINTS
 62
     0
440
 16777216
370
    25
100
AcDbPoint
 10
1124.959681261846
 20
-2407.741021636779
 30
0.0
  0
ENDBLK
  5
4CD2
330
4CD0
100
AcDbEntity
  8
0
370
    25
100
AcDbBlockEnd
  0
BLOCK
  5
4CFC
330
4CFB
100
AcDbEntity
  8
0
370
    25
100
AcDbBlockBegin
  2
*D19
 70
     1
 10
0.0
 20
0.0
 30
0.0
  3
*D19
  1

  0
LINE
  5
4CFE
330
4CFB
100
AcDbEntity
  8
0
370
    -2
100
AcDbLine
 10
2401.097888843549
 20
-2754.860403131446
 30
0.0
 11
2401.097888843549
 21
-2655.179804785454
 31
0.0
  0
LINE
  5
4CFF
330
4CFB
100
AcDbEntity
  8
0
370
    -2
100
AcDbLine
 10
3101.097888843549
 20
-2754.860403131446
 30
0.0
 11
3101.097888843549
 21
-2655.179804785454
 31
0.0
  0
LINE
  5
4D00
330
4CFB
100
AcDbEntity
  8
0
370
    -2
100
AcDbLine
 10
2426.097888843549
 20
-2665.179804785454
 30
0.0
 11
2718.931222176883
 21
-2665.179804785454
 31
0.0
  0
LINE
  5
4D01
330
4CFB
100
AcDbEntity
  8
0
370
    -2
100
AcDbLine
 10
3076.097888843549
 20
-2665.179804785454
 30
0.0
 11
2783.264555510216
 21
-2665.179804785454
 31
0.0
  0
SOLID
  5
4D02
330
4CFB
100
AcDbEntity
  8
0
370
    25
100
AcDbTrace
 10
2426.097888843549
 20
-2661.013138118787
 30
0.0
 11
2426.097888843549
 21
-2669.34647145212
 31
0.0
 12
2401.097888843549
 22
-2665.179804785454
 32
0.0
 13
2401.097888843549
 23
-2665.179804785454
 33
0.0
  0
SOLID
  5
4D03
330
4CFB
100
AcDbEntity
  8
0
370
    25
100
AcDbTrace
 10
3076.097888843549
 20
-2661.013138118787
 30
0.0
 11
3076.097888843549
 21
-2669.34647145212
 31
0.0
 12
3101.097888843549
 22
-2665.179804785454
 32
0.0
 13
3101.097888843549
 23
-2665.179804785454
 33
0.0
  0
MTEXT
  5
4D04
330
4CFB
100
AcDbEntity
  8
0
370
    25
100
AcDbMText
 10
2751.097888843549
 20
-2665.179804785454
 30
0.0
 40
25.0
 41
0.0
 46
0.0
 71
     5
 72
     1
  1
\A1;700
  7
ОФОРМИТЕЛЬ
 73
     1
 44
1.0
1001
ACAD
1000
MTEXTBEGIN
1070
    73
1070
     1
1070
    44
1040
1.0
1070
    74
1070
     0
1000
MTEXTEND
  0
POINT
  5
4D05
330
4CFB
100
AcDbEntity
  8
DEFPOINTS
 62
     0
370
    25
100
AcDbPoint
 10
2401.097888843549
 20
-2764.860403131446
 30
0.0
  0
POINT
  5
4D06
330
4CFB
100
AcDbEntity
  8
DEFPOINTS
 62
     0
370
    25
100
AcDbPoint
 10
3101.097888843549
 20
-2764.860403131446
 30
0.0
  0
POINT
  5
4D07
330
4CFB
100
AcDbEntity
  8
DEFPOINTS
 62
     0
370
    25
100
AcDbPoint
 10
3101.097888843549
 20
-2665.179804785454
 30
0.0
  0
ENDBLK
  5
4CFD
330
4CFB
100
AcDbEntity
  8
0
370
    25
100
AcDbBlockEnd
  0
BLOCK
  5
4D0A
330
4D09
100
AcDbEntity
  8
0
370
    25
100
AcDbBlockBegin
  2
*D20
 70
     1
 10
0.0
 20
0.0
 30
0.0
  3
*D20
  1

  0
LINE
  5
4D0C
330
4D09
100
AcDbEntity
  8
0
370
    -2
100
AcDbLine
 10
2391.09788884355
 20
-2764.860403131447
 30
0.0
 11
2239.952394344146
 21
-2764.860403131447
 31
0.0
  0
LINE
  5
4D0D
330
4D09
100
AcDbEntity
  8
0
370
    -2
100
AcDbLine
 10
2391.09788884355
 20
-3364.860403131448
 30
0.0
 11
2239.952394344146
 21
-3364.860403131448
 31
0.0
  0
LINE
  5
4D0E
330
4D09
100
AcDbEntity
  8
0
370
    -2
100
AcDbLine
 10
2249.952394344147
 20
-2789.860403131447
 30
0.0
 11
2249.952394344147
 21
-3049.360403131447
 31
0.0
  0
LINE
  5
4D0F
330
4D09
100
AcDbEntity
  8
0
370
    -2
100
AcDbLine
 10
2249.952394344147
 20
-3339.860403131448
 30
0.0
 11
2249.952394344147
 21
-3080.360403131448
 31
0.0
  0
SOLID
  5
4D10
330
4D09
100
AcDbEntity
  8
0
370
    25
100
AcDbTrace
 10
2245.78572767748
 20
-2789.860403131447
 30
0.0
 11
2254.119061010813
 21
-2789.860403131447
 31
0.0
 12
2249.952394344147
 22
-2764.860403131447
 32
0.0
 13
2249.952394344147
 23
-2764.860403131447
 33
0.0
  0
SOLID
  5
4D11
330
4D09
100
AcDbEntity
  8
0
370
    25
100
AcDbTrace
 10
2245.78572767748
 20
-3339.860403131448
 30
0.0
 11
2254.119061010813
 21
-3339.860403131448
 31
0.0
 12
2249.952394344147
 22
-3364.860403131448
 32
0.0
 13
2249.952394344147
 23
-3364.860403131448
 33
0.0
  0
MTEXT
  5
4D12
330
4D09
100
AcDbEntity
  8
0
370
    25
100
AcDbMText
 10
2249.952394344145
 20
-3064.860403131448
 30
0.0
 40
25.0
 41
0.0
 46
0.0
 71
     5
 72
     1
  1
\A1;600
  7
ОФОРМИТЕЛЬ
 73
     1
 44
1.0
1001
ACAD
1000
MTEXTBEGIN
1070
    73
1070
     1
1070
    44
1040
1.0
1070
    74
1070
     0
1000
MTEXTEND
  0
POINT
  5
4D13
330
4D09
100
AcDbEntity
  8
DEFPOINTS
 62
     0
370
    25
100
AcDbPoint
 10
2401.09788884355
 20
-2764.860403131447
 30
0.0
  0
POINT
  5
4D14
330
4D09
100
AcDbEntity
  8
DEFPOINTS
 62
     0
370
    25
100
AcDbPoint
 10
2401.09788884355
 20
-3364.860403131448
 30
0.0
  0
POINT
  5
4D15
330
4D09
100
AcDbEntity
  8
DEFPOINTS
 62
     0
370
    25
100
AcDbPoint
 10
2249.952394344147
 20
-3364.860403131448
 30
0.0
  0
ENDBLK
  5
4D0B
330
4D09
100
AcDbEntity
  8
0
370
    25
100
AcDbBlockEnd
  0
BLOCK
  5
4D18
330
4D17
100
AcDbEntity
  8
0
370
    25
100
AcDbBlockBegin
  2
*D21
 70
     1
 10
0.0
 20
0.0
 30
0.0
  3
*D21
  1

  0
LINE
  5
4D1A
330
4D17
100
AcDbEntity
  8
0
370
    -2
100
AcDbLine
 10
2451.097888843549
 20
-2804.860403131446
 30
0.0
 11
2451.097888843549
 21
-2712.528000278821
 31
0.0
  0
LINE
  5
4D1B
330
4D17
100
AcDbEntity
  8
0
370
    -2
100
AcDbLine
 10
2401.097888843549
 20
-2754.860403131446
 30
0.0
 11
2401.097888843549
 21
-2712.528000278821
 31
0.0
  0
LINE
  5
4D1C
330
4D17
100
AcDbEntity
  8
0
370
    -2
100
AcDbLine
 10
2476.097888843549
 20
-2722.528000278821
 30
0.0
 11
2501.097888843549
 21
-2722.528000278821
 31
0.0
  0
LINE
  5
4D1D
330
4D17
100
AcDbEntity
  8
0
370
    -2
100
AcDbLine
 10
2376.097888843549
 20
-2722.528000278821
 30
0.0
 11
2351.097888843549
 21
-2722.528000278821
 31
0.0
  0
SOLID
  5
4D1E
330
4D17
100
AcDbEntity
  8
0
370
    25
100
AcDbTrace
 10
2476.097888843549
 20
-2718.361333612154
 30
0.0
 11
2476.097888843549
 21
-2726.694666945487
 31
0.0
 12
2451.097888843549
 22
-2722.528000278821
 32
0.0
 13
2451.097888843549
 23
-2722.528000278821
 33
0.0
  0
SOLID
  5
4D1F
330
4D17
100
AcDbEntity
  8
0
370
    25
100
AcDbTrace
 10
2376.097888843549
 20
-2718.361333612154
 30
0.0
 11
2376.097888843549
 21
-2726.694666945487
 31
0.0
 12
2401.097888843549
 22
-2722.528000278821
 32
0.0
 13
2401.097888843549
 23
-2722.528000278821
 33
0.0
  0
MTEXT
  5
4D20
330
4D17
100
AcDbEntity
  8
0
370
    25
100
AcDbMText
 10
2426.097888843549
 20
-2722.528000278821
 30
0.0
 40
25.0
 41
0.0
 46
0.0
 71
     5
 72
     1
  1
\A1;50
  7
ОФОРМИТЕЛЬ
 73
     1
 44
1.0
1001
ACAD
1000
MTEXTBEGIN
1070
    73
1070
     1
1070
    44
1040
1.0
1070
    74
1070
     0
1000
MTEXTEND
  0
POINT
  5
4D21
330
4D17
100
AcDbEntity
  8
DEFPOINTS
 62
     0
370
    25
100
AcDbPoint
 10
2451.097888843549
 20
-2814.860403131446
 30
0.0
  0
POINT
  5
4D22
330
4D17
100
AcDbEntity
  8
DEFPOINTS
 62
     0
370
    25
100
AcDbPoint
 10
2401.097888843549
 20
-2764.860403131446
 30
0.0
  0
POINT
  5
4D23
330
4D17
100
AcDbEntity
  8
DEFPOINTS
 62
     0
370
    25
100
AcDbPoint
 10
2401.097888843549
 20
-2722.528000278821
 30
0.0
  0
ENDBLK
  5
4D19
330
4D17
100
AcDbEntity
  8
0
370
    25
100
AcDbBlockEnd
  0
BLOCK
  5
4D26
330
4D25
100
AcDbEntity
  8
0
370
    25
100
AcDbBlockBegin
  2
*D22
 70
     1
 10
0.0
 20
0.0
 30
0.0
  3
*D22
  1

  0
LINE
  5
4D28
330
4D25
100
AcDbEntity
  8
0
370
    -2
100
AcDbLine
 10
2441.09788884355
 20
-2814.860403131448
 30
0.0
 11
2331.753744182731
 21
-2814.860403131448
 31
0.0
  0
LINE
  5
4D29
330
4D25
100
AcDbEntity
  8
0
370
    -2
100
AcDbLine
 10
2391.09788884355
 20
-2764.860403131447
 30
0.0
 11
2331.753744182731
 21
-2764.860403131447
 31
0.0
  0
LINE
  5
4D2A
330
4D25
100
AcDbEntity
  8
0
370
    -2
100
AcDbLine
 10
2341.753744182732
 20
-2839.860403131448
 30
0.0
 11
2341.753744182732
 21
-2864.860403131448
 31
0.0
  0
LINE
  5
4D2B
330
4D25
100
AcDbEntity
  8
0
370
    -2
100
AcDbLine
 10
2341.753744182732
 20
-2739.860403131447
 30
0.0
 11
2341.753744182732
 21
-2714.860403131448
 31
0.0
  0
SOLID
  5
4D2C
330
4D25
100
AcDbEntity
  8
0
370
    25
100
AcDbTrace
 10
2337.587077516064
 20
-2839.860403131448
 30
0.0
 11
2345.920410849398
 21
-2839.860403131448
 31
0.0
 12
2341.753744182732
 22
-2814.860403131448
 32
0.0
 13
2341.753744182732
 23
-2814.860403131448
 33
0.0
  0
SOLID
  5
4D2D
330
4D25
100
AcDbEntity
  8
0
370
    25
100
AcDbTrace
 10
2337.587077516064
 20
-2739.860403131447
 30
0.0
 11
2345.920410849398
 21
-2739.860403131447
 31
0.0
 12
2341.753744182732
 22
-2764.860403131447
 32
0.0
 13
2341.753744182732
 23
-2764.860403131447
 33
0.0
  0
MTEXT
  5
4D2E
330
4D25
100
AcDbEntity
  8
0
370
    25
100
AcDbMText
 10
2341.75374418273
 20
-2789.860403131447
 30
0.0
 40
25.0
 41
0.0
 46
0.0
 71
     5
 72
     1
  1
\A1;50
  7
ОФОРМИТЕЛЬ
 73
     1
 44
1.0
1001
ACAD
1000
MTEXTBEGIN
1070
    73
1070
     1
1070
    44
1040
1.0
1070
    74
1070
     0
1000
MTEXTEND
  0
POINT
  5
4D2F
330
4D25
100
AcDbEntity
  8
DEFPOINTS
 62
     0
370
    25
100
AcDbPoint
 10
2451.097888843551
 20
-2814.860403131448
 30
0.0
  0
POINT
  5
4D30
330
4D25
100
AcDbEntity
  8
DEFPOINTS
 62
     0
370
    25
100
AcDbPoint
 10
2401.09788884355
 20
-2764.860403131447
 30
0.0
  0
POINT
  5
4D31
330
4D25
100
AcDbEntity
  8
DEFPOINTS
 62
     0
370
    25
100
AcDbPoint
 10
2341.753744182732
 20
-2764.860403131447
 30
0.0
  0
ENDBLK
  5
4D27
330
4D25
100
AcDbEntity
  8
0
370
    25
100
AcDbBlockEnd
  0
BLOCK
  5
4D34
330
4D33
100
AcDbEntity
  8
0
370
    25
100
AcDbBlockBegin
  2
*D23
 70
     1
 10
0.0
 20
0.0
 30
0.0
  3
*D23
  1

  0
LINE
  5
4D36
330
4D33
100
AcDbEntity
  8
0
370
    -2
100
AcDbLine
 10
3061.09788884355
 20
-2814.860403131448
 30
0.0
 11
3149.441021513181
 21
-2814.860403131448
 31
0.0
  0
LINE
  5
4D37
330
4D33
100
AcDbEntity
  8
0
370
    -2
100
AcDbLine
 10
3111.097888843551
 20
-2764.860403131447
 30
0.0
 11
3149.441021513181
 21
-2764.860403131447
 31
0.0
  0
LINE
  5
4D38
330
4D33
100
AcDbEntity
  8
0
370
    -2
100
AcDbLine
 10
3139.441021513182
 20
-2839.860403131448
 30
0.0
 11
3139.441021513182
 21
-2864.860403131446
 31
0.0
  0
LINE
  5
4D39
330
4D33
100
AcDbEntity
  8
0
370
    -2
100
AcDbLine
 10
3139.441021513182
 20
-2739.860403131447
 30
0.0
 11
3139.441021513182
 21
-2714.860403131448
 31
0.0
  0
SOLID
  5
4D3A
330
4D33
100
AcDbEntity
  8
0
370
    25
100
AcDbTrace
 10
3135.274354846516
 20
-2839.860403131448
 30
0.0
 11
3143.607688179848
 21
-2839.860403131448
 31
0.0
 12
3139.441021513182
 22
-2814.860403131448
 32
0.0
 13
3139.441021513182
 23
-2814.860403131448
 33
0.0
  0
SOLID
  5
4D3B
330
4D33
100
AcDbEntity
  8
0
370
    25
100
AcDbTrace
 10
3135.274354846516
 20
-2739.860403131447
 30
0.0
 11
3143.607688179848
 21
-2739.860403131447
 31
0.0
 12
3139.441021513182
 22
-2764.860403131447
 32
0.0
 13
3139.441021513182
 23
-2764.860403131447
 33
0.0
  0
MTEXT
  5
4D3C
330
4D33
100
AcDbEntity
  8
0
370
    25
100
AcDbMText
 10
3139.44102151318
 20
-2789.860403131447
 30
0.0
 40
25.0
 41
0.0
 46
0.0
 71
     5
 72
     1
  1
\A1;50
  7
ОФОРМИТЕЛЬ
 73
     1
 44
1.0
1001
ACAD
1000
MTEXTBEGIN
1070
    73
1070
     1
1070
    44
1040
1.0
1070
    74
1070
     0
1000
MTEXTEND
  0
POINT
  5
4D3D
330
4D33
100
AcDbEntity
  8
DEFPOINTS
 62
     0
370
    25
100
AcDbPoint
 10
3051.09788884355
 20
-2814.860403131448
 30
0.0
  0
POINT
  5
4D3E
330
4D33
100
AcDbEntity
  8
DEFPOINTS
 62
     0
370
    25
100
AcDbPoint
 10
3101.097888843551
 20
-2764.860403131447
 30
0.0
  0
POINT
  5
4D3F
330
4D33
100
AcDbEntity
  8
DEFPOINTS
 62
     0
370
    25
100
AcDbPoint
 10
3139.441021513182
 20
-2764.860403131447
 30
0.0
  0
ENDBLK
  5
4D35
330
4D33
100
AcDbEntity
  8
0
370
    25
100
AcDbBlockEnd
  0
BLOCK
  5
4D42
330
4D41
100
AcDbEntity
  8
0
370
    25
100
AcDbBlockBegin
  2
*D24
 70
     1
 10
0.0
 20
0.0
 30
0.0
  3
*D24
  1

  0
LINE
  5
4D44
330
4D41
100
AcDbEntity
  8
0
370
    -2
100
AcDbLine
 10
3051.097888843549
 20
-2804.860403131446
 30
0.0
 11
3051.097888843549
 21
-2697.602103836172
 31
0.0
  0
LINE
  5
4D45
330
4D41
100
AcDbEntity
  8
0
370
    -2
100
AcDbLine
 10
3101.097888843549
 20
-2754.860403131446
 30
0.0
 11
3101.097888843549
 21
-2697.602103836172
 31
0.0
  0
LINE
  5
4D46
330
4D41
100
AcDbEntity
  8
0
370
    -2
100
AcDbLine
 10
3026.097888843549
 20
-2707.602103836173
 30
0.0
 11
3001.097888843549
 21
-2707.602103836173
 31
0.0
  0
LINE
  5
4D47
330
4D41
100
AcDbEntity
  8
0
370
    -2
100
AcDbLine
 10
3126.097888843549
 20
-2707.602103836173
 30
0.0
 11
3151.097888843549
 21
-2707.602103836173
 31
0.0
  0
SOLID
  5
4D48
330
4D41
100
AcDbEntity
  8
0
370
    25
100
AcDbTrace
 10
3026.097888843549
 20
-2703.435437169506
 30
0.0
 11
3026.097888843549
 21
-2711.768770502839
 31
0.0
 12
3051.097888843549
 22
-2707.602103836173
 32
0.0
 13
3051.097888843549
 23
-2707.602103836173
 33
0.0
  0
SOLID
  5
4D49
330
4D41
100
AcDbEntity
  8
0
370
    25
100
AcDbTrace
 10
3126.097888843549
 20
-2703.435437169506
 30
0.0
 11
3126.097888843549
 21
-2711.768770502839
 31
0.0
 12
3101.097888843549
 22
-2707.602103836173
 32
0.0
 13
3101.097888843549
 23
-2707.602103836173
 33
0.0
  0
MTEXT
  5
4D4A
330
4D41
100
AcDbEntity
  8
0
370
    25
100
AcDbMText
 10
3076.097888843549
 20
-2707.602103836173
 30
0.0
 40
25.0
 41
0.0
 46
0.0
 71
     5
 72
     1
  1
\A1;50
  7
ОФОРМИТЕЛЬ
 73
     1
 44
1.0
1001
ACAD
1000
MTEXTBEGIN
1070
    73
1070
     1
1070
    44
1040
1.0
1070
    74
1070
     0
1000
MTEXTEND
  0
POINT
  5
4D4B
330
4D41
100
AcDbEntity
  8
DEFPOINTS
 62
     0
370
    25
100
AcDbPoint
 10
3051.097888843549
 20
-2814.860403131446
 30
0.0
  0
POINT
  5
4D4C
330
4D41
100
AcDbEntity
  8
DEFPOINTS
 62
     0
370
    25
100
AcDbPoint
 10
3101.097888843549
 20
-2764.860403131446
 30
0.0
  0
POINT
  5
4D4D
330
4D41
100
AcDbEntity
  8
DEFPOINTS
 62
     0
370
    25
100
AcDbPoint
 10
3101.097888843549
 20
-2707.602103836173
 30
0.0
  0
ENDBLK
  5
4D43
330
4D41
100
AcDbEntity
  8
0
370
    25
100
AcDbBlockEnd
  0
BLOCK
  5
4D50
330
4D4F
100
AcDbEntity
  8
0
370
    25
100
AcDbBlockBegin
  2
*D25
 70
     1
 10
0.0
 20
0.0
 30
0.0
  3
*D25
  1

  0
LINE
  5
4D52
330
4D4F
100
AcDbEntity
  8
0
370
    -2
100
AcDbLine
 10
3061.09788884355
 20
-3314.860403131449
 30
0.0
 11
3164.444439114233
 21
-3314.860403131449
 31
0.0
  0
LINE
  5
4D53
330
4D4F
100
AcDbEntity
  8
0
370
    -2
100
AcDbLine
 10
3111.097888843551
 20
-3364.860403131448
 30
0.0
 11
3164.444439114233
 21
-3364.860403131448
 31
0.0
  0
LINE
  5
4D54
330
4D4F
100
AcDbEntity
  8
0
370
    -2
100
AcDbLine
 10
3154.444439114234
 20
-3289.860403131448
 30
0.0
 11
3154.444439114234
 21
-3264.860403131448
 31
0.0
  0
LINE
  5
4D55
330
4D4F
100
AcDbEntity
  8
0
370
    -2
100
AcDbLine
 10
3154.444439114234
 20
-3389.860403131449
 30
0.0
 11
3154.444439114234
 21
-3414.860403131449
 31
0.0
  0
SOLID
  5
4D56
330
4D4F
100
AcDbEntity
  8
0
370
    25
100
AcDbTrace
 10
3150.277772447568
 20
-3289.860403131448
 30
0.0
 11
3158.6111057809
 21
-3289.860403131448
 31
0.0
 12
3154.444439114234
 22
-3314.860403131448
 32
0.0
 13
3154.444439114234
 23
-3314.860403131448
 33
0.0
  0
SOLID
  5
4D57
330
4D4F
100
AcDbEntity
  8
0
370
    25
100
AcDbTrace
 10
3150.277772447568
 20
-3389.860403131449
 30
0.0
 11
3158.6111057809
 21
-3389.860403131449
 31
0.0
 12
3154.444439114234
 22
-3364.860403131448
 32
0.0
 13
3154.444439114234
 23
-3364.860403131448
 33
0.0
  0
MTEXT
  5
4D58
330
4D4F
100
AcDbEntity
  8
0
370
    25
100
AcDbMText
 10
3154.444439114232
 20
-3339.860403131448
 30
0.0
 40
25.0
 41
0.0
 46
0.0
 71
     5
 72
     1
  1
\A1;50
  7
ОФОРМИТЕЛЬ
 73
     1
 44
1.0
1001
ACAD
1000
MTEXTBEGIN
1070
    73
1070
     1
1070
    44
1040
1.0
1070
    74
1070
     0
1000
MTEXTEND
  0
POINT
  5
4D59
330
4D4F
100
AcDbEntity
  8
DEFPOINTS
 62
     0
370
    25
100
AcDbPoint
 10
3051.09788884355
 20
-3314.860403131449
 30
0.0
  0
POINT
  5
4D5A
330
4D4F
100
AcDbEntity
  8
DEFPOINTS
 62
     0
370
    25
100
AcDbPoint
 10
3101.097888843551
 20
-3364.860403131448
 30
0.0
  0
POINT
  5
4D5B
330
4D4F
100
AcDbEntity
  8
DEFPOINTS
 62
     0
370
    25
100
AcDbPoint
 10
3154.444439114234
 20
-3364.860403131448
 30
0.0
  0
ENDBLK
  5
4D51
330
4D4F
100
AcDbEntity
  8
0
370
    25
100
AcDbBlockEnd
  0
BLOCK
  5
4D5E
330
4D5D
100
AcDbEntity
  8
0
370
    25
100
AcDbBlockBegin
  2
*D26
 70
     1
 10
0.0
 20
0.0
 30
0.0
  3
*D26
  1

  0
LINE
  5
4D60
330
4D5D
100
AcDbEntity
  8
0
370
    -2
100
AcDbLine
 10
3051.097888843549
 20
-3324.860403131447
 30
0.0
 11
3051.097888843549
 21
-3431.464347214104
 31
0.0
  0
LINE
  5
4D61
330
4D5D
100
AcDbEntity
  8
0
370
    -2
100
AcDbLine
 10
3101.097888843549
 20
-3374.860403131446
 30
0.0
 11
3101.097888843549
 21
-3431.464347214104
 31
0.0
  0
LINE
  5
4D62
330
4D5D
100
AcDbEntity
  8
0
370
    -2
100
AcDbLine
 10
3026.097888843549
 20
-3421.464347214103
 30
0.0
 11
3001.097888843549
 21
-3421.464347214103
 31
0.0
  0
LINE
  5
4D63
330
4D5D
100
AcDbEntity
  8
0
370
    -2
100
AcDbLine
 10
3126.097888843549
 20
-3421.464347214103
 30
0.0
 11
3151.097888843549
 21
-3421.464347214103
 31
0.0
  0
SOLID
  5
4D64
330
4D5D
100
AcDbEntity
  8
0
370
    25
100
AcDbTrace
 10
3026.097888843549
 20
-3417.297680547437
 30
0.0
 11
3026.097888843549
 21
-3425.63101388077
 31
0.0
 12
3051.097888843549
 22
-3421.464347214103
 32
0.0
 13
3051.097888843549
 23
-3421.464347214103
 33
0.0
  0
SOLID
  5
4D65
330
4D5D
100
AcDbEntity
  8
0
370
    25
100
AcDbTrace
 10
3126.097888843549
 20
-3417.297680547437
 30
0.0
 11
3126.097888843549
 21
-3425.63101388077
 31
0.0
 12
3101.097888843549
 22
-3421.464347214103
 32
0.0
 13
3101.097888843549
 23
-3421.464347214103
 33
0.0
  0
MTEXT
  5
4D66
330
4D5D
100
AcDbEntity
  8
0
370
    25
100
AcDbMText
 10
3076.097888843549
 20
-3421.464347214103
 30
0.0
 40
25.0
 41
0.0
 46
0.0
 71
     5
 72
     1
  1
\A1;50
  7
ОФОРМИТЕЛЬ
 73
     1
 44
1.0
1001
ACAD
1000
MTEXTBEGIN
1070
    73
1070
     1
1070
    44
1040
1.0
1070
    74
1070
     0
1000
MTEXTEND
  0
POINT
  5
4D67
330
4D5D
100
AcDbEntity
  8
DEFPOINTS
 62
     0
370
    25
100
AcDbPoint
 10
3051.097888843549
 20
-3314.860403131446
 30
0.0
  0
POINT
  5
4D68
330
4D5D
100
AcDbEntity
  8
DEFPOINTS
 62
     0
370
    25
100
AcDbPoint
 10
3101.097888843549
 20
-3364.860403131447
 30
0.0
  0
POINT
  5
4D69
330
4D5D
100
AcDbEntity
  8
DEFPOINTS
 62
     0
370
    25
100
AcDbPoint
 10
3101.097888843549
 20
-3421.464347214103
 30
0.0
  0
ENDBLK
  5
4D5F
330
4D5D
100
AcDbEntity
  8
0
370
    25
100
AcDbBlockEnd
  0
BLOCK
  5
4D6C
330
4D6B
100
AcDbEntity
  8
0
370
    25
100
AcDbBlockBegin
  2
*D27
 70
     1
 10
0.0
 20
0.0
 30
0.0
  3
*D27
  1

  0
LINE
  5
4D6E
330
4D6B
100
AcDbEntity
  8
0
370
    -2
100
AcDbLine
 10
2441.09788884355
 20
-3314.860403131449
 30
0.0
 11
2332.614540924188
 21
-3314.860403131449
 31
0.0
  0
LINE
  5
4D6F
330
4D6B
100
AcDbEntity
  8
0
370
    -2
100
AcDbLine
 10
2391.09788884355
 20
-3364.860403131448
 30
0.0
 11
2332.614540924188
 21
-3364.860403131448
 31
0.0
  0
LINE
  5
4D70
330
4D6B
100
AcDbEntity
  8
0
370
    -2
100
AcDbLine
 10
2342.614540924188
 20
-3289.860403131449
 30
0.0
 11
2342.614540924188
 21
-3264.860403131449
 31
0.0
  0
LINE
  5
4D71
330
4D6B
100
AcDbEntity
  8
0
370
    -2
100
AcDbLine
 10
2342.614540924188
 20
-3389.860403131449
 30
0.0
 11
2342.614540924188
 21
-3414.860403131449
 31
0.0
  0
SOLID
  5
4D72
330
4D6B
100
AcDbEntity
  8
0
370
    25
100
AcDbTrace
 10
2338.447874257521
 20
-3289.860403131449
 30
0.0
 11
2346.781207590855
 21
-3289.860403131449
 31
0.0
 12
2342.614540924188
 22
-3314.860403131449
 32
0.0
 13
2342.614540924188
 23
-3314.860403131449
 33
0.0
  0
SOLID
  5
4D73
330
4D6B
100
AcDbEntity
  8
0
370
    25
100
AcDbTrace
 10
2338.447874257521
 20
-3389.860403131449
 30
0.0
 11
2346.781207590855
 21
-3389.860403131449
 31
0.0
 12
2342.614540924188
 22
-3364.860403131448
 32
0.0
 13
2342.614540924188
 23
-3364.860403131448
 33
0.0
  0
MTEXT
  5
4D74
330
4D6B
100
AcDbEntity
  8
0
370
    25
100
AcDbMText
 10
2342.614540924187
 20
-3339.860403131448
 30
0.0
 40
25.0
 41
0.0
 46
0.0
 71
     5
 72
     1
  1
\A1;50
  7
ОФОРМИТЕЛЬ
 73
     1
 44
1.0
1001
ACAD
1000
MTEXTBEGIN
1070
    73
1070
     1
1070
    44
1040
1.0
1070
    74
1070
     0
1000
MTEXTEND
  0
POINT
  5
4D75
330
4D6B
100
AcDbEntity
  8
DEFPOINTS
 62
     0
370
    25
100
AcDbPoint
 10
2451.097888843551
 20
-3314.860403131449
 30
0.0
  0
POINT
  5
4D76
330
4D6B
100
AcDbEntity
  8
DEFPOINTS
 62
     0
370
    25
100
AcDbPoint
 10
2401.09788884355
 20
-3364.860403131448
 30
0.0
  0
POINT
  5
4D77
330
4D6B
100
AcDbEntity
  8
DEFPOINTS
 62
     0
370
    25
100
AcDbPoint
 10
2342.614540924188
 20
-3364.860403131448
 30
0.0
  0
ENDBLK
  5
4D6D
330
4D6B
100
AcDbEntity
  8
0
370
    25
100
AcDbBlockEnd
  0
BLOCK
  5
4D7A
330
4D79
100
AcDbEntity
  8
0
370
    25
100
AcDbBlockBegin
  2
*D28
 70
     1
 10
0.0
 20
0.0
 30
0.0
  3
*D28
  1

  0
LINE
  5
4D7C
330
4D79
100
AcDbEntity
  8
0
370
    -2
100
AcDbLine
 10
2451.097888843549
 20
-3324.860403131447
 30
0.0
 11
2451.097888843549
 21
-3424.137659144471
 31
0.0
  0
LINE
  5
4D7D
330
4D79
100
AcDbEntity
  8
0
370
    -2
100
AcDbLine
 10
2401.097888843549
 20
-3374.860403131446
 30
0.0
 11
2401.097888843549
 21
-3424.137659144471
 31
0.0
  0
LINE
  5
4D7E
330
4D79
100
AcDbEntity
  8
0
370
    -2
100
AcDbLine
 10
2476.097888843549
 20
-3414.137659144472
 30
0.0
 11
2501.097888843549
 21
-3414.137659144472
 31
0.0
  0
LINE
  5
4D7F
330
4D79
100
AcDbEntity
  8
0
370
    -2
100
AcDbLine
 10
2376.097888843549
 20
-3414.137659144472
 30
0.0
 11
2351.097888843549
 21
-3414.137659144472
 31
0.0
  0
SOLID
  5
4D80
330
4D79
100
AcDbEntity
  8
0
370
    25
100
AcDbTrace
 10
2476.097888843549
 20
-3409.970992477806
 30
0.0
 11
2476.097888843549
 21
-3418.304325811138
 31
0.0
 12
2451.097888843549
 22
-3414.137659144472
 32
0.0
 13
2451.097888843549
 23
-3414.137659144472
 33
0.0
  0
SOLID
  5
4D81
330
4D79
100
AcDbEntity
  8
0
370
    25
100
AcDbTrace
 10
2376.097888843549
 20
-3409.970992477806
 30
0.0
 11
2376.097888843549
 21
-3418.304325811138
 31
0.0
 12
2401.097888843549
 22
-3414.137659144472
 32
0.0
 13
2401.097888843549
 23
-3414.137659144472
 33
0.0
  0
MTEXT
  5
4D82
330
4D79
100
AcDbEntity
  8
0
370
    25
100
AcDbMText
 10
2426.097888843549
 20
-3414.137659144472
 30
0.0
 40
25.0
 41
0.0
 46
0.0
 71
     5
 72
     1
  1
\A1;50
  7
ОФОРМИТЕЛЬ
 73
     1
 44
1.0
1001
ACAD
1000
MTEXTBEGIN
1070
    73
1070
     1
1070
    44
1040
1.0
1070
    74
1070
     0
1000
MTEXTEND
  0
POINT
  5
4D83
330
4D79
100
AcDbEntity
  8
DEFPOINTS
 62
     0
370
    25
100
AcDbPoint
 10
2451.097888843549
 20
-3314.860403131446
 30
0.0
  0
POINT
  5
4D84
330
4D79
100
AcDbEntity
  8
DEFPOINTS
 62
     0
370
    25
100
AcDbPoint
 10
2401.097888843549
 20
-3364.860403131447
 30
0.0
  0
POINT
  5
4D85
330
4D79
100
AcDbEntity
  8
DEFPOINTS
 62
     0
370
    25
100
AcDbPoint
 10
2401.097888843549
 20
-3414.137659144472
 30
0.0
  0
ENDBLK
  5
4D7B
330
4D79
100
AcDbEntity
  8
0
370
    25
100
AcDbBlockEnd
  0
BLOCK
  5
4D88
330
4D87
100
AcDbEntity
  8
0
370
    25
100
AcDbBlockBegin
  2
*D29
 70
     1
 10
0.0
 20
0.0
 30
0.0
  3
*D29
  1

  0
LINE
  5
4D8A
330
4D87
100
AcDbEntity
  8
0
370
    -2
100
AcDbLine
 10
2426.690478140328
 20
-3330.521766506462
 30
0.0
 11
2405.649606844448
 21
-3344.022941829751
 31
0.0
  0
LINE
  5
4D8B
330
4D87
100
AcDbEntity
  8
0
370
    -2
100
AcDbLine
 10
2475.50529954677
 20
-3299.199039756429
 30
0.0
 11
2496.546170842651
 21
-3285.69786443314
 31
0.0
  0
MTEXT
  5
4D8C
330
4D87
100
AcDbEntity
  8
0
370
    25
100
AcDbMText
 10
2509.459166517729
 20
-3269.988915313887
 30
0.0
 40
25.0
 41
0.0
 46
0.0
 71
     5
 72
     1
  1
\A1;∅8
  7
ОФОРМИТЕЛЬ
 73
     1
 44
1.0
1001
ACAD
1000
MTEXTBEGIN
1070
    73
1070
     1
1070
    44
1040
1.0
1070
    74
1070
     0
1000
MTEXTEND
  0
SOLID
  5
4D8D
330
4D87
100
AcDbEntity
  8
0
370
    25
100
AcDbTrace
 10
2424.440282253112
 20
-3327.014954623815
 30
0.0
 11
2428.940674027543
 21
-3334.028578389109
 31
0.0
 12
2447.731349436208
 22
-3317.020591183172
 32
0.0
 13
2447.731349436208
 23
-3317.020591183172
 33
0.0
  0
SOLID
  5
4D8E
330
4D87
100
AcDbEntity
  8
0
370
    25
100
AcDbTrace
 10
2473.255103659556
 20
-3295.692227873783
 30
0.0
 11
2477.755495433985
 21
-3302.705851639076
 31
0.0
 12
2454.46442825089
 22
-3312.70021507972
 32
0.0
 13
2454.46442825089
 23
-3312.70021507972
 33
0.0
  0
LINE
  5
4D8F
330
4D87
100
AcDbEntity
  8
0
370
    -2
100
AcDbLine
 10
2451.007888843549
 20
-3314.860403131446
 30
0.0
 11
2451.187888843549
 21
-3314.860403131446
 31
0.0
  0
LINE
  5
4D90
330
4D87
100
AcDbEntity
  8
0
370
    -2
100
AcDbLine
 10
2451.097888843549
 20
-3314.950403131446
 30
0.0
 11
2451.097888843549
 21
-3314.770403131446
 31
0.0
  0
POINT
  5
4D91
330
4D87
100
AcDbEntity
  8
DEFPOINTS
 62
     0
370
    25
100
AcDbPoint
 10
2454.46442825089
 20
-3312.70021507972
 30
0.0
  0
POINT
  5
4D92
330
4D87
100
AcDbEntity
  8
DEFPOINTS
 62
     0
370
    25
100
AcDbPoint
 10
2447.731349436208
 20
-3317.020591183172
 30
0.0
  0
ENDBLK
  5
4D89
330
4D87
100
AcDbEntity
  8
0
370
    25
100
AcDbBlockEnd
  0
BLOCK
  5
4D95
330
4D94
100
AcDbEntity
  8
0
370
    25
100
AcDbBlockBegin
  2
*D30
 70
     1
 10
0.0
 20
0.0
 30
0.0
  3
*D30
  1

  0
LINE
  5
4D97
330
4D94
100
AcDbEntity
  8
0
370
    -2
100
AcDbLine
 10
3079.611250010002
 20
-3320.150793947953
 30
0.0
 11
3104.191733774186
 21
-3324.711475686323
 31
0.0
  0
LINE
  5
4D98
330
4D94
100
AcDbEntity
  8
0
370
    -2
100
AcDbLine
 10
3022.584527677096
 20
-3309.570012314939
 30
0.0
 11
2998.004043912912
 21
-3305.009330576569
 31
0.0
  0
MTEXT
  5
4D99
330
4D94
100
AcDbEntity
  8
0
370
    25
100
AcDbMText
 10
3007.078632577293
 20
-3283.093346571215
 30
0.0
 40
25.0
 41
0.0
 46
0.0
 71
     5
 72
     1
  1
\A1;∅8
  7
ОФОРМИТЕЛЬ
 73
     1
 44
1.0
1001
ACAD
1000
MTEXTBEGIN
1070
    73
1070
     1
1070
    44
1040
1.0
1070
    74
1070
     0
1000
MTEXTEND
  0
SOLID
  5
4D9A
330
4D94
100
AcDbEntity
  8
0
370
    25
100
AcDbTrace
 10
3080.371363633064
 20
-3316.054046653923
 30
0.0
 11
3078.851136386941
 21
-3324.247541241984
 31
0.0
 12
3055.030766245818
 22
-3315.590112209586
 32
0.0
 13
3055.030766245818
 23
-3315.590112209586
 33
0.0
  0
SOLID
  5
4D9B
330
4D94
100
AcDbEntity
  8
0
370
    25
100
AcDbTrace
 10
3023.344641300157
 20
-3305.473265020908
 30
0.0
 11
3021.824414054034
 21
-3313.666759608969
 31
0.0
 12
3047.16501144128
 22
-3314.130694053307
 32
0.0
 13
3047.16501144128
 23
-3314.130694053307
 33
0.0
  0
LINE
  5
4D9C
330
4D94
100
AcDbEntity
  8
0
370
    -2
100
AcDbLine
 10
3051.007888843548
 20
-3314.860403131446
 30
0.0
 11
3051.187888843549
 21
-3314.860403131446
 31
0.0
  0
LINE
  5
4D9D
330
4D94
100
AcDbEntity
  8
0
370
    -2
100
AcDbLine
 10
3051.097888843548
 20
-3314.950403131446
 30
0.0
 11
3051.097888843548
 21
-3314.770403131446
 31
0.0
  0
POINT
  5
4D9E
330
4D94
100
AcDbEntity
  8
DEFPOINTS
 62
     0
370
    25
100
AcDbPoint
 10
3047.16501144128
 20
-3314.130694053307
 30
0.0
  0
POINT
  5
4D9F
330
4D94
100
AcDbEntity
  8
DEFPOINTS
 62
     0
370
    25
100
AcDbPoint
 10
3055.030766245818
 20
-3315.590112209586
 30
0.0
  0
ENDBLK
  5
4D96
330
4D94
100
AcDbEntity
  8
0
370
    25
100
AcDbBlockEnd
  0
BLOCK
  5
4DA2
330
4DA1
100
AcDbEntity
  8
0
370
    25
100
AcDbBlockBegin
  2
*D31
 70
     1
 10
0.0
 20
0.0
 30
0.0
  3
*D31
  1

  0
LINE
  5
4DA4
330
4DA1
100
AcDbEntity
  8
0
370
    -2
100
AcDbLine
 10
3076.827352894939
 20
-2801.481513804292
 30
0.0
 11
3099.007925353034
 21
-2789.947988522262
 31
0.0
  0
LINE
  5
4DA5
330
4DA1
100
AcDbEntity
  8
0
370
    -2
100
AcDbLine
 10
3025.36842479216
 20
-2828.239292458603
 30
0.0
 11
3003.187852334066
 21
-2839.772817740632
 31
0.0
  0
MTEXT
  5
4DA6
330
4DA1
100
AcDbEntity
  8
0
370
    25
100
AcDbMText
 10
3012.865584519837
 20
-2857.132109315049
 30
0.0
 40
25.0
 41
0.0
 46
0.0
 71
     5
 72
     1
  1
\A1;∅8
  7
ОФОРМИТЕЛЬ
 73
     1
 44
1.0
1001
ACAD
1000
MTEXTBEGIN
1070
    73
1070
     1
1070
    44
1040
1.0
1070
    74
1070
     0
1000
MTEXTEND
  0
SOLID
  5
4DA7
330
4DA1
100
AcDbEntity
  8
0
370
    25
100
AcDbTrace
 10
3074.905098681267
 20
-2797.784751727943
 30
0.0
 11
3078.749607108611
 21
-2805.178275880641
 31
0.0
 12
3054.646780436845
 22
-2813.015039086322
 32
0.0
 13
3054.646780436845
 23
-2813.015039086322
 33
0.0
  0
SOLID
  5
4DA8
330
4DA1
100
AcDbEntity
  8
0
370
    25
100
AcDbTrace
 10
3023.446170578488
 20
-2824.542530382253
 30
0.0
 11
3027.290679005832
 21
-2831.936054534951
 31
0.0
 12
3047.548997250255
 22
-2816.705767176573
 32
0.0
 13
3047.548997250255
 23
-2816.705767176573
 33
0.0
  0
LINE
  5
4DA9
330
4DA1
100
AcDbEntity
  8
0
370
    -2
100
AcDbLine
 10
3051.007888843549
 20
-2814.860403131446
 30
0.0
 11
3051.187888843549
 21
-2814.860403131446
 31
0.0
  0
LINE
  5
4DAA
330
4DA1
100
AcDbEntity
  8
0
370
    -2
100
AcDbLine
 10
3051.097888843549
 20
-2814.950403131446
 30
0.0
 11
3051.097888843549
 21
-2814.770403131447
 31
0.0
  0
POINT
  5
4DAB
330
4DA1
100
AcDbEntity
  8
DEFPOINTS
 62
     0
370
    25
100
AcDbPoint
 10
3047.548997250255
 20
-2816.705767176573
 30
0.0
  0
POINT
  5
4DAC
330
4DA1
100
AcDbEntity
  8
DEFPOINTS
 62
     0
370
    25
100
AcDbPoint
 10
3054.646780436845
 20
-2813.015039086322
 30
0.0
  0
ENDBLK
  5
4DA3
330
4DA1
100
AcDbEntity
  8
0
370
    25
100
AcDbBlockEnd
  0
BLOCK
  5
4DAF
330
4DAE
100
AcDbEntity
  8
0
370
    25
100
AcDbBlockBegin
  2
*D32
 70
     1
 10
0.0
 20
0.0
 30
0.0
  3
*D32
  1

  0
LINE
  5
4DB1
330
4DAE
100
AcDbEntity
  8
0
370
    -2
100
AcDbLine
 10
2425.451682552579
 20
-2801.322600396848
 30
0.0
 11
2403.342884025879
 21
-2789.652080798055
 31
0.0
  0
LINE
  5
4DB2
330
4DAE
100
AcDbEntity
  8
0
370
    -2
100
AcDbLine
 10
2476.744095134522
 20
-2828.398205866046
 30
0.0
 11
2498.852893661221
 21
-2840.068725464838
 31
0.0
  0
MTEXT
  5
4DB3
330
4DAE
100
AcDbEntity
  8
0
370
    25
100
AcDbMText
 10
2517.519122437705
 20
-2827.638041592254
 30
0.0
 40
25.0
 41
0.0
 46
0.0
 71
     5
 72
     1
  1
\A1;∅8
  7
ОФОРМИТЕЛЬ
 73
     1
 44
1.0
1001
ACAD
1000
MTEXTBEGIN
1070
    73
1070
     1
1070
    44
1040
1.0
1070
    74
1070
     0
1000
MTEXTEND
  0
SOLID
  5
4DB4
330
4DAE
100
AcDbEntity
  8
0
370
    25
100
AcDbTrace
 10
2427.396769152377
 20
-2797.637800642398
 30
0.0
 11
2423.50659595278
 21
-2805.007400151298
 31
0.0
 12
2447.560481079278
 22
-2812.99311999564
 32
0.0
 13
2447.560481079278
 23
-2812.99311999564
 33
0.0
  0
SOLID
  5
4DB5
330
4DAE
100
AcDbEntity
  8
0
370
    25
100
AcDbTrace
 10
2478.689181734321
 20
-2824.713406111596
 30
0.0
 11
2474.799008534723
 21
-2832.083005620497
 31
0.0
 12
2454.635296607821
 22
-2816.727686267253
 32
0.0
 13
2454.635296607821
 23
-2816.727686267253
 33
0.0
  0
LINE
  5
4DB6
330
4DAE
100
AcDbEntity
  8
0
370
    -2
100
AcDbLine
 10
2451.00788884355
 20
-2814.860403131448
 30
0.0
 11
2451.187888843551
 21
-2814.860403131448
 31
0.0
  0
LINE
  5
4DB7
330
4DAE
100
AcDbEntity
  8
0
370
    -2
100
AcDbLine
 10
2451.097888843551
 20
-2814.950403131448
 30
0.0
 11
2451.097888843551
 21
-2814.770403131447
 31
0.0
  0
POINT
  5
4DB8
330
4DAE
100
AcDbEntity
  8
DEFPOINTS
 62
     0
370
    25
100
AcDbPoint
 10
2454.635296607821
 20
-2816.727686267253
 30
0.0
  0
POINT
  5
4DB9
330
4DAE
100
AcDbEntity
  8
DEFPOINTS
 62
     0
370
    25
100
AcDbPoint
 10
2447.560481079278
 20
-2812.99311999564
 30
0.0
  0
ENDBLK
  5
4DB0
330
4DAE
100
AcDbEntity
  8
0
370
    25
100
AcDbBlockEnd
  0
BLOCK
  5
4DC7
330
4DC6
100
AcDbEntity
  8
0
370
    25
100
AcDbBlockBegin
  2
*D33
 70
     1
 10
0.0
 20
0.0
 30
0.0
  3
*D33
  1

  0
LINE
  5
4DC9
330
4DC6
100
AcDbEntity
  8
0
370
    -2
100
AcDbLine
 10
3715.260436495344
 20
-3030.563492622754
 30
0.0
 11
3694.851538073896
 21
-3045.002220586916
 31
0.0
  0
LINE
  5
4DCA
330
4DC6
100
AcDbEntity
  8
0
370
    -2
100
AcDbLine
 10
3764.241792706817
 20
-2995.910545508767
 30
0.0
 11
3784.650691128263
 21
-2981.471817544605
 31
0.0
  0
MTEXT
  5
4DCB
330
4DC6
100
AcDbEntity
  8
0
370
    25
100
AcDbMText
 10
3795.130672003419
 20
-2963.617980876006
 30
0.0
 40
25.0
 41
0.0
 46
0.0
 71
     5
 72
     1
  1
\A1;∅10
  7
ОФОРМИТЕЛЬ
 73
     1
 44
1.0
1001
ACAD
1000
MTEXTBEGIN
1070
    73
1070
     1
1070
    44
1040
1.0
1070
    74
1070
     0
1000
MTEXTEND
  0
SOLID
  5
4DCC
330
4DC6
100
AcDbEntity
  8
0
370
    25
100
AcDbTrace
 10
3712.85398183465
 20
-3027.162009552513
 30
0.0
 11
3717.666891156039
 21
-3033.964975692996
 31
0.0
 12
3735.669334916791
 22
-3016.124764658593
 32
0.0
 13
3735.669334916791
 23
-3016.124764658593
 33
0.0
  0
SOLID
  5
4DCD
330
4DC6
100
AcDbEntity
  8
0
370
    25
100
AcDbTrace
 10
3761.835338046122
 20
-2992.509062438525
 30
0.0
 11
3766.64824736751
 21
-2999.312028579007
 31
0.0
 12
3743.832894285371
 22
-3010.349273472928
 32
0.0
 13
3743.832894285371
 23
-3010.349273472928
 33
0.0
  0
LINE
  5
4DCE
330
4DC6
100
AcDbEntity
  8
0
370
    -2
100
AcDbLine
 10
3739.66111460108
 20
-3013.237019065761
 30
0.0
 11
3739.84111460108
 21
-3013.237019065761
 31
0.0
  0
LINE
  5
4DCF
330
4DC6
100
AcDbEntity
  8
0
370
    -2
100
AcDbLine
 10
3739.75111460108
 20
-3013.32701906576
 30
0.0
 11
3739.75111460108
 21
-3013.14701906576
 31
0.0
  0
POINT
  5
4DD0
330
4DC6
100
AcDbEntity
  8
DEFPOINTS
 62
     0
370
    25
100
AcDbPoint
 10
3743.832894285371
 20
-3010.349273472928
 30
0.0
  0
POINT
  5
4DD1
330
4DC6
100
AcDbEntity
  8
DEFPOINTS
 62
     0
370
    25
100
AcDbPoint
 10
3735.669334916791
 20
-3016.124764658593
 30
0.0
  0
ENDBLK
  5
4DC8
330
4DC6
100
AcDbEntity
  8
0
370
    25
100
AcDbBlockEnd
  0
BLOCK
  5
4DD4
330
4DD3
100
AcDbEntity
  8
0
370
    25
100
AcDbBlockBegin
  2
*D34
 70
     1
 10
0.0
 20
0.0
 30
0.0
  3
*D34
  1

  0
LINE
  5
4DD6
330
4DD3
100
AcDbEntity
  8
0
370
    -2
100
AcDbLine
 10
3964.165505287211
 20
-3030.670823223918
 30
0.0
 11
3984.510830858985
 21
-3045.198993355716
 31
0.0
  0
LINE
  5
4DD7
330
4DD3
100
AcDbEntity
  8
0
370
    -2
100
AcDbLine
 10
3915.33672391495
 20
-2995.803214907603
 30
0.0
 11
3894.991398343176
 21
-2981.275044775804
 31
0.0
  0
MTEXT
  5
4DD8
330
4DD3
100
AcDbEntity
  8
0
370
    25
100
AcDbMText
 10
3893.910941272712
 20
-2959.097136153323
 30
0.0
 40
25.0
 41
0.0
 46
0.0
 71
     5
 72
     1
  1
\A1;∅10
  7
ОФОРМИТЕЛЬ
 73
     1
 44
1.0
1001
ACAD
1000
MTEXTBEGIN
1070
    73
1070
     1
1070
    44
1040
1.0
1070
    74
1070
     0
1000
MTEXTEND
  0
SOLID
  5
4DD9
330
4DD3
100
AcDbEntity
  8
0
370
    25
100
AcDbTrace
 10
3966.586866975843
 20
-3027.279935628623
 30
0.0
 11
3961.744143598578
 21
-3034.061710819214
 31
0.0
 12
3943.820179715436
 22
-3016.14265309212
 32
0.0
 13
3943.820179715436
 23
-3016.14265309212
 33
0.0
  0
SOLID
  5
4DDA
330
4DD3
100
AcDbEntity
  8
0
370
    25
100
AcDbTrace
 10
3917.758085603583
 20
-2992.412327312307
 30
0.0
 11
3912.915362226317
 21
-2999.194102502898
 31
0.0
 12
3935.682049486725
 22
-3010.3313850394
 32
0.0
 13
3935.682049486725
 23
-3010.3313850394
 33
0.0
  0
LINE
  5
4DDB
330
4DD3
100
AcDbEntity
  8
0
370
    -2
100
AcDbLine
 10
3939.661114601079
 20
-3013.237019065761
 30
0.0
 11
3939.84111460108
 21
-3013.237019065761
 31
0.0
  0
LINE
  5
4DDC
330
4DD3
100
AcDbEntity
  8
0
370
    -2
100
AcDbLine
 10
3939.75111460108
 20
-3013.327019065761
 30
0.0
 11
3939.75111460108
 21
-3013.14701906576
 31
0.0
  0
POINT
  5
4DDD
330
4DD3
100
AcDbEntity
  8
DEFPOINTS
 62
     0
370
    25
100
AcDbPoint
 10
3935.682049486725
 20
-3010.3313850394
 30
0.0
  0
POINT
  5
4DDE
330
4DD3
100
AcDbEntity
  8
DEFPOINTS
 62
     0
370
    25
100
AcDbPoint
 10
3943.820179715436
 20
-3016.14265309212
 30
0.0
  0
ENDBLK
  5
4DD5
330
4DD3
100
AcDbEntity
  8
0
370
    25
100
AcDbBlockEnd
  0
BLOCK
  5
4DE1
330
4DE0
100
AcDbEntity
  8
0
370
    25
100
AcDbBlockBegin
  2
*D35
 70
     1
 10
0.0
 20
0.0
 30
0.0
  3
*D35
  1

  0
LINE
  5
4DE3
330
4DE0
100
AcDbEntity
  8
0
370
    -2
100
AcDbLine
 10
3709.751114601079
 20
-2833.23701906576
 30
0.0
 11
3709.751114601079
 21
-2766.756624414688
 31
0.0
  0
LINE
  5
4DE4
330
4DE0
100
AcDbEntity
  8
0
370
    -2
100
AcDbLine
 10
3969.751114601081
 20
-2833.23701906576
 30
0.0
 11
3969.751114601081
 21
-2766.756624414688
 31
0.0
  0
LINE
  5
4DE5
330
4DE0
100
AcDbEntity
  8
0
370
    -2
100
AcDbLine
 10
3734.75111460108
 20
-2776.756624414689
 30
0.0
 11
3805.501114601081
 21
-2776.756624414689
 31
0.0
  0
LINE
  5
4DE6
330
4DE0
100
AcDbEntity
  8
0
370
    -2
100
AcDbLine
 10
3944.751114601081
 20
-2776.756624414689
 30
0.0
 11
3874.00111460108
 21
-2776.756624414689
 31
0.0
  0
SOLID
  5
4DE7
330
4DE0
100
AcDbEntity
  8
0
370
    25
100
AcDbTrace
 10
3734.75111460108
 20
-2772.589957748021
 30
0.0
 11
3734.75111460108
 21
-2780.923291081354
 31
0.0
 12
3709.751114601079
 22
-2776.756624414689
 32
0.0
 13
3709.751114601079
 23
-2776.756624414689
 33
0.0
  0
SOLID
  5
4DE8
330
4DE0
100
AcDbEntity
  8
0
370
    25
100
AcDbTrace
 10
3944.751114601081
 20
-2772.589957748021
 30
0.0
 11
3944.751114601081
 21
-2780.923291081354
 31
0.0
 12
3969.751114601081
 22
-2776.756624414689
 32
0.0
 13
3969.751114601081
 23
-2776.756624414689
 33
0.0
  0
MTEXT
  5
4DE9
330
4DE0
100
AcDbEntity
  8
0
370
    25
100
AcDbMText
 10
3839.75111460108
 20
-2776.756624414689
 30
0.0
 40
25.0
 41
0.0
 46
0.0
 71
     5
 72
     1
  1
\A1;260
  7
ОФОРМИТЕЛЬ
 73
     1
 44
1.0
1001
ACAD
1000
MTEXTBEGIN
1070
    73
1070
     1
1070
    44
1040
1.0
1070
    74
1070
     0
1000
MTEXTEND
  0
POINT
  5
4DEA
330
4DE0
100
AcDbEntity
  8
DEFPOINTS
 62
     0
370
    25
100
AcDbPoint
 10
3709.751114601079
 20
-2843.237019065761
 30
0.0
  0
POINT
  5
4DEB
330
4DE0
100
AcDbEntity
  8
DEFPOINTS
 62
     0
370
    25
100
AcDbPoint
 10
3969.751114601081
 20
-2843.237019065761
 30
0.0
  0
POINT
  5
4DEC
330
4DE0
100
AcDbEntity
  8
DEFPOINTS
 62
     0
370
    25
100
AcDbPoint
 10
3969.751114601081
 20
-2776.756624414689
 30
0.0
  0
ENDBLK
  5
4DE2
330
4DE0
100
AcDbEntity
  8
0
370
    25
100
AcDbBlockEnd
  0
BLOCK
  5
4DEF
330
4DEE
100
AcDbEntity
  8
0
370
    25
100
AcDbBlockBegin
  2
*D36
 70
     1
 10
0.0
 20
0.0
 30
0.0
  3
*D36
  1

  0
LINE
  5
4E09
330
4DEE
100
AcDbEntity
  8
0
370
    -2
100
AcDbLine
 10
3699.751114601082
 20
-2843.237019065761
 30
0.0
 11
3597.958327111688
 21
-2843.237019065761
 31
0.0
  0
LINE
  5
4E0A
330
4DEE
100
AcDbEntity
  8
0
370
    -2
100
AcDbLine
 10
3699.751114601082
 20
-3043.237019065761
 30
0.0
 11
3597.958327111688
 21
-3043.237019065761
 31
0.0
  0
LINE
  5
4E0B
330
4DEE
100
AcDbEntity
  8
0
370
    -2
100
AcDbLine
 10
3607.958327111688
 20
-2868.237019065761
 30
0.0
 11
3607.958327111688
 21
-2927.737019065761
 31
0.0
  0
LINE
  5
4E0C
330
4DEE
100
AcDbEntity
  8
0
370
    -2
100
AcDbLine
 10
3607.958327111688
 20
-3018.237019065761
 30
0.0
 11
3607.958327111688
 21
-2958.737019065761
 31
0.0
  0
SOLID
  5
4E0D
330
4DEE
100
AcDbEntity
  8
0
370
    25
100
AcDbTrace
 10
3603.791660445022
 20
-2868.237019065761
 30
0.0
 11
3612.124993778355
 21
-2868.237019065761
 31
0.0
 12
3607.958327111688
 22
-2843.237019065761
 32
0.0
 13
3607.958327111688
 23
-2843.237019065761
 33
0.0
  0
SOLID
  5
4E0E
330
4DEE
100
AcDbEntity
  8
0
370
    25
100
AcDbTrace
 10
3603.791660445022
 20
-3018.237019065761
 30
0.0
 11
3612.124993778355
 21
-3018.237019065761
 31
0.0
 12
3607.958327111688
 22
-3043.237019065761
 32
0.0
 13
3607.958327111688
 23
-3043.237019065761
 33
0.0
  0
MTEXT
  5
4E0F
330
4DEE
100
AcDbEntity
  8
0
370
    25
100
AcDbMText
 10
3607.958327111687
 20
-2943.237019065762
 30
0.0
 40
25.0
 41
0.0
 46
0.0
 71
     5
 72
     1
  1
\A1;200
  7
ОФОРМИТЕЛЬ
 73
     1
 44
1.0
1001
ACAD
1000
MTEXTBEGIN
1070
    73
1070
     1
1070
    44
1040
1.0
1070
    74
1070
     0
1000
MTEXTEND
  0
POINT
  5
4E10
330
4DEE
100
AcDbEntity
  8
DEFPOINTS
 62
     0
370
    25
100
AcDbPoint
 10
3709.751114601083
 20
-2843.237019065761
 30
0.0
  0
POINT
  5
4E11
330
4DEE
100
AcDbEntity
  8
DEFPOINTS
 62
     0
370
    25
100
AcDbPoint
 10
3709.751114601083
 20
-3043.237019065761
 30
0.0
  0
POINT
  5
4E12
330
4DEE
100
AcDbEntity
  8
DEFPOINTS
 62
     0
370
    25
100
AcDbPoint
 10
3607.958327111688
 20
-3043.237019065761
 30
0.0
  0
ENDBLK
  5
4DF0
330
4DEE
100
AcDbEntity
  8
0
370
    25
100
AcDbBlockEnd
  0
BLOCK
  5
4DFD
330
4DFC
100
AcDbEntity
  8
0
370
    25
100
AcDbBlockBegin
  2
*D37
 70
     1
 10
0.0
 20
0.0
 30
0.0
  3
*D37
  1

  0
LINE
  5
4DFF
330
4DFC
100
AcDbEntity
  8
0
370
    -2
100
AcDbLine
 10
3729.841114601082
 20
-3013.237019065761
 30
0.0
 11
3671.344744883101
 21
-3013.237019065761
 31
0.0
  0
LINE
  5
4E00
330
4DFC
100
AcDbEntity
  8
0
370
    -2
100
AcDbLine
 10
3699.751114601082
 20
-3043.237019065761
 30
0.0
 11
3671.344744883101
 21
-3043.237019065761
 31
0.0
  0
LINE
  5
4E01
330
4DFC
100
AcDbEntity
  8
0
370
    -2
100
AcDbLine
 10
3681.344744883102
 20
-2988.237019065761
 30
0.0
 11
3681.344744883102
 21
-2963.237019065761
 31
0.0
  0
LINE
  5
4E02
330
4DFC
100
AcDbEntity
  8
0
370
    -2
100
AcDbLine
 10
3681.344744883102
 20
-3068.237019065761
 30
0.0
 11
3681.344744883102
 21
-3093.237019065762
 31
0.0
  0
MTEXT
  5
4E03
330
4DFC
100
AcDbEntity
  8
0
370
    25
100
AcDbMText
 10
3644.8447448831
 20
-3028.237019065761
 30
0.0
 40
25.0
 41
0.0
 46
0.0
 71
     5
 72
     1
  1
\A1;30
  7
ОФОРМИТЕЛЬ
 73
     1
 44
1.0
1001
ACAD
1000
MTEXTBEGIN
1070
    73
1070
     1
1070
    44
1040
1.0
1070
    74
1070
     0
1000
MTEXTEND
  0
SOLID
  5
4E04
330
4DFC
100
AcDbEntity
  8
0
370
    25
100
AcDbTrace
 10
3677.178078216435
 20
-2988.237019065761
 30
0.0
 11
3685.511411549768
 21
-2988.237019065761
 31
0.0
 12
3681.344744883102
 22
-3013.237019065761
 32
0.0
 13
3681.344744883102
 23
-3013.237019065761
 33
0.0
  0
SOLID
  5
4E05
330
4DFC
100
AcDbEntity
  8
0
370
    25
100
AcDbTrace
 10
3677.178078216435
 20
-3068.237019065761
 30
0.0
 11
3685.511411549768
 21
-3068.237019065761
 31
0.0
 12
3681.344744883102
 22
-3043.237019065761
 32
0.0
 13
3681.344744883102
 23
-3043.237019065761
 33
0.0
  0
POINT
  5
4E06
330
4DFC
100
AcDbEntity
  8
DEFPOINTS
 62
     0
370
    25
100
AcDbPoint
 10
3739.841114601083
 20
-3013.237019065761
 30
0.0
  0
POINT
  5
4E07
330
4DFC
100
AcDbEntity
  8
DEFPOINTS
 62
     0
370
    25
100
AcDbPoint
 10
3709.751114601083
 20
-3043.237019065761
 30
0.0
  0
POINT
  5
4E08
330
4DFC
100
AcDbEntity
  8
DEFPOINTS
 62
     0
370
    25
100
AcDbPoint
 10
3681.344744883102
 20
-3043.237019065761
 30
0.0
  0
ENDBLK
  5
4DFE
330
4DFC
100
AcDbEntity
  8
0
370
    25
100
AcDbBlockEnd
  0
BLOCK
  5
4E15
330
4E14
100
AcDbEntity
  8
0
370
    25
100
AcDbBlockBegin
  2
*D38
 70
     1
 10
0.0
 20
0.0
 30
0.0
  3
*D38
  1

  0
LINE
  5
4E17
330
4E14
100
AcDbEntity
  8
0
370
    -2
100
AcDbLine
 10
3739.75111460108
 20
-3023.23701906576
 30
0.0
 11
3739.75111460108
 21
-3112.638668569715
 31
0.0
  0
LINE
  5
4E18
330
4E14
100
AcDbEntity
  8
0
370
    -2
100
AcDbLine
 10
3709.751114601079
 20
-3053.23701906576
 30
0.0
 11
3709.751114601079
 21
-3112.638668569715
 31
0.0
  0
LINE
  5
4E19
330
4E14
100
AcDbEntity
  8
0
370
    -2
100
AcDbLine
 10
3764.75111460108
 20
-3102.638668569714
 30
0.0
 11
3789.75111460108
 21
-3102.638668569714
 31
0.0
  0
LINE
  5
4E1A
330
4E14
100
AcDbEntity
  8
0
370
    -2
100
AcDbLine
 10
3684.75111460108
 20
-3102.638668569714
 30
0.0
 11
3659.751114601081
 21
-3102.638668569714
 31
0.0
  0
MTEXT
  5
4E1B
330
4E14
100
AcDbEntity
  8
0
370
    25
100
AcDbMText
 10
3724.75111460108
 20
-3164.138668569715
 30
0.0
 40
25.0
 41
0.0
 46
0.0
 71
     5
 72
     1
  1
\A1;30
  7
ОФОРМИТЕЛЬ
 73
     1
 44
1.0
1001
ACAD
1000
MTEXTBEGIN
1070
    73
1070
     1
1070
    44
1040
1.0
1070
    74
1070
     0
1000
MTEXTEND
  0
SOLID
  5
4E1C
330
4E14
100
AcDbEntity
  8
0
370
    25
100
AcDbTrace
 10
3764.75111460108
 20
-3098.472001903048
 30
0.0
 11
3764.75111460108
 21
-3106.805335236382
 31
0.0
 12
3739.75111460108
 22
-3102.638668569714
 32
0.0
 13
3739.75111460108
 23
-3102.638668569714
 33
0.0
  0
SOLID
  5
4E1D
330
4E14
100
AcDbEntity
  8
0
370
    25
100
AcDbTrace
 10
3684.75111460108
 20
-3098.472001903048
 30
0.0
 11
3684.75111460108
 21
-3106.805335236382
 31
0.0
 12
3709.751114601079
 22
-3102.638668569714
 32
0.0
 13
3709.751114601079
 23
-3102.638668569714
 33
0.0
  0
POINT
  5
4E1E
330
4E14
100
AcDbEntity
  8
DEFPOINTS
 62
     0
370
    25
100
AcDbPoint
 10
3739.75111460108
 20
-3013.237019065761
 30
0.0
  0
POINT
  5
4E1F
330
4E14
100
AcDbEntity
  8
DEFPOINTS
 62
     0
370
    25
100
AcDbPoint
 10
3709.751114601079
 20
-3043.23701906576
 30
0.0
  0
POINT
  5
4E20
330
4E14
100
AcDbEntity
  8
DEFPOINTS
 62
     0
370
    25
100
AcDbPoint
 10
3709.751114601079
 20
-3102.638668569714
 30
0.0
  0
ENDBLK
  5
4E16
330
4E14
100
AcDbEntity
  8
0
370
    25
100
AcDbBlockEnd
  0
BLOCK
  5
4E23
330
4E22
100
AcDbEntity
  8
0
370
    25
100
AcDbBlockBegin
  2
*D39
 70
     1
 10
0.0
 20
0.0
 30
0.0
  3
*D39
  1

  0
LINE
  5
4E25
330
4E22
100
AcDbEntity
  8
0
370
    -2
100
AcDbLine
 10
3949.751114601082
 20
-3013.237019065761
 30
0.0
 11
4028.538056035396
 21
-3013.237019065761
 31
0.0
  0
LINE
  5
4E26
330
4E22
100
AcDbEntity
  8
0
370
    -2
100
AcDbLine
 10
3979.751114601082
 20
-3043.237019065761
 30
0.0
 11
4028.538056035396
 21
-3043.237019065761
 31
0.0
  0
LINE
  5
4E27
330
4E22
100
AcDbEntity
  8
0
370
    -2
100
AcDbLine
 10
4018.538056035397
 20
-2988.237019065761
 30
0.0
 11
4018.538056035397
 21
-2963.237019065761
 31
0.0
  0
LINE
  5
4E28
330
4E22
100
AcDbEntity
  8
0
370
    -2
100
AcDbLine
 10
4018.538056035397
 20
-3068.237019065761
 30
0.0
 11
4018.538056035397
 21
-3093.237019065762
 31
0.0
  0
MTEXT
  5
4E29
330
4E22
100
AcDbEntity
  8
0
370
    25
100
AcDbMText
 10
4080.038056035395
 20
-3028.237019065762
 30
0.0
 40
25.0
 41
0.0
 46
0.0
 71
     5
 72
     1
  1
\A1;30
  7
ОФОРМИТЕЛЬ
 73
     1
 44
1.0
1001
ACAD
1000
MTEXTBEGIN
1070
    73
1070
     1
1070
    44
1040
1.0
1070
    74
1070
     0
1000
MTEXTEND
  0
SOLID
  5
4E2A
330
4E22
100
AcDbEntity
  8
0
370
    25
100
AcDbTrace
 10
4014.371389368728
 20
-2988.237019065761
 30
0.0
 11
4022.704722702063
 21
-2988.237019065761
 31
0.0
 12
4018.538056035397
 22
-3013.237019065761
 32
0.0
 13
4018.538056035397
 23
-3013.237019065761
 33
0.0
  0
SOLID
  5
4E2B
330
4E22
100
AcDbEntity
  8
0
370
    25
100
AcDbTrace
 10
4014.371389368728
 20
-3068.237019065761
 30
0.0
 11
4022.704722702063
 21
-3068.237019065761
 31
0.0
 12
4018.538056035397
 22
-3043.237019065761
 32
0.0
 13
4018.538056035397
 23
-3043.237019065761
 33
0.0
  0
POINT
  5
4E2C
330
4E22
100
AcDbEntity
  8
DEFPOINTS
 62
     0
370
    25
100
AcDbPoint
 10
3939.751114601082
 20
-3013.237019065761
 30
0.0
  0
POINT
  5
4E2D
330
4E22
100
AcDbEntity
  8
DEFPOINTS
 62
     0
370
    25
100
AcDbPoint
 10
3969.751114601082
 20
-3043.237019065761
 30
0.0
  0
POINT
  5
4E2E
330
4E22
100
AcDbEntity
  8
DEFPOINTS
 62
     0
370
    25
100
AcDbPoint
 10
4018.538056035397
 20
-3043.237019065761
 30
0.0
  0
ENDBLK
  5
4E24
330
4E22
100
AcDbEntity
  8
0
370
    25
100
AcDbBlockEnd
  0
BLOCK
  5
4E31
330
4E30
100
AcDbEntity
  8
0
370
    25
100
AcDbBlockBegin
  2
*D40
 70
     1
 10
0.0
 20
0.0
 30
0.0
  3
*D40
  1

  0
LINE
  5
4E33
330
4E30
100
AcDbEntity
  8
0
370
    -2
100
AcDbLine
 10
3939.75111460108
 20
-3023.23701906576
 30
0.0
 11
3939.75111460108
 21
-3113.600815701626
 31
0.0
  0
LINE
  5
4E34
330
4E30
100
AcDbEntity
  8
0
370
    -2
100
AcDbLine
 10
3969.751114601081
 20
-3053.23701906576
 30
0.0
 11
3969.751114601081
 21
-3113.600815701626
 31
0.0
  0
LINE
  5
4E35
330
4E30
100
AcDbEntity
  8
0
370
    -2
100
AcDbLine
 10
3914.75111460108
 20
-3103.600815701626
 30
0.0
 11
3889.75111460108
 21
-3103.600815701626
 31
0.0
  0
LINE
  5
4E36
330
4E30
100
AcDbEntity
  8
0
370
    -2
100
AcDbLine
 10
3994.751114601081
 20
-3103.600815701626
 30
0.0
 11
4019.75111460108
 21
-3103.600815701626
 31
0.0
  0
MTEXT
  5
4E37
330
4E30
100
AcDbEntity
  8
0
370
    25
100
AcDbMText
 10
3954.75111460108
 20
-3165.100815701626
 30
0.0
 40
25.0
 41
0.0
 46
0.0
 71
     5
 72
     1
  1
\A1;30
  7
ОФОРМИТЕЛЬ
 73
     1
 44
1.0
1001
ACAD
1000
MTEXTBEGIN
1070
    73
1070
     1
1070
    44
1040
1.0
1070
    74
1070
     0
1000
MTEXTEND
  0
SOLID
  5
4E38
330
4E30
100
AcDbEntity
  8
0
370
    25
100
AcDbTrace
 10
3914.75111460108
 20
-3099.434149034959
 30
0.0
 11
3914.75111460108
 21
-3107.767482368292
 31
0.0
 12
3939.75111460108
 22
-3103.600815701626
 32
0.0
 13
3939.75111460108
 23
-3103.600815701626
 33
0.0
  0
SOLID
  5
4E39
330
4E30
100
AcDbEntity
  8
0
370
    25
100
AcDbTrace
 10
3994.751114601081
 20
-3099.434149034959
 30
0.0
 11
3994.751114601081
 21
-3107.767482368292
 31
0.0
 12
3969.751114601081
 22
-3103.600815701626
 32
0.0
 13
3969.751114601081
 23
-3103.600815701626
 33
0.0
  0
POINT
  5
4E3A
330
4E30
100
AcDbEntity
  8
DEFPOINTS
 62
     0
370
    25
100
AcDbPoint
 10
3939.75111460108
 20
-3013.237019065761
 30
0.0
  0
POINT
  5
4E3B
330
4E30
100
AcDbEntity
  8
DEFPOINTS
 62
     0
370
    25
100
AcDbPoint
 10
3969.751114601081
 20
-3043.23701906576
 30
0.0
  0
POINT
  5
4E3C
330
4E30
100
AcDbEntity
  8
DEFPOINTS
 62
     0
370
    25
100
AcDbPoint
 10
3969.751114601081
 20
-3103.600815701626
 30
0.0
  0
ENDBLK
  5
4E32
330
4E30
100
AcDbEntity
  8
0
370
    25
100
AcDbBlockEnd
  0
BLOCK
  5
4ECA
330
4EC9
100
AcDbEntity
  8
0
370
    25
100
AcDbBlockBegin
  2
*D41
 70
     1
 10
0.0
 20
0.0
 30
0.0
  3
*D41
  1

  0
LINE
  5
4F2F
330
4EC9
100
AcDbEntity
  8
0
370
    -2
100
AcDbLine
 10
4397.733900175891
 20
-3122.291339105445
 30
0.0
 11
4377.325001754445
 21
-3136.730067069607
 31
0.0
  0
LINE
  5
4F30
330
4EC9
100
AcDbEntity
  8
0
370
    -2
100
AcDbLine
 10
4446.715256387363
 20
-3087.638391991455
 30
0.0
 11
4467.124154808806
 21
-3073.199664027292
 31
0.0
  0
MTEXT
  5
4F31
330
4EC9
100
AcDbEntity
  8
0
370
    25
100
AcDbMText
 10
4477.604135683963
 20
-3055.345827358696
 30
0.0
 40
25.0
 41
0.0
 46
0.0
 71
     5
 72
     1
  1
\A1;∅10
  7
ОФОРМИТЕЛЬ
 73
     1
 44
1.0
1001
ACAD
1000
MTEXTBEGIN
1070
    73
1070
     1
1070
    44
1040
1.0
1070
    74
1070
     0
1000
MTEXTEND
  0
SOLID
  5
4F32
330
4EC9
100
AcDbEntity
  8
0
370
    25
100
AcDbTrace
 10
4395.327445515198
 20
-3118.889856035203
 30
0.0
 11
4400.140354836585
 21
-3125.692822175687
 31
0.0
 12
4418.142798597337
 22
-3107.852611141282
 32
0.0
 13
4418.142798597337
 23
-3107.852611141282
 33
0.0
  0
SOLID
  5
4F33
330
4EC9
100
AcDbEntity
  8
0
370
    25
100
AcDbTrace
 10
4444.308801726667
 20
-3084.236908921213
 30
0.0
 11
4449.121711048054
 21
-3091.039875061696
 31
0.0
 12
4426.306357965914
 22
-3102.077119955618
 32
0.0
 13
4426.306357965914
 23
-3102.077119955618
 33
0.0
  0
LINE
  5
4F34
330
4EC9
100
AcDbEntity
  8
0
370
    -2
100
AcDbLine
 10
4422.134578281626
 20
-3104.96486554845
 30
0.0
 11
4422.314578281627
 21
-3104.96486554845
 31
0.0
  0
LINE
  5
4F35
330
4EC9
100
AcDbEntity
  8
0
370
    -2
100
AcDbLine
 10
4422.224578281626
 20
-3105.054865548451
 30
0.0
 11
4422.224578281626
 21
-3104.87486554845
 31
0.0
  0
POINT
  5
4F36
330
4EC9
100
AcDbEntity
  8
DEFPOINTS
 62
     0
370
    25
100
AcDbPoint
 10
4426.306357965914
 20
-3102.077119955618
 30
0.0
  0
POINT
  5
4F37
330
4EC9
100
AcDbEntity
  8
DEFPOINTS
 62
     0
370
    25
100
AcDbPoint
 10
4418.142798597337
 20
-3107.852611141282
 30
0.0
  0
ENDBLK
  5
4ECB
330
4EC9
100
AcDbEntity
  8
0
370
    25
100
AcDbBlockEnd
  0
BLOCK
  5
4ED6
330
4ED5
100
AcDbEntity
  8
0
370
    25
100
AcDbBlockBegin
  2
*D42
 70
     1
 10
0.0
 20
0.0
 30
0.0
  3
*D42
  1

  0
LINE
  5
4F38
330
4ED5
100
AcDbEntity
  8
0
370
    -2
100
AcDbLine
 10
4646.638968967756
 20
-3122.398669706607
 30
0.0
 11
4666.984294539529
 21
-3136.926839838404
 31
0.0
  0
LINE
  5
4F39
330
4ED5
100
AcDbEntity
  8
0
370
    -2
100
AcDbLine
 10
4597.810187595493
 20
-3087.531061390291
 30
0.0
 11
4577.464862023719
 21
-3073.002891258493
 31
0.0
  0
MTEXT
  5
4F3A
330
4ED5
100
AcDbEntity
  8
0
370
    25
100
AcDbMText
 10
4576.384404953259
 20
-3050.824982636012
 30
0.0
 40
25.0
 41
0.0
 46
0.0
 71
     5
 72
     1
  1
\A1;∅10
  7
ОФОРМИТЕЛЬ
 73
     1
 44
1.0
1001
ACAD
1000
MTEXTBEGIN
1070
    73
1070
     1
1070
    44
1040
1.0
1070
    74
1070
     0
1000
MTEXTEND
  0
SOLID
  5
4F3B
330
4ED5
100
AcDbEntity
  8
0
370
    25
100
AcDbTrace
 10
4649.060330656388
 20
-3119.007782111311
 30
0.0
 11
4644.217607279123
 21
-3125.789557301902
 31
0.0
 12
4626.293643395981
 22
-3107.870499574808
 32
0.0
 13
4626.293643395981
 23
-3107.870499574808
 33
0.0
  0
SOLID
  5
4F3C
330
4ED5
100
AcDbEntity
  8
0
370
    25
100
AcDbTrace
 10
4600.231549284127
 20
-3084.140173794995
 30
0.0
 11
4595.38882590686
 21
-3090.921948985588
 31
0.0
 12
4618.15551316727
 22
-3102.059231522089
 32
0.0
 13
4618.15551316727
 23
-3102.059231522089
 33
0.0
  0
LINE
  5
4F3D
330
4ED5
100
AcDbEntity
  8
0
370
    -2
100
AcDbLine
 10
4622.134578281625
 20
-3104.964865548448
 30
0.0
 11
4622.314578281624
 21
-3104.964865548448
 31
0.0
  0
LINE
  5
4F3E
330
4ED5
100
AcDbEntity
  8
0
370
    -2
100
AcDbLine
 10
4622.224578281624
 20
-3105.054865548449
 30
0.0
 11
4622.224578281624
 21
-3104.874865548449
 31
0.0
  0
POINT
  5
4F3F
330
4ED5
100
AcDbEntity
  8
DEFPOINTS
 62
     0
370
    25
100
AcDbPoint
 10
4618.15551316727
 20
-3102.059231522089
 30
0.0
  0
POINT
  5
4F40
330
4ED5
100
AcDbEntity
  8
DEFPOINTS
 62
     0
370
    25
100
AcDbPoint
 10
4626.293643395981
 20
-3107.870499574808
 30
0.0
  0
ENDBLK
  5
4ED7
330
4ED5
100
AcDbEntity
  8
0
370
    25
100
AcDbBlockEnd
  0
BLOCK
  5
4EFC
330
4EFB
100
AcDbEntity
  8
0
370
    25
100
AcDbBlockBegin
  2
*D43
 70
     1
 10
0.0
 20
0.0
 30
0.0
  3
*D43
  1

  0
LINE
  5
4F55
330
4EFB
100
AcDbEntity
  8
0
370
    -2
100
AcDbLine
 10
4412.314578281628
 20
-3104.96486554845
 30
0.0
 11
4353.818208563649
 21
-3104.96486554845
 31
0.0
  0
LINE
  5
4F56
330
4EFB
100
AcDbEntity
  8
0
370
    -2
100
AcDbLine
 10
4382.224578281628
 20
-3134.964865548451
 30
0.0
 11
4353.818208563649
 21
-3134.964865548451
 31
0.0
  0
LINE
  5
4F57
330
4EFB
100
AcDbEntity
  8
0
370
    -2
100
AcDbLine
 10
4363.818208563649
 20
-3079.964865548451
 30
0.0
 11
4363.818208563649
 21
-3054.96486554845
 31
0.0
  0
LINE
  5
4F58
330
4EFB
100
AcDbEntity
  8
0
370
    -2
100
AcDbLine
 10
4363.818208563649
 20
-3159.964865548451
 30
0.0
 11
4363.818208563649
 21
-3184.964865548451
 31
0.0
  0
MTEXT
  5
4F59
330
4EFB
100
AcDbEntity
  8
0
370
    25
100
AcDbMText
 10
4327.318208563647
 20
-3119.964865548451
 30
0.0
 40
25.0
 41
0.0
 46
0.0
 71
     5
 72
     1
  1
\A1;30
  7
ОФОРМИТЕЛЬ
 73
     1
 44
1.0
1001
ACAD
1000
MTEXTBEGIN
1070
    73
1070
     1
1070
    44
1040
1.0
1070
    74
1070
     0
1000
MTEXTEND
  0
SOLID
  5
4F5A
330
4EFB
100
AcDbEntity
  8
0
370
    25
100
AcDbTrace
 10
4359.651541896982
 20
-3079.964865548451
 30
0.0
 11
4367.984875230315
 21
-3079.964865548451
 31
0.0
 12
4363.818208563649
 22
-3104.96486554845
 32
0.0
 13
4363.818208563649
 23
-3104.96486554845
 33
0.0
  0
SOLID
  5
4F5B
330
4EFB
100
AcDbEntity
  8
0
370
    25
100
AcDbTrace
 10
4359.651541896982
 20
-3159.964865548451
 30
0.0
 11
4367.984875230315
 21
-3159.964865548451
 31
0.0
 12
4363.818208563649
 22
-3134.964865548451
 32
0.0
 13
4363.818208563649
 23
-3134.964865548451
 33
0.0
  0
POINT
  5
4F5C
330
4EFB
100
AcDbEntity
  8
DEFPOINTS
 62
     0
370
    25
100
AcDbPoint
 10
4422.314578281627
 20
-3104.96486554845
 30
0.0
  0
POINT
  5
4F5D
330
4EFB
100
AcDbEntity
  8
DEFPOINTS
 62
     0
370
    25
100
AcDbPoint
 10
4392.224578281628
 20
-3134.964865548451
 30
0.0
  0
POINT
  5
4F5E
330
4EFB
100
AcDbEntity
  8
DEFPOINTS
 62
     0
370
    25
100
AcDbPoint
 10
4363.818208563649
 20
-3134.964865548451
 30
0.0
  0
ENDBLK
  5
4EFD
330
4EFB
100
AcDbEntity
  8
0
370
    25
100
AcDbBlockEnd
  0
BLOCK
  5
4F09
330
4F08
100
AcDbEntity
  8
0
370
    25
100
AcDbBlockBegin
  2
*D44
 70
     1
 10
0.0
 20
0.0
 30
0.0
  3
*D44
  1

  0
LINE
  5
4F5F
330
4F08
100
AcDbEntity
  8
0
370
    -2
100
AcDbLine
 10
4422.224578281626
 20
-3114.964865548449
 30
0.0
 11
4422.224578281626
 21
-3204.366515052403
 31
0.0
  0
LINE
  5
4F60
330
4F08
100
AcDbEntity
  8
0
370
    -2
100
AcDbLine
 10
4392.224578281626
 20
-3144.964865548449
 30
0.0
 11
4392.224578281626
 21
-3204.366515052403
 31
0.0
  0
LINE
  5
4F61
330
4F08
100
AcDbEntity
  8
0
370
    -2
100
AcDbLine
 10
4447.224578281626
 20
-3194.366515052403
 30
0.0
 11
4472.224578281626
 21
-3194.366515052403
 31
0.0
  0
LINE
  5
4F62
330
4F08
100
AcDbEntity
  8
0
370
    -2
100
AcDbLine
 10
4367.224578281626
 20
-3194.366515052403
 30
0.0
 11
4342.224578281626
 21
-3194.366515052403
 31
0.0
  0
MTEXT
  5
4F63
330
4F08
100
AcDbEntity
  8
0
370
    25
100
AcDbMText
 10
4407.224578281626
 20
-3255.866515052403
 30
0.0
 40
25.0
 41
0.0
 46
0.0
 71
     5
 72
     1
  1
\A1;30
  7
ОФОРМИТЕЛЬ
 73
     1
 44
1.0
1001
ACAD
1000
MTEXTBEGIN
1070
    73
1070
     1
1070
    44
1040
1.0
1070
    74
1070
     0
1000
MTEXTEND
  0
SOLID
  5
4F64
330
4F08
100
AcDbEntity
  8
0
370
    25
100
AcDbTrace
 10
4447.224578281626
 20
-3190.199848385737
 30
0.0
 11
4447.224578281626
 21
-3198.533181719069
 31
0.0
 12
4422.224578281626
 22
-3194.366515052403
 32
0.0
 13
4422.224578281626
 23
-3194.366515052403
 33
0.0
  0
SOLID
  5
4F65
330
4F08
100
AcDbEntity
  8
0
370
    25
100
AcDbTrace
 10
4367.224578281626
 20
-3190.199848385737
 30
0.0
 11
4367.224578281626
 21
-3198.533181719069
 31
0.0
 12
4392.224578281626
 22
-3194.366515052403
 32
0.0
 13
4392.224578281626
 23
-3194.366515052403
 33
0.0
  0
POINT
  5
4F66
330
4F08
100
AcDbEntity
  8
DEFPOINTS
 62
     0
370
    25
100
AcDbPoint
 10
4422.224578281626
 20
-3104.964865548449
 30
0.0
  0
POINT
  5
4F67
330
4F08
100
AcDbEntity
  8
DEFPOINTS
 62
     0
370
    25
100
AcDbPoint
 10
4392.224578281626
 20
-3134.964865548449
 30
0.0
  0
POINT
  5
4F68
330
4F08
100
AcDbEntity
  8
DEFPOINTS
 62
     0
370
    25
100
AcDbPoint
 10
4392.224578281626
 20
-3194.366515052403
 30
0.0
  0
ENDBLK
  5
4F0A
330
4F08
100
AcDbEntity
  8
0
370
    25
100
AcDbBlockEnd
  0
BLOCK
  5
4F16
330
4F15
100
AcDbEntity
  8
0
370
    25
100
AcDbBlockBegin
  2
*D45
 70
     1
 10
0.0
 20
0.0
 30
0.0
  3
*D45
  1

  0
LINE
  5
4F69
330
4F15
100
AcDbEntity
  8
0
370
    -2
100
AcDbLine
 10
4632.224578281628
 20
-3104.964865548451
 30
0.0
 11
4711.011519715945
 21
-3104.964865548451
 31
0.0
  0
LINE
  5
4F6A
330
4F15
100
AcDbEntity
  8
0
370
    -2
100
AcDbLine
 10
4662.224578281628
 20
-3134.964865548451
 30
0.0
 11
4711.011519715945
 21
-3134.964865548451
 31
0.0
  0
LINE
  5
4F6B
330
4F15
100
AcDbEntity
  8
0
370
    -2
100
AcDbLine
 10
4701.011519715945
 20
-3079.964865548451
 30
0.0
 11
4701.011519715945
 21
-3054.964865548451
 31
0.0
  0
LINE
  5
4F6C
330
4F15
100
AcDbEntity
  8
0
370
    -2
100
AcDbLine
 10
4701.011519715945
 20
-3159.964865548451
 30
0.0
 11
4701.011519715945
 21
-3184.964865548451
 31
0.0
  0
MTEXT
  5
4F6D
330
4F15
100
AcDbEntity
  8
0
370
    25
100
AcDbMText
 10
4762.511519715943
 20
-3119.964865548451
 30
0.0
 40
25.0
 41
0.0
 46
0.0
 71
     5
 72
     1
  1
\A1;30
  7
ОФОРМИТЕЛЬ
 73
     1
 44
1.0
1001
ACAD
1000
MTEXTBEGIN
1070
    73
1070
     1
1070
    44
1040
1.0
1070
    74
1070
     0
1000
MTEXTEND
  0
SOLID
  5
4F6E
330
4F15
100
AcDbEntity
  8
0
370
    25
100
AcDbTrace
 10
4696.844853049277
 20
-3079.964865548451
 30
0.0
 11
4705.178186382613
 21
-3079.964865548451
 31
0.0
 12
4701.011519715945
 22
-3104.964865548451
 32
0.0
 13
4701.011519715945
 23
-3104.964865548451
 33
0.0
  0
SOLID
  5
4F6F
330
4F15
100
AcDbEntity
  8
0
370
    25
100
AcDbTrace
 10
4696.844853049277
 20
-3159.964865548451
 30
0.0
 11
4705.178186382613
 21
-3159.964865548451
 31
0.0
 12
4701.011519715945
 22
-3134.964865548451
 32
0.0
 13
4701.011519715945
 23
-3134.964865548451
 33
0.0
  0
POINT
  5
4F70
330
4F15
100
AcDbEntity
  8
DEFPOINTS
 62
     0
370
    25
100
AcDbPoint
 10
4622.224578281628
 20
-3104.964865548451
 30
0.0
  0
POINT
  5
4F71
330
4F15
100
AcDbEntity
  8
DEFPOINTS
 62
     0
370
    25
100
AcDbPoint
 10
4652.224578281628
 20
-3134.964865548451
 30
0.0
  0
POINT
  5
4F72
330
4F15
100
AcDbEntity
  8
DEFPOINTS
 62
     0
370
    25
100
AcDbPoint
 10
4701.011519715945
 20
-3134.964865548451
 30
0.0
  0
ENDBLK
  5
4F17
330
4F15
100
AcDbEntity
  8
0
370
    25
100
AcDbBlockEnd
  0
BLOCK
  5
4F23
330
4F22
100
AcDbEntity
  8
0
370
    25
100
AcDbBlockBegin
  2
*D46
 70
     1
 10
0.0
 20
0.0
 30
0.0
  3
*D46
  1

  0
LINE
  5
4F73
330
4F22
100
AcDbEntity
  8
0
370
    -2
100
AcDbLine
 10
4622.224578281627
 20
-3114.964865548449
 30
0.0
 11
4622.224578281627
 21
-3205.328662184314
 31
0.0
  0
LINE
  5
4F74
330
4F22
100
AcDbEntity
  8
0
370
    -2
100
AcDbLine
 10
4652.224578281626
 20
-3144.964865548449
 30
0.0
 11
4652.224578281626
 21
-3205.328662184314
 31
0.0
  0
LINE
  5
4F75
330
4F22
100
AcDbEntity
  8
0
370
    -2
100
AcDbLine
 10
4597.224578281626
 20
-3195.328662184314
 30
0.0
 11
4572.224578281626
 21
-3195.328662184314
 31
0.0
  0
LINE
  5
4F76
330
4F22
100
AcDbEntity
  8
0
370
    -2
100
AcDbLine
 10
4677.224578281626
 20
-3195.328662184314
 30
0.0
 11
4702.224578281626
 21
-3195.328662184314
 31
0.0
  0
MTEXT
  5
4F77
330
4F22
100
AcDbEntity
  8
0
370
    25
100
AcDbMText
 10
4637.224578281626
 20
-3256.828662184314
 30
0.0
 40
25.0
 41
0.0
 46
0.0
 71
     5
 72
     1
  1
\A1;30
  7
ОФОРМИТЕЛЬ
 73
     1
 44
1.0
1001
ACAD
1000
MTEXTBEGIN
1070
    73
1070
     1
1070
    44
1040
1.0
1070
    74
1070
     0
1000
MTEXTEND
  0
SOLID
  5
4F78
330
4F22
100
AcDbEntity
  8
0
370
    25
100
AcDbTrace
 10
4597.224578281626
 20
-3191.161995517648
 30
0.0
 11
4597.224578281626
 21
-3199.495328850981
 31
0.0
 12
4622.224578281627
 22
-3195.328662184314
 32
0.0
 13
4622.224578281627
 23
-3195.328662184314
 33
0.0
  0
SOLID
  5
4F79
330
4F22
100
AcDbEntity
  8
0
370
    25
100
AcDbTrace
 10
4677.224578281626
 20
-3191.161995517648
 30
0.0
 11
4677.224578281626
 21
-3199.495328850981
 31
0.0
 12
4652.224578281626
 22
-3195.328662184314
 32
0.0
 13
4652.224578281626
 23
-3195.328662184314
 33
0.0
  0
POINT
  5
4F7A
330
4F22
100
AcDbEntity
  8
DEFPOINTS
 62
     0
370
    25
100
AcDbPoint
 10
4622.224578281627
 20
-3104.964865548449
 30
0.0
  0
POINT
  5
4F7B
330
4F22
100
AcDbEntity
  8
DEFPOINTS
 62
     0
370
    25
100
AcDbPoint
 10
4652.224578281626
 20
-3134.964865548449
 30
0.0
  0
POINT
  5
4F7C
330
4F22
100
AcDbEntity
  8
DEFPOINTS
 62
     0
370
    25
100
AcDbPoint
 10
4652.224578281626
 20
-3195.328662184314
 30
0.0
  0
ENDBLK
  5
4F24
330
4F22
100
AcDbEntity
  8
0
370
    25
100
AcDbBlockEnd
  0
BLOCK
  5
4F87
330
4F86
100
AcDbEntity
  8
0
370
    25
100
AcDbBlockBegin
  2
*D47
 70
     1
 10
0.0
 20
0.0
 30
0.0
  3
*D47
  1

  0
LINE
  5
4F89
330
4F86
100
AcDbEntity
  8
0
370
    -2
100
AcDbLine
 10
4392.224578281626
 20
-2764.964865548449
 30
0.0
 11
4392.224578281626
 21
-2667.105061653136
 31
0.0
  0
LINE
  5
4F8A
330
4F86
100
AcDbEntity
  8
0
370
    -2
100
AcDbLine
 10
4652.224578281626
 20
-2764.964865548449
 30
0.0
 11
4652.224578281626
 21
-2667.105061653136
 31
0.0
  0
LINE
  5
4F8B
330
4F86
100
AcDbEntity
  8
0
370
    -2
100
AcDbLine
 10
4417.224578281626
 20
-2677.105061653136
 30
0.0
 11
4487.974578281626
 21
-2677.105061653136
 31
0.0
  0
LINE
  5
4F8C
330
4F86
100
AcDbEntity
  8
0
370
    -2
100
AcDbLine
 10
4627.224578281626
 20
-2677.105061653136
 30
0.0
 11
4556.474578281624
 21
-2677.105061653136
 31
0.0
  0
SOLID
  5
4F8D
330
4F86
100
AcDbEntity
  8
0
370
    25
100
AcDbTrace
 10
4417.224578281626
 20
-2672.938394986469
 30
0.0
 11
4417.224578281626
 21
-2681.271728319802
 31
0.0
 12
4392.224578281626
 22
-2677.105061653136
 32
0.0
 13
4392.224578281626
 23
-2677.105061653136
 33
0.0
  0
SOLID
  5
4F8E
330
4F86
100
AcDbEntity
  8
0
370
    25
100
AcDbTrace
 10
4627.224578281626
 20
-2672.938394986469
 30
0.0
 11
4627.224578281626
 21
-2681.271728319802
 31
0.0
 12
4652.224578281626
 22
-2677.105061653136
 32
0.0
 13
4652.224578281626
 23
-2677.105061653136
 33
0.0
  0
MTEXT
  5
4F8F
330
4F86
100
AcDbEntity
  8
0
370
    25
100
AcDbMText
 10
4522.224578281626
 20
-2677.105061653136
 30
0.0
 40
25.0
 41
0.0
 46
0.0
 71
     5
 72
     1
  1
\A1;260
  7
ОФОРМИТЕЛЬ
 73
     1
 44
1.0
1001
ACAD
1000
MTEXTBEGIN
1070
    73
1070
     1
1070
    44
1040
1.0
1070
    74
1070
     0
1000
MTEXTEND
  0
POINT
  5
4F90
330
4F86
100
AcDbEntity
  8
DEFPOINTS
 62
     0
370
    25
100
AcDbPoint
 10
4392.224578281626
 20
-2774.964865548449
 30
0.0
  0
POINT
  5
4F91
330
4F86
100
AcDbEntity
  8
DEFPOINTS
 62
     0
370
    25
100
AcDbPoint
 10
4652.224578281626
 20
-2774.964865548449
 30
0.0
  0
POINT
  5
4F92
330
4F86
100
AcDbEntity
  8
DEFPOINTS
 62
     0
370
    25
100
AcDbPoint
 10
4652.224578281626
 20
-2677.105061653136
 30
0.0
  0
ENDBLK
  5
4F88
330
4F86
100
AcDbEntity
  8
0
370
    25
100
AcDbBlockEnd
  0
BLOCK
  5
4F95
330
4F94
100
AcDbEntity
  8
0
370
    25
100
AcDbBlockBegin
  2
*D48
 70
     1
 10
0.0
 20
0.0
 30
0.0
  3
*D48
  1

  0
LINE
  5
4F97
330
4F94
100
AcDbEntity
  8
0
370
    -2
100
AcDbLine
 10
4382.224578281628
 20
-2774.96486554845
 30
0.0
 11
4254.175904096674
 21
-2774.96486554845
 31
0.0
  0
LINE
  5
4F98
330
4F94
100
AcDbEntity
  8
0
370
    -2
100
AcDbLine
 10
4382.224578281628
 20
-3134.964865548451
 30
0.0
 11
4254.175904096674
 21
-3134.964865548451
 31
0.0
  0
LINE
  5
4F99
330
4F94
100
AcDbEntity
  8
0
370
    -2
100
AcDbLine
 10
4264.175904096672
 20
-2799.96486554845
 30
0.0
 11
4264.175904096672
 21
-2939.46486554845
 31
0.0
  0
LINE
  5
4F9A
330
4F94
100
AcDbEntity
  8
0
370
    -2
100
AcDbLine
 10
4264.175904096672
 20
-3109.964865548451
 30
0.0
 11
4264.175904096672
 21
-2970.46486554845
 31
0.0
  0
SOLID
  5
4F9B
330
4F94
100
AcDbEntity
  8
0
370
    25
100
AcDbTrace
 10
4260.009237430007
 20
-2799.96486554845
 30
0.0
 11
4268.34257076334
 21
-2799.96486554845
 31
0.0
 12
4264.175904096672
 22
-2774.96486554845
 32
0.0
 13
4264.175904096672
 23
-2774.96486554845
 33
0.0
  0
SOLID
  5
4F9C
330
4F94
100
AcDbEntity
  8
0
370
    25
100
AcDbTrace
 10
4260.009237430007
 20
-3109.964865548451
 30
0.0
 11
4268.34257076334
 21
-3109.964865548451
 31
0.0
 12
4264.175904096672
 22
-3134.964865548451
 32
0.0
 13
4264.175904096672
 23
-3134.964865548451
 33
0.0
  0
MTEXT
  5
4F9D
330
4F94
100
AcDbEntity
  8
0
370
    25
100
AcDbMText
 10
4264.175904096672
 20
-2954.964865548451
 30
0.0
 40
25.0
 41
0.0
 46
0.0
 71
     5
 72
     1
  1
\A1;360
  7
ОФОРМИТЕЛЬ
 73
     1
 44
1.0
1001
ACAD
1000
MTEXTBEGIN
1070
    73
1070
     1
1070
    44
1040
1.0
1070
    74
1070
     0
1000
MTEXTEND
  0
POINT
  5
4F9E
330
4F94
100
AcDbEntity
  8
DEFPOINTS
 62
     0
370
    25
100
AcDbPoint
 10
4392.224578281628
 20
-2774.96486554845
 30
0.0
  0
POINT
  5
4F9F
330
4F94
100
AcDbEntity
  8
DEFPOINTS
 62
     0
370
    25
100
AcDbPoint
 10
4392.224578281628
 20
-3134.964865548451
 30
0.0
  0
POINT
  5
4FA0
330
4F94
100
AcDbEntity
  8
DEFPOINTS
 62
     0
370
    25
100
AcDbPoint
 10
4264.175904096672
 20
-3134.964865548451
 30
0.0
  0
ENDBLK
  5
4F96
330
4F94
100
AcDbEntity
  8
0
370
    25
100
AcDbBlockEnd
  0
BLOCK
  5
5017
330
5016
100
AcDbEntity
  8
0
370
    25
100
AcDbBlockBegin
  2
*D49
 70
     1
 10
0.0
 20
0.0
 30
0.0
  3
*D49
  1

  0
LINE
  5
506F
330
5016
100
AcDbEntity
  8
0
370
    -2
100
AcDbLine
 10
4998.288011555805
 20
-3125.367166896872
 30
0.0
 11
4977.879113134358
 21
-3139.805894861034
 31
0.0
  0
LINE
  5
5070
330
5016
100
AcDbEntity
  8
0
370
    -2
100
AcDbLine
 10
5047.269367767277
 20
-3090.714219782884
 30
0.0
 11
5067.678266188725
 21
-3076.275491818723
 31
0.0
  0
MTEXT
  5
5071
330
5016
100
AcDbEntity
  8
0
370
    25
100
AcDbMText
 10
5078.158247063878
 20
-3058.421655150123
 30
0.0
 40
25.0
 41
0.0
 46
0.0
 71
     5
 72
     1
  1
\A1;∅10
  7
ОФОРМИТЕЛЬ
 73
     1
 44
1.0
1001
ACAD
1000
MTEXTBEGIN
1070
    73
1070
     1
1070
    44
1040
1.0
1070
    74
1070
     0
1000
MTEXTEND
  0
SOLID
  5
5072
330
5016
100
AcDbEntity
  8
0
370
    25
100
AcDbTrace
 10
4995.881556895112
 20
-3121.965683826631
 30
0.0
 11
5000.694466216499
 21
-3128.768649967115
 31
0.0
 12
5018.696909977252
 22
-3110.928438932712
 32
0.0
 13
5018.696909977252
 23
-3110.928438932712
 33
0.0
  0
SOLID
  5
5073
330
5016
100
AcDbEntity
  8
0
370
    25
100
AcDbTrace
 10
5044.862913106584
 20
-3087.312736712643
 30
0.0
 11
5049.675822427972
 21
-3094.115702853126
 31
0.0
 12
5026.860469345831
 22
-3105.152947747046
 32
0.0
 13
5026.860469345831
 23
-3105.152947747046
 33
0.0
  0
LINE
  5
5074
330
5016
100
AcDbEntity
  8
0
370
    -2
100
AcDbLine
 10
5022.688689661542
 20
-3108.040693339879
 30
0.0
 11
5022.868689661542
 21
-3108.040693339879
 31
0.0
  0
LINE
  5
5075
330
5016
100
AcDbEntity
  8
0
370
    -2
100
AcDbLine
 10
5022.778689661542
 20
-3108.130693339878
 30
0.0
 11
5022.778689661542
 21
-3107.950693339879
 31
0.0
  0
POINT
  5
5076
330
5016
100
AcDbEntity
  8
DEFPOINTS
 62
     0
370
    25
100
AcDbPoint
 10
5026.860469345831
 20
-3105.152947747046
 30
0.0
  0
POINT
  5
5077
330
5016
100
AcDbEntity
  8
DEFPOINTS
 62
     0
370
    25
100
AcDbPoint
 10
5018.696909977252
 20
-3110.928438932712
 30
0.0
  0
ENDBLK
  5
5018
330
5016
100
AcDbEntity
  8
0
370
    25
100
AcDbBlockEnd
  0
BLOCK
  5
5023
330
5022
100
AcDbEntity
  8
0
370
    25
100
AcDbBlockBegin
  2
*D50
 70
     1
 10
0.0
 20
0.0
 30
0.0
  3
*D50
  1

  0
LINE
  5
5078
330
5022
100
AcDbEntity
  8
0
370
    -2
100
AcDbLine
 10
5247.19308034767
 20
-3125.474497498034
 30
0.0
 11
5267.538405919447
 21
-3140.002667629832
 31
0.0
  0
LINE
  5
5079
330
5022
100
AcDbEntity
  8
0
370
    -2
100
AcDbLine
 10
5198.36429897541
 20
-3090.606889181719
 30
0.0
 11
5178.018973403634
 21
-3076.078719049922
 31
0.0
  0
MTEXT
  5
507A
330
5022
100
AcDbEntity
  8
0
370
    25
100
AcDbMText
 10
5176.938516333176
 20
-3053.900810427439
 30
0.0
 40
25.0
 41
0.0
 46
0.0
 71
     5
 72
     1
  1
\A1;∅10
  7
ОФОРМИТЕЛЬ
 73
     1
 44
1.0
1001
ACAD
1000
MTEXTBEGIN
1070
    73
1070
     1
1070
    44
1040
1.0
1070
    74
1070
     0
1000
MTEXTEND
  0
SOLID
  5
507B
330
5022
100
AcDbEntity
  8
0
370
    25
100
AcDbTrace
 10
5249.614442036303
 20
-3122.083609902738
 30
0.0
 11
5244.771718659038
 21
-3128.86538509333
 31
0.0
 12
5226.847754775896
 22
-3110.946327366236
 32
0.0
 13
5226.847754775896
 23
-3110.946327366236
 33
0.0
  0
SOLID
  5
507C
330
5022
100
AcDbEntity
  8
0
370
    25
100
AcDbTrace
 10
5200.785660664045
 20
-3087.216001586423
 30
0.0
 11
5195.942937286777
 21
-3093.997776777014
 31
0.0
 12
5218.709624547185
 22
-3105.135059313516
 32
0.0
 13
5218.709624547185
 23
-3105.135059313516
 33
0.0
  0
LINE
  5
507D
330
5022
100
AcDbEntity
  8
0
370
    -2
100
AcDbLine
 10
5222.688689661541
 20
-3108.040693339876
 30
0.0
 11
5222.868689661542
 21
-3108.040693339876
 31
0.0
  0
LINE
  5
507E
330
5022
100
AcDbEntity
  8
0
370
    -2
100
AcDbLine
 10
5222.778689661542
 20
-3108.130693339877
 30
0.0
 11
5222.778689661542
 21
-3107.950693339877
 31
0.0
  0
POINT
  5
507F
330
5022
100
AcDbEntity
  8
DEFPOINTS
 62
     0
370
    25
100
AcDbPoint
 10
5218.709624547185
 20
-3105.135059313516
 30
0.0
  0
POINT
  5
5080
330
5022
100
AcDbEntity
  8
DEFPOINTS
 62
     0
370
    25
100
AcDbPoint
 10
5226.847754775896
 20
-3110.946327366236
 30
0.0
  0
ENDBLK
  5
5024
330
5022
100
AcDbEntity
  8
0
370
    25
100
AcDbBlockEnd
  0
BLOCK
  5
502F
330
502E
100
AcDbEntity
  8
0
370
    25
100
AcDbBlockBegin
  2
*D51
 70
     1
 10
0.0
 20
0.0
 30
0.0
  3
*D51
  1

  0
LINE
  5
5081
330
502E
100
AcDbEntity
  8
0
370
    -2
100
AcDbLine
 10
5012.868689661543
 20
-3108.040693339879
 30
0.0
 11
4954.372319943566
 21
-3108.040693339879
 31
0.0
  0
LINE
  5
5082
330
502E
100
AcDbEntity
  8
0
370
    -2
100
AcDbLine
 10
4982.778689661543
 20
-3138.040693339879
 30
0.0
 11
4954.372319943566
 21
-3138.040693339879
 31
0.0
  0
LINE
  5
5083
330
502E
100
AcDbEntity
  8
0
370
    -2
100
AcDbLine
 10
4964.372319943566
 20
-3083.040693339879
 30
0.0
 11
4964.372319943566
 21
-3058.040693339878
 31
0.0
  0
LINE
  5
5084
330
502E
100
AcDbEntity
  8
0
370
    -2
100
AcDbLine
 10
4964.372319943566
 20
-3163.040693339879
 30
0.0
 11
4964.372319943566
 21
-3188.040693339879
 31
0.0
  0
MTEXT
  5
5085
330
502E
100
AcDbEntity
  8
0
370
    25
100
AcDbMText
 10
4927.872319943563
 20
-3123.040693339881
 30
0.0
 40
25.0
 41
0.0
 46
0.0
 71
     5
 72
     1
  1
\A1;30
  7
ОФОРМИТЕЛЬ
 73
     1
 44
1.0
1001
ACAD
1000
MTEXTBEGIN
1070
    73
1070
     1
1070
    44
1040
1.0
1070
    74
1070
     0
1000
MTEXTEND
  0
SOLID
  5
5086
330
502E
100
AcDbEntity
  8
0
370
    25
100
AcDbTrace
 10
4960.205653276898
 20
-3083.040693339879
 30
0.0
 11
4968.538986610234
 21
-3083.040693339879
 31
0.0
 12
4964.372319943566
 22
-3108.040693339879
 32
0.0
 13
4964.372319943566
 23
-3108.040693339879
 33
0.0
  0
SOLID
  5
5087
330
502E
100
AcDbEntity
  8
0
370
    25
100
AcDbTrace
 10
4960.205653276898
 20
-3163.040693339879
 30
0.0
 11
4968.538986610234
 21
-3163.040693339879
 31
0.0
 12
4964.372319943566
 22
-3138.040693339879
 32
0.0
 13
4964.372319943566
 23
-3138.040693339879
 33
0.0
  0
POINT
  5
5088
330
502E
100
AcDbEntity
  8
DEFPOINTS
 62
     0
370
    25
100
AcDbPoint
 10
5022.868689661542
 20
-3108.040693339879
 30
0.0
  0
POINT
  5
5089
330
502E
100
AcDbEntity
  8
DEFPOINTS
 62
     0
370
    25
100
AcDbPoint
 10
4992.778689661545
 20
-3138.040693339879
 30
0.0
  0
POINT
  5
508A
330
502E
100
AcDbEntity
  8
DEFPOINTS
 62
     0
370
    25
100
AcDbPoint
 10
4964.372319943566
 20
-3138.040693339879
 30
0.0
  0
ENDBLK
  5
5030
330
502E
100
AcDbEntity
  8
0
370
    25
100
AcDbBlockEnd
  0
BLOCK
  5
503C
330
503B
100
AcDbEntity
  8
0
370
    25
100
AcDbBlockBegin
  2
*D52
 70
     1
 10
0.0
 20
0.0
 30
0.0
  3
*D52
  1

  0
LINE
  5
508B
330
503B
100
AcDbEntity
  8
0
370
    -2
100
AcDbLine
 10
5022.778689661542
 20
-3118.040693339877
 30
0.0
 11
5022.778689661542
 21
-3207.442342843832
 31
0.0
  0
LINE
  5
508C
330
503B
100
AcDbEntity
  8
0
370
    -2
100
AcDbLine
 10
4992.778689661541
 20
-3148.040693339877
 30
0.0
 11
4992.778689661541
 21
-3207.442342843832
 31
0.0
  0
LINE
  5
508D
330
503B
100
AcDbEntity
  8
0
370
    -2
100
AcDbLine
 10
5047.778689661542
 20
-3197.442342843832
 30
0.0
 11
5072.778689661542
 21
-3197.442342843832
 31
0.0
  0
LINE
  5
508E
330
503B
100
AcDbEntity
  8
0
370
    -2
100
AcDbLine
 10
4967.778689661542
 20
-3197.442342843832
 30
0.0
 11
4942.77868966154
 21
-3197.442342843832
 31
0.0
  0
MTEXT
  5
508F
330
503B
100
AcDbEntity
  8
0
370
    25
100
AcDbMText
 10
5007.778689661542
 20
-3258.942342843832
 30
0.0
 40
25.0
 41
0.0
 46
0.0
 71
     5
 72
     1
  1
\A1;30
  7
ОФОРМИТЕЛЬ
 73
     1
 44
1.0
1001
ACAD
1000
MTEXTBEGIN
1070
    73
1070
     1
1070
    44
1040
1.0
1070
    74
1070
     0
1000
MTEXTEND
  0
SOLID
  5
5090
330
503B
100
AcDbEntity
  8
0
370
    25
100
AcDbTrace
 10
5047.778689661542
 20
-3193.275676177165
 30
0.0
 11
5047.778689661542
 21
-3201.609009510498
 31
0.0
 12
5022.778689661542
 22
-3197.442342843832
 32
0.0
 13
5022.778689661542
 23
-3197.442342843832
 33
0.0
  0
SOLID
  5
5091
330
503B
100
AcDbEntity
  8
0
370
    25
100
AcDbTrace
 10
4967.778689661542
 20
-3193.275676177165
 30
0.0
 11
4967.778689661542
 21
-3201.609009510498
 31
0.0
 12
4992.778689661541
 22
-3197.442342843832
 32
0.0
 13
4992.778689661541
 23
-3197.442342843832
 33
0.0
  0
POINT
  5
5092
330
503B
100
AcDbEntity
  8
DEFPOINTS
 62
     0
370
    25
100
AcDbPoint
 10
5022.778689661542
 20
-3108.040693339877
 30
0.0
  0
POINT
  5
5093
330
503B
100
AcDbEntity
  8
DEFPOINTS
 62
     0
370
    25
100
AcDbPoint
 10
4992.778689661541
 20
-3138.040693339878
 30
0.0
  0
POINT
  5
5094
330
503B
100
AcDbEntity
  8
DEFPOINTS
 62
     0
370
    25
100
AcDbPoint
 10
4992.778689661541
 20
-3197.442342843832
 30
0.0
  0
ENDBLK
  5
503D
330
503B
100
AcDbEntity
  8
0
370
    25
100
AcDbBlockEnd
  0
BLOCK
  5
5049
330
5048
100
AcDbEntity
  8
0
370
    25
100
AcDbBlockBegin
  2
*D53
 70
     1
 10
0.0
 20
0.0
 30
0.0
  3
*D53
  1

  0
LINE
  5
5095
330
5048
100
AcDbEntity
  8
0
370
    -2
100
AcDbLine
 10
5232.778689661543
 20
-3108.040693339879
 30
0.0
 11
5311.565631095862
 21
-3108.040693339879
 31
0.0
  0
LINE
  5
5096
330
5048
100
AcDbEntity
  8
0
370
    -2
100
AcDbLine
 10
5262.778689661542
 20
-3138.040693339879
 30
0.0
 11
5311.565631095862
 21
-3138.040693339879
 31
0.0
  0
LINE
  5
5097
330
5048
100
AcDbEntity
  8
0
370
    -2
100
AcDbLine
 10
5301.565631095861
 20
-3083.040693339879
 30
0.0
 11
5301.565631095861
 21
-3058.040693339879
 31
0.0
  0
LINE
  5
5098
330
5048
100
AcDbEntity
  8
0
370
    -2
100
AcDbLine
 10
5301.565631095861
 20
-3163.040693339879
 30
0.0
 11
5301.565631095861
 21
-3188.040693339879
 31
0.0
  0
MTEXT
  5
5099
330
5048
100
AcDbEntity
  8
0
370
    25
100
AcDbMText
 10
5363.06563109586
 20
-3123.040693339881
 30
0.0
 40
25.0
 41
0.0
 46
0.0
 71
     5
 72
     1
  1
\A1;30
  7
ОФОРМИТЕЛЬ
 73
     1
 44
1.0
1001
ACAD
1000
MTEXTBEGIN
1070
    73
1070
     1
1070
    44
1040
1.0
1070
    74
1070
     0
1000
MTEXTEND
  0
SOLID
  5
509A
330
5048
100
AcDbEntity
  8
0
370
    25
100
AcDbTrace
 10
5297.398964429195
 20
-3083.040693339879
 30
0.0
 11
5305.732297762529
 21
-3083.040693339879
 31
0.0
 12
5301.565631095861
 22
-3108.040693339879
 32
0.0
 13
5301.565631095861
 23
-3108.040693339879
 33
0.0
  0
SOLID
  5
509B
330
5048
100
AcDbEntity
  8
0
370
    25
100
AcDbTrace
 10
5297.398964429195
 20
-3163.040693339879
 30
0.0
 11
5305.732297762529
 21
-3163.040693339879
 31
0.0
 12
5301.565631095861
 22
-3138.040693339879
 32
0.0
 13
5301.565631095861
 23
-3138.040693339879
 33
0.0
  0
POINT
  5
509C
330
5048
100
AcDbEntity
  8
DEFPOINTS
 62
     0
370
    25
100
AcDbPoint
 10
5222.778689661542
 20
-3108.040693339879
 30
0.0
  0
POINT
  5
509D
330
5048
100
AcDbEntity
  8
DEFPOINTS
 62
     0
370
    25
100
AcDbPoint
 10
5252.778689661544
 20
-3138.040693339879
 30
0.0
  0
POINT
  5
509E
330
5048
100
AcDbEntity
  8
DEFPOINTS
 62
     0
370
    25
100
AcDbPoint
 10
5301.565631095861
 20
-3138.040693339879
 30
0.0
  0
ENDBLK
  5
504A
330
5048
100
AcDbEntity
  8
0
370
    25
100
AcDbBlockEnd
  0
BLOCK
  5
5056
330
5055
100
AcDbEntity
  8
0
370
    25
100
AcDbBlockBegin
  2
*D54
 70
     1
 10
0.0
 20
0.0
 30
0.0
  3
*D54
  1

  0
LINE
  5
509F
330
5055
100
AcDbEntity
  8
0
370
    -2
100
AcDbLine
 10
5222.778689661542
 20
-3118.040693339877
 30
0.0
 11
5222.778689661542
 21
-3208.404489975743
 31
0.0
  0
LINE
  5
50A0
330
5055
100
AcDbEntity
  8
0
370
    -2
100
AcDbLine
 10
5252.778689661542
 20
-3148.040693339877
 30
0.0
 11
5252.778689661542
 21
-3208.404489975743
 31
0.0
  0
LINE
  5
50A1
330
5055
100
AcDbEntity
  8
0
370
    -2
100
AcDbLine
 10
5197.778689661542
 20
-3198.404489975743
 30
0.0
 11
5172.778689661542
 21
-3198.404489975743
 31
0.0
  0
LINE
  5
50A2
330
5055
100
AcDbEntity
  8
0
370
    -2
100
AcDbLine
 10
5277.778689661541
 20
-3198.404489975743
 30
0.0
 11
5302.778689661542
 21
-3198.404489975743
 31
0.0
  0
MTEXT
  5
50A3
330
5055
100
AcDbEntity
  8
0
370
    25
100
AcDbMText
 10
5237.778689661542
 20
-3259.904489975743
 30
0.0
 40
25.0
 41
0.0
 46
0.0
 71
     5
 72
     1
  1
\A1;30
  7
ОФОРМИТЕЛЬ
 73
     1
 44
1.0
1001
ACAD
1000
MTEXTBEGIN
1070
    73
1070
     1
1070
    44
1040
1.0
1070
    74
1070
     0
1000
MTEXTEND
  0
SOLID
  5
50A4
330
5055
100
AcDbEntity
  8
0
370
    25
100
AcDbTrace
 10
5197.778689661542
 20
-3194.237823309077
 30
0.0
 11
5197.778689661542
 21
-3202.571156642409
 31
0.0
 12
5222.778689661542
 22
-3198.404489975743
 32
0.0
 13
5222.778689661542
 23
-3198.404489975743
 33
0.0
  0
SOLID
  5
50A5
330
5055
100
AcDbEntity
  8
0
370
    25
100
AcDbTrace
 10
5277.778689661541
 20
-3194.237823309077
 30
0.0
 11
5277.778689661541
 21
-3202.571156642409
 31
0.0
 12
5252.778689661542
 22
-3198.404489975743
 32
0.0
 13
5252.778689661542
 23
-3198.404489975743
 33
0.0
  0
POINT
  5
50A6
330
5055
100
AcDbEntity
  8
DEFPOINTS
 62
     0
370
    25
100
AcDbPoint
 10
5222.778689661542
 20
-3108.040693339877
 30
0.0
  0
POINT
  5
50A7
330
5055
100
AcDbEntity
  8
DEFPOINTS
 62
     0
370
    25
100
AcDbPoint
 10
5252.778689661542
 20
-3138.040693339878
 30
0.0
  0
POINT
  5
50A8
330
5055
100
AcDbEntity
  8
DEFPOINTS
 62
     0
370
    25
100
AcDbPoint
 10
5252.778689661542
 20
-3198.404489975743
 30
0.0
  0
ENDBLK
  5
5057
330
5055
100
AcDbEntity
  8
0
370
    25
100
AcDbBlockEnd
  0
BLOCK
  5
50B5
330
50B4
100
AcDbEntity
  8
0
370
    25
100
AcDbBlockBegin
  2
*D55
 70
     1
 10
0.0
 20
0.0
 30
0.0
  3
*D55
  1

  0
LINE
  5
50B7
330
50B4
100
AcDbEntity
  8
0
370
    -2
100
AcDbLine
 10
4992.778689661541
 20
-2598.040693339877
 30
0.0
 11
4992.778689661541
 21
-2538.478859600633
 31
0.0
  0
LINE
  5
50B8
330
50B4
100
AcDbEntity
  8
0
370
    -2
100
AcDbLine
 10
5252.778689661542
 20
-2598.040693339877
 30
0.0
 11
5252.778689661542
 21
-2538.478859600633
 31
0.0
  0
LINE
  5
50B9
330
50B4
100
AcDbEntity
  8
0
370
    -2
100
AcDbLine
 10
5017.778689661541
 20
-2548.478859600633
 30
0.0
 11
5088.528689661542
 21
-2548.478859600633
 31
0.0
  0
LINE
  5
50BA
330
50B4
100
AcDbEntity
  8
0
370
    -2
100
AcDbLine
 10
5227.778689661541
 20
-2548.478859600633
 30
0.0
 11
5157.02868966154
 21
-2548.478859600633
 31
0.0
  0
SOLID
  5
50BB
330
50B4
100
AcDbEntity
  8
0
370
    25
100
AcDbTrace
 10
5017.778689661541
 20
-2544.312192933967
 30
0.0
 11
5017.778689661541
 21
-2552.6455262673
 31
0.0
 12
4992.778689661541
 22
-2548.478859600633
 32
0.0
 13
4992.778689661541
 23
-2548.478859600633
 33
0.0
  0
SOLID
  5
50BC
330
50B4
100
AcDbEntity
  8
0
370
    25
100
AcDbTrace
 10
5227.778689661541
 20
-2544.312192933967
 30
0.0
 11
5227.778689661541
 21
-2552.6455262673
 31
0.0
 12
5252.778689661542
 22
-2548.478859600633
 32
0.0
 13
5252.778689661542
 23
-2548.478859600633
 33
0.0
  0
MTEXT
  5
50BD
330
50B4
100
AcDbEntity
  8
0
370
    25
100
AcDbMText
 10
5122.778689661542
 20
-2548.478859600633
 30
0.0
 40
25.0
 41
0.0
 46
0.0
 71
     5
 72
     1
  1
\A1;260
  7
ОФОРМИТЕЛЬ
 73
     1
 44
1.0
1001
ACAD
1000
MTEXTBEGIN
1070
    73
1070
     1
1070
    44
1040
1.0
1070
    74
1070
     0
1000
MTEXTEND
  0
POINT
  5
50BE
330
50B4
100
AcDbEntity
  8
DEFPOINTS
 62
     0
370
    25
100
AcDbPoint
 10
4992.778689661541
 20
-2608.040693339877
 30
0.0
  0
POINT
  5
50BF
330
50B4
100
AcDbEntity
  8
DEFPOINTS
 62
     0
370
    25
100
AcDbPoint
 10
5252.778689661542
 20
-2608.040693339877
 30
0.0
  0
POINT
  5
50C0
330
50B4
100
AcDbEntity
  8
DEFPOINTS
 62
     0
370
    25
100
AcDbPoint
 10
5252.778689661542
 20
-2548.478859600633
 30
0.0
  0
ENDBLK
  5
50B6
330
50B4
100
AcDbEntity
  8
0
370
    25
100
AcDbBlockEnd
  0
BLOCK
  5
50C3
330
50C2
100
AcDbEntity
  8
0
370
    25
100
AcDbBlockBegin
  2
*D56
 70
     1
 10
0.0
 20
0.0
 30
0.0
  3
*D56
  1

  0
LINE
  5
50C5
330
50C2
100
AcDbEntity
  8
0
370
    -2
100
AcDbLine
 10
4982.778689661543
 20
-2608.040693339878
 30
0.0
 11
4863.774651544505
 21
-2608.040693339878
 31
0.0
  0
LINE
  5
50C6
330
50C2
100
AcDbEntity
  8
0
370
    -2
100
AcDbLine
 10
4982.778689661543
 20
-3138.040693339879
 30
0.0
 11
4863.774651544505
 21
-3138.040693339879
 31
0.0
  0
LINE
  5
50C7
330
50C2
100
AcDbEntity
  8
0
370
    -2
100
AcDbLine
 10
4873.774651544505
 20
-2633.040693339878
 30
0.0
 11
4873.774651544505
 21
-2857.540693339879
 31
0.0
  0
LINE
  5
50C8
330
50C2
100
AcDbEntity
  8
0
370
    -2
100
AcDbLine
 10
4873.774651544505
 20
-3113.040693339879
 30
0.0
 11
4873.774651544505
 21
-2888.540693339879
 31
0.0
  0
SOLID
  5
50C9
330
50C2
100
AcDbEntity
  8
0
370
    25
100
AcDbTrace
 10
4869.607984877838
 20
-2633.040693339878
 30
0.0
 11
4877.941318211172
 21
-2633.040693339878
 31
0.0
 12
4873.774651544505
 22
-2608.040693339878
 32
0.0
 13
4873.774651544505
 23
-2608.040693339878
 33
0.0
  0
SOLID
  5
50CA
330
50C2
100
AcDbEntity
  8
0
370
    25
100
AcDbTrace
 10
4869.607984877838
 20
-3113.040693339879
 30
0.0
 11
4877.941318211172
 21
-3113.040693339879
 31
0.0
 12
4873.774651544505
 22
-3138.040693339879
 32
0.0
 13
4873.774651544505
 23
-3138.040693339879
 33
0.0
  0
MTEXT
  5
50CB
330
50C2
100
AcDbEntity
  8
0
370
    25
100
AcDbMText
 10
4873.774651544503
 20
-2873.040693339881
 30
0.0
 40
25.0
 41
0.0
 46
0.0
 71
     5
 72
     1
  1
\A1;530
  7
ОФОРМИТЕЛЬ
 73
     1
 44
1.0
1001
ACAD
1000
MTEXTBEGIN
1070
    73
1070
     1
1070
    44
1040
1.0
1070
    74
1070
     0
1000
MTEXTEND
  0
POINT
  5
50CC
330
50C2
100
AcDbEntity
  8
DEFPOINTS
 62
     0
370
    25
100
AcDbPoint
 10
4992.778689661545
 20
-2608.040693339878
 30
0.0
  0
POINT
  5
50CD
330
50C2
100
AcDbEntity
  8
DEFPOINTS
 62
     0
370
    25
100
AcDbPoint
 10
4992.778689661545
 20
-3138.040693339879
 30
0.0
  0
POINT
  5
50CE
330
50C2
100
AcDbEntity
  8
DEFPOINTS
 62
     0
370
    25
100
AcDbPoint
 10
4873.774651544505
 20
-3138.040693339879
 30
0.0
  0
ENDBLK
  5
50C4
330
50C2
100
AcDbEntity
  8
0
370
    25
100
AcDbBlockEnd
  0
BLOCK
  5
5154
330
5153
100
AcDbEntity
  8
0
370
    25
100
AcDbBlockBegin
  2
*D57
 70
     1
 10
0.0
 20
0.0
 30
0.0
  3
*D57
  1

  0
LINE
  5
51B9
330
5153
100
AcDbEntity
  8
0
370
    -2
100
AcDbLine
 10
5780.38900060125
 20
-3091.115616551482
 30
0.0
 11
5759.980102179804
 21
-3105.554344515645
 31
0.0
  0
LINE
  5
51BA
330
5153
100
AcDbEntity
  8
0
370
    -2
100
AcDbLine
 10
5829.370356812722
 20
-3056.462669437494
 30
0.0
 11
5849.779255234167
 21
-3042.023941473332
 31
0.0
  0
MTEXT
  5
51BB
330
5153
100
AcDbEntity
  8
0
370
    25
100
AcDbMText
 10
5860.259236109325
 20
-3024.170104804734
 30
0.0
 40
25.0
 41
0.0
 46
0.0
 71
     5
 72
     1
  1
\A1;∅10
  7
ОФОРМИТЕЛЬ
 73
     1
 44
1.0
1001
ACAD
1000
MTEXTBEGIN
1070
    73
1070
     1
1070
    44
1040
1.0
1070
    74
1070
     0
1000
MTEXTEND
  0
SOLID
  5
51BC
330
5153
100
AcDbEntity
  8
0
370
    25
100
AcDbTrace
 10
5777.982545940556
 20
-3087.71413348124
 30
0.0
 11
5782.795455261943
 21
-3094.517099621723
 31
0.0
 12
5800.797899022697
 22
-3076.67688858732
 32
0.0
 13
5800.797899022697
 23
-3076.67688858732
 33
0.0
  0
SOLID
  5
51BD
330
5153
100
AcDbEntity
  8
0
370
    25
100
AcDbTrace
 10
5826.963902152026
 20
-3053.061186367251
 30
0.0
 11
5831.776811473416
 21
-3059.864152507734
 31
0.0
 12
5808.961458391276
 22
-3070.901397401656
 32
0.0
 13
5808.961458391276
 23
-3070.901397401656
 33
0.0
  0
LINE
  5
51BE
330
5153
100
AcDbEntity
  8
0
370
    -2
100
AcDbLine
 10
5804.789678706986
 20
-3073.789142994488
 30
0.0
 11
5804.969678706986
 21
-3073.789142994488
 31
0.0
  0
LINE
  5
51BF
330
5153
100
AcDbEntity
  8
0
370
    -2
100
AcDbLine
 10
5804.879678706987
 20
-3073.879142994488
 30
0.0
 11
5804.879678706987
 21
-3073.699142994489
 31
0.0
  0
POINT
  5
51C0
330
5153
100
AcDbEntity
  8
DEFPOINTS
 62
     0
370
    25
100
AcDbPoint
 10
5808.961458391276
 20
-3070.901397401656
 30
0.0
  0
POINT
  5
51C1
330
5153
100
AcDbEntity
  8
DEFPOINTS
 62
     0
370
    25
100
AcDbPoint
 10
5800.797899022697
 20
-3076.67688858732
 30
0.0
  0
ENDBLK
  5
5155
330
5153
100
AcDbEntity
  8
0
370
    25
100
AcDbBlockEnd
  0
BLOCK
  5
5160
330
515F
100
AcDbEntity
  8
0
370
    25
100
AcDbBlockBegin
  2
*D58
 70
     1
 10
0.0
 20
0.0
 30
0.0
  3
*D58
  1

  0
LINE
  5
51C2
330
515F
100
AcDbEntity
  8
0
370
    -2
100
AcDbLine
 10
6029.294069393114
 20
-3091.222947152643
 30
0.0
 11
6049.639394964891
 21
-3105.751117284441
 31
0.0
  0
LINE
  5
51C3
330
515F
100
AcDbEntity
  8
0
370
    -2
100
AcDbLine
 10
5980.465288020853
 20
-3056.355338836328
 30
0.0
 11
5960.119962449078
 21
-3041.82716870453
 31
0.0
  0
MTEXT
  5
51C4
330
515F
100
AcDbEntity
  8
0
370
    25
100
AcDbMText
 10
5959.039505378619
 20
-3019.649260082049
 30
0.0
 40
25.0
 41
0.0
 46
0.0
 71
     5
 72
     1
  1
\A1;∅10
  7
ОФОРМИТЕЛЬ
 73
     1
 44
1.0
1001
ACAD
1000
MTEXTBEGIN
1070
    73
1070
     1
1070
    44
1040
1.0
1070
    74
1070
     0
1000
MTEXTEND
  0
SOLID
  5
51C5
330
515F
100
AcDbEntity
  8
0
370
    25
100
AcDbTrace
 10
6031.715431081747
 20
-3087.832059557347
 30
0.0
 11
6026.872707704479
 21
-3094.613834747939
 31
0.0
 12
6008.948743821338
 22
-3076.694777020846
 32
0.0
 13
6008.948743821338
 23
-3076.694777020846
 33
0.0
  0
SOLID
  5
51C6
330
515F
100
AcDbEntity
  8
0
370
    25
100
AcDbTrace
 10
5982.886649709485
 20
-3052.964451241033
 30
0.0
 11
5978.043926332221
 21
-3059.746226431624
 31
0.0
 12
6000.810613592629
 22
-3070.883508968127
 32
0.0
 13
6000.810613592629
 23
-3070.883508968127
 33
0.0
  0
LINE
  5
51C7
330
515F
100
AcDbEntity
  8
0
370
    -2
100
AcDbLine
 10
6004.789678706985
 20
-3073.789142994488
 30
0.0
 11
6004.969678706985
 21
-3073.789142994488
 31
0.0
  0
LINE
  5
51C8
330
515F
100
AcDbEntity
  8
0
370
    -2
100
AcDbLine
 10
6004.879678706985
 20
-3073.879142994485
 30
0.0
 11
6004.879678706985
 21
-3073.699142994485
 31
0.0
  0
POINT
  5
51C9
330
515F
100
AcDbEntity
  8
DEFPOINTS
 62
     0
370
    25
100
AcDbPoint
 10
6000.810613592629
 20
-3070.883508968127
 30
0.0
  0
POINT
  5
51CA
330
515F
100
AcDbEntity
  8
DEFPOINTS
 62
     0
370
    25
100
AcDbPoint
 10
6008.948743821338
 20
-3076.694777020846
 30
0.0
  0
ENDBLK
  5
5161
330
515F
100
AcDbEntity
  8
0
370
    25
100
AcDbBlockEnd
  0
BLOCK
  5
516C
330
516B
100
AcDbEntity
  8
0
370
    25
100
AcDbBlockBegin
  2
*D59
 70
     1
 10
0.0
 20
0.0
 30
0.0
  3
*D59
  1

  0
LINE
  5
51CB
330
516B
100
AcDbEntity
  8
0
370
    -2
100
AcDbLine
 10
5794.969678706989
 20
-3073.789142994488
 30
0.0
 11
5736.473308989012
 21
-3073.789142994488
 31
0.0
  0
LINE
  5
51CC
330
516B
100
AcDbEntity
  8
0
370
    -2
100
AcDbLine
 10
5764.879678706989
 20
-3103.78914299449
 30
0.0
 11
5736.473308989012
 21
-3103.78914299449
 31
0.0
  0
LINE
  5
51CD
330
516B
100
AcDbEntity
  8
0
370
    -2
100
AcDbLine
 10
5746.473308989012
 20
-3048.789142994488
 30
0.0
 11
5746.473308989012
 21
-3023.789142994488
 31
0.0
  0
LINE
  5
51CE
330
516B
100
AcDbEntity
  8
0
370
    -2
100
AcDbLine
 10
5746.473308989012
 20
-3128.789142994488
 30
0.0
 11
5746.473308989012
 21
-3153.78914299449
 31
0.0
  0
MTEXT
  5
51CF
330
516B
100
AcDbEntity
  8
0
370
    25
100
AcDbMText
 10
5709.973308989011
 20
-3088.789142994489
 30
0.0
 40
25.0
 41
0.0
 46
0.0
 71
     5
 72
     1
  1
\A1;30
  7
ОФОРМИТЕЛЬ
 73
     1
 44
1.0
1001
ACAD
1000
MTEXTBEGIN
1070
    73
1070
     1
1070
    44
1040
1.0
1070
    74
1070
     0
1000
MTEXTEND
  0
SOLID
  5
51D0
330
516B
100
AcDbEntity
  8
0
370
    25
100
AcDbTrace
 10
5742.306642322345
 20
-3048.789142994488
 30
0.0
 11
5750.63997565568
 21
-3048.789142994488
 31
0.0
 12
5746.473308989012
 22
-3073.789142994488
 32
0.0
 13
5746.473308989012
 23
-3073.789142994488
 33
0.0
  0
SOLID
  5
51D1
330
516B
100
AcDbEntity
  8
0
370
    25
100
AcDbTrace
 10
5742.306642322345
 20
-3128.789142994488
 30
0.0
 11
5750.63997565568
 21
-3128.789142994488
 31
0.0
 12
5746.473308989012
 22
-3103.78914299449
 32
0.0
 13
5746.473308989012
 23
-3103.78914299449
 33
0.0
  0
POINT
  5
51D2
330
516B
100
AcDbEntity
  8
DEFPOINTS
 62
     0
370
    25
100
AcDbPoint
 10
5804.969678706989
 20
-3073.789142994488
 30
0.0
  0
POINT
  5
51D3
330
516B
100
AcDbEntity
  8
DEFPOINTS
 62
     0
370
    25
100
AcDbPoint
 10
5774.879678706987
 20
-3103.78914299449
 30
0.0
  0
POINT
  5
51D4
330
516B
100
AcDbEntity
  8
DEFPOINTS
 62
     0
370
    25
100
AcDbPoint
 10
5746.473308989012
 20
-3103.78914299449
 30
0.0
  0
ENDBLK
  5
516D
330
516B
100
AcDbEntity
  8
0
370
    25
100
AcDbBlockEnd
  0
BLOCK
  5
5179
330
5178
100
AcDbEntity
  8
0
370
    25
100
AcDbBlockBegin
  2
*D60
 70
     1
 10
0.0
 20
0.0
 30
0.0
  3
*D60
  1

  0
LINE
  5
51D5
330
5178
100
AcDbEntity
  8
0
370
    -2
100
AcDbLine
 10
5804.879678706986
 20
-3083.789142994488
 30
0.0
 11
5804.879678706986
 21
-3173.190792498441
 31
0.0
  0
LINE
  5
51D6
330
5178
100
AcDbEntity
  8
0
370
    -2
100
AcDbLine
 10
5774.879678706986
 20
-3113.789142994488
 30
0.0
 11
5774.879678706986
 21
-3173.190792498441
 31
0.0
  0
LINE
  5
51D7
330
5178
100
AcDbEntity
  8
0
370
    -2
100
AcDbLine
 10
5829.879678706986
 20
-3163.190792498441
 30
0.0
 11
5854.879678706986
 21
-3163.190792498441
 31
0.0
  0
LINE
  5
51D8
330
5178
100
AcDbEntity
  8
0
370
    -2
100
AcDbLine
 10
5749.879678706986
 20
-3163.190792498441
 30
0.0
 11
5724.879678706987
 21
-3163.190792498441
 31
0.0
  0
MTEXT
  5
51D9
330
5178
100
AcDbEntity
  8
0
370
    25
100
AcDbMText
 10
5789.879678706986
 20
-3224.690792498441
 30
0.0
 40
25.0
 41
0.0
 46
0.0
 71
     5
 72
     1
  1
\A1;30
  7
ОФОРМИТЕЛЬ
 73
     1
 44
1.0
1001
ACAD
1000
MTEXTBEGIN
1070
    73
1070
     1
1070
    44
1040
1.0
1070
    74
1070
     0
1000
MTEXTEND
  0
SOLID
  5
51DA
330
5178
100
AcDbEntity
  8
0
370
    25
100
AcDbTrace
 10
5829.879678706986
 20
-3159.024125831774
 30
0.0
 11
5829.879678706986
 21
-3167.357459165107
 31
0.0
 12
5804.879678706986
 22
-3163.190792498441
 32
0.0
 13
5804.879678706986
 23
-3163.190792498441
 33
0.0
  0
SOLID
  5
51DB
330
5178
100
AcDbEntity
  8
0
370
    25
100
AcDbTrace
 10
5749.879678706986
 20
-3159.024125831774
 30
0.0
 11
5749.879678706986
 21
-3167.357459165107
 31
0.0
 12
5774.879678706986
 22
-3163.190792498441
 32
0.0
 13
5774.879678706986
 23
-3163.190792498441
 33
0.0
  0
POINT
  5
51DC
330
5178
100
AcDbEntity
  8
DEFPOINTS
 62
     0
370
    25
100
AcDbPoint
 10
5804.879678706986
 20
-3073.789142994488
 30
0.0
  0
POINT
  5
51DD
330
5178
100
AcDbEntity
  8
DEFPOINTS
 62
     0
370
    25
100
AcDbPoint
 10
5774.879678706986
 20
-3103.789142994488
 30
0.0
  0
POINT
  5
51DE
330
5178
100
AcDbEntity
  8
DEFPOINTS
 62
     0
370
    25
100
AcDbPoint
 10
5774.879678706986
 20
-3163.190792498441
 30
0.0
  0
ENDBLK
  5
517A
330
5178
100
AcDbEntity
  8
0
370
    25
100
AcDbBlockEnd
  0
BLOCK
  5
5186
330
5185
100
AcDbEntity
  8
0
370
    25
100
AcDbBlockBegin
  2
*D61
 70
     1
 10
0.0
 20
0.0
 30
0.0
  3
*D61
  1

  0
LINE
  5
51DF
330
5185
100
AcDbEntity
  8
0
370
    -2
100
AcDbLine
 10
6014.879678706989
 20
-3073.78914299449
 30
0.0
 11
6093.666620141308
 21
-3073.78914299449
 31
0.0
  0
LINE
  5
51E0
330
5185
100
AcDbEntity
  8
0
370
    -2
100
AcDbLine
 10
6044.879678706989
 20
-3103.78914299449
 30
0.0
 11
6093.666620141308
 21
-3103.78914299449
 31
0.0
  0
LINE
  5
51E1
330
5185
100
AcDbEntity
  8
0
370
    -2
100
AcDbLine
 10
6083.666620141308
 20
-3048.789142994488
 30
0.0
 11
6083.666620141308
 21
-3023.789142994488
 31
0.0
  0
LINE
  5
51E2
330
5185
100
AcDbEntity
  8
0
370
    -2
100
AcDbLine
 10
6083.666620141308
 20
-3128.789142994488
 30
0.0
 11
6083.666620141308
 21
-3153.78914299449
 31
0.0
  0
MTEXT
  5
51E3
330
5185
100
AcDbEntity
  8
0
370
    25
100
AcDbMText
 10
6145.166620141306
 20
-3088.789142994489
 30
0.0
 40
25.0
 41
0.0
 46
0.0
 71
     5
 72
     1
  1
\A1;30
  7
ОФОРМИТЕЛЬ
 73
     1
 44
1.0
1001
ACAD
1000
MTEXTBEGIN
1070
    73
1070
     1
1070
    44
1040
1.0
1070
    74
1070
     0
1000
MTEXTEND
  0
SOLID
  5
51E4
330
5185
100
AcDbEntity
  8
0
370
    25
100
AcDbTrace
 10
6079.499953474641
 20
-3048.789142994488
 30
0.0
 11
6087.833286807975
 21
-3048.789142994488
 31
0.0
 12
6083.666620141308
 22
-3073.78914299449
 32
0.0
 13
6083.666620141308
 23
-3073.78914299449
 33
0.0
  0
SOLID
  5
51E5
330
5185
100
AcDbEntity
  8
0
370
    25
100
AcDbTrace
 10
6079.499953474641
 20
-3128.789142994488
 30
0.0
 11
6087.833286807975
 21
-3128.789142994488
 31
0.0
 12
6083.666620141308
 22
-3103.78914299449
 32
0.0
 13
6083.666620141308
 23
-3103.78914299449
 33
0.0
  0
POINT
  5
51E6
330
5185
100
AcDbEntity
  8
DEFPOINTS
 62
     0
370
    25
100
AcDbPoint
 10
6004.879678706989
 20
-3073.78914299449
 30
0.0
  0
POINT
  5
51E7
330
5185
100
AcDbEntity
  8
DEFPOINTS
 62
     0
370
    25
100
AcDbPoint
 10
6034.879678706989
 20
-3103.78914299449
 30
0.0
  0
POINT
  5
51E8
330
5185
100
AcDbEntity
  8
DEFPOINTS
 62
     0
370
    25
100
AcDbPoint
 10
6083.666620141308
 20
-3103.78914299449
 30
0.0
  0
ENDBLK
  5
5187
330
5185
100
AcDbEntity
  8
0
370
    25
100
AcDbBlockEnd
  0
BLOCK
  5
5193
330
5192
100
AcDbEntity
  8
0
370
    25
100
AcDbBlockBegin
  2
*D62
 70
     1
 10
0.0
 20
0.0
 30
0.0
  3
*D62
  1

  0
LINE
  5
51E9
330
5192
100
AcDbEntity
  8
0
370
    -2
100
AcDbLine
 10
6004.879678706986
 20
-3083.789142994488
 30
0.0
 11
6004.879678706986
 21
-3174.152939630352
 31
0.0
  0
LINE
  5
51EA
330
5192
100
AcDbEntity
  8
0
370
    -2
100
AcDbLine
 10
6034.879678706985
 20
-3113.789142994488
 30
0.0
 11
6034.879678706985
 21
-3174.152939630352
 31
0.0
  0
LINE
  5
51EB
330
5192
100
AcDbEntity
  8
0
370
    -2
100
AcDbLine
 10
5979.879678706986
 20
-3164.152939630352
 30
0.0
 11
5954.879678706986
 21
-3164.152939630352
 31
0.0
  0
LINE
  5
51EC
330
5192
100
AcDbEntity
  8
0
370
    -2
100
AcDbLine
 10
6059.879678706986
 20
-3164.152939630352
 30
0.0
 11
6084.879678706986
 21
-3164.152939630352
 31
0.0
  0
MTEXT
  5
51ED
330
5192
100
AcDbEntity
  8
0
370
    25
100
AcDbMText
 10
6019.879678706986
 20
-3225.652939630352
 30
0.0
 40
25.0
 41
0.0
 46
0.0
 71
     5
 72
     1
  1
\A1;30
  7
ОФОРМИТЕЛЬ
 73
     1
 44
1.0
1001
ACAD
1000
MTEXTBEGIN
1070
    73
1070
     1
1070
    44
1040
1.0
1070
    74
1070
     0
1000
MTEXTEND
  0
SOLID
  5
51EE
330
5192
100
AcDbEntity
  8
0
370
    25
100
AcDbTrace
 10
5979.879678706986
 20
-3159.986272963686
 30
0.0
 11
5979.879678706986
 21
-3168.31960629702
 31
0.0
 12
6004.879678706986
 22
-3164.152939630352
 32
0.0
 13
6004.879678706986
 23
-3164.152939630352
 33
0.0
  0
SOLID
  5
51EF
330
5192
100
AcDbEntity
  8
0
370
    25
100
AcDbTrace
 10
6059.879678706986
 20
-3159.986272963686
 30
0.0
 11
6059.879678706986
 21
-3168.31960629702
 31
0.0
 12
6034.879678706985
 22
-3164.152939630352
 32
0.0
 13
6034.879678706985
 23
-3164.152939630352
 33
0.0
  0
POINT
  5
51F0
330
5192
100
AcDbEntity
  8
DEFPOINTS
 62
     0
370
    25
100
AcDbPoint
 10
6004.879678706986
 20
-3073.789142994488
 30
0.0
  0
POINT
  5
51F1
330
5192
100
AcDbEntity
  8
DEFPOINTS
 62
     0
370
    25
100
AcDbPoint
 10
6034.879678706985
 20
-3103.789142994488
 30
0.0
  0
POINT
  5
51F2
330
5192
100
AcDbEntity
  8
DEFPOINTS
 62
     0
370
    25
100
AcDbPoint
 10
6034.879678706985
 20
-3164.152939630352
 30
0.0
  0
ENDBLK
  5
5194
330
5192
100
AcDbEntity
  8
0
370
    25
100
AcDbBlockEnd
  0
BLOCK
  5
5209
330
5208
100
AcDbEntity
  8
0
370
    25
100
AcDbBlockBegin
  2
*D63
 70
     1
 10
0.0
 20
0.0
 30
0.0
  3
*D63
  1

  0
LINE
  5
520B
330
5208
100
AcDbEntity
  8
0
370
    -2
100
AcDbLine
 10
5774.879678706986
 20
-2393.789142994487
 30
0.0
 11
5774.879678706986
 21
-2345.173801139521
 31
0.0
  0
LINE
  5
520C
330
5208
100
AcDbEntity
  8
0
370
    -2
100
AcDbLine
 10
6034.879678706985
 20
-2393.789142994487
 30
0.0
 11
6034.879678706985
 21
-2345.173801139521
 31
0.0
  0
LINE
  5
520D
330
5208
100
AcDbEntity
  8
0
370
    -2
100
AcDbLine
 10
5799.879678706986
 20
-2355.173801139521
 30
0.0
 11
5870.629678706986
 21
-2355.173801139521
 31
0.0
  0
LINE
  5
520E
330
5208
100
AcDbEntity
  8
0
370
    -2
100
AcDbLine
 10
6009.879678706986
 20
-2355.173801139521
 30
0.0
 11
5939.129678706986
 21
-2355.173801139521
 31
0.0
  0
SOLID
  5
520F
330
5208
100
AcDbEntity
  8
0
370
    25
100
AcDbTrace
 10
5799.879678706986
 20
-2351.007134472855
 30
0.0
 11
5799.879678706986
 21
-2359.340467806188
 31
0.0
 12
5774.879678706986
 22
-2355.173801139521
 32
0.0
 13
5774.879678706986
 23
-2355.173801139521
 33
0.0
  0
SOLID
  5
5210
330
5208
100
AcDbEntity
  8
0
370
    25
100
AcDbTrace
 10
6009.879678706986
 20
-2351.007134472855
 30
0.0
 11
6009.879678706986
 21
-2359.340467806188
 31
0.0
 12
6034.879678706985
 22
-2355.173801139521
 32
0.0
 13
6034.879678706985
 23
-2355.173801139521
 33
0.0
  0
MTEXT
  5
5211
330
5208
100
AcDbEntity
  8
0
370
    25
100
AcDbMText
 10
5904.879678706986
 20
-2355.173801139521
 30
0.0
 40
25.0
 41
0.0
 46
0.0
 71
     5
 72
     1
  1
\A1;260
  7
ОФОРМИТЕЛЬ
 73
     1
 44
1.0
1001
ACAD
1000
MTEXTBEGIN
1070
    73
1070
     1
1070
    44
1040
1.0
1070
    74
1070
     0
1000
MTEXTEND
  0
POINT
  5
5212
330
5208
100
AcDbEntity
  8
DEFPOINTS
 62
     0
370
    25
100
AcDbPoint
 10
5774.879678706986
 20
-2403.789142994487
 30
0.0
  0
POINT
  5
5213
330
5208
100
AcDbEntity
  8
DEFPOINTS
 62
     0
370
    25
100
AcDbPoint
 10
6034.879678706985
 20
-2403.789142994487
 30
0.0
  0
POINT
  5
5214
330
5208
100
AcDbEntity
  8
DEFPOINTS
 62
     0
370
    25
100
AcDbPoint
 10
6034.879678706985
 20
-2355.173801139521
 30
0.0
  0
ENDBLK
  5
520A
330
5208
100
AcDbEntity
  8
0
370
    25
100
AcDbBlockEnd
  0
BLOCK
  5
5217
330
5216
100
AcDbEntity
  8
0
370
    25
100
AcDbBlockBegin
  2
*D64
 70
     1
 10
0.0
 20
0.0
 30
0.0
  3
*D64
  1

  0
LINE
  5
5219
330
5216
100
AcDbEntity
  8
0
370
    -2
100
AcDbLine
 10
5764.879678706989
 20
-2403.789142994487
 30
0.0
 11
5653.31298095586
 21
-2403.789142994487
 31
0.0
  0
LINE
  5
521A
330
5216
100
AcDbEntity
  8
0
370
    -2
100
AcDbLine
 10
5764.879678706989
 20
-3103.78914299449
 30
0.0
 11
5653.31298095586
 21
-3103.78914299449
 31
0.0
  0
LINE
  5
521B
330
5216
100
AcDbEntity
  8
0
370
    -2
100
AcDbLine
 10
5663.31298095586
 20
-2428.789142994487
 30
0.0
 11
5663.31298095586
 21
-2738.289142994488
 31
0.0
  0
LINE
  5
521C
330
5216
100
AcDbEntity
  8
0
370
    -2
100
AcDbLine
 10
5663.31298095586
 20
-3078.78914299449
 30
0.0
 11
5663.31298095586
 21
-2769.289142994488
 31
0.0
  0
SOLID
  5
521D
330
5216
100
AcDbEntity
  8
0
370
    25
100
AcDbTrace
 10
5659.146314289195
 20
-2428.789142994487
 30
0.0
 11
5667.479647622528
 21
-2428.789142994487
 31
0.0
 12
5663.31298095586
 22
-2403.789142994487
 32
0.0
 13
5663.31298095586
 23
-2403.789142994487
 33
0.0
  0
SOLID
  5
521E
330
5216
100
AcDbEntity
  8
0
370
    25
100
AcDbTrace
 10
5659.146314289195
 20
-3078.78914299449
 30
0.0
 11
5667.479647622528
 21
-3078.78914299449
 31
0.0
 12
5663.31298095586
 22
-3103.78914299449
 32
0.0
 13
5663.31298095586
 23
-3103.78914299449
 33
0.0
  0
MTEXT
  5
521F
330
5216
100
AcDbEntity
  8
0
370
    25
100
AcDbMText
 10
5663.312980955859
 20
-2753.789142994489
 30
0.0
 40
25.0
 41
0.0
 46
0.0
 71
     5
 72
     1
  1
\A1;700
  7
ОФОРМИТЕЛЬ
 73
     1
 44
1.0
1001
ACAD
1000
MTEXTBEGIN
1070
    73
1070
     1
1070
    44
1040
1.0
1070
    74
1070
     0
1000
MTEXTEND
  0
POINT
  5
5220
330
5216
100
AcDbEntity
  8
DEFPOINTS
 62
     0
370
    25
100
AcDbPoint
 10
5774.879678706987
 20
-2403.789142994487
 30
0.0
  0
POINT
  5
5221
330
5216
100
AcDbEntity
  8
DEFPOINTS
 62
     0
370
    25
100
AcDbPoint
 10
5774.879678706987
 20
-3103.78914299449
 30
0.0
  0
POINT
  5
5222
330
5216
100
AcDbEntity
  8
DEFPOINTS
 62
     0
370
    25
100
AcDbPoint
 10
5663.31298095586
 20
-3103.78914299449
 30
0.0
  0
ENDBLK
  5
5218
330
5216
100
AcDbEntity
  8
0
370
    25
100
AcDbBlockEnd
  0
BLOCK
  5
52A8
330
52A7
100
AcDbEntity
  8
0
370
    25
100
AcDbBlockBegin
  2
*D65
 70
     1
 10
0.0
 20
0.0
 30
0.0
  3
*D65
  1

  0
LINE
  5
530D
330
52A7
100
AcDbEntity
  8
0
370
    -2
100
AcDbLine
 10
6470.522265205748
 20
-3084.210345967118
 30
0.0
 11
6450.113366784302
 21
-3098.64907393128
 31
0.0
  0
LINE
  5
530E
330
52A7
100
AcDbEntity
  8
0
370
    -2
100
AcDbLine
 10
6519.503621417221
 20
-3049.55739885313
 30
0.0
 11
6539.912519838671
 21
-3035.118670888969
 31
0.0
  0
MTEXT
  5
530F
330
52A7
100
AcDbEntity
  8
0
370
    25
100
AcDbMText
 10
6550.392500713823
 20
-3017.26483422037
 30
0.0
 40
25.0
 41
0.0
 46
0.0
 71
     5
 72
     1
  1
\A1;∅10
  7
ОФОРМИТЕЛЬ
 73
     1
 44
1.0
1001
ACAD
1000
MTEXTBEGIN
1070
    73
1070
     1
1070
    44
1040
1.0
1070
    74
1070
     0
1000
MTEXTEND
  0
SOLID
  5
5310
330
52A7
100
AcDbEntity
  8
0
370
    25
100
AcDbTrace
 10
6468.115810545056
 20
-3080.808862896877
 30
0.0
 11
6472.928719866444
 21
-3087.611829037359
 31
0.0
 12
6490.931163627196
 22
-3069.771618002957
 32
0.0
 13
6490.931163627196
 23
-3069.771618002957
 33
0.0
  0
SOLID
  5
5311
330
52A7
100
AcDbEntity
  8
0
370
    25
100
AcDbTrace
 10
6517.097166756528
 20
-3046.155915782888
 30
0.0
 11
6521.910076077914
 21
-3052.958881923372
 31
0.0
 12
6499.094722995775
 22
-3063.996126817292
 32
0.0
 13
6499.094722995775
 23
-3063.996126817292
 33
0.0
  0
LINE
  5
5312
330
52A7
100
AcDbEntity
  8
0
370
    -2
100
AcDbLine
 10
6494.922943311485
 20
-3066.883872410123
 30
0.0
 11
6495.102943311484
 21
-3066.883872410123
 31
0.0
  0
LINE
  5
5313
330
52A7
100
AcDbEntity
  8
0
370
    -2
100
AcDbLine
 10
6495.012943311485
 20
-3066.973872410124
 30
0.0
 11
6495.012943311485
 21
-3066.793872410123
 31
0.0
  0
POINT
  5
5314
330
52A7
100
AcDbEntity
  8
DEFPOINTS
 62
     0
370
    25
100
AcDbPoint
 10
6499.094722995775
 20
-3063.996126817292
 30
0.0
  0
POINT
  5
5315
330
52A7
100
AcDbEntity
  8
DEFPOINTS
 62
     0
370
    25
100
AcDbPoint
 10
6490.931163627196
 20
-3069.771618002957
 30
0.0
  0
ENDBLK
  5
52A9
330
52A7
100
AcDbEntity
  8
0
370
    25
100
AcDbBlockEnd
  0
BLOCK
  5
52B4
330
52B3
100
AcDbEntity
  8
0
370
    25
100
AcDbBlockBegin
  2
*D66
 70
     1
 10
0.0
 20
0.0
 30
0.0
  3
*D66
  1

  0
LINE
  5
5316
330
52B3
100
AcDbEntity
  8
0
370
    -2
100
AcDbLine
 10
6719.427333997614
 20
-3084.317676568279
 30
0.0
 11
6739.772659569388
 21
-3098.845846700077
 31
0.0
  0
LINE
  5
5317
330
52B3
100
AcDbEntity
  8
0
370
    -2
100
AcDbLine
 10
6670.598552625354
 20
-3049.450068251963
 30
0.0
 11
6650.253227053578
 21
-3034.921898120165
 31
0.0
  0
MTEXT
  5
5318
330
52B3
100
AcDbEntity
  8
0
370
    25
100
AcDbMText
 10
6649.172769983119
 20
-3012.743989497685
 30
0.0
 40
25.0
 41
0.0
 46
0.0
 71
     5
 72
     1
  1
\A1;∅10
  7
ОФОРМИТЕЛЬ
 73
     1
 44
1.0
1001
ACAD
1000
MTEXTBEGIN
1070
    73
1070
     1
1070
    44
1040
1.0
1070
    74
1070
     0
1000
MTEXTEND
  0
SOLID
  5
5319
330
52B3
100
AcDbEntity
  8
0
370
    25
100
AcDbTrace
 10
6721.848695686247
 20
-3080.926788972983
 30
0.0
 11
6717.005972308982
 21
-3087.708564163575
 31
0.0
 12
6699.082008425839
 22
-3069.78950643648
 32
0.0
 13
6699.082008425839
 23
-3069.78950643648
 33
0.0
  0
SOLID
  5
531A
330
52B3
100
AcDbEntity
  8
0
370
    25
100
AcDbTrace
 10
6673.019914313987
 20
-3046.059180656667
 30
0.0
 11
6668.177190936721
 21
-3052.84095584726
 31
0.0
 12
6690.943878197129
 22
-3063.978238383763
 32
0.0
 13
6690.943878197129
 23
-3063.978238383763
 33
0.0
  0
LINE
  5
531B
330
52B3
100
AcDbEntity
  8
0
370
    -2
100
AcDbLine
 10
6694.922943311484
 20
-3066.883872410121
 30
0.0
 11
6695.102943311484
 21
-3066.883872410121
 31
0.0
  0
LINE
  5
531C
330
52B3
100
AcDbEntity
  8
0
370
    -2
100
AcDbLine
 10
6695.012943311484
 20
-3066.973872410121
 30
0.0
 11
6695.012943311484
 21
-3066.793872410121
 31
0.0
  0
POINT
  5
531D
330
52B3
100
AcDbEntity
  8
DEFPOINTS
 62
     0
370
    25
100
AcDbPoint
 10
6690.943878197129
 20
-3063.978238383763
 30
0.0
  0
POINT
  5
531E
330
52B3
100
AcDbEntity
  8
DEFPOINTS
 62
     0
370
    25
100
AcDbPoint
 10
6699.082008425839
 20
-3069.78950643648
 30
0.0
  0
ENDBLK
  5
52B5
330
52B3
100
AcDbEntity
  8
0
370
    25
100
AcDbBlockEnd
  0
BLOCK
  5
52C0
330
52BF
100
AcDbEntity
  8
0
370
    25
100
AcDbBlockBegin
  2
*D67
 70
     1
 10
0.0
 20
0.0
 30
0.0
  3
*D67
  1

  0
LINE
  5
531F
330
52BF
100
AcDbEntity
  8
0
370
    -2
100
AcDbLine
 10
6485.102943311488
 20
-3066.883872410123
 30
0.0
 11
6426.606573593516
 21
-3066.883872410123
 31
0.0
  0
LINE
  5
5320
330
52BF
100
AcDbEntity
  8
0
370
    -2
100
AcDbLine
 10
6455.012943311491
 20
-3096.883872410125
 30
0.0
 11
6426.606573593516
 21
-3096.883872410125
 31
0.0
  0
LINE
  5
5321
330
52BF
100
AcDbEntity
  8
0
370
    -2
100
AcDbLine
 10
6436.606573593515
 20
-3041.883872410124
 30
0.0
 11
6436.606573593515
 21
-3016.883872410124
 31
0.0
  0
LINE
  5
5322
330
52BF
100
AcDbEntity
  8
0
370
    -2
100
AcDbLine
 10
6436.606573593515
 20
-3121.883872410124
 30
0.0
 11
6436.606573593515
 21
-3146.883872410124
 31
0.0
  0
MTEXT
  5
5323
330
52BF
100
AcDbEntity
  8
0
370
    25
100
AcDbMText
 10
6400.106573593514
 20
-3081.883872410125
 30
0.0
 40
25.0
 41
0.0
 46
0.0
 71
     5
 72
     1
  1
\A1;30
  7
ОФОРМИТЕЛЬ
 73
     1
 44
1.0
1001
ACAD
1000
MTEXTBEGIN
1070
    73
1070
     1
1070
    44
1040
1.0
1070
    74
1070
     0
1000
MTEXTEND
  0
SOLID
  5
5324
330
52BF
100
AcDbEntity
  8
0
370
    25
100
AcDbTrace
 10
6432.439906926849
 20
-3041.883872410124
 30
0.0
 11
6440.773240260184
 21
-3041.883872410124
 31
0.0
 12
6436.606573593515
 22
-3066.883872410123
 32
0.0
 13
6436.606573593515
 23
-3066.883872410123
 33
0.0
  0
SOLID
  5
5325
330
52BF
100
AcDbEntity
  8
0
370
    25
100
AcDbTrace
 10
6432.439906926849
 20
-3121.883872410124
 30
0.0
 11
6440.773240260184
 21
-3121.883872410124
 31
0.0
 12
6436.606573593515
 22
-3096.883872410125
 32
0.0
 13
6436.606573593515
 23
-3096.883872410125
 33
0.0
  0
POINT
  5
5326
330
52BF
100
AcDbEntity
  8
DEFPOINTS
 62
     0
370
    25
100
AcDbPoint
 10
6495.10294331149
 20
-3066.883872410123
 30
0.0
  0
POINT
  5
5327
330
52BF
100
AcDbEntity
  8
DEFPOINTS
 62
     0
370
    25
100
AcDbPoint
 10
6465.012943311489
 20
-3096.883872410125
 30
0.0
  0
POINT
  5
5328
330
52BF
100
AcDbEntity
  8
DEFPOINTS
 62
     0
370
    25
100
AcDbPoint
 10
6436.606573593515
 20
-3096.883872410125
 30
0.0
  0
ENDBLK
  5
52C1
330
52BF
100
AcDbEntity
  8
0
370
    25
100
AcDbBlockEnd
  0
BLOCK
  5
52CD
330
52CC
100
AcDbEntity
  8
0
370
    25
100
AcDbBlockBegin
  2
*D68
 70
     1
 10
0.0
 20
0.0
 30
0.0
  3
*D68
  1

  0
LINE
  5
5329
330
52CC
100
AcDbEntity
  8
0
370
    -2
100
AcDbLine
 10
6495.012943311485
 20
-3076.883872410123
 30
0.0
 11
6495.012943311485
 21
-3166.285521914077
 31
0.0
  0
LINE
  5
532A
330
52CC
100
AcDbEntity
  8
0
370
    -2
100
AcDbLine
 10
6465.012943311487
 20
-3106.883872410123
 30
0.0
 11
6465.012943311487
 21
-3166.285521914077
 31
0.0
  0
LINE
  5
532B
330
52CC
100
AcDbEntity
  8
0
370
    -2
100
AcDbLine
 10
6520.012943311487
 20
-3156.285521914077
 30
0.0
 11
6545.012943311487
 21
-3156.285521914077
 31
0.0
  0
LINE
  5
532C
330
52CC
100
AcDbEntity
  8
0
370
    -2
100
AcDbLine
 10
6440.012943311486
 20
-3156.285521914077
 30
0.0
 11
6415.012943311487
 21
-3156.285521914077
 31
0.0
  0
MTEXT
  5
532D
330
52CC
100
AcDbEntity
  8
0
370
    25
100
AcDbMText
 10
6480.012943311485
 20
-3217.785521914077
 30
0.0
 40
25.0
 41
0.0
 46
0.0
 71
     5
 72
     1
  1
\A1;30
  7
ОФОРМИТЕЛЬ
 73
     1
 44
1.0
1001
ACAD
1000
MTEXTBEGIN
1070
    73
1070
     1
1070
    44
1040
1.0
1070
    74
1070
     0
1000
MTEXTEND
  0
SOLID
  5
532E
330
52CC
100
AcDbEntity
  8
0
370
    25
100
AcDbTrace
 10
6520.012943311487
 20
-3152.11885524741
 30
0.0
 11
6520.012943311487
 21
-3160.452188580743
 31
0.0
 12
6495.012943311485
 22
-3156.285521914077
 32
0.0
 13
6495.012943311485
 23
-3156.285521914077
 33
0.0
  0
SOLID
  5
532F
330
52CC
100
AcDbEntity
  8
0
370
    25
100
AcDbTrace
 10
6440.012943311486
 20
-3152.11885524741
 30
0.0
 11
6440.012943311486
 21
-3160.452188580743
 31
0.0
 12
6465.012943311487
 22
-3156.285521914077
 32
0.0
 13
6465.012943311487
 23
-3156.285521914077
 33
0.0
  0
POINT
  5
5330
330
52CC
100
AcDbEntity
  8
DEFPOINTS
 62
     0
370
    25
100
AcDbPoint
 10
6495.012943311485
 20
-3066.883872410123
 30
0.0
  0
POINT
  5
5331
330
52CC
100
AcDbEntity
  8
DEFPOINTS
 62
     0
370
    25
100
AcDbPoint
 10
6465.012943311487
 20
-3096.883872410124
 30
0.0
  0
POINT
  5
5332
330
52CC
100
AcDbEntity
  8
DEFPOINTS
 62
     0
370
    25
100
AcDbPoint
 10
6465.012943311487
 20
-3156.285521914077
 30
0.0
  0
ENDBLK
  5
52CE
330
52CC
100
AcDbEntity
  8
0
370
    25
100
AcDbBlockEnd
  0
BLOCK
  5
52DA
330
52D9
100
AcDbEntity
  8
0
370
    25
100
AcDbBlockBegin
  2
*D69
 70
     1
 10
0.0
 20
0.0
 30
0.0
  3
*D69
  1

  0
LINE
  5
5333
330
52D9
100
AcDbEntity
  8
0
370
    -2
100
AcDbLine
 10
6705.012943311491
 20
-3066.883872410123
 30
0.0
 11
6783.799884745812
 21
-3066.883872410123
 31
0.0
  0
LINE
  5
5334
330
52D9
100
AcDbEntity
  8
0
370
    -2
100
AcDbLine
 10
6735.012943311488
 20
-3096.883872410125
 30
0.0
 11
6783.799884745812
 21
-3096.883872410125
 31
0.0
  0
LINE
  5
5335
330
52D9
100
AcDbEntity
  8
0
370
    -2
100
AcDbLine
 10
6773.799884745812
 20
-3041.883872410124
 30
0.0
 11
6773.799884745812
 21
-3016.883872410124
 31
0.0
  0
LINE
  5
5336
330
52D9
100
AcDbEntity
  8
0
370
    -2
100
AcDbLine
 10
6773.799884745812
 20
-3121.883872410124
 30
0.0
 11
6773.799884745812
 21
-3146.883872410124
 31
0.0
  0
MTEXT
  5
5337
330
52D9
100
AcDbEntity
  8
0
370
    25
100
AcDbMText
 10
6835.299884745809
 20
-3081.883872410125
 30
0.0
 40
25.0
 41
0.0
 46
0.0
 71
     5
 72
     1
  1
\A1;30
  7
ОФОРМИТЕЛЬ
 73
     1
 44
1.0
1001
ACAD
1000
MTEXTBEGIN
1070
    73
1070
     1
1070
    44
1040
1.0
1070
    74
1070
     0
1000
MTEXTEND
  0
SOLID
  5
5338
330
52D9
100
AcDbEntity
  8
0
370
    25
100
AcDbTrace
 10
6769.633218079146
 20
-3041.883872410124
 30
0.0
 11
6777.966551412479
 21
-3041.883872410124
 31
0.0
 12
6773.799884745812
 22
-3066.883872410123
 32
0.0
 13
6773.799884745812
 23
-3066.883872410123
 33
0.0
  0
SOLID
  5
5339
330
52D9
100
AcDbEntity
  8
0
370
    25
100
AcDbTrace
 10
6769.633218079146
 20
-3121.883872410124
 30
0.0
 11
6777.966551412479
 21
-3121.883872410124
 31
0.0
 12
6773.799884745812
 22
-3096.883872410125
 32
0.0
 13
6773.799884745812
 23
-3096.883872410125
 33
0.0
  0
POINT
  5
533A
330
52D9
100
AcDbEntity
  8
DEFPOINTS
 62
     0
370
    25
100
AcDbPoint
 10
6695.012943311489
 20
-3066.883872410123
 30
0.0
  0
POINT
  5
533B
330
52D9
100
AcDbEntity
  8
DEFPOINTS
 62
     0
370
    25
100
AcDbPoint
 10
6725.012943311489
 20
-3096.883872410125
 30
0.0
  0
POINT
  5
533C
330
52D9
100
AcDbEntity
  8
DEFPOINTS
 62
     0
370
    25
100
AcDbPoint
 10
6773.799884745812
 20
-3096.883872410125
 30
0.0
  0
ENDBLK
  5
52DB
330
52D9
100
AcDbEntity
  8
0
370
    25
100
AcDbBlockEnd
  0
BLOCK
  5
52E7
330
52E6
100
AcDbEntity
  8
0
370
    25
100
AcDbBlockBegin
  2
*D70
 70
     1
 10
0.0
 20
0.0
 30
0.0
  3
*D70
  1

  0
LINE
  5
533D
330
52E6
100
AcDbEntity
  8
0
370
    -2
100
AcDbLine
 10
6695.012943311485
 20
-3076.883872410123
 30
0.0
 11
6695.012943311485
 21
-3167.247669045988
 31
0.0
  0
LINE
  5
533E
330
52E6
100
AcDbEntity
  8
0
370
    -2
100
AcDbLine
 10
6725.012943311488
 20
-3106.883872410123
 30
0.0
 11
6725.012943311488
 21
-3167.247669045988
 31
0.0
  0
LINE
  5
533F
330
52E6
100
AcDbEntity
  8
0
370
    -2
100
AcDbLine
 10
6670.012943311487
 20
-3157.247669045988
 30
0.0
 11
6645.012943311487
 21
-3157.247669045988
 31
0.0
  0
LINE
  5
5340
330
52E6
100
AcDbEntity
  8
0
370
    -2
100
AcDbLine
 10
6750.012943311485
 20
-3157.247669045988
 30
0.0
 11
6775.012943311485
 21
-3157.247669045988
 31
0.0
  0
MTEXT
  5
5341
330
52E6
100
AcDbEntity
  8
0
370
    25
100
AcDbMText
 10
6710.012943311486
 20
-3218.747669045988
 30
0.0
 40
25.0
 41
0.0
 46
0.0
 71
     5
 72
     1
  1
\A1;30
  7
ОФОРМИТЕЛЬ
 73
     1
 44
1.0
1001
ACAD
1000
MTEXTBEGIN
1070
    73
1070
     1
1070
    44
1040
1.0
1070
    74
1070
     0
1000
MTEXTEND
  0
SOLID
  5
5342
330
52E6
100
AcDbEntity
  8
0
370
    25
100
AcDbTrace
 10
6670.012943311487
 20
-3153.081002379322
 30
0.0
 11
6670.012943311487
 21
-3161.414335712655
 31
0.0
 12
6695.012943311485
 22
-3157.247669045988
 32
0.0
 13
6695.012943311485
 23
-3157.247669045988
 33
0.0
  0
SOLID
  5
5343
330
52E6
100
AcDbEntity
  8
0
370
    25
100
AcDbTrace
 10
6750.012943311485
 20
-3153.081002379322
 30
0.0
 11
6750.012943311485
 21
-3161.414335712655
 31
0.0
 12
6725.012943311488
 22
-3157.247669045988
 32
0.0
 13
6725.012943311488
 23
-3157.247669045988
 33
0.0
  0
POINT
  5
5344
330
52E6
100
AcDbEntity
  8
DEFPOINTS
 62
     0
370
    25
100
AcDbPoint
 10
6695.012943311485
 20
-3066.883872410123
 30
0.0
  0
POINT
  5
5345
330
52E6
100
AcDbEntity
  8
DEFPOINTS
 62
     0
370
    25
100
AcDbPoint
 10
6725.012943311488
 20
-3096.883872410124
 30
0.0
  0
POINT
  5
5346
330
52E6
100
AcDbEntity
  8
DEFPOINTS
 62
     0
370
    25
100
AcDbPoint
 10
6725.012943311488
 20
-3157.247669045988
 30
0.0
  0
ENDBLK
  5
52E8
330
52E6
100
AcDbEntity
  8
0
370
    25
100
AcDbBlockEnd
  0
BLOCK
  5
5301
330
5300
100
AcDbEntity
  8
0
370
    25
100
AcDbBlockBegin
  2
*D71
 70
     1
 10
0.0
 20
0.0
 30
0.0
  3
*D71
  1

  0
LINE
  5
5369
330
5300
100
AcDbEntity
  8
0
370
    -2
100
AcDbLine
 10
6455.012943311491
 20
-2226.883872410123
 30
0.0
 11
6343.446245560369
 21
-2226.883872410123
 31
0.0
  0
LINE
  5
536A
330
5300
100
AcDbEntity
  8
0
370
    -2
100
AcDbLine
 10
6455.012943311491
 20
-3096.883872410125
 30
0.0
 11
6343.446245560369
 21
-3096.883872410125
 31
0.0
  0
LINE
  5
536B
330
5300
100
AcDbEntity
  8
0
370
    -2
100
AcDbLine
 10
6353.446245560369
 20
-2251.883872410123
 30
0.0
 11
6353.446245560369
 21
-2646.383872410123
 31
0.0
  0
LINE
  5
536C
330
5300
100
AcDbEntity
  8
0
370
    -2
100
AcDbLine
 10
6353.446245560369
 20
-3071.883872410124
 30
0.0
 11
6353.446245560369
 21
-2677.383872410123
 31
0.0
  0
SOLID
  5
536D
330
5300
100
AcDbEntity
  8
0
370
    25
100
AcDbTrace
 10
6349.279578893703
 20
-2251.883872410123
 30
0.0
 11
6357.612912227036
 21
-2251.883872410123
 31
0.0
 12
6353.446245560369
 22
-2226.883872410123
 32
0.0
 13
6353.446245560369
 23
-2226.883872410123
 33
0.0
  0
SOLID
  5
536E
330
5300
100
AcDbEntity
  8
0
370
    25
100
AcDbTrace
 10
6349.279578893703
 20
-3071.883872410124
 30
0.0
 11
6357.612912227036
 21
-3071.883872410124
 31
0.0
 12
6353.446245560369
 22
-3096.883872410125
 32
0.0
 13
6353.446245560369
 23
-3096.883872410125
 33
0.0
  0
MTEXT
  5
536F
330
5300
100
AcDbEntity
  8
0
370
    25
100
AcDbMText
 10
6353.446245560366
 20
-2661.883872410125
 30
0.0
 40
25.0
 41
0.0
 46
0.0
 71
     5
 72
     1
  1
\A1;870
  7
ОФОРМИТЕЛЬ
 73
     1
 44
1.0
1001
ACAD
1000
MTEXTBEGIN
1070
    73
1070
     1
1070
    44
1040
1.0
1070
    74
1070
     0
1000
MTEXTEND
  0
POINT
  5
5370
330
5300
100
AcDbEntity
  8
DEFPOINTS
 62
     0
370
    25
100
AcDbPoint
 10
6465.012943311489
 20
-2226.883872410123
 30
0.0
  0
POINT
  5
5371
330
5300
100
AcDbEntity
  8
DEFPOINTS
 62
     0
370
    25
100
AcDbPoint
 10
6465.012943311489
 20
-3096.883872410125
 30
0.0
  0
POINT
  5
5372
330
5300
100
AcDbEntity
  8
DEFPOINTS
 62
     0
370
    25
100
AcDbPoint
 10
6353.446245560369
 20
-3096.883872410125
 30
0.0
  0
ENDBLK
  5
5302
330
5300
100
AcDbEntity
  8
0
370
    25
100
AcDbBlockEnd
  0
BLOCK
  5
535D
330
535C
100
AcDbEntity
  8
0
370
    25
100
AcDbBlockBegin
  2
*D72
 70
     1
 10
0.0
 20
0.0
 30
0.0
  3
*D72
  1

  0
LINE
  5
535F
330
535C
100
AcDbEntity
  8
0
370
    -2
100
AcDbLine
 10
6465.012943311487
 20
-2216.883872410122
 30
0.0
 11
6465.012943311487
 21
-2116.637716831938
 31
0.0
  0
LINE
  5
5360
330
535C
100
AcDbEntity
  8
0
370
    -2
100
AcDbLine
 10
6725.012943311488
 20
-2216.883872410122
 30
0.0
 11
6725.012943311488
 21
-2116.637716831938
 31
0.0
  0
LINE
  5
5361
330
535C
100
AcDbEntity
  8
0
370
    -2
100
AcDbLine
 10
6490.012943311487
 20
-2126.637716831938
 30
0.0
 11
6560.762943311487
 21
-2126.637716831938
 31
0.0
  0
LINE
  5
5362
330
535C
100
AcDbEntity
  8
0
370
    -2
100
AcDbLine
 10
6700.012943311485
 20
-2126.637716831938
 30
0.0
 11
6629.262943311487
 21
-2126.637716831938
 31
0.0
  0
SOLID
  5
5363
330
535C
100
AcDbEntity
  8
0
370
    25
100
AcDbTrace
 10
6490.012943311487
 20
-2122.471050165271
 30
0.0
 11
6490.012943311487
 21
-2130.804383498604
 31
0.0
 12
6465.012943311487
 22
-2126.637716831938
 32
0.0
 13
6465.012943311487
 23
-2126.637716831938
 33
0.0
  0
SOLID
  5
5364
330
535C
100
AcDbEntity
  8
0
370
    25
100
AcDbTrace
 10
6700.012943311485
 20
-2122.471050165271
 30
0.0
 11
6700.012943311485
 21
-2130.804383498604
 31
0.0
 12
6725.012943311488
 22
-2126.637716831938
 32
0.0
 13
6725.012943311488
 23
-2126.637716831938
 33
0.0
  0
MTEXT
  5
5365
330
535C
100
AcDbEntity
  8
0
370
    25
100
AcDbMText
 10
6595.012943311487
 20
-2126.637716831938
 30
0.0
 40
25.0
 41
0.0
 46
0.0
 71
     5
 72
     1
  1
\A1;260
  7
ОФОРМИТЕЛЬ
 73
     1
 44
1.0
1001
ACAD
1000
MTEXTBEGIN
1070
    73
1070
     1
1070
    44
1040
1.0
1070
    74
1070
     0
1000
MTEXTEND
  0
POINT
  5
5366
330
535C
100
AcDbEntity
  8
DEFPOINTS
 62
     0
370
    25
100
AcDbPoint
 10
6465.012943311487
 20
-2226.883872410123
 30
0.0
  0
POINT
  5
5367
330
535C
100
AcDbEntity
  8
DEFPOINTS
 62
     0
370
    25
100
AcDbPoint
 10
6725.012943311488
 20
-2226.883872410123
 30
0.0
  0
POINT
  5
5368
330
535C
100
AcDbEntity
  8
DEFPOINTS
 62
     0
370
    25
100
AcDbPoint
 10
6725.012943311488
 20
-2126.637716831938
 30
0.0
  0
ENDBLK
  5
535E
330
535C
100
AcDbEntity
  8
0
370
    25
100
AcDbBlockEnd
  0
BLOCK
  5
53F8
330
53F7
100
AcDbEntity
  8
0
370
    25
100
AcDbBlockBegin
  2
*D73
 70
     1
 10
0.0
 20
0.0
 30
0.0
  3
*D73
  1

  0
LINE
  5
545D
330
53F7
100
AcDbEntity
  8
0
370
    -2
100
AcDbLine
 10
7226.795950551377
 20
-3064.579881824295
 30
0.0
 11
7206.38705212993
 21
-3079.018609788456
 31
0.0
  0
LINE
  5
545E
330
53F7
100
AcDbEntity
  8
0
370
    -2
100
AcDbLine
 10
7275.777306762852
 20
-3029.92693471031
 30
0.0
 11
7296.186205184302
 21
-3015.48820674615
 31
0.0
  0
MTEXT
  5
545F
330
53F7
100
AcDbEntity
  8
0
370
    25
100
AcDbMText
 10
7306.666186059452
 20
-2997.634370077547
 30
0.0
 40
25.0
 41
0.0
 46
0.0
 71
     5
 72
     1
  1
\A1;∅10
  7
ОФОРМИТЕЛЬ
 73
     1
 44
1.0
1001
ACAD
1000
MTEXTBEGIN
1070
    73
1070
     1
1070
    44
1040
1.0
1070
    74
1070
     0
1000
MTEXTEND
  0
SOLID
  5
5460
330
53F7
100
AcDbEntity
  8
0
370
    25
100
AcDbTrace
 10
7224.389495890683
 20
-3061.178398754054
 30
0.0
 11
7229.20240521207
 21
-3067.981364894537
 31
0.0
 12
7247.204848972825
 22
-3050.141153860135
 32
0.0
 13
7247.204848972825
 23
-3050.141153860135
 33
0.0
  0
SOLID
  5
5461
330
53F7
100
AcDbEntity
  8
0
370
    25
100
AcDbTrace
 10
7273.370852102158
 20
-3026.525451640068
 30
0.0
 11
7278.183761423544
 21
-3033.328417780551
 31
0.0
 12
7255.368408341404
 22
-3044.36566267447
 32
0.0
 13
7255.368408341404
 23
-3044.36566267447
 33
0.0
  0
LINE
  5
5462
330
53F7
100
AcDbEntity
  8
0
370
    -2
100
AcDbLine
 10
7251.196628657115
 20
-3047.253408267303
 30
0.0
 11
7251.376628657116
 21
-3047.253408267303
 31
0.0
  0
LINE
  5
5463
330
53F7
100
AcDbEntity
  8
0
370
    -2
100
AcDbLine
 10
7251.286628657116
 20
-3047.343408267304
 30
0.0
 11
7251.286628657116
 21
-3047.163408267304
 31
0.0
  0
POINT
  5
5464
330
53F7
100
AcDbEntity
  8
DEFPOINTS
 62
     0
370
    25
100
AcDbPoint
 10
7255.368408341404
 20
-3044.36566267447
 30
0.0
  0
POINT
  5
5465
330
53F7
100
AcDbEntity
  8
DEFPOINTS
 62
     0
370
    25
100
AcDbPoint
 10
7247.204848972825
 20
-3050.141153860135
 30
0.0
  0
ENDBLK
  5
53F9
330
53F7
100
AcDbEntity
  8
0
370
    25
100
AcDbBlockEnd
  0
BLOCK
  5
5404
330
5403
100
AcDbEntity
  8
0
370
    25
100
AcDbBlockBegin
  2
*D74
 70
     1
 10
0.0
 20
0.0
 30
0.0
  3
*D74
  1

  0
LINE
  5
5466
330
5403
100
AcDbEntity
  8
0
370
    -2
100
AcDbLine
 10
7475.701019343244
 20
-3064.687212425456
 30
0.0
 11
7496.046344915019
 21
-3079.215382557253
 31
0.0
  0
LINE
  5
5467
330
5403
100
AcDbEntity
  8
0
370
    -2
100
AcDbLine
 10
7426.872237970981
 20
-3029.819604109142
 30
0.0
 11
7406.526912399207
 21
-3015.291433977346
 31
0.0
  0
MTEXT
  5
5468
330
5403
100
AcDbEntity
  8
0
370
    25
100
AcDbMText
 10
7405.446455328747
 20
-2993.113525354864
 30
0.0
 40
25.0
 41
0.0
 46
0.0
 71
     5
 72
     1
  1
\A1;∅10
  7
ОФОРМИТЕЛЬ
 73
     1
 44
1.0
1001
ACAD
1000
MTEXTBEGIN
1070
    73
1070
     1
1070
    44
1040
1.0
1070
    74
1070
     0
1000
MTEXTEND
  0
SOLID
  5
5469
330
5403
100
AcDbEntity
  8
0
370
    25
100
AcDbTrace
 10
7478.122381031877
 20
-3061.296324830161
 30
0.0
 11
7473.279657654611
 21
-3068.078100020752
 31
0.0
 12
7455.355693771467
 22
-3050.159042293659
 32
0.0
 13
7455.355693771467
 23
-3050.159042293659
 33
0.0
  0
SOLID
  5
546A
330
5403
100
AcDbEntity
  8
0
370
    25
100
AcDbTrace
 10
7429.293599659615
 20
-3026.428716513847
 30
0.0
 11
7424.45087628235
 21
-3033.210491704439
 31
0.0
 12
7447.217563542759
 22
-3044.347774240942
 32
0.0
 13
7447.217563542759
 23
-3044.347774240942
 33
0.0
  0
LINE
  5
546B
330
5403
100
AcDbEntity
  8
0
370
    -2
100
AcDbLine
 10
7451.196628657114
 20
-3047.2534082673
 30
0.0
 11
7451.376628657114
 21
-3047.2534082673
 31
0.0
  0
LINE
  5
546C
330
5403
100
AcDbEntity
  8
0
370
    -2
100
AcDbLine
 10
7451.286628657111
 20
-3047.3434082673
 30
0.0
 11
7451.286628657111
 21
-3047.163408267299
 31
0.0
  0
POINT
  5
546D
330
5403
100
AcDbEntity
  8
DEFPOINTS
 62
     0
370
    25
100
AcDbPoint
 10
7447.217563542759
 20
-3044.347774240942
 30
0.0
  0
POINT
  5
546E
330
5403
100
AcDbEntity
  8
DEFPOINTS
 62
     0
370
    25
100
AcDbPoint
 10
7455.355693771467
 20
-3050.159042293659
 30
0.0
  0
ENDBLK
  5
5405
330
5403
100
AcDbEntity
  8
0
370
    25
100
AcDbBlockEnd
  0
BLOCK
  5
5410
330
540F
100
AcDbEntity
  8
0
370
    25
100
AcDbBlockBegin
  2
*D75
 70
     1
 10
0.0
 20
0.0
 30
0.0
  3
*D75
  1

  0
LINE
  5
546F
330
540F
100
AcDbEntity
  8
0
370
    -2
100
AcDbLine
 10
7241.376628657119
 20
-3047.253408267303
 30
0.0
 11
7182.880258939149
 21
-3047.253408267303
 31
0.0
  0
LINE
  5
5470
330
540F
100
AcDbEntity
  8
0
370
    -2
100
AcDbLine
 10
7211.286628657117
 20
-3077.253408267303
 30
0.0
 11
7182.880258939149
 21
-3077.253408267303
 31
0.0
  0
LINE
  5
5471
330
540F
100
AcDbEntity
  8
0
370
    -2
100
AcDbLine
 10
7192.880258939148
 20
-3022.253408267303
 30
0.0
 11
7192.880258939148
 21
-2997.253408267301
 31
0.0
  0
LINE
  5
5472
330
540F
100
AcDbEntity
  8
0
370
    -2
100
AcDbLine
 10
7192.880258939148
 20
-3102.253408267303
 30
0.0
 11
7192.880258939148
 21
-3127.253408267303
 31
0.0
  0
MTEXT
  5
5473
330
540F
100
AcDbEntity
  8
0
370
    25
100
AcDbMText
 10
7156.380258939146
 20
-3062.253408267304
 30
0.0
 40
25.0
 41
0.0
 46
0.0
 71
     5
 72
     1
  1
\A1;30
  7
ОФОРМИТЕЛЬ
 73
     1
 44
1.0
1001
ACAD
1000
MTEXTBEGIN
1070
    73
1070
     1
1070
    44
1040
1.0
1070
    74
1070
     0
1000
MTEXTEND
  0
SOLID
  5
5474
330
540F
100
AcDbEntity
  8
0
370
    25
100
AcDbTrace
 10
7188.713592272481
 20
-3022.253408267303
 30
0.0
 11
7197.046925605815
 21
-3022.253408267303
 31
0.0
 12
7192.880258939148
 22
-3047.253408267303
 32
0.0
 13
7192.880258939148
 23
-3047.253408267303
 33
0.0
  0
SOLID
  5
5475
330
540F
100
AcDbEntity
  8
0
370
    25
100
AcDbTrace
 10
7188.713592272481
 20
-3102.253408267303
 30
0.0
 11
7197.046925605815
 21
-3102.253408267303
 31
0.0
 12
7192.880258939148
 22
-3077.253408267303
 32
0.0
 13
7192.880258939148
 23
-3077.253408267303
 33
0.0
  0
POINT
  5
5476
330
540F
100
AcDbEntity
  8
DEFPOINTS
 62
     0
370
    25
100
AcDbPoint
 10
7251.376628657118
 20
-3047.253408267303
 30
0.0
  0
POINT
  5
5477
330
540F
100
AcDbEntity
  8
DEFPOINTS
 62
     0
370
    25
100
AcDbPoint
 10
7221.286628657118
 20
-3077.253408267303
 30
0.0
  0
POINT
  5
5478
330
540F
100
AcDbEntity
  8
DEFPOINTS
 62
     0
370
    25
100
AcDbPoint
 10
7192.880258939148
 20
-3077.253408267303
 30
0.0
  0
ENDBLK
  5
5411
330
540F
100
AcDbEntity
  8
0
370
    25
100
AcDbBlockEnd
  0
BLOCK
  5
541D
330
541C
100
AcDbEntity
  8
0
370
    25
100
AcDbBlockBegin
  2
*D76
 70
     1
 10
0.0
 20
0.0
 30
0.0
  3
*D76
  1

  0
LINE
  5
5479
330
541C
100
AcDbEntity
  8
0
370
    -2
100
AcDbLine
 10
7251.286628657114
 20
-3057.253408267301
 30
0.0
 11
7251.286628657114
 21
-3146.655057771255
 31
0.0
  0
LINE
  5
547A
330
541C
100
AcDbEntity
  8
0
370
    -2
100
AcDbLine
 10
7221.286628657114
 20
-3087.253408267301
 30
0.0
 11
7221.286628657114
 21
-3146.655057771255
 31
0.0
  0
LINE
  5
547B
330
541C
100
AcDbEntity
  8
0
370
    -2
100
AcDbLine
 10
7276.286628657114
 20
-3136.655057771255
 30
0.0
 11
7301.286628657114
 21
-3136.655057771255
 31
0.0
  0
LINE
  5
547C
330
541C
100
AcDbEntity
  8
0
370
    -2
100
AcDbLine
 10
7196.286628657114
 20
-3136.655057771255
 30
0.0
 11
7171.286628657114
 21
-3136.655057771255
 31
0.0
  0
MTEXT
  5
547D
330
541C
100
AcDbEntity
  8
0
370
    25
100
AcDbMText
 10
7236.286628657115
 20
-3198.155057771255
 30
0.0
 40
25.0
 41
0.0
 46
0.0
 71
     5
 72
     1
  1
\A1;30
  7
ОФОРМИТЕЛЬ
 73
     1
 44
1.0
1001
ACAD
1000
MTEXTBEGIN
1070
    73
1070
     1
1070
    44
1040
1.0
1070
    74
1070
     0
1000
MTEXTEND
  0
SOLID
  5
547E
330
541C
100
AcDbEntity
  8
0
370
    25
100
AcDbTrace
 10
7276.286628657114
 20
-3132.488391104589
 30
0.0
 11
7276.286628657114
 21
-3140.821724437922
 31
0.0
 12
7251.286628657114
 22
-3136.655057771255
 32
0.0
 13
7251.286628657114
 23
-3136.655057771255
 33
0.0
  0
SOLID
  5
547F
330
541C
100
AcDbEntity
  8
0
370
    25
100
AcDbTrace
 10
7196.286628657114
 20
-3132.488391104589
 30
0.0
 11
7196.286628657114
 21
-3140.821724437922
 31
0.0
 12
7221.286628657114
 22
-3136.655057771255
 32
0.0
 13
7221.286628657114
 23
-3136.655057771255
 33
0.0
  0
POINT
  5
5480
330
541C
100
AcDbEntity
  8
DEFPOINTS
 62
     0
370
    25
100
AcDbPoint
 10
7251.286628657114
 20
-3047.253408267301
 30
0.0
  0
POINT
  5
5481
330
541C
100
AcDbEntity
  8
DEFPOINTS
 62
     0
370
    25
100
AcDbPoint
 10
7221.286628657114
 20
-3077.253408267301
 30
0.0
  0
POINT
  5
5482
330
541C
100
AcDbEntity
  8
DEFPOINTS
 62
     0
370
    25
100
AcDbPoint
 10
7221.286628657114
 20
-3136.655057771255
 30
0.0
  0
ENDBLK
  5
541E
330
541C
100
AcDbEntity
  8
0
370
    25
100
AcDbBlockEnd
  0
BLOCK
  5
542A
330
5429
100
AcDbEntity
  8
0
370
    25
100
AcDbBlockBegin
  2
*D77
 70
     1
 10
0.0
 20
0.0
 30
0.0
  3
*D77
  1

  0
LINE
  5
5483
330
5429
100
AcDbEntity
  8
0
370
    -2
100
AcDbLine
 10
7461.286628657117
 20
-3047.253408267303
 30
0.0
 11
7540.073570091442
 21
-3047.253408267303
 31
0.0
  0
LINE
  5
5484
330
5429
100
AcDbEntity
  8
0
370
    -2
100
AcDbLine
 10
7491.286628657118
 20
-3077.253408267303
 30
0.0
 11
7540.073570091442
 21
-3077.253408267303
 31
0.0
  0
LINE
  5
5485
330
5429
100
AcDbEntity
  8
0
370
    -2
100
AcDbLine
 10
7530.073570091444
 20
-3022.253408267303
 30
0.0
 11
7530.073570091444
 21
-2997.253408267303
 31
0.0
  0
LINE
  5
5486
330
5429
100
AcDbEntity
  8
0
370
    -2
100
AcDbLine
 10
7530.073570091444
 20
-3102.253408267303
 30
0.0
 11
7530.073570091444
 21
-3127.253408267303
 31
0.0
  0
MTEXT
  5
5487
330
5429
100
AcDbEntity
  8
0
370
    25
100
AcDbMText
 10
7591.57357009144
 20
-3062.253408267304
 30
0.0
 40
25.0
 41
0.0
 46
0.0
 71
     5
 72
     1
  1
\A1;30
  7
ОФОРМИТЕЛЬ
 73
     1
 44
1.0
1001
ACAD
1000
MTEXTBEGIN
1070
    73
1070
     1
1070
    44
1040
1.0
1070
    74
1070
     0
1000
MTEXTEND
  0
SOLID
  5
5488
330
5429
100
AcDbEntity
  8
0
370
    25
100
AcDbTrace
 10
7525.906903424777
 20
-3022.253408267303
 30
0.0
 11
7534.240236758112
 21
-3022.253408267303
 31
0.0
 12
7530.073570091444
 22
-3047.253408267303
 32
0.0
 13
7530.073570091444
 23
-3047.253408267303
 33
0.0
  0
SOLID
  5
5489
330
5429
100
AcDbEntity
  8
0
370
    25
100
AcDbTrace
 10
7525.906903424777
 20
-3102.253408267303
 30
0.0
 11
7534.240236758112
 21
-3102.253408267303
 31
0.0
 12
7530.073570091444
 22
-3077.253408267303
 32
0.0
 13
7530.073570091444
 23
-3077.253408267303
 33
0.0
  0
POINT
  5
548A
330
5429
100
AcDbEntity
  8
DEFPOINTS
 62
     0
370
    25
100
AcDbPoint
 10
7451.286628657118
 20
-3047.253408267303
 30
0.0
  0
POINT
  5
548B
330
5429
100
AcDbEntity
  8
DEFPOINTS
 62
     0
370
    25
100
AcDbPoint
 10
7481.286628657118
 20
-3077.253408267303
 30
0.0
  0
POINT
  5
548C
330
5429
100
AcDbEntity
  8
DEFPOINTS
 62
     0
370
    25
100
AcDbPoint
 10
7530.073570091444
 20
-3077.253408267303
 30
0.0
  0
ENDBLK
  5
542B
330
5429
100
AcDbEntity
  8
0
370
    25
100
AcDbBlockEnd
  0
BLOCK
  5
5437
330
5436
100
AcDbEntity
  8
0
370
    25
100
AcDbBlockBegin
  2
*D78
 70
     1
 10
0.0
 20
0.0
 30
0.0
  3
*D78
  1

  0
LINE
  5
548D
330
5436
100
AcDbEntity
  8
0
370
    -2
100
AcDbLine
 10
7451.286628657114
 20
-3057.253408267301
 30
0.0
 11
7451.286628657114
 21
-3147.617204903167
 31
0.0
  0
LINE
  5
548E
330
5436
100
AcDbEntity
  8
0
370
    -2
100
AcDbLine
 10
7481.286628657115
 20
-3087.253408267301
 30
0.0
 11
7481.286628657115
 21
-3147.617204903167
 31
0.0
  0
LINE
  5
548F
330
5436
100
AcDbEntity
  8
0
370
    -2
100
AcDbLine
 10
7426.286628657114
 20
-3137.617204903167
 30
0.0
 11
7401.286628657114
 21
-3137.617204903167
 31
0.0
  0
LINE
  5
5490
330
5436
100
AcDbEntity
  8
0
370
    -2
100
AcDbLine
 10
7506.286628657115
 20
-3137.617204903167
 30
0.0
 11
7531.286628657115
 21
-3137.617204903167
 31
0.0
  0
MTEXT
  5
5491
330
5436
100
AcDbEntity
  8
0
370
    25
100
AcDbMText
 10
7466.286628657115
 20
-3199.117204903167
 30
0.0
 40
25.0
 41
0.0
 46
0.0
 71
     5
 72
     1
  1
\A1;30
  7
ОФОРМИТЕЛЬ
 73
     1
 44
1.0
1001
ACAD
1000
MTEXTBEGIN
1070
    73
1070
     1
1070
    44
1040
1.0
1070
    74
1070
     0
1000
MTEXTEND
  0
SOLID
  5
5492
330
5436
100
AcDbEntity
  8
0
370
    25
100
AcDbTrace
 10
7426.286628657114
 20
-3133.4505382365
 30
0.0
 11
7426.286628657114
 21
-3141.783871569833
 31
0.0
 12
7451.286628657114
 22
-3137.617204903167
 32
0.0
 13
7451.286628657114
 23
-3137.617204903167
 33
0.0
  0
SOLID
  5
5493
330
5436
100
AcDbEntity
  8
0
370
    25
100
AcDbTrace
 10
7506.286628657115
 20
-3133.4505382365
 30
0.0
 11
7506.286628657115
 21
-3141.783871569833
 31
0.0
 12
7481.286628657115
 22
-3137.617204903167
 32
0.0
 13
7481.286628657115
 23
-3137.617204903167
 33
0.0
  0
POINT
  5
5494
330
5436
100
AcDbEntity
  8
DEFPOINTS
 62
     0
370
    25
100
AcDbPoint
 10
7451.286628657114
 20
-3047.253408267301
 30
0.0
  0
POINT
  5
5495
330
5436
100
AcDbEntity
  8
DEFPOINTS
 62
     0
370
    25
100
AcDbPoint
 10
7481.286628657115
 20
-3077.253408267301
 30
0.0
  0
POINT
  5
5496
330
5436
100
AcDbEntity
  8
DEFPOINTS
 62
     0
370
    25
100
AcDbPoint
 10
7481.286628657115
 20
-3137.617204903167
 30
0.0
  0
ENDBLK
  5
5438
330
5436
100
AcDbEntity
  8
0
370
    25
100
AcDbBlockEnd
  0
BLOCK
  5
5444
330
5443
100
AcDbEntity
  8
0
370
    25
100
AcDbBlockBegin
  2
*D79
 70
     1
 10
0.0
 20
0.0
 30
0.0
  3
*D79
  1

  0
LINE
  5
54AB
330
5443
100
AcDbEntity
  8
0
370
    -2
100
AcDbLine
 10
7211.286628657117
 20
-2047.253408267302
 30
0.0
 11
7099.719930906004
 21
-2047.253408267302
 31
0.0
  0
LINE
  5
54AC
330
5443
100
AcDbEntity
  8
0
370
    -2
100
AcDbLine
 10
7211.286628657117
 20
-3077.253408267303
 30
0.0
 11
7099.719930906005
 21
-3077.253408267303
 31
0.0
  0
LINE
  5
54AD
330
5443
100
AcDbEntity
  8
0
370
    -2
100
AcDbLine
 10
7109.719930906003
 20
-2072.253408267302
 30
0.0
 11
7109.719930906003
 21
-2546.753408267302
 31
0.0
  0
LINE
  5
54AE
330
5443
100
AcDbEntity
  8
0
370
    -2
100
AcDbLine
 10
7109.719930906003
 20
-3052.253408267303
 30
0.0
 11
7109.719930906003
 21
-2577.753408267303
 31
0.0
  0
SOLID
  5
54AF
330
5443
100
AcDbEntity
  8
0
370
    25
100
AcDbTrace
 10
7105.553264239337
 20
-2072.253408267302
 30
0.0
 11
7113.886597572672
 21
-2072.253408267302
 31
0.0
 12
7109.719930906003
 22
-2047.253408267302
 32
0.0
 13
7109.719930906003
 23
-2047.253408267302
 33
0.0
  0
SOLID
  5
54B0
330
5443
100
AcDbEntity
  8
0
370
    25
100
AcDbTrace
 10
7105.553264239337
 20
-3052.253408267303
 30
0.0
 11
7113.886597572672
 21
-3052.253408267303
 31
0.0
 12
7109.719930906003
 22
-3077.253408267303
 32
0.0
 13
7109.719930906003
 23
-3077.253408267303
 33
0.0
  0
MTEXT
  5
54B1
330
5443
100
AcDbEntity
  8
0
370
    25
100
AcDbMText
 10
7109.719930906003
 20
-2562.253408267304
 30
0.0
 40
25.0
 41
0.0
 46
0.0
 71
     5
 72
     1
  1
\A1;1030
  7
ОФОРМИТЕЛЬ
 73
     1
 44
1.0
1001
ACAD
1000
MTEXTBEGIN
1070
    73
1070
     1
1070
    44
1040
1.0
1070
    74
1070
     0
1000
MTEXTEND
  0
POINT
  5
54B2
330
5443
100
AcDbEntity
  8
DEFPOINTS
 62
     0
370
    25
100
AcDbPoint
 10
7221.286628657118
 20
-2047.253408267302
 30
0.0
  0
POINT
  5
54B3
330
5443
100
AcDbEntity
  8
DEFPOINTS
 62
     0
370
    25
100
AcDbPoint
 10
7221.286628657118
 20
-3077.253408267303
 30
0.0
  0
POINT
  5
54B4
330
5443
100
AcDbEntity
  8
DEFPOINTS
 62
     0
370
    25
100
AcDbPoint
 10
7109.719930906003
 20
-3077.253408267303
 30
0.0
  0
ENDBLK
  5
5445
330
5443
100
AcDbEntity
  8
0
370
    25
100
AcDbBlockEnd
  0
BLOCK
  5
54B7
330
54B6
100
AcDbEntity
  8
0
370
    25
100
AcDbBlockBegin
  2
*D80
 70
     1
 10
0.0
 20
0.0
 30
0.0
  3
*D80
  1

  0
LINE
  5
54B9
330
54B6
100
AcDbEntity
  8
0
370
    -2
100
AcDbLine
 10
7221.286628657114
 20
-2037.253408267301
 30
0.0
 11
7221.286628657114
 21
-1950.906066560892
 31
0.0
  0
LINE
  5
54BA
330
54B6
100
AcDbEntity
  8
0
370
    -2
100
AcDbLine
 10
7481.286628657115
 20
-2037.253408267301
 30
0.0
 11
7481.286628657115
 21
-1950.906066560892
 31
0.0
  0
LINE
  5
54BB
330
54B6
100
AcDbEntity
  8
0
370
    -2
100
AcDbLine
 10
7246.286628657114
 20
-1960.906066560892
 30
0.0
 11
7317.036628657113
 21
-1960.906066560892
 31
0.0
  0
LINE
  5
54BC
330
54B6
100
AcDbEntity
  8
0
370
    -2
100
AcDbLine
 10
7456.286628657115
 20
-1960.906066560892
 30
0.0
 11
7385.536628657114
 21
-1960.906066560892
 31
0.0
  0
SOLID
  5
54BD
330
54B6
100
AcDbEntity
  8
0
370
    25
100
AcDbTrace
 10
7246.286628657114
 20
-1956.739399894225
 30
0.0
 11
7246.286628657114
 21
-1965.072733227559
 31
0.0
 12
7221.286628657114
 22
-1960.906066560892
 32
0.0
 13
7221.286628657114
 23
-1960.906066560892
 33
0.0
  0
SOLID
  5
54BE
330
54B6
100
AcDbEntity
  8
0
370
    25
100
AcDbTrace
 10
7456.286628657115
 20
-1956.739399894225
 30
0.0
 11
7456.286628657115
 21
-1965.072733227559
 31
0.0
 12
7481.286628657115
 22
-1960.906066560892
 32
0.0
 13
7481.286628657115
 23
-1960.906066560892
 33
0.0
  0
MTEXT
  5
54BF
330
54B6
100
AcDbEntity
  8
0
370
    25
100
AcDbMText
 10
7351.286628657113
 20
-1960.906066560892
 30
0.0
 40
25.0
 41
0.0
 46
0.0
 71
     5
 72
     1
  1
\A1;260
  7
ОФОРМИТЕЛЬ
 73
     1
 44
1.0
1001
ACAD
1000
MTEXTBEGIN
1070
    73
1070
     1
1070
    44
1040
1.0
1070
    74
1070
     0
1000
MTEXTEND
  0
POINT
  5
54C0
330
54B6
100
AcDbEntity
  8
DEFPOINTS
 62
     0
370
    25
100
AcDbPoint
 10
7221.286628657114
 20
-2047.253408267301
 30
0.0
  0
POINT
  5
54C1
330
54B6
100
AcDbEntity
  8
DEFPOINTS
 62
     0
370
    25
100
AcDbPoint
 10
7481.286628657115
 20
-2047.253408267301
 30
0.0
  0
POINT
  5
54C2
330
54B6
100
AcDbEntity
  8
DEFPOINTS
 62
     0
370
    25
100
AcDbPoint
 10
7481.286628657115
 20
-1960.906066560892
 30
0.0
  0
ENDBLK
  5
54B8
330
54B6
100
AcDbEntity
  8
0
370
    25
100
AcDbBlockEnd
  0
BLOCK
  5
54CA
330
54C9
100
AcDbEntity
  8
0
370
    25
100
AcDbBlockBegin
  2
*D81
 70
     1
 10
0.0
 20
0.0
 30
0.0
  3
*D81
  1

  0
LINE
  5
54CC
330
54C9
100
AcDbEntity
  8
0
370
    -2
100
AcDbLine
 10
8083.702321576643
 20
-3362.231793144611
 30
0.0
 11
7970.39943870153
 21
-3362.231793144611
 31
0.0
  0
LINE
  5
54CD
330
54C9
100
AcDbEntity
  8
0
370
    -2
100
AcDbLine
 10
8083.702321576643
 20
-2162.231793144611
 30
0.0
 11
7970.39943870153
 21
-2162.231793144611
 31
0.0
  0
LINE
  5
54CE
330
54C9
100
AcDbEntity
  8
0
370
    -2
100
AcDbLine
 10
7980.399438701531
 20
-3337.23179314461
 30
0.0
 11
7980.399438701531
 21
-2777.731793144611
 31
0.0
  0
LINE
  5
54CF
330
54C9
100
AcDbEntity
  8
0
370
    -2
100
AcDbLine
 10
7980.399438701531
 20
-2187.231793144611
 30
0.0
 11
7980.399438701531
 21
-2746.73179314461
 31
0.0
  0
SOLID
  5
54D0
330
54C9
100
AcDbEntity
  8
0
370
    25
100
AcDbTrace
 10
7976.232772034865
 20
-3337.23179314461
 30
0.0
 11
7984.566105368196
 21
-3337.23179314461
 31
0.0
 12
7980.399438701531
 22
-3362.231793144611
 32
0.0
 13
7980.399438701531
 23
-3362.231793144611
 33
0.0
  0
SOLID
  5
54D1
330
54C9
100
AcDbEntity
  8
0
370
    25
100
AcDbTrace
 10
7976.232772034865
 20
-2187.231793144611
 30
0.0
 11
7984.566105368196
 21
-2187.231793144611
 31
0.0
 12
7980.399438701531
 22
-2162.231793144611
 32
0.0
 13
7980.399438701531
 23
-2162.231793144611
 33
0.0
  0
MTEXT
  5
54D2
330
54C9
100
AcDbEntity
  8
0
370
    25
100
AcDbMText
 10
7980.399438701528
 20
-2762.231793144612
 30
0.0
 40
25.0
 41
0.0
 46
0.0
 71
     5
 72
     1
  1
\A1;1200
  7
ОФОРМИТЕЛЬ
 73
     1
 44
1.0
1001
ACAD
1000
MTEXTBEGIN
1070
    73
1070
     1
1070
    44
1040
1.0
1070
    74
1070
     0
1000
MTEXTEND
  0
POINT
  5
54D3
330
54C9
100
AcDbEntity
  8
DEFPOINTS
 62
     0
370
    25
100
AcDbPoint
 10
8093.702321576641
 20
-3362.231793144611
 30
0.0
  0
POINT
  5
54D4
330
54C9
100
AcDbEntity
  8
DEFPOINTS
 62
     0
370
    25
100
AcDbPoint
 10
8093.702321576641
 20
-2162.231793144611
 30
0.0
  0
POINT
  5
54D5
330
54C9
100
AcDbEntity
  8
DEFPOINTS
 62
     0
370
    25
100
AcDbPoint
 10
7980.399438701531
 20
-2162.231793144611
 30
0.0
  0
ENDBLK
  5
54CB
330
54C9
100
AcDbEntity
  8
0
370
    25
100
AcDbBlockEnd
  0
BLOCK
  5
54D8
330
54D7
100
AcDbEntity
  8
0
370
    25
100
AcDbBlockBegin
  2
*D82
 70
     1
 10
0.0
 20
0.0
 30
0.0
  3
*D82
  1

  0
LINE
  5
54DA
330
54D7
100
AcDbEntity
  8
0
370
    -2
100
AcDbLine
 10
8093.702321576641
 20
-2152.231793144609
 30
0.0
 11
8093.702321576641
 21
-2052.835929489054
 31
0.0
  0
LINE
  5
54DB
330
54D7
100
AcDbEntity
  8
0
370
    -2
100
AcDbLine
 10
8943.702321576639
 20
-2152.231793144609
 30
0.0
 11
8943.702321576639
 21
-2052.835929489054
 31
0.0
  0
LINE
  5
54DC
330
54D7
100
AcDbEntity
  8
0
370
    -2
100
AcDbLine
 10
8118.702321576639
 20
-2062.835929489054
 30
0.0
 11
8484.452321576638
 21
-2062.835929489054
 31
0.0
  0
LINE
  5
54DD
330
54D7
100
AcDbEntity
  8
0
370
    -2
100
AcDbLine
 10
8918.702321576638
 20
-2062.835929489054
 30
0.0
 11
8552.952321576638
 21
-2062.835929489054
 31
0.0
  0
SOLID
  5
54DE
330
54D7
100
AcDbEntity
  8
0
370
    25
100
AcDbTrace
 10
8118.702321576639
 20
-2058.669262822388
 30
0.0
 11
8118.702321576639
 21
-2067.002596155721
 31
0.0
 12
8093.702321576641
 22
-2062.835929489054
 32
0.0
 13
8093.702321576641
 23
-2062.835929489054
 33
0.0
  0
SOLID
  5
54DF
330
54D7
100
AcDbEntity
  8
0
370
    25
100
AcDbTrace
 10
8918.702321576638
 20
-2058.669262822388
 30
0.0
 11
8918.702321576638
 21
-2067.002596155721
 31
0.0
 12
8943.702321576639
 22
-2062.835929489054
 32
0.0
 13
8943.702321576639
 23
-2062.835929489054
 33
0.0
  0
MTEXT
  5
54E0
330
54D7
100
AcDbEntity
  8
0
370
    25
100
AcDbMText
 10
8518.702321576638
 20
-2062.835929489054
 30
0.0
 40
25.0
 41
0.0
 46
0.0
 71
     5
 72
     1
  1
\A1;850
  7
ОФОРМИТЕЛЬ
 73
     1
 44
1.0
1001
ACAD
1000
MTEXTBEGIN
1070
    73
1070
     1
1070
    44
1040
1.0
1070
    74
1070
     0
1000
MTEXTEND
  0
POINT
  5
54E1
330
54D7
100
AcDbEntity
  8
DEFPOINTS
 62
     0
370
    25
100
AcDbPoint
 10
8093.702321576641
 20
-2162.231793144609
 30
0.0
  0
POINT
  5
54E2
330
54D7
100
AcDbEntity
  8
DEFPOINTS
 62
     0
370
    25
100
AcDbPoint
 10
8943.702321576639
 20
-2162.231793144609
 30
0.0
  0
POINT
  5
54E3
330
54D7
100
AcDbEntity
  8
DEFPOINTS
 62
     0
370
    25
100
AcDbPoint
 10
8943.702321576639
 20
-2062.835929489054
 30
0.0
  0
ENDBLK
  5
54D9
330
54D7
100
AcDbEntity
  8
0
370
    25
100
AcDbBlockEnd
  0
BLOCK
  5
54E6
330
54E5
100
AcDbEntity
  8
0
370
    25
100
AcDbBlockBegin
  2
*D83
 70
     1
 10
0.0
 20
0.0
 30
0.0
  3
*D83
  1

  0
LINE
  5
54E8
330
54E5
100
AcDbEntity
  8
0
370
    -2
100
AcDbLine
 10
8143.702321576638
 20
-3342.231793144609
 30
0.0
 11
8143.702321576638
 21
-3416.830201338183
 31
0.0
  0
LINE
  5
54E9
330
54E5
100
AcDbEntity
  8
0
370
    -2
100
AcDbLine
 10
8093.702321576641
 20
-3372.231793144609
 30
0.0
 11
8093.702321576641
 21
-3416.830201338183
 31
0.0
  0
LINE
  5
54EA
330
54E5
100
AcDbEntity
  8
0
370
    -2
100
AcDbLine
 10
8168.702321576638
 20
-3406.830201338184
 30
0.0
 11
8193.702321576639
 21
-3406.830201338184
 31
0.0
  0
LINE
  5
54EB
330
54E5
100
AcDbEntity
  8
0
370
    -2
100
AcDbLine
 10
8068.70232157664
 20
-3406.830201338184
 30
0.0
 11
8043.702321576638
 21
-3406.830201338184
 31
0.0
  0
SOLID
  5
54EC
330
54E5
100
AcDbEntity
  8
0
370
    25
100
AcDbTrace
 10
8168.702321576638
 20
-3402.663534671517
 30
0.0
 11
8168.702321576638
 21
-3410.996868004851
 31
0.0
 12
8143.702321576638
 22
-3406.830201338184
 32
0.0
 13
8143.702321576638
 23
-3406.830201338184
 33
0.0
  0
SOLID
  5
54ED
330
54E5
100
AcDbEntity
  8
0
370
    25
100
AcDbTrace
 10
8068.70232157664
 20
-3402.663534671517
 30
0.0
 11
8068.70232157664
 21
-3410.996868004851
 31
0.0
 12
8093.702321576641
 22
-3406.830201338184
 32
0.0
 13
8093.702321576641
 23
-3406.830201338184
 33
0.0
  0
MTEXT
  5
54EE
330
54E5
100
AcDbEntity
  8
0
370
    25
100
AcDbMText
 10
8118.702321576639
 20
-3406.830201338184
 30
0.0
 40
25.0
 41
0.0
 46
0.0
 71
     5
 72
     1
  1
\A1;50
  7
ОФОРМИТЕЛЬ
 73
     1
 44
1.0
1001
ACAD
1000
MTEXTBEGIN
1070
    73
1070
     1
1070
    44
1040
1.0
1070
    74
1070
     0
1000
MTEXTEND
  0
POINT
  5
54EF
330
54E5
100
AcDbEntity
  8
DEFPOINTS
 62
     0
370
    25
100
AcDbPoint
 10
8143.702321576638
 20
-3332.231793144609
 30
0.0
  0
POINT
  5
54F0
330
54E5
100
AcDbEntity
  8
DEFPOINTS
 62
     0
370
    25
100
AcDbPoint
 10
8093.702321576641
 20
-3362.231793144609
 30
0.0
  0
POINT
  5
54F1
330
54E5
100
AcDbEntity
  8
DEFPOINTS
 62
     0
370
    25
100
AcDbPoint
 10
8093.702321576641
 20
-3406.830201338184
 30
0.0
  0
ENDBLK
  5
54E7
330
54E5
100
AcDbEntity
  8
0
370
    25
100
AcDbBlockEnd
  0
BLOCK
  5
54F4
330
54F3
100
AcDbEntity
  8
0
370
    25
100
AcDbBlockBegin
  2
*D84
 70
     1
 10
0.0
 20
0.0
 30
0.0
  3
*D84
  1

  0
LINE
  5
54F6
330
54F3
100
AcDbEntity
  8
0
370
    -2
100
AcDbLine
 10
8143.702321576638
 20
-3342.231793144609
 30
0.0
 11
8143.702321576638
 21
-3415.13988232243
 31
0.0
  0
LINE
  5
54F7
330
54F3
100
AcDbEntity
  8
0
370
    -2
100
AcDbLine
 10
8393.702321576638
 20
-3342.231793144609
 30
0.0
 11
8393.702321576638
 21
-3415.13988232243
 31
0.0
  0
LINE
  5
54F8
330
54F3
100
AcDbEntity
  8
0
370
    -2
100
AcDbLine
 10
8168.702321576638
 20
-3405.13988232243
 30
0.0
 11
8234.452321576638
 21
-3405.13988232243
 31
0.0
  0
LINE
  5
54F9
330
54F3
100
AcDbEntity
  8
0
370
    -2
100
AcDbLine
 10
8368.702321576639
 20
-3405.13988232243
 30
0.0
 11
8302.952321576638
 21
-3405.13988232243
 31
0.0
  0
SOLID
  5
54FA
330
54F3
100
AcDbEntity
  8
0
370
    25
100
AcDbTrace
 10
8168.702321576638
 20
-3400.973215655763
 30
0.0
 11
8168.702321576638
 21
-3409.306548989098
 31
0.0
 12
8143.702321576638
 22
-3405.13988232243
 32
0.0
 13
8143.702321576638
 23
-3405.13988232243
 33
0.0
  0
SOLID
  5
54FB
330
54F3
100
AcDbEntity
  8
0
370
    25
100
AcDbTrace
 10
8368.702321576639
 20
-3400.973215655763
 30
0.0
 11
8368.702321576639
 21
-3409.306548989098
 31
0.0
 12
8393.702321576638
 22
-3405.13988232243
 32
0.0
 13
8393.702321576638
 23
-3405.13988232243
 33
0.0
  0
MTEXT
  5
54FC
330
54F3
100
AcDbEntity
  8
0
370
    25
100
AcDbMText
 10
8268.702321576638
 20
-3405.13988232243
 30
0.0
 40
25.0
 41
0.0
 46
0.0
 71
     5
 72
     1
  1
\A1;250
  7
ОФОРМИТЕЛЬ
 73
     1
 44
1.0
1001
ACAD
1000
MTEXTBEGIN
1070
    73
1070
     1
1070
    44
1040
1.0
1070
    74
1070
     0
1000
MTEXTEND
  0
POINT
  5
54FD
330
54F3
100
AcDbEntity
  8
DEFPOINTS
 62
     0
370
    25
100
AcDbPoint
 10
8143.702321576638
 20
-3332.231793144609
 30
0.0
  0
POINT
  5
54FE
330
54F3
100
AcDbEntity
  8
DEFPOINTS
 62
     0
370
    25
100
AcDbPoint
 10
8393.702321576638
 20
-3332.231793144609
 30
0.0
  0
POINT
  5
54FF
330
54F3
100
AcDbEntity
  8
DEFPOINTS
 62
     0
370
    25
100
AcDbPoint
 10
8393.702321576638
 20
-3405.13988232243
 30
0.0
  0
ENDBLK
  5
54F5
330
54F3
100
AcDbEntity
  8
0
370
    25
100
AcDbBlockEnd
  0
BLOCK
  5
5502
330
5501
100
AcDbEntity
  8
0
370
    25
100
AcDbBlockBegin
  2
*D85
 70
     1
 10
0.0
 20
0.0
 30
0.0
  3
*D85
  1

  0
LINE
  5
5504
330
5501
100
AcDbEntity
  8
0
370
    -2
100
AcDbLine
 10
8393.702321576638
 20
-3342.231793144609
 30
0.0
 11
8393.702321576638
 21
-3416.252405887258
 31
0.0
  0
LINE
  5
5505
330
5501
100
AcDbEntity
  8
0
370
    -2
100
AcDbLine
 10
8643.702321576638
 20
-3342.231793144609
 30
0.0
 11
8643.702321576638
 21
-3416.252405887258
 31
0.0
  0
LINE
  5
5506
330
5501
100
AcDbEntity
  8
0
370
    -2
100
AcDbLine
 10
8418.702321576638
 20
-3406.252405887259
 30
0.0
 11
8484.452321576638
 21
-3406.252405887259
 31
0.0
  0
LINE
  5
5507
330
5501
100
AcDbEntity
  8
0
370
    -2
100
AcDbLine
 10
8618.702321576639
 20
-3406.252405887259
 30
0.0
 11
8552.952321576638
 21
-3406.252405887259
 31
0.0
  0
SOLID
  5
5508
330
5501
100
AcDbEntity
  8
0
370
    25
100
AcDbTrace
 10
8418.702321576638
 20
-3402.085739220592
 30
0.0
 11
8418.702321576638
 21
-3410.419072553926
 31
0.0
 12
8393.702321576638
 22
-3406.252405887259
 32
0.0
 13
8393.702321576638
 23
-3406.252405887259
 33
0.0
  0
SOLID
  5
5509
330
5501
100
AcDbEntity
  8
0
370
    25
100
AcDbTrace
 10
8618.702321576639
 20
-3402.085739220592
 30
0.0
 11
8618.702321576639
 21
-3410.419072553926
 31
0.0
 12
8643.702321576638
 22
-3406.252405887259
 32
0.0
 13
8643.702321576638
 23
-3406.252405887259
 33
0.0
  0
MTEXT
  5
550A
330
5501
100
AcDbEntity
  8
0
370
    25
100
AcDbMText
 10
8518.702321576638
 20
-3406.252405887259
 30
0.0
 40
25.0
 41
0.0
 46
0.0
 71
     5
 72
     1
  1
\A1;250
  7
ОФОРМИТЕЛЬ
 73
     1
 44
1.0
1001
ACAD
1000
MTEXTBEGIN
1070
    73
1070
     1
1070
    44
1040
1.0
1070
    74
1070
     0
1000
MTEXTEND
  0
POINT
  5
550B
330
5501
100
AcDbEntity
  8
DEFPOINTS
 62
     0
370
    25
100
AcDbPoint
 10
8393.702321576638
 20
-3332.231793144609
 30
0.0
  0
POINT
  5
550C
330
5501
100
AcDbEntity
  8
DEFPOINTS
 62
     0
370
    25
100
AcDbPoint
 10
8643.702321576638
 20
-3332.231793144609
 30
0.0
  0
POINT
  5
550D
330
5501
100
AcDbEntity
  8
DEFPOINTS
 62
     0
370
    25
100
AcDbPoint
 10
8643.702321576638
 20
-3406.252405887259
 30
0.0
  0
ENDBLK
  5
5503
330
5501
100
AcDbEntity
  8
0
370
    25
100
AcDbBlockEnd
  0
BLOCK
  5
5510
330
550F
100
AcDbEntity
  8
0
370
    25
100
AcDbBlockBegin
  2
*D86
 70
     1
 10
0.0
 20
0.0
 30
0.0
  3
*D86
  1

  0
LINE
  5
5512
330
550F
100
AcDbEntity
  8
0
370
    -2
100
AcDbLine
 10
8643.702321576638
 20
-3342.231793144609
 30
0.0
 11
8643.702321576638
 21
-3416.584349817589
 31
0.0
  0
LINE
  5
5513
330
550F
100
AcDbEntity
  8
0
370
    -2
100
AcDbLine
 10
8893.702321576638
 20
-3342.231793144609
 30
0.0
 11
8893.702321576638
 21
-3416.584349817589
 31
0.0
  0
LINE
  5
5514
330
550F
100
AcDbEntity
  8
0
370
    -2
100
AcDbLine
 10
8668.702321576638
 20
-3406.58434981759
 30
0.0
 11
8734.452321576638
 21
-3406.58434981759
 31
0.0
  0
LINE
  5
5515
330
550F
100
AcDbEntity
  8
0
370
    -2
100
AcDbLine
 10
8868.702321576639
 20
-3406.58434981759
 30
0.0
 11
8802.952321576638
 21
-3406.58434981759
 31
0.0
  0
SOLID
  5
5516
330
550F
100
AcDbEntity
  8
0
370
    25
100
AcDbTrace
 10
8668.702321576638
 20
-3402.417683150922
 30
0.0
 11
8668.702321576638
 21
-3410.751016484256
 31
0.0
 12
8643.702321576638
 22
-3406.58434981759
 32
0.0
 13
8643.702321576638
 23
-3406.58434981759
 33
0.0
  0
SOLID
  5
5517
330
550F
100
AcDbEntity
  8
0
370
    25
100
AcDbTrace
 10
8868.702321576639
 20
-3402.417683150922
 30
0.0
 11
8868.702321576639
 21
-3410.751016484256
 31
0.0
 12
8893.702321576638
 22
-3406.58434981759
 32
0.0
 13
8893.702321576638
 23
-3406.58434981759
 33
0.0
  0
MTEXT
  5
5518
330
550F
100
AcDbEntity
  8
0
370
    25
100
AcDbMText
 10
8768.702321576638
 20
-3406.58434981759
 30
0.0
 40
25.0
 41
0.0
 46
0.0
 71
     5
 72
     1
  1
\A1;250
  7
ОФОРМИТЕЛЬ
 73
     1
 44
1.0
1001
ACAD
1000
MTEXTBEGIN
1070
    73
1070
     1
1070
    44
1040
1.0
1070
    74
1070
     0
1000
MTEXTEND
  0
POINT
  5
5519
330
550F
100
AcDbEntity
  8
DEFPOINTS
 62
     0
370
    25
100
AcDbPoint
 10
8643.702321576638
 20
-3332.231793144609
 30
0.0
  0
POINT
  5
551A
330
550F
100
AcDbEntity
  8
DEFPOINTS
 62
     0
370
    25
100
AcDbPoint
 10
8893.702321576638
 20
-3332.231793144609
 30
0.0
  0
POINT
  5
551B
330
550F
100
AcDbEntity
  8
DEFPOINTS
 62
     0
370
    25
100
AcDbPoint
 10
8893.702321576638
 20
-3406.58434981759
 30
0.0
  0
ENDBLK
  5
5511
330
550F
100
AcDbEntity
  8
0
370
    25
100
AcDbBlockEnd
  0
BLOCK
  5
551E
330
551D
100
AcDbEntity
  8
0
370
    25
100
AcDbBlockBegin
  2
*D87
 70
     1
 10
0.0
 20
0.0
 30
0.0
  3
*D87
  1

  0
LINE
  5
5520
330
551D
100
AcDbEntity
  8
0
370
    -2
100
AcDbLine
 10
8893.702321576638
 20
-3342.231793144609
 30
0.0
 11
8893.702321576638
 21
-3416.584349817589
 31
0.0
  0
LINE
  5
5521
330
551D
100
AcDbEntity
  8
0
370
    -2
100
AcDbLine
 10
8943.702321576639
 20
-3372.231793144609
 30
0.0
 11
8943.702321576639
 21
-3416.584349817589
 31
0.0
  0
LINE
  5
5522
330
551D
100
AcDbEntity
  8
0
370
    -2
100
AcDbLine
 10
8868.702321576639
 20
-3406.58434981759
 30
0.0
 11
8843.702321576639
 21
-3406.58434981759
 31
0.0
  0
LINE
  5
5523
330
551D
100
AcDbEntity
  8
0
370
    -2
100
AcDbLine
 10
8968.702321576639
 20
-3406.58434981759
 30
0.0
 11
8993.702321576639
 21
-3406.58434981759
 31
0.0
  0
SOLID
  5
5524
330
551D
100
AcDbEntity
  8
0
370
    25
100
AcDbTrace
 10
8868.702321576639
 20
-3402.417683150922
 30
0.0
 11
8868.702321576639
 21
-3410.751016484256
 31
0.0
 12
8893.702321576638
 22
-3406.58434981759
 32
0.0
 13
8893.702321576638
 23
-3406.58434981759
 33
0.0
  0
SOLID
  5
5525
330
551D
100
AcDbEntity
  8
0
370
    25
100
AcDbTrace
 10
8968.702321576639
 20
-3402.417683150922
 30
0.0
 11
8968.702321576639
 21
-3410.751016484256
 31
0.0
 12
8943.702321576639
 22
-3406.58434981759
 32
0.0
 13
8943.702321576639
 23
-3406.58434981759
 33
0.0
  0
MTEXT
  5
5526
330
551D
100
AcDbEntity
  8
0
370
    25
100
AcDbMText
 10
8918.702321576638
 20
-3406.58434981759
 30
0.0
 40
25.0
 41
0.0
 46
0.0
 71
     5
 72
     1
  1
\A1;50
  7
ОФОРМИТЕЛЬ
 73
     1
 44
1.0
1001
ACAD
1000
MTEXTBEGIN
1070
    73
1070
     1
1070
    44
1040
1.0
1070
    74
1070
     0
1000
MTEXTEND
  0
POINT
  5
5527
330
551D
100
AcDbEntity
  8
DEFPOINTS
 62
     0
370
    25
100
AcDbPoint
 10
8893.702321576638
 20
-3332.231793144609
 30
0.0
  0
POINT
  5
5528
330
551D
100
AcDbEntity
  8
DEFPOINTS
 62
     0
370
    25
100
AcDbPoint
 10
8943.702321576639
 20
-3362.231793144609
 30
0.0
  0
POINT
  5
5529
330
551D
100
AcDbEntity
  8
DEFPOINTS
 62
     0
370
    25
100
AcDbPoint
 10
8943.702321576639
 20
-3406.58434981759
 30
0.0
  0
ENDBLK
  5
551F
330
551D
100
AcDbEntity
  8
0
370
    25
100
AcDbBlockEnd
  0
BLOCK
  5
552C
330
552B
100
AcDbEntity
  8
0
370
    25
100
AcDbBlockBegin
  2
*D88
 70
     1
 10
0.0
 20
0.0
 30
0.0
  3
*D88
  1

  0
LINE
  5
552E
330
552B
100
AcDbEntity
  8
0
370
    -2
100
AcDbLine
 10
8883.702321576642
 20
-3332.231793144611
 30
0.0
 11
8042.501575235688
 21
-3332.231793144611
 31
0.0
  0
LINE
  5
552F
330
552B
100
AcDbEntity
  8
0
370
    -2
100
AcDbLine
 10
8083.702321576643
 20
-3362.231793144611
 30
0.0
 11
8042.501575235688
 21
-3362.231793144611
 31
0.0
  0
LINE
  5
5530
330
552B
100
AcDbEntity
  8
0
370
    -2
100
AcDbLine
 10
8052.501575235689
 20
-3307.231793144612
 30
0.0
 11
8052.501575235689
 21
-3282.231793144612
 31
0.0
  0
LINE
  5
5531
330
552B
100
AcDbEntity
  8
0
370
    -2
100
AcDbLine
 10
8052.501575235689
 20
-3387.231793144611
 30
0.0
 11
8052.501575235689
 21
-3412.231793144612
 31
0.0
  0
MTEXT
  5
5532
330
552B
100
AcDbEntity
  8
0
370
    25
100
AcDbMText
 10
8016.001575235685
 20
-3347.231793144612
 30
0.0
 40
25.0
 41
0.0
 46
0.0
 71
     5
 72
     1
  1
\A1;30
  7
ОФОРМИТЕЛЬ
 73
     1
 44
1.0
1001
ACAD
1000
MTEXTBEGIN
1070
    73
1070
     1
1070
    44
1040
1.0
1070
    74
1070
     0
1000
MTEXTEND
  0
SOLID
  5
5533
330
552B
100
AcDbEntity
  8
0
370
    25
100
AcDbTrace
 10
8048.334908569023
 20
-3307.231793144612
 30
0.0
 11
8056.668241902356
 21
-3307.231793144612
 31
0.0
 12
8052.501575235689
 22
-3332.231793144611
 32
0.0
 13
8052.501575235689
 23
-3332.231793144611
 33
0.0
  0
SOLID
  5
5534
330
552B
100
AcDbEntity
  8
0
370
    25
100
AcDbTrace
 10
8048.334908569023
 20
-3387.231793144611
 30
0.0
 11
8056.668241902356
 21
-3387.231793144611
 31
0.0
 12
8052.501575235689
 22
-3362.231793144611
 32
0.0
 13
8052.501575235689
 23
-3362.231793144611
 33
0.0
  0
POINT
  5
5535
330
552B
100
AcDbEntity
  8
DEFPOINTS
 62
     0
370
    25
100
AcDbPoint
 10
8893.70232157664
 20
-3332.231793144611
 30
0.0
  0
POINT
  5
5536
330
552B
100
AcDbEntity
  8
DEFPOINTS
 62
     0
370
    25
100
AcDbPoint
 10
8093.702321576641
 20
-3362.231793144611
 30
0.0
  0
POINT
  5
5537
330
552B
100
AcDbEntity
  8
DEFPOINTS
 62
     0
370
    25
100
AcDbPoint
 10
8052.501575235689
 20
-3362.231793144611
 30
0.0
  0
ENDBLK
  5
552D
330
552B
100
AcDbEntity
  8
0
370
    25
100
AcDbBlockEnd
  0
BLOCK
  5
553A
330
5539
100
AcDbEntity
  8
0
370
    25
100
AcDbBlockBegin
  2
*D89
 70
     1
 10
0.0
 20
0.0
 30
0.0
  3
*D89
  1

  0
LINE
  5
553C
330
5539
100
AcDbEntity
  8
0
370
    -2
100
AcDbLine
 10
8128.650826092062
 20
-3358.182756203382
 30
0.0
 11
8116.107913188249
 21
-3379.80855875236
 31
0.0
  0
LINE
  5
553D
330
5539
100
AcDbEntity
  8
0
370
    -2
100
AcDbLine
 10
8158.753817061215
 20
-3306.280830085835
 30
0.0
 11
8171.296729965026
 21
-3284.655027536858
 31
0.0
  0
MTEXT
  5
553E
330
5539
100
AcDbEntity
  8
0
370
    25
100
AcDbMText
 10
8184.527231424914
 20
-3259.457873670785
 30
0.0
 40
25.0
 41
0.0
 46
0.0
 71
     5
 72
     1
  1
\A1;∅10
  7
ОФОРМИТЕЛЬ
 73
     1
 44
1.0
1001
ACAD
1000
MTEXTBEGIN
1070
    73
1070
     1
1070
    44
1040
1.0
1070
    74
1070
     0
1000
MTEXTEND
  0
SOLID
  5
553F
330
5539
100
AcDbEntity
  8
0
370
    25
100
AcDbTrace
 10
8125.046525667235
 20
-3356.092270719413
 30
0.0
 11
8132.255126516893
 21
-3360.273241687351
 31
0.0
 12
8141.193738995877
 22
-3336.556953654405
 32
0.0
 13
8141.193738995877
 23
-3336.556953654405
 33
0.0
  0
SOLID
  5
5540
330
5539
100
AcDbEntity
  8
0
370
    25
100
AcDbTrace
 10
8155.149516636386
 20
-3304.190344601868
 30
0.0
 11
8162.358117486045
 21
-3308.371315569805
 31
0.0
 12
8146.210904157404
 22
-3327.906632634814
 32
0.0
 13
8146.210904157404
 23
-3327.906632634814
 33
0.0
  0
LINE
  5
5541
330
5539
100
AcDbEntity
  8
0
370
    -2
100
AcDbLine
 10
8143.612321576641
 20
-3332.23179314461
 30
0.0
 11
8143.79232157664
 21
-3332.23179314461
 31
0.0
  0
LINE
  5
5542
330
5539
100
AcDbEntity
  8
0
370
    -2
100
AcDbLine
 10
8143.70232157664
 20
-3332.321793144609
 30
0.0
 11
8143.70232157664
 21
-3332.14179314461
 31
0.0
  0
POINT
  5
5543
330
5539
100
AcDbEntity
  8
DEFPOINTS
 62
     0
370
    25
100
AcDbPoint
 10
8146.210904157404
 20
-3327.906632634814
 30
0.0
  0
POINT
  5
5544
330
5539
100
AcDbEntity
  8
DEFPOINTS
 62
     0
370
    25
100
AcDbPoint
 10
8141.193738995877
 20
-3336.556953654405
 30
0.0
  0
ENDBLK
  5
553B
330
5539
100
AcDbEntity
  8
0
370
    25
100
AcDbBlockEnd
  0
BLOCK
  5
5547
330
5546
100
AcDbEntity
  8
0
370
    25
100
AcDbBlockBegin
  2
*D90
 70
     1
 10
0.0
 20
0.0
 30
0.0
  3
*D90
  1

  0
LINE
  5
5549
330
5546
100
AcDbEntity
  8
0
370
    -2
100
AcDbLine
 10
8393.383548023368
 20
-3362.230099487163
 30
0.0
 11
8393.117903395646
 21
-3387.22868810596
 31
0.0
  0
LINE
  5
554A
330
5546
100
AcDbEntity
  8
0
370
    -2
100
AcDbLine
 10
8394.021095129909
 20
-3302.233486802054
 30
0.0
 11
8394.286739757633
 21
-3277.234898183259
 31
0.0
  0
MTEXT
  5
554B
330
5546
100
AcDbEntity
  8
0
370
    25
100
AcDbMText
 10
8396.07395957466
 20
-3248.45423245689
 30
0.0
 40
25.0
 41
0.0
 46
0.0
 71
     5
 72
     1
  1
\A1;∅10
  7
ОФОРМИТЕЛЬ
 73
     1
 44
1.0
1001
ACAD
1000
MTEXTBEGIN
1070
    73
1070
     1
1070
    44
1040
1.0
1070
    74
1070
     0
1000
MTEXTEND
  0
SOLID
  5
554C
330
5546
100
AcDbEntity
  8
0
370
    25
100
AcDbTrace
 10
8389.217116586904
 20
-3362.185825382542
 30
0.0
 11
8397.549979459835
 21
-3362.274373591784
 31
0.0
 12
8393.649192651094
 22
-3337.231510868368
 32
0.0
 13
8393.649192651094
 23
-3337.231510868368
 33
0.0
  0
SOLID
  5
554D
330
5546
100
AcDbEntity
  8
0
370
    25
100
AcDbTrace
 10
8389.854663693444
 20
-3302.189212697435
 30
0.0
 11
8398.187526566379
 21
-3302.277760906675
 31
0.0
 12
8393.755450502185
 22
-3327.232075420849
 32
0.0
 13
8393.755450502185
 23
-3327.232075420849
 33
0.0
  0
LINE
  5
554E
330
5546
100
AcDbEntity
  8
0
370
    -2
100
AcDbLine
 10
8393.612321576638
 20
-3332.231793144609
 30
0.0
 11
8393.79232157664
 21
-3332.231793144609
 31
0.0
  0
LINE
  5
554F
330
5546
100
AcDbEntity
  8
0
370
    -2
100
AcDbLine
 10
8393.702321576638
 20
-3332.32179314461
 30
0.0
 11
8393.70232157664
 21
-3332.14179314461
 31
0.0
  0
POINT
  5
5550
330
5546
100
AcDbEntity
  8
DEFPOINTS
 62
     0
370
    25
100
AcDbPoint
 10
8393.755450502185
 20
-3327.232075420849
 30
0.0
  0
POINT
  5
5551
330
5546
100
AcDbEntity
  8
DEFPOINTS
 62
     0
370
    25
100
AcDbPoint
 10
8393.649192651094
 20
-3337.231510868368
 30
0.0
  0
ENDBLK
  5
5548
330
5546
100
AcDbEntity
  8
0
370
    25
100
AcDbBlockEnd
  0
BLOCK
  5
5554
330
5553
100
AcDbEntity
  8
0
370
    25
100
AcDbBlockBegin
  2
*D91
 70
     1
 10
0.0
 20
0.0
 30
0.0
  3
*D91
  1

  0
LINE
  5
5556
330
5553
100
AcDbEntity
  8
0
370
    -2
100
AcDbLine
 10
8629.276386055407
 20
-3358.535640474178
 30
0.0
 11
8617.254773121052
 21
-3380.455513248821
 31
0.0
  0
LINE
  5
5557
330
5553
100
AcDbEntity
  8
0
370
    -2
100
AcDbLine
 10
8658.128257097869
 20
-3305.927945815039
 30
0.0
 11
8670.149870032226
 21
-3284.008073040397
 31
0.0
  0
MTEXT
  5
5558
330
5553
100
AcDbEntity
  8
0
370
    25
100
AcDbMText
 10
8673.692843818427
 20
-3260.037021579789
 30
0.0
 40
25.0
 41
0.0
 46
0.0
 71
     5
 72
     1
  1
\A1;∅10
  7
ОФОРМИТЕЛЬ
 73
     1
 44
1.0
1001
ACAD
1000
MTEXTBEGIN
1070
    73
1070
     1
1070
    44
1040
1.0
1070
    74
1070
     0
1000
MTEXTEND
  0
SOLID
  5
5559
330
5553
100
AcDbEntity
  8
0
370
    25
100
AcDbTrace
 10
8625.623073926304
 20
-3356.532038318452
 30
0.0
 11
8632.929698184515
 21
-3360.539242629905
 31
0.0
 12
8641.297998989767
 22
-3336.615767699537
 32
0.0
 13
8641.297998989767
 23
-3336.615767699537
 33
0.0
  0
SOLID
  5
555A
330
5553
100
AcDbEntity
  8
0
370
    25
100
AcDbTrace
 10
8654.474944968765
 20
-3303.924343659312
 30
0.0
 11
8661.781569226974
 21
-3307.931547970765
 31
0.0
 12
8646.106644163511
 22
-3327.84781858968
 32
0.0
 13
8646.106644163511
 23
-3327.84781858968
 33
0.0
  0
LINE
  5
555B
330
5553
100
AcDbEntity
  8
0
370
    -2
100
AcDbLine
 10
8643.612321576638
 20
-3332.231793144609
 30
0.0
 11
8643.792321576638
 21
-3332.231793144609
 31
0.0
  0
LINE
  5
555C
330
5553
100
AcDbEntity
  8
0
370
    -2
100
AcDbLine
 10
8643.702321576638
 20
-3332.32179314461
 30
0.0
 11
8643.702321576638
 21
-3332.14179314461
 31
0.0
  0
POINT
  5
555D
330
5553
100
AcDbEntity
  8
DEFPOINTS
 62
     0
370
    25
100
AcDbPoint
 10
8646.106644163511
 20
-3327.84781858968
 30
0.0
  0
POINT
  5
555E
330
5553
100
AcDbEntity
  8
DEFPOINTS
 62
     0
370
    25
100
AcDbPoint
 10
8641.297998989767
 20
-3336.615767699537
 30
0.0
  0
ENDBLK
  5
5555
330
5553
100
AcDbEntity
  8
0
370
    25
100
AcDbBlockEnd
  0
BLOCK
  5
5561
330
5560
100
AcDbEntity
  8
0
370
    25
100
AcDbBlockBegin
  2
*D92
 70
     1
 10
0.0
 20
0.0
 30
0.0
  3
*D92
  1

  0
LINE
  5
5563
330
5560
100
AcDbEntity
  8
0
370
    -2
100
AcDbLine
 10
8886.847775305103
 20
-3361.438217016959
 30
0.0
 11
8881.135653412156
 21
-3385.77690357725
 31
0.0
  0
LINE
  5
5564
330
5560
100
AcDbEntity
  8
0
370
    -2
100
AcDbLine
 10
8900.556867848179
 20
-3303.025369272261
 30
0.0
 11
8906.268989741127
 21
-3278.686682711968
 31
0.0
  0
MTEXT
  5
5565
330
5560
100
AcDbEntity
  8
0
370
    25
100
AcDbMText
 10
8890.471019166216
 20
-3244.771235515582
 30
0.0
 40
25.0
 41
0.0
 46
0.0
 71
     5
 72
     1
  1
\A1;∅10
  7
ОФОРМИТЕЛЬ
 73
     1
 44
1.0
1001
ACAD
1000
MTEXTBEGIN
1070
    73
1070
     1
1070
    44
1040
1.0
1070
    74
1070
     0
1000
MTEXTEND
  0
SOLID
  5
5566
330
5560
100
AcDbEntity
  8
0
370
    25
100
AcDbTrace
 10
8882.791327545055
 20
-3360.486196701467
 30
0.0
 11
8890.904223065152
 21
-3362.39023733245
 31
0.0
 12
8892.559897198051
 22
-3337.099530456669
 32
0.0
 13
8892.559897198051
 23
-3337.099530456669
 33
0.0
  0
SOLID
  5
5567
330
5560
100
AcDbEntity
  8
0
370
    25
100
AcDbTrace
 10
8896.500420088129
 20
-3302.073348956768
 30
0.0
 11
8904.613315608225
 21
-3303.977389587751
 31
0.0
 12
8894.84474595523
 22
-3327.364055832552
 32
0.0
 13
8894.84474595523
 23
-3327.364055832552
 33
0.0
  0
LINE
  5
5568
330
5560
100
AcDbEntity
  8
0
370
    -2
100
AcDbLine
 10
8893.61232157664
 20
-3332.231793144609
 30
0.0
 11
8893.792321576642
 21
-3332.231793144609
 31
0.0
  0
LINE
  5
5569
330
5560
100
AcDbEntity
  8
0
370
    -2
100
AcDbLine
 10
8893.70232157664
 20
-3332.32179314461
 30
0.0
 11
8893.70232157664
 21
-3332.14179314461
 31
0.0
  0
POINT
  5
556A
330
5560
100
AcDbEntity
  8
DEFPOINTS
 62
     0
370
    25
100
AcDbPoint
 10
8894.84474595523
 20
-3327.364055832552
 30
0.0
  0
POINT
  5
556B
330
5560
100
AcDbEntity
  8
DEFPOINTS
 62
     0
370
    25
100
AcDbPoint
 10
8892.559897198051
 20
-3337.099530456669
 30
0.0
  0
ENDBLK
  5
5562
330
5560
100
AcDbEntity
  8
0
370
    25
100
AcDbBlockEnd
  0
BLOCK
  5
5577
330
5576
100
AcDbEntity
  8
0
370
    25
100
AcDbBlockBegin
  2
*D93
 70
     1
 10
0.0
 20
0.0
 30
0.0
  3
*D93
  1

  0
LINE
  5
5579
330
5576
100
AcDbEntity
  8
0
370
    -2
100
AcDbLine
 10
9790.946681976187
 20
-2713.714401866339
 30
0.0
 11
9790.946681976187
 21
-2494.575111779101
 31
0.0
  0
LINE
  5
557A
330
5576
100
AcDbEntity
  8
0
370
    -2
100
AcDbLine
 10
10382.94668197619
 20
-2738.063211876033
 30
0.0
 11
10382.94668197619
 21
-2494.575111779101
 31
0.0
  0
LINE
  5
557B
330
5576
100
AcDbEntity
  8
0
370
    -2
100
AcDbLine
 10
9815.946681976187
 20
-2504.575111779101
 30
0.0
 11
10050.61334864285
 21
-2504.575111779101
 31
0.0
  0
LINE
  5
557C
330
5576
100
AcDbEntity
  8
0
370
    -2
100
AcDbLine
 10
10357.94668197619
 20
-2504.575111779101
 30
0.0
 11
10123.28001530952
 21
-2504.575111779101
 31
0.0
  0
SOLID
  5
557D
330
5576
100
AcDbEntity
  8
0
370
    25
100
AcDbTrace
 10
9815.946681976187
 20
-2500.408445112434
 30
0.0
 11
9815.946681976187
 21
-2508.741778445767
 31
0.0
 12
9790.946681976187
 22
-2504.575111779101
 32
0.0
 13
9790.946681976187
 23
-2504.575111779101
 33
0.0
  0
SOLID
  5
557E
330
5576
100
AcDbEntity
  8
0
370
    25
100
AcDbTrace
 10
10357.94668197619
 20
-2500.408445112434
 30
0.0
 11
10357.94668197619
 21
-2508.741778445767
 31
0.0
 12
10382.94668197619
 22
-2504.575111779101
 32
0.0
 13
10382.94668197619
 23
-2504.575111779101
 33
0.0
  0
MTEXT
  5
557F
330
5576
100
AcDbEntity
  8
0
370
    25
100
AcDbMText
 10
10086.94668197618
 20
-2504.575111779101
 30
0.0
 40
25.0
 41
0.0
 46
0.0
 71
     5
 72
     1
  1
\A1;592
  7
ОФОРМИТЕЛЬ
 73
     1
 44
1.0
1001
ACAD
1000
MTEXTBEGIN
1070
    73
1070
     1
1070
    44
1040
1.0
1070
    74
1070
     0
1000
MTEXTEND
  0
POINT
  5
5580
330
5576
100
AcDbEntity
  8
DEFPOINTS
 62
     0
370
    25
100
AcDbPoint
 10
9790.946681976187
 20
-2723.714401866339
 30
0.0
  0
POINT
  5
5581
330
5576
100
AcDbEntity
  8
DEFPOINTS
 62
     0
370
    25
100
AcDbPoint
 10
10382.94668197619
 20
-2748.063211876033
 30
0.0
  0
POINT
  5
5582
330
5576
100
AcDbEntity
  8
DEFPOINTS
 62
     0
370
    25
100
AcDbPoint
 10
10382.94668197619
 20
-2504.575111779101
 30
0.0
  0
ENDBLK
  5
5578
330
5576
100
AcDbEntity
  8
0
370
    25
100
AcDbBlockEnd
  0
BLOCK
  5
5585
330
5584
100
AcDbEntity
  8
0
370
    25
100
AcDbBlockBegin
  2
*D94
 70
     1
 10
0.0
 20
0.0
 30
0.0
  3
*D94
  1

  0
LINE
  5
5587
330
5584
100
AcDbEntity
  8
0
370
    -2
100
AcDbLine
 10
9893.607694607668
 20
-2621.650603323812
 30
0.0
 11
9637.750135147861
 21
-2621.650603323812
 31
0.0
  0
LINE
  5
5588
330
5584
100
AcDbEntity
  8
0
370
    -2
100
AcDbLine
 10
9861.625499675199
 20
-3077.650603323813
 30
0.0
 11
9637.750135147861
 21
-3077.650603323813
 31
0.0
  0
LINE
  5
5589
330
5584
100
AcDbEntity
  8
0
370
    -2
100
AcDbLine
 10
9647.750135147861
 20
-2646.650603323812
 30
0.0
 11
9647.750135147861
 21
-2834.150603323813
 31
0.0
  0
LINE
  5
558A
330
5584
100
AcDbEntity
  8
0
370
    -2
100
AcDbLine
 10
9647.750135147861
 20
-3052.650603323812
 30
0.0
 11
9647.750135147861
 21
-2865.150603323812
 31
0.0
  0
SOLID
  5
558B
330
5584
100
AcDbEntity
  8
0
370
    25
100
AcDbTrace
 10
9643.583468481196
 20
-2646.650603323812
 30
0.0
 11
9651.916801814529
 21
-2646.650603323812
 31
0.0
 12
9647.750135147861
 22
-2621.650603323812
 32
0.0
 13
9647.750135147861
 23
-2621.650603323812
 33
0.0
  0
SOLID
  5
558C
330
5584
100
AcDbEntity
  8
0
370
    25
100
AcDbTrace
 10
9643.583468481196
 20
-3052.650603323812
 30
0.0
 11
9651.916801814529
 21
-3052.650603323812
 31
0.0
 12
9647.750135147861
 22
-3077.650603323813
 32
0.0
 13
9647.750135147861
 23
-3077.650603323813
 33
0.0
  0
MTEXT
  5
558D
330
5584
100
AcDbEntity
  8
0
370
    25
100
AcDbMText
 10
9647.750135147861
 20
-2849.650603323814
 30
0.0
 40
25.0
 41
0.0
 46
0.0
 71
     5
 72
     1
  1
\A1;456
  7
ОФОРМИТЕЛЬ
 73
     1
 44
1.0
1001
ACAD
1000
MTEXTBEGIN
1070
    73
1070
     1
1070
    44
1040
1.0
1070
    74
1070
     0
1000
MTEXTEND
  0
POINT
  5
558E
330
5584
100
AcDbEntity
  8
DEFPOINTS
 62
     0
370
    25
100
AcDbPoint
 10
9903.607694607671
 20
-2621.650603323812
 30
0.0
  0
POINT
  5
558F
330
5584
100
AcDbEntity
  8
DEFPOINTS
 62
     0
370
    25
100
AcDbPoint
 10
9871.6254996752
 20
-3077.650603323813
 30
0.0
  0
POINT
  5
5590
330
5584
100
AcDbEntity
  8
DEFPOINTS
 62
     0
370
    25
100
AcDbPoint
 10
9647.750135147861
 20
-3077.650603323813
 30
0.0
  0
ENDBLK
  5
5586
330
5584
100
AcDbEntity
  8
0
370
    25
100
AcDbBlockEnd
  0
BLOCK
  5
5593
330
5592
100
AcDbEntity
  8
0
370
    25
100
AcDbBlockBegin
  2
*D95
 70
     1
 10
0.0
 20
0.0
 30
0.0
  3
*D95
  1

  0
LINE
  5
5595
330
5592
100
AcDbEntity
  8
0
370
    -2
100
AcDbLine
 10
9770.377761348065
 20
-2608.830217981944
 30
0.0
 11
9749.480612618322
 21
-2595.107638961696
 31
0.0
  0
MTEXT
  5
5596
330
5592
100
AcDbEntity
  8
0
370
    25
100
AcDbMText
 10
9748.73032989532
 20
-2579.603315540459
 30
0.0
 40
25.0
 41
0.0
 46
0.0
 71
     5
 72
     1
  1
\A1;R2
  7
ОФОРМИТЕЛЬ
 73
     1
 44
1.0
1001
ACAD
1000
MTEXTBEGIN
1070
    73
1070
     1
1070
    44
1040
1.0
1070
    74
1070
     0
1000
MTEXTEND
  0
SOLID
  5
5597
330
5592
100
AcDbEntity
  8
0
370
    25
100
AcDbTrace
 10
9772.66485785144
 20
-2605.34735986032
 30
0.0
 11
9768.090664844692
 21
-2612.313076103567
 31
0.0
 12
9791.27491007781
 22
-2622.552797002191
 32
0.0
 13
9791.27491007781
 23
-2622.552797002191
 33
0.0
  0
LINE
  5
5598
330
5592
100
AcDbEntity
  8
0
370
    -2
100
AcDbLine
 10
9792.856681976187
 20
-2623.65060332381
 30
0.0
 11
9793.036681976188
 21
-2623.65060332381
 31
0.0
  0
LINE
  5
5599
330
5592
100
AcDbEntity
  8
0
370
    -2
100
AcDbLine
 10
9792.946681976188
 20
-2623.74060332381
 30
0.0
 11
9792.946681976188
 21
-2623.560603323809
 31
0.0
  0
POINT
  5
559A
330
5592
100
AcDbEntity
  8
DEFPOINTS
 62
     0
370
    25
100
AcDbPoint
 10
9791.27491007781
 20
-2622.552797002191
 30
0.0
  0
POINT
  5
559B
330
5592
100
AcDbEntity
  8
DEFPOINTS
 62
     0
370
    25
100
AcDbPoint
 10
9792.946681976188
 20
-2623.65060332381
 30
0.0
  0
ENDBLK
  5
5594
330
5592
100
AcDbEntity
  8
0
370
    25
100
AcDbBlockEnd
  0
BLOCK
  5
559E
330
559D
100
AcDbEntity
  8
0
370
    25
100
AcDbBlockBegin
  2
*D96
 70
     1
 10
0.0
 20
0.0
 30
0.0
  3
*D96
  1

  0
LINE
  5
55A0
330
559D
100
AcDbEntity
  8
0
370
    -2
100
AcDbLine
 10
10395.04140333015
 20
-2600.62151671678
 30
0.0
 11
10408.09207125048
 21
-2579.298288376937
 31
0.0
  0
MTEXT
  5
55A1
330
559D
100
AcDbEntity
  8
0
370
    25
100
AcDbMText
 10
10417.44270800624
 20
-2565.187591644666
 30
0.0
 40
25.0
 41
0.0
 46
0.0
 71
     5
 72
     1
  1
\A1;R2
  7
ОФОРМИТЕЛЬ
 73
     1
 44
1.0
1001
ACAD
1000
MTEXTBEGIN
1070
    73
1070
     1
1070
    44
1040
1.0
1070
    74
1070
     0
1000
MTEXTEND
  0
SOLID
  5
55A2
330
559D
100
AcDbEntity
  8
0
370
    25
100
AcDbTrace
 10
10391.48753194018
 20
-2598.446405396725
 30
0.0
 11
10398.59527472012
 21
-2602.796628036836
 31
0.0
 12
10381.99073540981
 22
-2621.944745056624
 32
0.0
 13
10381.99073540981
 23
-2621.944745056624
 33
0.0
  0
LINE
  5
55A3
330
559D
100
AcDbEntity
  8
0
370
    -2
100
AcDbLine
 10
10380.85668197618
 20
-2623.65060332381
 30
0.0
 11
10381.03668197619
 21
-2623.650603323812
 31
0.0
  0
LINE
  5
55A4
330
559D
100
AcDbEntity
  8
0
370
    -2
100
AcDbLine
 10
10380.94668197618
 20
-2623.740603323811
 30
0.0
 11
10380.94668197618
 21
-2623.560603323811
 31
0.0
  0
POINT
  5
55A5
330
559D
100
AcDbEntity
  8
DEFPOINTS
 62
     0
370
    25
100
AcDbPoint
 10
10381.99073540981
 20
-2621.944745056624
 30
0.0
  0
POINT
  5
55A6
330
559D
100
AcDbEntity
  8
DEFPOINTS
 62
     0
370
    25
100
AcDbPoint
 10
10380.94668197619
 20
-2623.650603323811
 30
0.0
  0
ENDBLK
  5
559F
330
559D
100
AcDbEntity
  8
0
370
    25
100
AcDbBlockEnd
  0
BLOCK
  5
55A9
330
55A8
100
AcDbEntity
  8
0
370
    25
100
AcDbBlockBegin
  2
*D97
 70
     1
 10
0.0
 20
0.0
 30
0.0
  3
*D97
  1

  0
LINE
  5
55AB
330
55A8
100
AcDbEntity
  8
0
370
    -2
100
AcDbLine
 10
10395.51896870589
 20
-3098.3805056436
 30
0.0
 11
10409.01182678896
 21
-3119.426711495254
 31
0.0
  0
MTEXT
  5
55AC
330
55A8
100
AcDbEntity
  8
0
370
    25
100
AcDbMText
 10
10436.55914731645
 20
-3104.328142299165
 30
0.0
 40
25.0
 41
0.0
 46
0.0
 71
     5
 72
     1
  1
\A1;R2
  7
ОФОРМИТЕЛЬ
 73
     1
 44
1.0
1001
ACAD
1000
MTEXTBEGIN
1070
    73
1070
     1
1070
    44
1040
1.0
1070
    74
1070
     0
1000
MTEXTEND
  0
SOLID
  5
55AD
330
55A8
100
AcDbEntity
  8
0
370
    25
100
AcDbTrace
 10
10399.02666968117
 20
-3096.131695963088
 30
0.0
 11
10392.01126773062
 21
-3100.629315324111
 31
0.0
 12
10382.02611062283
 22
-3077.334299791945
 32
0.0
 13
10382.02611062283
 23
-3077.334299791945
 33
0.0
  0
LINE
  5
55AE
330
55A8
100
AcDbEntity
  8
0
370
    -2
100
AcDbLine
 10
10380.85668197618
 20
-3075.650603323811
 30
0.0
 11
10381.03668197618
 21
-3075.650603323811
 31
0.0
  0
LINE
  5
55AF
330
55A8
100
AcDbEntity
  8
0
370
    -2
100
AcDbLine
 10
10380.94668197618
 20
-3075.740603323811
 30
0.0
 11
10380.94668197618
 21
-3075.560603323811
 31
0.0
  0
POINT
  5
55B0
330
55A8
100
AcDbEntity
  8
DEFPOINTS
 62
     0
370
    25
100
AcDbPoint
 10
10382.02611062283
 20
-3077.334299791945
 30
0.0
  0
POINT
  5
55B1
330
55A8
100
AcDbEntity
  8
DEFPOINTS
 62
     0
370
    25
100
AcDbPoint
 10
10380.94668197618
 20
-3075.650603323811
 30
0.0
  0
ENDBLK
  5
55AA
330
55A8
100
AcDbEntity
  8
0
370
    25
100
AcDbBlockEnd
  0
BLOCK
  5
55B4
330
55B3
100
AcDbEntity
  8
0
370
    25
100
AcDbBlockBegin
  2
*D98
 70
     1
 10
0.0
 20
0.0
 30
0.0
  3
*D98
  1

  0
LINE
  5
55B6
330
55B3
100
AcDbEntity
  8
0
370
    -2
100
AcDbLine
 10
9771.336697713357
 20
-3091.837282419915
 30
0.0
 11
9751.327453025552
 21
-3106.824948249641
 31
0.0
  0
MTEXT
  5
55B7
330
55B3
100
AcDbEntity
  8
0
370
    25
100
AcDbMText
 10
9778.732221097452
 20
-3122.104766791336
 30
0.0
 40
25.0
 41
0.0
 46
0.0
 71
     5
 72
     1
  1
\A1;R2
  7
ОФОРМИТЕЛЬ
 73
     1
 44
1.0
1001
ACAD
1000
MTEXTBEGIN
1070
    73
1070
     1
1070
    44
1040
1.0
1070
    74
1070
     0
1000
MTEXTEND
  0
SOLID
  5
55B8
330
55B3
100
AcDbEntity
  8
0
370
    25
100
AcDbTrace
 10
9768.838753408402
 20
-3088.502408305281
 30
0.0
 11
9773.834642018313
 21
-3095.172156534549
 31
0.0
 12
9791.345942401161
 22
-3076.849616590188
 32
0.0
 13
9791.345942401161
 23
-3076.849616590188
 33
0.0
  0
LINE
  5
55B9
330
55B3
100
AcDbEntity
  8
0
370
    -2
100
AcDbLine
 10
9792.856681976187
 20
-3075.650603323811
 30
0.0
 11
9793.036681976188
 21
-3075.650603323811
 31
0.0
  0
LINE
  5
55BA
330
55B3
100
AcDbEntity
  8
0
370
    -2
100
AcDbLine
 10
9792.946681976188
 20
-3075.740603323811
 30
0.0
 11
9792.946681976188
 21
-3075.560603323809
 31
0.0
  0
POINT
  5
55BB
330
55B3
100
AcDbEntity
  8
DEFPOINTS
 62
     0
370
    25
100
AcDbPoint
 10
9791.345942401161
 20
-3076.849616590188
 30
0.0
  0
POINT
  5
55BC
330
55B3
100
AcDbEntity
  8
DEFPOINTS
 62
     0
370
    25
100
AcDbPoint
 10
9792.946681976188
 20
-3075.650603323811
 30
0.0
  0
ENDBLK
  5
55B5
330
55B3
100
AcDbEntity
  8
0
370
    25
100
AcDbBlockEnd
  0
BLOCK
  5
55CA
330
55C9
100
AcDbEntity
  8
0
370
    25
100
AcDbBlockBegin
  2
*D99
 70
     1
 10
0.0
 20
0.0
 30
0.0
  3
*D99
  1

  0
LINE
  5
55CC
330
55C9
100
AcDbEntity
  8
0
370
    -2
100
AcDbLine
 10
9886.946681976189
 20
-2686.650603323811
 30
0.0
 11
9886.946681976189
 21
-2556.891266183972
 31
0.0
  0
LINE
  5
55CD
330
55C9
100
AcDbEntity
  8
0
370
    -2
100
AcDbLine
 10
9790.946681976187
 20
-2665.368801326927
 30
0.0
 11
9790.946681976187
 21
-2556.891266183972
 31
0.0
  0
LINE
  5
55CE
330
55C9
100
AcDbEntity
  8
0
370
    -2
100
AcDbLine
 10
9861.946681976188
 20
-2566.891266183971
 30
0.0
 11
9815.946681976187
 21
-2566.891266183971
 31
0.0
  0
MTEXT
  5
55CF
330
55C9
100
AcDbEntity
  8
0
370
    25
100
AcDbMText
 10
9838.946681976189
 20
-2530.391266183972
 30
0.0
 40
25.0
 41
0.0
 46
0.0
 71
     5
 72
     1
  1
\A1;96
  7
ОФОРМИТЕЛЬ
 73
     1
 44
1.0
1001
ACAD
1000
MTEXTBEGIN
1070
    73
1070
     1
1070
    44
1040
1.0
1070
    74
1070
     0
1000
MTEXTEND
  0
SOLID
  5
55D0
330
55C9
100
AcDbEntity
  8
0
370
    25
100
AcDbTrace
 10
9861.946681976188
 20
-2562.724599517305
 30
0.0
 11
9861.946681976188
 21
-2571.057932850639
 31
0.0
 12
9886.946681976189
 22
-2566.891266183971
 32
0.0
 13
9886.946681976189
 23
-2566.891266183971
 33
0.0
  0
SOLID
  5
55D1
330
55C9
100
AcDbEntity
  8
0
370
    25
100
AcDbTrace
 10
9815.946681976187
 20
-2562.724599517305
 30
0.0
 11
9815.946681976187
 21
-2571.057932850639
 31
0.0
 12
9790.946681976187
 22
-2566.891266183971
 32
0.0
 13
9790.946681976187
 23
-2566.891266183971
 33
0.0
  0
POINT
  5
55D2
330
55C9
100
AcDbEntity
  8
DEFPOINTS
 62
     0
370
    25
100
AcDbPoint
 10
9886.946681976189
 20
-2696.650603323811
 30
0.0
  0
POINT
  5
55D3
330
55C9
100
AcDbEntity
  8
DEFPOINTS
 62
     0
370
    25
100
AcDbPoint
 10
9790.946681976187
 20
-2675.368801326928
 30
0.0
  0
POINT
  5
55D4
330
55C9
100
AcDbEntity
  8
DEFPOINTS
 62
     0
370
    25
100
AcDbPoint
 10
9790.946681976187
 20
-2566.891266183971
 30
0.0
  0
ENDBLK
  5
55CB
330
55C9
100
AcDbEntity
  8
0
370
    25
100
AcDbBlockEnd
  0
BLOCK
  5
55D7
330
55D6
100
AcDbEntity
  8
0
370
    25
100
AcDbBlockBegin
  2
*D100
 70
     1
 10
0.0
 20
0.0
 30
0.0
  3
*D100
  1

  0
LINE
  5
55D9
330
55D6
100
AcDbEntity
  8
0
370
    -2
100
AcDbLine
 10
9876.946681976193
 20
-2696.650603323812
 30
0.0
 11
9743.955751593432
 21
-2696.650603323812
 31
0.0
  0
LINE
  5
55DA
330
55D6
100
AcDbEntity
  8
0
370
    -2
100
AcDbLine
 10
9837.373171415984
 20
-2621.650603323813
 30
0.0
 11
9743.955751593432
 21
-2621.650603323813
 31
0.0
  0
LINE
  5
55DB
330
55D6
100
AcDbEntity
  8
0
370
    -2
100
AcDbLine
 10
9753.955751593432
 20
-2671.650603323812
 30
0.0
 11
9753.955751593432
 21
-2646.650603323813
 31
0.0
  0
MTEXT
  5
55DC
330
55D6
100
AcDbEntity
  8
0
370
    25
100
AcDbMText
 10
9717.455751593433
 20
-2659.150603323815
 30
0.0
 40
25.0
 41
0.0
 46
0.0
 71
     5
 72
     1
  1
\A1;75
  7
ОФОРМИТЕЛЬ
 73
     1
 44
1.0
1001
ACAD
1000
MTEXTBEGIN
1070
    73
1070
     1
1070
    44
1040
1.0
1070
    74
1070
     0
1000
MTEXTEND
  0
SOLID
  5
55DD
330
55D6
100
AcDbEntity
  8
0
370
    25
100
AcDbTrace
 10
9749.789084926767
 20
-2671.650603323812
 30
0.0
 11
9758.122418260098
 21
-2671.650603323812
 31
0.0
 12
9753.955751593432
 22
-2696.650603323812
 32
0.0
 13
9753.955751593432
 23
-2696.650603323812
 33
0.0
  0
SOLID
  5
55DE
330
55D6
100
AcDbEntity
  8
0
370
    25
100
AcDbTrace
 10
9749.789084926767
 20
-2646.650603323813
 30
0.0
 11
9758.122418260098
 21
-2646.650603323813
 31
0.0
 12
9753.955751593432
 22
-2621.650603323813
 32
0.0
 13
9753.955751593432
 23
-2621.650603323813
 33
0.0
  0
POINT
  5
55DF
330
55D6
100
AcDbEntity
  8
DEFPOINTS
 62
     0
370
    25
100
AcDbPoint
 10
9886.946681976191
 20
-2696.650603323812
 30
0.0
  0
POINT
  5
55E0
330
55D6
100
AcDbEntity
  8
DEFPOINTS
 62
     0
370
    25
100
AcDbPoint
 10
9847.373171415984
 20
-2621.650603323813
 30
0.0
  0
POINT
  5
55E1
330
55D6
100
AcDbEntity
  8
DEFPOINTS
 62
     0
370
    25
100
AcDbPoint
 10
9753.955751593432
 20
-2621.650603323813
 30
0.0
  0
ENDBLK
  5
55D8
330
55D6
100
AcDbEntity
  8
0
370
    25
100
AcDbBlockEnd
  0
BLOCK
  5
55E4
330
55E3
100
AcDbEntity
  8
0
370
    25
100
AcDbBlockBegin
  2
*D101
 70
     1
 10
0.0
 20
0.0
 30
0.0
  3
*D101
  1

  0
LINE
  5
55E6
330
55E3
100
AcDbEntity
  8
0
370
    -2
100
AcDbLine
 10
10296.94668197619
 20
-2696.650603323812
 30
0.0
 11
10432.99234795115
 21
-2696.650603323812
 31
0.0
  0
LINE
  5
55E7
330
55E3
100
AcDbEntity
  8
0
370
    -2
100
AcDbLine
 10
10357.96390419605
 20
-2621.650603323812
 30
0.0
 11
10432.99234795115
 21
-2621.650603323812
 31
0.0
  0
LINE
  5
55E8
330
55E3
100
AcDbEntity
  8
0
370
    -2
100
AcDbLine
 10
10422.99234795115
 20
-2671.650603323812
 30
0.0
 11
10422.99234795115
 21
-2646.650603323812
 31
0.0
  0
MTEXT
  5
55E9
330
55E3
100
AcDbEntity
  8
0
370
    25
100
AcDbMText
 10
10484.49234795115
 20
-2659.150603323814
 30
0.0
 40
25.0
 41
0.0
 46
0.0
 71
     5
 72
     1
  1
\A1;75
  7
ОФОРМИТЕЛЬ
 73
     1
 44
1.0
1001
ACAD
1000
MTEXTBEGIN
1070
    73
1070
     1
1070
    44
1040
1.0
1070
    74
1070
     0
1000
MTEXTEND
  0
SOLID
  5
55EA
330
55E3
100
AcDbEntity
  8
0
370
    25
100
AcDbTrace
 10
10418.82568128448
 20
-2671.650603323812
 30
0.0
 11
10427.15901461782
 21
-2671.650603323812
 31
0.0
 12
10422.99234795115
 22
-2696.650603323812
 32
0.0
 13
10422.99234795115
 23
-2696.650603323812
 33
0.0
  0
SOLID
  5
55EB
330
55E3
100
AcDbEntity
  8
0
370
    25
100
AcDbTrace
 10
10418.82568128448
 20
-2646.650603323812
 30
0.0
 11
10427.15901461782
 21
-2646.650603323812
 31
0.0
 12
10422.99234795115
 22
-2621.650603323812
 32
0.0
 13
10422.99234795115
 23
-2621.650603323812
 33
0.0
  0
POINT
  5
55EC
330
55E3
100
AcDbEntity
  8
DEFPOINTS
 62
     0
370
    25
100
AcDbPoint
 10
10286.94668197619
 20
-2696.650603323812
 30
0.0
  0
POINT
  5
55ED
330
55E3
100
AcDbEntity
  8
DEFPOINTS
 62
     0
370
    25
100
AcDbPoint
 10
10347.96390419605
 20
-2621.650603323812
 30
0.0
  0
POINT
  5
55EE
330
55E3
100
AcDbEntity
  8
DEFPOINTS
 62
     0
370
    25
100
AcDbPoint
 10
10422.99234795115
 20
-2621.650603323812
 30
0.0
  0
ENDBLK
  5
55E5
330
55E3
100
AcDbEntity
  8
0
370
    25
100
AcDbBlockEnd
  0
BLOCK
  5
55F1
330
55F0
100
AcDbEntity
  8
0
370
    25
100
AcDbBlockBegin
  2
*D102
 70
     1
 10
0.0
 20
0.0
 30
0.0
  3
*D102
  1

  0
LINE
  5
55F3
330
55F0
100
AcDbEntity
  8
0
370
    -2
100
AcDbLine
 10
10286.94668197619
 20
-2686.650603323811
 30
0.0
 11
10286.94668197619
 21
-2567.353881901021
 31
0.0
  0
LINE
  5
55F4
330
55F0
100
AcDbEntity
  8
0
370
    -2
100
AcDbLine
 10
10382.94668197619
 20
-2651.776724402662
 30
0.0
 11
10382.94668197619
 21
-2567.353881901021
 31
0.0
  0
LINE
  5
55F5
330
55F0
100
AcDbEntity
  8
0
370
    -2
100
AcDbLine
 10
10311.94668197618
 20
-2577.353881901021
 30
0.0
 11
10357.94668197619
 21
-2577.353881901021
 31
0.0
  0
MTEXT
  5
55F6
330
55F0
100
AcDbEntity
  8
0
370
    25
100
AcDbMText
 10
10334.94668197618
 20
-2540.853881901021
 30
0.0
 40
25.0
 41
0.0
 46
0.0
 71
     5
 72
     1
  1
\A1;96
  7
ОФОРМИТЕЛЬ
 73
     1
 44
1.0
1001
ACAD
1000
MTEXTBEGIN
1070
    73
1070
     1
1070
    44
1040
1.0
1070
    74
1070
     0
1000
MTEXTEND
  0
SOLID
  5
55F7
330
55F0
100
AcDbEntity
  8
0
370
    25
100
AcDbTrace
 10
10311.94668197618
 20
-2573.187215234355
 30
0.0
 11
10311.94668197618
 21
-2581.520548567687
 31
0.0
 12
10286.94668197619
 22
-2577.353881901021
 32
0.0
 13
10286.94668197619
 23
-2577.353881901021
 33
0.0
  0
SOLID
  5
55F8
330
55F0
100
AcDbEntity
  8
0
370
    25
100
AcDbTrace
 10
10357.94668197619
 20
-2573.187215234355
 30
0.0
 11
10357.94668197619
 21
-2581.520548567687
 31
0.0
 12
10382.94668197619
 22
-2577.353881901021
 32
0.0
 13
10382.94668197619
 23
-2577.353881901021
 33
0.0
  0
POINT
  5
55F9
330
55F0
100
AcDbEntity
  8
DEFPOINTS
 62
     0
370
    25
100
AcDbPoint
 10
10286.94668197619
 20
-2696.650603323811
 30
0.0
  0
POINT
  5
55FA
330
55F0
100
AcDbEntity
  8
DEFPOINTS
 62
     0
370
    25
100
AcDbPoint
 10
10382.94668197619
 20
-2661.776724402662
 30
0.0
  0
POINT
  5
55FB
330
55F0
100
AcDbEntity
  8
DEFPOINTS
 62
     0
370
    25
100
AcDbPoint
 10
10382.94668197619
 20
-2577.353881901021
 30
0.0
  0
ENDBLK
  5
55F2
330
55F0
100
AcDbEntity
  8
0
370
    25
100
AcDbBlockEnd
  0
BLOCK
  5
55FE
330
55FD
100
AcDbEntity
  8
0
370
    25
100
AcDbBlockBegin
  2
*D103
 70
     1
 10
0.0
 20
0.0
 30
0.0
  3
*D103
  1

  0
LINE
  5
5600
330
55FD
100
AcDbEntity
  8
0
370
    -2
100
AcDbLine
 10
9889.281443973388
 20
-2668.748114430946
 30
0.0
 11
9891.366052899464
 21
-2643.835177919461
 31
0.0
  0
LINE
  5
5601
330
55FD
100
AcDbEntity
  8
0
370
    -2
100
AcDbLine
 10
9884.611919978986
 20
-2724.553092216675
 30
0.0
 11
9882.527311052912
 21
-2749.466028728162
 31
0.0
  0
MTEXT
  5
5602
330
55FD
100
AcDbEntity
  8
0
370
    25
100
AcDbMText
 10
9912.752626766874
 20
-2746.19960916861
 30
0.0
 40
25.0
 41
0.0
 46
0.0
 71
     5
 72
     1
  1
\A1;∅6
  7
ОФОРМИТЕЛЬ
 73
     1
 44
1.0
1001
ACAD
1000
MTEXTBEGIN
1070
    73
1070
     1
1070
    44
1040
1.0
1070
    74
1070
     0
1000
MTEXTEND
  0
SOLID
  5
5603
330
55FD
100
AcDbEntity
  8
0
370
    25
100
AcDbTrace
 10
9885.12928788814
 20
-2668.400679609935
 30
0.0
 11
9893.433600058637
 21
-2669.095549251959
 31
0.0
 12
9887.196835047317
 22
-2693.661050942433
 32
0.0
 13
9887.196835047317
 23
-2693.661050942433
 33
0.0
  0
SOLID
  5
5604
330
55FD
100
AcDbEntity
  8
0
370
    25
100
AcDbTrace
 10
9880.459763893739
 20
-2724.205657395665
 30
0.0
 11
9888.764076064232
 21
-2724.900527037688
 31
0.0
 12
9886.696528905062
 22
-2699.640155705189
 32
0.0
 13
9886.696528905062
 23
-2699.640155705189
 33
0.0
  0
LINE
  5
5605
330
55FD
100
AcDbEntity
  8
0
370
    -2
100
AcDbLine
 10
9886.856681976183
 20
-2696.65060332381
 30
0.0
 11
9887.036681976184
 21
-2696.65060332381
 31
0.0
  0
LINE
  5
5606
330
55FD
100
AcDbEntity
  8
0
370
    -2
100
AcDbLine
 10
9886.946681976189
 20
-2696.740603323811
 30
0.0
 11
9886.946681976189
 21
-2696.560603323811
 31
0.0
  0
POINT
  5
5607
330
55FD
100
AcDbEntity
  8
DEFPOINTS
 62
     0
370
    25
100
AcDbPoint
 10
9886.696528905062
 20
-2699.640155705189
 30
0.0
  0
POINT
  5
5608
330
55FD
100
AcDbEntity
  8
DEFPOINTS
 62
     0
370
    25
100
AcDbPoint
 10
9887.196835047317
 20
-2693.661050942433
 30
0.0
  0
ENDBLK
  5
55FF
330
55FD
100
AcDbEntity
  8
0
370
    25
100
AcDbBlockEnd
  0
BLOCK
  5
560B
330
560A
100
AcDbEntity
  8
0
370
    25
100
AcDbBlockBegin
  2
*D104
 70
     1
 10
0.0
 20
0.0
 30
0.0
  3
*D104
  1

  0
LINE
  5
560D
330
560A
100
AcDbEntity
  8
0
370
    -2
100
AcDbLine
 10
10295.54726589639
 20
-2670.004216022125
 30
0.0
 11
10303.22635868229
 21
-2646.212798788476
 31
0.0
  0
LINE
  5
560E
330
560A
100
AcDbEntity
  8
0
370
    -2
100
AcDbLine
 10
10278.34609805598
 20
-2723.296990625498
 30
0.0
 11
10270.66700527008
 21
-2747.088407859147
 31
0.0
  0
MTEXT
  5
560F
330
560A
100
AcDbEntity
  8
0
370
    25
100
AcDbMText
 10
10265.70408801273
 20
-2765.924576319863
 30
0.0
 40
25.0
 41
0.0
 46
0.0
 71
     5
 72
     1
  1
\A1;∅6
  7
ОФОРМИТЕЛЬ
 73
     1
 44
1.0
1001
ACAD
1000
MTEXTBEGIN
1070
    73
1070
     1
1070
    44
1040
1.0
1070
    74
1070
     0
1000
MTEXTEND
  0
SOLID
  5
5610
330
560A
100
AcDbEntity
  8
0
370
    25
100
AcDbTrace
 10
10291.58202969078
 20
-2668.724367224475
 30
0.0
 11
10299.512502102
 21
-2671.284064819774
 31
0.0
 12
10287.86817311049
 22
-2693.795633255773
 32
0.0
 13
10287.86817311049
 23
-2693.795633255773
 33
0.0
  0
SOLID
  5
5611
330
560A
100
AcDbEntity
  8
0
370
    25
100
AcDbTrace
 10
10274.38086185037
 20
-2722.017141827847
 30
0.0
 11
10282.31133426158
 21
-2724.576839423147
 31
0.0
 12
10286.02519084188
 22
-2699.505573391848
 32
0.0
 13
10286.02519084188
 23
-2699.505573391848
 33
0.0
  0
LINE
  5
5612
330
560A
100
AcDbEntity
  8
0
370
    -2
100
AcDbLine
 10
10286.85668197618
 20
-2696.650603323811
 30
0.0
 11
10287.03668197618
 21
-2696.650603323811
 31
0.0
  0
LINE
  5
5613
330
560A
100
AcDbEntity
  8
0
370
    -2
100
AcDbLine
 10
10286.94668197619
 20
-2696.740603323812
 30
0.0
 11
10286.94668197619
 21
-2696.560603323811
 31
0.0
  0
POINT
  5
5614
330
560A
100
AcDbEntity
  8
DEFPOINTS
 62
     0
370
    25
100
AcDbPoint
 10
10286.02519084188
 20
-2699.505573391848
 30
0.0
  0
POINT
  5
5615
330
560A
100
AcDbEntity
  8
DEFPOINTS
 62
     0
370
    25
100
AcDbPoint
 10
10287.86817311049
 20
-2693.795633255773
 30
0.0
  0
ENDBLK
  5
560C
330
560A
100
AcDbEntity
  8
0
370
    25
100
AcDbBlockEnd
  0
BLOCK
  5
57A7
330
57A6
100
AcDbEntity
  8
0
370
    25
100
AcDbBlockBegin
  2
*D105
 70
     1
 10
0.0
 20
0.0
 30
0.0
  3
*D105
  1

  0
LINE
  5
57CA
330
57A6
100
AcDbEntity
  8
0
440
 16777216
370
    -2
100
AcDbLine
 10
-1811.875599140584
 20
-3941.24981427318
 30
0.0
 11
-1828.844557931024
 21
-3959.608856665646
 31
0.0
  0
MTEXT
  5
57CB
330
57A6
100
AcDbEntity
  8
0
440
 16777216
370
    25
100
AcDbMText
 10
-1783.956381692936
 20
-3932.147803135387
 30
0.0
 40
25.0
 41
0.0
 46
0.0
 71
     5
 72
     1
  1
\A1;R162.00
  7
ОФОРМИТЕЛЬ
 73
     1
 44
1.0
  0
SOLID
  5
57CC
330
57A6
100
AcDbEntity
  8
0
440
 16777216
370
    25
100
AcDbTrace
 10
-1814.935439539329
 20
-3938.421654474775
 30
0.0
 11
-1808.81575874184
 21
-3944.077974071587
 31
0.0
 12
-1794.906640350145
 22
-3922.890771880715
 32
0.0
 13
-1794.906640350145
 23
-3922.890771880715
 33
0.0
  0
LINE
  5
57CD
330
57A6
100
AcDbEntity
  8
0
440
 16777216
370
    -2
100
AcDbLine
 10
-1685.037787388097
 20
-3803.924177177535
 30
0.0
 11
-1684.857787388096
 21
-3803.924177177535
 31
0.0
  0
LINE
  5
57CE
330
57A6
100
AcDbEntity
  8
0
440
 16777216
370
    -2
100
AcDbLine
 10
-1684.947787388097
 20
-3804.014177177535
 30
0.0
 11
-1684.947787388097
 21
-3803.834177177535
 31
0.0
  0
POINT
  5
57CF
330
57A6
100
AcDbEntity
  8
DEFPOINTS
 62
     0
440
 16777216
370
    25
100
AcDbPoint
 10
-1794.906640350145
 20
-3922.890771880715
 30
0.0
  0
POINT
  5
57D0
330
57A6
100
AcDbEntity
  8
DEFPOINTS
 62
     0
440
 16777216
370
    25
100
AcDbPoint
 10
-1684.947787388097
 20
-3803.924177177535
 30
0.0
  0
ENDBLK
  5
57A8
330
57A6
100
AcDbEntity
  8
0
370
    25
100
AcDbBlockEnd
  0
BLOCK
  5
57D3
330
57D2
100
AcDbEntity
  8
0
370
    25
100
AcDbBlockBegin
  2
*D106
 70
     1
 10
0.0
 20
0.0
 30
0.0
  3
*D106
  1

  0
LINE
  5
57D5
330
57D2
100
AcDbEntity
  8
0
440
 16777216
370
    -2
100
AcDbLine
 10
-1846.863236740632
 20
-3799.157461133759
 30
0.0
 11
-1846.863236740632
 21
-3791.547123637386
 31
0.0
  0
LINE
  5
57D6
330
57D2
100
AcDbEntity
  8
0
440
 16777216
370
    -2
100
AcDbLine
 10
-1876.947787388097
 20
-3799.157461133759
 30
0.0
 11
-1876.947787388097
 21
-3791.547123637386
 31
0.0
  0
LINE
  5
57D7
330
57D2
100
AcDbEntity
  8
0
440
 16777216
370
    -2
100
AcDbLine
 10
-1821.863236740632
 20
-3801.547123637385
 30
0.0
 11
-1796.863236740632
 21
-3801.547123637385
 31
0.0
  0
LINE
  5
57D8
330
57D2
100
AcDbEntity
  8
0
440
 16777216
370
    -2
100
AcDbLine
 10
-1901.947787388097
 20
-3801.547123637385
 30
0.0
 11
-1926.947787388097
 21
-3801.547123637385
 31
0.0
  0
MTEXT
  5
57D9
330
57D2
100
AcDbEntity
  8
0
440
 16777216
370
    25
100
AcDbMText
 10
-1861.905512064365
 20
-3765.047123637386
 30
0.0
 40
25.0
 41
0.0
 46
0.0
 71
     5
 72
     1
  1
\A1;30.08
  7
ОФОРМИТЕЛЬ
 73
     1
 44
1.0
  0
SOLID
  5
57DA
330
57D2
100
AcDbEntity
  8
0
440
 16777216
370
    25
100
AcDbTrace
 10
-1821.863236740632
 20
-3797.380456970719
 30
0.0
 11
-1821.863236740632
 21
-3805.713790304052
 31
0.0
 12
-1846.863236740632
 22
-3801.547123637385
 32
0.0
 13
-1846.863236740632
 23
-3801.547123637385
 33
0.0
  0
SOLID
  5
57DB
330
57D2
100
AcDbEntity
  8
0
440
 16777216
370
    25
100
AcDbTrace
 10
-1901.947787388097
 20
-3797.380456970719
 30
0.0
 11
-1901.947787388097
 21
-3805.713790304052
 31
0.0
 12
-1876.947787388097
 22
-3801.547123637385
 32
0.0
 13
-1876.947787388097
 23
-3801.547123637385
 33
0.0
  0
POINT
  5
57DC
330
57D2
100
AcDbEntity
  8
DEFPOINTS
 62
     0
440
 16777216
370
    25
100
AcDbPoint
 10
-1846.863236740632
 20
-3809.157461133759
 30
0.0
  0
POINT
  5
57DD
330
57D2
100
AcDbEntity
  8
DEFPOINTS
 62
     0
440
 16777216
370
    25
100
AcDbPoint
 10
-1876.947787388097
 20
-3809.157461133759
 30
0.0
  0
POINT
  5
57DE
330
57D2
100
AcDbEntity
  8
DEFPOINTS
 62
     0
440
 16777216
370
    25
100
AcDbPoint
 10
-1876.947787388097
 20
-3801.547123637385
 30
0.0
  0
ENDBLK
  5
57D4
330
57D2
100
AcDbEntity
  8
0
370
    25
100
AcDbBlockEnd
  0
BLOCK
  5
57EF
330
57EE
100
AcDbEntity
  8
0
370
    25
100
AcDbBlockBegin
  2
*D107
 70
     1
 10
0.0
 20
0.0
 30
0.0
  3
*D107
  1

  0
LINE
  5
57F1
330
57EE
100
AcDbEntity
  8
0
440
 16777216
370
    -2
100
AcDbLine
 10
-656.3564561740495
 20
-5377.523502359059
 30
0.0
 11
-656.3564561740495
 21
-5318.866768468783
 31
0.0
  0
LINE
  5
57F2
330
57EE
100
AcDbEntity
  8
0
440
 16777216
370
    -2
100
AcDbLine
 10
166.649774654574
 20
-5377.523502359057
 30
0.0
 11
166.649774654574
 21
-5318.866768468783
 31
0.0
  0
LINE
  5
57F3
330
57EE
100
AcDbEntity
  8
0
440
 16777216
370
    -2
100
AcDbLine
 10
-631.3564561740495
 20
-5328.866768468781
 30
0.0
 11
-304.1033407597378
 21
-5328.866768468781
 31
0.0
  0
LINE
  5
57F4
330
57EE
100
AcDbEntity
  8
0
440
 16777216
370
    -2
100
AcDbLine
 10
141.649774654574
 20
-5328.866768468781
 30
0.0
 11
-185.6033407597377
 21
-5328.866768468781
 31
0.0
  0
SOLID
  5
57F5
330
57EE
100
AcDbEntity
  8
0
440
 16777216
370
    25
100
AcDbTrace
 10
-631.3564561740495
 20
-5324.700101802116
 30
0.0
 11
-631.3564561740495
 21
-5333.033435135449
 31
0.0
 12
-656.3564561740495
 22
-5328.866768468781
 32
0.0
 13
-656.3564561740495
 23
-5328.866768468781
 33
0.0
  0
SOLID
  5
57F6
330
57EE
100
AcDbEntity
  8
0
440
 16777216
370
    25
100
AcDbTrace
 10
141.649774654574
 20
-5324.700101802116
 30
0.0
 11
141.649774654574
 21
-5333.033435135449
 31
0.0
 12
166.649774654574
 22
-5328.866768468781
 32
0.0
 13
166.649774654574
 23
-5328.866768468781
 33
0.0
  0
MTEXT
  5
57F7
330
57EE
100
AcDbEntity
  8
0
440
 16777216
370
    25
100
AcDbMText
 10
-244.8533407597377
 20
-5328.866768468781
 30
0.0
 40
25.0
 41
0.0
 46
0.0
 71
     5
 72
     1
  1
\A1;823.01
  7
ОФОРМИТЕЛЬ
 73
     1
 44
1.0
  0
POINT
  5
57F8
330
57EE
100
AcDbEntity
  8
DEFPOINTS
 62
     0
440
 16777216
370
    25
100
AcDbPoint
 10
-656.3564561740495
 20
-5387.523502359059
 30
0.0
  0
POINT
  5
57F9
330
57EE
100
AcDbEntity
  8
DEFPOINTS
 62
     0
440
 16777216
370
    25
100
AcDbPoint
 10
166.649774654574
 20
-5387.523502359059
 30
0.0
  0
POINT
  5
57FA
330
57EE
100
AcDbEntity
  8
DEFPOINTS
 62
     0
440
 16777216
370
    25
100
AcDbPoint
 10
166.649774654574
 20
-5328.866768468781
 30
0.0
  0
ENDBLK
  5
57F0
330
57EE
100
AcDbEntity
  8
0
370
    25
100
AcDbBlockEnd
  0
BLOCK
  5
57FD
330
57FC
100
AcDbEntity
  8
0
370
    25
100
AcDbBlockBegin
  2
*D108
 70
     1
 10
0.0
 20
0.0
 30
0.0
  3
*D108
  1

  0
LINE
  5
57FF
330
57FC
100
AcDbEntity
  8
0
440
 16777216
370
    -2
100
AcDbLine
 10
-656.3564561740495
 20
-5377.523502359059
 30
0.0
 11
-656.3564561740495
 21
-5224.711521208555
 31
0.0
  0
LINE
  5
5800
330
57FC
100
AcDbEntity
  8
0
440
 16777216
370
    -2
100
AcDbLine
 10
-686.3564561740495
 20
-5377.523502359057
 30
0.0
 11
-686.3564561740495
 21
-5224.711521208555
 31
0.0
  0
LINE
  5
5801
330
57FC
100
AcDbEntity
  8
0
440
 16777216
370
    -2
100
AcDbLine
 10
-631.3564561740495
 20
-5234.711521208556
 30
0.0
 11
-606.3564561740495
 21
-5234.711521208556
 31
0.0
  0
LINE
  5
5802
330
57FC
100
AcDbEntity
  8
0
440
 16777216
370
    -2
100
AcDbLine
 10
-711.3564561740495
 20
-5234.711521208556
 30
0.0
 11
-736.3564561740495
 21
-5234.711521208556
 31
0.0
  0
MTEXT
  5
5803
330
57FC
100
AcDbEntity
  8
0
440
 16777216
370
    25
100
AcDbMText
 10
-671.3564561740495
 20
-5198.211521208556
 30
0.0
 40
25.0
 41
0.0
 46
0.0
 71
     5
 72
     1
  1
\A1;30.00
  7
ОФОРМИТЕЛЬ
 73
     1
 44
1.0
  0
SOLID
  5
5804
330
57FC
100
AcDbEntity
  8
0
440
 16777216
370
    25
100
AcDbTrace
 10
-631.3564561740495
 20
-5230.544854541888
 30
0.0
 11
-631.3564561740495
 21
-5238.878187875222
 31
0.0
 12
-656.3564561740495
 22
-5234.711521208556
 32
0.0
 13
-656.3564561740495
 23
-5234.711521208556
 33
0.0
  0
SOLID
  5
5805
330
57FC
100
AcDbEntity
  8
0
440
 16777216
370
    25
100
AcDbTrace
 10
-711.3564561740495
 20
-5230.544854541888
 30
0.0
 11
-711.3564561740495
 21
-5238.878187875222
 31
0.0
 12
-686.3564561740495
 22
-5234.711521208556
 32
0.0
 13
-686.3564561740495
 23
-5234.711521208556
 33
0.0
  0
POINT
  5
5806
330
57FC
100
AcDbEntity
  8
DEFPOINTS
 62
     0
440
 16777216
370
    25
100
AcDbPoint
 10
-656.3564561740495
 20
-5387.523502359059
 30
0.0
  0
POINT
  5
5807
330
57FC
100
AcDbEntity
  8
DEFPOINTS
 62
     0
440
 16777216
370
    25
100
AcDbPoint
 10
-686.3564561740495
 20
-5387.523502359059
 30
0.0
  0
POINT
  5
5808
330
57FC
100
AcDbEntity
  8
DEFPOINTS
 62
     0
440
 16777216
370
    25
100
AcDbPoint
 10
-686.3564561740495
 20
-5234.711521208556
 30
0.0
  0
ENDBLK
  5
57FE
330
57FC
100
AcDbEntity
  8
0
370
    25
100
AcDbBlockEnd
  0
BLOCK
  5
580B
330
580A
100
AcDbEntity
  8
0
370
    25
100
AcDbBlockBegin
  2
*D109
 70
     1
 10
0.0
 20
0.0
 30
0.0
  3
*D109
  1

  0
LINE
  5
580D
330
580A
100
AcDbEntity
  8
0
440
 16777216
370
    -2
100
AcDbLine
 10
176.649774654574
 20
-5387.523502359059
 30
0.0
 11
328.3276158216036
 21
-5387.523502359059
 31
0.0
  0
LINE
  5
580E
330
580A
100
AcDbEntity
  8
0
440
 16777216
370
    -2
100
AcDbLine
 10
173.6451053938736
 20
-7961.523502359057
 30
0.0
 11
328.327615821603
 21
-7961.523502359057
 31
0.0
  0
LINE
  5
580F
330
580A
100
AcDbEntity
  8
0
440
 16777216
370
    -2
100
AcDbLine
 10
318.3276158216036
 20
-5412.523502359057
 30
0.0
 11
318.3276158216033
 21
-6659.023502359058
 31
0.0
  0
LINE
  5
5810
330
580A
100
AcDbEntity
  8
0
440
 16777216
370
    -2
100
AcDbLine
 10
318.327615821603
 20
-7936.523502359057
 30
0.0
 11
318.3276158216033
 21
-6690.023502359058
 31
0.0
  0
SOLID
  5
5811
330
580A
100
AcDbEntity
  8
0
440
 16777216
370
    25
100
AcDbTrace
 10
314.1609491549369
 20
-5412.523502359057
 30
0.0
 11
322.4942824882703
 21
-5412.523502359057
 31
0.0
 12
318.3276158216036
 22
-5387.523502359059
 32
0.0
 13
318.3276158216036
 23
-5387.523502359059
 33
0.0
  0
SOLID
  5
5812
330
580A
100
AcDbEntity
  8
0
440
 16777216
370
    25
100
AcDbTrace
 10
314.1609491549363
 20
-7936.523502359057
 30
0.0
 11
322.4942824882697
 21
-7936.523502359057
 31
0.0
 12
318.327615821603
 22
-7961.523502359057
 32
0.0
 13
318.327615821603
 23
-7961.523502359057
 33
0.0
  0
MTEXT
  5
5813
330
580A
100
AcDbEntity
  8
0
440
 16777216
370
    25
100
AcDbMText
 10
318.3276158216044
 20
-6674.523502359058
 30
0.0
 40
25.0
 41
0.0
 46
0.0
 71
     5
 72
     1
  1
\A1;2574.00
  7
ОФОРМИТЕЛЬ
 73
     1
 44
1.0
  0
POINT
  5
5814
330
580A
100
AcDbEntity
  8
DEFPOINTS
 62
     0
440
 16777216
370
    25
100
AcDbPoint
 10
166.649774654574
 20
-5387.523502359059
 30
0.0
  0
POINT
  5
5815
330
580A
100
AcDbEntity
  8
DEFPOINTS
 62
     0
440
 16777216
370
    25
100
AcDbPoint
 10
163.6451053938737
 20
-7961.523502359057
 30
0.0
  0
POINT
  5
5816
330
580A
100
AcDbEntity
  8
DEFPOINTS
 62
     0
440
 16777216
370
    25
100
AcDbPoint
 10
318.327615821603
 20
-7961.523502359057
 30
0.0
  0
ENDBLK
  5
580C
330
580A
100
AcDbEntity
  8
0
370
    25
100
AcDbBlockEnd
  0
BLOCK
  5
5827
330
5826
100
AcDbEntity
  8
0
370
    25
100
AcDbBlockBegin
  2
*D110
 70
     1
 10
0.0
 20
0.0
 30
0.0
  3
*D110
  1

  0
LINE
  5
5829
330
5826
100
AcDbEntity
  8
0
440
 16777216
370
    -2
100
AcDbLine
 10
1021.386550599447
 20
-5395.488412745248
 30
0.0
 11
1021.386550599447
 21
-5321.208105268251
 31
0.0
  0
LINE
  5
582A
330
5826
100
AcDbEntity
  8
0
440
 16777216
370
    -2
100
AcDbLine
 10
1416.381678499497
 20
-5395.488412745248
 30
0.0
 11
1416.381678499497
 21
-5321.208105268251
 31
0.0
  0
LINE
  5
582B
330
5826
100
AcDbEntity
  8
0
440
 16777216
370
    -2
100
AcDbLine
 10
1046.386550599447
 20
-5331.208105268252
 30
0.0
 11
1157.550781216139
 21
-5331.208105268252
 31
0.0
  0
LINE
  5
582C
330
5826
100
AcDbEntity
  8
0
440
 16777216
370
    -2
100
AcDbLine
 10
1391.381678499498
 20
-5331.208105268252
 30
0.0
 11
1280.217447882806
 21
-5331.208105268252
 31
0.0
  0
SOLID
  5
582D
330
5826
100
AcDbEntity
  8
0
440
 16777216
370
    25
100
AcDbTrace
 10
1046.386550599447
 20
-5327.041438601583
 30
0.0
 11
1046.386550599447
 21
-5335.374771934919
 31
0.0
 12
1021.386550599447
 22
-5331.208105268252
 32
0.0
 13
1021.386550599447
 23
-5331.208105268252
 33
0.0
  0
SOLID
  5
582E
330
5826
100
AcDbEntity
  8
0
440
 16777216
370
    25
100
AcDbTrace
 10
1391.381678499498
 20
-5327.041438601583
 30
0.0
 11
1391.381678499498
 21
-5335.374771934919
 31
0.0
 12
1416.381678499497
 22
-5331.208105268252
 32
0.0
 13
1416.381678499497
 23
-5331.208105268252
 33
0.0
  0
MTEXT
  5
582F
330
5826
100
AcDbEntity
  8
0
440
 16777216
370
    25
100
AcDbMText
 10
1218.884114549472
 20
-5331.208105268252
 30
0.0
 40
25.0
 41
0.0
 46
0.0
 71
     5
 72
     1
  1
\A1;395.00
  7
ОФОРМИТЕЛЬ
 73
     1
 44
1.0
  0
POINT
  5
5830
330
5826
100
AcDbEntity
  8
DEFPOINTS
 62
     0
440
 16777216
370
    25
100
AcDbPoint
 10
1021.386550599447
 20
-5405.488412745246
 30
0.0
  0
POINT
  5
5831
330
5826
100
AcDbEntity
  8
DEFPOINTS
 62
     0
440
 16777216
370
    25
100
AcDbPoint
 10
1416.381678499497
 20
-5405.488412745246
 30
0.0
  0
POINT
  5
5832
330
5826
100
AcDbEntity
  8
DEFPOINTS
 62
     0
440
 16777216
370
    25
100
AcDbPoint
 10
1416.381678499497
 20
-5331.208105268252
 30
0.0
  0
ENDBLK
  5
5828
330
5826
100
AcDbEntity
  8
0
370
    25
100
AcDbBlockEnd
  0
BLOCK
  5
5835
330
5834
100
AcDbEntity
  8
0
370
    25
100
AcDbBlockBegin
  2
*D111
 70
     1
 10
0.0
 20
0.0
 30
0.0
  3
*D111
  1

  0
LINE
  5
5837
330
5834
100
AcDbEntity
  8
0
440
 16777216
370
    -2
100
AcDbLine
 10
1021.386550599447
 20
-7469.488412745246
 30
0.0
 11
1021.386550599447
 21
-7540.300171053735
 31
0.0
  0
LINE
  5
5838
330
5834
100
AcDbEntity
  8
0
440
 16777216
370
    -2
100
AcDbLine
 10
1421.391434597058
 20
-7469.488412745246
 30
0.0
 11
1421.391434597058
 21
-7540.300171053735
 31
0.0
  0
LINE
  5
5839
330
5834
100
AcDbEntity
  8
0
440
 16777216
370
    -2
100
AcDbLine
 10
1046.386550599447
 20
-7530.300171053737
 30
0.0
 11
1164.222325931586
 21
-7530.300171053737
 31
0.0
  0
LINE
  5
583A
330
5834
100
AcDbEntity
  8
0
440
 16777216
370
    -2
100
AcDbLine
 10
1396.391434597058
 20
-7530.300171053737
 30
0.0
 11
1278.55565926492
 21
-7530.300171053737
 31
0.0
  0
SOLID
  5
583B
330
5834
100
AcDbEntity
  8
0
440
 16777216
370
    25
100
AcDbTrace
 10
1046.386550599447
 20
-7526.133504387067
 30
0.0
 11
1046.386550599447
 21
-7534.466837720403
 31
0.0
 12
1021.386550599447
 22
-7530.300171053737
 32
0.0
 13
1021.386550599447
 23
-7530.300171053737
 33
0.0
  0
SOLID
  5
583C
330
5834
100
AcDbEntity
  8
0
440
 16777216
370
    25
100
AcDbTrace
 10
1396.391434597058
 20
-7526.133504387067
 30
0.0
 11
1396.391434597058
 21
-7534.466837720403
 31
0.0
 12
1421.391434597058
 22
-7530.300171053737
 32
0.0
 13
1421.391434597058
 23
-7530.300171053737
 33
0.0
  0
MTEXT
  5
583D
330
5834
100
AcDbEntity
  8
0
440
 16777216
370
    25
100
AcDbMText
 10
1221.388992598253
 20
-7530.300171053737
 30
0.0
 40
25.0
 41
0.0
 46
0.0
 71
     5
 72
     1
  1
\A1;400.00
  7
ОФОРМИТЕЛЬ
 73
     1
 44
1.0
  0
POINT
  5
583E
330
5834
100
AcDbEntity
  8
DEFPOINTS
 62
     0
440
 16777216
370
    25
100
AcDbPoint
 10
1021.386550599447
 20
-7459.488412745248
 30
0.0
  0
POINT
  5
583F
330
5834
100
AcDbEntity
  8
DEFPOINTS
 62
     0
440
 16777216
370
    25
100
AcDbPoint
 10
1421.391434597058
 20
-7459.488412745248
 30
0.0
  0
POINT
  5
5840
330
5834
100
AcDbEntity
  8
DEFPOINTS
 62
     0
440
 16777216
370
    25
100
AcDbPoint
 10
1421.391434597058
 20
-7530.300171053737
 30
0.0
  0
ENDBLK
  5
5836
330
5834
100
AcDbEntity
  8
0
370
    25
100
AcDbBlockEnd
  0
BLOCK
  5
5843
330
5842
100
AcDbEntity
  8
0
370
    25
100
AcDbBlockBegin
  2
*D112
 70
     1
 10
0.0
 20
0.0
 30
0.0
  3
*D112
  1

  0
LINE
  5
5845
330
5842
100
AcDbEntity
  8
0
440
 16777216
370
    -2
100
AcDbLine
 10
1021.386550599447
 20
-7469.488412745246
 30
0.0
 11
1021.386550599447
 21
-7618.010439181961
 31
0.0
  0
LINE
  5
5846
330
5842
100
AcDbEntity
  8
0
440
 16777216
370
    -2
100
AcDbLine
 10
1451.391434597059
 20
-7469.488412745246
 30
0.0
 11
1451.391434597059
 21
-7618.010439181961
 31
0.0
  0
LINE
  5
5847
330
5842
100
AcDbEntity
  8
0
440
 16777216
370
    -2
100
AcDbLine
 10
1046.386550599447
 20
-7608.010439181963
 30
0.0
 11
1177.138992598253
 21
-7608.010439181963
 31
0.0
  0
LINE
  5
5848
330
5842
100
AcDbEntity
  8
0
440
 16777216
370
    -2
100
AcDbLine
 10
1426.391434597058
 20
-7608.010439181963
 30
0.0
 11
1295.638992598253
 21
-7608.010439181963
 31
0.0
  0
SOLID
  5
5849
330
5842
100
AcDbEntity
  8
0
440
 16777216
370
    25
100
AcDbTrace
 10
1046.386550599447
 20
-7603.843772515296
 30
0.0
 11
1046.386550599447
 21
-7612.177105848629
 31
0.0
 12
1021.386550599447
 22
-7608.010439181963
 32
0.0
 13
1021.386550599447
 23
-7608.010439181963
 33
0.0
  0
SOLID
  5
584A
330
5842
100
AcDbEntity
  8
0
440
 16777216
370
    25
100
AcDbTrace
 10
1426.391434597058
 20
-7603.843772515296
 30
0.0
 11
1426.391434597058
 21
-7612.177105848629
 31
0.0
 12
1451.391434597059
 22
-7608.010439181963
 32
0.0
 13
1451.391434597059
 23
-7608.010439181963
 33
0.0
  0
MTEXT
  5
584B
330
5842
100
AcDbEntity
  8
0
440
 16777216
370
    25
100
AcDbMText
 10
1236.388992598253
 20
-7608.010439181963
 30
0.0
 40
25.0
 41
0.0
 46
0.0
 71
     5
 72
     1
  1
\A1;430.00
  7
ОФОРМИТЕЛЬ
 73
     1
 44
1.0
  0
POINT
  5
584C
330
5842
100
AcDbEntity
  8
DEFPOINTS
 62
     0
440
 16777216
370
    25
100
AcDbPoint
 10
1021.386550599447
 20
-7459.488412745248
 30
0.0
  0
POINT
  5
584D
330
5842
100
AcDbEntity
  8
DEFPOINTS
 62
     0
440
 16777216
370
    25
100
AcDbPoint
 10
1451.391434597059
 20
-7459.488412745248
 30
0.0
  0
POINT
  5
584E
330
5842
100
AcDbEntity
  8
DEFPOINTS
 62
     0
440
 16777216
370
    25
100
AcDbPoint
 10
1451.391434597059
 20
-7608.010439181963
 30
0.0
  0
ENDBLK
  5
5844
330
5842
100
AcDbEntity
  8
0
370
    25
100
AcDbBlockEnd
  0
ENDSEC
  0
SECTION
  2
ENTITIES
  0
DIMENSION
  5
4BCB
330
B4E
100
AcDbEntity
  8
0
370
    25
100
AcDbDimension
280
     0
  2
*D8
 10
-1560.056203402608
 20
-3040.550995051956
 30
0.0
 11
-1720.056203402608
 21
-3040.550995051956
 31
0.0
 70
    32
 71
     5
 42
320.0
 73
     0
 74
     0
 75
     0
  3
ОФОРМИТЕЛЬ
100
AcDbAlignedDimension
 13
-1880.056203402608
 23
-3280.427591977563
 33
0.0
 14
-1560.056203402608
 24
-3280.427591977563
 34
0.0
100
AcDbRotatedDimension
  0
DIMENSION
  5
4BD9
330
B4E
100
AcDbEntity
  8
0
370
    25
100
AcDbDimension
280
     0
  2
*D9
 10
-1993.668009024653
 20
-3440.427591977561
 30
0.0
 11
-1993.668009024652
 21
-3280.427591977563
 31
0.0
 70
    32
 71
     5
 42
320.0
 73
     0
 74
     0
 75
     0
  3
ОФОРМИТЕЛЬ
100
AcDbAlignedDimension
 13
-1720.056203402608
 23
-3120.427591977561
 33
0.0
 14
-1720.056203402608
 24
-3440.427591977561
 34
0.0
 50
90.0
100
AcDbRotatedDimension
  0
DIMENSION
  5
4BE7
330
B4E
100
AcDbEntity
  8
0
370
    25
100
AcDbDimension
280
     0
  2
*D10
 10
-1720.056203402607
 20
-3280.427591977563
 30
0.0
 11
-1682.977086859231
 21
-3483.712287014503
 31
0.0
 70
   164
 71
     5
 42
160.0
 73
     0
 74
     0
 75
     0
  3
ОФОРМИТЕЛЬ
100
AcDbRadialDimension
 15
-1694.084031924019
 25
-3438.305539483496
 35
0.0
 40
0.0
1001
ACAD
1000
DSTYLE
1002
{
1070
   288
1070
     1
1002
}
1001
ACAD_DSTYLE_DIMRADIAL_EXTENSION
1070
   387
1070
     1
1070
   388
1040
4.712388980384688
1070
   390
1040
0.0
  0
MTEXT
  5
4BF2
330
B4E
100
AcDbEntity
  8
0
370
    25
100
AcDbMText
 10
-1793.271314014215
 20
-3217.642574712685
 30
0.0
 40
25.0
 41
0.0
 46
0.0
 71
     1
 72
     5
  1
{\fArial|b0|i0|c204|p34;№3}
  7
ОФОРМИТЕЛЬ
 73
     1
 44
1.0
1001
ACAD
1000
MTEXTBEGIN
1070
    73
1070
     1
1070
    44
1040
1.0
1070
    74
1070
     0
1000
MTEXTEND
  0
LWPOLYLINE
  5
4C69
102
{ACAD_REACTORS
330
4C6C
330
4C6F
330
4C72
102
}
330
B4E
100
AcDbEntity
  8
0
100
AcDbPolyline
 90
        5
 70
     0
 43
0.0
 10
-605.2807165780696
 20
-4456.794330319761
 10
205.7192834219304
 20
-4456.794330319761
 10
208.7192834219304
 20
-1886.794330319761
 10
-610.28071657807
 20
-1886.794330319762
 10
-605.28071657807
 20
-4456.794330319761
  0
DIMENSION
  5
4C6A
102
{ACAD_XDICTIONARY
360
4C6B
102
}
102
{ACAD_REACTORS
330
4C6C
102
}
330
B4E
100
AcDbEntity
  8
размерный
100
AcDbDimension
280
     0
  2
*D13
 10
208.7181674338072
 20
-1653.553797788394
 30
0.0
 11
-200.7812745721314
 21
-1640.428797788394
 31
0.0
 70
    32
 71
     5
 42
818.9988840118772
 73
     0
 74
     0
 75
     0
  3
ISO-25
100
AcDbAlignedDimension
 13
-610.28071657807
 23
-1886.794330319762
 33
0.0
 14
208.7181674338071
 24
-1887.750360145457
 34
0.0
100
AcDbRotatedDimension
  0
DIMENSION
  5
4C6D
102
{ACAD_XDICTIONARY
360
4C6E
102
}
102
{ACAD_REACTORS
330
4C6F
102
}
330
B4E
100
AcDbEntity
  8
размерный
100
AcDbDimension
280
     0
  2
*D14
 10
205.7181783347896
 20
-4773.18368582875
 30
0.0
 11
-199.7812691216402
 21
-4760.05868582875
 31
0.0
 70
    32
 71
     5
 42
810.9988949128597
 73
     0
 74
     0
 75
     0
  3
ISO-25
100
AcDbAlignedDimension
 13
-605.28071657807
 23
-4456.794330319761
 33
0.0
 14
205.7181783347896
 24
-4457.741021636778
 34
0.0
100
AcDbRotatedDimension
  0
DIMENSION
  5
4C70
102
{ACAD_XDICTIONARY
360
4C71
102
}
102
{ACAD_REACTORS
330
4C72
102
}
330
B4E
100
AcDbEntity
  8
размерный
100
AcDbDimension
280
     0
  2
*D15
 10
-912.2678035651324
 20
-4456.794330319763
 30
0.0
 11
-925.3928035651334
 21
-3171.794330319762
 31
0.0
 70
    32
 71
     5
 42
2569.999999999999
 73
     0
 74
     0
 75
     0
  3
ISO-25
100
AcDbAlignedDimension
 13
-610.28071657807
 23
-1886.794330319762
 33
0.0
 14
0.0
 24
-4456.794330319761
 34
0.0
 50
90.0
100
AcDbRotatedDimension
  0
LWPOLYLINE
  5
4C73
102
{ACAD_REACTORS
330
4C7E
102
}
330
B4E
100
AcDbEntity
  8
0
100
AcDbPolyline
 90
        2
 70
     0
 43
0.0
 10
1124.959681261846
 20
-4457.741021636778
 10
1520.959681261846
 20
-4457.741021636778
  0
LWPOLYLINE
  5
4C74
102
{ACAD_REACTORS
330
4C77
330
4C7A
330
4C7E
102
}
330
B4E
100
AcDbEntity
  8
0
100
AcDbPolyline
 90
        4
 70
     0
 43
0.0
 10
1124.959681261846
 20
-4457.741021636778
 10
1124.959681261846
 20
-2407.741021636779
 10
1515.959681261846
 20
-2407.741021636779
 10
1520.959681261846
 20
-4457.741021636778
  0
DIMENSION
  5
4C75
102
{ACAD_XDICTIONARY
360
4C76
102
}
102
{ACAD_REACTORS
330
4C77
102
}
330
B4E
100
AcDbEntity
  8
размерный
100
AcDbDimension
280
     0
  2
*D16
 10
1515.957355279252
 20
-2281.303087654422
 30
0.0
 11
1320.458518270549
 21
-2268.178087654422
 31
0.0
 70
    32
 71
     5
 42
390.9976740174061
 73
     0
 74
     0
 75
     0
  3
ISO-25
100
AcDbAlignedDimension
 13
1124.959681261846
 23
-2407.741021636779
 33
0.0
 14
1515.957355279252
 24
-2406.787368773322
 34
0.0
100
AcDbRotatedDimension
  0
DIMENSION
  5
4C78
102
{ACAD_XDICTIONARY
360
4C79
102
}
102
{ACAD_REACTORS
330
4C7A
102
}
330
B4E
100
AcDbEntity
  8
размерный
100
AcDbDimension
280
     0
  2
*D17
 10
1520.959681261846
 20
-4773.18368582875
 30
0.0
 11
1322.959681261846
 21
-4760.05868582875
 31
0.0
 70
    32
 71
     5
 42
396.0
 73
     0
 74
     0
 75
     0
  3
ISO-25
100
AcDbAlignedDimension
 13
1124.959681261846
 23
-4457.741021636778
 33
0.0
 14
1520.959681261846
 24
-4457.741021636778
 34
0.0
100
AcDbRotatedDimension
  0
DIMENSION
  5
4C7B
330
B4E
100
AcDbEntity
  8
размерный
100
AcDbDimension
280
     0
  2
*D12
 10
896.0608475961437
 20
-4457.74102163678
 30
0.0
 11
882.9358475961425
 21
-3432.74102163678
 31
0.0
 70
    32
 71
     5
 42
2050.0
 73
     0
 74
     0
 75
     0
  3
ISO-25
100
AcDbAlignedDimension
 13
1124.959681261846
 23
-2407.741021636779
 33
0.0
 14
1124.959681261846
 24
-4457.741021636778
 34
0.0
 50
90.0
100
AcDbRotatedDimension
  0
DIMENSION
  5
4C7C
102
{ACAD_XDICTIONARY
360
4C7D
102
}
102
{ACAD_REACTORS
330
4C7E
102
}
330
B4E
100
AcDbEntity
  8
размерный
100
AcDbDimension
280
     0
  2
*D18
 10
1124.959681261846
 20
-2407.741021636779
 30
0.0
 11
1239.943295315264
 21
-4342.757407583361
 31
0.0
 70
    34
 71
     5
 42
1.570796326794893
 73
     0
 74
     0
 75
     0
  3
ISO-25
100
AcDb2LineAngularDimension
 13
1124.959681261846
 23
-4457.741021636778
 33
0.0
 14
1520.959681261846
 24
-4457.741021636778
 34
0.0
 15
1124.959681261846
 25
-4457.741021636778
 35
0.0
 16
1254.418689443169
 26
-4382.99782841427
 36
0.0
  0
MTEXT
  5
4CEC
330
B4E
100
AcDbEntity
  8
0
370
    25
100
AcDbMText
 10
-241.5997104194103
 20
-2182.988507309904
 30
0.0
 40
100.0
 41
0.0
 46
0.0
 71
     1
 72
     5
  1
{\fArial|b0|i0|c204|p34;№5}
  7
ОФОРМИТЕЛЬ
 73
     1
 44
1.0
1001
ACAD
1000
MTEXTBEGIN
1070
    73
1070
     1
1070
    44
1040
1.0
1070
    74
1070
     0
1000
MTEXTEND
  0
MTEXT
  5
4CF4
330
B4E
100
AcDbEntity
  8
0
370
    25
100
AcDbMText
 10
1231.784194702646
 20
-2684.46711697653
 30
0.0
 40
100.0
 41
0.0
 46
0.0
 71
     1
 72
     5
  1
{\fArial|b0|i0|c204|p34;№6}
  7
ОФОРМИТЕЛЬ
 73
     1
 44
1.0
1001
ACAD
1000
MTEXTBEGIN
1070
    73
1070
     1
1070
    44
1040
1.0
1070
    74
1070
     0
1000
MTEXTEND
  0
CIRCLE
  5
5760
330
B4E
100
AcDbEntity
  8
0
370
    25
100
AcDbCircle
 10
-1720.056203402607
 20
-3280.427591977563
 30
0.0
 40
160.0
  0
VIEWPORT
  5
201
330
B4A
100
AcDbEntity
 67
     1
  8
0
348
1B95
100
AcDbViewport
 10
5.25
 20
4.0
 30
0.0
 40
11.638
 41
8.993
 68
     1
 69
     2
 12
5.25
 22
4.0
 13
0.0
 23
0.0
 14
0.5
 24
0.5
 15
0.0
 25
0.0
 16
0.0
 26
0.0
 36
1.0
 17
0.0
 27
0.0
 37
0.0
 42
50.0
 43
0.0
 44
0.0
 45
8.993
 50
0.0
 51
0.0
 72
  1000
 90
    32800
  1

281
     0
 71
     0
 74
     0
110
0.0
120
0.0
130
0.0
111
0.0
121
0.0
131
0.0
112
0.0
122
0.0
132
0.0
 79
     0
146
0.0
170
     0
 61
     5
292
     1
282
     1
141
0.0
142
0.0
 63
   250
421
  3355443
  0
VIEWPORT
  5
204
330
B4A
100
AcDbEntity
 67
     1
  8
0
348
1B95
100
AcDbViewport
 10
5.249999803149606
 20
3.999999803149606
 30
0.0
 40
8.39999968503937
 41
6.39999968503937
 68
     3
 69
     3
 12
6.0
 22
4.5
 13
0.0
 23
0.0
 14
0.5
 24
0.5
 15
0.0
 25
0.0
 16
0.0
 26
0.0
 36
1.0
 17
0.0
 27
0.0
 37
0.0
 42
50.0
 43
0.0
 44
0.0
 45
9.325714176442225
 50
0.0
 51
0.0
 72
  1000
 90
    32864
  1

281
     0
 71
     0
 74
     0
110
0.0
120
0.0
130
0.0
111
0.0
121
0.0
131
0.0
112
0.0
122
0.0
132
0.0
 79
     0
146
0.0
170
     0
 61
     5
292
     1
282
     1
141
0.0
142
0.0
 63
   250
421
  3355443
  0
VIEWPORT
  5
5797
330
B4A
100
AcDbEntity
 67
     1
  8
0
370
    25
348
1B95
100
AcDbViewport
 10
5.25
 20
4.0
 30
0.0
 40
11.0
 41
8.5
 68
     2
 69
     1
 12
5.25
 22
4.0
 13
0.0
 23
0.0
 14
0.0
 24
0.0
 15
0.0
 25
0.0
 16
0.0
 26
0.0
 36
1.0
 17
0.0
 27
0.0
 37
0.0
 42
50.0
 43
0.0
 44
0.0
 45
8.5
 50
0.0
 51
0.0
 72
   100
 90
    32800
  1

281
     0
 71
     1
 74
     1
110
0.0
120
0.0
130
0.0
111
1.0
121
0.0
131
0.0
112
0.0
122
1.0
132
0.0
 79
     0
146
0.0
170
     0
 61
     5
292
     1
282
     1
141
0.0
142
0.0
 63
   250
421
  3355443
  0
ENDSEC
  0
SECTION
  2
OBJECTS
  0
DICTIONARY
  5
B33
330
0
100
AcDbDictionary
281
     1
  3
ACAD_CIP_PREVIOUS_PRODUCT_INFO
350
1BAF
  3
ACAD_COLOR
350
B45
  3
ACAD_DATALINK
350
4B8C
  3
ACAD_DETAILVIEWSTYLE
350
1BAA
  3
ACAD_GROUP
350
B34
  3
ACAD_LAYOUT
350
B40
  3
ACAD_MATERIAL
350
B41
  3
ACAD_MLEADERSTYLE
350
B48
  3
ACAD_MLINESTYLE
350
B3D
  3
ACAD_PLOTSETTINGS
350
B3F
  3
ACAD_PLOTSTYLENAME
350
B35
  3
ACAD_RENDER_ACTIVE_RAPIDRT_SETTINGS
350
3BC1
  3
ACAD_RENDER_ACTIVE_SETTINGS
350
5702
  3
ACAD_SCALELIST
350
BC4
  3
ACAD_SECTIONVIEWSTYLE
350
1BA8
  3
ACAD_TABLESTYLE
350
B46
  3
ACAD_VISUALSTYLE
350
1B8F
  3
ACDB_RECOMPOSE_DATA
350
58FE
  3
AcDbVariableDictionary
350
1B89
  0
DICTIONARY
  5
BE7
330
B29
100
AcDbDictionary
280
     1
281
     1
  3
ACAD_LAYERFILTERS
360
BE9
  3
ACAD_LAYERSTATES
360
3C27
  3
ACLYDICTIONARY
360
BE8
  0
DICTIONARY
  5
1F24
330
B37
100
AcDbDictionary
280
     1
281
     1
  3
ADSK_XREC_LAYER_RECONCILED
360
1F25
  0
DICTIONARY
  5
1F26
330
B52
100
AcDbDictionary
280
     1
281
     1
  3
ADSK_XREC_LAYER_RECONCILED
360
1F27
  0
DICTIONARY
  5
1F28
330
B56
100
AcDbDictionary
280
     1
281
     1
  3
ADSK_XREC_LAYER_RECONCILED
360
1F29
  0
DICTIONARY
  5
156B
330
B4E
100
AcDbDictionary
280
     1
281
     1
  3
ACAD_SORTENTS
360
156C
  0
DICTIONARY
  5
2341
330
233F
100
AcDbDictionary
280
     1
281
     1
  3
ACAD_SORTENTS
360
2342
  0
DICTIONARY
  5
4C6B
330
4C6A
100
AcDbDictionary
280
     1
281
     1
  3
ACAD_DIMASSOC
360
4C6C
  0
DICTIONARY
  5
4C6E
330
4C6D
100
AcDbDictionary
280
     1
281
     1
  3
ACAD_DIMASSOC
360
4C6F
  0
DICTIONARY
  5
4C71
330
4C70
100
AcDbDictionary
280
     1
281
     1
  3
ACAD_DIMASSOC
360
4C72
  0
DICTIONARY
  5
4C76
330
4C75
100
AcDbDictionary
280
     1
281
     1
  3
ACAD_DIMASSOC
360
4C77
  0
DICTIONARY
  5
4C79
330
4C78
100
AcDbDictionary
280
     1
281
     1
  3
ACAD_DIMASSOC
360
4C7A
  0
DICTIONARY
  5
4C7D
330
4C7C
100
AcDbDictionary
280
     1
281
     1
  3
ACAD_DIMASSOC
360
4C7E
  0
XRECORD
  5
1BAF
102
{ACAD_REACTORS
330
B33
102
}
330
B33
100
AcDbXrecord
280
     1
300
ACDMAC
300
2024
300

  0
DICTIONARY
  5
B45
102
{ACAD_REACTORS
330
B33
102
}
330
B33
100
AcDbDictionary
281
     1
  0
DICTIONARY
  5
4B8C
102
{ACAD_REACTORS
330
B33
102
}
330
B33
100
AcDbDictionary
280
     1
281
     1
  0
DICTIONARY
  5
1BAA
102
{ACAD_REACTORS
330
B33
102
}
330
B33
100
AcDbDictionary
281
     1
  3
Imperial24
350
1BAB
  3
Metric50
350
3C29
  0
DICTIONARY
  5
B34
102
{ACAD_REACTORS
330
B33
102
}
330
B33
100
AcDbDictionary
281
     1
  0
DICTIONARY
  5
B40
102
{ACAD_REACTORS
330
B33
102
}
330
B33
100
AcDbDictionary
281
     1
  3
Model
350
B51
  3
Лист1
350
B4D
  0
DICTIONARY
  5
B41
102
{ACAD_REACTORS
330
B33
102
}
330
B33
100
AcDbDictionary
281
     1
  3
ByBlock
350
B43
  3
ByLayer
350
B42
  3
Global
350
B44
  0
DICTIONARY
  5
B48
102
{ACAD_REACTORS
330
B33
102
}
330
B33
100
AcDbDictionary
281
     1
  3
Standard
350
B49
  3
Оформитель
350
1704
  0
DICTIONARY
  5
B3D
102
{ACAD_REACTORS
330
B33
102
}
330
B33
100
AcDbDictionary
281
     1
  3
Standard
350
B3E
  0
DICTIONARY
  5
B3F
102
{ACAD_REACTORS
330
B33
102
}
330
B33
100
AcDbDictionary
281
     1
  0
ACDBDICTIONARYWDFLT
  5
B35
102
{ACAD_REACTORS
330
B33
102
}
330
B33
100
AcDbDictionary
281
     1
  3
Normal
350
B36
100
AcDbDictionaryWithDefault
340
B36
  0
RAPIDRTRENDERSETTINGS
  5
3BC1
102
{ACAD_REACTORS
330
B33
102
}
330
B33
100
AcDbRenderSettings
 90
        2
  1
Среднее
290
     1
290
     0
290
     1
290
     1
  1

  1
Применяется 5 уровней визуализации
 90
        0
100
AcDbRapidRTRenderSettings
 90
        3
 70
     0
 90
        5
 90
        1
 70
     1
 70
     2
 40
3.0
 40
3.0
290
     1
1001
ACAD
1000
AcRTDxfName
1000
RAPIDRTRENDERSETTINGS
1000
AcRTDxfName
1000
RAPIDRTRENDERSETTINGS
  0
MENTALRAYRENDERSETTINGS
  5
5702
102
{ACAD_XDICTIONARY
360
5703
102
}
102
{ACAD_REACTORS
330
B33
102
}
330
B33
100
AcDbRenderSettings
 90
        2
  1
Medium
290
     1
290
     1
290
     1
290
     1
  1

  1

 90
        0
100
AcDbMentalRayRenderSettings
 90
        2
 90
        0
 90
        1
 70
     2
 40
3.0
 40
3.0
 40
0.0500000007450581
 40
0.0500000007450581
 40
0.0500000007450581
 40
0.0500000007450581
 70
     0
290
     0
290
     1
 90
        5
 90
        5
 90
        5
290
     0
 90
      500
290
     0
 40
1.0
 90
    10000
 90
        5
 90
        5
 90
        5
290
     0
 90
      200
290
     0
290
     0
290
     0
 40
1.0
 40
1.0
 40
1500.0
 70
     0
 70
     0
 40
10.0
 70
     0
 70
     0
290
     0
  1

 90
       32
 70
     0
 90
     1048
290
     0
 40
1.0
  0
DICTIONARY
  5
BC4
102
{ACAD_REACTORS
330
B33
102
}
330
B33
100
AcDbDictionary
281
     1
  3
A0
350
BC5
  3
A1
350
BC6
  3
A2
350
BC7
  3
A3
350
BC8
  3
A4
350
BC9
  3
A5
350
BCA
  3
A6
350
BCB
  3
A7
350
BCC
  3
A8
350
BCD
  3
A9
350
BCE
  3
B0
350
BCF
  3
B1
350
BD0
  3
B2
350
BD1
  3
B3
350
BD2
  3
B4
350
BD3
  3
B5
350
BD4
  3
B6
350
BD5
  3
B7
350
BD6
  3
B8
350
BD7
  3
B9
350
BD8
  3
C0
350
BD9
  3
C1
350
BDA
  3
C2
350
BDB
  3
C3
350
BDC
  3
C4
350
BDD
  3
C5
350
BDE
  3
C6
350
BDF
  3
C7
350
BE0
  3
C8
350
BE1
  3
C9
350
BE2
  3
D0
350
BE3
  3
D1
350
BE4
  3
D2
350
BE5
  0
DICTIONARY
  5
1BA8
102
{ACAD_REACTORS
330
B33
102
}
330
B33
100
AcDbDictionary
281
     1
  3
Imperial24
350
1BA9
  3
Metric50
350
3C28
  0
DICTIONARY
  5
B46
102
{ACAD_REACTORS
330
B33
102
}
330
B33
100
AcDbDictionary
281
     1
  3
Standard
350
B47
  0
DICTIONARY
  5
1B8F
102
{ACAD_REACTORS
330
B33
102
}
330
B33
100
AcDbDictionary
281
     1
  3
2dWireframe
350
1B95
  3
Basic
350
1B94
  3
Brighten
350
1B9B
  3
ColorChange
350
1B9F
  3
Conceptual
350
1B98
  3
Dim
350
1B9A
  3
EdgeColorOff
350
1BA7
  3
Facepattern
350
1B9E
  3
Flat
350
1B90
  3
FlatWithEdges
350
1B91
  3
Gouraud
350
1B92
  3
GouraudWithEdges
350
1B93
  3
Hidden
350
1B97
  3
JitterOff
350
1BA5
  3
Linepattern
350
1B9D
  3
OverhangOff
350
1BA6
  3
Realistic
350
1B99
  3
Shaded
350
1BA4
  3
Shaded with edges
350
1BA3
  3
Shades of Gray
350
1BA0
  3
Sketchy
350
1BA1
  3
Thicken
350
1B9C
  3
Wireframe
350
1B96
  3
X-Ray
350
1BA2
  0
XRECORD
  5
58FE
102
{ACAD_REACTORS
330
B33
102
}
330
B33
100
AcDbXrecord
280
     1
 90
        1
330
B47
  0
DICTIONARY
  5
1B89
102
{ACAD_REACTORS
330
B33
102
}
330
B33
100
AcDbDictionary
281
     1
  3
ANNOALLVISIBLE
350
379B
  3
CANNOSCALE
350
5761
  3
CMLEADERSTYLE
350
1B8B
  3
CTABLESTYLE
350
1B8A
  3
CVIEWDETAILSTYLE
350
1F2A
  3
CVIEWSECTIONSTYLE
350
1F2B
  3
DIMASSOC
350
1B8C
  3
HIDETEXT
350
4B92
  3
HPCOLOR
350
2D5D
  3
HPTRANSPARENCY
350
2D5C
  3
INDEXCTL
350
1F2E
  3
LAYEREVAL
350
20DA
  3
LAYERNOTIFY
350
20DB
  3
LIGHTINGUNITS
350
20D9
  3
MSLTSCALE
350
20D8
  3
PROJECTNAME
350
1B8D
  3
SORTENTS
350
1F2D
  0
DICTIONARY
  5
BE9
102
{ACAD_REACTORS
330
BE7
102
}
330
BE7
100
AcDbDictionary
281
     1
  0
DICTIONARY
  5
3C27
102
{ACAD_REACTORS
330
BE7
102
}
330
BE7
100
AcDbDictionary
281
     1
  0
DICTIONARY
  5
BE8
102
{ACAD_REACTORS
330
BE7
102
}
330
BE7
100
AcDbDictionary
281
     1
1001
ACAD
1000
<All
  0
XRECORD
  5
1F25
102
{ACAD_REACTORS
330
1F24
102
}
330
1F24
100
AcDbXrecord
280
     1
290
     1
  0
XRECORD
  5
1F27
102
{ACAD_REACTORS
330
1F26
102
}
330
1F26
100
AcDbXrecord
280
     1
290
     1
  0
XRECORD
  5
1F29
102
{ACAD_REACTORS
330
1F28
102
}
330
1F28
100
AcDbXrecord
280
     1
290
     1
  0
SORTENTSTABLE
  5
156C
102
{ACAD_REACTORS
330
156B
102
}
330
156B
100
AcDbSortentsTable
330
B4E
  0
SORTENTSTABLE
  5
2342
102
{ACAD_REACTORS
330
2341
102
}
330
2341
100
AcDbSortentsTable
330
233F
  0
DIMASSOC
  5
4C6C
102
{ACAD_REACTORS
330
4C6B
102
}
330
4C6B
100
AcDbDimAssoc
330
4C6A
 90
        3
 70
     0
 71
     0
  1
AcDbOsnapPointRef
 72
     1
331
4C69
 73
     2
 91
        3
 40
1.0
 10
0.0
 20
0.0
 30
2.000000000000000E+50
 75
     0
  1
AcDbOsnapPointRef
 72
     8
331
4C69
 73
     2
 91
        2
 40
0.9996280039588732
 10
0.0
 20
0.0
 30
0.0
 75
     1
  1
AcDbOsnapPointRef
 72
     1
331
4C69
 73
     2
 91
        3
 40
1.0
 10
0.0
 20
0.0
 30
2.000000000000000E+50
 75
     0
  0
DIMASSOC
  5
4C6F
102
{ACAD_REACTORS
330
4C6E
102
}
330
4C6E
100
AcDbDimAssoc
330
4C6D
 90
        3
 70
     0
 71
     0
  1
AcDbOsnapPointRef
 72
     1
331
4C69
 73
     2
 91
        4
 40
0.9999999999999998
 10
0.0
 20
0.0
 30
2.000000000000000E+50
 75
     0
  1
AcDbOsnapPointRef
 72
     8
331
4C69
 73
     2
 91
        2
 40
-0.0003683623801627
 10
0.0
 20
0.0
 30
0.0
 75
     1
  1
AcDbOsnapPointRef
 72
     1
331
4C69
 73
     2
 91
        4
 40
0.9999999999999998
 10
0.0
 20
0.0
 30
2.000000000000000E+50
 75
     0
  0
DIMASSOC
  5
4C72
102
{ACAD_REACTORS
330
4C71
102
}
330
4C71
100
AcDbDimAssoc
330
4C70
 90
        2
 70
     0
 71
     0
  1
AcDbOsnapPointRef
 72
     8
331
4C69
 73
     2
 91
        1
 40
-0.0061652281134408
 10
0.0
 20
0.0
 30
0.0
 75
     1
  1
AcDbOsnapPointRef
 72
     0
 40
0.0
 10
3339.185651695101
 20
12819.67229899033
 30
0.0
 75
     0
  0
DIMASSOC
  5
4C77
102
{ACAD_REACTORS
330
4C76
102
}
330
4C76
100
AcDbDimAssoc
330
4C75
 90
        3
 70
     0
 71
     0
  1
AcDbOsnapPointRef
 72
     1
331
4C74
 73
     2
 91
        1
 40
1.0
 10
0.0
 20
0.0
 30
2.000000000000000E+50
 75
     0
  1
AcDbOsnapPointRef
 72
     8
331
4C74
 73
     2
 91
        3
 40
-0.0004651965187591
 10
0.0
 20
0.0
 30
0.0
 75
     1
  1
AcDbOsnapPointRef
 72
     1
331
4C74
 73
     2
 91
        1
 40
1.0
 10
0.0
 20
0.0
 30
2.000000000000000E+50
 75
     0
  0
DIMASSOC
  5
4C7A
102
{ACAD_REACTORS
330
4C79
102
}
330
4C79
100
AcDbDimAssoc
330
4C78
 90
        3
 70
     0
 71
     0
  1
AcDbOsnapPointRef
 72
    13
331
4C74
 73
     2
 91
        1
 40
0.0
 10
0.0
 20
0.0
 30
2.000000000000000E+50
 75
     0
  1
AcDbOsnapPointRef
 72
     1
331
4C74
 73
     2
 91
        3
 40
1.0
 10
0.0
 20
0.0
 30
2.000000000000000E+50
 75
     0
  0
DIMASSOC
  5
4C7E
102
{ACAD_REACTORS
330
4C7D
102
}
330
4C7D
100
AcDbDimAssoc
330
4C7C
 90
       15
 70
     0
 71
     0
  1
AcDbOsnapPointRef
 72
    13
331
4C73
 73
     2
 91
        1
 40
0.0
 10
0.0
 20
0.0
 30
2.000000000000000E+50
 75
     0
  1
AcDbOsnapPointRef
 72
     1
331
4C73
 73
     2
 91
        1
 40
1.0
 10
0.0
 20
0.0
 30
2.000000000000000E+50
 75
     0
  1
AcDbOsnapPointRef
 72
    13
331
4C74
 73
     2
 91
        1
 40
0.0
 10
0.0
 20
0.0
 30
2.000000000000000E+50
 75
     0
  1
AcDbOsnapPointRef
 72
     1
331
4C74
 73
     2
 91
        1
 40
1.0
 10
0.0
 20
0.0
 30
2.000000000000000E+50
 75
     0
  0
ACDBDETAILVIEWSTYLE
  5
1BAB
102
{ACAD_REACTORS
330
1BAA
102
}
330
1BAA
100
AcDbModelDocViewStyle
 70
     0
  3
Imperial24
290
     0
300
Imperial24
 90
        0
100
AcDbDetailViewStyle
 70
     0
 71
     0
 90
        7
 71
     1
340
B38
 62
   256
 40
0.24
340
0
 62
   256
 40
0.24
300

 40
0.36
280
     3
 71
     2
340
B3C
 90
       25
 62
   256
 71
     3
340
B38
 62
   256
 40
0.24
 90
        1
 40
0.75
 90
        1
300
%<\AcVar ViewType \f "%tc1">% %<\AcVar ViewDetailId>%\PМАСШТАБ %<\AcVar ViewScale \f "%sn">%
 71
     4
340
B3C
 90
       25
 62
   256
340
B3C
 90
       25
 62
   256
280
     0
1001
DetailViewStyle
1005
B3C
1070
    25
1004
1800000002000000000000C0000000000000000000000000
1040
0.75
1040
0.48
1070
     2
1070
     1
1070
     1
1070
     0
1070
     1
  0
ACDBDETAILVIEWSTYLE
  5
3C29
102
{ACAD_REACTORS
330
1BAA
102
}
330
1BAA
100
AcDbModelDocViewStyle
 70
     0
  3
Metric50
290
     0
300
Metric50
 90
        0
100
AcDbDetailViewStyle
 70
     0
 71
     0
 90
        7
 71
     1
340
B38
 62
   256
 40
5.0
340
0
 62
   256
 40
5.0
300

 40
0.0
280
     1
 71
     2
340
B3C
 90
       25
 62
   256
 71
     3
340
B38
 62
   256
 40
5.0
 90
        0
 40
15.0
 90
        1
300
%<\AcVar ViewDetailId>% (%<\AcVar ViewScale \f "%sn">%)
 71
     4
340
B3C
 90
       25
 62
   256
340
B3C
 90
       25
 62
   256
280
     0
  0
LAYOUT
  5
B51
102
{ACAD_REACTORS
330
B40
102
}
330
B40
100
AcDbPlotSettings
  1

  2
Microsoft Print to PDF
  4
Letter
  6

 40
0.0
 41
0.0
 42
0.0000152587890625
 43
0.0
 44
215.9000091552734
 45
279.3999938964844
 46
0.0
 47
7.415508941242445
 48
9453.14641757989
 49
-3350.779224466374
140
10757.14610338361
141
-2286.657767568329
142
1.0
143
125.1907631742198
 70
 11956
 72
     0
 73
     1
 74
     4
  7

 75
     0
147
0.0079878097604403
 76
     0
 77
     2
 78
   300
148
-240109.9190065292
149
85109.79230144585
100
AcDbLayout
  1
Model
 70
     1
 71
     0
 10
0.0
 20
0.0
 11
12.0
 21
9.0
 12
0.0
 22
0.0
 32
0.0
 14
0.0
 24
0.0
 34
0.0
 15
0.0
 25
0.0
 35
0.0
146
0.0
 13
0.0
 23
0.0
 33
0.0
 16
1.0
 26
0.0
 36
0.0
 17
0.0
 27
1.0
 37
0.0
 76
     0
330
B4E
331
B54
1001
ACAD_PSEXT
1000
Microsoft Print to PDF
1000
Microsoft Print To PDF
1000
PORTPROMPT:
1000

1070
     0
  0
LAYOUT
  5
B4D
102
{ACAD_REACTORS
330
B40
102
}
330
B40
100
AcDbPlotSettings
  1

  2
C:\Users\user\AppData\Roaming\ZWSOFT\ZWCAD\2015\ru-RU\plotters\DWG To PDF.pc5
  4

  6

 40
0.0
 41
0.0
 42
0.0
 43
0.0
 44
0.0
 45
0.0
 46
0.0
 47
0.0
 48
0.0
 49
0.0
140
0.0
141
0.0
142
1.0
143
1.0
 70
   688
 72
     0
 73
     0
 74
     5
  7

 75
    16
147
1.0
 76
     0
 77
     2
 78
   300
148
0.0
149
0.0
100
AcDbLayout
  1
Лист1
 70
     1
 71
     1
 10
-0.25
 20
-0.25
 11
10.75
 21
8.25
 12
0.0
 22
0.0
 32
0.0
 14
1.049999960629921
 24
0.7999999606299211
 34
0.0
 15
9.449999645669294
 25
7.199999645669291
 35
0.0
146
0.0
 13
0.0
 23
0.0
 33
0.0
 16
1.0
 26
0.0
 36
0.0
 17
0.0
 27
1.0
 37
0.0
 76
     0
330
B4A
331
201
  0
MATERIAL
  5
B43
102
{ACAD_XDICTIONARY
360
5688
102
}
102
{ACAD_REACTORS
330
B41
102
}
330
B41
100
AcDbMaterial
  1
ByBlock
 72
     0
 77
     0
171
     0
175
     0
179
     0
  0
MATERIAL
  5
B42
102
{ACAD_XDICTIONARY
360
5686
102
}
102
{ACAD_REACTORS
330
B41
102
}
330
B41
100
AcDbMaterial
  1
ByLayer
 72
     0
 77
     0
171
     0
175
     0
179
     0
  0
MATERIAL
  5
B44
102
{ACAD_XDICTIONARY
360
1BBE
102
}
102
{ACAD_REACTORS
330
B41
102
}
330
B41
100
AcDbMaterial
  1
Global
 72
     0
 77
     0
171
     0
175
     0
179
     0
  0
MLEADERSTYLE
  5
B49
102
{ACAD_REACTORS
330
B48
102
}
330
B48
100
AcDbMLeaderStyle
179
     2
170
     2
171
     1
172
     0
 90
        2
 40
0.0
 41
0.0
173
     1
 91
-1056964608
340
B3A
 92
       -2
290
     1
 42
0.09
291
     1
 43
0.36
  3
Standard
 44
0.18
300

342
B38
174
     1
178
     1
175
     1
176
     0
 93
-1056964608
 45
0.18
292
     0
297
     0
 46
0.18
 94
-1056964608
 47
1.0
 49
1.0
140
1.0
293
     1
141
0.0
294
     1
177
     0
142
1.0
295
     0
296
     0
143
0.125
271
     0
272
     9
273
     9
298
     0
1001
ACAD_MLEADERVER
1070
     2
  0
MLEADERSTYLE
  5
1704
102
{ACAD_REACTORS
330
B48
102
}
330
B48
100
AcDbMLeaderStyle
179
     2
170
     2
171
     1
172
     0
 90
        2
 40
0.0
 41
0.0
173
     1
 91
-1073741824
340
B3B
 92
       -1
290
     1
 42
2.0
291
     1
 43
0.36
  3
Standard
 44
25.0
300

342
B38
174
     1
178
     1
175
     1
176
     0
 93
-1056964608
 45
25.0
292
     0
297
     0
 46
0.18
 94
-1056964608
 47
1.0
 49
1.0
140
1.0
293
     1
141
0.0
294
     1
177
     0
142
1.0
295
     0
296
     0
143
0.125
271
     0
272
     9
273
     9
298
     0
1001
ACAD_MLEADERVER
1070
     2
  0
MLINESTYLE
  5
B3E
102
{ACAD_REACTORS
330
B3D
102
}
330
B3D
100
AcDbMlineStyle
  2
STANDARD
 70
     0
  3

 62
   256
 51
90.0
 52
90.0
 71
     2
 49
0.5
 62
   256
  6
BYLAYER
 49
-0.5
 62
   256
  6
BYLAYER
  0
ACDBPLACEHOLDER
  5
B36
102
{ACAD_REACTORS
330
B35
102
}
330
B35
  0
DICTIONARY
  5
5703
330
5702
100
AcDbDictionary
280
     1
281
     1
  3
ADSK_XREC_MENTALRAYSETTINGSINFO
360
5704
  0
SCALE
  5
BC5
102
{ACAD_REACTORS
330
BC4
102
}
330
BC4
100
AcDbScale
 70
     0
300
1:1
140
1.0
141
1.0
290
     1
  0
SCALE
  5
BC6
102
{ACAD_REACTORS
330
BC4
102
}
330
BC4
100
AcDbScale
 70
     0
300
1:2
140
1.0
141
2.0
290
     0
  0
SCALE
  5
BC7
102
{ACAD_REACTORS
330
BC4
102
}
330
BC4
100
AcDbScale
 70
     0
300
1:4
140
1.0
141
4.0
290
     0
  0
SCALE
  5
BC8
102
{ACAD_REACTORS
330
BC4
102
}
330
BC4
100
AcDbScale
 70
     0
300
1:5
140
1.0
141
5.0
290
     0
  0
SCALE
  5
BC9
102
{ACAD_REACTORS
330
BC4
102
}
330
BC4
100
AcDbScale
 70
     0
300
1:8
140
1.0
141
8.0
290
     0
  0
SCALE
  5
BCA
102
{ACAD_REACTORS
330
BC4
102
}
330
BC4
100
AcDbScale
 70
     0
300
1:10
140
1.0
141
10.0
290
     0
  0
SCALE
  5
BCB
102
{ACAD_REACTORS
330
BC4
102
}
330
BC4
100
AcDbScale
 70
     0
300
1:16
140
1.0
141
16.0
290
     0
  0
SCALE
  5
BCC
102
{ACAD_REACTORS
330
BC4
102
}
330
BC4
100
AcDbScale
 70
     0
300
1:20
140
1.0
141
20.0
290
     0
  0
SCALE
  5
BCD
102
{ACAD_REACTORS
330
BC4
102
}
330
BC4
100
AcDbScale
 70
     0
300
1:30
140
1.0
141
30.0
290
     0
  0
SCALE
  5
BCE
102
{ACAD_REACTORS
330
BC4
102
}
330
BC4
100
AcDbScale
 70
     0
300
1:40
140
1.0
141
40.0
290
     0
  0
SCALE
  5
BCF
102
{ACAD_REACTORS
330
BC4
102
}
330
BC4
100
AcDbScale
 70
     0
300
1:50
140
1.0
141
50.0
290
     0
  0
SCALE
  5
BD0
102
{ACAD_REACTORS
330
BC4
102
}
330
BC4
100
AcDbScale
 70
     0
300
1:100
140
1.0
141
100.0
290
     0
  0
SCALE
  5
BD1
102
{ACAD_REACTORS
330
BC4
102
}
330
BC4
100
AcDbScale
 70
     0
300
2:1
140
2.0
141
1.0
290
     0
  0
SCALE
  5
BD2
102
{ACAD_REACTORS
330
BC4
102
}
330
BC4
100
AcDbScale
 70
     0
300
4:1
140
4.0
141
1.0
290
     0
  0
SCALE
  5
BD3
102
{ACAD_REACTORS
330
BC4
102
}
330
BC4
100
AcDbScale
 70
     0
300
8:1
140
8.0
141
1.0
290
     0
  0
SCALE
  5
BD4
102
{ACAD_REACTORS
330
BC4
102
}
330
BC4
100
AcDbScale
 70
     0
300
10:1
140
10.0
141
1.0
290
     0
  0
SCALE
  5
BD5
102
{ACAD_REACTORS
330
BC4
102
}
330
BC4
100
AcDbScale
 70
     0
300
100:1
140
100.0
141
1.0
290
     0
  0
SCALE
  5
BD6
102
{ACAD_REACTORS
330
BC4
102
}
330
BC4
100
AcDbScale
 70
     0
300
1/128" = 1'-0"
140
0.0078125
141
12.0
290
     0
  0
SCALE
  5
BD7
102
{ACAD_REACTORS
330
BC4
102
}
330
BC4
100
AcDbScale
 70
     0
300
1/64" = 1'-0"
140
0.015625
141
12.0
290
     0
  0
SCALE
  5
BD8
102
{ACAD_REACTORS
330
BC4
102
}
330
BC4
100
AcDbScale
 70
     0
300
1/32" = 1'-0"
140
0.03125
141
12.0
290
     0
  0
SCALE
  5
BD9
102
{ACAD_REACTORS
330
BC4
102
}
330
BC4
100
AcDbScale
 70
     0
300
1/16" = 1'-0"
140
0.0625
141
12.0
290
     0
  0
SCALE
  5
BDA
102
{ACAD_REACTORS
330
BC4
102
}
330
BC4
100
AcDbScale
 70
     0
300
3/32" = 1'-0"
140
0.09375
141
12.0
290
     0
  0
SCALE
  5
BDB
102
{ACAD_REACTORS
330
BC4
102
}
330
BC4
100
AcDbScale
 70
     0
300
1/8" = 1'-0"
140
0.125
141
12.0
290
     0
  0
SCALE
  5
BDC
102
{ACAD_REACTORS
330
BC4
102
}
330
BC4
100
AcDbScale
 70
     0
300
3/16" = 1'-0"
140
0.1875
141
12.0
290
     0
  0
SCALE
  5
BDD
102
{ACAD_REACTORS
330
BC4
102
}
330
BC4
100
AcDbScale
 70
     0
300
1/4" = 1'-0"
140
0.25
141
12.0
290
     0
  0
SCALE
  5
BDE
102
{ACAD_REACTORS
330
BC4
102
}
330
BC4
100
AcDbScale
 70
     0
300
3/8" = 1'-0"
140
0.375
141
12.0
290
     0
  0
SCALE
  5
BDF
102
{ACAD_REACTORS
330
BC4
102
}
330
BC4
100
AcDbScale
 70
     0
300
1/2" = 1'-0"
140
0.5
141
12.0
290
     0
  0
SCALE
  5
BE0
102
{ACAD_REACTORS
330
BC4
102
}
330
BC4
100
AcDbScale
 70
     0
300
3/4" = 1'-0"
140
0.75
141
12.0
290
     0
  0
SCALE
  5
BE1
102
{ACAD_REACTORS
330
BC4
102
}
330
BC4
100
AcDbScale
 70
     0
300
1" = 1'-0"
140
1.0
141
12.0
290
     0
  0
SCALE
  5
BE2
102
{ACAD_REACTORS
330
BC4
102
}
330
BC4
100
AcDbScale
 70
     0
300
1-1/2" = 1'-0"
140
1.5
141
12.0
290
     0
  0
SCALE
  5
BE3
102
{ACAD_REACTORS
330
BC4
102
}
330
BC4
100
AcDbScale
 70
     0
300
3" = 1'-0"
140
3.0
141
12.0
290
     0
  0
SCALE
  5
BE4
102
{ACAD_REACTORS
330
BC4
102
}
330
BC4
100
AcDbScale
 70
     0
300
6" = 1'-0"
140
6.0
141
12.0
290
     0
  0
SCALE
  5
BE5
102
{ACAD_REACTORS
330
BC4
102
}
330
BC4
100
AcDbScale
 70
     0
300
1'-0" = 1'-0"
140
12.0
141
12.0
290
     0
  0
ACDBSECTIONVIEWSTYLE
  5
1BA9
102
{ACAD_REACTORS
330
1BA8
102
}
330
1BA8
100
AcDbModelDocViewStyle
 70
     0
  3
Imperial24
290
     0
300
Imperial24
 90
        0
100
AcDbSectionViewStyle
 70
     0
 71
     0
 90
      206
 71
     1
340
B38
 62
   256
 40
0.24
340
0
340
0
 62
   256
 40
0.24
300
I, O, Q, S, X, Z
 40
0.48
 90
        3
 40
0.18
 90
        1
 71
     2
340
B3C
 90
       25
 62
   256
340
B3C
 90
       50
 62
   256
 40
0.24
 40
0.0
 40
0.24
 71
     3
340
B38
 62
   256
 40
0.24
 90
        1
 40
0.75
 90
        1
300
%<\AcVar ViewType \f "%tc1">% %<\AcVar ViewSectionStartId>%-%<\AcVar ViewSectionEndId>%\PМАСШТАБ %<\AcVar ViewScale \f "%sn">%
 71
     4
 62
   256
 62
   257
300
ANSI31
 40
1.0
 90
        0
290
     0
290
     0
 90
        6
 40
0.0
 40
1.570796326794896
 40
0.2617993877991494
 40
1.308996938995747
 40
-0.2617993877991494
 40
1.832595714594044
1001
SectionViewStyle
1005
B3C
1070
    25
1070
     2
1070
     1
1070
     1
1070
     0
1070
     1
1040
0.0
1005
B3C
1070
    25
1070
     1
  0
ACDBSECTIONVIEWSTYLE
  5
3C28
102
{ACAD_REACTORS
330
1BA8
102
}
330
1BA8
100
AcDbModelDocViewStyle
 70
     0
  3
Metric50
290
     0
300
Metric50
 90
        0
100
AcDbSectionViewStyle
 70
     0
 71
     0
 90
      230
 71
     1
340
B38
 62
   256
 40
5.0
340
0
340
0
 62
   256
 40
5.0
300
I, O, Q, S, X, Z
 40
10.0
 90
        0
 40
2.5
 90
        0
 71
     2
340
B3C
 90
       25
 62
   256
340
B3C
 90
       50
 62
   256
 40
5.0
 40
2.5
 40
5.0
 71
     3
340
B38
 62
   256
 40
5.0
 90
        0
 40
15.0
 90
        1
300
%<\AcVar ViewSectionStartId>%-%<\AcVar ViewSectionEndId>% (%<\AcVar ViewScale \f "%sn">%)
 71
     4
 62
   256
 62
   257
300
ANSI31
 40
1.0
 90
        0
290
     0
290
     0
 90
        6
 40
0.0
 40
1.570796326794896
 40
0.2617993877991494
 40
1.308996938995747
 40
-0.2617993877991494
 40
1.832595714594044
  0
TABLESTYLE
  5
B47
102
{ACAD_XDICTIONARY
360
1F30
102
}
102
{ACAD_REACTORS
330
B46
102
}
330
B46
100
AcDbTableStyle
280
     0
  3
Standard
 70
     0
 71
     0
 40
0.06
 41
0.06
280
     0
281
     0
  7
STANDARD
140
0.18
170
     2
 62
     0
 63
     7
283
     0
 90
        4
 91
        0
  1

274
    -2
284
     1
 64
     0
275
    -2
285
     1
 65
     0
276
    -2
286
     1
 66
     0
277
    -2
287
     1
 67
     0
278
    -2
288
     1
 68
     0
279
    -2
289
     1
 69
     0
  7
STANDARD
140
0.25
170
     5
 62
     0
 63
     7
283
     0
 90
        4
 91
        0
  1

274
    -2
284
     1
 64
     0
275
    -2
285
     1
 65
     0
276
    -2
286
     1
 66
     0
277
    -2
287
     1
 67
     0
278
    -2
288
     1
 68
     0
279
    -2
289
     1
 69
     0
  7
STANDARD
140
0.18
170
     5
 62
     0
 63
     7
283
     0
 90
        4
 91
        0
  1

274
    -2
284
     1
 64
     0
275
    -2
285
     1
 65
     0
276
    -2
286
     1
 66
     0
277
    -2
287
     1
 67
     0
278
    -2
288
     1
 68
     0
279
    -2
289
     1
 69
     0
  0
VISUALSTYLE
  5
1B95
102
{ACAD_REACTORS
330
1B8F
102
}
330
1B8F
100
AcDbVisualStyle
  2

 70
     4
177
     3
291
     0
 70
    58
 90
        0
176
     1
 90
        2
176
     1
 90
        0
176
     1
 90
        0
176
     1
 40
0.6
176
     1
 40
30.0
176
     1
 62
     7
176
     1
 90
        1
176
     1
 90
        4
176
     1
 62
     7
176
     1
 62
   257
176
     1
 90
        1
176
     1
 90
        1
176
     1
 40
1.0
176
     1
 90
        0
176
     1
 62
   257
176
     1
 40
1.0
176
     1
 90
        1
176
     1
 90
        6
176
     1
 90
        2
176
     1
 62
     7
176
     1
 90
        5
176
     1
 90
        0
176
     1
 90
        0
176
     1
290
     0
176
     1
 90
        1
176
     1
 40
0.0
176
     1
 90
        0
176
     1
290
     1
176
     1
290
     1
176
     1
290
     0
176
     1
290
     0
176
     1
290
     0
176
     1
290
     0
176
     1
290
     0
176
     1
290
     0
176
     1
290
     0
176
     1
 90
       50
176
     1
 40
0.0
176
     1
 40
1.0
176
     1
 90
        0
176
     1
 62
    18
420
        0
176
     1
 90
       50
176
     1
 90
        3
176
     1
 62
     5
420
      255
176
     1
290
     0
176
     1
 90
       50
176
     1
 90
       50
176
     1
 90
       50
176
     1
290
     0
176
     1
 90
       50
176
     1
 62
   256
176
     0
 40
1.0
176
     0
 90
        2
176
     1
  1
strokes_ogs.tif
176
     1
290
     0
176
     1
 40
1.0
176
     1
 40
1.0
176
     1
1001
ACAD
1000
AcDbSavedByObjectVersion
1070
     0
  0
VISUALSTYLE
  5
1B94
102
{ACAD_REACTORS
330
1B8F
102
}
330
1B8F
100
AcDbVisualStyle
  2

 70
     7
177
     3
291
     1
 70
    58
 90
        1
176
     1
 90
        0
176
     1
 90
        1
176
     1
 90
        0
176
     1
 40
0.6
176
     1
 40
30.0
176
     1
 62
     7
176
     1
 90
        0
176
     1
 90
        4
176
     1
 62
     7
176
     1
 62
   257
176
     1
 90
        1
176
     1
 90
        1
176
     1
 40
1.0
176
     1
 90
        8
176
     1
 62
     7
176
     1
 40
1.0
176
     1
 90
        1
176
     1
 90
        6
176
     1
 90
        2
176
     1
 62
     7
176
     1
 90
        5
176
     1
 90
        0
176
     1
 90
        0
176
     1
290
     0
176
     1
 90
        1
176
     1
 40
0.0
176
     1
 90
        0
176
     1
290
     0
176
     1
290
     1
176
     1
290
     1
176
     1
290
     0
176
     1
290
     0
176
     1
290
     0
176
     1
290
     0
176
     1
290
     0
176
     1
290
     0
176
     1
 90
       50
176
     1
 40
0.0
176
     1
 40
1.0
176
     1
 90
        0
176
     1
 62
    18
420
        0
176
     1
 90
       50
176
     1
 90
        3
176
     1
 62
     5
420
      255
176
     1
290
     0
176
     1
 90
       50
176
     1
 90
       50
176
     1
 90
       50
176
     1
290
     0
176
     1
 90
       50
176
     1
 62
   256
176
     0
 40
1.0
176
     0
 90
        2
176
     1
  1
strokes_ogs.tif
176
     1
290
     0
176
     1
 40
1.0
176
     1
 40
1.0
176
     1
1001
ACAD
1000
AcDbSavedByObjectVersion
1070
     0
  0
VISUALSTYLE
  5
1B9B
102
{ACAD_REACTORS
330
1B8F
102
}
330
1B8F
100
AcDbVisualStyle
  2

 70
    12
177
     3
291
     1
 70
    58
 90
        2
176
     1
 90
        2
176
     1
 90
        0
176
     1
 90
        0
176
     1
 40
0.6
176
     1
 40
30.0
176
     1
 62
     7
176
     1
 90
        1
176
     1
 90
        4
176
     1
 62
     7
176
     1
 62
   257
176
     1
 90
        1
176
     1
 90
        1
176
     1
 40
1.0
176
     1
 90
        8
176
     1
 62
     7
176
     1
 40
1.0
176
     1
 90
        1
176
     1
 90
        6
176
     1
 90
        2
176
     1
 62
     7
176
     1
 90
        5
176
     1
 90
        0
176
     1
 90
        0
176
     1
290
     0
176
     1
 90
        1
176
     1
 40
50.0
176
     1
 90
        0
176
     1
290
     0
176
     1
290
     1
176
     1
290
     1
176
     1
290
     0
176
     1
290
     0
176
     1
290
     0
176
     1
290
     0
176
     1
290
     0
176
     1
290
     0
176
     1
 90
       50
176
     1
 40
0.0
176
     1
 40
1.0
176
     1
 90
        0
176
     1
 62
    18
420
        0
176
     1
 90
       50
176
     1
 90
        3
176
     1
 62
     5
420
      255
176
     1
290
     0
176
     1
 90
       50
176
     1
 90
       50
176
     1
 90
       50
176
     1
290
     0
176
     1
 90
       50
176
     1
 62
   256
176
     0
 40
1.0
176
     0
 90
        2
176
     1
  1
strokes_ogs.tif
176
     1
290
     0
176
     1
 40
1.0
176
     1
 40
1.0
176
     1
1001
ACAD
1000
AcDbSavedByObjectVersion
1070
     0
  0
VISUALSTYLE
  5
1B9F
102
{ACAD_REACTORS
330
1B8F
102
}
330
1B8F
100
AcDbVisualStyle
  2

 70
    16
177
     3
291
     1
 70
    58
 90
        2
176
     1
 90
        2
176
     1
 90
        3
176
     1
 90
        0
176
     1
 40
0.6
176
     1
 40
30.0
176
     1
 62
     8
176
     1
 90
        1
176
     1
 90
        4
176
     1
 62
     7
176
     1
 62
   257
176
     1
 90
        1
176
     1
 90
        1
176
     1
 40
1.0
176
     1
 90
        8
176
     1
 62
     8
176
     1
 40
1.0
176
     1
 90
        1
176
     1
 90
        6
176
     1
 90
        2
176
     1
 62
     7
176
     1
 90
        5
176
     1
 90
        0
176
     1
 90
        0
176
     1
290
     0
176
     1
 90
        1
176
     1
 40
0.0
176
     1
 90
        0
176
     1
290
     0
176
     1
290
     1
176
     1
290
     1
176
     1
290
     0
176
     1
290
     0
176
     1
290
     0
176
     1
290
     0
176
     1
290
     0
176
     1
290
     0
176
     1
 90
       50
176
     1
 40
0.0
176
     1
 40
1.0
176
     1
 90
        0
176
     1
 62
    18
420
        0
176
     1
 90
       50
176
     1
 90
        3
176
     1
 62
     5
420
      255
176
     1
290
     0
176
     1
 90
       50
176
     1
 90
       50
176
     1
 90
       50
176
     1
290
     0
176
     1
 90
       50
176
     1
 62
   256
176
     0
 40
1.0
176
     0
 90
        2
176
     1
  1
strokes_ogs.tif
176
     1
290
     0
176
     1
 40
1.0
176
     1
 40
1.0
176
     1
1001
ACAD
1000
AcDbSavedByObjectVersion
1070
     0
  0
VISUALSTYLE
  5
1B98
102
{ACAD_REACTORS
330
1B8F
102
}
330
1B8F
100
AcDbVisualStyle
  2

 70
     9
177
     3
291
     0
 70
    58
 90
        3
176
     1
 90
        2
176
     1
 90
        0
176
     1
 90
        0
176
     1
 40
0.6
176
     1
 40
30.0
176
     1
 62
     7
176
     1
 90
        2
176
     1
 90
        2
176
     1
 62
     7
176
     1
 62
   257
176
     1
 90
        1
176
     1
 90
        1
176
     1
 40
179.0
176
     1
 90
        8
176
     1
 62
     7
176
     1
 40
1.0
176
     1
 90
        1
176
     1
 90
        6
176
     1
 90
        2
176
     1
 62
     7
176
     1
 90
        3
176
     1
 90
        0
176
     1
 90
        0
176
     1
290
     0
176
     1
 90
        1
176
     1
 40
0.0
176
     1
 90
        0
176
     1
290
     0
176
     1
290
     1
176
     1
290
     1
176
     1
290
     0
176
     1
290
     0
176
     1
290
     0
176
     1
290
     0
176
     1
290
     0
176
     1
290
     0
176
     1
 90
       50
176
     1
 40
0.0
176
     1
 40
1.0
176
     1
 90
        0
176
     1
 62
    18
420
        0
176
     1
 90
       50
176
     1
 90
        3
176
     1
 62
     5
420
      255
176
     1
290
     0
176
     1
 90
       50
176
     1
 90
       50
176
     1
 90
       50
176
     1
290
     0
176
     1
 90
       50
176
     1
 62
   256
176
     0
 40
1.0
176
     0
 90
        2
176
     1
  1
strokes_ogs.tif
176
     1
290
     0
176
     1
 40
1.0
176
     1
 40
1.0
176
     1
1001
ACAD
1000
AcDbSavedByObjectVersion
1070
     0
  0
VISUALSTYLE
  5
1B9A
102
{ACAD_REACTORS
330
1B8F
102
}
330
1B8F
100
AcDbVisualStyle
  2

 70
    11
177
     3
291
     1
 70
    58
 90
        2
176
     1
 90
        2
176
     1
 90
        0
176
     1
 90
        0
176
     1
 40
0.6
176
     1
 40
30.0
176
     1
 62
     7
176
     1
 90
        1
176
     1
 90
        4
176
     1
 62
     7
176
     1
 62
   257
176
     1
 90
        1
176
     1
 90
        1
176
     1
 40
1.0
176
     1
 90
        8
176
     1
 62
     7
176
     1
 40
1.0
176
     1
 90
        1
176
     1
 90
        6
176
     1
 90
        2
176
     1
 62
     7
176
     1
 90
        5
176
     1
 90
        0
176
     1
 90
        0
176
     1
290
     0
176
     1
 90
        1
176
     1
 40
-50.0
176
     1
 90
        0
176
     1
290
     0
176
     1
290
     1
176
     1
290
     1
176
     1
290
     0
176
     1
290
     0
176
     1
290
     0
176
     1
290
     0
176
     1
290
     0
176
     1
290
     0
176
     1
 90
       50
176
     1
 40
0.0
176
     1
 40
1.0
176
     1
 90
        0
176
     1
 62
    18
420
        0
176
     1
 90
       50
176
     1
 90
        3
176
     1
 62
     5
420
      255
176
     1
290
     0
176
     1
 90
       50
176
     1
 90
       50
176
     1
 90
       50
176
     1
290
     0
176
     1
 90
       50
176
     1
 62
   256
176
     0
 40
1.0
176
     0
 90
        2
176
     1
  1
strokes_ogs.tif
176
     1
290
     0
176
     1
 40
1.0
176
     1
 40
1.0
176
     1
1001
ACAD
1000
AcDbSavedByObjectVersion
1070
     0
  0
VISUALSTYLE
  5
1BA7
102
{ACAD_REACTORS
330
1B8F
102
}
330
1B8F
100
AcDbVisualStyle
  2

 70
    22
177
     3
291
     1
 70
    58
 90
        2
176
     0
 90
        2
176
     0
 90
        0
176
     0
 90
        0
176
     0
 40
0.6
176
     0
 40
30.0
176
     0
 62
     7
176
     0
 90
        1
176
     0
 90
        4
176
     0
 62
     7
176
     0
 62
   257
176
     0
 90
        1
176
     0
 90
        1
176
     0
 40
1.0
176
     0
 90
        8
176
     2
 62
     7
176
     0
 40
1.0
176
     0
 90
        1
176
     0
 90
        6
176
     0
 90
        2
176
     0
 62
     7
176
     0
 90
        5
176
     0
 90
        0
176
     0
 90
        0
176
     0
290
     0
176
     0
 90
        1
176
     0
 40
0.0
176
     0
 90
        0
176
     0
290
     0
176
     0
290
     1
176
     0
290
     1
176
     0
290
     0
176
     0
290
     0
176
     0
290
     0
176
     0
290
     0
176
     0
290
     0
176
     0
290
     0
176
     0
 90
       50
176
     0
 40
0.0
176
     0
 40
1.0
176
     0
 90
        0
176
     0
 62
    18
420
        0
176
     0
 90
       50
176
     0
 90
        3
176
     0
 62
     5
420
      255
176
     0
290
     0
176
     0
 90
       50
176
     0
 90
       50
176
     0
 90
       50
176
     0
290
     0
176
     0
 90
       50
176
     0
 62
   256
176
     0
 40
1.0
176
     0
 90
        2
176
     0
  1
strokes_ogs.tif
176
     0
290
     0
176
     0
 40
1.0
176
     0
 40
1.0
176
     0
1001
ACAD
1000
AcDbSavedByObjectVersion
1070
     0
  0
VISUALSTYLE
  5
1B9E
102
{ACAD_REACTORS
330
1B8F
102
}
330
1B8F
100
AcDbVisualStyle
  2

 70
    15
177
     3
291
     1
 70
    58
 90
        2
176
     1
 90
        2
176
     1
 90
        0
176
     1
 90
        0
176
     1
 40
0.6
176
     1
 40
30.0
176
     1
 62
     7
176
     1
 90
        1
176
     1
 90
        4
176
     1
 62
     7
176
     1
 62
   257
176
     1
 90
        1
176
     1
 90
        1
176
     1
 40
1.0
176
     1
 90
        8
176
     1
 62
     7
176
     1
 40
1.0
176
     1
 90
        1
176
     1
 90
        6
176
     1
 90
        2
176
     1
 62
     7
176
     1
 90
        5
176
     1
 90
        0
176
     1
 90
        0
176
     1
290
     0
176
     1
 90
        1
176
     1
 40
0.0
176
     1
 90
        0
176
     1
290
     0
176
     1
290
     1
176
     1
290
     1
176
     1
290
     0
176
     1
290
     0
176
     1
290
     0
176
     1
290
     0
176
     1
290
     0
176
     1
290
     0
176
     1
 90
       50
176
     1
 40
0.0
176
     1
 40
1.0
176
     1
 90
        0
176
     1
 62
    18
420
        0
176
     1
 90
       50
176
     1
 90
        3
176
     1
 62
     5
420
      255
176
     1
290
     0
176
     1
 90
       50
176
     1
 90
       50
176
     1
 90
       50
176
     1
290
     0
176
     1
 90
       50
176
     1
 62
   256
176
     0
 40
1.0
176
     0
 90
        2
176
     1
  1
strokes_ogs.tif
176
     1
290
     0
176
     1
 40
1.0
176
     1
 40
1.0
176
     1
1001
ACAD
1000
AcDbSavedByObjectVersion
1070
     0
  0
VISUALSTYLE
  5
1B90
102
{ACAD_REACTORS
330
1B8F
102
}
330
1B8F
100
AcDbVisualStyle
  2

 70
     0
177
     3
291
     1
 70
    58
 90
        2
176
     1
 90
        1
176
     1
 90
        1
176
     1
 90
        2
176
     1
 40
0.6
176
     1
 40
30.0
176
     1
 62
     7
176
     1
 90
        0
176
     1
 90
        0
176
     1
 62
     7
176
     1
 62
   257
176
     1
 90
        1
176
     1
 90
        1
176
     1
 40
1.0
176
     1
 90
        8
176
     1
 62
     7
176
     1
 40
1.0
176
     1
 90
        1
176
     1
 90
        6
176
     1
 90
        2
176
     1
 62
     7
176
     1
 90
        5
176
     1
 90
        0
176
     1
 90
        0
176
     1
290
     0
176
     1
 90
       13
176
     1
 40
0.0
176
     1
 90
        0
176
     1
290
     0
176
     1
290
     1
176
     1
290
     1
176
     1
290
     0
176
     1
290
     0
176
     1
290
     0
176
     1
290
     0
176
     1
290
     0
176
     1
290
     0
176
     1
 90
       50
176
     1
 40
0.0
176
     1
 40
1.0
176
     1
 90
        0
176
     1
 62
    18
420
        0
176
     1
 90
       50
176
     1
 90
        3
176
     1
 62
     5
420
      255
176
     1
290
     0
176
     1
 90
       50
176
     1
 90
       50
176
     1
 90
       50
176
     1
290
     0
176
     1
 90
       50
176
     1
 62
   256
176
     0
 40
1.0
176
     0
 90
        2
176
     1
  1
strokes_ogs.tif
176
     1
290
     0
176
     1
 40
1.0
176
     1
 40
1.0
176
     1
1001
ACAD
1000
AcDbSavedByObjectVersion
1070
     0
  0
VISUALSTYLE
  5
1B91
102
{ACAD_REACTORS
330
1B8F
102
}
330
1B8F
100
AcDbVisualStyle
  2

 70
     1
177
     3
291
     1
 70
    58
 90
        2
176
     1
 90
        1
176
     1
 90
        1
176
     1
 90
        2
176
     1
 40
0.6
176
     1
 40
30.0
176
     1
 62
     7
176
     1
 90
        1
176
     1
 90
        0
176
     1
 62
     7
176
     1
 62
   257
176
     1
 90
        1
176
     1
 90
        1
176
     1
 40
1.0
176
     1
 90
        0
176
     1
 62
   257
176
     1
 40
1.0
176
     1
 90
        1
176
     1
 90
        6
176
     1
 90
        2
176
     1
 62
     7
176
     1
 90
        5
176
     1
 90
        0
176
     1
 90
        0
176
     1
290
     0
176
     1
 90
       13
176
     1
 40
0.0
176
     1
 90
        0
176
     1
290
     0
176
     1
290
     1
176
     1
290
     1
176
     1
290
     0
176
     1
290
     0
176
     1
290
     0
176
     1
290
     0
176
     1
290
     0
176
     1
290
     0
176
     1
 90
       50
176
     1
 40
0.0
176
     1
 40
1.0
176
     1
 90
        0
176
     1
 62
    18
420
        0
176
     1
 90
       50
176
     1
 90
        3
176
     1
 62
     5
420
      255
176
     1
290
     0
176
     1
 90
       50
176
     1
 90
       50
176
     1
 90
       50
176
     1
290
     0
176
     1
 90
       50
176
     1
 62
   256
176
     0
 40
1.0
176
     0
 90
        2
176
     1
  1
strokes_ogs.tif
176
     1
290
     0
176
     1
 40
1.0
176
     1
 40
1.0
176
     1
1001
ACAD
1000
AcDbSavedByObjectVersion
1070
     0
  0
VISUALSTYLE
  5
1B92
102
{ACAD_REACTORS
330
1B8F
102
}
330
1B8F
100
AcDbVisualStyle
  2

 70
     2
177
     3
291
     1
 70
    58
 90
        2
176
     1
 90
        2
176
     1
 90
        1
176
     1
 90
        2
176
     1
 40
0.6
176
     1
 40
30.0
176
     1
 62
     7
176
     1
 90
        0
176
     1
 90
        0
176
     1
 62
     7
176
     1
 62
   257
176
     1
 90
        1
176
     1
 90
        1
176
     1
 40
1.0
176
     1
 90
        0
176
     1
 62
     7
176
     1
 40
1.0
176
     1
 90
        1
176
     1
 90
        6
176
     1
 90
        2
176
     1
 62
     7
176
     1
 90
        5
176
     1
 90
        0
176
     1
 90
        0
176
     1
290
     0
176
     1
 90
       13
176
     1
 40
0.0
176
     1
 90
        0
176
     1
290
     0
176
     1
290
     1
176
     1
290
     1
176
     1
290
     0
176
     1
290
     0
176
     1
290
     0
176
     1
290
     0
176
     1
290
     0
176
     1
290
     0
176
     1
 90
       50
176
     1
 40
0.0
176
     1
 40
1.0
176
     1
 90
        0
176
     1
 62
    18
420
        0
176
     1
 90
       50
176
     1
 90
        3
176
     1
 62
     5
420
      255
176
     1
290
     0
176
     1
 90
       50
176
     1
 90
       50
176
     1
 90
       50
176
     1
290
     0
176
     1
 90
       50
176
     1
 62
   256
176
     0
 40
1.0
176
     0
 90
        2
176
     1
  1
strokes_ogs.tif
176
     1
290
     0
176
     1
 40
1.0
176
     1
 40
1.0
176
     1
1001
ACAD
1000
AcDbSavedByObjectVersion
1070
     0
  0
VISUALSTYLE
  5
1B93
102
{ACAD_REACTORS
330
1B8F
102
}
330
1B8F
100
AcDbVisualStyle
  2

 70
     3
177
     3
291
     1
 70
    58
 90
        2
176
     1
 90
        2
176
     1
 90
        1
176
     1
 90
        2
176
     1
 40
0.6
176
     1
 40
30.0
176
     1
 62
     7
176
     1
 90
        1
176
     1
 90
        0
176
     1
 62
     7
176
     1
 62
   257
176
     1
 90
        1
176
     1
 90
        1
176
     1
 40
1.0
176
     1
 90
        0
176
     1
 62
   257
176
     1
 40
1.0
176
     1
 90
        1
176
     1
 90
        6
176
     1
 90
        2
176
     1
 62
     7
176
     1
 90
        5
176
     1
 90
        0
176
     1
 90
        0
176
     1
290
     0
176
     1
 90
       13
176
     1
 40
0.0
176
     1
 90
        0
176
     1
290
     0
176
     1
290
     1
176
     1
290
     1
176
     1
290
     0
176
     1
290
     0
176
     1
290
     0
176
     1
290
     0
176
     1
290
     0
176
     1
290
     0
176
     1
 90
       50
176
     1
 40
0.0
176
     1
 40
1.0
176
     1
 90
        0
176
     1
 62
    18
420
        0
176
     1
 90
       50
176
     1
 90
        3
176
     1
 62
     5
420
      255
176
     1
290
     0
176
     1
 90
       50
176
     1
 90
       50
176
     1
 90
       50
176
     1
290
     0
176
     1
 90
       50
176
     1
 62
   256
176
     0
 40
1.0
176
     0
 90
        2
176
     1
  1
strokes_ogs.tif
176
     1
290
     0
176
     1
 40
1.0
176
     1
 40
1.0
176
     1
1001
ACAD
1000
AcDbSavedByObjectVersion
1070
     0
  0
VISUALSTYLE
  5
1B97
102
{ACAD_REACTORS
330
1B8F
102
}
330
1B8F
100
AcDbVisualStyle
  2

 70
     6
177
     3
291
     0
 70
    58
 90
        1
176
     1
 90
        2
176
     1
 90
        2
176
     1
 90
        0
176
     1
 40
0.6
176
     1
 40
30.0
176
     1
 62
     7
176
     1
 90
        2
176
     1
 90
        2
176
     1
 62
     7
176
     1
 62
   257
176
     1
 90
        2
176
     1
 90
        1
176
     1
 40
40.0
176
     1
 90
        0
176
     1
 62
   257
176
     1
 40
1.0
176
     1
 90
        1
176
     1
 90
        6
176
     1
 90
        2
176
     1
 62
     7
176
     1
 90
        3
176
     1
 90
        0
176
     1
 90
        0
176
     1
290
     0
176
     1
 90
        1
176
     1
 40
0.0
176
     1
 90
        0
176
     1
290
     0
176
     1
290
     1
176
     1
290
     1
176
     1
290
     0
176
     1
290
     0
176
     1
290
     0
176
     1
290
     0
176
     1
290
     0
176
     1
290
     0
176
     1
 90
       50
176
     1
 40
0.0
176
     1
 40
1.0
176
     1
 90
        0
176
     1
 62
    18
420
        0
176
     1
 90
       50
176
     1
 90
        3
176
     1
 62
     5
420
      255
176
     1
290
     0
176
     1
 90
       50
176
     1
 90
       50
176
     1
 90
       50
176
     1
290
     0
176
     1
 90
       50
176
     1
 62
   256
176
     0
 40
1.0
176
     0
 90
        2
176
     1
  1
strokes_ogs.tif
176
     1
290
     0
176
     1
 40
1.0
176
     1
 40
1.0
176
     1
1001
ACAD
1000
AcDbSavedByObjectVersion
1070
     0
  0
VISUALSTYLE
  5
1BA5
102
{ACAD_REACTORS
330
1B8F
102
}
330
1B8F
100
AcDbVisualStyle
  2

 70
    20
177
     3
291
     1
 70
    58
 90
        2
176
     0
 90
        2
176
     0
 90
        0
176
     0
 90
        0
176
     0
 40
0.6
176
     0
 40
30.0
176
     0
 62
     7
176
     0
 90
        1
176
     0
 90
        4
176
     0
 62
     7
176
     0
 62
   257
176
     0
 90
        1
176
     0
 90
        1
176
     0
 40
1.0
176
     0
 90
       10
176
     2
 62
     7
176
     0
 40
1.0
176
     0
 90
        1
176
     0
 90
        6
176
     0
 90
        2
176
     0
 62
     7
176
     0
 90
        5
176
     0
 90
        0
176
     0
 90
        0
176
     0
290
     0
176
     0
 90
        1
176
     0
 40
0.0
176
     0
 90
        0
176
     0
290
     0
176
     0
290
     1
176
     0
290
     1
176
     0
290
     0
176
     0
290
     0
176
     0
290
     0
176
     0
290
     0
176
     0
290
     0
176
     0
290
     0
176
     0
 90
       50
176
     0
 40
0.0
176
     0
 40
1.0
176
     0
 90
        0
176
     0
 62
    18
420
        0
176
     0
 90
       50
176
     0
 90
        3
176
     0
 62
     5
420
      255
176
     0
290
     0
176
     0
 90
       50
176
     0
 90
       50
176
     0
 90
       50
176
     0
290
     0
176
     0
 90
       50
176
     0
 62
   256
176
     0
 40
1.0
176
     0
 90
        2
176
     0
  1
strokes_ogs.tif
176
     0
290
     0
176
     0
 40
1.0
176
     0
 40
1.0
176
     0
1001
ACAD
1000
AcDbSavedByObjectVersion
1070
     0
  0
VISUALSTYLE
  5
1B9D
102
{ACAD_REACTORS
330
1B8F
102
}
330
1B8F
100
AcDbVisualStyle
  2

 70
    14
177
     3
291
     1
 70
    58
 90
        2
176
     1
 90
        2
176
     1
 90
        0
176
     1
 90
        0
176
     1
 40
0.6
176
     1
 40
30.0
176
     1
 62
     7
176
     1
 90
        1
176
     1
 90
        4
176
     1
 62
     7
176
     1
 62
   257
176
     1
 90
        7
176
     1
 90
        7
176
     1
 40
1.0
176
     1
 90
        8
176
     1
 62
     7
176
     1
 40
1.0
176
     1
 90
        1
176
     1
 90
        6
176
     1
 90
        2
176
     1
 62
     7
176
     1
 90
        5
176
     1
 90
        0
176
     1
 90
        0
176
     1
290
     0
176
     1
 90
        1
176
     1
 40
0.0
176
     1
 90
        0
176
     1
290
     0
176
     1
290
     1
176
     1
290
     1
176
     1
290
     0
176
     1
290
     0
176
     1
290
     0
176
     1
290
     0
176
     1
290
     0
176
     1
290
     0
176
     1
 90
       50
176
     1
 40
0.0
176
     1
 40
1.0
176
     1
 90
        0
176
     1
 62
    18
420
        0
176
     1
 90
       50
176
     1
 90
        3
176
     1
 62
     5
420
      255
176
     1
290
     0
176
     1
 90
       50
176
     1
 90
       50
176
     1
 90
       50
176
     1
290
     0
176
     1
 90
       50
176
     1
 62
   256
176
     0
 40
1.0
176
     0
 90
        2
176
     1
  1
strokes_ogs.tif
176
     1
290
     0
176
     1
 40
1.0
176
     1
 40
1.0
176
     1
1001
ACAD
1000
AcDbSavedByObjectVersion
1070
     0
  0
VISUALSTYLE
  5
1BA6
102
{ACAD_REACTORS
330
1B8F
102
}
330
1B8F
100
AcDbVisualStyle
  2

 70
    21
177
     3
291
     1
 70
    58
 90
        2
176
     0
 90
        2
176
     0
 90
        0
176
     0
 90
        0
176
     0
 40
0.6
176
     0
 40
30.0
176
     0
 62
     7
176
     0
 90
        1
176
     0
 90
        4
176
     0
 62
     7
176
     0
 62
   257
176
     0
 90
        1
176
     0
 90
        1
176
     0
 40
1.0
176
     0
 90
        9
176
     2
 62
     7
176
     0
 40
1.0
176
     0
 90
        1
176
     0
 90
        6
176
     0
 90
        2
176
     0
 62
     7
176
     0
 90
        5
176
     0
 90
        0
176
     0
 90
        0
176
     0
290
     0
176
     0
 90
        1
176
     0
 40
0.0
176
     0
 90
        0
176
     0
290
     0
176
     0
290
     1
176
     0
290
     1
176
     0
290
     0
176
     0
290
     0
176
     0
290
     0
176
     0
290
     0
176
     0
290
     0
176
     0
290
     0
176
     0
 90
       50
176
     0
 40
0.0
176
     0
 40
1.0
176
     0
 90
        0
176
     0
 62
    18
420
        0
176
     0
 90
       50
176
     0
 90
        3
176
     0
 62
     5
420
      255
176
     0
290
     0
176
     0
 90
       50
176
     0
 90
       50
176
     0
 90
       50
176
     0
290
     0
176
     0
 90
       50
176
     0
 62
   256
176
     0
 40
1.0
176
     0
 90
        2
176
     0
  1
strokes_ogs.tif
176
     0
290
     0
176
     0
 40
1.0
176
     0
 40
1.0
176
     0
1001
ACAD
1000
AcDbSavedByObjectVersion
1070
     0
  0
VISUALSTYLE
  5
1B99
102
{ACAD_REACTORS
330
1B8F
102
}
330
1B8F
100
AcDbVisualStyle
  2

 70
     8
177
     3
291
     0
 70
    58
 90
        2
176
     1
 90
        2
176
     1
 90
        0
176
     1
 90
        2
176
     1
 40
0.6
176
     1
 40
30.0
176
     1
 62
     7
176
     1
 90
        0
176
     1
 90
        0
176
     1
 62
     7
176
     1
 62
   257
176
     1
 90
        1
176
     1
 90
        1
176
     1
 40
1.0
176
     1
 90
        8
176
     1
 62
   257
176
     1
 40
1.0
176
     1
 90
        1
176
     1
 90
        6
176
     1
 90
        2
176
     1
 62
     7
176
     1
 90
        3
176
     1
 90
        0
176
     1
 90
        0
176
     1
290
     0
176
     1
 90
       13
176
     1
 40
0.0
176
     1
 90
        0
176
     1
290
     0
176
     1
290
     1
176
     1
290
     1
176
     1
290
     0
176
     1
290
     0
176
     1
290
     0
176
     1
290
     0
176
     1
290
     0
176
     1
290
     0
176
     1
 90
       50
176
     1
 40
0.0
176
     1
 40
1.0
176
     1
 90
        0
176
     1
 62
    18
420
        0
176
     1
 90
       50
176
     1
 90
        3
176
     1
 62
     5
420
      255
176
     1
290
     0
176
     1
 90
       50
176
     1
 90
       50
176
     1
 90
       50
176
     1
290
     0
176
     1
 90
       50
176
     1
 62
   256
176
     0
 40
1.0
176
     0
 90
        2
176
     1
  1
strokes_ogs.tif
176
     1
290
     0
176
     1
 40
1.0
176
     1
 40
1.0
176
     1
1001
ACAD
1000
AcDbSavedByObjectVersion
1070
     0
  0
VISUALSTYLE
  5
1BA4
102
{ACAD_REACTORS
330
1B8F
102
}
330
1B8F
100
AcDbVisualStyle
  2

 70
    27
177
     3
291
     0
 70
    58
 90
        2
176
     1
 90
        2
176
     1
 90
        1
176
     1
 90
        2
176
     1
 40
0.6
176
     1
 40
30.0
176
     1
 62
     7
176
     1
 90
        0
176
     1
 90
        4
176
     1
 62
     7
176
     1
 62
   257
176
     1
 90
        1
176
     1
 90
        1
176
     1
 40
1.0
176
     1
 90
        8
176
     1
 62
   257
176
     1
 40
1.0
176
     1
 90
        1
176
     1
 90
        6
176
     1
 90
        2
176
     1
 62
     8
176
     1
 90
        3
176
     1
 90
        0
176
     1
 90
        0
176
     1
290
     0
176
     1
 90
        5
176
     1
 40
0.0
176
     1
 90
        0
176
     1
290
     0
176
     1
290
     1
176
     1
290
     1
176
     1
290
     0
176
     1
290
     0
176
     1
290
     0
176
     1
290
     0
176
     1
290
     0
176
     1
290
     0
176
     1
 90
       50
176
     1
 40
0.0
176
     1
 40
1.0
176
     1
 90
        0
176
     1
 62
    18
420
        0
176
     1
 90
       50
176
     1
 90
        3
176
     1
 62
     5
420
      255
176
     1
290
     0
176
     1
 90
       50
176
     1
 90
       50
176
     1
 90
       50
176
     1
290
     0
176
     1
 90
       50
176
     1
 62
   256
176
     0
 40
1.0
176
     0
 90
        2
176
     1
  1
strokes_ogs.tif
176
     1
290
     0
176
     1
 40
1.0
176
     1
 40
1.0
176
     1
1001
ACAD
1000
AcDbSavedByObjectVersion
1070
     0
  0
VISUALSTYLE
  5
1BA3
102
{ACAD_REACTORS
330
1B8F
102
}
330
1B8F
100
AcDbVisualStyle
  2

 70
    26
177
     3
291
     0
 70
    58
 90
        2
176
     1
 90
        2
176
     1
 90
        1
176
     1
 90
        2
176
     1
 40
0.6
176
     1
 40
30.0
176
     1
 62
     7
176
     1
 90
        1
176
     1
 90
        2
176
     1
 62
     7
176
     1
 62
   257
176
     1
 90
        2
176
     1
 90
        1
176
     1
 40
1.0
176
     1
 90
        8
176
     1
 62
   257
176
     1
 40
1.0
176
     1
 90
        1
176
     1
 90
        6
176
     1
 90
        2
176
     1
 62
     7
176
     1
 90
        3
176
     1
 90
        0
176
     1
 90
        0
176
     1
290
     0
176
     1
 90
        5
176
     1
 40
0.0
176
     1
 90
        0
176
     1
290
     0
176
     1
290
     1
176
     1
290
     1
176
     1
290
     0
176
     1
290
     0
176
     1
290
     0
176
     1
290
     0
176
     1
290
     0
176
     1
290
     0
176
     1
 90
       50
176
     1
 40
0.0
176
     1
 40
1.0
176
     1
 90
        0
176
     1
 62
    18
420
        0
176
     1
 90
       50
176
     1
 90
        3
176
     1
 62
     5
420
      255
176
     1
290
     0
176
     1
 90
       50
176
     1
 90
       50
176
     1
 90
       50
176
     1
290
     0
176
     1
 90
       50
176
     1
 62
   256
176
     0
 40
1.0
176
     0
 90
        2
176
     1
  1
strokes_ogs.tif
176
     1
290
     0
176
     1
 40
1.0
176
     1
 40
1.0
176
     1
1001
ACAD
1000
AcDbSavedByObjectVersion
1070
     0
  0
VISUALSTYLE
  5
1BA0
102
{ACAD_REACTORS
330
1B8F
102
}
330
1B8F
100
AcDbVisualStyle
  2

 70
    23
177
     3
291
     0
 70
    58
 90
        2
176
     1
 90
        2
176
     1
 90
        3
176
     1
 90
        0
176
     1
 40
0.6
176
     1
 40
30.0
176
     1
 62
     7
176
     1
 90
        2
176
     1
 90
        2
176
     1
 62
     7
176
     1
 62
     7
176
     1
 90
        1
176
     1
 90
        1
176
     1
 40
40.0
176
     1
 90
        8
176
     1
 62
     7
176
     1
 40
1.0
176
     1
 90
        1
176
     1
 90
        6
176
     1
 90
        2
176
     1
 62
     7
176
     1
 90
        3
176
     1
 90
        0
176
     1
 90
        0
176
     1
290
     0
176
     1
 90
        1
176
     1
 40
0.0
176
     1
 90
        0
176
     1
290
     0
176
     1
290
     1
176
     1
290
     1
176
     1
290
     0
176
     1
290
     0
176
     1
290
     0
176
     1
290
     0
176
     1
290
     0
176
     1
290
     0
176
     1
 90
       50
176
     1
 40
0.0
176
     1
 40
1.0
176
     1
 90
        0
176
     1
 62
    18
420
        0
176
     1
 90
       50
176
     1
 90
        3
176
     1
 62
     5
420
      255
176
     1
290
     0
176
     1
 90
       50
176
     1
 90
       50
176
     1
 90
       50
176
     1
290
     0
176
     1
 90
       50
176
     1
 62
   256
176
     0
 40
1.0
176
     0
 90
        2
176
     1
  1
strokes_ogs.tif
176
     1
290
     0
176
     1
 40
1.0
176
     1
 40
1.0
176
     1
1001
ACAD
1000
AcDbSavedByObjectVersion
1070
     0
  0
VISUALSTYLE
  5
1BA1
102
{ACAD_REACTORS
330
1B8F
102
}
330
1B8F
100
AcDbVisualStyle
  2

 70
    24
177
     3
291
     0
 70
    58
 90
        1
176
     1
 90
        2
176
     1
 90
        2
176
     1
 90
        0
176
     1
 40
0.6
176
     1
 40
30.0
176
     1
 62
     7
176
     1
 90
        2
176
     1
 90
        2
176
     1
 62
     7
176
     1
 62
     7
176
     1
 90
        1
176
     1
 90
        1
176
     1
 40
40.0
176
     1
 90
       11
176
     1
 62
     7
176
     1
 40
1.0
176
     1
 90
        1
176
     1
 90
        6
176
     1
 90
        2
176
     1
 62
     7
176
     1
 90
        6
176
     1
 90
        0
176
     1
 90
        0
176
     1
290
     0
176
     1
 90
        1
176
     1
 40
0.0
176
     1
 90
        0
176
     1
290
     0
176
     1
290
     1
176
     1
290
     1
176
     1
290
     0
176
     1
290
     0
176
     1
290
     0
176
     1
290
     0
176
     1
290
     0
176
     1
290
     0
176
     1
 90
       50
176
     1
 40
0.0
176
     1
 40
1.0
176
     1
 90
        0
176
     1
 62
    18
420
        0
176
     1
 90
       50
176
     1
 90
        3
176
     1
 62
     5
420
      255
176
     1
290
     0
176
     1
 90
       50
176
     1
 90
       50
176
     1
 90
       50
176
     1
290
     0
176
     1
 90
       50
176
     1
 62
   256
176
     0
 40
1.0
176
     0
 90
        2
176
     1
  1
strokes_ogs.tif
176
     1
290
     0
176
     1
 40
1.0
176
     1
 40
1.0
176
     1
1001
ACAD
1000
AcDbSavedByObjectVersion
1070
     0
  0
VISUALSTYLE
  5
1B9C
102
{ACAD_REACTORS
330
1B8F
102
}
330
1B8F
100
AcDbVisualStyle
  2

 70
    13
177
     3
291
     1
 70
    58
 90
        2
176
     1
 90
        2
176
     1
 90
        0
176
     1
 90
        0
176
     1
 40
0.6
176
     1
 40
30.0
176
     1
 62
     7
176
     1
 90
        1
176
     1
 90
        4
176
     1
 62
     7
176
     1
 62
   257
176
     1
 90
        1
176
     1
 90
        1
176
     1
 40
1.0
176
     1
 90
       12
176
     1
 62
     7
176
     1
 40
1.0
176
     1
 90
        1
176
     1
 90
        6
176
     1
 90
        2
176
     1
 62
     7
176
     1
 90
        5
176
     1
 90
        0
176
     1
 90
        0
176
     1
290
     0
176
     1
 90
        1
176
     1
 40
0.0
176
     1
 90
        0
176
     1
290
     0
176
     1
290
     1
176
     1
290
     1
176
     1
290
     0
176
     1
290
     0
176
     1
290
     0
176
     1
290
     0
176
     1
290
     0
176
     1
290
     0
176
     1
 90
       50
176
     1
 40
0.0
176
     1
 40
1.0
176
     1
 90
        0
176
     1
 62
    18
420
        0
176
     1
 90
       50
176
     1
 90
        3
176
     1
 62
     5
420
      255
176
     1
290
     0
176
     1
 90
       50
176
     1
 90
       50
176
     1
 90
       50
176
     1
290
     0
176
     1
 90
       50
176
     1
 62
   256
176
     0
 40
1.0
176
     0
 90
        2
176
     1
  1
strokes_ogs.tif
176
     1
290
     0
176
     1
 40
1.0
176
     1
 40
1.0
176
     1
1001
ACAD
1000
AcDbSavedByObjectVersion
1070
     0
  0
VISUALSTYLE
  5
1B96
102
{ACAD_REACTORS
330
1B8F
102
}
330
1B8F
100
AcDbVisualStyle
  2

 70
     5
177
     3
291
     0
 70
    58
 90
        0
176
     1
 90
        2
176
     1
 90
        0
176
     1
 90
        0
176
     1
 40
0.6
176
     1
 40
30.0
176
     1
 62
     7
176
     1
 90
        1
176
     1
 90
        4
176
     1
 62
     7
176
     1
 62
   257
176
     1
 90
        1
176
     1
 90
        1
176
     1
 40
1.0
176
     1
 90
        0
176
     1
 62
   257
176
     1
 40
1.0
176
     1
 90
        1
176
     1
 90
        6
176
     1
 90
        2
176
     1
 62
     7
176
     1
 90
        3
176
     1
 90
        0
176
     1
 90
        0
176
     1
290
     0
176
     1
 90
        1
176
     1
 40
0.0
176
     1
 90
        0
176
     1
290
     0
176
     1
290
     1
176
     1
290
     1
176
     1
290
     0
176
     1
290
     0
176
     1
290
     0
176
     1
290
     0
176
     1
290
     0
176
     1
290
     0
176
     1
 90
       50
176
     1
 40
0.0
176
     1
 40
1.0
176
     1
 90
        0
176
     1
 62
    18
420
        0
176
     1
 90
       50
176
     1
 90
        3
176
     1
 62
     5
420
      255
176
     1
290
     0
176
     1
 90
       50
176
     1
 90
       50
176
     1
 90
       50
176
     1
290
     0
176
     1
 90
       50
176
     1
 62
   256
176
     0
 40
1.0
176
     0
 90
        2
176
     1
  1
strokes_ogs.tif
176
     1
290
     0
176
     1
 40
1.0
176
     1
 40
1.0
176
     1
1001
ACAD
1000
AcDbSavedByObjectVersion
1070
     0
  0
VISUALSTYLE
  5
1BA2
102
{ACAD_REACTORS
330
1B8F
102
}
330
1B8F
100
AcDbVisualStyle
  2

 70
    25
177
     3
291
     0
 70
    58
 90
        2
176
     1
 90
        2
176
     1
 90
        1
176
     1
 90
        1
176
     1
 40
0.5
176
     1
 40
30.0
176
     1
 62
     7
176
     1
 90
        1
176
     1
 90
        0
176
     1
 62
     7
176
     1
 62
   257
176
     1
 90
        1
176
     1
 90
        1
176
     1
 40
1.0
176
     1
 90
        8
176
     1
 62
     7
176
     1
 40
1.0
176
     1
 90
        1
176
     1
 90
        6
176
     1
 90
        2
176
     1
 62
     7
176
     1
 90
        3
176
     1
 90
        0
176
     1
 90
        0
176
     1
290
     0
176
     1
 90
       13
176
     1
 40
0.0
176
     1
 90
        0
176
     1
290
     0
176
     1
290
     1
176
     1
290
     1
176
     1
290
     0
176
     1
290
     0
176
     1
290
     0
176
     1
290
     0
176
     1
290
     0
176
     1
290
     0
176
     1
 90
       50
176
     1
 40
0.0
176
     1
 40
1.0
176
     1
 90
        0
176
     1
 62
    18
420
        0
176
     1
 90
       50
176
     1
 90
        3
176
     1
 62
     5
420
      255
176
     1
290
     0
176
     1
 90
       50
176
     1
 90
       50
176
     1
 90
       50
176
     1
290
     0
176
     1
 90
       50
176
     1
 62
   256
176
     0
 40
1.0
176
     0
 90
        2
176
     1
  1
strokes_ogs.tif
176
     1
290
     0
176
     1
 40
1.0
176
     1
 40
1.0
176
     1
1001
ACAD
1000
AcDbSavedByObjectVersion
1070
     0
  0
DICTIONARYVAR
  5
379B
102
{ACAD_REACTORS
330
1B89
102
}
330
1B89
100
DictionaryVariables
280
     0
  1
0
  0
DICTIONARYVAR
  5
5761
102
{ACAD_REACTORS
330
1B89
102
}
330
1B89
100
DictionaryVariables
280
     0
  1
1:1
  0
DICTIONARYVAR
  5
1B8B
102
{ACAD_REACTORS
330
1B89
102
}
330
1B89
100
DictionaryVariables
280
     0
  1
Оформитель
  0
DICTIONARYVAR
  5
1B8A
102
{ACAD_REACTORS
330
1B89
102
}
330
1B89
100
DictionaryVariables
280
     0
  1
STANDARD
  0
DICTIONARYVAR
  5
1F2A
102
{ACAD_REACTORS
330
1B89
102
}
330
1B89
100
DictionaryVariables
280
     0
  1
Imperial24
  0
DICTIONARYVAR
  5
1F2B
102
{ACAD_REACTORS
330
1B89
102
}
330
1B89
100
DictionaryVariables
280
     0
  1
Imperial24
  0
DICTIONARYVAR
  5
1B8C
102
{ACAD_REACTORS
330
1B89
102
}
330
1B89
100
DictionaryVariables
280
     0
  1
1
  0
DICTIONARYVAR
  5
4B92
102
{ACAD_REACTORS
330
1B89
102
}
330
1B89
100
DictionaryVariables
280
     0
  1
1
  0
DICTIONARYVAR
  5
2D5D
102
{ACAD_REACTORS
330
1B89
102
}
330
1B89
100
DictionaryVariables
280
     0
  1
BYLAYER
  0
DICTIONARYVAR
  5
2D5C
102
{ACAD_REACTORS
330
1B89
102
}
330
1B89
100
DictionaryVariables
280
     0
  1
ByLayer
  0
DICTIONARYVAR
  5
1F2E
102
{ACAD_REACTORS
330
1B89
102
}
330
1B89
100
DictionaryVariables
280
     0
  1
0
  0
DICTIONARYVAR
  5
20DA
102
{ACAD_REACTORS
330
1B89
102
}
330
1B89
100
DictionaryVariables
280
     0
  1
1
  0
DICTIONARYVAR
  5
20DB
102
{ACAD_REACTORS
330
1B89
102
}
330
1B89
100
DictionaryVariables
280
     0
  1
15
  0
DICTIONARYVAR
  5
20D9
102
{ACAD_REACTORS
330
1B89
102
}
330
1B89
100
DictionaryVariables
280
     0
  1
0
  0
DICTIONARYVAR
  5
20D8
102
{ACAD_REACTORS
330
1B89
102
}
330
1B89
100
DictionaryVariables
280
     0
  1
0
  0
DICTIONARYVAR
  5
1B8D
102
{ACAD_REACTORS
330
1B89
102
}
330
1B89
100
DictionaryVariables
280
     0
  1

  0
DICTIONARYVAR
  5
1F2D
102
{ACAD_REACTORS
330
1B89
102
}
330
1B89
100
DictionaryVariables
280
     0
  1
127
  0
DICTIONARY
  5
5688
330
B43
100
AcDbDictionary
280
     1
281
     1
  3
ACAD_XREC_ROUNDTRIP
360
576E
  0
DICTIONARY
  5
5686
330
B42
100
AcDbDictionary
280
     1
281
     1
  3
ACAD_XREC_ROUNDTRIP
360
576F
  0
DICTIONARY
  5
1BBE
330
B44
100
AcDbDictionary
280
     1
281
     1
  3
ACAD_XREC_ROUNDTRIP
360
5770
  3
FBXASSET
360
1BBF
  0
XRECORD
  5
5704
102
{ACAD_REACTORS
330
5703
102
}
330
5703
100
AcDbXrecord
280
     1
 70
     2
 71
     3
 72
     0
  0
DICTIONARY
  5
1F30
330
B47
100
AcDbDictionary
280
     1
281
     1
  3
ACAD_ROUNDTRIP_2008_TABLESTYLE_CELLSTYLEMAP
360
58FD
  0
XRECORD
  5
576E
102
{ACAD_REACTORS
330
5688
102
}
330
5688
100
AcDbXrecord
280
     1
102
MATERIAL
148
0.0
149
0.0
149
0.0
 93
        0
 94
      127
282
     0
 72
     0
 77
     0
171
     0
175
     0
179
     0
273
     0
  0
XRECORD
  5
576F
102
{ACAD_REACTORS
330
5686
102
}
330
5686
100
AcDbXrecord
280
     1
102
MATERIAL
148
0.0
149
0.0
149
0.0
 93
        0
 94
      127
282
     0
 72
     0
 77
     0
171
     0
175
     0
179
     0
273
     0
  0
XRECORD
  5
5770
102
{ACAD_REACTORS
330
1BBE
102
}
330
1BBE
100
AcDbXrecord
280
     1
102
MATERIAL
148
0.0
149
0.0
149
0.0
 93
        0
 94
      127
282
     0
 72
     0
 77
     0
171
     0
175
     0
179
     0
273
     0
  0
XRECORD
  5
1BBF
102
{ACAD_REACTORS
330
1BBE
102
}
330
1BBE
100
AcDbXrecord
280
     1
 70
     1
 90
650459304
 71
     1
  1
053B1000-D1DC-5AA5-B4AD-F3FFBFDBED67
311
504B0304140006080800176E8A5C78F2BD8EED000000A80100004F00000030353342313030302D433030342D354141382D314242352D4537363231453146454537462F4173736574446174612F446566696E6974696F6E4974657261746F7250726F706572746965732E62696EBD90C14E03211086D1438D070F4DFA001EBC
311
22D02E504D8C590AF4D44B7D00335DB1DD84EE3665375E7BF4AD7548577D0327F999C9CF30F3854F42C8D71058920BD409CF1BCCCBD084635DBD54BBB00732CA4E6C3710EFB0E2726604E79C7A57282ACB52D2E9FCA1A0BC54CE5BADBD34EA12FBAE5036BC431FBB3C7255A72AC4084D68FB344663D871BB870E7741BCCF8F
311
AE09C9E984223F17294FDA9E8932E4070ADE0E8FCF9052E89ED82FD082F32203CDA9304652A7D55438E19DD39EAD436AFB6315D25FBB157671E6374569A99F796FBC35CE2ACDBA5D9FBF669231360DD491713620BC1E9A2DDAFF16DF504B0304140006080800176E8A5CBE30CA39F500000030020000450000003035334231
311
3030302D433030342D354141382D314242352D4537363231453146454537462F4173736574446174612F496E7374616E636550726F706572746965732E62696EEB606060F80F0540260323103700495E20ED9E9A975A94991C9C9C919A9BA802143030357632343030D075317471D635757434D575327174D1753376737372
311
737172753133674768046931363471713532B5D435353131D635313332D475727372D13534373670367376B67474B5042A03DBCBA019D37FE8ABC6157B20CD04146B0062181F4C03F940F0C11E2409D1C1C020E0C02000E242808A038C8583FE600F9580337028045AC300B4871928DD805002D3F5006A0C0F420A89050A4F
311
840C4C0F9202283365A703A620B208C40D2011909126C85248EC0FF62C401E28E6F88038B83CB1243943D7A928312F25350524434D0000504B0304140006080800176E8A5CB5A795FFE3790000DE7900006B00000030353342313030302D433030342D354141382D314242352D4537363231453146454537462F5265736F75
311
726365732F30353342313030302D443144432D354141352D423441442D4633464642464442454436372F7468756D626E61696C2F302F67656E657269635F706E6701DE79218689504E470D0A1A0A0000000D49484452000001000000010008030000006BAC58540000000467414D410000B18F0BFC61050000000173524742
311
00AECE1CE900000192504C5445818181B3B3B35A5A5A4848486060605C5C5C6464648383835E5E5E6262624E4E4EAFAFAF4A4A4AB5B5B54C4C4CB1B1B1858585B7B7B7585858ADADAD7C7C7C464646787878ABABAB747474A7A7A7686868707070B9B9B96E6E6E6A6A6A8B8B8B666666545454565656A5A5A5505050A1A1A1
311
BBBBBB8F8F8F9F9F9F4242425252527676764040403E3E3E9B9B9B7A7A7A8989897E7E7E9393939797974444448787873C3C3C727272BDBDBD3A3A3A6C6C6CA9A9A9A3A3A32020209D9D9DBFBFBF8D8D8D9595959191912626269999992222222424241E1E1EC1C1C1282828C3C3C32C2C2C2A2A2A2E2E2E303030C5C5C532
311
32321C1C1C363636383838343434C7C7C71A1A1A0E0E0E121212484A484C4E4C1616160A0A0A4A4C4A787A781414147C7E7C9193915E605E464846838583878987B1B3B18587856668665A5C5A626462818381A7A7A5A3A3A1B1B1AFADAFAD7072705C5E5C9D9D9BABADAB7E817EB7B9B7585A58BBBDBB4C4C4A8D8F8D7476
311
74B5B5B3B7B7B59FA19F606260ABABA9A5A5A39B9B99A9A9A78F8F8D6C6C6AC7C7C5451AD12700002000494441547801DCBD89771BD7B5A70B8EE04C702641712605CE034890E220088028C93245451215B713AF388E7DFD9EEDB8DDCE6ABFF4B57D97137BE50FEFEFDBA74049B6AEED74869B7E87404D2814EBB7F76F0F67
311
A8835CEEBFA0E42B854AA5B2BB5B6BCC951A8D52A93657A914FE0BEEE39FFE2FF395B9B9C6CAD2D4C4606F4B7FFF8D1B37EEDCB97587F7CD9B4343BD134BABE7DB48E3FFA7A228ECD6F6574E4786C0FC8B5FFCE2CD5FFCE297BF7CF3CD5FFC92B52FFE58BFF9E69B776E0EF5F79E55CBBBF9FC3F5D3DFFB07F5898ABAF7CDA
311
3B74E74EC0CE20230561BF096E97E05712BFFCC59BC80539DCE83DDD6E54FE61B7747DE17FB8980BBBFB2BBD4337DF487881AAE6C5ACC6AF25207877B2B527BFF1CB3B77FA47561ABBD7F7FA7FE146A5B6BD74E3164C7F51449AE95DB412200EC539418717E7F2F11B376FF62E95FEAF1442BED0581DBCA1BD2780D23F506A
311
FA16E1A7AD974EF17876F00DD7BCB187A1A97AE51FCED5BF2BC1F2BBE5B3C19BE27B43CF26DE00933658FE129B109C2FFF922CC22C4260FA01BEFB462A77DEBC35F42F600C3F5B0795D2E9E02DAD5E650B4438A92801B65C35CBAB7B1EE5041CE69D3B6F1822DFB873EBD6AD3B6FBC71EBC6C86AE967DFC2DFA4CEBFF1BF54
311
F6276EBC114E2F43FEC60B01A0D440A868B2920E5C4BC10D60931ADCB871F3268B21D3851B08E1D6AD9BFD4BF57F7577909FAB86F29B982571136AF01DF5FE32AC3BD9406CAAF2440A54CF176EDD01FBADA1FEFEFE21FE4C9858DFF4183458A9FD2B6708A5A5A137E0EE1D11A9EC0C7C58B2C73C0AD6B479BD76B7790CF899
311
E287FA5B06FB7B07C9195B7851FA8794031EF1FC5F9406BBFB23375420286399B631E93B08022A785C4DBF9996EC3551874094D71B6F487E80F6837E50F483BDBDBD83232323AC420A18C68DA196EDDADF68A77F938F78FD972BABBDB7B87FB164AC6FC2CB760365821ACB74AED44FFAD7E7431ECD7E08AC421F391D199998
311
989A383D9D98E8E56F84A318C58D9BFD2DAB73FF5222C8EFAEF4DE7AF30D756E5108683DA471E70D0502099A7240F19E4089D3FD203E620F1B47BF43501E85031AE44B4B9F2E4D2D9D4D51D8970983FA861B3706FF950CA170DE82F6B312CC4F42C8966295F7D725ED29882415DC055F36DEA1FE96FEC141493F05FAA9A9A5
311
A595B333DED5B3D5A533F62183323032F46EFF13EA0AAFA5FBF7C8976F8C10F7280A014832593B90004D52341980D907EAEB73411EB2F1EBC9F507F92746C40E7AE0AFAE54292BAB2BAB67CAE0746264A277B06508168C94BF772BE9765F7BF0B548FE1E07F3B5A521340A5CB5297C4B12811B89E82191ECF3E41B3259C529
311
F135E23CF4C7F961FB13537F5A02ECCAEA76B5BA5D3D3FDF3F2FEFEFB3AA22053E5008833428DC6C59FA2F770595F311F235D427F379BB8A121BD901B96076A388DC4C3C61C7933CCCD770FF375A6E0CE9F535FE2534BF5ADD3E3FAFD71BF57AA951B6D4CFEBFB8864758A26154430080B06ABFF557610ECC93726224F155D
311
1471041E0D42F82F4891C926C1355B0831649FF365F46FF05300A7A790BD8ADEEB0D4AA9569A9BDBADCCD56AA55AE377F5F3F3EA2A34983A1DE91D810543138D7F28E57FF4E2B5335A3928B76EA1CB9B00BF158C8F63A2E788826896D0B5E7C461949ECE089144F8EBEFC7FB4D8C9C4E9DAD60F7FBE572B416C2F2423ECF8B
311
86C439E450DA970634ACFDA977629098D0B2FAF313A36B3869E37AF7853378CDA1171FBEBA95DF1E44FD5144A420588641B0055A79ED91CC0DC41E27064512FB33F1F04D09D0D2DF0203A646A6CECE80DF28356A348CED8C4F1EF137B9319E1BCD29867CA556AA97F7B757567006A447FD375A26CAAFDED9CFDCFB2BB0BEEE
311
8AA5911BC2C7F85DF88A3775389990AA72219D582409210F85A4E66F2987D875C30848023088FDF77E87F96FD7CBA5B9DCCEF4F4C9FC7C676777577B7B7B67E7ECCCE4E8DEE85E81A6D55AA3BC7FBEB242589CE8ED4770E785D7DDE23FF2587EBF57F50B9E820527316488E5C32D50F979BCA58207297E2B6D658702FFCD21
311
1840FE43FC9F3A5BAD9E97E6F21B9FCF16BBBB3A3A5A175B5B1787875B5B3B86DFEFFC687A72674F19D46A8DFDF3EACA59E405375ACE76FFA922C817CE86A89BDD92F400F2C55B7462F610459837D3A61ACF50C7471C8F2F2A9D38C3DA2F068007F80EFCDBFBE5DCC674B1D83EBCBEB8BCBCBC3ED0D3D333D0B3DE33BCBEB0
311
D8DA35FBF9F8CECE68AE020BCE61C112A4C1138CD47F9AD13F7DC6AB9CF9CFCFAF9D0E01FFE6CD503F5B91C5218E2899CA15098714848B04FCE5654884ABF0E554F11F6C21D73D5D5AADD64B7B9327DDAD8B0B7D7D6D6D07070763BC0F3E38E8EB4310EBEB8BC3DDB347E3E37B5842B97C4E44A0C630427E5CFDFB71E03F47
311
1E12CA9FF70E055AE141042DD81234B879EB4606361D9328149037D7D76A571A7E974FA20AD0323832713AB5BA7ABE3B3E3D3FBC30307070B0B9B645D93C3CDC3CDCA41CFC6AAC2D64D0D579B4B1B397A7C1BDBEBD7D36657A3CD4B2F44F4909F2B9CA597F4245C59DEC354316F0587020D0C661742BC02869435FD12CF195
311
C422DB3C5A3E2305C000CE6B7B27ED8B7D63079B5B5B878787C787C7C7C757C76C51B60ED60EDAFA06D67B965B3B672677080BB5329E60E9B477847AE2E9EB53E35779FD37EFCD2D0DDD68AA355B6B0D81860502B8B68C801F5C697E9AD62F4B406244CB975560BAC756AAA577675B07C6D03778C17E7C95CAF1B3ABABE3E3
311
ADADE3CDB1B1B6B681014470343EBA979F8B90383545727C63E43549D14FD0F927E5F1FDEFD7263058FE02EBCD1BDCBCA053496BD58E69BC44F9F854D4D979AE9ADB908824382AC1D4014E9756EAF9CE85B6B54DB01F02F8EA5908E0D9D5F1B3E72188C3C3AB67879B07C8A0A767B8B831FE5E7EB754DEAE5261460243FFF0
311
7858D8EF0D658BDC563A2C5EF5833C13C90B69248C4DD97842B61DFA7F210A2F6108A0F96B62E2D3B3F3DD939EA47E30ABF5AB2B903F4BE5F9B36757CF65021E616DAC6F60A1FB647274B4B05B2E5341B082D43278F67D8DFDA48AFF9A13F22B34C7586C9992BA6E66CABC190E313E7C811AA57304B421A75B289B9D174CC8
311
68C24548823E230B9A5A2DCD2CAFE1F98E61C015CA7E96B083FC59F3ED06EE60F360B3AD6F79787ED278D0A86FAFE00BA9220EAEFE1D5DE1F7855939C3FCC1332426B377F692406E022C010DB437EF009803F0DCFD3B7C94440571D8F2C328F115F47FD324802070BAB43FBA80EFDB92FCA1F7E7CF9FA875CBB327CF9EB08C
311
4DE4815BC4210E2CB7CF1CEDECEDCED5B757490968286899FAF95583BF46F9393CEE6A86D6F618CAAD9BFF0BE22B042412C5CFB50556815CC5BBE33E9F61ECEC26A9BCB8145FD10590078F9C9E953B513FAE1FE387FAC246E14F9E3CE7F5F8194BD6594140876B6B84C5D6799C61A16434201E5237582AFD75C07EEED9863F
311
463284E2E13425A036BD41061259289B6BDC1ED656FC8B8592C9D00701E27CEA749F0D8EF44EAD8C1F80FFF8F8F9D513191F6803384C800097F24069C407CFAE88136B7DCB3D5D4A60B711F19070D83235F77331FD35E715966889038E2E0B346EAB7936C4162043E1A1F144093695443A570144898BC4079CEF1912809A30
311
35A1D3F361235F90FFF1E3E0FB93C7E2750719F88E7D8E68123883ADB5B18185AE99F1D11C1238A792DC4BEDE8EC6FF503DF377E0445F68FAF4E08D43082D02170F30131A154206CC559A8D9CFDD762B31273E4947A581E0D9BB71E33FFA07CD02CE2A6BE1EC80167497F2A81CFA3F7EFE58D0CF5D5D170DE4F89070B0BC40
311
40CC17BEAC6B0586C3D3FF0309BC06F44B04A1E13729929B4DF73C44070692C810B08AC3012E8EE9EAE22067796288C193B2139B970B86F47FAD0F98382B1E035D9C32FD318A4FAFCB274F2E1FA772F94411B0CD42493C23393A685B5FEF3E1ACF554AF5F3552A478383374E6B2FDDFC4F6DFE38F4F4ED7A7FE838F488EA85
311
2482F412D3CB07E293D02C9F074F12E84C5AAC423271450572A385449844706475FD38DC3C22486A0639E5F1E38B0CFE93CB4B25910EF309A2224BD8DAD40C682C28341AD69047E8539A6AFC14EC573F7FAD10AE0FE6EB13E87B28E093B513B5803514DE408809BC12A14876DE0A25F643009E9176D9F0C330164285A7444D
311
C8CAF0E9FE41429EE0A2F6A6DE91C0856C501272404A8468822E24C807030B1D33D40D4AFBDBABB411D093D88C86D7205E05FC57EDD1F805FA4CED5920F0CED39157E007CE21757C5DE440ECBCB46CD283E378029B43FB077B4F47E60E9F61E8D01BE017D7E843EB49F50A2028F1E442FCC90C9EE308E4C0C2C94EAE30B75F
311
AD3A0EAFA57FE9EF960F14BE15638840EAF3BA490BB6850EDB38EECAFD21A0C746D0C4234DBD035EFC7EDD121FA585FAB73DB89FE6A03CF833AB0730E5E2F1A36CE3F202A128934B44E396961121E1F2C9F32BFCC0C140CFE22C1CA8E109B182919696BFB98120234F61B59F7BF46EC30CF067B21A33B0FB3E402448EE266C
311
CD93135A8E823DB31F85E677434E608F53F8100BC0098EA2FD6BC01770E0F2F2D1E5452A711C4BB8486248FAD756D852026B6DC90A2AA5C6B69E9068B8F27AFABFFEE8AB36F1D23985D5960014FD711940800B560250D2272CC54FF1D3A660B275AC3881E349689C1616E1E9044129D032313509DE4700BC867C71F128C400
311
159407C761022BA8A040F40A244788808C60B3AD67A17576279F6F946923191921B0545FC2F12AC0EFEFBD7262B6935679FC7F80629160ABFAEC88E8430E76D82A8DE62ACE50BD4A42FBF03B387B37FD321B37E31C3F063D99703F5160E6C9E5A300CF32A91E0A085A29C0FC507F6C21012303C6104B82C1F1E156DB3229D1
311
A855A32A8352C9077AF733A0AFE0FB3EF81FDF2F0F82C21B0EB06998866878B103305E31EC17F4FD43831E570A2118D1667632D4FFFFB125782F96168A833DBE78C3F11F8383A79D49F58F1E3DBC780417AE6581381E8610604888E2913E12492881274822C221AD04CB0B1D273B8542837460898C686864FF6F801E8269F4
311
0AD0481DFAF5E6E9C1F3BE391C325004DF0746A4E4448F7B52C0D5EAD39EC46896B888C4210D68E99DFA2820DF7FF850EC407EB55C3EBC5028611409BFCB8889C90F1C52355AEF98B18100094C9D0EF6F64FD47E5CBF3FF5293DDFB4B50DDD54F351446FA1F14580DC3902C085F593CB24ACC917B213BBC11B3F0A61042FD8
311
B24F4FB9C4556D0CB9E1A880DE89934CE9607F18F81FDD950DD0E1D143F41D56110E227C250621FF098838042BC85B5B6BCBCBC31DD37B34966E9FFD9936A2FEFEA9EBA4182E5CD3E17AE35501FCE0707E5525A7DBC64DFD077825BE37CE0BBE1BBEC061410C660B6E49912665E2B3749C7C9F93834022F74CDE6CA5EB501D
311
9CBC04B768292C5CCB84478F3CA83074092C6082169015E5800D5839DC6C1B58EFE83ECA513BDE3EFB8EF1242D2D4B3FD55AFE03D42F8492AF8A3F21444FA2FA9ABBF525EAF84C09F0168527B0138A85D1EC0443C467B28BF844EAF76323BE13D7C11F72FED783837B970FEFDE7D7817E077C17EF7E2A1C2C0FE851FE4C008
311
388C15E818958746129E1009D054B67530D6B3D8DA3D59D82D9D57CF70039FF50FFE0DE94089DB269C3655A4F25B38C49D0BD48E59F1526887C18FC5272197F85CA72862A593A4843CD25F920487DDF7AA0441A2C0600D062001F103FCEEA3D8560CEC3EBACB01CAE5A51E420349F602191E5F901893142381351CE17047E7
311
64BE50DEAF9E4D8C38B6ECFFACEB141E54A6865A88A60133EE9CBB4C256930B0B168C1C3AB59FE1743FB422C7166082E934AFA5EFA3E4BCE0B69362FA7041818B7FDECE1DDFB4D022007CA23E521F0700AAEB5888BBBF08023E128B4045381542FA256B0D04E28A0C3804E233A1BFB476A2F48FD135BAF9843BEDA3264EB42
311
BA499601F16B566E72C7EA35908ABCB9176BBED43204C696AFD3D7B24B08D3AFA44BE243D88A6D9D0B6562B52F741E1610C0EFBBAF2B0829289A640EC4C8A4FF66A24430786CEBE1E1E61AF9507BFB496EAEB64F8F49B4129EBDEC065EC1F8A3F228A3CD0950883B41BEC6D1944AE06147289600A7726313AC69A3F91197F1
311
438BCB743E76F01F6EF1D1C854071670FFFE43FF1EDED702EE5A14C85D0C42DF90B86068800659AC88981855E3E774A71C0CAC2F76754EE7CC87C808D1E1E0F6CF47FD4224731337BE1E39C5010823EE997B1491BBD99FC8D8EF77482BEB5EB2CF66499A8E0F7511B19B3EFBDACB6507BC78731B1B383D02FFDD7BE8DD9256
311
F7D0BA7B46015941097B80018F700FFA024CC08078F51806100ADBFA163ABA8A3B95B9D2F92AC30BC908ED31FABE0CBEBFFF0279B675868F9AA24E9530B08C174055B7F48E4F58002F3E82F0BDFA003E8B431EB6C4A91E4D9B5FFB791265BA8827BBE5F1BCFA7F789F72F75EC800F8AE43FFAEC42F13009FB905A9A0132015
311
D0068ED7682AC608BA6771038DEDB3B33082891FAB1ABF5614F93238079726B833958796B845B731FCB86316713C1DC581B1E19B424EE32674093F80776F7E27C6FBFAC85C536CD955B96EDA2A3FBF770FF4BE11845470EB3E42D022000E0FE07D161811020742162444668308801E133A4C163BE68F6826A5523071CA78B2
311
FED51F28F8C70FE4190073A3E5D3259D7A288CD19BDE623F10021BAB0C6E327FD507B2741627727EA00D31856492F9F009D7F152D930704E642795C1C1B336E0DEBB7F0FDCB79318543B25341F36802D64A981A690B94259607DE0B19D466BF8C1C5E1CEF9A3FC5C639FD6117B4BAEAB453F8EFBDA500A67E8BAF76C8A0656
311
6E36EE1184E8329419161F83D843D5DE7D8221163E145F56921C3EE383978072129E290A9B7166E63D26BAB1FCDBF710009E4051842390031845F20077CD079407C575F20364C4910ED2A574BC357630B0BCD8DE39335EB175646A698458F6A346F003A93002E846FFE0C459B8006E506D79BF902908A0AA05CB5E73530E33
311
BA1D3C2EF99C712B7C8B41DF4D2A7830BE8707485FCFAEEB85A09AB6D39BBF7B4F23E00509C20DB04E240822A4B810E04D8D53D10D504C059ED86BB8697F514777717A8F8144D48A4C89077F7EDB00E2D89DC02A7B975640A282C49A4AA84B70B12BFED8EA6584860DFB7EE23FCB00C6BAF7332FF259FA3C9346508813E372
311
F1DDE425065BB61FDF8300F7EEDDBE8D0C6EDF46F7D8823478590AE23759D60DA6B7A9F125EDE8F4A5D2B37470D0B63C30DCDE3D3D59A8D1501EB1B0A5377517BDD6E301F995E3F955F0F58FAC2E81CE172A8344AC03DC6781939D2484B8FFC15E8F3ACCD3954CE19576B942D0A029188EC7013FE59AE90B71292DE774F1F6
311
3D60230180B30A2EDC65291B6211B4081128856001A680015CE000708254891851D4B3BED0FA4D7166B466BFF1D2A924885AD12B387FC0FCE6819AC3AE06A7AA4B715F0927B74D119D4A668FB54B8A8C268D8B038A207D10A7B1E95E42195B695BE0240F7408B311257C23F581E987C180140C584A02B1670CB817CEC0A080
311
F259F1360E58452013200E3EC107AC1DF4FD7B0F6D23F33347F9527D9F51E6138E31AF35F1BDAAEEEBA3D71BB402E2FB47CECEE96B4DB85536772B07C82A34F3E66D0BCEC207FEB9E70643761276F7B50D5EE963CFF80C7AF4A2130F5BF8C4EBFB5F07B709840480DBD8007FB7EF3F90104908BA457D43AA2A6A02C9142228
311
5E5AAC143F3313A0CB74D9D164933B86C25587134E8D342B453FC982860D09FD13ABE72055ED020E85D3E312F74C25CB0293D978A1C4001927C80B86FD06349126EC219F0C735C8053D8F5F310817EA01F1B7851F406144C211C6362C27DD51F1E310C0102280ADB891E9B085CC528A2B1369A46BA195B9A2B351862CE4317
311
4BA73FB7CBB430A5798F4C54B7333B96C3224A9863AD02B9FBD8E63092191924E77C199D92887DA594B6DCF0112857162FD0949FE6A441F5E62E42FB2105BC405A2301A3424601DC807912CB2C39C604A27908021CDA30C4C8C2019A883B3A8BD393BB3546136EAF561980FB63E9E035FF73B96D09A905ACB2C11D79571C51
311
59026227DDBDB81396EB03F14100BEB66DE1FA9EF82C3ECCBE318119C4269FD014E66361FC8BB0B4EA9A98EF3D8848A01360430284335004C183CC25BCA82D2302EB03B8419241C64DF4F5ADAF77B533BE786334BFCBB8DA72BDBEFFC36103AFB30608A0B39B58D93F0BF42180841DD26BDC22CF0A770E90240006BAC65197
311
D90920131C7B2EB3CFD3C71C6378A305EE8488FC1FF8D391E2BDDB0F6E3F45E7C8207C419800DB410073A3173942CA8D5242642A74496FF115832A6314D9FA4257577BF7FCF8F8E8CEE8DEDE5EBE76DD3CF892BA7FB8B90F629431B5525E92A15A3A4A6FEA3FDD73136172060959206591F4C927196CF645AA285CF3014630
311
121754261C0D31E1A7E3DA2DBDB54B04703BDE3A4209F02045C4BB0F529A14BED07098A2A1CD47513DA64B512F409BC01663090796D787173B5AA141B1B39BB470EEBCF1E30F9D263ACC4D05110797CEF7B923B027F089F74D1D06F0A4D8C0CDA6604023FCA45B76C5CDE0BF3845ECBE13E0C0ED73700A8A753C1AC8AEFFF1
311
B407FC8A20F42F0D94019121DE304077A027D4112283BB8FF0072444D68AAD111D6F591BC0061854BBC048EBBE9E81F6A33A95C21BFD13AF3C7E7DCDFFEB0DE8903F77B41DF178E99C289895B0EA8CD640549D68935BA7C5294E0A1D66DA0CC419BD398E6265789CA1241441AC94532A3C19C95340BEFC68703077EFC1D307
311
B71F3C500859C11494838E902203A2BE90EACC5135B80B078804340C920C2300BCC06F7A1C71B875DC572C9BD1D84BD5FB9363CA6BA7D03E5C40FDFC54FC23C9B4B9DDD028787D89219038523BF64E638BB37CC25335937A00DFD32869C5B390C8C32FF25C8C47A7181B4A599A224A9DADB0E0406FEFF9F183B7448F081E3C
311
55024FB33828784AB61704482CD0160C04174F9E33BA9291D58C2F1F1B1B3B5863B0D9F3E51C35C253D54A23E560E2C0CB3A6F7A81382601C2079CAE96B7B1560D20A341E85A928A4E01083256420576C2ED477E2E565FD9223BCC691CF394D3D8E281501E0EE5C1C8159E92585D255CF30CC854C75318006EA4A01028EC85
311
3F9407C6053910BE105348324002260254886C156260F9189EE0F8C9A3CBAE9D5A992184568A69D5183A7DB97DB089FDC57AEE54F858FE54F577DBA85309640290F2D220952620750C5811FB772A7876D1E4040FBFC6474D51246D8B3FB378283FB514F8AB3C20B8BF7DBE5DE541C9A5D3D38DDB30E00151E02523081BC89C
311
2214103E0BC1B3D0199A08E002681A2613A2616CEDF0F0F9C5DDC75DA395C25C0309C03DEC8091A4AFD3FEB504AAC6633930556DAC86EE3561941E862C4A75DD6B6BB3A0C59BE153DFA73EDFCBC3CE2188D3D378FC976D0EF9A95B7C8532F527CE3CF539581E0FE501291E9139FFB65EFF5DBD8E0C18DE3077170A64E033FD
311
278F18068028802F156C3809FDEB11B1019C208D020C9BA2870457F0F8E1FDC7EDD393E3B9FC9C4308E9315704233F960E554802C14716B0B45DAB5EAB5E25AB7830EBB8D25E6CA94E4AA01794FB1EE164FE9F040FE82C940A4BCEF913075D087E85A7237D3CF29C47E4E676777779528C4781761F0BFBC1D3A77880E40C9A
311
2E5109180D5255317890394229F0F082010354082D574F1E3FBAB7D6553C2113DACB97BEB5526C7C6F69F9310A94C46CD89FF8F379AD1AA035FD00FF3F320180F01417A6F255A3A8D86319FE0C0B0E06A0DCD33F79841339C01E5BBE1911AFCFF7C1E0A540BFBDBFCF2372352686D863F83F59CB6865F43104007EE06F5240
311
6F680341102048A01BB048823082CBCB0B6AC48C313F3E7CFEF8F2D1FDC3D6F6F9F9D9E98D9D7CAE5EADE2A6512FAD7AB526E17F600C85550DDE9ACFE9D97E694513103BC69F8A2813176032C890C1E9C49FC09C61670FF8705B1D7386260E7C8E7122C7F8208A55139E8C8D4763F7EBF5728DF9C34677364E3A3F9AEFDEC9
311
CD95470788834F9FBEC512379890B38C94205B2557987C4186DF5C0837608DF0F9F3CB87B7EF6E920475752A01460E556919B2B64296FB9FB70DD5F47232A0F77465BF140CD001F00ADCA175090E2665A14E6329B62660E02A1CB50C6025E3DA252A670B3F0FFAA5EAD94A509FE7036B159E0D1D9F2E76B7AE1FD5A606198D
311
3A747AF450023CBDFD162278B9446688111009B4029B0F2180AE20A542D40610C073B47FEFE1416B2B12200F3C991C2F54EC2491027A816B0A34A9D05C6F437AC23462385DADD75642EDDA738AF1600DBE07EE8437804D2D011A94DF71C2085EDD40266A407FFA1D1C00B0C03927E60338E3B9D8C47D1F8CAED578E06F7CFA
311
A4BB63B175FA7C301B747CB377F45192003CB8FD34B12009224543D8604494011A80C1903CE0518C986208E1C5FDDB8FDA161686873BBABABAE74FA637BEA894A44078C19696F326E057D7F95D061A6B0394A9D5F2DCAAFE4C2388D8A6E9AB7695CB0BDD0A332430F1A9333DA41D1FFB97FA09AE84E738C75C407C260408F8
311
DBD5EDED7DE1570A7BE333C54F16963B46AB0C2B71208EA3D16EF4EEDCD7005241166C005A73C03164792151205C007288AE337B4D7103741BDE7B7AC913350B348B2D767515674EC6F72A0402BBCB41C81305AFCF05F2758D3ECAC8D26AB97606DB9581A4B7A8FFB068CD5C0604E6849046B70C2B60FF0CDDF93C13822B4E
311
82FA0479A68220E66D9FD775FB3C1A9CDBDB9829B6AF2F77EC9E0678FB20ED8D1B1A1A39D10F9812E20D6281F5673121AACAA9C53424000DAC173F7E18C3052EEE3E78E7F1160F5AAEAFB70E0F7775CFCE4EF384DDEEBEB9C0889D5243BDF557559FEDE5F17AB21E118C4C31A3DF6A96B56AC62180293910ECD6B721047664
311
BCFCC6B2DD3C65CA0F0C823DFEF84083C7ECCDF05898EEF158F4FEF97EB9C123F1B9D1D1A3D9F9AEC5F5CEDA84A3C96C14A55584D62893D6A54D8D2028D05C8B1F124884543F3223B29D208B04910D3FC43F5C52196AEB5B5F5E58E8E82610F08C21BD443801233C0CE8BD1E40F84A1CA86001990048031ABBAB11EF83F928
311
3EA89F181F2A0D9A9F62D94B7F625FD727E6A93F63F200F614F7CF100D4511C07DB45FC5F0CB4CA359ABE4774631FDAE85E599EA0878A3C33D5AD6430CF4C055EE5FDB80629000D7855DED3F436F3B61B3DC7FFACEFD2B1BC6FB0696312CFA477CE87A87070C7998E04FBA78AE3F915A065E819FCF35B410321D9ABB308146
311
A11AD5196CDDD7C477A171C8AFC74B45CBC6F641AB53C8D4ADA5870C02379BC0470CF83DB55F073E29CF5CE5F7A3F8FD62EB7AEB1774C2C6780B9523F9287193FD23DDB79FBEA513B45200E2E0C1B51350163AC19043C600F2C1DBF7DEBA7BB9B5457BC0D840CF325EB0BBABBB786D301437000020004944415472B491ABCC
311
EDAFC0591201CAC8EBFACBF367FE7B6E40E69F551BBBE7123E3C00AC560CE20C62436E8C3C54CC225EE08C0D74CE26148877689EDD004FB2BFBFFFBB984035373A7954EC5EE8591FE531348654514DB1D1C56411DFA2A7C212BE5ED91278F2851A432244C6822C29C85A8B320ADCBDFDD63BF71FD32648E7D098CD018BC35D
311
7FE89E250EF2AC75F96C15271602687965C844B8807C6E7729D93F22E81D39ABD62A0820C1FE9F11CFA7208125D33E96FD69E83AF6052DD32D49FF0802CD9F9DFD39260389A950887A647CCC99BAB17132DFB5DED35138FB3A060F6295AA5E195BF0BB56495A5A4A8FA440026E46A047D40ED2520A441C302D240F201FB8F7
311
E0EDDB0E12A04D8816215A0579E8FE1B1281E9F19C9900DE79842E2A7CCD48E9876EB01C75DBA0E0C8D44AB5512947A00BE7CF5DE9E1A6A6BE43CF1A78783DFD5A404E4477336C1ED8B18908B2A847B2AFE9839E891137A6673BBB96FBBA2A4B8E9373B001F08369BA11BE8ABC4302FD2345FD6014A127068427D007BE28B4
311
1D9B0D40FFB7EE531FA673C8870A69135B1CEEE8D009C08042A5B4EDA314920B635BF941E7487E45256439DFE9D276295F87E698389CD49FB394FE19720412DEDDC40E9CE9C6DD605E0B719FADC416CB15AB3A61F9B5B9B9426E54F81D8B03DD950946D432B40CEDAB7BB5AF11213CBA73C9BCCCDAFBCF06127C7980FE6D1D
311
C9B4DF14832D6568FEAEEBA76FBF438300B541064ED33F3AC0B0D10505306FD370AED02859234402F6C3FED006766DDED2034D90D119057225EEE3DAF787EBF30EC51ACB4F551678BD6728E1944730C095F13E4D81A4DFFBF67C5BEE37E62A85FCCEC6CC6C7BC77A5B477E22223ECA4FCC0F87E2A5E3EB782BDB25B8CFC673
311
6A044DE5A7CDA604526361D650484FE283B77EFBD65D52C1C73C4F48E7D0D81ACF572F2E2280F98FB230508FA906B42DE240ED651B301CEC83DE1790C9FD96B6CBF986BECF3BD332C18EF627A0B6EECD5B152E02088D03D828AFFAD26B05BF671B4F9A09A8CE0CD2707F67F2A4B3BB75B9ADA331C1305BBAC182FB4A79820B
311
7EEAF73199B8404C0B81231CDCBB871B80FC41FF5860E8E108222A1A076C29E6E03B6F3FBD4F1F295DC457573C7ADED636D6B7B8C88413DDF3B327E1046AA51040B40CB50C7E3F1D2E44DAD34CFA604029BFFBE714DF0C069908027EB275F1F366C132E1A7450B04011CF82B2B647CE754F650FF6E25BF37AAF65B7BDA16CA
311
A791F1D09F6CAB989EC5AB7809BE145FA459E8D3E4B0FB47DAEF093B946FED585B80FE1A0305FD5330FEDB4FDF79FBF6BDE81D8300CF6815E5F9896552412A03F31FCDCC7CB5E32365550CD9365FDCCEC8752E943161D78047336F8AF6539840A1F2E764FDA2970999F205CD2BD1F5CF496571F76EAEFA0E1CF8FD2A55FD06
311
391F9EEF8B9DC9994E72BEBEE1FC928E2F223EBA0FBFBFB4F2DF137BC894B8087643D64ADE6EDED67F7680FAC9060239E845FC94AE93D880F994FBF71FBCF5F66F9F32C292EA900F9C1E6F1105E81C5B5F58A067A448143842008D7275EA3BBA3D2516FDF02FF79260020D6B3C714711F3CFB61BFF56A826E627E82256F740
311
0FB387FEF23C1C1E77FD6A21EBB1B2B35F2F95E7760BE1FA3ABB3A981423477517EEE36FF96F122B942F6FB64D9502BD1B9089162532A2FEFED255028FE653C9F46FA321E0B588B7DE79FBED07C44106CC85133CA65190543004D01D02D8181DDDA5A9C91A7110805B7875B689FC3902200FB192E7DFD936B37B57D9C338BD
311
49E99E181F4E5FCAB2ABC1CA7AAB382CBC7D515457CFABE6FBC63D525E5CDF74B16378B9AD6774A58531912D232DF01BAA913DFB7D3AAFF912984302B84D0500077800D26C60A4742101DE420C610C2E92FA93056022EFBCFD5BB6B38651470CD33BD87630C05831BA864C85997B8754B05167F0706499DC442FCD22592AEC
311
2ABF3FF13F950039BF159FA9B36ABDB2778EFF83F70972B83BFD3F4899E64DD8346AA495CB155A7499F2CE39B0AAE755125EB84FD8CF8D8E4F4E9FB4B72E8F1DBCCB98B31BC4607C2CFF21C8145FB48EA0F2159F86A3098415609554DEFA7B27EF1301033DD06D274BAF6821D220DEF96FA4CBB60B3CA241C021D38E1AA76B
311
4406B4767576166766A6C7F77273F5F395291BBA19F64F2E3095C14F3E60371827741CB27E89543857D6D96BF9A47C6A9A26057840332EB843717AAD171880217B71FCCC0355AED3D4819911F79D0EA8AD6DA31A83E36C5DC2D470295C011302387069158F6C9966022367ECF1D00BA9BB95C389AE7B6105A1FB640689033A
311
7FCCFFEDB762189103A61C3A4FEFE0D6A6B5A19EC5755A443AE78BC5E9235B047890A65919A0D2F96AA3C01CEE913BB3ED239C3E0CD8DDAB99E4348BF3F8B977B6C43DEBEFBD7721A839A63B94C06A10DB87FCBFA3C2932F8C26F88B6D6BB30C3C4E09AFE40FAB52EFAA1EC0316920E031A46D65A0FFE45A673432E907FBCF
311
86717AC04F2CD0EF512D665FF53F05BFCDC43489F150890C60A8E0314E70A06F619D30D841189CA15D3417F3CD50191AE4396543F0C42BCFD696C58DF163F5B46D708BD5FDDA5E5E5FDF9401BC4F7E00E8A17520833D1CBFF495B5D1CE037C664123EEE74737268B5D1D3DBFDA6AAD8C08DF2C0BC7A737E10AAB2A7B958990
311
CEBF556CDBEE823CB09FB344143463C630CFFF585D330CF0320E921744A7918280FEEF981161008E9FBC78C830217A07B7D6985E83F9A79884ABB5AB383B4D7D788F9FB3D867A2112A43F19042B33A108690CF6F472F8661CFAC971478757F6E6F2F7AEB82FEA85E5715941778B278281F28C268AB24BDB470EF3303E09C35
311
9E9DF1CF990D8A096106E6A66C8620DDE7D281DF0B2831F20439A30D68386CE13E002F7EDA8D7806162B205D6A19AA1FABFD6B1B400EC2BFFDD66FDF7E8755B4883C043F43046C1326136680404F1F934EBDDFDD39CB58A98DF1BD7880E0532E671FA1435E9D6EA5E9071000BE8F262E7C4044FD95D5FD526EB40A05A63477
311
5F32205C3D779FDC168CD5E56BF982508BF572BDA4F6F57D3304BE9EB18149461B12F760D7485891CA47CFC44909136FBF4931716A2E100123FC6CCAA6A644F25EDF4AC980B14039009BECE8B798BF69A05DC5B6885CD23F8E13A46FF0C0A986D617F001C52241801E87C2974C31411DA3A5D7B6175472763D637D3E57C33B
311
908F867F4A59CFCA7923375E5F027A983E18BD7BD4E6FDDBB2250C1529F4202EFAAF979DFFB1F2612E87EBEFEC58581EDB9AA95AD1D7C1905F7305BF8182D5BBB524D47C4E3B81CD843220DE1E6536497C0962C225F75A2D6A998303B23FC501F0B3F736EE1FF01200FC8C99F5515207C9C40081DF304C0A17D06E26CCBC5B
311
3C47459308178301FA8057C2C0AE9D99B05F038828B08400F2E3251254DD7EB8BC4853B101F99AB48E387457C96951E5DB670648BAB70A7B04FE93EEC5F5B183F9739C98952C6845C380D401B8FC86E70A20744EC720E09D35955D96A9041720196D183AC2CFE6AEA816652D0234883D788BEC8F5DF2615261DB031C238109
311
2401B48D8D2D870FECEA9C3D99DDB036C8A051058030E32190976718C89F031DFBFF2EEA3D88606A8A19BD0AE305BDFD12BA4FF46F1A0002B07137989C748936E9DB2C91F43B07E4E4D16C3779CF5A4FFE8CC981F07C29E34B7C012AF0054FAEA4A6A3D49D3A16D2B3CF220A029003366663053C89B3FB1827080DEC278007
311
6FBFFD8E39810CB0593CC68B5D9009F2D400418028B0BC6CC74067E7C9CC0C2690FBB084AA5254A12AF63543B35EB40D17B693F7E3464D5094C00AA9E04E0E0524F5C35C5EC6BA94B21AAF2440725E2A9FF94FE7A8F0E769EB83FDEB039B631B18BF396F5C13CF89ACC02C387DA56DC3B1CD84B96CFAAA37B55FE723B61106
311
2258257D331F186AC93D8AD600B4FEF4AD777E4BF68F2168FF08C081A37AC13446C859964803961928476D78F68419390D830C1935B5C2A0A22A3AB17D3D6428BF12DC373B8D464E04C0A496BB3B3B75639DCC2500E0F0B15FB6F47B5A7ED0183A87CAE8D535F2EDBD4B3B7FC762DFE65A07C30B2851DB890082ADC07131EE
311
EFA3DB7DD5CD32C0860CA83CD4B7993A175F422A8149B1C1D94C1145059D9C78A8A572A90B7C8B1E3392FF77A80C50220880FF3669004E90F101740D2B808181455A044904674E7482CC3EC85C4BCE339404C0B0BF6A5611E4F9B8157BAB6DE327EC9BFBA1B4557ECB609C1F45326499EFB90EE78F18227F09E563C9E63D84
311
7EDB3B68EB9C39E95AC4F7ADCF7D87F6752BB6912040281E4A0D8A8314E80D60470999B8A51FB1488A66A9F3F81FFA61C83F4FA6969E472288FADFD61B005E0EA4284822E018911828E868614DA0C36E11F3A051070BF2F0840E35F200E2C0C80A776CC9E7E6841C0503D0EDF15ED9AFE527E798D23BEE5F0604E58DFB7099
311
D739BF0BA5D332EF29F1535995BDBD0DE681C4F71DFE6A7AC5A13554AE6910963E9ABC9A0DB5B202225545F5CFACC942B5B93C207352B6E5310BF349AF200175D7DFDF78F6D683B7C87E087FA9B35812C4F8F13452CED610A2207541E6D659A739441F3833CD0C9C3C3DC2B0712F62333C4FA9327C9CA1124904B4FDE0FE21
311
C119776CB0C212AAFBA5CAF80EB43772ADFE77CD9FA8A4144C54C2FB2304C65F62FC3678E4F6C68F30FEE1BE8383CE7DB86F58B1AE0C51F0F055E188D02F00911DDB0991832228B3172B3E623E513FF1734FF414A611A603163F401BEA790FC9FF7FC3FD3DB02DC00184145B850D01D120424DC03C00FCEB7880EEEE939399
311
F1F18DBD4AA54C939899304D913CC2D5CFBC55E50C7FBE4C0E14AEEF53D6843DFF56BE2D554637EA047D3C210E2C61077875FB5B40E19F43AB7470CAFE1C0D3ED3B3B4778D1DF6D4F837C08747180FE8394F2CA1E0A46B6DA62CE2B2DABEDE0B1924098580FC16B369730E9E90541D3730D47FDE16EE1FFAD3419CDA05ED1F
311
2715C607F2E81893AFC5936303F40EB776F1D808BDE393A3FA401E1C706E154C892860AD74A2949C409E28A8FB3349C764D13E4D1D3468952B7B1B35001BF41142CAD58D6011C8B78961EACAB66E9AFBC627673B61FFDA4167950A274145BF11EA17BA9AA60815C2C43AE1F648E3772E53C94E6364AF826019E723069A8AA3
311
53A3BF7FB5359281700061FF64C28C10B9AF0B70B0B0D30A31CD1CFD22F68C76DA1E44558869257892363C091D313EFA46B57C3BEB252E9C6BF5B4799EC58F1910F469E25AA17B343799DB3E33CF410061F96C6D63FA91B1000CEBB7D2971BDD39A2A76361E000F5DBC1688D47CB812DD60F8001AF25B328D173A9E4BAC18C
311
E9F1F628704330741B2649B92E9714447C68559C6CD2F681919367E4811100750058809D0230C087A89FF3C80C23C4C60882E481F48D531764BABD5CCECA308DE2F63D3BB50373D630796126803C2D1FBAC148F7592881B395ED7D26B7DD38D7096AF98841CB37592561D9C6565317AFBE9FC4AF7371E060736C7635E0CBA1
311
809FC80F544DBAA1F2F9393D970D44C0615A0C6930E758B9E63AE690F73045F0C8C0731DE9CD80F718E94652383458799E02C06D328010011C7090D8C5E5336A83D4059953877EA1E1D66FBE994F04608C4C991917230FB61F9AEE183A40AB9108D032449FD1A7283DD25ED15360EF7EA9303EDDC0043403531EDEAB10DFF8
311
7F5E2FD56DF0F1B701A9F614DB17FA0E0EDF6FD0B1622A81FA3D1DE5A33F551930335C353A87F9AB05C60455193448246944A232C5D07636D864CDD7A50D0B4440CDCC465D1C418321F50E1648D500294065D869559EF3C40C8FCC6C323E989AD0F0C73142480B200842802C061008B480A9954AF282052B3AF67350FD0DD3
311
0D1F4075AC303A5D490250F5400ACF479656861E4C77AFF327F3EBECA4B57B6B6C8FF62602BF150744656A87DABD7BC6BED50527B2120C001A0B3718C74F0C65CD34F275164D7968148DDF259AB8AD6CA81CDA4E8819509B996A7F642D987A401A2B04018C01E6C169A8700F9DE3B489DB2BC49C9B7B858A4F50D22AE15428
311
FCA4A1EDB20C83492690CFE361CC7F8C8066FFD0D77AEE797977F468A36E0B0DFC87F90EE6348BC748F7CB73B5B9DD5C6EE7AB19ADBF6DF359F1DC2A0F9E44F213F8041F64274C0859A2AB7C37440FEDDD2F95BE44065F22067E3EA0CC3BD8C0D8194EAB291CCEE20B9CD8E02950AD806080047A279F19024C837C84881671
311
9AC4A34DF8F0706CED904E8185753A458A27E4C1E37B5F30A104932BE140E0BF4E400160F320B054A8705042FFC47B4940810173F9C9E97240C7FCC3F3813EA239B745DE9F1B1F3FC2F9330374DBD1A7B475923F9A2ED81716D18D1B577DAAB9D1A0458655AD3CA7E211867AE7C702DCACCD291E0F798013DC01BC32608777
311
5C0833E04EA3778FBCB8DA4687A0255CA0AD210C15661E4E92001A4449031D1DD27D327334BE830B64DAD90CBF537A45FBD4E94A7A88888E715B7E74FCD040E818BDC1BF5AC609CCCC015DED23877080FCDC47BD8EF3A7B783A17D33F3ADEB6D6BC7AD75EA7C7852C5B6FDADA6AFEFC2D181C03F8C40DD8A4AB5024F0B72E3
311
4B57BC1182472DC80946789AFB711DB7F1193C03C893B0345F420246114D3EA71D04FBA731C0DAB0D3CD311B218F0D5A15ECC105D02F3AC32F13600084731A83220040019B03180634B5923D438300B05BAC80881F061095FED5D572A3323ABD83F1D37A2301A8C930AB3F66ADF7CBEFED30BAAD7D78A06DEB6A87F15491F5
311
AB7E25842B6B34BEFC12C8A159F187C64B3CBD2356DE5FBAB98BBE9583F0E3280C0076DA15BF34C15238145742B07080B1EFB83382F9FEF2239D003541041083C5AF9EF3C8944DC2030BC3ADEDDD9D27475800693049E05413BFB3FEB4308731512F13400D06F813368A0101D8D863EB3E75FCCADED124F532AD3F123F131A
311
B46A93DF1ECE7F96CE9EB6C365C6D6A07EEC461FC919FE288AF7AE1A7D012D291EB073735FF26BBB1C99FB706E972192819B7A34BF22424BEA1CC7958AC2E04BFC8E02DB90A4A1DD04811ACDBC181037864672C78F6C0EC3073A40CC49D5E813593B7002763BC6A909D31AC86F3F6E335C9E1C309BC58F16418642E2AF6B29
311
0A34FEDC0CFEE08FCA0F56700699CB73B9C99302AA17BD516D7F1FD755A2B32B3FBE7134D3BEC813195BD355020A7DBB541539CD2C06E45F46FC0EE08293E6C0E1972176D9B678340AA1A4823404EF79B1E2347E47C35D0A2260730E0B513025DC0BD1C07E3366E9B9D17F767405FB531070700035618606F0B40C73C974CF
311
D321B0C174A80C0F3AA54945FFEF348F5488895713E89B5C98DA501E06D8D24FF04FF0CD7ECD7BAA755A854EC6A180AD13BE094E8D5D63BFD6DFA5F5D3E4DB1BA18FD8473DC6E17FFC9832B71A2A94D96E808BB53F9192955D62C82E282B05168AA0927D54AB20A20A74800B7CC9655C8B15F62377CA4C91641F9F4D0478F4
311
FEFDCE273A002CC0A725EC165CE3A149F0333E8E9600B2C05A7D15FD831F0938DBE5D0FF13E3C0F0765965A0961C3FA86DEEB0E28304747BFBA5FCDEE44C23544F7BB7BF7A132DDE34F99E44EC3FEEAE92F667A10F7E90B0E8C6442DF5A5318B0F816311DB2E6DC6F172C363FC800EE09186BB9EC82A24C0117700CD884AA4
311
2023B81EA6E0CF8B3056411110D78606EBC5AD5417B45BCC8E61EA01C4006AC233933E35D860BC1B6CB9C9CCCE7840D2E0C1C1FFC11CCE54D59300F2B47D66A10F09D8E24B71B9BDDF98FB62A3B897C53EC88D16D1FFE8C649B17BB8E760EB20B784F52F992544753F2CBF642CD3C9C70D8722C197142C567E74FB431EE248
311
A8F3FC00377F5142144A82FFC28AC2970A780C85A7EE9146FA4B2981F3C93BCB0F3FBCB6DD3DE69C72B6073B99140DE28B8E919D9D9E7C2F5FA99FC1FFD07E9AC0965CDAEA0A945FADE52C791EA989E8E7A21A355FB37E44405D171B98A6E946DB26AE71DBD01FEF07FD378F5B4B518724481820890E7486E3FCE61A60E096
311
D577701890EE07CA5D7F2B086040749FCEF3F81972E510A86359C9BB579883035887542090614E5C4461705D7CA1CF84DB564838606CF1597E8119790D021080C935A908324EDE9F60A04B7830A33F0670CB08605B8D01BF9A3D435693FAB4FD84EF6754930640C1F9D74B052A7ABBA9F502B39DA3BF6BC7514EA4BEC71D75
311
2BFDC198EDA8DFE8F32B3EF811E4576B0A2074B99B070A069F60173E7427BDF285024E35A4418B7A412914F2800F1965C4F1120A2D5D2C64400563D5942044807BE7C738EBF3034C4A6F4D70C04ED1F97673C039FABC4CFF18866E08200BB66BDC9CCDCC3FFD1E43BEFC52C317F0F5E64900FBFCDA4DEE68768FFF46350E0E
311
DADB7B34DBBEDE3776BC55599AF84E312229F931E700D04478D66A0D88D09B2276141AF0F8811C5F8067DC04C0F90929F7F1AC9CCD368488AFB965C97B855A3E2E93AE5B4866502E55991B82D4388614F2C36B8484A5FA06E3EFFA984A6AF17D5C2073299D9F12FD63826F67FC460E54030981684E9FBFC22009A300696228
311
5FDF4FC84B699FB5BEF3736C6072F6844C15EDF25883037DE6BB7AFAD6AE164B367812FA8CFCA6FA25725D99AEC5C6EDEEC64ADDA2BE0056002032E1D7A20A54CF444E360D520A5B69816C0A953CE0434A8A898BF18E2B704588C01BDB2133342F5404FEE698957C200EF54E31BE6DF4E888C9C67F5F3F1B41F922777E7FA6
311
332677C20098C59F762F5DFE4A23F9801A3BB6F8A4F66E0D40EC867E92DEFCE84C714FC7CE8DD3DD3BDBF9C781B1C3B549FAD2C89D711808CAB100E09700BB85240374A7209212F320CA577222A7020E7824500179FC7096C714884BDFD9499E027ABEB3CB0226CD293CAE6E0C41A6788F396606A073E28CBE5CC67D584D36
311
CA39D37974FE1023253E3FFB007A26F657FFC901D851130DDC2BF54884F20D5D40A0B7E5C7BCC7CC87B84F2ED820192CCE1AABA1FF24ADBE1D03635B5B3B53D4A5F84120125FADC36A0E792D3AD7E255792CD5241A4C84171F1104090017DA493D0A7790A7BDE6DF326180398E4B0DEADA5C2763825E43E05C388E184678C8
311
8CE6422606C017F030366981353DF03A753DBF6370879F79889DD0BF75408724DB53C5B0063AB6568D02DC47AE4627B58D7E367A6000267E7840C23A0940B992DB98ED1C4731B4FB4DCFB6D3EAFB6CAC7646F0335C5031888CD74E2103380260AD47176D703960230370FBBF28813524C17FFFBD6288BB28E4F905ADB4A788
311
B40B4A6201C1878BED224DE9906C4C79EF32EE679B9F5D3B5DFA137327320643909A823F62106CB8F9BFE4BFEAFF0FC7A6393EC7F64A698EFF8ACE31BA05ECE6DAB6DF124118D1D13F892F3D3530602E3F3ED3D59DFB821ECFA3D9AE85B1ADAB9E328DE738BF55D5DFD039445AE76D0194180F57B15BEE5F09C07F952F9A10
311
372BC894CF7DA12CF6507E2A8916E0DF430C519485C55D61EFE209912D8C32866214E121611E22A0B1238DB18E86636A3BFAFD5B4EE02FF1E505F902BDF424D0516907BFC95EF3A76B6B3872769D67E25B548F0DA46E2B93DFDFD5F2B9E9EEE1EE1DCC7FBE6380DFBF38A165CAC73DF912AD76A4690D2B766A3EB4AFA2D05B
311
E543EA20B095FB17AE3F1928D84482049B659E671A4763CFA567C08824913D37F2F92F841FC244085C1681225C04AD6DE1684831682CE0D6096B56101C0D4FB3A1BD3F11FC1105AECF5660BD3FEEDF162B0D9DEC6DB55AF27FC98050BDDEDFF63ED14B01336053A19DE9AEF5F5D9E9D9F9E19ECDADCD497BCC57681922F327
311
EB41FF681E17C1921B04FBAE371AC69E53F98183E91B84897A5DB164158BD1D12FF6F6BEF0E02847727BF2628F9FD48B6FB11DF6928C868B29590A0606F92140D0C08850DAA7DD8A5FE8A50389F61288AEB743E9C801BB67DBE0A7F64F63BC87770FDF57AA73FE1F5A84F8DD3AADDFC32087FBC0A7D645C327B97D65E7A8BB
311
A76DFD9BCEE1B1CDE3F5F7CE4E6DF4013ECD7CB60BD1239E8A4E9A5722AD9C4FAC8F7FF17B214AF8801950430639A08E3ABD05A0D94E253BD5951C885B0CE750309070555FF21F2EF83FF53F4E15038B8D8A244740A5C9CBC120043DA0B323FB1DA0A4EDA268C05A304619505000BE10415DE898809DB6B66896E60AE347ED
311
3D6DC707CB7D5B5BC374A158EDC343D0EA61C217D4878CBBDC1D85686782C3CF4272E7DCFB5E9EF628F5A95AC1AC0C6848F5771329EF8DF2BB79EFEDEC8DBEC72EB7F245287FD4B31008AB38EA4D52F2BF57167159E3004CD8950E217DDD6F699FC763E9D1A0AECC701F7BD4430A3E030374066938F883C01DE40E7DAFD609
311
345E33570F4CE6BE467FBD7F793B5AF2A9D331D86DBA7BF98067918F9FCDD609A0384B523F4413B574B818C6889FAEFC5E7B8F90CEFD62BC2C85B2478D54DD076635BE434FCADE68B3ECF1C8708E27863DBEC352D87BCC7A92A8E135700CDE65BC114026DE5DB68275E656D2C0D4087293D43BB4C9C14EA83C0D806783B40D
311
D7CD4F19EE9F33801F55A3F1FD600017A6CD5DE607783D5F74E34680E7DAB98D99F6E5B5ABC7F7DF19D8278322F6A97FDB2FADE1539BD945DDF868EE2B8B70D9EDAA45D1BB0A5801198CF1DA891540474745BF0317F8A3703E02510AE94B084221F887FE950272D62D4232781054A87C58D015CD45EBF9B70E60820A2056E9
311
D4D619E8494BBFA68B61EBDD8CF52CCBA124BACD4A4077E8420A7F36FCDAF661E577B792A7E1B7E337C7CF1FDEBB3B49F501F3C7366C1730E793F51FA20A9C3D2E9F18E63DC277449054CEADA36DA0807467D45F8A744E1BDED725A033868703F1392BBE221158220588F30574A0B0893D0515B0B7C404AD0E7F40C11D504C
311
49BD7DA39A85A19CD7357DFC966E5D92272FF06D59CA5A6A1C8AE30E52F1247C1F1D78F81887F9F3E387075B170F9F5EEE4A7F5BFC69DF02FD8795FCFFAB472E7C88D563DA514861B85BD41594A75F5E866BE69471110A9F75C8609C7E6BF6C7C727431EE3E9E3773D2378C25226E82C08104A57ED273FE0921D6990E02B00
311
6BD038263BA360355E8DC446A380F0BA35FA9945A80CF60DFD54054202F91897C241C147D59F8E0FC67CD0F2BF377A3463F8BBBABCFBD6833C57E214AC3F5AE9C2FDE88852968F20337972C7E04EE5658223008AE82D93BC37D8DDD900BD6B16EF221F0D4149045D740A8A215D4FC186C658E01994B8CCD317465828704BB6
311
30DA2243B3B4ADD3EA554A97408454148C04A1A0CAAC2E04033C04073851F54380E0BF2DFFA43FAD3D6B574F2E1E5EF6E5F4FEFBD1CA87C161FCBCF5C7AAE2F726F814027BAE10F79BC3D765D61D1803952210A9AA07F8C6BB2105B61145B324F96014EF223D4A9261080239F03FF6F4DD4975C183B887E081F7A467A25EAA
311
0C94028FEB808637768B07400A8235D4EF33143253198900E079E3FACB0C59B00F827A5785A6FFE2FCF0C0E6F1714F11CDE5140D931D707950631F3DE877F300002000494441540ADFB08704E252AADE1BD4E8DF55796A32B9B6F17737C67702E5C638682737286CB0E0A89B624D5BF28222432848C9AB8C07170C97B814FF
311
492A61072407D638006F7C8400860444C01B1930A522788045633DFA9507267A3A42BA05925BAD705CDD3792FA23C1075C6EE768A673919EB6C3FCFE7629B7310AA794CC9C0D14A1FB88F95C845BF22543F57996E0B26C9E4C2ADF187F979F8A55F11B47BC26594C52588518D25E6C2B1CCED231EA1B748F093E5726A21A54
311
C91EF95789041030C20FD5AD68613432E19A4D0DA2505B6BD843516E10BB00AF9AC315EE9FDB39CC1F9EA59CD88F9CD071D470C86C4647FDEDDBB1CDAB81DA94034747A779F4CED497CFF817348F69F52E55490840E48840BA72DB71F3E84F6DA2F4717AA928F153DA6E4C7E8E00363CEC9A2E1C8E65F298FC4A52F087FCDE
311
E5CBA38A80CBE11FF7BC2AFF249203FFAB77A128A001B1987BD334AD9B901890A8C2005B6B248196AD09C0025ED841325B31845032E327C531C839E66DBAB39566B631C2FF0A1DA5A3CC47E665AD8751B47CFE33899DF047C9F3C365E3B11278D49DF939298E09002F6430F9958803309827A7C791048CA070061B7E9A64C5
311
57D235F83EE24822E5EAB805F9862F20FC58F483DC0EF02181F572930205107E00E523861895A2811309808F2B6C14B2AA579E893753C155D2F54302007E9FF36AC5FEDBCAD47E182D91A73920CFA5C18E01F8FFF4C3F1FF553BCAD0E58DEF85DD63B91BE38ECE1A9FFC4AD4A1FBA30D462C328C5A0340DFD393D3D3D3C065
311
9195C96990F391EFF4175213BC74C020922D4830FE215E76940962BC0713A3B82784C0CB6623DC40D6E1485BAD454F6892200B225096127FBD82D2B12006BAE2E329C771E25FEBC0DAB3B5395289D56D7A8A89081B34EE06F80F819EFE75C67DEEE95D227E283FE98A7B9F1C97D2D05B4D07A469153C3DA3048EA68FA667A6
311
D90E291C7D7E2D063E4D044964D055F2DBF3E31BB851AE9F78A0A7314F0AD24901F581D74A6929142039C65AF5830D1C809536CDC05E4BA51038F79D713DA930CF18BA3010E385351CF47F74D439BCBC793556A1F99814926AF12835E251C59BEA3C083EC2B2760FEBDF4304C9EB87B35769E1EB24B648542CFA4EBA9EF93C
311
D42F03C08F249A2C98897D8E2225E90077823F4A52171A61219998CED6FA050992B6B0A74A2220ED12123004FB977084208F8E2AFC80F456CB110BCA647A3A0F854085D84FE0052BE31FFE7F925610BAFEC06FC33F9931BF063F39DB3D1BB20EE357F594045F4226131578582CB055A59A073AE0413989D215019B6EB8A21C
311
F154D71164E0D8F4E730C2CD382D098DA5261456A425643686BC8301710F2C50665881399156AA2B4C3191BC555728384800CE10040F746A3D8A80A5F0E500A93456FEC52833BBB45203DACCA37FE1D3EE4B9BF0EC27ED47D89B8266F11EA2DB8B5A8BB93EAEDF0C06B7AD0402B9EAC6E787365535AF19F15158308A9D9785
311
C1BC1C01377F8C6B4D07B50DAD25649764A91DC9812C7B34CA98184084F7C01055466B48058CD44085AF26648520C85C41C67805462D8425680425559F4440F3ABBE1F3F81B1EC72708767DDC8FFB6465796C8FE310FEABE0C9B242A74137EC3E0427091967023299BE5D6D4D0C6D15747DC2AEA4ECC57C72856E827D33CBD
311
319D70FF854369EB841282F84B7CA4881447ACFCB257E252E00FBB3272120A75B99119840858486615636E0E0334031AAA8C08A62E080053A0AAA4158431EC727A084021D41CF5D630C94184F6FE7432E8F5F9A4FCDF3EA7CF136FC2988093F98ED622E38E4976E1BF0CF49D2889E6DF3566719FE1F9B47A2D3BF89C69155D
311
CF24F88C609EE551160F0415900B4C48FB013D8900A9192A700748002924771A3686A0A580FE4009E00ACC090253E280B90AC15048E047020483A038A60ED232831F2CC90498648690D960C48E439F18F4DDBEB0B6F5AC7B7B89F6230243B4FA160A7B9327F3AD5D937C8BFFE5FF8B3A5E64283BEF8EAB9F71159514CFED62
311
DBC880614AA1F7994CCFAE7D8C87057F451733699B8DF87056E1F0654B5021E38097E4E23221B810DE20559AD183A61C2C88A648DB096081E9801CA00BC1DA0124E08DAAC15FD2936905CA8DA1C40E42B13F1764E0C4015EAD7F8BFEC99A310B1B7C0BCC7746D3C0702759C89EAD57122092122D1F857067684A578F1DAB7E
311
AC400841F493A468113282FFE42316CC74C756B1C880FE78795C692813CF4644480EE9B02991BCA257A71861F00666D9410288487618D120D0E80D7773E2B7DD180E100EC98B221C94BFC4FF531A09B986230F1CD08378A8E4D0FDD7D9B1BC75F5C12EAD7FF83F3ED19EB018620303C217A6A35D826E72ABF2D8E2BB1B783F
311
6E48D2E3F360806E1D192085D022103473A10375B63853EC54F500B5B064DBC20945B88160DCF7E4F83A0200BF6FAEAC88E9F54D22D898E43F378D20B51B5D6B1457000922202800DD401A9266483029C0D6D57ED80D42A0E6E08835F0F3AC73D7FAE6D56185F04FC44472B854EB7D9CBF7134DF3DDC35A9F6B38417DD6F50
311
8B37C1A718B0D054124176F7222F62DFB327F34D451799D56216880193254FF782D7DDE26C271BF38C6E422E271CE4AB8823C9510F021126A7A944E00DB4031D013C88EA0746C96D4574069BD5439C4110403B40020C30B07A604F1E41D19C21A93FD9002DFC35F23B1E7B98E95E38387E3603FE7393680410D702FF9ED5A3
311
C5E5CE68B5827D721FA78F3A9A0C08A79722D9C9B418F46C0057BB1640C70AA4A03D29CECF33987596D53CFB27B32C3BE304C540E14BF8464E080918268D254838C91A01F0FFB99154FD8A9C0495EAA6534A6C464440B4A71E16100E7405088122A35F7A511DC003D002E6C8E7E15F6D1D2FD09014139EC11FDC89394621F7
311
7B9F88EB5A583C41E2FEDBC8F82334494C0BFA97FF3C3A34ADE60385B60E5A30CF036E5E75370BE3B83AE73B3B7DC0BB337DA0045299ED0C66681E4AE223D01B1BC3BD4C921E2005FEB5114739040758189BA8A320067B62A3995E4720055065AC2B4A8006BF8CFCC907C0063EACE41813C5F017065AD46CFDC6FF1BFEE052
311
932CA3478C8E5A6F25DC8503D40F61FC1B047E4DFFE8E84407C81F1AC7B5C79DA358551CD0D13785A9AEB38D6EB68A0A8087FC6543E7471082873CDCE5CBEA1EFC5CC0579469E225428E9A43D6A6000B4219DE52E8DF00A55F4BF5035960661C2DB88AC1F67C2890A93FC420193C8326409E7B595FBBBA9AE1D1511B3F6D65
311
B09AC10A71C2317201A603E88C56CC68C91279E83F5C147787EFE6C675F00941D23EF092920330982DF38C65EDFCA89DA98E8ADDECCD77CB86D85118F3DD9884820B1128010D02F1060F582871CC8FF42024C02239273A1CC3BF71E770DFB7E96081682803188118B50310BD620234F230B12711B063E0F0490FCDA9248B58
311
0D3D3DE944A30CFCF2A1E0F6E59E8FBEA289CCCC943785BB8880ADA9C2FD70F6A13F5418444E3A669273C006C4B4EEEC067827539FFBEA9CFF04D84E7F170480037005AAC8829084329899F90B5E013927F8E646514B4824B01D11F72C012CEACD163B6358A4454A4221D06E68A71062520649BF9E9127D0772D6E5EADED52
311
FF216BC2FC513C7D3C5CC4C8AF009811826AE20203B076A2AA66D8D32E317DEE0EFC000FCE16D9E0BEB17C74AB009256C5D8AD1CBABBDA61402612C675FBD72D07E633B1A42F2421208CE01397560811204306617A5141706105C9F4984C459F2D0F6C392FA05BED808512B0B9A8A9FC6CED89640EA347D31F0DF76D3D9E61
311
E800FE9F7601BE4C9614A1C58E6C839F13A12D0EB426DE6386B82369A9E6A7F1F9146EB578A2EF4289AA109B4F6CEFEC0463E0072A05CC9DEDEDFE08407B173B8AA65399C80B2911252E6290C82CC1B8909140C11B7AE161B42B93905045D017E00CED6D27AAA15F2C2179F1E83D411A7020B9408D202381E7E5DEE5A9E7E5
311
CDE3B186433F488AC81554BEC09BC579018ADD1DCB3D9D70F02B14BF9159A4DA376225FE43DA224FED327941705DA582B2FD1BB5DC0540667B650BECDD1D5DDFB0C7F36DEE2B94F6EE2EE4E426F20A1174C31DF153321A24114C4FFF25E505475F6906D4149B21F1BD9D9DF7B059F8E0FD83323CB97991FE80EE131A9003B8
311
1C491B218B1D42C0C0D593D9D548003839DC29A740298B0C23F0CE14BB167BD61989AEF0B985C8FAC8F923A73F31953989F0F6C96CA6C4D0A9A88184BEDBBBDA3BBADE77CD8E2FFEDEEF46184A86671D7DDC51417477BE9F04804F305AC82C2D018A21EA903866A0F959FBD4139916D036635EE03DDB7408BCF0627A03027A
311
D314C09B0A27F0A79490D53839D0DAF1416995CAB24101FA63F75029D57A4CBBA9FB4D120ADB17FB5A999FC9420DFE04FA670430B90FE7F589F7FE8D50A4B5F004CE5F07EB4EA007F8AEAE8E8EF7DB3BE2F81F42166C7246FA9E62D02C8209BA1024414C483498B50229FD923F2414040B2081390AAC353B5283EADA12A30B
311
1080866D746B9ABF5BC107F33C2A015B275480759334B83AB02175EFD0DEC785DFC505E0064F4EBA5A97073A74C5C9FEC97BD25D819E28AEE661FD2732B8BBFB1BF13441B3C1F45E8AC1752BBF80C113DE960E0AC7D9D02C58C80505A19BA0E84B14402601A590A4AE00A825E98C3212342302EE10FC5100681F86834A2804
311
BC409D70270A2091DCE874B16BE0706C974EB3D26EFEDFFCA6C4579AA4DB781708469F055532A7046C6BEB0CF39F3ED2EC4FBCA3D00EA91CA68FD2B87B5C191E0EB2C300F00A1C9881F263571C6CFD83D079D09F176FAD839340CF030F70458F81F09AEE1329505150CA0A00576B56C06D58070B23086F685E44232D9D53DE
311
3FC3731044F286D19F459351863F749F1104198D6E14BBC68E17CAE70D7AFD958E350BEBBC70C9C4DFBA075240DA27D40AD7DB063A097DD3F041EDB3E4B682A7A12A548F3393DB01945547175879989302521EEB1431B08759B632B174E0F700E774FCA1BB83F95029ED1A084288C8893520E49415E00DA080AE8027C34206
311
D35491D050A4C6B080F6A20889A2FF82379AB6234F6710C05F9080ADF002B9C9F9C583AB220F45D618D7E7F7547FB27CED8A8B7A7D24EDA4988B0C1C2A1AFB53FDC61BF3DE50D63C560F0120B0372F0839DDDAF13E583B868717C1CB8CC71D1D7F440CC82184803144196EFD58BBE00B7EE77DE8C015942357FB06FC906A5E
311
2B8882CCF9FFE184B0035A5CF186A962A63F84B3AAEE3D5A2C830008807568B6A9F424086D2095A3E262DBF124350082C4B5DF4704A9D2C93553DE47BD6766B69349610716999FA25854F759CA9792599D3837ACF6247CE8597B0F960FA3EC45B61715050260C5844FCCFEC9666BC71F875B17E3BCB4CB151405D7D08F846B
311
4CB952248B4603CC402B609E90F0044A007FA800EC46D07A51232B00E5683C55D5096E1374DA4FCBBDE2C25A5B8D26008227CA7758033D7D70DF12CAF7F247939F93F1CC63047D63ADA0B7CC8771B234D8095FCDB577B586D1834062035670E204B245EC093FCBE15626C10D210CB38A13F50E10A0D5C0814B0C4B30AA9858
311
516001669002229618F100767AA3D6D2528595FE7A398C2D2300ED0013A0AE60B91644A057327BD3C36BEBF48C91279B45F8BD145494674AFB211A91977CB838DF35DCB3D6D6AA2FB2784B591ED785DFD7DB77747DAC9D2F7674810EFC2895F9ED8007EC7885101679C06F21E4B1C8A6120956F80518D1DAF1717BEBFB5803
311
E20C6F2A11B2E48AFF4AD2810A70054623E341B3D1ACD92DA91150DE631EEB2C28882D092049C0DD38E262A7BD6F98549930C9D44B7C37028AEA9F8C5628A2BEF5704C0DCB2B428181B1BE766F43014498D2E57791E4C8DA6BD2ABF5003F0C40202E2E32EDFB02852D16C30B7F646B98FDF86C7891690043128B0A0DE6B4EA
311
27F08C30CA34C9D0AA0852A5997F8D11A6EE84E040B20472020256F4AFEBBB74E6705A12083B249089218E6452C8E5A69717E904A3F5EF3D5D08EC1F4D4E85086B238CFFC11AB9AE972CB775616C6D1DE04DDF073B4DE3747C41FBAE6072901CAD0237100670C5A00C2C3CE063610ED824826C1F6650700E88C00B62468903
311
A0D71D3A390255AD7040048348C56C4647413C2C2561216E0C469203EF06A5B101AD40D0E207F78B124747DB5B4BBB4E88B1C373C114E0470B345156EDDBCE1B4DBDF81DBC400746B0B54E05F693707B89A5E430982C2AC7D10DFF11D5B102B9505034B35D07E8E5F585757F088B390F2D4C85CF7218E8418BB4F25B885053
311
D07D5A908326809F31D6CC6B77CC948413B28664484439D118DBAC27DB5AC40C1AD166F25E6A2F0AE82100C0BF220405323E1FF80DFC518CACA8DE1003F3C9FAE9C7B2D60703A0004F8EAEAD2DE0F5485452D15B77B4B67F4C2403B8D8F9C533558ADE058A9E177A1698F75DC0EB4C800F74C0270178C8579C1FACD025F056
311
0844502D2BBC01E620030CB93636C1041636A693949CD80139FD15BE107F905590A292840F8860706D07E2970A2F15E5B13B87C3143CB2930374CC46A6F9B9D7A5CCCC14E11B9E879A49FBE27ADBD6DA82410FBB94FAA8487D61B51F4BE0A03FD08743C31020D6628ED20305A22C2C2FAFA7ED1E7881C438AA5B9035F20759
311
E243C51F34D0D5F02F11403B9E204CC1686C0B6C9000470561519CBE1B0E4FBEAB37A39EE4B84C05F023858779341991F36D9D9F351E7BB3B5ADF00148D9D05784F9AD8B037D48C01BFA83D4247F03BB768BEEF973A14E610090D4B96B1EEC5C5E66928F28EBEB6CF578B067DD83086081579848E60DFC7684044D8174993C
311
39F886043481F6A2B743B18749E52447CD4D230513032D20D20206E536E15BCF7B7D211634F98FF9986287F33F9A94615A5A0A7CACF8DF5DCC1AC6EF9AF1945EB78E0A2FED1DA2ACC00EF983F9A012260BD722EF61C9DBCDD8719703ECF839029010CA0B9F100B1D2842153E01A1A3837AB579516A31982FD2908A09100DAE
311
591016CBCD4B011A2F4DE299E1338CE065DC4841BF9895D8C81714800CD08F5AD39601BC929B55D291F6CDCEF2AB40DD5D98F4E6F107C47AEE4A09A079C05316F479DAF4C2BAB83221BCC0CE23FE3D3D4C7BC9AB673D89A3677D6020F6E182332028012FA0FBE0B2668FB85485902A8E7FA0BA2105C213E20BC2169211A4BA
311
BA7D693C3F1DA961F203694853137073AD5CD25F1C017DE0477626D7BA55B88F83B5EE513C41D814639FD1BF759171F4577D3CAB0C3DFF68B2D3B1F8478C18F67BEBB2598FA76A4545E9E961BACF657E0791D2373030E0EC9FAEDD17BEA7703A738185D08236C407448A4CB504CBF01FF43859D3115488EA01B55078000DF0
311
85911805790DE1B41B6F8CB2889C3834FE02AFE07D85143C6C008438A944EA63E047023A7EF37E13B0903AFEA7BBAB9579330FAFDAACD540022980B65A75FBA17D388F1E6576405CCE7032D95BDA420E7DC0EFA320879E5F8B3B04C1D2D9C1114210C19FCC49DC6A855E12010184DB8968109ED016E4683CD552A36B3AFA13
311
BFC2114068935A7E774CD2C7225642B73325938052D8634ABC18DC9442BF9E0402E85B42F9F3273672DA8E8F1070405D1DC3248487574CD98092B8B956E6AFE1566530B78FAE05B4A0DE51FBAF85DD075C7E11939F80E015A58D1F87E400CFFD2306C4D1D3C634380A201545A92BE01F445800BE12302AB477BD6F62600D21
311
1232EB061448A0D2B877BB940D63D059C37E0569A83DE93E214F4BD86209FF6F479C640AFF8AF6D1BFD987D029A94DB7C329B4184D4BB013BF912FB88FEEF913071A8D82B651BC10DB067A7EC52FE1B421883144C00F64FA23A11CF708BF16CA59F18D4C04B8085964B2D8DA4A855187000BE440BC816FFB13374640B0EB1D
311
0998AF38A1AEF503F14302E2811081FC12EA6CD38A63B33035125F40F170C0B0AA45E9FCA38FC6D688D48563B5C4B4B7C359D3C7AE0EFB16ACD5E2FAA47EF8307044B4EBE1C71E84E742D81431FB06B90B600B9C239E277A57C94C427EE10E7826980C0136600D916A06058CBE8604DB4D314FBC014EDAACD0820F14BF7544
311
9B70339490FE5A0491221BF95F949DF1235380E969AABDBE2D32EB4403D3FDF17F42F9A0A7C28ED75BE86BDB7C7EC80C76F86B8800F77B305EB88F00A4352E0F8089EF811EA02A3DF08F7DA008F803BE4B4EF5F41E56087099E920708C3D720916444440FDFA013D4E1201414123A09290F5BD7AB729298209C4306D007BB0
311
829FD4EC3A6D7E4F00B67DF38CA0764F832F0448E58439B952CB4F70DF964AFA74CCFDBABBDF273E2FF4F56D3DBFF2A78D42FFF2755DF307066497F44062AADFC0CC546F6DCCFECECFA232E14F408F05477D311B683A35BC245FCF8A5CD2AF20022C21022266905A5BCC8B20235D6FF04019CC04058AC80023662E25F34206
311
3165956320BE50370F2A657BACC817DDA3DDD3EFE04028645780A768FE38DBA88BF2EF3ADADFC7FEACA952E5A77568ECF0C971DF32BF1D24F8486B22A649EC81B1B60315CBEFC026091CA45F858D7D04C1B437079431E63E38F880758842E780A9E03791C0FAAFE10012588C3C592FE35461A6047802BA18686887023A422A
311
49599399893103942CF6DA53A8E387825FA0678B261F139F801E2B17C901D0F5217E07AC2401A87D0480F753FBED44FE949C93A1D042B879FCE499B3D861AEB23F9C1F372F0C24D0B7D6E70FE1AAF60F84BAE642D82F0A9F53E22783915518494FDBC0AFAE7DA282E5050B703570E06319A015E00D693A6BEFFAE493941C3B
311
08C13B96BD20D0115A9565701DC58568A3009DA13E965765C03091F0FF339F7309D44F6E61F837F1B1FF920450EB8FC48F9B40158BE89C81A597CFB0DAF5F5755D3886DC13D4479599B583758CBF35663AA234F133F91D3BCCFCE0A794367F385C59B19431780F1C099131384056616E15A1563B50021D369C593FB292685A
311
68A8B2A50A0A2085CF05434617E05FC24A6B077B990014421A68401AC4D65788EE25F737EB780D08A6E38F060F2ABD889E1B889C44852C2FF368C1E3E710D73B6589EA83F7417B341ADA1F639A23D15298F087AD0326410E116C3A1B325218433C71AE62C07C1480F1C045629724A076A4BB8D622D24690486727F56108D07
311
046DAB065000678E04C4F8C342DE27F4AC102D854F2D08D59B4ED0E4F697B0FF62F113646BC5B7F3131D4EA8BF8B265EA3F2026E7061B96F6DF3D993276B2180B8E57067587428579460551049049B074CF8B1066C7E14C705F0B39298C0997C17F701097023BAC31081390196801FB0C2A12380042927503D5A01CA127F98
311
41B460310639C674BC8CDF1A320501448E0068905B07F6E5602F8C1F07786253438CEC51AE61FDB25FF71B09893AC026A9EAE3F30F369F5D5EAEA5801FBAD3C98B38C13EE017B054F81A56F05259DBDA64FE270B1FC4C77200FE276FE814B916E222575ED717A62A92956504605268408CFE13FD61F8425222837606020680
311
2B9550F00B9D47E6AF1022538A752CF4FFF1F5931384A9FF8700EDD4FFA2B93FCBFABB3EA6C607FF714B0B8B04EBBE83B52B246092AB018C0D0002FC490849F1E214AE6FC42009D6D86616C835B65DB9862EFC4480C14137603C3089D0A5588FA27E693DD184131BA4E88C35045ACEF1CDE1A82323C20B842F241960482119
311
6EE8185BC834AD44F8E9B7549A32900196E9ECBBE20FFB4706861AACADBBFD9B56A23FFD3AB8BFACC18B1B5AC0ECD7B6AE2E2E9CCD2BE8AF1B1BC3A813B94107E82DE67A42E7CC7D4A6116700B5B2EE3C338A09B840F07C40A64800D7C605AC42B72227C4C7020AB1F20056E26F542717F56534261DE3766AC10A6ED2D006D
311
D03BA9DBA507AE0510A8B385C92363B9154167F1230C40D76AF6F3BE0CA08F8BA2FFBBCEFB09D0986550E0F0EAE2F2780CDF850CB0F88CFC2815FE87BD83909F474F45DD47F1C821DB2107A8817FD45384F57891B65F2543D0C1E20A89B4A8DF806862AC27C60F6A054627FD344250718AC0FA21CDC4E28DBF2650D1B39D8B
311
8A420C348A4F846E2BE824BF8C45E1DB8EEB52F576F47A75FF95F90FCE0FD3A7A08D48D5B9AFBE3EA658E1676FE3372FB57F0AD8D70ED4AEBA3D4C2BE0AAF1C3AD63A6004D12900CFC481A47430C9EACB390038642C8C41B13303166614210592736B8603AD4FAB17189DBB32F3915F0C380795A089A15228460BDE8E52203
311
527D41B5470901B088D84FF8B3FE2BA7F4FD30ACAB3DE0B7E2FF95807AB0010FFDE3A048F7360F9F3FB9380EE537F16F8673131325D3351A3F664022020811A0FE8C019CA17370725CBFF64132025DA1BE2555102212E80A907FB43ED80A991A8AAC183932C19AE17524B06590B6AD286EB99BAD18FF4BD64BAB519202F992
311
A963648ED30E7521F909F090C0213E367A77D8836BEB6F34D92EDA624183070248351F1A079E5D3E7A9EE81F2CE6678F92E299EE312B6C0572C0A7B5EEE07853612403813152C7125E2022A20C18F855DBAFA399817FC97FB6E1CDCA31D348434ACD0012F0D32A5456B4007E6E92D72B1A4E9971223A42C1042819E4049C0C
311
5801300C0013FA48F8944FBAE71DAFC27F1826FA2304ECDF3F6C10FF47D5C7E49748DDD687DE8E91C09394EE0682A4F84CFD6067EEDF43E67EA46CB2F4070160439245F00343D03BF25D7E2F26FC400A896DBF19FB8D4D0A66DA669C3D608F9CD048A0533621B25690EE19D5D15248E390F042B12C682511B02BFE3E5700E4
311
C9A9B2107A8F45248FA48234FD23005ED1F4EFE80D1320836F04003BF42856D478D1DCA3ABEEE3C68F9F30C3A16E5C238EA5DE3FF37DACC2F8B7980033F47FAC34421EF0418A045394802CE032D61C70023D788136788613887C0011A4EA316E005718AE191F8D0D841B9C679CD2FC478442D005429166F5A24403B1E6ACF3
311
298F388B6D0BA933D92339D48969A5C11F09B4FF017A9900A4F887010C474717E10F36468032FF33F4AD610517777104CD920C3CD15FC5F3B3A0C75BBCA3B00F2724863C10BCD4A0E00736C7981F2F72E4B001438B99714FCFAF713A2603BC710376A1715FC602022202E06FDEBBC680A3DF1C4C095A12C50B554FE7623B50
311
374FB2129DDEA4C392C9188077658C87F55FF92FFA507FF03FC8DFD3F31BDAB46DD51AEB03F7E1B38B8B87CFF47EA1479C3EBAD5C6B382C221C0F1B358B39D76D9D3142C4A20935F541E492E0EF081BA41B3620A8E172B584EA1485632E22A8221CEDAC6110AFA4B6D43E2B76A18AB240BB24337721C9321D2C033B2D3E264
311
1A55A400A28403C12D1DADE39AD23FC5FC08C47A64DC3FF6DFF76B5235124022D7E6D6D5F3CB870F9F31C96FE477FAFE54100068A3A87FA5908A2C08011CF31309C10025B089FEF9C510522B8DC07C30AA469841723A10C08E27F00F7FBC181C083F2809EC3B2B328E294AEAD5A071B3A95C81D2DE3F930372D022C9C79353
311
5B92FDAD5426E90490C3C81D000017C6494441544698C416520C1C40C71FC204B22448FD9303782FBA67089A1A7D4CE38E89050FEF5F1E078A4DCCFADA058032C34C1CBC2E1202B1F8962B1A8024F0EB7A11F209E96FB369D4B64202FE7BA230AD24C46413536EAE955B341B726C593B5D4630C0BE822480908522B0D85430
311
230352618DCD4F7BA6D568BF4343801480006658EA3EDCBFFA9702B4FDE9022163C43F9B72B58001A23FCE6F0B3FF0E4E1DDFB9801A6FC42FD0132CC1F2224F89933107AD30B6C9131A53818AE944BE25A70810821C38F098411980E46D108F483DC63F49B91B852351604091D60546702F58A3872A1716411B642C7629C26
311
7E64E77719F46B0548FD6BFFFC86A38DBFADFCDF700228C124C8664FAA02BFB1F92B09800876FCE4F2D1C3FB4FD0A44E0106A8DB8079751CBF0BD9340066C3D52BC64706467C05B5A54401BE4A1B0132A55EAC1CCCB10D378A3DFEB9812022327745EF2102886A9142C812A1A2C9708027BB55B7006357459F9C2080E0BC34
311
489FC629510F3017B62D5073E2A2C64048A0A42580E413BA9E08274091A398EA80B5BF31C87BF5ECF8F1C5DDFB4F22AAC181F070AAFDDAE5650C4000516440D8806786D874215149E69ABEC43FF0EFC820FEA112B0522003C84BE03FB76623513B6D840820358B084119B0CEC8C00AE888826339A54091F5FCA513AFE14797
311
5BB1A86FC50618D9D74502F0C7C8815AA306602FEE3A5E79E0D7DED1B221001118B73182CD439A092FF801105D1AA14E1918EC282F6260869D55108065988BD67F68E5581720A708051F7C8070F582389C682BE53F2AFD85853F2A013D21564028E06E79B7A71E43212180A81541EBC88F451E02385100491AB0C4A3BC5309
311
A95911E66D04C0B448366988ECD204C2FC930F8CEE8FA410EE4C25B58DD1B6EBAD83F6196670F7DE635282C0A56A851AB035831725F0471A10FE52097089C80495804100318405F0DFC2136004B4C40705EC9154315129205EC357930035688F61AC02188250CFA9A980233925F16A117A48CA54DAB6400221976B75D86333
311
0942E20EE3B00B08FBB71AA813B0E502FD2B023DF70114E0D7DF2E2EEEDE7B789504200112075478F2FBD6897835C91F0C20782401E801A2F9142700B74805703426023A81CC0BE88B537D0003E0C5181D29EB8D83050964DD2580910A1E7A8138F76253DC01DC2F3824391AD748276C0B0CDF12366625D038603D0003E026
311
6CB42704C8CE7FA7F11B4D59C0BF454A78F8FCF1E50513715D469607031272358F04E0003C90107223A581218F10008B10247CD20D860FF0BF48801040B361808148714764028EAC137E871501EFDD97C89B52107FF1235B0928C562530082573CE137840EFEF82A0BDC602736C595912FBEC69E6A3A26903B3A300C5A098A
311
9E3F1810CDFFBA019D97B4E7A7A075850F2E92569BD960CA7B8304995FD006FC4213BB1448A6F4BFBB3A9F9FC4962D0A1369129B10073771FEDA38B1737B663A71C088D8848027FC3008DAC4E4397A6F76271DFFFCF77D6BD7F1F67DA51E0E08875A6BAFBD6BD7AE52CC04A0B4A2206F650EC412841A48258258E8662C3838
311
FBE21E25172C2A15A4F78D82DCF68A005DCF07047C183E1CE47731BBCCB5469D9169E0D588945BEB637E87802A03D88FB82486210D28FB3B858D13DC7CE75F5E6F3B03C1744D30CC58C7C7A256146853A05243060B850072A7010CA47CFBF9A1E24F414037B8781E8E9F219A774B36481CB43E48A79819D638C8760D672FAC
311
19FB9D3FC5EA9158DBD0159C27860409682E8FF2595652FE189D2CC2D7C023E944158355806FC320087CC74116030CC376C559C098B93A041C5DDA48AF33827D2327DC761D19C17CC62780D82A170E6CE7415A5E7FE825E053048F88D2AC2A561CA4D4C60098DA28EF1A01382772484698F60C8DD24BF396EA76260542810A
311
625978C03580A9CAB91D10249BE579B0377A3DD15749A45F24C4D81FF3D7D7996F6A1690288008C0FF6CC186DA9D5FC95BB09B1301004B016E707FDFED306A1BE8FA208828F00BF342186839839F1F6FA338DC5A0200FF383DE92614C03A4508DA18F4D85F9354F7E867AA77A42FF49BBE6757A1A7454448D0BFC3C220714F
311
E43A3D8F1547BE10F0BC5A05985AC3C28829A06FE24CD062700601F4AF12AF99099B08E7071DC4626A97C920C3FF96E190C9D1FD7CB6163E800D79E5F3F10A9306C02B799E80F1AB380E0571A584C0370A220C3125000B500900D96FEA40409F980E2083E4EDF4D8D2480AE5667222E020BCDAD4EF19682120818FE18EC7FD
311
6AAD67C03F7DF1955E697456F517AC4F24700C30171C67E9168B109A4F60AFA60F98BE30941BF776DBC7C70792A2FBE98AAA97224F8BEA39B47BFD14A8CD03320DA2B676E3AA397E652E30A42CE2987B7DA1EF7F75242413800A04C0270C62A13372400B435ACD84B8B5009208F5AC73EB149FFF3508E21C2201E0338BE07E
311
50EB47E7FF6D97724A601028C5519073E7978EC88834410450E074DD58AD13A4900103A6444A9CB99103229F0EF8C0C78161EBC68137240734CDCFC349807851E0EB46CE864D2E405ED341B71A390CF2DE20CF5193189E1901E866D0230409684B193D17E2928534D04240937D3C84477494FC5E0FE0B448E35AFC19007926
311
C1C6A6E622FDB8A12E30993C6710E070397C4B26304C0AE38218D19F01FFB15BAE1C0E7E74DF75F2406E373C414E848FF8E500EFAF3C1029C9C0ADAB2313A7426CA9B2C1B9E30032C84EF31A09A88A386F136E8C2F1D582EA0459207015F10F1F001F0B1B7DF7222011EA2001F00BFD36BAEE0850928B08C077030FE3806C8
311
80EAA74BCE0863A952812E6008B3A89199C1EE918AF96AF583F1A073B0A355B9D861AF1460DCFB3BFC6B7EFDC834B09700CBED3510E48DC7129041C991F06BA5006CA6B5B34EE21501374E8DFC910042036111EC9C7CFA1C05D48A7270F7F835BF04A4194DA4CF76CEC66718C84CD020D04C412AC848F03E3C61A1C8D50D0E
311
A6838A00376054D3DF61A0E393E1F8B058A6C994093476D601A4A06F0CFD3C0A6BFA910E75CC10400A80FDA93AC9B5EA4303F6C0D188B559086091CC5910137772E14F2376D03181B5CFE74C0EA38440D0AC256D6C4D104CE05302FCC00B60B9CD4D71E08BD40C144A025E60D4C1F45FE846A2105D717EEA84808A5DD90A16
311
8E133640311CF05DD870768683F5D2F1800F485AEBE5CABD8FFA3C0BEB33702493AEB551B1EB035EF5C8E5757FA7832141F88E8578A363802B560007AF93D7D470B478C4D00B412D634C9140C4F9275C00DCE8DFE3C7F8C0AFBC5B2CE82E3C3BDF393D4375D50C43CD1C17E3777CD2C170725B7B42B41DF15BFC344DAD089C
311
1E9118522B4A2C60B794E4E8F33081BB7C8CFCEEA0B2015E49D586429C6C78646180B7710E06018A3082243C275F077FBE412C17DE80D3E6B9462C5204C5D980D1DF84A864401C483CD01B143F4A4868087A0F780F37230200A4FBF6AED325114C367C22512750A5C7C3E32D545CE20A0904183BA10015DCAD89864B3E1EE9
311
7EBAE8B204266A48E010511838E2FE413FB116E60880C2D8440AC3880DDA6DF6618C138CF1CB2A09637E18D00F80CB0DC05322E31EADB8081C29410903F06BFCDF5AB46024E4A75828056440503C707856EF0C037623DD4922A400E8A6BD75E4D2800905F18450A00CEE88860C8964C7B3F90F56528BA18F71CFBBBCD2D057
311
97E168FC37DB26DBE0DD2EAEF39686C18440820013C1444055402A541400DD362A0A402F1FE51246404E098249FEE30708C10CA0B54601053159480C00BAA9B1223A773234FE72FD5C3BD81804D8D196FE3D5315A0C981D88D04FA01DFC185CA93F9120E1F480B08063364A0A318F08DF95056E4C91F1150D31B0112003835
311
02E079EE43CC18603AE2F88FD139C802A739F208E88D06DC78267C448C27C4113C19B0F51B0E9C1C021CF8F9167C6B1F2E10E461002910105D1042792D1CA303F469714C018C23D72179E165049C40E801CB96CF334562E5807291D1E0C70FE6CAD91656715F0E5C5E70F8D7F83290549B1BAA6F781D25180EBCA93EC84E72
311
A74081CE3020789B3790E1A9E478E658C099BECFF01E530E80EC5FE31204ACFF70AF8177A03059240CD074978A002A878BF883FEEC81DD684E406CA630ACFDE87292822A11953710F000885D6F68A67ED40CD772B0828359B753F7CE23D9479AB9845771B389D6A77130F8C134EFC83947392029B10E4425440A84AF0E5482
311
5228FC1634D369874739C837A9DDC83C20D320C36042610ECDFA750303710224D01202488012CA847424F8D53F78AB6BECE9B3B35A7F32396AC6B7444566327DBB4DF06FD9616744F4D3A397EB3B0A3FBA8D763702883ED742FE5CD24146D8E353ACCF811C806AE09914D8446E93840FF4D6C963FF32BFB6AB015D1D3B0C9A
311
0968776F021F21404B6260CF84A14F35180CE20B5E85BDA2EC91FD5A7DBA7E5705F4F0F97AF26CE18E3BA078138202400A62930FA6CC7882F911A92F33E547E64990B0F27323D73B6222863F86425153FA8009361C675554C25382CE148420C8DCC47A20122806CA178A0918C14CBD33440289078A00EC6070184CA9907FD0
311
A1270478E0B325B67C2193694EDB7DD0F3C238447C8A11485562FB4902134E6AC952FD5320A4F7C780882DA9684285CD81D278C0E8FF8DEC9F45D22DC3C2CA99C2728110888799575B6834BF22B0F01EDE72D7F21B672C40F0A972999E2200B7C91403F9BB3D09C01990819238CBAE5E7510D7D57450507E3DB04AAA0A3C28
311
0064E0775380C8C16EEA4834346A04BF0CE847B4B3AF760D06D24BBB267C32E2C9257DE5EB748AD101AF1FD33265E2B674EED8C01A0AC901392211011AC810560F77778E85B13BAFE3E25C95B70919A4862C15928BD8989664AD8638101D009A80F00BDC41AF27602A4BDA0C077E550048E7F1011410F01405045E1C140B4D
311
0E70E0F6E034171C3D6FD12004FCC1FA304312518910356628A4A326EC9ADF5DFFD1B2C0399503F14B4F8E3E0E4E39A06ABCB56A8014687E86E462BDDE5124615ECDB412B7314F62E6E0C76ADEC0F717B360E741960104CF1706CFA18E0605004B01AE007869B095ED92144A807841EFF2811C047889A04901C80906205719
311
2688C92346F97F279449F89B113500BAD282D1DA80A55C27EFFE02C8D4F395003F285B617BBF0831F49B055342DDDD414378E8888E92C16789F269A27C9A221FAA4A0DFDDB9F935B2ECC04DC51481558A69301E0460B02665AC4DD30C03D480866C3409400051811876014C0F294C542821AB045011A3E3F09001FF304E3A0
311
BED05CC11A811B865001769507FC01ADC611F400CF68C7B093606E30F3C7E0F00C1D10C31951C1E2D7252181DA00345842A19130715C736EC9ECE686A712FDB31E4D3E50AB336E5666D7B212C0113C4A4406029709B43D0228F3FBAF49921B19CA0C82A2D5BC4A2079809240F37D3E10F9637607C3983F0458508A98B8B4EF
311
C92AC13530180CF55359500080061DF59B98BB3FEACEE881DC8127F182A885A86FB12B43C590A4380504E32305E3148BBEEB2D2782029765428092545BA5C2C681FC5F8E869C0EE1034A822FF09A12C94084505AA868080303473F8161F7AA0A6610745E280BE4427FB770106F8800EADABA19F453210435BDB2348471B13B
311
65F2FCB554827632C4C44467333E4127095D22092ED492009930413251B5408345065065E415266E20279A40B3F520370BE2050C8360E6BB4601C1673B9BFE007EF5200B6483CD195400A783E6DEA0653515B0FCE8E86D1618FC1EFC15C2E727F24F2A2DAB57326D8D0877D4E298894E7A0C3C7D9CE8A0E2D17AA2020FA109
311
7D6372F2A9F955060FDD467AD0426368C24A8340FD0D6687A76316DEF5179ED9042005A2BF02A5DD810A4DEFA4A8F700EFC50FF4FB8C06410F0303C106ADF8852ACC6A2CA9046E9ED070739339857222CC009E206479886EA26227BF7A341A15C351A8404A6C10080A2140FA4B4E8D9B9A11645899332363FD69887F436A66
311
0566964250FD752E787B64BCF8E6C8190DF8EA0C854C062D8A5A1346F810414313E606ECA0AC3A01D6928544029D5F42E202C0CB386F880F7842A31287061F32F3CBE09F2950783394F2F2B23D85386C6F51943E99DD10C8A0000BA9569A14805693274BD0E4F4DC3F28E331EEA91C4F33ABE057889BFB92819187840A08E5
311
7A276A8BFCB75B0342668C70C565C8059996D209C2800941A21FB82B2F520BC2E6FE6F1A8827043DE17000DACC8193E78BBB8DF1467978C06F6AFE986123E3A95272CAC122046F4C65C4B88FED2F1CD1D918F7CDBF8903BF1A90057D42F4DC133AF804ACBB58446A0DB78806FC053FA1E45D0AF1112613CC0DD976C5E70AD3
311
282F42725C0D02AC8588DE451B1C01ABF063E7748A3882F0DD484BB78D037F9812240EB88B6034C0AD53E5116D4C6D920C6A89F084E6D0598AD7EB6930CC7B293E27A666E5CDFE9A3FA52FEB3C97976FDAAE9A60008FCA6B33099CF9880D35D419FC687D424378E3099441E110C5B3C6DC311E6653514A67A530D863326C4D
311
8430E0C28024803B5B069B0E60C10EDB6DF087034171DF01F1F3404B27B1056D8C0E56E7CA6056E7798147BE4C2F01CED5987E413AC6A724876DE3F599E0601CE7B9CEF3BEB3671E12DCE8AF9631B8031D3F360B6955DC2342B2A0E4632A00264C0DA002220CFEC3E10D9BADC8904D88DC51928593AA16C91DF6FFF82B3234
311
404C7214D0F8608E0052283EFB2B0563F1D072936C4017706010BCF1B16CDE0C1FA9C777E44E1F5259B0C9BBC8794A82A6C182A3AF56B16921405351FDDC91B5BAAA617860E8D76C97C377FE701A4EB4378FA97C2C8E3CC8950886C6FD93AF70A1F5F676B7ED16CBC56AF5D09110EEB8607CC08A795882358280DDB98AFFE7
311
087C6EB593D62F041CDB4018935238E73F1098100D0C8769818F777057F64C703C6530E142FDF5C837AE1CF66C94C4887D3A3726AB990DEA248F73B5D32C8E04F6714B1E67C53FC52040252E605B322407CBF8C7F05453462A295ABF4D95592DDD76AC23512E9A2DF964715C80DD752CA8E263AC36F02C3C28A133EB22AC8D
311
099BDEFDE28C3E8FFEE3815D5D00C17C00511058354D62443C1A546280E43572A9C661A34FA5891F8E7570608C8DF21DF51DF9D2A84D4501F41B8CD4F4C9DEB2F901E810C0E4CEB6EC08DFB06341C864CF8D0EEE779A606545E1E64AAF30A4324C20FDD3BD558BD966BA994FA915CD162B1978642AD01694E533EC190368A6
311
8234657085B5F88E27A0805E04B8BB6A00A51646EE3C10A50FF007FF410F1963CA69BE2002F0F902E701AEC995FD41F83A3F0C3809A3288A083003A6CC2A20E6D703EE48E3777AC07ADD51EB6101603A9FCF17B3D5928F6D742EE7E4CF38AE2B03C5FB39C81D7B2978FAFE85AF3D2710B0582C970F0FEB0E4D1103B8BE2B4D
311
560CA10002FC8F334C891C07B44FE06B2E3ACE5E1E2D1FC32203110ABF9CA0E8381F68EC3C06701328E5A38278A5FCD944CEA5283DA933DF2A2448BD23F1C5D8BE04CC2DC3B43B3EEC29F8B5FF926D11D3E97EBF7FA1BD1E5E5F5FE6D3D972F548547783146ECD84873F377C5820F7F9FCE5E07378D6CBCB7E036DF7F71040
311
79A05B77C6942D1BA95D47424BFC3DB6411009A42E207871B7EE9B06614BBD20F22F7523FB985F3F7068E37600273A3ED0C1CCC380F6EC4AF01CC1CF95E4848B7BF950AD14C44F10460221E02D21D01DAE800F323704C00035DFE97CB37F797D3D1C0E4FBF35EE1E5E9E0E879FBF3DF6F474780A01FB3DAF01FE0C07982180
311
07C2090A3008BA7682A338F4A8804A06CBFE6A80CEC766F49853F15B2F45FCEA3F8250012841315016E75E797EFEEC4ACA6C79F515CF1738F7C36E2406071051043817C9E8C5888D49D0332E800062FF54FA562BF7446CC0BFDFBF8603D1FEFCC9F7FFB5A7F000430755C2D3F72F2D02A022820897ABDD44594475BDCCA4A1
311
0AF34C06B08B4AB58BBFAE30999DC66C7CE903A83CF8EB006EEEAA063430F84B05F0ECF644825F5E95073870E72A0771AB89B080022A0C5A9FAF34C89286257FB7BEA000EC65B59750C68E0815B0D9834B15606328F80709DE09018AC2A7817F83F96DB3D562C10A0A31300230CD4200B87F85808BAF64D04600254047F9C1
311
4DE93464009E7F5AABB4FDD6D55142A2C0BF1541FCE19C20C899BF4F76AB54B84CB97F88F48ECC029FD253F0C70DF4816B9AC94BCBD653B1A283C4001A0337955E4AFED3FB790B6B1F5EA0B5514074103A38D84280EE0F5F9BE974EAB2D16AB1EA969684B6E4166CA28264B300474C7308D20013B204A65F82970718D05678
311
B3315D442E1C0A327E2F56556040C005D2FAB1326A68A07507C9E46A3648555A7080F5F50219A00E6222E3E0862CE95B5680930530742F1D041805E69B788161F015944D041182B861A2C17F3AF01CF5BFDF6C343F9171F5B004BF59C016719164B888EA206A02AD05E8464D06B48E4381A0E9345FD171625AC22198F57C00
311
3BEA5510F81FF78D31C9B033D0030000000049454E44AE426082504B0304140006080800176E8A5C28BB58AF800100009E0500003D00000030353342313030302D433030342D354141382D314242352D4537363231453146454537462F536368656D61732F436F6D6D6F6E536368656D612E786D6CBD544D4FC23018BEFB2B
311
96DE15493C78601010A34B880709DEDFB52FD0D8B54BD70DF6EFED3AC0B12E6442E2716BFB3CEFF3D18E26FB440405EA8C2B1992E1C323095052C5B8DC842437EBFB673219DF8DA659866649B798C078B48AE6410122242F2A4994AC7F93815DF85C049C8564CA0A901499DD886B2EB9B1E02448F358701A9235880C49A011
311
9892A20C89D1B9FD768815CAD268CB5E0355B40B1E47F3E37A2020464BED06AA57CE8FCC20C3C3446D46761A2632A8C1283D07031EFF2AE7CCB1BFEEE916E406DFAC8E36FFD99A9D60A6944090EEDC3B670C7DC13DE86B6B2C5C240D6E503BB85ACD579D513F1B9F9A69DC9CC22AFA80C426D40AF0B21EA168559156B6276F
311
0F726A6BFF04DCD513A87A62CAD41FB24FCB2858B3952E3D852084DA25B9303C15687973CC8E8AAE11DF2836C38C6A9E765E8C1BA1BFB1DC29CDFE518C8B5A7655A4ED7E77291ABEB80DBD82EC866ADE1B8D05AF9E35CF09D7A061F38A986D9EC412B8F0F65E5D81534D9B231D1E5A8FE577A241F3A5FD01504B0304140006
311
080800176E8A5C1004A04F380500005C1700003E00000030353342313030302D433030342D354141382D314242352D4537363231453146454537462F536368656D61732F47656E65726963536368656D612E786D6CED585B6FDB36147EDFAF20F41EC7F69A2005E214768278069665709ABE0A3445D9DCA80B44CA89F7EB7B
311
0E2FBAC4B2A32643D10E33505411A9C373BEF39D1B2F3F3D27926C79A144964E82D16018109EB22C12E97A12943A3EB9083E5DFD7239558AEB07B6E109BDBA7C5CDC902D959360CE535E0866DF07A7579733AAB85D5AF234E2C51DD5B081CA7A87DEE56E47E2D6689E735AD0947194500A22A249308DB6F82682A3782C52A1
311
41BD80E4E54A0A3609622A150F48C16994A57237097451C2DF462738529D3AC5FCFFB5B401988BC78824973CE1A9A628D91CB968BDBAC335B9A4BB379C6ABF5D2474CD7B9F773F7F78C349F055EF13FE2CF856F0A7379CE2BEBCCE6456F8E316A9E66B5E18E4AC77BF5812F5937FDEF0F5BFE3E3C785576D96659253EB5486
311
3A87AB5D98ADFEE24C3B8E38FE48BAE2C062631799EDC8BDDD833C6E88585B9287340B23AEA990CA49B1A473421E81F856D06D9125E45E6F001C4F7F85D6DECA8C6A835753A250DA50DF92F743409CBC3BFA4C6EFCE2618D302A0CEDDB264D93950002937BC66489A18D0A345DD650415124BE376A745EA9F0E016108E328D
311
14C979C1302CD6BC0A4191B2C2C49112FFC0DB51401288D6A44C26C1B87A160AB6A11E5BD862514BE8B3DB750607BABFF6F781D6A74EED6EA7AC28FB3BA68C87AC94B2138A99DB41AE7147A71F56659287340123812054CAEC8965690A74E111C5BCA7260158B0963EC50C07E38FEDDFC5C5C70AB6A915F446D44E46C321E4
311
6087E23E221E2BC0DA6EB440EE6F44E80CE5AE2E2D2F31AD7AB71B8B139AF730773909401FE0D8DC3FCCFCC3D438DC1176062076C3CB4A9D953ACC72CA84867CDA0361E0910F4EF3B109A07D332211C72556825745A215835F47678059E337068E3ACB0E2EA2B507175B0818FD1082EB4D26186F85BAD33464988F1420E1B9
311
E43D522F8452A450106B04F01362BFF1B2BF5059B60F687C9F663A54396722163C7231012E7480FE916910E6572B6D8F4A54CBF92C5CD324A163C8508058D3F16A399B13B348C6830FB5FD47257A1B8D2CF08253EE776B3A72D782D895363D96020B6C18D3C86359B3C6D45E728B4B9D716893D091E4D533045F495D2EFEF6
311
33FF5A660A520A5790765FE52E12F0AC82685E7FFA0398D65528850A132894DDE9F837B1DE48F8A74D487795A482C7122A6DAE377BDC5DC212A465ECD8B03E7E2E208EC88DD9DA89456CFBC477FB798C74389668AB1A75C820AB7568FCBE0B5F94DC9AFF0D038D9F77E49D45B8278FC7177D0DDCE732FA0BCDDB42720FA90E
311
87115FF76375C5696F368AF83103F6A5911FFF03561EE06AD10ABE933AA9DEC398588888137017449E09C377051FCAEED1E8BC3BFA9CB27DA2CFDBF533459F374FC0C4FDECCBF3E06CDC6874E0710421EEAA6CEDBFEE60EB913607436C3F5BBF713F6F42253B9A4A0FD64C08416FA986EB02254B1846D82E7CE2584EBE31E3
311
40E9A8247483F07D5B84AE3A5AE0D4C5B202EE585468BA84105B1F5EC00C16FADB133FB7399F390FCF245CBF9027A137FD26D1D651058D44D9B331A93985CAC2046CB4ED9E0314977128A42C13DB06879A273052525D16BE833B8706BD1269FA69F2B9B109BB55D30D37679986D85848B86F026CF21E74809100180B0D280C
311
36F6015A7DFBD06AEB6F8D503BDCD7DD6DABBBEF54E1FF5EDF0E3AD53C03509B5B816FE9F51BC8026F44DAB82BA989F200C4220B24166C3037854094FD46C5648D9C42F8B07E53687D824917FED3CE56F3FBA68BE3C6853FCD64F4A00BB85831B1243346654A134805AF5CF39A9DFE22C9906A6EAFE8303A5F4AC4FBE63748
311
9CB62EA59B9D529255F326CCC28ECB77F812A7D6E63DF957504B0304140006080800176E8A5CF702076DC3010000E60400004500000030353342313030302D433030342D354141382D314242352D4537363231453146454537462F536368656D61732F52656E6465724D6174657269616C536368656D612E786D6CA554CB4E
311
C33010BCF31596EFF405481C9AA2A64851255E4A816BB438DBD4926347B15BE0EFF1236982021512B925E39D9D9D59677EF3510A72C05A7325233A1D4D2841C954CE6511D1BDD99E5FD39BC5D97CA9359A0DDB61098BF9CBFA961C4044344599637D0F066B0E22C074BC98C7A0319C58A9B254B2435ED23BC2F388AECB4A60
311
89D280B18D139496815152EDDF046711DD82D048498D902B293E236AEABD7DF74D5D839F69EE1D9F48E1F3BF448FC9E6BF144F351E38BEFF9D662D0D16587B77825FAF2195BF515C395B563BC5197A0AE68DCF363BA831CF7C7C8D7F0DA23D42898037B451BA833673DA92BC82D87F636ACFFB0CEC96F4EA30EF9A0FEAB85D
311
91CAED89348D80E9B178DDC3ACFC71D06F2528A182138DD8672E4DC6DC57CF91467432BA985E4DBE3DB399079353607C0A5CDA0B70D4E65A122FA41BAEEF6C272908D315B076451BD55EB0FF9E092E11ACF8C6B5306028F9D5F15EB95426D31532BEE5D6EC700FBA0C1E94211D7ADC8341143D429D2671564059C2EC72108B
311
4EE3847890CC4697DDF8A708DB01FD7AD8209A41EFC2DCFD7063A504821C7869545188D6C16DF801342CCE6B276363DC8EFA4AFD0E86ED0677C3B77747C7FD3FD617504B0304140006080800176E8A5C69203D6B51000000570000004700000030353342313030302D433030342D354141382D314242352D45373632314531
311
46454537462F4173736574446174612F41737365745461626C654F66436F6E74656E74732E62696E536160603030357632343030D075317471D635757434D575327174D17533767373727371727531331702AACB4D2C492DCA4CCC492C28484D2C4ACC4B4E050A82012F90744FCD03CA26072767A4E6260200504B03041400
311
06080800176E8A5CC55C663656000000680000004500000030353342313030302D433030342D354141382D314242352D4537363231453146454537462F4173736574446174612F53747265616D56657273696F6E5461626C652E696E665D8CBD0A80300C06F73E4B29FE6CDD8A2E82A083B8B7F209014925C9FBA3AEAEC7DD
311
2555D896CB85E51C2A1BD834F6A1F56EC4494C4695278364ABB24ABD2146F88CCEBB89D5321FF8F3F43D672A3B44DF3CB6A1710F504B0304140006080800176E8A5C6BDFC13438010000A20400003600000030353342313030302D433030342D354141382D314242352D4537363231453146454537462F4173736574446174
311
612F636E782E786D6CCD94314FC3301085FF4A64893176522AA82AC71582A51348540C6C57E7D25A75ECC8BE20F8F7D86D0650115387AEA7EFEE9E9FFC4EAE3E7B5B7C6088C6BB86D5BC62053AED5BE3760D1BA92B17AC582919BCA71F182B1CF4D8B05C664AEE821F87A9D46207A3CD556BDC612A3EC488B481ADC5E7EED1
311
3B42479115DA428C0D8B7A8F3D7018C9B7180FBC05025EF380D18F41639A44A6C769920E08842D53B36A765756F3B2AE36F5ED72BE58CEEFDFA5C8A4925BEFEDC49BB42CF8E16656E9D35EA62A2932A0E418CC44E5D730F5974ABE354E8A442A19292457A60EFA1A52070C83351A289927BC26A4324108BD14275849915DF8
311
E5C51376C699DCB24ED2807C7849023190C12BF4E43FB597F766ED2281D378CD8E9C6BBCBC0FAFC75FF4768AE53137D79796738DDCB8EE025911C77392A293AF8BFA06504B0304140006080800176E8A5C270574DBE7000000600100006700000030353342313030302D433030342D354141382D314242352D453736323145
311
3146454537462F5265736F75726365732F30353342313030302D443144432D354141352D423441442D4633464642464442454436372F7468756D626E61696C2F302F636E782E786D6C4D90C16EC4200C447F2542EA3181A451BB5A11F627F6D44B458937450B1881A9DABF2FB41CF634D6F8C9F28CBC7C7B377C41CA16C3C6
311
E649B00182C1DD866363856EE3890D172513223D606C08DAC3C69ACD943C1296D8AD1D6EBAB8E63A1BEEDD3C2040B2E63D86830DC6E99C3796CD27783DE942B843BE4FBB263DCD53828C2519A807C87AE8074C024DB033B588E56514EB388BEBFC7C5E4FE7F5F54DF2462AF981E83A6F0341C2F8B40883750CF51F21790394
311
2CC976AA8560EAE139C9EB52C94CA9E6EF10FDC40AE9189D359A6A4D1C0D018D1502ED25FF8795E42D6F95BF32AAB66ED42F504B0304140006080800176E8A5CA233C2345D000000800000006500000030353342313030302D433030342D354141382D314242352D4537363231453146454537462F5265736F75726365732F
311
30353342313030302D443144432D354141352D423441442D4633464642464442454436372F7468756D626E61696C2F636E782E786D6C4D8B490E80201004BF42E6EE76F3C0F216234B883063108CCF170C074F95AE5473F5C4C06E932E4F28601967600677D21E9D8092EDB002539227A2FCCB80E1168D80A6417297A89C5D
311
6963B7129A0D1E8F2EE73AA7B62BBEB8B27DE50B504B0304140006080800176E8A5CBE89762363000000880000005B00000030353342313030302D433030342D354141382D314242352D4537363231453146454537462F5265736F75726365732F30353342313030302D443144432D354141352D423441442D463346464246
311
4442454436372F636E782E786D6C4DCC3B0E80201004D0AB90EDFD75167CCE820A4A845D83603CBE602CAC26799919AEEEE0D965E2E908050C6D0FCCE04C8BC355404EB6198129C92351FAD580A10E464065907C8D948F8F166375F655BDC3FDC3B4E530A176BE7057BDC43B2A593FE403504B0304140006080800176E8A5C
311
1DEB22AF7D000000A30000003600000030353342313030302D433030342D354141382D314242352D4537363231453146454537462F5265736F75726365732F636E782E786D6C4D8C410EC2201405AF42FE1E8554D405D080C83D1A4B1B2285068BF1F882E9C2D54B266F86F79F25A0B7CB2F9FA2007A20805C7CA4D1C75940
311
D9267C05D44B9E53DAFE6E80E2B038010D83E4734E65DDD1E8A6A18446838FCF1D12D6694A08C1869A1B664A31AC4FCA60DB59ABADD17773BE54E3D8943ABF5EDD96975F504B0304140006080800176E8A5CC20E32510C010000550300003400000030353342313030302D433030342D354141382D314242352D4537363231
311
453146454537462F536368656D61732F636E782E786D6CCD93BD4EC33014855F25B2C4183B09115495E30E0C4C2CC0C4669CDBD6AAED1BF907C1DB63070FADC4064337FBE8D3D539C7BE7CF7694DF3013E687413E969471A700A67ED0E134971DF6E48B313DC23C6338C344E5A98489189E0078F69A9D20C7B994C518D76A7
311
2A3EA0B5E85ED411AC248D3232848984F54A658A384338D15946497BEA2160F20AF284A82DD409CA838C30133174C35DDB8D6DDFBDF6B7DB71B31DEFDF382BA4E0EF88A6F2DA45F0B8DC0C9DC27C74D950C75901044F5E57AAA420E2DC1DCD7D709609C143F4B9854AC6AF259372598C5632E6B2D80AFE3082B312F622F223
311
38F05A5D6BE60B7BFF16FA19DC0CFE29BF94D7D25C6BF6DF5CFEAD02B66E40FE066521C437504B0304140006080800176E8A5CE3603EBE7A000000C20000002C00000030353342313030302D433030342D354141382D314242352D4537363231453146454537462F636E782E786D6C6DCD410EC2201085E1AB90D9DBEACE05
311
D09878023D01A1D34A8419C380F1F82DA68B9AB8FDFEC93C3D7C52546FCC12980C9CBA232824CF63A0D9402DD3E10C6AB03A3397DD192872090D3406ABE7CCF5B5D18893ABB1690CF4DCF02282E5EA8A5BB96FFE536F285CB347F95BEFFE81C9ED5AFF9D5B1FB575BB00504B0304140006080800176E8A5C36EF67437E0000
311
00A300000007000000636E782E786D6C4D8C410EC2201405AF42FE1EFDA8D82E80A6187A8FC6D28648C160311E5F305DB87AC9E4CD88EEB37AF2B6E9E56290C00E08C4867B9C5C5824E46DA62D904E8914E3F6770312C6D54AA818945852CCCF1D4D761EB3AFD4BBF0D821F2B36688486F8817CAFBBEA54C6B4E4D733D31C3
311
06639AA118C7AA94F9F5CAD6BCFA02504B0304140006080800176E8A5CC34D57E9A900000073010000130000005B436F6E74656E745F54797065735D2E786D6CA590410EC2300C04BF12E5DEBA70400835E500FC800F84E0B411AD13252E2ABF27A55740421CEDDDD9B55CEFA7A117778CC979527255565220197F75D42A39
311
B22DB652EC9BFAFC089844F65252B2630E3B80643A1C742A7D40CA8AF571D09CC7D842D0E6A65B8475556DC07862242E78CE904D7D44ABC79EC569CAEBA537E3521C16DF5CA5A40EA17746733E0B6615DE725F206F18B9481C510F1F6847F6BF808BA31F02E0F5C4E609504B0304140006080800176E8A5C3DEE336E640000
311
00790000001B0000006175746F6465736B2D64657369676E2D7061636B6167652E786D6C35CBC10E83200C00D05F21DCA56CA76D41FC96062B120735B69A7DBE268BB7777961F8D5AF396893C2ADB70FE7ADA196782C2DF776D7A97B5933C430F15651E5469C55D70F80A4992A3ADC954792C525AE70A1E4D6AD9816CC044F
311
EFDF01FE3FDE907802504B0304140006080800176E8A5C89E39F4DF8000000960100003700000030353342313030302D433030342D354141382D314242352D4537363231453146454537462F4173736574446174612F636F72652E786D6C8550CB6EC32010FC156BEFD8E0479C4698C8A8E917F4D41BC2C44189C1E251F5F3
311
0BB12BB5A79E76353B33BB3BF4FCB53C8A4FE5BCB66600526228949176D2661E20862B3A427166D4591B7ED1A0306251036418189D9D8DEB0E496B8232193576523B28BC57010AF948CD005EDED4224A114362F87BB90A7917B32A49B9F1188D514FBB544FC94D5FB572C070D770823146BCB9F4A81BC7236A3027E8E580DB
311
EED273FEC65B5A6531A3412F3FDBA55322A809588DEB03C22D22F89D34A7F6786AFB0F5A6526A33EB8F4F3BE347F076CCC57BF8A2068B54DFFB8C675FADF356A139A7A77DD141E1849473E078C5639A5549E11A69A1365DF504B0304140006080800176E8A5CA9F2BE46F20000008E0100006800000030353342313030302D
311
433030342D354141382D314242352D4537363231453146454537462F5265736F75726365732F30353342313030302D443144432D354141352D423441442D4633464642464442454436372F7468756D626E61696C2F302F636F72652E786D6C8550C96EC32010FD156BEED8E0254E234C14A4F40B7AEA0D01715162B058AA7E
311
7E2176A5F6D4D3A0C75B661E3D7F2D8FEA53FB609C9D80D4182A6DA553C6CE13A4784347A8CE8C7AE7E22F1A54562C7A820203A3B37769DD21E96CD4B6A0D629BD8322041DA1928FFC9820C80FBD885AA49819E15EAF42DEC5AC6B526F3C4653326A971A95DDCCCD680F0C0F1D271863C4BBEB8886CBE5883ACC097A39E07E
311
B88E9CBFF29E3645CC6834CB4FBAF45A44AD80B5B83D20DC2382DF4877EA8FA77E7CA74D61321AA2CF37EFA1E5BA1C479B0DFDE39656F5BF5B323676EDEEB629023092977B7E30DA9476F27856976769927D03504B0304140006080800176E8A5CE92DAE4FF9000000960100006600000030353342313030302D433030342D
311
354141382D314242352D4537363231453146454537462F5265736F75726365732F30353342313030302D443144432D354141352D423441442D4633464642464442454436372F7468756D626E61696C2F636F72652E786D6C8550CB6EC32010FC156BEFD8E0479C46982848E917F4D41BC5C441B1C1E251F5F30BB12BB5A79E
311
76353B33BB3BF4FCB5CCC5A7725E5B3300293114CA483B6A330D10C30D1DA13833EAAC0DBF685018B1A801320C8C4ECEC67587A43541998C1A3BAA1D14DEAB00859C5333809777B58852C49018FE51AE423EC4A44A526E3C4663D4E32ED56372D337AD1C30DC359C608C116FAE3DEA2E97236A3027E8E580DBEEDA73FECA5B
311
5A6531A3412F3FDBA55322A811588DEB03C22D22F88D34A7F6786AFB775A6526A33EB8F4F3BE347F072CDCE3F261849E69B54DFFB8C675FCDF356A139A7A77DD141E1849473E078C5639A5549E11A69A1365DF504B0304140006080800176E8A5CE0835F8607010000B10100005C00000030353342313030302D433030342D
311
354141382D314242352D4537363231453146454537462F5265736F75726365732F30353342313030302D443144432D354141352D423441442D4633464642464442454436372F636F72652E786D6C8590CD6E842014855FC5B04741FC994E9089547D82AEBA23CA38644630024D1FBF30DA64BAEAEA92C3397CDC432FDFCB23
311
F9929B55463700A70824528F66527A6E8077577802C985D1CD18F7620389168B6C409401A3F366FC7A48A3D14EEAA86A33C94314D64A0792F1110E0DB0E34D2E2215DE0587BDA7AB18EF6296294E771FA3DEABE988AA29BCA6AE4A6E80A192708C10829CF4352CDBF60409E218BE55A828FB9AF38117348B61469D5A7EE9E3
311
268593136039CA2B880A88D10726E7E2742EEA4F9A4527A3D66D61E7031AB77BC175B87B8FB812F2A2EDE04086810F1DEFBBAAA6D91EFC03F4EBF43FD02BED487E00F784050C87FF3F2F18CD6281613CDB0D3396CD7E00504B0304140006080800176E8A5C1DBFF810FA000000960100003700000030353342313030302D43
311
3030342D354141382D314242352D4537363231453146454537462F5265736F75726365732F636F72652E786D6C8550CB6EC23010FC9568EF4E6C1220458E1196E807543DF566394BB02036F2A3EAE7D726A9D49E7ADAD5ECCCECEEF0E3D77CAF3ED107E3EC00ACA650A1D56E34761A20C50BE9A13A0AEE9D8BBF68505935E3
311
000506C127EFD26385B4B3116D41AD1B7105550818A1D2F7DC0C10F4156755AB143323DCEA87D2373561CDEA8527784A665CA566CC6EE662D083A0DB56324A2991ED794FB6A7534F5A2A1979D9D16E7BDE4BF92A3BDE14B1E0D1CC3FDBB547157104B1A19B1DA11D61F49DB587AE3F74FB0FDE14A6E021FAFCF3BAB47C07E2
311
0D834B5E63E0CD32FDE39A1EE3FFAEC9D8D86E56D7451140B07CE47320785352CAE51961AE2551F10D504B0304140006080800176E8A5C78F45804F7000000940100003500000030353342313030302D433030342D354141382D314242352D4537363231453146454537462F536368656D61732F636F72652E786D6C8550CB
311
6EC32010FC156BEFD8E0479C46982848E90FB4A7DE10260E4A0C168FAA9F5FB05DA93DF5B4ABD999D9DDA1E7AFF9597C2AE7B53503901243A18CB4A336D30031DCD0118A33A3CEDAF08B068511B31A20C3C0E8E46C5C76485A1394C9A8B1A3DA41E1BD0A50C8676A06F0F2AE66518A1812C33FCA45C887985449CA8DC7688C
311
7ADCA57A4C6EFAA6950386BB86138C31E2CDB547DDE572440DE604BD1C70DB5D7BCE5F794BAB2C6634E8F967BB744A043502AB717D40B84504BF93E6D41E4F6DFF41ABCC64D407977EDE97E6EF80BDAD777A5A6DB33F9E7119FFF78CDA84A6DE3D37850746D289EB80D12A6794CA1A60AA394FF60D504B0304140006080800
311
176E8A5CFED1D13401010000D80100002D00000030353342313030302D433030342D354141382D314242352D4537363231453146454537462F636F72652E786D6C9551CB6EC32010FC15B477DBE0476C459828AE9C2FE8A9370A1B072506CBE0AA9F5F5CBB6A7B6B4FA061669699E5A7F7F141DE70F6C6D916584A81A0554E
311
1B3BB4B0846BD20039093E3B177ED0805839620B2B0C820FB35BA61D52CE06B42B6A9DC61D94DE6300A21EF1D28257371C652A971019FE9E4E52DDE580294B379EE0C18C5F5235A30CA841E4343F24B44C187D66C5B16C8E65FDC2B39529F8626C28F27D188EAFA8899B428C04A22A78B63D47DA62F44E323A7ED25C0DCE20
311
6855748C529A3CD1E85F9DCF4DC2BAAE4AFAFA90B39E5DFABEBE44932816DC873956B39BAC25FC55BE097F455B26FDCF689BC28360DFA1B2B567C1B3CF25C473DD89F800504B0304140006080800176E8A5C3E091A9506010000B201000008000000636F72652E786D6C8D504B6EC32014BC0A628F0DFEC46E848982949EA0
311
ABEE281007C5060B70D4DEBE10BB52BBEBEAA199796F86A1A7CF79020FED83717680A4C010682B9D32761CE01AAFA887E0C4A8772EFE924160C5AC079861C8E8E8DDBAEC9074366A9B51EB94DE4111828E10C8293D0618E44DCFA2106B4C8A702F1621EF62D40529361DA3D1CC3FABD26B11B582ACC2D501E10611FC46EA63
311
D31F9BEE9D9659C9E8BA1AB55B1995DCCDD5680F196E6B4E30C688D7970EB5E7738F6ACC097A39E0A6BD749CBFF286967999D1107DFAF37E24E58C208847F6A5E54631FAE1DCB40B5228059C9DBE92092D33F127F4BAA87F843636D6D57E70DB08909114E84924E3DC601ACF7AD3CC6DB36F504B0102140014000608080017
311
6E8A5C78F2BD8EED000000A80100004F000000000000000000000000000000000030353342313030302D433030342D354141382D314242352D4537363231453146454537462F4173736574446174612F446566696E6974696F6E4974657261746F7250726F706572746965732E62696E504B01021400140006080800176E8A
311
5CBE30CA39F50000003002000045000000000000000000000000005A01000030353342313030302D433030342D354141382D314242352D4537363231453146454537462F4173736574446174612F496E7374616E636550726F706572746965732E62696E504B01021400140006080800176E8A5CB5A795FFE3790000DE7900
311
006B00000000000000000000000000B202000030353342313030302D433030342D354141382D314242352D4537363231453146454537462F5265736F75726365732F30353342313030302D443144432D354141352D423441442D4633464642464442454436372F7468756D626E61696C2F302F67656E657269635F706E6750
311
4B01021400140006080800176E8A5C28BB58AF800100009E0500003D000000000000000000000000001E7D000030353342313030302D433030342D354141382D314242352D4537363231453146454537462F536368656D61732F436F6D6D6F6E536368656D612E786D6C504B01021400140006080800176E8A5C1004A04F38
311
0500005C1700003E00000000000000000000000000F97E000030353342313030302D433030342D354141382D314242352D4537363231453146454537462F536368656D61732F47656E65726963536368656D612E786D6C504B01021400140006080800176E8A5CF702076DC3010000E6040000450000000000000000000000
311
00008D84000030353342313030302D433030342D354141382D314242352D4537363231453146454537462F536368656D61732F52656E6465724D6174657269616C536368656D612E786D6C504B01021400140006080800176E8A5C69203D6B51000000570000004700000000000000000000000000B3860000303533423130
311
30302D433030342D354141382D314242352D4537363231453146454537462F4173736574446174612F41737365745461626C654F66436F6E74656E74732E62696E504B01021400140006080800176E8A5CC55C6636560000006800000045000000000000000000000000006987000030353342313030302D433030342D3541
311
41382D314242352D4537363231453146454537462F4173736574446174612F53747265616D56657273696F6E5461626C652E696E66504B01021400140006080800176E8A5C6BDFC13438010000A204000036000000000000000000000000002288000030353342313030302D433030342D354141382D314242352D45373632
311
31453146454537462F4173736574446174612F636E782E786D6C504B01021400140006080800176E8A5C270574DBE7000000600100006700000000000000000000000000AE89000030353342313030302D433030342D354141382D314242352D4537363231453146454537462F5265736F75726365732F3035334231303030
311
2D443144432D354141352D423441442D4633464642464442454436372F7468756D626E61696C2F302F636E782E786D6C504B01021400140006080800176E8A5CA233C2345D0000008000000065000000000000000000000000001A8B000030353342313030302D433030342D354141382D314242352D453736323145314645
311
4537462F5265736F75726365732F30353342313030302D443144432D354141352D423441442D4633464642464442454436372F7468756D626E61696C2F636E782E786D6C504B01021400140006080800176E8A5CBE89762363000000880000005B00000000000000000000000000FA8B000030353342313030302D43303034
311
2D354141382D314242352D4537363231453146454537462F5265736F75726365732F30353342313030302D443144432D354141352D423441442D4633464642464442454436372F636E782E786D6C504B01021400140006080800176E8A5C1DEB22AF7D000000A30000003600000000000000000000000000D68C0000303533
311
42313030302D433030342D354141382D314242352D4537363231453146454537462F5265736F75726365732F636E782E786D6C504B01021400140006080800176E8A5CC20E32510C010000550300003400000000000000000000000000A78D000030353342313030302D433030342D354141382D314242352D453736323145
311
3146454537462F536368656D61732F636E782E786D6C504B01021400140006080800176E8A5CE3603EBE7A000000C20000002C00000000000000000000000000058F000030353342313030302D433030342D354141382D314242352D4537363231453146454537462F636E782E786D6C504B01021400140006080800176E8A
311
5C36EF67437E000000A30000000700000000000000000000000000C98F0000636E782E786D6C504B01021400140006080800176E8A5CC34D57E9A90000007301000013000000000000000000000000006C9000005B436F6E74656E745F54797065735D2E786D6C504B01021400140006080800176E8A5C3DEE336E64000000
311
790000001B00000000000000000000000000469100006175746F6465736B2D64657369676E2D7061636B6167652E786D6C504B01021400140006080800176E8A5C89E39F4DF8000000960100003700000000000000000000000000E391000030353342313030302D433030342D354141382D314242352D4537363231453146
311
454537462F4173736574446174612F636F72652E786D6C504B01021400140006080800176E8A5CA9F2BE46F20000008E01000068000000000000000000000000003093000030353342313030302D433030342D354141382D314242352D4537363231453146454537462F5265736F75726365732F30353342313030302D4431
311
44432D354141352D423441442D4633464642464442454436372F7468756D626E61696C2F302F636F72652E786D6C504B01021400140006080800176E8A5CE92DAE4FF9000000960100006600000000000000000000000000A894000030353342313030302D433030342D354141382D314242352D4537363231453146454537
311
462F5265736F75726365732F30353342313030302D443144432D354141352D423441442D4633464642464442454436372F7468756D626E61696C2F636F72652E786D6C504B01021400140006080800176E8A5CE0835F8607010000B10100005C000000000000000000000000002596000030353342313030302D433030342D
311
354141382D314242352D4537363231453146454537462F5265736F75726365732F30353342313030302D443144432D354141352D423441442D4633464642464442454436372F636F72652E786D6C504B01021400140006080800176E8A5C1DBFF810FA000000960100003700000000000000000000000000A6970000303533
311
42313030302D433030342D354141382D314242352D4537363231453146454537462F5265736F75726365732F636F72652E786D6C504B01021400140006080800176E8A5C78F45804F7000000940100003500000000000000000000000000F598000030353342313030302D433030342D354141382D314242352D4537363231
311
453146454537462F536368656D61732F636F72652E786D6C504B01021400140006080800176E8A5CFED1D13401010000D80100002D000000000000000000000000003F9A000030353342313030302D433030342D354141382D314242352D4537363231453146454537462F636F72652E786D6C504B01021400140006080800
311
176E8A5C3E091A9506010000B201000008000000000000000000000000008B9B0000636F72652E786D6C504B0506000000001A001A00210B0000B79C00000000
310
504B0304140006080800176E8A5C000000000000000000000000370000006662782F30353342313030302D453830332D354141362D373438422D3431304546374633394442452F617474726962757465732E62696E504B0304140006080800176E8A5C000000000000000000000000350000006662782F3035334231303030
310
2D453830332D354141362D373438422D3431304546374633394442452F76657274696365732E62696E504B0304140006080800176E8A5CF270F1330600000004000000360000006662782F30353342313030302D453830332D354141362D373438422D3431304546374633394442452F747269616E676C65732E62696E6366
310
60600000504B0304140006080800176E8A5CB5A795FFE3790000DE790000420000006662782F30353342313030302D453830332D354141362D373438422D3431304546374633394442452F7265736F75726365732F322F305F67656E657269632E706E6701DE79218689504E470D0A1A0A0000000D49484452000001000000
310
010008030000006BAC58540000000467414D410000B18F0BFC6105000000017352474200AECE1CE900000192504C5445818181B3B3B35A5A5A4848486060605C5C5C6464648383835E5E5E6262624E4E4EAFAFAF4A4A4AB5B5B54C4C4CB1B1B1858585B7B7B7585858ADADAD7C7C7C464646787878ABABAB747474A7A7A768
310
6868707070B9B9B96E6E6E6A6A6A8B8B8B666666545454565656A5A5A5505050A1A1A1BBBBBB8F8F8F9F9F9F4242425252527676764040403E3E3E9B9B9B7A7A7A8989897E7E7E9393939797974444448787873C3C3C727272BDBDBD3A3A3A6C6C6CA9A9A9A3A3A32020209D9D9DBFBFBF8D8D8D9595959191912626269999
310
992222222424241E1E1EC1C1C1282828C3C3C32C2C2C2A2A2A2E2E2E303030C5C5C53232321C1C1C363636383838343434C7C7C71A1A1A0E0E0E121212484A484C4E4C1616160A0A0A4A4C4A787A781414147C7E7C9193915E605E464846838583878987B1B3B18587856668665A5C5A626462818381A7A7A5A3A3A1B1B1AF
310
ADAFAD7072705C5E5C9D9D9BABADAB7E817EB7B9B7585A58BBBDBB4C4C4A8D8F8D747674B5B5B3B7B7B59FA19F606260ABABA9A5A5A39B9B99A9A9A78F8F8D6C6C6AC7C7C5451AD12700002000494441547801DCBD89771BD7B5A70B8EE04C702641712605CE034890E220088028C93245451215B713AF388E7DFD9EEDB8DD
310
CE6ABFF4B57D97137BE50FEFEFDBA74049B6AEED74869B7E87404D2814EBB7F76F0F67A8835CEEBFA0E42B854AA5B2BB5B6BCC951A8D52A93657A914FE0BEEE39FFE2FF395B9B9C6CAD2D4C4606F4B7FFF8D1B37EEDCB97587F7CD9B4343BD134BABE7DB48E3FFA7A228ECD6F6574E4786C0FC8B5FFCE2CD5FFCE297BF7CF3
310
CD5FFC92B52FFE58BFF9E69B776E0EF5F79E55CBBBF9FC3F5D3DFFB07F5898ABAF7CDA3B74E74EC0CE20230561BF096E97E05712BFFCC59BC80539DCE83DDD6E54FE61B7747DE17FB8980BBBFB2BBD4337DF487881AAE6C5ACC6AF25207877B2B527BFF1CB3B77FA47561ABBD7F7FA7FE146A5B6BD74E3164C7F51449AE95D
310
B412200EC539418717E7F2F11B376FF62E95FEAF1442BED0581DBCA1BD2780D23F506AFA16E1A7AD974EF17876F00DD7BCB187A1A97AE51FCED5BF2BC1F2BBE5B3C19BE27B43CF26DE00933658FE129B109C2FFF922CC22C4260FA01BEFB462A77DEBC35F42F600C3F5B0795D2E9E02DAD5E650B4438A92801B65C35CBAB7B
310
1EE5041CE69D3B6F1822DFB873EBD6AD3B6FBC71EBC6C86AE967DFC2DFA4CEBFF1BF54F6276EBC114E2F43FEC60B01A0D440A868B2920E5C4BC10D60931ADCB871F3268B21D3851B08E1D6AD9BFD4BF57F7577909FAB86F29B982571136AF01DF5FE32AC3BD9406CAAF2440A54CF176EDD01FBADA1FEFEFE21FE4C9858DFF4
310
183458A9FD2B6708A5A5A137E0EE1D11A9EC0C7C58B2C73C0AD6B479BD76B7790CF899E287FA5B06FB7B07C9195B7851FA8794031EF1FC5F9406BBFB23375420286399B631E93B08022A785C4DBF9996EC3551874094D71B6F487E80F6837E50F483BDBDBD83232323AC420A18C68DA196EDDADF68A77F938F78FD972BABBD
310
B7B87FB164AC6FC2CB760365821ACB74AED44FFAD7E7431ECD7E08AC421F391D199998989A383D9D98E8E56F84A318C58D9BFD2DAB73FF5222C8EFAEF4DE7AF30D756E5108683DA471E70D0502099A7240F19E4089D3FD203E620F1B47BF43501E85031AE44B4B9F2E4D2D9D4D51D8970983FA861B3706FF950CA170DE82F6
310
B312CC4F42C8966295F7D725ED29882415DC055F36DEA1FE96FEC141493F05FAA9A9A5A595B333DED5B3D5A533F62183323032F46EFF13EA0AAFA5FBF7C8976F8C10F7280A014832593B90004D52341980D907EAEB73411EB2F1EBC9F507F92746C40E7AE0AFAE54292BAB2BAB67CAE0746264A277B06508168C94BF772BE9
310
765F7BF0B548FE1E07F3B5A521340A5CB5297C4B12811B89E82191ECF3E41B3259C529F135E23CF4C7F961FB13537F5A02ECCAEA76B5BA5D3D3FDF3F2FEFEFB3AA22053E5008833428DC6C59FA2F770595F311F235D427F379BB8A121BD901B96076A388DC4C3C61C7933CCCD770FF375A6E0CE9F535FE2534BF5ADD3E3FAF
310
D71BF57AA951B6D4CFEBFB8864758A26154430080B06ABFF557610ECC93726224F155D1471041E0D42F82F4891C926C1355B0831649FF365F46FF05300A7A790BD8ADEEB0D4AA9569A9BDBADCCD56AA55AE377F5F3F3EA2A34983A1DE91D810543138D7F28E57FF4E2B5335A3928B76EA1CB9B00BF158C8F63A2E788826896
310
D0B5E7C461949ECE089144F8EBEFC7FB4D8C9C4E9DAD60F7FBE572B416C2F2423ECF8B86C439E450DA970634ACFDA977629098D0B2FAF313A36B3869E37AF7853378CDA1171FBEBA95DF1E44FD5144A420588641B0055A79ED91CC0DC41E27064512FB33F1F04D09D0D2DF0203A646A6CECE80DF28356A348CED8C4F1EF137
310
B9319E1BCD29867CA556AA97F7B757567006A447FD375A26CAAFDED9CFDCFB2BB0BEEE8AA5911BC2C7F85DF88A3775389990AA72219D582409210F85A4E66F2987D875C30848023088FDF77E87F96FD7CBA5B9DCCEF4F4C9FC7C676777577B7B7B67E7ECCCE4E8DEE85E81A6D55AA3BC7FBEB242589CE8ED4770E785D7DDE2
310
3FF2587EBF57F50B9E820527316488E5C32D50F979BCA58207297E2B6D658702FFCD211840FE43FC9F3A5BAD9E97E6F21B9FCF16BBBB3A3A5A175B5B1787875B5B3B86DFEFFC687A72674F19D46A8DFDF3EACA59E405375ACE76FFA922C817CE86A89BDD92F400F2C55B7462F610459837D3A61ACF50C7471C8F2F2A9D38C3
310
DA2F068007F80EFCDBFBE5DCC674B1D83EBCBEB8BCBCBC3ED0D3D333D0B3DE33BCBEB0D8DA35FBF9F8CECE68AE020BCE61C112A4C1138CD47F9AD13F7DC6AB9CF9CFCFAF9D0E01FFE6CD503F5B91C5218E2899CA15098714848B04FCE5654884ABF0E554F11F6C21D73D5D5AADD64B7B9327DDAD8B0B7D7D6D6D07070763BC
310
0F3E38E8EB4310EBEB8BC3DDB347E3E37B5842B97C4E44A0C630427E5CFDFB71E03F471E12CA9FF70E055AE141042DD81234B879EB4606361D9328149037D7D76A571A7E974FA20AD0323832713AB5BA7ABE3B3E3D3FBC30307070B0B9B645D93C3CDC3CDCA41CFC6AAC2D64D0D579B4B1B397A7C1BDBEBD7D36657A3CD4B2
310
F44F4909F2B9CA597F4245C59DEC354316F0587020D0C661742BC02869435FD12CF195C422DB3C5A3E2305C000CE6B7B27ED8B7D63079B5B5B878787C787C7C7C757C76C51B60ED60EDAFA06D67B965B3B672677080BB5329E60E9B477847AE2E9EB53E35779FD37EFCD2D0DDD68AA355B6B0D81860502B8B68C801F5C697E
310
9AD62F4B406244CB975560BAC756AAA577675B07C6D03778C17E7C95CAF1B3ABABE3E3ADADE3CDB1B1B6B681014470343EBA979F8B90383545727C63E43549D14FD0F927E5F1FDEFD7263058FE02EBCD1BDCBCA053496BD58E69BC44F9F854D4D979AE9ADB908824382AC1D4014E9756EAF9CE85B6B54DB01F02F8EA5908E0
310
D9D5F1B3E72188C3C3AB67879B07C8A0A767B8B831FE5E7EB754DEAE5261460243FFF07858D8EF0D658BDC563A2C5EF5833C13C90B69248C4DD97842B61DFA7F210A2F6108A0F96B62E2D3B3F3DD939EA47E30ABF5AB2B903F4BE5F9B36757CF65021E616DAC6F60A1FB647274B4B05B2E5341B082D43278F67D8DFDA48AFF
310
9A13F22B34C7586C9992BA6E66CABC190E313E7C811AA57304B421A75B289B9D174CC868C24548823E230B9A5A2DCD2CAFE1F98E61C015CA7E96B083FC59F3ED06EE60F360B3AD6F79787ED278D0A86FAFE00BA9220EAEFE1D5DE1F7855939C3FCC1332426B377F692406E022C010DB437EF009803F0DCFD3B7C94440571D8
310
F2C328F115F47FD324802070BAB43FBA80EFDB92FCA1F7E7CF9FA875CBB327CF9EB08C4DE4815BC4210E2CB7CF1CEDECEDCED5B757490968286899FAF95583BF46F9393CEE6A86D6F618CAAD9BFF0BE22B042412C5CFB50556815CC5BBE33E9F61ECEC26A9BCB8145FD10590078F9C9E953B513FAE1FE387FAC246E14F9E3C
310
E7F5F8194BD6594140876B6B84C5D6799C61A16434201E5237582AFD75C07EEED9863F463284E2E13425A036BD41061259289B6BDC1ED656FC8B8592C9D00701E27CEA749F0D8EF44EAD8C1F80FFF8F8F9D513191F6803384C800097F24069C407CFAE88136B7DCB3D5D4A60B711F19070D83235F77331FD35E71596688903
310
8E2E0B346EAB7936C4162043E1A1F144093695443A570144898BC4079CEF1912809A3035A1D3F361235F90FFF1E3E0FB93C7E2750719F88E7D8E68123883ADB5B18185AE99F1D11C1238A792DC4BEDE8EC6FF503DF377E0445F68FAF4E08D43082D02170F30131A154206CC559A8D9CFDD762B31273E4947A581E0D9BB71E3
310
3FFA07CD02CE2A6BE1EC80167497F2A81CFA3F7EFE58D0CF5D5D170DE4F89070B0BC4040CC17BEAC6B0586C3D3FF0309BC06F44B04A1E13729929B4DF73C44070692C810B08AC3012E8EE9EAE22067796288C193B2139B970B86F47FAD0F98382B1E035D9C32FD318A4FAFCB274F2E1FA772F94411B0CD42493C23393A685B
310
5FEF3E1ACF554AF5F3552A478383374E6B2FDDFC4F6DFE38F4F4ED7A7FE838F488EA852482F412D3CB07E293D02C9F074F12E84C5AAC423271450572A385449844706475FD38DC3C22486A0639E5F1E38B0CFE93CB4B25910EF309A2224BD8DAD40C682C28341AD69047E8539A6AFC14EC573F7FAD10AE0FE6EB13E87B28E0
310
93B513B5803514DE408809BC12A14876DE0A25F643009E9176D9F0C330164285A7444DC8CAF0E9FE41429EE0A2F6A6DE91C0856C501272404A8468822E24C807030B1D33D40D4AFBDBABB411D093D88C86D7205E05FC57EDD1F805FA4CED5920F0CED39157E007CE21757C5DE440ECBCB46CD283E378029B43FB077B4F47E6
310
0E9F61E8D01BE017D7E843EB49F50A2028F1E442FCC90C9EE308E4C0C2C94EAE30B75FAD3A0EAFA57FE9EF960F14BE15638840EAF3BA490BB6850EDB38EECAFD21A0C746D0C4234DBD035EFC7EDD121FA585FAB73DB89FE6A03CF833AB0730E5E2F1A36CE3F202A128934B44E396961121E1F2C9F32BFCC0C140CFE22C1CA8
310
E109B182919696BFB98120234F61B59F7BF46EC30CF067B21A33B0FB3E402448EE266CCD93135A8E823DB31F85E677434E608F53F8100BC0098EA2FD6BC01770E0F2F2D1E5452A711C4BB8486248FAD756D852026B6DC90A2AA5C6B69E9068B8F27AFABFFEE8AB36F1D23985D5960014FD711940800B560250D2272CC54FF1
310
D3A660B275AC3881E349689C1616E1E9044129D032313509DE4700BC867C71F128C400159407C761022BA8A040F40A244788808C60B3AD67A17576279F6F946923191921B0545FC2F12AC0EFEFBD7262B6935679FC7F80629160ABFAEC88E8430E76D82A8DE62ACE50BD4A42FBF03B387B37FD321B37E31C3F063D99703F51
310
60E6C9E5A300CF32A91E0A085A29C0FC507F6C21012303C6104B82C1F1E156DB3229D1A855A32A8352C9077AF733A0AFE0FB3EF81FDF2F0F82C21B0EB06998866878B103305E31EC17F4FD43831E570A2118D1667632D4FFFFB125782F96168A833DBE78C3F11F8383A79D49F58F1E3DBC780417AE6581381E8610604888E2
310
913E12492881274822C221AD04CB0B1D273B8542837460898C686864FF6F801E8269F40AD0481DFAF5E6E9C1F3BE391C325004DF0746A4E4448F7B52C0D5EAD39EC46896B888C4210D68E99DFA2820DF7FF850EC407EB55C3EBC5028611409BFCB8889C90F1C52355AEF98B18100094C9D0EF6F64FD47E5CBF3FF5293DDFB4
310
B50DDD54F351446FA1F14580DC3902C085F593CB24ACC917B213BBC11B3F0A61042FD8B24F4FB9C4556D0CB9E1A880DE89934CE9607F18F81FDD950DD0E1D143F41D56110E227C250621FF098838042BC85B5B6BCBCBC31DD37B34966E9FFD9936A2FEFEA9EBA4182E5CD3E17AE35501FCE0707E5525A7DBC64DFD077825BE
310
37CE0BBE1BBEC061410C660B6E49912665E2B3749C7C9F93834022F74CDE6CA5EB501D9CBC04B768292C5CCB84478F3CA83074092C6082169015E5800D5839DC6C1B58EFE83ECA513BDE3EFB8EF1242D2D4B3FD55AFE03D42F8492AF8A3F21444FA2FA9ABBF525EAF84C09F0168527B0138A85D1EC0443C467B28BF844EAF7
310
6323BE13D7C11F72FED783837B970FEFDE7D7817E077C17EF7E2A1C2C0FE851FE4C008388C15E818958746129E1009D054B67530D6B3D8DA3D59D82D9D57CF70039FF50FFE0DE94089DB269C3655A4F25B38C49D0BD48E59F1526887C18FC5272197F85CA72862A593A4843CD25F920487DDF7AA0441A2C0600D062001F103
310
FCEEA3D8560CEC3EBACB01CAE5A51E420349F602191E5F901893142381351CE17047E764BE50DEAF9E4D8C38B6ECFFACEB141E54A6865A88A60133EE9CBB4C256930B0B168C1C3AB59FE1743FB422C7166082E934AFA5EFA3E4BCE0B69362FA7041818B7FDECE1DDFB4D022007CA23E521F0700AAEB5888BBBF08023E128B4
310
045381542FA256B0D04E28A0C3804E233A1BFB476A2F48FD135BAF9843BEDA3264EB42BA499601F16B566E72C7EA35908ABCB9176BBED43204C696AFD3D7B24B08D3AFA44BE243D88A6D9D0B6562B52F741E1610C0EFBBAF2B0829289A640EC4C8A4FF66A24430786CEBE1E1E61AF9507BFB496EAEB64F8F49B4129EBDEC06
310
5EC1F8A3F228A3CD0950883B41BEC6D1944AE06147289600A7726313AC69A3F91197F1438BCB743E76F01F6EF1D1C854071670FFFE43FF1EDED702EE5A14C85D0C42DF90B86068800659AC88981855E3E774A71C0CAC2F76754EE7CC87C808D1E1E0F6CF47FD4224731337BE1E39C5010823EE997B1491BBD99FC8D8EF7748
310
2BEB5EB2CF66499A8E0F7511B19B3EFBDACB6507BC78731B1B383D02FFDD7BE8DD9256F7D0BA7B46015941097B80018F700FFA024CC08078F51806100ADBFA163ABA8A3B95B9D2F92AC30BC908ED31FABE0CBEBFFF0279B675868F9AA24E9530B08C174055B7F48E4F58002F3E82F0BDFA003E8B431EB6C4A91E4D9B5FFB79
310
1265BA8827BBE5F1BCFA7F789F72F75EC800F8AE43FFAEC42F13009FB905A9A0132015D0068ED7682AC608BA6771038DEDB3B33082891FAB1ABF5614F93238079726B833958796B845B731FCB86316713C1DC581B1E19B424EE32674093F80776F7E27C6FBFAC85C536CD955B96EDA2A3FBF770FF4BE11845470EB3E42D022
310
000E0FE07D161811020742162444668308801E133A4C163BE68F6826A5523071CA78B2FED51F28F8C70FE4190073A3E5D3259D7A288CD19BDE623F10021BAB0C6E327FD507B2741627727EA00D31856492F9F009D7F152D930704E642795C1C1B336E0DEBB7F0FDCB79318543B25341F36802D64A981A690B94259607DE0B1
310
9D466BF8C1C5E1CEF9A3FC5C639FD6117B4BAEAB453F8EFBDA500A67E8BAF76C8A06566E36EE1184E8329419161F83D843D5DE7D8221163E145F56921C3EE383978072129E290A9B7166E63D26BAB1FCDBF710009E4051842390031845F20077CD079407C575F20364C4910ED2A574BC357630B0BCD8DE39335EB175646A69
310
8458F6A346F003A93002E846FFE0C459B8006E506D79BF902908A0AA05CB5E73530E33BA1D3C2EF99C712B7C8B41DF4D2A7830BE8707485FCFAEEB85A09AB6D39BBF7B4F23E00509C20DB04E240822A4B810E04D8D53D10D504C059ED86BB8697F514777717A8F8144D48A4C89077F7EDB00E2D89DC02A7B975640A282C49A
310
4AA84B70B12BFED8EA6584860DFB7EE23FCB00C6BAF7332FF259FA3C9346508813E372F1DDE425065BB61FDF8300F7EEDDBE8D0C6EDF46F7D8823478590AE23759D60DA6B7A9F125EDE8F4A5D2B37470D0B63C30DCDE3D3D59A8D1501EB1B0A5377517BDD6E301F995E3F955F0F58FAC2E81CE172A8344AC03DC6781939D24
310
84B8FFC15E8F3ACCD3954CE19576B942D0A029188EC7013FE59AE90B71292DE774F1F63D60230180B30A2EDC65291B6211B4081128856001A680015CE000708254891851D4B3BED0FA4D7166B466BFF1D2A924885AD12B387FC0FCE6819AC3AE06A7AA4B715F0927B74D119D4A668FB54B8A8C268D8B038A207D10A7B1E95E
310
42195B695BE0240F7408B311257C23F581E987C180140C584A02B1670CB817CEC0A080F259F1360E58452013200E3EC107AC1DF4FD7B0F6D23F33347F9527D9F51E6138E31AF35F1BDAAEEEBA3D71BB402E2FB47CECEE96B4DB85536772B07C82A34F3E66D0BCEC207FEB9E70643761276F7B50D5EE963CFF80C7AF4A2130F
310
5BF8C4EBFB5F07B709840480DBD8007FB7EF3F90104908BA457D43AA2A6A02C91422285E5AAC143F3313A0CB74D9D164933B86C25587134E8D342B453FC982860D09FD13ABE72055ED020E85D3E312F74C25CB0293D978A1C4001927C80B86FD06349126EC219F0C735C8053D8F5F310817EA01F1B7851F406144C211C6362
310
C27DD51F1E310C0102280ADB891E9B085CC528A2B1369A46BA195B9A2B351862CE43174BA73FB7CBB430A5798F4C54B7333B96C3224A9863AD02B9FBD8E63092191924E77C199D92887DA594B6DCF0112857162FD0949FE6A441F5E62E42FB2105BC405A2301A3424601DC807912CB2C39C604A27908021CDA30C4C8C2019A
310
883B3A8BD393BB3546136EAF561980FB63E9E035FF73B96D09A905ACB2C11D79571C5159026227DDBDB81396EB03F14100BEB66DE1FA9EF82C3ECCBE318119C4269FD014E66361FC8BB0B4EA9A98EF3D8848A01360430284335004C183CC25BCA82D2302EB03B8419241C64DF4F5ADAF77B533BE786334BFCBB8DA72BDBEFF
310
C36103AFB30608A0B39B58D93F0BF42180841DD26BDC22CF0A770E90240006BAC65197D90920131C7B2EB3CFD3C71C6378A305EE8488FC1FF8D391E2BDDB0F6E3F45E7C8207C419800DB410073A3173942CA8D5242642A74496FF115832A6314D9FA4257577BF7FCF8F8E8CEE8DEDE5EBE76DD3CF892BA7FB8B90F629431B5
310
525E92A15A3A4A6FEA3FDD73136172060959206591F4C927196CF645AA285CF3014630121754261C0D31E1A7E3DA2DBDB54B04703BDE3A4209F02045C4BB0F529A14BED07098A2A1CD47513DA64B512F409BC01663090796D787173B5AA141B1B39BB470EEBCF1E30F9D263ACC4D05110797CEF7B923B027F089F74D1D06F0
310
A4D8C0CDA6604023FCA45B76C5CDE0BF3845ECBE13E0C0ED73700A8A753C1AC8AEFFF1B407FC8A20F42F0D94019121DE304077A027D4112283BB8FF0072444D68AAD111D6F591BC0061854BBC048EBBE9E81F6A33A95C21BFD13AF3C7E7DCDFFEB0DE8903F77B41DF178E99C289895B0EA8CD640549D68935BA7C5294E0A1D
310
66DA0CC419BD398E6265789CA1241441AC94532A3C19C95340BEFC68703077EFC1D307B71F3C500859C11494838E902203A2BE90EACC5135B80B078804340C920C2300BCC06F7A1C71B875DC572C9BD1D84BD5FB9363CA6BA7D03E5C40FDFC54FC23C9B4B9DDD028787D89219038523BF64E638BB37CC25335937A00DFD328
310
69C5B390C8C32FF25C8C47A7181B4A599A224A9DADB0E0406FEFF9F183B7448F081E3C55024FB33828784AB61704482CD0160C04174F9E33BA9291D58C2F1F1B1B3B5863B0D9F3E51C35C253D54A23E560E2C0CB3A6F7A81382601C2079CAE96B7B1560D20A341E85A928A4E01083256420576C2ED477E2E565FD9223BCC69
310
1CF394D3D8E281501E0EE5C1C8159E92585D255CF30CC854C75318006EA4A01028EC853F9407C6053910BE105348324002260254886C156260F9189EE0F8C9A3CBAE9D5A992184568A69D5183A7DB97DB089FDC57AEE54F858FE54F577DBA85309640290F2D220952620750C5811FB772A7876D1E4040FBFC6474D51246D8B
310
3FB378283FB514F8AB3C20B8BF7DBE5DE541C9A5D3D38DDB30E00151E02523081BC89C2214103E0BC1B3D0199A08E002681A2613A2616CEDF0F0F9C5DDC75DA395C25C0309C03DEC8091A4AFD3FEB504AAC6633930556DAC86EE3561941E862C4A75DD6B6BB3A0C59BE153DFA73EDFCBC3CE2188D3D378FC976D0EF9A95B7C
310
8532F527CE3CF539581E0FE501291E9139FFB65EFF5DBD8E0C18DE3077170A64E033FD278F18068028802F156C3809FDEB11B1019C208D020C9BA2870457F0F8E1FDC7EDD393E3B9FC9C4308E9315704233F960E554802C14716B0B45DAB5EAB5E25AB7830EBB8D25E6CA94E4AA01794FB1EE164FE9F040FE82C940A4BCEF9
310
13075D087E85A7237D3CF29C47E4E676777779528C4781761F0BFBC1D3A77880E40C9A2E5109180D5255317890394229F0F082010354082D574F1E3FBAB7D6553C2113DACB97BEB5526C7C6F69F9310A94C46CD89FF8F379AD1AA035FD00FF3F320180F01417A6F255A3A8D86319FE0C0B0E06A0DCD33F79841339C01E5BBE
310
1911AFCFF7C1E0A540BFBDBFCF2372352686D863F83F59CB6865F43104007EE06F52406F680341102048A01BB048823082CBCB0B6AC48C313F3E7CFEF8F2D1FDC3D6F6F9F9D9E98D9D7CAE5EADE2A6512FAD7AB526E17F600C85550DDE9ACFE9D97E694513103BC69F8A2813176032C890C1E9C49FC09C61670FF8705B1D73
310
86260E7C8E7122C7F8208A55139E8C8D4763F7EBF5728DF9C34677364E3A3F9AEFDEC9CD95470788834F9FBEC512379890B38C94205B2557987C4186DF5C0837608DF0F9F3CB87B7EF6E920475752A01460E556919B2B64296FB9FB70DD5F47232A0F77465BF140CD001F00ADCA175090E2665A14E6329B62660E02A1CB50C
310
6025E3DA252A670B3F0FFAA5EAD94A509FE7036B159E0D1D9F2E76B7AE1FD5A606198D3A747AF450023CBDFD162278B9446688111009B4029B0F2180AE20A542D40610C073B47FEFE1416B2B12200F3C991C2F54EC2491027A816B0A34A9D05C6F437AC23462385DADD75642EDDA738AF1600DBE07EE8437804D2D011A94DF
310
71C2085EDD40266A407FFA1D1C00B0C03927E60338E3B9D8C47D1F8CAED578E06F7CFAA4BB63B175FA7C301B747CB377F45192003CB8FD34B12009224543D8604494011A80C1903CE0518C986208E1C5FDDB8FDA161686873BBABABAE74FA637BEA894A44078C19696F326E057D7F95D061A6B0394A9D5F2DCAAFE4C2388D8
310
A6E9AB7695CB0BDD0A332430F1A9333DA41D1FFB97FA09AE84E738C75C407C260408F8DBD5EDED7DE1570A7BE333C54F16963B46AB0C2B71208EA3D16EF4EEDCD7005241166C005A73C03164792151205C007288AE337B4D7103741BDE7B7AC913350B348B2D767515674EC6F72A0402BBCB41C81305AFCF05F2758D3ECAC8
310
D26AB97606DB9581A4B7A8FFB068CD5C0604E6849046B70C2B60FF0CDDF93C13822B4E82FA0479A68220E66D9FD775FB3C1A9CDBDB9829B6AF2F77EC9E0678FB20ED8D1B1A1A39D10F9812E20D6281F5673121AACAA9C53424000DAC173F7E18C3052EEE3E78E7F1160F5AAEAFB70E0F7775CFCE4EF384DDEEBEB9C0889D52
310
43BDF557559FEDE5F17AB21E118C4C31A3DF6A96B56AC62180293910ECD6B721047664BCFCC6B2DD3C65CA0F0C823DFEF84083C7ECCDF05898EEF158F4FEF97EB9C123F1B9D1D1A3D9F9AEC5F5CEDA84A3C96C14A55584D62893D6A54D8D2028D05C8B1F124884543F3223B29D208B04910D3FC43F5C52196AEB5B5F5E58E8
310
E82610F08C21BD443801233C0CE8BD1E40F84A1CA86001990048031ABBAB11EF83F9283EA89F181F2A0D9A9F62D94B7F625FD727E6A93F63F200F614F7CF100D4511C07DB45FC5F0CB4CA359ABE4774631FDAE85E599EA0878A3C33D5AD6430CF4C055EE5FDB80629000D7855DED3F436F3B61B3DC7FFACEFD2B1BC6FB0696
310
312CFA477CE87A87070C7998E04FBA78AE3F915A065E819FCF35B410321D9ABB308146A11AD5196CDDD7C477A171C8AFC74B45CBC6F641AB53C8D4ADA5870C02379BC0470CF83DB55F073E29CF5CE5F7A3F8FD62EB7AEB1774C2C6780B9523F9287193FD23DDB79FBEA513B45200E2E0C1B51350163AC19043C600F2C1DBF7
310
DEBA7BB9B5457BC0D840CF325EB0BBABBB786D301437000020004944415472B491ABCCEDAFC0591201CAC8EBFACBF367FE7B6E40E69F551BBBE7123E3C00AC560CE20C62436E8C3C54CC225EE08C0D74CE26148877689EDD004FB2BFBFFFBB984035373A7954EC5EE8591FE531348654514DB1D1C56411DFA2A7C212BE5ED9
310
1278F2851A432244C6822C29C85A8B320ADCBDFDD63BF71FD32648E7D098CD018BC35D7FE89E250EF2AC75F96C15271602687965C844B8807C6E7729D93F22E81D39ABD62A0820C1FE9F11CFA7208125D33E96FD69E83AF6052DD32D49FF0802CD9F9DFD39260389A950887A647CCC99BAB17132DFB5DED35138FB3A060F62
310
95AA5E195BF0BB56495A5A4A8FA440026E46A047D40ED2520A441C302D240F201FB8F7E0EDDB0E12A04D8816215A0579E8FE1B1281E9F19C9900DE79842E2A7CCD48E9876EB01C75DBA0E0C8D44AB5512947A00BE7CF5DE9E1A6A6BE43CF1A78783DFD5A404E4477336C1ED8B18908B2A847B2AFE9839E891137A6673BBB96
310
FBBA2A4B8E9373B001F08369BA11BE8ABC4302FD2345FD6014A127068427D007BE28B41D9B0D40FFB7EE531FA673C8870A69135B1CEEE8D009C08042A5B4EDA314920B635BF941E7487E45256439DFE9D276295F87E698389CD49FB394FE19720412DEDDC40E9CE9C6DD605E0B719FADC416CB15AB3A61F9B5B9B9426E54F8
310
1D8B03DD950946D432B40CEDAB7BB5AF11213CBA73C9BCCCDAFBCF06127C7980FE6D1DC9B4DF14832D6568FEAEEBA76FBF438300B541064ED33F3AC0B0D10505306FD370AED02859234402F6C3FED006766DDED2034D90D119057225EEE3DAF787EBF30EC51ACB4F551678BD6728E1944730C095F13E4D81A4DFFBF67C5BEE
310
37E62A85FCCEC6CC6C7BC77A5B477E22223ECA4FCC0F87E2A5E3EB782BDB25B8CFC6736A044DE5A7CDA604526361D650484FE283B77EFBD65D52C1C73C4F48E7D0D81ACF572F2E2280F98FB230508FA906B42DE240ED651B301CEC83DE1790C9FD96B6CBF986BECF3BD332C18EF627A0B6EECD5B152E02088D03D828AFFAD2
310
6B05BF671B4F9A09A8CE0CD2707F67F2A4B3BB75B9ADA331C1305BBAC182FB4A79820B7EEAF73199B8404C0B81231CDCBB871B80FC41FF5860E8E108222A1A076C29E6E03B6F3FBD4F1F295DC457573C7ADED636D6B7B8C88413DDF3B327E1046AA51040B40CB50C7E3F1D2E44DAD34CFA604029BFFBE714DF0C069908027E
310
B275F1F366C132E1A7450B04011CF82B2B647CE754F650FF6E25BF37AAF65B7BDA16CAA791F1D09F6CAB989EC5AB7809BE145FA459E8D3E4B0FB47DAEF093B946FED585B80FE1A0305FD5330FEDB4FDF79FBF6BDE81D8300CF6815E5F9896552412A03F31FCDCC7CB5E32365550CD9365FDCCEC8752E943161D78047336F8A
310
F6539840A1F2E764FDA2970999F205CD2BD1F5CF496571F76EAEFA0E1CF8FD2A55FD06391F9EEF8B9DC9994E72BEBEE1FC928E2F223EBA0FBFBFB4F2DF137BC894B8087643D64ADE6EDED67F7680FAC9060239E845FC94AE93D880F994FBF71FBCF5F66F9F32C292EA900F9C1E6F1105E81C5B5F58A067A448143842008D72
310
75EA3BBA3D2516FDF02FF79260020D6B3C714711F3CFB61BFF56A826E627E82256F7400FB387FEF23C1C1E77FD6A21EBB1B2B35F2F95E7760BE1FA3ABB3A981423477517EEE36FF96F122B942F6FB64D9502BD1B9089162532A2FEFED255028FE653C9F46FA321E0B588B7DE79FBED07C44106CC85133CA65190543004D01D
310
02D8181DDDA5A9C91A7110805B7875B689FC3902200FB192E7DFD936B37B57D9C338BD49E99E181F4E5FCAB2ABC1CA7AAB382CBC7D515457CFABE6FBC63D525E5CDF74B16378B9AD6774A58531912D232DF01BAA913DFB7D3AAFF912984302B84D0500077800D26C60A4742101DE420C610C2E92FA93056022EFBCFD5BB6B3
310
8651470CD33BD87630C05831BA864C85997B8754B05167F0706499DC442FCD22592AEC2ABF3FF13F950039BF159FA9B36ABDB2778EFF83F70972B83BFD3F4899E64DD8346AA495CB155A7499F2CE39B0AAE755125EB84FD8CF8D8E4F4E9FB4B72E8F1DBCCB98B31BC4607C2CFF21C8145FB48EA0F2159F86A3098415609554
310
DEFA7B27EF1301033DD06D274BAF6821D220DEF96FA4CBB60B3CA241C021D38E1AA76B4406B4767576166766A6C7F77273F5F395291BBA19F64F2E3095C14F3E60371827741CB27E89543857D6D96BF9A47C6A9A26057840332EB843717AAD171880217B71FCCC0355AED3D4819911F79D0EA8AD6DA31A83E36C5DC2D47029
310
5C011302387069158F6C9966022367ECF1D00BA9BB95C389AE7B6105A1FB640689033A7FCCFFEDB762189103A61C3A4FEFE0D6A6B5A19EC5755A443AE78BC5E9235B047890A65919A0D2F96AA3C01CEE913BB3ED239C3E0CD8DDAB99E4348BF3F8B977B6C43DEBEFBD7721A839A63B94C06A10DB87FCBFA3C2932F8C26F88B
310
6D6BB30C3C4E09AFE40FAB52EFAA1EC0316920E031A46D65A0FFE45A673432E907FBCF86717AC04F2CD0EF512D665FF53F05BFCDC43489F150890C60A8E0314E70A06F619D30D841189CA15D3417F3CD50191AE4396543F0C42BCFD696C58DF163F5B46D708BD5FDDA5E5E5FDF9401BC4F7E00E8A17520833D1CBFF495B5D1
310
CE037C664123EEE74737268B5D1D3DBFDA6AAD8C08DF2C0BC7A737E10AAB2A7B958990CEBF556CDBEE823CB09FB344143463C630CFFF585D330CF0320E921744A7918280FEEF981161008E9FBC78C830217A07B7D6985E83F9A79884ABB5AB383B4D7D788F9FB3D867A2112A43F19042B33A108690CF6F472F8661CFAC9714
310
78757F6E6F2F7AEB82FEA85E5715941778B278281F28C268AB24BDB470EF3303E09C359E9DF1CF990D8A096106E6A66C8620DDE7D281DF0B2831F20439A30D68386CE13E002F7EDA8D7806162B205D6A19AA1FABFD6B1B400EC2BFFDD66FDF7E8755B4883C043F43046C1326136680404F1F934EBDDFDD39CB58A98DF1BD78
310
80E0532E671FA1435E9D6EA5E9071000BE8F262E7C4044FD95D5FD526EB40A05A634775F32205C3D779FDC168CD5E56BF982508BF572BDA4F6F57D3304BE9EB18149461B12F760D7485891CA47CFC44909136FBF4931716A2E100123FC6CCAA6A644F25EDF4AC980B14039009BECE8B798BF69A05DC5B6885CD23F8E13A46F
310
F0C0A986D617F001C52241801E87C2974C31411DA3A5D7B6175472763D637D3E57C33B908F867F4A59CFCA7923375E5F027A983E18BD7BD4E6FDDBB2250C1529F4202EFAAF979DFFB1F2612E87EBEFEC58581EDB9AA95AD1D7C1905F7305BF8182D5BBB524D47C4E3B81CD843220DE1E6536497C0962C225F75A2D6A998303
310
B23FC501F0B3F736EE1FF01200FC8C99F5515207C9C40081DF304C0A17D06E26CCBC5B3C47459308178301FA8057C2C0AE9D99B05F038828B08400F2E3251254DD7EB8BC4853B101F99AB48E387457C96951E5DB670648BAB70A7B04FE93EEC5F5B183F9739C98952C6845C380D401B8FC86E70A20744EC720E09D35955D96
310
A9041720196D183AC2CFE6AEA816652D0234883D788BEC8F5DF2615261DB031C2381092401B48D8D2D870FECEA9C3D99DDB036C8A051058030E32190976718C89F031DFBFF2EEA3D88606A8A19BD0AE305BDFD12BA4FF46F1A0002B07137989C748936E9DB2C91F43B07E4E4D16C3779CF5A4FFE8CC981F07C29E34B7C012A
310
F0054FAEA4A6A3D49D3A16D2B3CF220A029003366663053C89B3FB1827080DEC2780076FBFFD8E39810CB0593CC68B5D9009F2D400418028B0BC6CC74067E7C9CC0C2690FBB084AA5254A12AF63543B35EB40D17B693F7E3464D5094C00AA9E04E0E0524F5C35C5EC6BA94B21AAF2440725E2A9FF94FE7A8F0E769EB83FDEB
310
039B631B18BF396F5C13CF89ACC02C387DA56DC3B1CD84B96CFAAA37B55FE723B611062258257D331F186AC93D8AD600B4FEF4AD777E4BF68F2168FF08C081A37AC13446C859964803961928476D78F68419390D830C1935B5C2A0A22A3AB17D3D6428BF12DC373B8D464E04C0A496BB3B3B75639DCC2500E0F0B15FB6F47B
310
5A7ED0183A87CAE8D535F2EDBD4B3B7FC762DFE65A07C30B2851DB890082ADC07131EEEFA3DB7DD5CD32C0860CA83CD4B7993A175F422A8149B1C1D94C1145059D9C78A8A572A90B7C8B1E3392FF77A80C50220880FF3669004E90F101740D2B808181455A044904674E7482CC3EC85C4BCE339404C0B0BF6A5611E4F9B815
310
7BAB6DE327EC9BFBA1B4557ECB609C1F45326499EFB90EE78F18227F09E563C9E63D847EDB3B68EB9C39E95AC4F7ADCF7D87F6752BB6912040281E4A0D8A8314E80D60470999B8A51FB1488A66A9F3F81FFA61C83F4FA6969E472288FADFD61B005E0EA4284822E018911828E868614DA0C36E11F3A051070BF2F0840E35F2
310
00E2C0C80A776CC9E7E6841C0503D0EDF15ED9AFE527E798D23BEE5F0604E58DFB7099D739BF0BA5D332EF29F1535995BDBD0DE681C4F71DFE6A7AC5A13554AE6910963E9ABC9A0DB5B202225545F5CFACC942B5B93C207352B6E5310BF349AF200175D7DFDF78F6D683B7C87E087FA9B35812C4F8F13452CED610A2207541
310
E6D659A739441F3833CD0C9C3C3DC2B0712F62333C4FA9327C9CA1124904B4FDE0FE21C119776CB0C212AAFBA5CAF80EB43772ADFE77CD9FA8A4144C54C2FB2304C65F62FC3678E4F6C68F30FEE1BE8383CE7DB86F58B1AE0C51F0F055E188D02F00911DDB0991832228B3172B3E623E513FF1734FF414A611A603163F401B
310
EA790FC9FF7FC3FD3DB02DC00184145B850D01D120424DC03C00FCEB7880EEEE939399F1F18DBD4AA54C939899304D913CC2D5CFBC55E50C7FBE4C0E14AEEF53D6843DFF56BE2D554637EA047D3C210E2C61077875FB5B40E19F43AB7470CAFE1C0D3ED3B3B4778D1DF6D4F837C08747180FE8394F2CA1E0A46B6DA62CE2B2
310
DABEDE0B1924098580FC16B369730E9E90541D3730D47FDE16EE1FFAD3419CDA05ED1F2715C607F2E81893AFC5936303F40EB776F1D808BDE393A3FA401E1C706E154C892860AD74A2949C409E28A8FB3349C764D13E4D1D3468952B7B1B35001BF41142CAD58D6011C8B78961EACAB66E9AFBC627673B61FFDA4167950A27
310
4145BF11EA17BA9AA60815C2C43AE1F648E3772E53C94E6364AF826019E723069A8AA353A3BF7FB5359281700061FF64C28C10B9AF0B70B0B0D30A31CD1CFD22F68C76DA1E44558869257892363C091D313EFA46B57C3BEB252E9C6BF5B4799EC58F1910F469E25AA17B343799DB3E33CF410061F96C6D63FA91B1000CEBB7
310
D2971BDD39A2A76361E000F5DBC1688D47CB812DD60F8001AF25B328D173A9E4BAC18CE9F1F628704330741B2649B92E9714447C68559C6CD2F681919367E4811100750058809D0230C087A89FF3C80C23C4C60882E481F48D531764BABD5CCECA308DE2F63D3BB50373D630796126803C2D1FBAC148F7592881B395ED7D26
310
B7DD38D7096AF98841CB37592561D9C6565317AFBE9FC4AF7371E060736C7635E0CBA1809FC80F544DBAA1F2F9393D970D44C0615A0C6930E758B9E63AE690F73045F0C8C0731DE9CD80F718E94652383458799E02C06D328010011C7090D8C5E5336A83D4059953877EA1E1D66FBE994F04608C4C991917230FB61F9AEE18
310
3A40AB9108D032449FD1A7283DD25ED15360EF7EA9303EDDC0043403531EDEAB10DFF87F5E2FD56DF0F1B701A9F614DB17FA0E0EDF6FD0B1622A81FA3D1DE5A33F551930335C353A87F9AB05C60455193448246944A232C5D07636D864CDD7A50D0B4440CDCC465D1C418321F50E1648D500294065D869559EF3C40C8FCC6C
310
323E989AD0F0C73142480B200842802C061008B480A9954AF282052B3AF67350FD0DD30D1F4075AC303A5D490250F5400ACF479656861E4C77AFF327F3EBECA4B57B6B6C8FF62602BF150744656A87DABD7BC6BED50527B2120C001A0B3718C74F0C65CD34F275164D7968148DDF259AB8AD6CA81CDA4E8819509B996A7F64
310
2D987A401A2B04018C01E6C169A8700F9DE3B489DB2BC49C9B7B858A4F50D22AE15428FCA4A1EDB20C83492690CFE361CC7F8C8066FFD0D77AEE797977F468A36E0B0DFC87F90EE6348BC748F7CB73B5B9DD5C6EE7AB19ADBF6DF359F1DC2A0F9E44F213F8041F64274C0859A2AB7C37440FEDDD2F95BE44065F22067E3EA0
310
CC3BD8C0D8194EAB291CCEE20B9CD8E02950AD806080047A279F19024C837C848816719AC4A34DF8F0706CED904E8185753A458A27E4C1E37B5F30A104932BE140E0BF4E400160F320B054A8705042FFC47B4940810173F9C9E97240C7FCC3F3813EA239B745DE9F1B1F3FC2F9330374DBD1A7B475923F9A2ED81716D18D1B
310
577DAAB9D1A0458655AD3CA7E211867AE7C702DCACCD291E0F798013DC01BC326087775C0833E04EA3778FBCB8DA4687A0255CA0AD210C15661E4E92001A4449031D1DD27D327334BE830B64DAD90CBF537A45FBD4E94A7A88888E715B7E74FCD040E818BDC1BF5AC609CCCC015DED23877080FCDC47BD8EF3A7B783A17D33
310
F3ADEB6D6BC7AD75EA7C7852C5B6FDADA6AFEFC2D181C03F8C40DD8A4AB5024F0B72E34B57BC1182472DC80946789AFB711DB7F1193C03C893B0345F420246114D3EA71D04FBA731C0DAB0D3CD311B218F0D5A15ECC105D02F3AC32F13600084731A83220040019B03180634B5923D438300B05BAC80881F061095FED5D572
310
A3323ABD83F1D37A2301A8C930AB3F66ADF7CBEFED30BAAD7D78A06DEB6A87F15491F5AB7E25842B6B34BEFC12C8A159F187C64B3CBD2356DE5FBAB98BBE9583F0E3280C0076DA15BF34C15238145742B07080B1EFB83382F9FEF2239D003541041083C5AF9EF3C8944DC2030BC3ADEDDD9D27475800693049E05413BFB3FE
310
B4308731512F13400D06F813368A0101D8D863EB3E75FCCADED124F532AD3F123F131AB46A93DF1ECE7F96CE9EB6C365C6D6A07EEC461FC919FE288AF7AE1A7D012D291EB073735FF26BBB1C99FB706E972192819B7A34BF22424BEA1CC7958AC2E04BFC8E02DB90A4A1DD04811ACDBC181037864672C78F6C0EC3073A40CC
310
49D5E813593B7002763BC6A909D31AC86F3F6E335C9E1C309BC58F16418642E2AF6B290A34FEDC0CFEE08FCA0F56700699CB73B9C99302AA17BD516D7F1FD755A2B32B3FBE7134D3BEC813195BD355020A7DBB541539CD2C06E45F46FC0EE08293E6C0E1972176D9B678340AA1A4823404EF79B1E2347E47C35D0A2260730E
310
0B513025DC0BD1C07E3366E9B9D17F767405FB531070700035618606F0B40C73C974CFD321B0C174A80C0F3AA54945FFEF348F5488895713E89B5C98DA501E06D8D24FF04FF0CD7ECD7BAA755A854EC6A180AD13BE094E8D5D63BFD6DFA5F5D3E4DB1BA18FD8473DC6E17FFC9832B71A2A94D96E808BB53F9192955D62C82E
310
282B05168AA0927D54AB20A20A74800B7CC9655C8B15F62377CA4C91641F9F4D0478F4FEFDCE273A002CC0A725EC165CE3A149F0333E8E9600B2C05A7D15FD831F0938DBE5D0FF13E3C0F0765965A0961C3FA86DEEB0E28304747BFBA5FCDEE44C23544F7BB7BF7A132DDE34F99E44EC3FEEAE92F667A10F7E90B0E8C6442D
310
F5A5318B0F816311DB2E6DC6F172C363FC800EE09186BB9EC82A24C0117700CD884AA42023B81EA6E0CF8B3056411110D78606EBC5AD5417B45BCC8E61EA01C4006AC233933E35D860BC1B6CB9C9CCCE7840D2E0C1C1FFC11CCE54D59300F2B47D66A10F09D8E24B71B9BDDF98FB62A3B897C53EC88D16D1FFE8C649B17BB8
310
E760EB20B784F52F992544753F2CBF642CD3C9C70D8722C197142C567E74FB431EE248A8F3FC00377F5142144A82FFC28AC2970A780C85A7EE9146FA4B2981F3C93BCB0F3FBCB6DD3DE69C72B6073B99140DE28B8E919D9D9E7C2F5FA99FC1FFD07E9AC0965CDAEA0A945FADE52C791EA989E8E7A21A355FB37E44405D171B
310
98A6E946DB26AE71DBD01FEF07FD378F5B4B518724481820890E7486E3FCE61A60E096D577701890EE07CA5D7F2B086040749FCEF3F81972E510A86359C9BB579883035887542090614E5C4461705D7CA1CF84DB564838606CF1597E8119790D021080C935A908324EDE9F60A04B7830A33F0670CB08605B8D01BF9A3D4356
310
93FAB4FD84EF6754930640C1F9D74B052A7ABBA9F502B39DA3BF6BC7514EA4BEC71D752BFDC198EDA8DFE8F32B3EF811E4576B0A2074B99B070A069F60173E7427BDF285024E35A4418B7A412914F2800F1965C4F1120A2D5D2C64400563D5942044807BE7C738EBF3034C4A6F4D70C04ED1F97673C039FABC4CFF18866E08
310
200BB66BDC9CCDCC3FFD1E43BEFC52C317F0F5E64900FBFCDA4DEE68768FFF46350E0EDADB7B34DBBEDE3776BC55599AF84E312229F931E700D04478D66A0D88D09B2276141AF0F8811C5F8067DC04C0F90929F7F1AC9CCD368488AFB965C97B855A3E2E93AE5B4866502E55991B82D4388614F2C36B8484A5FA06E3EFFA98
310
4A6AF17D5C2073299D9F12FD63826F67FC460E54030981684E9FBFC22009A3006962285FDF4FC84B699FB5BEF3736C6072F6844C15EDF25883037DE6BB7AFAD6AE164B367812FA8CFCA6FA25725D99AEC5C6EDEEC64ADDA2BE0056002032E1D7A20A54CF444E360D520A5B69816C0A953CE0434A8A898BF18E2B704588C01B
310
DB2133342F5404FEE698957C200EF54E31BE6DF4E888C9C67F5F3F1B41F922777E7FA6332677C20098C59F762F5DFE4A23F9801A3BB6F8A4F66E0D40EC867E92DEFCE84C714FC7CE8DD3DD3BDBF9C781B1C3B549FAD2C89D711808CAB100E09700BB85240374A7209212F320CA577222A7020E7824500179FC7096C714884B
310
DFD9499E027ABEB3CB0226CD293CAE6E0C41A6788F396606A073E28CBE5CC67D584D36CA39D37974FE1023253E3FFB007A26F657FFC901D851130DDC2BF54884F20D5D40A0B7E5C7BCC7CC87B84F2ED820192CCE1AABA1FF24ADBE1D03635B5B3B53D4A5F84120125FADC36A0E792D3AD7E255792CD5241A4C84171F110409
310
0017DA493D0A7790A7BDE6DF326180398E4B0DEADA5C2763825E43E05C388E184678C88CE6422606C017F030366981353DF03A753DBF6370879F79889DD0BF75408724DB53C5B0063AB6568D02DC47AE4627B58D7E367A6000267E7840C23A0940B992DB98ED1C4731B4FB4DCFB6D3EAFB6CAC7646F0335C5031888CD74E21
310
03380260AD47176D703960230370FBBF28813524C17FFFBD6288BB28E4F905ADB4A788B40B4A6201C1878BED224DE9906C4C79EF32EE679B9F5D3B5DFA137327320643909A823F62106CB8F9BFE4BFEAFF0FC7A6393EC7F64A698EFF8ACE31BA05ECE6DAB6DF124118D1D13F892F3D3530602E3F3ED3D59DFB821ECFA3D9AE
310
85B1ADAB9E328DE738BF55D5DFD039445AE76D0194180F57B15BEE5F09C07F952F9A10372BC894CF7DA12CF6507E2A8916E0DF430C519485C55D61EFE209912D8C32866214E121611E22A0B1238DB18E86636A3BFAFD5B4EE02FF1E505F902BDF424D0516907BFC95EF3A76B6B3872769D67E25B548F0DA46E2B93DFDFD5F2
310
B9E9EEE1EE1DCC7FBE6380DFBF38A165CAC73DF912AD76A4690D2B766A3EB4AFA2D05BE543EA20B095FB17AE3F1928D84482049B659E671A4763CFA567C08824913D37F2F92F841FC244085C1681225C04AD6DE1684831682CE0D6096B56101C0D4FB3A1BD3F11FC1105AECF5660BD3FEEDF162B0D9DEC6DB55AF27FC98050
310
BDDEDFF63ED14B01336053A19DE9AEF5F5D9E9D9F9E19ECDADCD497BCC57681922F327EB41FF681E17C1921B04FBAE371AC69E53F98183E91B84897A5DB164158BD1D12FF6F6BEF0E02847727BF2628F9FD48B6FB11DF6928C868B29590A0606F92140D0C08850DAA7DD8A5FE8A50389F61288AEB743E9C801BB67DBE0A7F6
310
4F63BC87770FDF57AA73FE1F5A84F8DD3AADDFC32087FBC0A7D645C327B97D65E7A8BBA76DFD9BCEE1B1CDE3F5F7CE4E6DF4013ECD7CB60BD1239E8A4E9A5722AD9C4FAC8F7FF17B214AF8801950430639A08E3ABD05A0D94E253BD5951C885B0CE750309070555FF21F2EF83FF53F4E15038B8D8A244740A5C9CBC120043D
310
A0B323FB1DA0A4EDA268C05A304619505000BE10415DE898809DB6B66896E60AE347ED3D6DC707CB7D5B5BC374A158EDC343D0EA61C217D4878CBBDC1D85686782C3CF4272E7DCFB5E9EF628F5A95AC1AC0C6848F5771329EF8DF2BB79EFEDEC8DBEC72EB7F245287FD4B31008AB38EA4D52F2BF57167159E3004CD8950E21
310
7DDD6F699FC763E9D1A0AECC701F7BD4430A3E030374066938F883C01DE40E7DAFD609345E33570F4CE6BE467FBD7F793B5AF2A9D331D86DBA7BF98067918F9FCDD609A0384B523F4413B574B818C6889FAEFC5E7B8F90CEFD62BC2C85B2478D54DD076635BE434FCADE68B3ECF1C8708E27863DBEC352D87BCC7A92A8E135
310
700CDE65BC114026DE5DB68275E656D2C0D4087293D43BB4C9C14EA83C0D806783B40DD7CD4F19EE9F33801F55A3F1FD600017A6CD5DE607783D5F74E34680E7DAB98D99F6E5B5ABC7F7DF19D8278322F6A97FDB2FADE1539BD945DDF868EE2B8B70D9EDAA45D1BB0A5801198CF1DA891540474745BF0317F8A3703E02510A
310
E94B084221F887FE950272D62D4232781054A87C58D015CD45EBF9B70E60820A2056E9D4D619E8494BBFA68B61EBDD8CF52CCBA124BACD4A4077E8420A7F36FCDAF661E577B792A7E1B7E337C7CF1FDEBB3B49F501F3C7366C1730E793F51FA20A9C3D2E9F18E63DC277449054CEADA36DA0807467D45F8A744E1BDED725A0
310
33868703F1392BBE221158220588F30574A0B0893D0515B0B7C404AD0E7F40C11D504C49BD7DA39A85A19CD7357DFC966E5D92272FF06D59CA5A6A1C8AE30E52F1247C1F1D78F81887F9F3E387075B170F9F5EEE4A7F5BFC69DF02FD8795FCFFAB472E7C88D563DA514861B85BD41594A75F5E866BE69471110A9F75C8609C
310
7E6BF6C7C727431EE3E9E3773D2378C25226E82C08104A57ED273FE0921D6990E02B006BD038263BA360355E8DC446A380F0BA35FA9945A80CF60DFD54054202F91897C241C147D59F8E0FC67CD0F2BF377A3463F8BBBABCFBD6833C57E214AC3F5AE9C2FDE88852968F20337972C7E04EE5658223008AE82D93BC37D8DDD9
310
00BD6B16EF221F0D4149045D740A8A215D4FC186C658E01994B8CCD317465828704BB630DA2243B3B4ADD3EA554A97408454148C04A1A0CAAC2E04033C04073851F54380E0BF2DFFA43FAD3D6B574F2E1E5EF6E5F4FEFBD1CA87C161FCBCF5C7AAE2F726F814027BAE10F79BC3D765D61D1803952210A9AA07F8C6BB2105B6
310
1145B324F96014EF223D4A9261080239F03FF6F4DD4975C183B887E081F7A467A25EAA0C94028FEB808637768B07400A8235D4EF33143253198900E079E3FACB0C59B00F827A5785A6FFE2FCF0C0E6F1714F11CDE5140D931D707950631F3DE877F300002000494441540ADFB08704E252AADE1BD4E8DF55796A32B9B6F177
310
37C67702E5C638682737286CB0E0A89B624D5BF28222432848C9AB8C07170C97B814FF492A61072407D638006F7C8400860444C01B1930A522788045633DFA9507267A3A42BA05925BAD705CDD3792FA23C1075C6EE768A673919EB6C3FCFE7629B7310AA794CC9C0D14A1FB88F95C845BF22543F57996E0B26C9E4C2ADF18
310
7F979F8A55F11B47BC26594C52588518D25E6C2B1CCED231EA1B748F093E5726A21A54C91EF95789041030C20FD5AD68613432E19A4D0DA2505B6BD843516E10BB00AF9AC315EE9FDB39CC1F9EA59CD88F9CD071D470C86C4647FDEDDBB1CDAB81DA94034747A779F4CED497CFF817348F69F52E55490840E48840BA72DB71
310
F3E84F6DA2F4717AA928F153DA6E4C7E8E00363CEC9A2E1C8E65F298FC4A52F087FCDEE5CBA38A80CBE11FF7BC2AFF249203FFAB77A128A001B1987BD334AD9B901890A8C2005B6B248196AD09C0025ED841325B31845032E327C531C839E66DBAB39566B631C2FF0A1DA5A3CC47E665AD8751B47CFE33899DF047C9F3C365
310
E3B11278D49DF939298E09002F6430F9958803309827A7C791048CA070061B7E9A64C557D235F83EE24822E5EAB805F9862F20FC58F483DC0EF02181F572930205107E00E523861895A2811309808F2B6C14B2AA579E893753C155D2F54302007E9FF36AC5FEDBCAD47E182D91A73920CFA5C18E01F8FFF4C3F1FF553BCAD0
310
E58DEF85DD63B91BE38ECE1A9FFC4AD4A1FBA30D462C328C5A0340DFD393D3D3D3C0659195C96990F391EFF4175213BC74C020922D4830FE215E76940962BC0713A3B82784C0CB6623DC40D6E1485BAD454F6892200B225096127FBD82D2B12006BAE2E329C771E25FEBC0DAB3B5395289D56D7A8A89081B34EE06F80F819E
310
FE75C67DEEE95D227E283FE98A7B9F1C97D2D05B4D07A469153C3DA3048EA68FA667A6D90E291C7D7E2D063E4D044964D055F2DBF3E31BB851AE9F78A0A7314F0AD24901F581D74A6929142039C65AF5830D1C809536CDC05E4BA51038F79D713DA930CF18BA3010E385351CF47F74D439BCBC793556A1F99814926AF12835
310
E251C59BEA3C083EC2B2760FEBDF4304C9EB87B35769E1EB24B648542CFA4EBA9EF93CD42F03C08F249A2C98897D8E2225E90077823F4A52171A61219998CED6FA050992B6B0A74A2220ED12123004FB977084208F8E2AFC80F456CB110BCA647A3A0F854085D84FE0052BE31FFE7F925610BAFEC06FC33F9931BF063F39DB
310
3D1BB20EE357F594045F4226131578582CB055A59A073AE0413989D215019B6EB8A21CF154D71164E0D8F4E730C2CD382D098DA5261456A425643686BC8301710F2C50665881399156AA2B4C3191BC555728384800CE10040F746A3D8A80A5F0E500A93456FEC52833BBB45203DACCA37FE1D3EE4B9BF0EC27ED47D89B8266
310
F11EA2DB8B5A8BB93EAEDF0C06B7AD0402B9EAC6E787365535AF19F15158308A9D9785C1BC1C01377F8C6B4D07B50DAD25649764A91DC9812C7B34CA98184084F7C01055466B48058CD44085AF26648520C85C41C67805462D8425680425559F4440F3ABBE1F3F81B1EC72708767DDC8FFB6465796C8FE310FEABE0C9B242A
310
74137EC3E0427091967023299BE5D6D4D0C6D15747DC2AEA4ECC57C72856E827D33CBD319D70FF854369EB841282F84B7CA4881447ACFCB257E252E00FBB3272120A75B99119840858486615636E0E0334031AAA8C08A62E080053A0AAA4158431EC727A084021D41CF5D630C94184F6FE7432E8F5F9A4FCDF3EA7CF136FC2
310
988093F98ED622E38E4976E1BF0CF49D2889E6DF3566719FE1F9B47A2D3BF89C69155DCF24F88C609EE551160F0415900B4C48FB013D8900A9192A700748002924771A3686A0A580FE4009E00ACC090253E280B90AC15048E047020483A038A60ED232831F2CC90498648690D960C48E439F18F4DDBEB0B6F5AC7B7B89F623
310
0243B4FA160A7B9327F3AD5D937C8BFFE5FF8B3A5E64283BEF8EAB9F71159514CFED62DBC880614AA1F7994CCFAE7D8C87057F451733699B8DF87056E1F0654B5021E38097E4E23221B810DE20559AD183A61C2C88A648DB096081E9801CA00BC1DA0124E08DAAC15FD2936905CA8DA1C40E42B13F1764E0C4015EAD7F8BFE
310
C99A310B1B7C0BCC7746D3C0702759C89EAD57122092122D1F857067684A578F1DAB7EAC400841F493A468113282FFE42316CC74C756B1C880FE78795C692813CF4644480EE9B02991BCA257A71861F00666D9410288487618D120D0E80D7773E2B7DD180E100EC98B221C94BFC4FF531A09B986230F1CD08378A8E4D0FDD7
310
D9B1BC75F5C12EAD7FF83F3ED19EB018620303C217A6A35D826E72ABF2D8E2BB1B783F6E48D2E3F360806E1D192085D022103473A10375B63853EC54F500B5B064DBC20945B88160DCF7E4F83A0200BF6FAEAC88E9F54D22D898E43F378D20B51B5D6B1457000922202800DD401A9266483029C0D6D57ED80D42A0E6E08835
310
F0F3AC73D7FAE6D56185F04FC44472B854EB7D9CBF7134DF3DDC35A9F6B38417DD6F508B37C1A718B0D054124176F7222F62DFB327F34D451799D56216880193254FF782D7DDE26C271BF38C6E422E271CE4AB8823C9510F021126A7A944E00DB4031D013C88EA0746C96D4574069BD5439C4110403B40020C30B07A604F1E
310
41D19C21A93FD9002DFC35F23B1E7B98E95E38387E3603FE7393680410D702FF9ED5A3C5E5CE68B5827D721FA78F3A9A0C08A79722D9C9B418F46C0057BB1640C70AA4A03D29CECF33987596D53CFB27B32C3BE304C540E14BF8464E080918268D254838C91A01F0FFB99154FD8A9C0495EAA6534A6C464440B4A71E16100E
310
7405088122A35F7A511DC003D002E6C8E7E15F6D1D2FD09014139EC11FDC89394621F77B9F88EB5A583C41E2FEDBC8F82334494C0BFA97FF3C3A34ADE60385B60E5A30CF036E5E75370BE3B83AE73B3B7DC0BB337DA0045299ED0C66681E4AE223D01B1BC3BD4C921E2005FEB5114739040758189BA8A320067B62A3995E47
310
20055065AC2B4A8006BF8CFCC907C0063EACE41813C5F017065AD46CFDC6FF1BFEE052932CA3478C8E5A6F25DC8503D40F61FC1B047E4DFFE8E84407C81F1AC7B5C79DA358551CD0D13785A9AEB38D6EB68A0A8087FC6543E7471082873CDCE5CBEA1EFC5CC0579469E225428E9A43D6A6000B4219DE52E8DF00A55F4BF503
310
5960661C2DB88AC1F67C2890A93FC420193C8326409E7B595FBBBA9AE1D1511B3F6D65B09AC10A71C2317201A603E88C56CC68C91279E83F5C147787EFE6C675F00941D23EF092920330982DF38C65EDFCA89DA98E8ADDECCD77CB86D85118F3DD9884820B1128010D02F1060F582871CC8FF42024C02239273A1CC3BF71E7
310
70DFB7E96081682803188118B50310BD620234F230B12711B063E0F0490FCDA9248B580D3D3DE944A30CFCF2A1E0F6E59E8FBEA289CCCC943785BB8880ADA9C2FD70F6A13F5418444E3A669273C006C4B4EEEC067827539FFBEA9CFF04D84E7F170480037005AAC8829084329899F90B5E013927F8E646514B4824B01D11F7
310
2C012CEACD163B6358A4454A4221D06E68A71062520649BF9E9127D0772D6E5EADED52FF216BC2FC513C7D3C5CC4C8AF009811826AE20203B076A2AA66D8D32E317DEE0EFC000FCE16D9E0BEB17C74AB009256C5D8AD1CBABBDA61402612C675FBD72D07E633B1A42F2421208CE01397560811204306617A5141706105C9F4
310
984C459F2D0F6C392FA05BED808512B0B9A8A9FC6CED89640EA347D31F0DF76D3D9E61E800FE9F7601BE4C9614A1C58E6C839F13A12D0EB426DE6386B82369A9E6A7F1F9146EB578A2EF4289AA109B4F6CEFEC0463E0072A05CC9DEDEDFE08407B173B8AA65399C80B2911252E6290C82CC1B8909140C11B7AE161B42B9390
310
5045D017E00CED6D27AAA15F2C2179F1E83D411A7020B9408D202381E7E5DEE5A9E7E5CDE3B186433F488AC81554BEC09BC579018ADD1DCB3D9D70F02B14BF9159A4DA376225FE43DA224FED327941705DA582B2FD1BB5DC0540667B650BECDD1D5DDFB0C7F36DEE2B94F6EE2EE4E426F20A1174C31DF153321A24114C4FFF
310
25E505475F6906D4149B21F1BD9D9DF7B059F8E0FD83323CB97991FE80EE131A9003B81C491B218B1D42C0C0D593D9D548003839DC29A740298B0C23F0CE14BB167BD61989AEF0B985C8FAC8F923A73F31953989F0F6C96CA6C4D0A9A88184BEDBBBDA3BBADE77CD8E2FFEDEEF46184A86671D7DDC51417477BE9F04804F30
310
5AC82C2D018A21EA903866A0F959FBD4139916D036635EE03DDB7408BCF0627A03027AD314C09B0A27F0A79490D53839D0DAF1416995CAB24101FA63F75029D57A4CBBA9FB4D120ADB17FB5A999FC9420DFE04FA670430B90FE7F589F7FE8D50A4B5F004CE5F07EB4EA007F8AEAE8E8EF7DB3BE2F81F42166C7246FA9E62D0
310
2C8209BA1024414C483498B50229FD923F2414040B2081390AAC353B5283EADA12A30B1080866D746B9ABF5BC107F33C2A015B275480759334B83AB02175EFD0DEC785DFC505E0064F4EBA5A97073A74C5C9FEC97BD25D819E28AEE661FD2732B8BBFB1BF13441B3C1F45E8AC1752BBF80C113DE960E0AC7D9D02C58C80505
310
A19BA0E84B14402601A590A4AE00A825E98C3212342302EE10FC5100681F86834A2804BC409D70270A2091DCE874B16BE0706C974EB3D26EFEDFFCA6C4579AA4DB781708469F055532A7046C6BEB0CF39F3ED2EC4FBCA3D00EA91CA68FD2B87B5C191E0EB2C300F00A1C9881F263571C6CFD83D079D09F176FAD839340CF03
310
0F70458F81F09AEE1329505150CA0A00576B56C06D58070B23086F685E44232D9D53DE3FC3731044F286D19F459351863F749F1104198D6E14BBC68E17CAE70D7AFD958E350BEBBC70C9C4DFBA075240DA27D40AD7DB063A097DD3F041EDB3E4B682A7A12A548F3393DB01945547175879989302521EEB1431B08759B632B1
310
74E0F700E774FCA1BB83F95029ED1A084288C8893520E49415E00DA080AE8027C34206D35491D050A4C6B080F6A20889A2FF82379AB6234F6710C05F9080ADF002B9C9F9C583AB220F45D618D7E7F7547FB27CED8A8B7A7D24EDA4988B0C1C2A1AFB53FDC61BF3DE50D63C560F0120B0372F0839DDDAF13E583B868717C1CB
310
8CC71D1D7F440CC82184803144196EFD58BBE00B7EE77DE8C015942357FB06FC906A5E2B8882CCF9FFE184B0035A5CF186A962A63F84B3AAEE3D5A2C830008807568B6A9F424086D2095A3E262DBF124350082C4B5DF4704A9D2C93553DE47BD6766B69349610716999FA25854F759CA9792599D3837ACF6247CE8597B0F96
310
0FA3EC45B61715050260C5844FCCFEC9666BC71F875B17E3BCB4CB151405D7D08F846B4CB952248B4603CC402B609E90F0044A007FA800EC46D07A51232B00E5683C55D5096E1374DA4FCBBDE2C25A5B8D26008227CA7758033D7D70DF12CAF7F247939F93F1CC63047D63ADA0B7CC8771B234D8095FCDB577B586D1834062
310
035670E204B245EC093FCBE15626C10D210CB38A13F50E10A0D5C0814B0C4B30AA9858516001669002229618F100767AA3D6D2528595FE7A398C2D2300ED0013A0AE60B91644A057327BD3C36BEBF48C91279B45F8BD145494674AFB211A91977CB838DF35DCB3D6D6AA2FB2784B591ED785DFD7DB77747DAC9D2F7674810E
310
FC2895F9ED8007EC7885101679C06F21E4B1C8A6120956F80518D1DAF1717BEBFB5803E20C6F2A11B2E48AFF4AD2810A70054623E341B3D1ACD92DA91150DE631EEB2C28882D092049C0DD38E262A7BD6F98549930C9D44B7C37028AEA9F8C5628A2BEF5704C0DCB2B428181B1BE766F43014498D2E57791E4C8DA6BD2ABF5
310
003F0C40202E2E32EDFB02852D16C30B7F646B98FDF86C7891690043128B0A0DE6B4EA27F08C30CA34C9D0AA0852A5997F8D11A6EE84E040B20472020256F4AFEBBB74E6705A12083B249089218E6452C8E5A69717E904A3F5EF3D5D08EC1F4D4E85086B238CFFC11AB9AE972CB775616C6D1DE04DDF073B4DE3747C41FBAE
310
6072901CAD0237100670C5A00C2C3CE063610ED824826C1F6650700E88C00B62468903A0D71D3A390255AD7040048348C56C4647413C2C2561216E0C469203EF06A5B101AD40D0E207F78B124747DB5B4BBB4E88B1C373C114E0470B345156EDDBCE1B4DBDF81DBC400746B0B54E05F693707B89A5E430982C2AC7D10DFF11
310
D5B102B9505034B35D07E8E5F585757F088B390F2D4C85CF7218E8418BB4F25B885053D07D5A908326809F31D6CC6B77CC948413B28664484439D118DBAC27DB5AC40C1AD166F25E6A2F0AE82100C0BF220405323E1FF80DFC518CACA8DE1003F3C9FAE9C7B2D60703A0004F8EAEAD2DE0F5485452D15B77B4B67F4C2403B8
310
D8F9C533558ADE058A9E177A1698F75DC0EB4C800F74C0270178C8579C1FACD025F0560844502D2BBC01E620030CB93636C1041636A693949CD80139FD15BE107F905590A292840F8860706D07E2970A2F15E5B13B87C3143CB2930374CC46A6F9B9D7A5CCCC14E11B9E879A49FBE27ADBD6DA82410FBB94FAA8487D61B51F
310
4BE0A03FD08743C31020D6628ED20305A22C2C2FAFA7ED1E7881C438AA5B9035F20759E243C51F34D0D5F02F11403B9E204CC1686C0B6C9000470561519CBE1B0E4FBEAB37A39EE4B84C05F023858779341991F36D9D9F351E7BB3B5ADF00148D9D05784F9AD8B037D48C01BFA83D4247F03BB768BEEF973A14E610090D4B9
310
6B1EEC5C5E66928F28EBEB6CF578B067DD83086081579848E60DFC7684044D8174993C39F886043481F6A2B743B18749E52447CD4D230513032D20D20206E536E15BCF7B7D211634F98FF9986287F33F9A94615A5A0A7CACF8DF5DCC1AC6EF9AF1945EB78E0A2FED1DA2ACC00EF983F9A012260BD722EF61C9DBCDD8719703
310
ECF839029010CA0B9F100B1D2842153E01A1A3837AB579516A31982FD2908A09100DAE591016CBCD4B011A2F4DE299E1338CE065DC4841BF9895D8C81714800CD08F5AD39601BC929B55D291F6CDCEF2AB40DD5D98F4E6F107C47AEE4A09A079C05316F479DAF4C2BAB83221BCC0CE23FE3D3D4C7BC9AB673D89A3677D6020
310
F6E182332028012FA0FBE0B2668FB85485902A8E7FA0BA2105C213E20BC2169211A4BABA7D693C3F1DA961F203694853137073AD5CD25F1C017DE0477626D7BA55B88F83B5EE513C41D814639FD1BF759171F4577D3CAB0C3DFF68B2D3B1F8478C18F67BEBB2598FA76A4545E9E961BACF657E0791D2373030E0EC9FAEDD17
310
BEA7703A738185D08236C407448A4CB504CBF01FF43859D3115488EA01B55078000DF085911805790DE1B41B6F8CB2889C3834FE02AFE07D85143C6C008438A944EA63E047023A7EF37E13B0903AFEA7BBAB9579330FAFDAACD540022980B65A75FBA17D388F1E6576405CCE7032D95BDA420E7DC0EFA320879E5F8B3B04C1
310
D2D9C1114210C19FCC49DC6A855E12010184DB8968109ED016E4683CD552A36B3AFA13BFC2114068935A7E774CD2C7225642B73325938052D8634ABC18DC9442BF9E0402E85B42F9F3273672DA8E8F1070405D1DC3248487574CD98092B8B956E6AFE1566530B78FAE05B4A0DE51FBAF85DD075C7E11939F80E015A58D1F87
310
E400CFFD2306C4D1D3C634380A201545A92BE01F445800BE12302AB477BD6F62600D211232EB061448A0D2B877BB940D63D059C37E0569A83DE93E214F4BD86209FF6F479C640AFF8AF6D1BFD987D029A94DB7C329B4184D4BB013BF912FB88FEEF913071A8D82B651BC10DB067A7EC52FE1B421883144C00F64FA23A11CF7
310
08BF16CA59F18D4C04B8085964B2D8DA4A855187000BE440BC816FFB13374640B0EB1D0998AF38A1AEF503F14302E2811081FC12EA6CD38A63B33035125F40F170C0B0AA45E9FCA38FC6D688D48563B5C4B4B7C359D3C7AE0EFB16ACD5E2FAA47EF8307044B4EBE1C71E84E742D81431FB06B90B600B9C239E277A57C94C42
310
7EE10E7826980C0136600D916A06058CBE8604DB4D314FBC014EDAACD0820F14BF75449B70339490FE5A0491221BF95F949DF1235380E969AABDBE2D32EB4403D3FDF17F42F9A0A7C28ED75BE86BDB7C7EC80C76F86B8800F77B305EB88F00A4352E0F8089EF811EA02A3DF08F7DA008F803BE4B4EF5F41E56087099E92070
310
8C3D720916444440FDFA013D4E1201414123A09290F5BD7AB729298209C4306D007BB0829FD4EC3A6D7E4F00B67DF38CA0764F832F0448E58439B952CB4F70DF964AFA74CCFDBABBDF273E2FF4F56D3DBFF2A78D42FFF2755DF307066497F44062AADFC0CC546F6DCCFECECFA232E14F408F05477D311B683A35BC245FCF8A
310
5CD2AF20022C21022266905A5BCC8B20235D6FF04019CC04058AC80023662E25F342063165956320BE50370F2A657BACC817DDA3DDD3EFE04028645780A768FE38DBA88BF2EF3ADADFC7FEACA952E5A77568ECF0C971DF32BF1D24F8486B22A649EC81B1B60315CBEFC026091CA45F858D7D04C1B437079431E63E38F88075
310
8842E780A9E03791C0FAAFE10012588C3C592FE35461A6047802BA18686887023A422A49599399893103942CF6DA53A8E387825FA0678B261F139F801E2B17C901D0F5217E07AC2401A87D0480F753FBED44FE949C93A1D042B879FCE499B3D861AEB23F9C1F372F0C24D0B7D6E70FE1AAF60F84BAE642D82F0A9F53E22783
310
915518494FDBC0AFAE7DA282E5050B703570E06319A015E00D693A6BEFFAE493941C3B08C13B96BD20D0115A9565701DC58568A3009DA13E965765C03091F0FF339F7309D44F6E61F837F1B1FF920450EB8FC48F9B40158BE89C81A597CFB0DAF5F5755D3886DC13D4479599B583758CBF35663AA234F133F91D3BCCFCE0A7
310
94367F385C59B19431780F1C099131384056616E15A1563B50021D369C593FB292685A68A8B2A50A0A2085CF05434617E05FC24A6B077B990014421A68401AC4D65788EE25F737EB780D08A6E38F060F2ABD889E1B889C44852C2FF368C1E3E710D73B6589EA83F7417B341ADA1F639A23D15298F087AD0326410E116C3A1B
310
325218433C71AE62C07C1480F1C045629724A076A4BB8D622D24690486727F56108D07046DAB065000678E04C4F8C342DE27F4AC102D854F2D08D59B4ED0E4F697B0FF62F113646BC5B7F3131D4EA8BF8B265EA3F2026E7061B96F6DF3D993276B2180B8E57067587428579460551049049B074CF8B1066C7E14C705F0B392
310
98C0997C17F701097023BAC31081390196801FB0C2A12380042927503D5A01CA127F9841B460310639C674BC8CDF1A320501448E0068905B07F6E5602F8C1F07786253438CEC51AE61FDB25FF71B09893AC026A9EAE3F30F369F5D5EAEA5801FBAD3C98B38C13EE017B054F81A56F05259DBDA64FE270B1FC4C77200FE276F
310
E814B916E222575ED717A62A92956504605268408CFE13FD61F84252228376060206802B9550F00B9D47E6AF1022538A752CF4FFF1F5931384A9FF8700EDD4FFA2B93FCBFABB3EA6C607FF714B0B8B04EBBE83B52B246092AB018C0D0002FC490849F1E214AE6FC42009D6D86616C835B65DB9862EFC4480C14137603C3089
310
D0A5588FA27E693DD184131BA4E88C35045ACEF1CDE1A82323C20B842F2419604821196EE8185BC834AD44F8E9B7549A32900196E9ECBBE20FFB4706861AACADBBFD9B56A23FFD3AB8BFACC18B1B5AC0ECD7B6AE2E2E9CCD2BE8AF1B1BC3A813B94107E82DE67A42E7CC7D4A6116700B5B2EE3C338A09B840F07C40A64800D
310
7C605AC42B72227C4C7020AB1F20056E26F542717F56534261DE3766AC10A6ED2D006DD03BA9DBA507AE0510A8B385C92363B9154167F1230C40D76AF6F3BE0CA08F8BA2FFBBCEFB09D0986550E0F0EAE2F2780CDF850CB0F88CFC2815FE87BD83909F474F45DD47F1C821DB2107A8817FD45384F57891B65F2543D0C1E20A
310
89B4A8DF806862AC27C60F6A054627FD344250718AC0FA21CDC4E28DBF2650D1B39D8B8A420C348A4F846E2BE824BF8C45E1DB8EEB52F576F47A75FF95F90FCE0FD3A7A08D48D5B9AFBE3EA658E1676FE3372FB57F0AD8D70ED4AEBA3D4C2BE0AAF1C3AD63A6004D12900CFC481A47430C9EACB390038642C8C41B13303166
310
614210592736B8603AD4FAB17189DBB32F3915F0C380795A089A15228460BDE8E52203527D41B5470901B088D84FF8B3FE2BA7F4FD30ACAB3DE0B7E2FF95807AB0010FFDE3A048F7360F9F3FB9380EE537F16F8673131325D3351A3F664022020811A0FE8C019CA17370725CBFF64132025DA1BE2555102212E80A907FB43E
310
D80A991A8AAC183932C19AE17524B06590B6AD286EB99BAD18FF4BD64BAB519202F992A963648ED30E7521F909F090C0213E367A77D8836BEB6F34D92EDA624183070248351F1A079E5D3E7A9EE81F2CE6678F92E299EE312B6C0572C0A7B5EEE07853612403813152C7125E2022A20C18F855DBAFA399817FC97FB6E1CDCA
310
31D348434ACD0012F0D32A5456B4007E6E92D72B1A4E9971223A42C1042819E4049C0C5801300C0013FA48F8944FBAE71DAFC27F1826FA2304ECDF3F6C10FF47D5C7E49748DDD687DE8E91C09394EE0682A4F84CFD6067EEDF43E67EA46CB2F4070160439245F00343D03BF25D7E2F26FC400A896DBF19FB8D4D0A66DA669C
310
3D608F9CD048A0533621B25690EE19D5D15248E390F042B12C682511B02BFE3E5700E4C9A9B2107A8F45248FA48234FD23005ED1F4EFE80D1320836F04003BF42856D478D1DCA3ABEEE3C68F9F30C3A16E5C238EA5DE3FF37DACC2F8B7980033F47FAC34421EF0418A045394802CE032D61C70023D788136788613887C0011
310
A4EA316E005718AE191F8D0D841B9C679CD2FC478442D005429166F5A24403B1E6ACF3298F388B6D0BA933D92339D48969A5C11F09B4FF017A9900A4F887010C474717E10F36468032FF33F4AD610517777104CD920C3CD15FC5F3B3A0C75BBCA3B00F2724863C10BCD4A0E00736C7981F2F72E4B001438B99714FCFAF713A
310
2603BC710376A1715FC602022202E06FDEBBC680A3DF1C4C095A12C50B554FE7623B50374FB2129DDEA4C392C9188077658C87F55FF92FFA507FF03FC8DFD3F31BDAB46DD51AEB03F7E1B38B8B87CFF47EA1479C3EBAD5C6B382C221C0F1B358B39D76D9D3142C4A20935F541E492E0EF081BA41B3620A8E172B584EA14856
310
32E22A8221CEDAC6110AFA4B6D43E2B76A18AB240BB24337721C9321D2C033B2D3E2641A55A400A28403C12D1DADE39AD23FC5FC08C47A64DC3FF6DFF76B5235124022D7E6D6D5F3CB870F9F31C96FE477FAFE54100068A3A87FA5908A2C08011CF31309C10025B089FEF9C510522B8DC07C30AA469841723A10C08E27F00F
310
7FBC181C083F2809EC3B2B328E294AEAD5A071B3A95C81D2DE3F930372D022C9C793535B92FDAD5426E90490C3C81D000017C6494441544698C416520C1C40C71FC204B22448FD9303782FBA67089A1A7D4CE38E89050FEF5F1E078A4DCCFADA058032C34C1CBC2E1202B1F8962B1A8024F0EB7A11F209E96FB369D4B64202
310
FE7BA230AD24C46413536EAE955B341B726C593B5D4630C0BE822480908522B0D85430230352618DCD4F7BA6D568BF4343801480006658EA3EDCBFFA9702B4FDE9022163C43F9B72B58001A23FCE6F0B3FF0E4E1DDFB9801A6FC42FD0132CC1F2224F89933107AD30B6C9131A53818AE944BE25A70810821C38F098411980E
310
46D108F483DC63F49B91B852351604091D60546702F58A3872A1716411B642C7629C267E64E77719F46B0548FD6BFFFC86A38DBFADFCDF700228C124C8664FAA02BFB1F92B09800876FCE4F2D1C3FB4FD0A44E0106A8DB8079751CBF0BD9340066C3D52BC64706467C05B5A54401BE4A1B0132A55EAC1CCCB10D378A3DFEB9
310
812022327745EF2102886A9142C812A1A2C9708027BB55B7006357459F9C2080E0BC34489FC629510F3017B62D5073E2A2C64048A0A42580E413BA9E08274091A398EA80B5BF31C87BF5ECF8F1C5DDFB4F22AAC181F070AAFDDAE5650C4000516440D8806786D874215149E69ABEC43FF0EFC820FEA112B0522003C84BE03F
310
B76623513B6D840820358B084119B0CEC8C00AE888826339A54091F5FCA513AFE147975BB1A86FC50618D9D74502F0C7C8815AA306602FEE3A5E79E0D7DED1B221001118B73182CD439A092FF801105D1AA14E1918EC282F6260869D55108065988BD67F68E5581720A708051F7C8070F582389C682BE53F2AFD85853F2A01
310
3D21564028E06E79B7A71E43212180A81541EBC88F451E02385100491AB0C4A3BC5309A95911E66D04C0B448366988ECD204C2FC930F8CEE8FA410EE4C25B58DD1B6EBAD83F6196670F7DE635282C0A56A851AB035831725F0471A10FE52097089C80495804100318405F0DFC2136004B4C40705EC9154315129205EC35793
310
0035688F61AC02188250CFA9A980233925F16A117A48CA54DAB6400221976B75D863330942E20EE3B00B08FBB71AA813B0E502FD2B023DF70114E0D7DF2E2EEEDE7B789504200112075478F2FBD6897835C91F0C20782401E801A2F9142700B74805703426023A81CC0BE88B537D0003E0C5181D29EB8D83050964DD258091
310
0A1E7A8138F76253DC01DC2F3824391AD748276C0B0CDF12366625D038603D0003E0266CB42704C8CE7FA7F11B4D59C0BF454A78F8FCF1E50513715D469607031272358F04E0003C90107223A581218F10008B10247CD20D860FF0BF48801040B361808148714764028EAC137E871501EFDD97C89B52107FF1235B0928C562
310
530082573CE137840EFEF82A0BDC602736C595912FBEC69E6A3A26903B3A300C5A098A9E3F1810CDFFBA019D97B4E7A7A075850F2E92569BD960CA7B8304995FD006FC4213BB1448A6F4BFBB3A9F9FC4962D0A1369129B10073771FEDA38B1737B663A71C088D8848027FC3008DAC4E4397A6F76271DFFFCF77D6BD7F1F67D
310
A51E0E08875A6BAFBD6BD7AE52CC04A0B4A2206F650EC412841A48258258E8662C3838FBE21E25172C2A15A4F78D82DCF68A005DCF07047C183E1CE47731BBCCB5469D9169E0D588945BEB637E87802A03D88FB82486210D28FB3B858D13DC7CE75F5E6F3B03C1744D30CC58C7C7A256146853A05243060B850072A7010CA4
310
7CFBF9A1E24F414037B8781E8E9F219A774B36481CB43E48A79819D638C8760D672FAC19FB9D3FC5EA9158DBD0159C27860409682E8FF2595652FE189D2CC2D7C023E944158355806FC320087CC74116030CC376C559C098B93A041C5DDA48AF33827D2327DC761D19C17CC62780D82A170E6CE7415A5E7FE825E053048F88
310
D2AC2A561CA4D4C60098DA28EF1A01382772484698F60C8DD24BF396EA76260542810A625978C03580A9CAB91D10249BE579B0377A3DD15749A45F24C4D81FF3D7D7996F6A1690288008C0FF6CC186DA9D5FC95BB09B1301004B016E707FDFED306A1BE8FA208828F00BF342186839839F1F6FA338DC5A0200FF383DE92614
310
C03A4508DA18F4D85F9354F7E867AA77A42FF49BBE6757A1A7454448D0BFC3C220714FE43A3D8F1547BE10F0BC5A05985AC3C28829A06FE24CD062700601F4AF12AF99099B08E7071DC4626A97C920C3FF96E190C9D1FD7CB6163E800D79E5F3F10A9306C02B799E80F1AB380E0571A584C0370A220C3125000B500900D96F
310
EA40409F980E2083E4EDF4D8D2480AE5667222E020BCDAD4EF19682120818FE18EC7FD6AAD67C03F7DF1955E697456F517AC4F24700C30171C67E9168B109A4F60AFA60F98BE30941BF776DBC7C70792A2FBE98AAA97224F8BEA39B47BFD14A8CD03320DA2B676E3AA397E652E30A42CE2987B7DA1EF7F75242413800A04C0
310
270C62A13372400B435ACD84B8B5009208F5AC73EB149FFF3508E21C2201E0338BE07E50EB47E7FF6D97724A601028C5519073E7978EC88834410450E074DD58AD13A4900103A6444A9CB99103229F0EF8C0C78161EBC68137240734CDCFC349807851E0EB46CE864D2E405ED341B71A390CF2DE20CF5193189E1901E866D0
310
230409684B193D17E2928534D04240937D3C84477494FC5E0FE0B448E35AFC19007926C1C6A6E622FDB8A12E30993C6710E070397C4B26304C0AE38218D19F01FFB15BAE1C0E7E74DF75F2406E373C414E848FF8E500EFAF3C1029C9C0ADAB2313A7426CA9B2C1B9E30032C84EF31A09A88A386F136E8C2F1D582EA0459207
310
015F10F1F001F0B1B7DF7222011EA2001F00BFD36BAEE0850928B08C077030FE3806C880EAA74BCE0863A952812E6008B3A89199C1EE918AF96AF583F1A073B0A355B9D861AF1460DCFB3BFC6B7EFDC834B09700CBED3510E48DC7129041C991F06BA5006CA6B5B34EE21501374E8DFC910042036111EC9C7CFA1C05D48A72
310
70F7F835BF04A4194DA4CF76CEC66718C84CD020D04C412AC848F03E3C61A1C8D50D0EA6838A00376054D3DF61A0E393E1F8B058A6C994093476D601A4A06F0CFD3C0A6BFA910E75CC10400A80FDA93AC9B5EA4303F6C0D188B559086091CC5910137772E14F2376D03181B5CFE74C0EA38440D0AC256D6C4D104CE05302FC
310
C00B60B9CD4D71E08BD40C144A025E60D4C1F45FE846A2105D717EEA84808A5DD90A168E133640311CF05DD870768683F5D2F1800F485AEBE5CABD8FFA3C0BEB33702493AEB551B1EB035EF5C8E5757FA7832141F88E8578A363802B560007AF93D7D470B478C4D00B412D634C9140C4F9275C00DCE8DFE3C7F8C0AFBC5B2C
310
E82E3C3BDF393D4375D50C43CD1C17E3777CD2C170725B7B42B41DF15BFC344DAD089C1E9118522B4A2C60B794E4E8F33081BB7C8CFCEEA0B2015E49D586429C6C78646180B7710E06018A3082243C275F077FBE412C17DE80D3E6B9462C5204C5D980D1DF84A864401C483CD01B143F4A4868087A0F780F37230200A4FBF6
310
AED325114C367C22512750A5C7C3E32D545CE20A0904183BA10015DCAD89864B3E1EE97EBAE8B204266A48E010511838E2FE413FB116E60880C2D8440AC3880DDA6DF6618C138CF1CB2A09637E18D00F80CB0DC05322E31EADB8081C29410903F06BFCDF5AB46024E4A75828056440503C707856EF0C037623DD4922A400E8
310
A6BD75E4D2800905F18450A00CEE88860C8964C7B3F90F56528BA18F71CFBBBCD2D05797E168FC37DB26DBE0DD2EAEF39686C18440820013C1444055402A541400DD362A0A402F1FE51246404E098249FEE30708C10CA0B54601053159480C00BAA9B1223A773234FE72FD5C3BD81804D8D196FE3D5315A0C981D88D04FA01
310
DFC185CA93F9120E1F480B08063364A0A318F08DF95056E4C91F1150D31B011200383502E079EE43CC18603AE2F88FD139C802A739F208E88D06DC78267C448C27C4113C19B0F51B0E9C1C021CF8F9167C6B1F2E10E461002910105D1042792D1CA303F469714C018C23D72179E165049C40E801CB96CF334562E5807291D1
310
E0C70FE6CAD91656715F0E5C5E70F8D7F83290549B1BAA6F781D25180EBCA93EC84E72A74081CE3020789B3790E1A9E478E658C099BECFF01E530E80EC5FE31204ACFF70AF8177A03059240CD074978A002A878BF883FEEC81DD684E406CA630ACFDE87292822A11953710F000885D6F68A67ED40CD772B0828359B753F7CE
310
23D9479AB9845771B389D6A77130F8C134EFC83947392029B10E4425440A84AF0E54825228FC1634D369874739C837A9DDC83C20D320C36042610ECDFA750303710224D01202488012CA847424F8D53F78AB6BECE9B3B35A7F32396AC6B7444566327DBB4DF06FD9616744F4D3A397EB3B0A3FBA8D763702883ED742FE5CD2
310
4146D8E353ACCF811C806AE09914D8446E93840FF4D6C963FF32BFB6AB015D1D3B0C9A0968776F021F21404B6260CF84A14F35180CE20B5E85BDA2EC91FD5A7DBA7E5705F4F0F97AF26CE18E3BA078138202400A62930FA6CC7882F911A92F33E547E64990B0F27323D73B6222863F86425153FA8009361C675554C25382CE
310
148420C8DCC47A20122806CA178A0918C14CBD33440289078A00EC6070184CA9907FD0A1270478E0B325B67C2193694EDB7DD0F3C238447C8A11485562FB4902134E6AC952FD5320A4F7C780882DA9684285CD81D278C0E8FF8DEC9F45D22DC3C2CA99C2728110888799575B6834BF22B0F01EDE72D7F21B672C40F0A97299
310
9E2200B7C91403F9BB3D09C01990819238CBAE5E7510D7D57450507E3DB04AAA0A3C280064E0775380C8C16EEA4834346A04BF0CE847B4B3AF760D06D24BBB267C32E2C9257DE5EB748AD101AF1FD33265E2B674EED8C01A0AC901392211011AC810560F77778E85B13BAFE3E25C95B70919A4862C15928BD8989664AD8638
310
101D009A80F00BDC41AF27602A4BDA0C077E550048E7F1011410F01405045E1C140B4D0E70E0F6E034171C3D6FD12004FCC1FA304312518910356628A4A326EC9ADF5DFFD1B2C0399503F14B4F8E3E0E4E39A06ABCB56A8014687E86E462BDDE5124615ECDB412B7314F62E6E0C76ADEC0F717B360E741960104CF1706CFA1
310
8E0605004B01AE007869B095ED92144A807841EFF2811C047889A04901C809062057192688C92346F97F279449F89B113500BAD282D1DA80A55C27EFFE02C8D4F395003F285B617BBF0831F49B055342DDDD414378E8888E92C16789F269A27C9A221FAA4A0DFDDB9F935B2ECC04DC51481558A69301E0460B02665AC4DD30
310
C03D480866C3409400051811876014C0F294C542821AB045011A3E3F09001FF304E3A0BED05CC11A811B865001769507FC01ADC611F400CF68C7B093606E30F3C7E0F00C1D10C31951C1E2D7252181DA00345842A19130715C736EC9ECE686A712FDB31E4D3E50AB336E5666D7B212C0113C4A4406029709B43D0228F3FBAF
310
49921B19CA0C82A2D5BC4A2079809240F37D3E10F9637607C3983F0458508A98B8B4EFC92AC13530180CF55359500080061DF59B98BB3FEACEE881DC8127F182A885A86FB12B43C590A4380504E32305E3148BBEEB2D2782029765428092545BA5C2C681FC5F8E869C0EE1034A822FF09A12C94084505AA868080303473F81
310
61F7AA0A6610745E280BE4427FB770106F8800EADABA19F453210435BDB2348471B13B65F2FCB554827632C4C44467333E4127095D22092ED492009930413251B5408345065065E415266E20279A40B3F520370BE2050C8360E6BB4601C1673B9BFE007EF5200B6483CD195400A783E6DEA0653515B0FCE8E86D1618FC1EFC
310
15C2E727F24F2A2DAB57326D8D0877D4E298894E7A0C3C7D9CE8A0E2D17AA2020FA1097D6372F2A9F955060FDD467AD0426368C24A8340FD0D6687A76316DEF5179ED9042005A2BF02A5DD810A4DEFA4A8F700EFC50FF4FB8C06410F0303C106ADF8852ACC6A2CA9046E9ED070739339857222CC009E206479886EA26227BF
310
7A341A15C351A8404A6C10080A2140FA4B4E8D9B9A11645899332363FD69887F436A660566964250FD752E787B64BCF8E6C8190DF8EA0C854C062D8A5A1346F810414313E606ECA0AC3A01D6928544029D5F42E202C0CB386F880F7842A31287061F32F3CBE09F2950783394F2F2B23D85386C6F51943E99DD10C8A0000BA9
310
569A14805693274BD0E4F4DC3F28E331EEA91C4F33ABE057889BFB92819187840A08E57A276A8BFCB75B0342668C70C565C8059996D209C2800941A21FB82B2F520BC2E6FE6F1A8827043DE17000DACC8193E78BBB8DF1467978C06F6AFE986123E3A95272CAC122046F4C65C4B88FED2F1CD1D918F7CDBF8903BF1A90057D
310
42F4DC133AF804ACBB58446A0DB78806FC053FA1E45D0AF1112613CC0DD976C5E70AD3282F42725C0D02AC8588DE451B1C01ABF063E7748A3882F0DD484BB78D037F9812240EB88B6034C0AD53E5116D4C6D920C6A89F084E6D0598AD7EB6930CC7B293E27A666E5CDFE9A3FA52FEB3C97976FDAAE9A60008FCA6B33099CF9
310
880D35D419FC687D424378E3099441E110C5B3C6DC311E6653514A67A530D863326C4D8430E0C28024803B5B069B0E60C10EDB6DF087034171DF01F1F3404B27B1056D8C0E56E7CA6056E7798147BE4C2F01CED5987E413AC6A724876DE3F599E0601CE7B9CEF3BEB3671E12DCE8AF9631B8031D3F360B6955DC2342B2A0E4
310
632A00264C0DA002220CFEC3E10D9BADC8904D88DC51928593AA16C91DF6FFF82B3234404C7214D0F8608E0052283EFB2B0563F1D072936C4017706010BCF1B16CDE0C1FA9C777E44E1F5259B0C9BBC8794A82A6C182A3AF56B16921405351FDDC91B5BAAA617860E8D76C97C377FE701A4EB4378FA97C2C8E3CC8950886C6
310
FD93AF70A1F5F676B7ED16CBC56AF5D09110EEB8607CC08A795882358280DDB98AFFE7087C6EB593D62F041CDB4018935238E73F1098100D0C8769818F777057F64C703C6530E142FDF5C837AE1CF66C94C4887D3A3726AB990DEA248F73B5D32C8E04F6714B1E67C53FC52040252E605B322407CBF8C7F05453462A295ABF
310
4D95592DDD76AC23512E9A2DF964715C80DD752CA8E263AC36F02C3C28A133EB22AC8D099BDEFDE28C3E8FFEE3815D5D00C17C00511058354D62443C1A546280E43572A9C661A34FA5891F8E7570608C8DF21DF51DF9D2A84D4501F41B8CD4F4C9DEB2F901E810C0E4CEB6EC08DFB06341C864CF8D0EEE779A606545E1E64A
310
AF30A4324C20FDD3BD558BD966BA994FA915CD162B1978642AD01694E533EC190368A68234657085B5F88E27A0805E04B8BB6A00A51646EE3C10A50FF007FF410F1963CA69BE2002F0F902E701AEC995FD41F83A3F0C3809A3288A083003A6CC2A20E6D703EE48E3777AC07ADD51EB6101603A9FCF17B3D5928F6D742EE7E4
310
CF38AE2B03C5FB39C81D7B2978FAFE85AF3D2710B0582C970F0FEB0E4D1103B8BE2B4D560CA10002FC8F334C891C07B44FE06B2E3ACE5E1E2D1FC32203110ABF9CA0E8381F68EC3C06701328E5A38278A5FCD944CEA5283DA933DF2A2448BD23F1C5D8BE04CC2DC3B43B3EEC29F8B5FF926D11D3E97EBF7FA1BD1E5E5F5FE6
310
D3D972F548547783146ECD84873F377C5820F7F9FCE5E07378D6CBCB7E036DF7F7104079A05B77C6942D1BA95D47424BFC3DB6411009A42E207871B7EE9B06614BBD20F22F7523FB985F3F7068E37600273A3ED0C1CCC380F6EC4AF01CC1CF95E4848B7BF950AD14C44F10460221E02D21D01DAE800F323704C00035DFE97C
310
B37F797D3D1C0E4FBF35EE1E5E9E0E879FBF3DF6F474780A01FB3DAF01FE0C0798218007C2090A3008BA7682A338F4A8804A06CBFE6A80CEC766F49853F15B2F45FCEA3F8250012841315016E75E797EFEEC4ACA6C79F515CF1738F7C36E2406071051043817C9E8C5888D49D0332E800062FF54FA562BF7446CC0BFDFBF86
310
03D1FEFCC9F7FFB5A7F000430755C2D3F72F2D02A022820897ABDD44594475BDCCA4A10AF34C06B08B4AB58BBFAE30999DC66C7CE903A83CF8EB006EEEAA063430F84B05F0ECF644825F5E95073870E72A0771AB89B080022A0C5A9FAF34C89286257FB7BEA000EC65B59750C68E0815B0D9834B15606328F80709DE09018A
310
C2A7817F83F96DB3D562C10A0A31300230CD4200B87F85808BAF64D04600254047F9C14DE93464009E7F5AABB4FDD6D55142A2C0BF1541FCE19C20C899BF4F76AB54B84CB97F88F48ECC029FD253F0C70DF4816B9AC94BCBD653B1A283C4001A0337955E4AFED3FB790B6B1F5EA0B5514074103A38D84280EE0F5F9BE974EA
310
B2D16AB1EA969684B6E4166CA28264B300474C7308D20013B204A65F82970718D05678B3315D442E1C0A327E2F56556040C005D2FAB1326A68A07507C9E46A3648555A7080F5F50219A00E6222E3E0862CE95B5680930530742F1D041805E69B788161F015944D041182B861A2C17F3AF01CF5BFDF6C343F9171F5B004BF59
310
C016719164B888EA206A02AD05E8464D06B48E4381A0E9345FD171625AC22198F57C003BEA5510F81FF78D31C9B033D0030000000049454E44AE426082504B0304140006080800176E8A5C51464CB48900000043010000360000006662782F30353342313030302D453830332D354141362D373438422D3431304546374633
310
394442452F6469726563746F72792E786D6C9D8F310EC2300C45AF127987122606C71DD918B841D4B851A43646695A717C52A85029031293A5A76FBF6FACEF7DA7264E43906840EF0FA03836E242F406C6DCEE4EA06AC22492573150D1F66C60C640E8938CB705396EEDD86DE9B5042FE27813D640EA63BB001C722AF6E55C
310
B61E4863F58284D5D3F53DD715CE1C3985E63FD7F1B7EBDD617E9F1E504B0304140006080800176E8A5C5970405834070000631C0000340000006662782F30353342313030302D453830332D354141362D373438422D3431304546374633394442452F6F626A656374732E786D6CDD59596FDB3810FE2B82F6D93A7C24F142
310
71E1232E8C226DD1A08B7D13689956B8A10E90528EFEFA1D52A42C2AB2AD645BA0D8044814861ACE7C33F3CD701C7C784EA8F5881927597A6DFB8E675B388DB21D49E36BBB2CF6832BDBFA30B302966545639F6DA528C1D7B658B66741CCB232574B3BBC47256DAFAE177F5B3CC229B6AD8822CEAF6D1EDDE30439A82CB21D
310
E60FCE0E15C889F7CF8EEF541B4DB13143F97DEBA81C319C16A02AACA7204569E09B7F8249EE2C70C50663DBB0DFB6D1896DAE34DC5494A4BC4069F44AAB969C613FAD46FE7875339C4C0793F17834185F0CFDC162BD580DFCCB91B7BC582EA7F39BA96DCD826D96D1DA01394E77E0C5177BE607AEF84F6DBE42A14BEF284B
310
531C2934BB36ECB0924B306F636200EB4BD31A0EA96C6D2C8C7A1A7F645B2F500C950CB4B571FA77337AB3ED3F0002EF13A58C6311E5BC60E06B857D950F5EE056AB865F08B71254604610B528D932C4C041B0B572902146648B106509CCA417B5BCA6AE10D8E773A94BCB7D49A9C85F7B26332D847CC405979A911F981DB4
310
6F9E063A81B525498B2B656CF192838869E0CAC5EA7FA3A1FA6705A4B5A72886680133C5A6D1B085D75270C16665CF3EADB7CF77821FBA0FCF5996635688C893C9ACF24E7BB0115A107C3D40A970357D7740E51B40FF1990AF75B102F01C23CFE3E7B1B69DA194EF339680772CCF1A78F0C3B3C4E3ABA7C0AD5F9E5996C195
310
C73085B4FD49981A66186737209D058F10F4191B29E3EE224421A66F492AF21C02C5A2192C01DFEFB7CFF66C03640A8BF016A2603D7C07AE78B4E0572507F8A6E5A12EFAEDE1289D30ED3C3BF8EA23C40C2351ED2AC3C663F84E7E0ABEF3D5DDA7BB92ED51846F5562AFF09EA4A48062DAAD9001BA91F2DF379F6546BEB2C7
310
D815C139712688A3C32F77CA2F96740CA822EA70E51AB9724B20DD294529CE4AAED6BB882ACA68C6C2ED4B58E570E7597FE920A80E83FC1611D0496650DD234672018A3D53E6D54CE81C70123CA80230AE9C1A6E51F420E00D2360ACF7E801518B585B6899E4214AB23215F4FD3ABCDBA639234F7EF9FE74E84D8757D3C944
310
053CE82E0FD0F9A3C9A1565F9C94A0FCC8314BC35F8A37349055268D812FBB6C88A06B2A8B30CB51448AEE686899D153E51DD9EF4B0EB4DE094C4B6367E44F2A6CF4CFE1D0F2DEB05A2B75DA5AA554481214E3708F444DECD4CF00B416AE9DD489644C33CE498AB9EC695E715D0B45CF01EAA8225D4BED085BC2C30417E83D
310
112B8B642B6019DED310BAAF42F4BFE7E3552BA8EAED3189A2D7CBD250DAFF127294E4B4EAEBCE61E00F5B2774E22A9416473C427C86A808BD1D966DFA39E93593687C7B499FBE5BFC117818FAE5F0E8230834EB5055CF7BD67726FE547C5D010D5D4CFCD1C565ED8A7368E9C30AD1B7D0123AADE8257CC224BEEF4782DAE5
310
27CFE198EE4342699984550D2970026D1B2A4AD62B632F804DDA07296668A544E3A43DA1D054F7A659D9AFE88E050E930DCB319A6D1C03469114EE75BD0C79654567104B5FC83BACB8AA9DF7FFDBA5FE67C66CDE6D1EF0CB53C6769D9A9AAD87EEDA7493210853D5C4DABD52F22C68A65F222F3BE771186B218AE1AA9B858A
310
10861F891866C85B53E79D833FA122022ABD93BF070BC8881DDE1DFA10439C1A8DD83338544BD3BD6DF3760474270A88D1AC6D04A52630A14082696FC503FD86C0D5D02D725775426EB5BE11A5CD8161CC418F13B2BE7CBC6B498195DE6F7F1518E1A79604B5BA14CDDF0951DF37871EB7254159F47D73E2F5E2BE4CB62922
310
A2368AB040BBFCCF0FF2FE79EDC2E5C2F526A3850FDDC4E0E6CA1B0D26F3F9C5E0727CB5188C7DEF667DB91E4D578B1B97619E952CC2DC1DBA5EA8BBAD3C8D756054D0F5B985C024E2FC7551C773DBC1FFE35B08CDB6E8582CFEAE9790BAE1132D592B17FB5E423A897AFBB61B83FF8AA8BB8BD89B7AED6ABEA003FC74D902
310
32D2F5BE7F73A145EB0ADFAD73A322BEB1F01EBDDFFCF21A63107A677D30767451BEC9C530AFEAA852FA462C79ADE6B195BF5A0A1E9B0C16E3F96AB01EADD78B3590D8EAE2B2465CD5C2BE75E5B7E050AD6C63F40613649E5102837CBCB3629CC11D0826153DF8952598CBBB0D3400AA8CEB4F117ABCFD58CD610BB4A5FAED
310
E81EC1309BAA8A5C463048857BC7B5ADD6AD3F60742AA69772A0E53C40E151D16E5B2523D736844041A0BE385B1881C981A394DE1A7182DB501A8B5B53F556FDF7E135810EC4CAC1AE7A4F1F5C94654674C23821979F2D00DBE986E4FDA66B752C54C0E3B62C6A630E0B076B1408FA4384CA3898143E28789F81784EDBE53B
310
728F0149AF69FEC938A8A40E0AC46239926FE03D5F7D75C5347DF3C5CA69190B779EAAF786A481E83368590DAE02080C65668EC44DDC9DE73925500BA1B7E3EE5C7D8C251F96F39535F48663E30F071CE72EB3B4803E90BBDFEA16468F0EB92BDB20F5C9008CBE3876D08E3FC002789A11315EAD1037E2A166AB463C680709
310
D7C06BC6FECDCA5235A1D1D1363B598196FC58C082BC121F07892C6A6E68CC30213540AB6AD45B3FE885C06530479FFD0B504B0304140006080800176E8A5C3269D50CE2000000550100003C0000006662782F30353342313030302D453830332D354141362D373438422D3431304546374633394442452F7265736F757263
310
65732F322F636E782E786D6C4D90CD6EC32010845F0521F568C0AED54611262F91532F11810D45B1598B9FAA7DFB4242A59E7635F369353BF2F4BDADE40B62F218163A3241090483D607B7D0926FC3819293921131FFC328097A838536992AE92296BD4B166EBAAC4D5D7DB877515C1C0488DE5CF6E02831AB4E69A1C97CC2
310
A6992E192DA43BB33A6B36B208094B34504F64BF413F6122E80C96AA494C6F839887519CC7D7E37C38CEEF1F923752C92BE2DA791F3244DC5F2661B0AEA12612923740C9127DA7DA1BD5F88BC76A3CC9ABAD64CAB176D0B1FCB357CC6FDA017F204F5749DE9EACE3D1409DAD10F50B504B0304140006080800176E8A5CFF15
310
A4A45D000000800000003A0000006662782F30353342313030302D453830332D354141362D373438422D3431304546374633394442452F7265736F75726365732F636E782E786D6C4D8B3B0E80201005AF42B6F75B59F0390B113044D83508C6E30BC6C26AF226F3B8BA6360974DA7271430F523308B2B198F9B80925DB700
310
539227A2FCCB80A18E5640D320F996A81C9F32D6E9129A0D1EF74FCE750E6D57BC7165FBCA07504B0304140006080800176E8A5C3C5748034301000056050000300000006662782F30353342313030302D453830332D354141362D373438422D3431304546374633394442452F636E782E786D6CCD94C14E032110865F6543
310
E271D9DDDA68D3B034F1E0137830DE5876BA6259D8C060ECDB0B95B61AD3E8A1497B23C347F2FF333FC3561FA32EDEC179654D4B1A5A93028CB4BD32434B02AECB0529569C396BF11B460A234668492A13CE0667C3944B3DAC45D0A9AA95D9E4A24074AA0B089E14520BEF5BE2E52B8C828A80B607BFA1BD40411BEAC0DBE0
310
24C4F7A846C8EFA50381D0133EAB6777653D2F9BFAA9B95DCE17CBF9FD0BAB12C95967ADCEBC3208CE4E37B35ADA7834514ECDAA0470169CCA54F240F8511BED946155BCE7CC47BD66C81C6EA7C44D935652606C5465250296110231B2EA0BE6AC4A8E7FF87E7C783E6A88A75E399068DDF6626D684EB5E1208DC644FCAF0B
310
3BF02FF3B67B8B962F37F79386B3B0B3D9DD27D7C7E8FE4E42CC933083BEC60F709076FEFCC7C5824A5EA3E9BDB23379AE762B300E3E6D44FE09504B0304140006080800176E8A5CE3FA84337E000000A30000000B0000006662782F636E782E786D6C4D8CD10A832018465F45FE7BB75FACE5408B64F61EB12C64A6A3E5D8
310
E34F4717BBFAE0F09D23BBCFEAC9DB6E2F17830276422036DCE3E4C2A220ED331540BA566E31EE7F3720615CAD8282A195CB16D3F340939DC7E40BF52E3C0E8835D70C11A911C869DDF717DA5442D38AA1199A815F6FDA64E35C943CBF5EDE926FBF504B0304140006080800176E8A5CA6D797065F00000082000000070000
310
00636E782E786D6C4DCB3B0E80201045D1AD90E9FD7516806B51190811670C8A61F982B1B0BAC9C97B72CA7B1037C6D3332918DA1E04D2CAC69353902EDB8C20262D23F3F59B81A079470595414B17391D1F19B4730A5583A7ED43BBE4025D9592775E5ADFFA01504B0304140006080800176E8A5CF16BC273AA0000002601
310
0000130000005B436F6E74656E745F54797065735D2E786D6C7D8FC10EC22010447F85706FA91E8C31A53DA87FE00F206E29B12C04B6A6FEBD606FA6F1B833F366B26DBFB889BD2026EB51F25DDD7006A8FDC3A2917CA6A13A72D677EDED1D20B19CC524F948144E42243D8253A9F601303B838F4E513EA31141E9A73220F6
310
4D7310DA23015245A58377ED0506354FC4AE4B96D7DD8086B3F39A2B53925B57F8A28B4D220FFE102A84C96A45F91151DC6DEE6EF10FE7350155892228570AC4F7EFEE03504B0304140006080800176E8A5C3DEE336E64000000790000001B0000006175746F6465736B2D64657369676E2D7061636B6167652E786D6C35CB
310
C10E83200C00D05F21DCA56CA76D41FC96062B120735B69A7DBE268BB7777961F8D5AF396893C2ADB70FE7ADA196782C2DF776D7A97B5933C430F15651E5469C55D70F80A4992A3ADC954792C525AE70A1E4D6AD9816CC044FEFDF01FE3FDE907802504B0304140006080800176E8A5CBBD2C2ECF20000008E0100003D0000
310
006662782F30353342313030302D453830332D354141362D373438422D3431304546374633394442452F7265736F75726365732F322F636F72652E786D6C8550CB6EC32010FC156BEFD8F8891561A244B2BFA0A7DE10901425068B47D5CF2FC4AED49E7ADAD5ECCCECEED0F3D7FA2C3E95F3DA9A09EA1243A18CB0529BFB04
310
31DCD008C59951676DF84583C2F0554D906160F4EE6CDC0E48581394C9A8B1521D20F75E0528C433351378F1A1565EF21812C33FCA8D8B07BFABB22E771EA3316A7948B54C6EFAA6950386FBF65A638C11B9B604F597CB80FA651CD0DC906659C8BC9065A65516331AF4FAB35D38C58392C01ADC0C0877A8C66F757BEAC653
310
47DE6995998CFAE0D2CFC7D2FC5DA2D36A47FFB8C54DFEEF16B5096D73B8ED0A0FAC4EC7BD068C56399D545ED1A59A9364DF504B0304140006080800176E8A5C9BF8778CF8000000960100003B0000006662782F30353342313030302D453830332D354141362D373438422D3431304546374633394442452F7265736F7572
310
6365732F636F72652E786D6C8550496EC3300CFC8AC1BB6C793702594102D82FE8A93741665221B1646829FAFC4AB10BB4A79E480C6786E4B0F3D7FACC3ED13A65F408654E21432DCDA2F47D84E06F6480ECCC9935C6FFA241A6C58A23241838BB5B13B60392467BD409D566C10314CEA1874C3E633382931FB88A5C041F19
310
EE916F423EC41DF332DF799C85A09643AA96E8A66E0A2D70DAD6D792524AFA6BDD93F672E9483B0F1D99AABE9AE77E9AFB7962451273E6D5FAB35D5A141E17E015AD3A421B52D2B7B23E35C3A9E9DF5991989C396FE3CFC7D2F41D708BCE042BD1B1629FFE710DDBF2BF6B50DAD7D5E1BA2B1CF0321EF91A7056A494627945
310
186B4A947F03504B0304140006080800176E8A5C9368EABCF2000000B1010000310000006662782F30353342313030302D453830332D354141362D373438422D3431304546374633394442452F636F72652E786D6C8D50CB6EC32010FC156BEFD8603B891B61A25875BEA0A7DE10100725068B47D5CF2FC4AED4DE725A343B
310
C3CC0E3D7DCF8FE24B39AFADE98194180A658495DA4C3DC470451D1427469DB5E10F0D0AC367D5438681D1C9D9B86C90B02628935163A5DA40EEBD0A5088477AF4E0C54DCDBCE4312486BF970B17773EA992942B8FD1A0E75FA9708A072581D5B8DE23DC22823F48736CBB637BF8A45566321AA3969B9596C95D5FB572C0F0
310
AE1908C6188D1D6ED0EE7CDEA343DB0DA82578BC1C2ECDDBFB30D22A8B19F5C1A59BB74FF275AFCA57E1BFCC71912F64D62634F566B82A3C3092F23C178C56B9C0349EEDA699CB663F504B0304140006080800176E8A5CAA1F5EFD53010000DD0200000C0000006662782F636F72652E786D6C8D52DB8E832014FC15C33B8A
310
97D6A6419A36A95FB04FFB4691BA44058360FAF90B5EE2FAB0DD8D099239E7CC9C99802FAFAE0D46AE07A16401E21081804BA62A21EB0258F38427105C08D64A991F6D2090B4E305F03020B8D6CAF60BC494345C7A54AA8A2F201D066E40C05A7729C0C0BE7847436A8DEB189AB0A7ACA1350FE370EE23D85A512DA3A2726C
310
E229B806041DD25B8C1082F92DCDE1E17A3DC243793AC27B92276599DFCBBCBCE3C80F136C44B7AA33CDA9E11520094A8E106530461F717ACE4EE72CFFC491EF247830DA795E44BD3B409E8F178E667CC767FBEA6F3E2BA44993856F9E180089DD7A5381E0C8E7E37E5378FB0C9DB0CBCFD047BB5A681C34726694CE5CA552
310
762B8DB4B5DC51A360FA7034571DF344F01B4FF286E73D870B8ACADAAD468DBB3EACF1EAFB9D7AAEE1685E8154BAA3EDB6DCBCE2766E423B4BEB3853ADD2FF995EADAE6146FE61926F504B0304140006080800176E8A5C7DE149B406010000B201000008000000636F72652E786D6C8D504B6EC32014BC0A628F0DFE614598
310
2891EC1374D51D35C441B1C13210B5B72FC4AED4EEBA7A6866DE9B61D8F97399C1536D4E5BD3419261089419ADD466EA60F037D44270E66CB3D6FF924160C4A23A9860C8D9B4D9B01ED0688D5726A1C64A7580C239E52118E7F8E8A01BEF6A1199083E2ADC235BC5F81093CA48B6EB38F37AF9591D3725BC929017B86810AE
310
10C16FA43C55EDA9A2EF2C4F4ACE42D0F2B0D232BAEB9B561BE4B82EAF04638CE8B5A4A8BE5C1A540F6D83FA8216C340FB810E3DCBD33267CE6FF1CFC79198D303279EC997E53BC5D987B5F32188A124B066FE8A262C4FC49FD06195FF08AD8D2F8BE3E0BEE1202731D08B88C6A9C1385EF5C699DAE6DF504B010214001400
310
06080800176E8A5C0000000000000000000000003700000000000000000000000000000000006662782F30353342313030302D453830332D354141362D373438422D3431304546374633394442452F617474726962757465732E62696E504B01021400140006080800176E8A5C000000000000000000000000350000000000
310
0000000000000000550000006662782F30353342313030302D453830332D354141362D373438422D3431304546374633394442452F76657274696365732E62696E504B01021400140006080800176E8A5CF270F13306000000040000003600000000000000000000000000A80000006662782F30353342313030302D453830
310
332D354141362D373438422D3431304546374633394442452F747269616E676C65732E62696E504B01021400140006080800176E8A5CB5A795FFE3790000DE7900004200000000000000000000000000020100006662782F30353342313030302D453830332D354141362D373438422D3431304546374633394442452F7265
310
736F75726365732F322F305F67656E657269632E706E67504B01021400140006080800176E8A5C51464CB489000000430100003600000000000000000000000000457B00006662782F30353342313030302D453830332D354141362D373438422D3431304546374633394442452F6469726563746F72792E786D6C504B0102
310
1400140006080800176E8A5C5970405834070000631C00003400000000000000000000000000227C00006662782F30353342313030302D453830332D354141362D373438422D3431304546374633394442452F6F626A656374732E786D6C504B01021400140006080800176E8A5C3269D50CE2000000550100003C00000000
310
000000000000000000A88300006662782F30353342313030302D453830332D354141362D373438422D3431304546374633394442452F7265736F75726365732F322F636E782E786D6C504B01021400140006080800176E8A5CFF15A4A45D000000800000003A00000000000000000000000000E48400006662782F30353342
310
313030302D453830332D354141362D373438422D3431304546374633394442452F7265736F75726365732F636E782E786D6C504B01021400140006080800176E8A5C3C57480343010000560500003000000000000000000000000000998500006662782F30353342313030302D453830332D354141362D373438422D343130
310
4546374633394442452F636E782E786D6C504B01021400140006080800176E8A5CE3FA84337E000000A30000000B000000000000000000000000002A8700006662782F636E782E786D6C504B01021400140006080800176E8A5CA6D797065F000000820000000700000000000000000000000000D1870000636E782E786D6C
310
504B01021400140006080800176E8A5CF16BC273AA000000260100001300000000000000000000000000558800005B436F6E74656E745F54797065735D2E786D6C504B01021400140006080800176E8A5C3DEE336E64000000790000001B00000000000000000000000000308900006175746F6465736B2D64657369676E2D
310
7061636B6167652E786D6C504B01021400140006080800176E8A5CBBD2C2ECF20000008E0100003D00000000000000000000000000CD8900006662782F30353342313030302D453830332D354141362D373438422D3431304546374633394442452F7265736F75726365732F322F636F72652E786D6C504B01021400140006
310
080800176E8A5C9BF8778CF8000000960100003B000000000000000000000000001A8B00006662782F30353342313030302D453830332D354141362D373438422D3431304546374633394442452F7265736F75726365732F636F72652E786D6C504B01021400140006080800176E8A5C9368EABCF2000000B1010000310000
310
00000000000000000000006B8C00006662782F30353342313030302D453830332D354141362D373438422D3431304546374633394442452F636F72652E786D6C504B01021400140006080800176E8A5CAA1F5EFD53010000DD0200000C00000000000000000000000000AC8D00006662782F636F72652E786D6C504B010214
310
00140006080800176E8A5C7DE149B406010000B20100000800000000000000000000000000298F0000636F72652E786D6C504B050600000000120012002D060000559000000000
  0
CELLSTYLEMAP
  5
58FD
102
{ACAD_REACTORS
330
1F30
102
}
330
1F30
100
AcDbCellStyleMap
 90
        3
300
CELLSTYLE
  1
TABLEFORMAT_BEGIN
 90
        5
170
     1
 91
        0
 92
    32768
 62
   257
 93
        1
300
CONTENTFORMAT
  1
CONTENTFORMAT_BEGIN
 90
        0
 91
        0
 92
        4
 93
        0
300

 40
0.0
140
1.0
 94
        5
 62
     0
340
B38
144
0.25
309
CONTENTFORMAT_END
171
     1
301
MARGIN
  1
CELLMARGIN_BEGIN
 40
0.06
 40
0.06
 40
0.06
 40
0.06
 40
0.18
 40
0.18
309
CELLMARGIN_END
 94
        6
 95
        1
302
GRIDFORMAT
  1
GRIDFORMAT_BEGIN
 90
        0
 91
        1
 62
     0
 92
       -2
340
0
 93
        0
 40
0.045
309
GRIDFORMAT_END
 95
        2
302
GRIDFORMAT
  1
GRIDFORMAT_BEGIN
 90
        0
 91
        1
 62
     0
 92
       -2
340
0
 93
        0
 40
0.045
309
GRIDFORMAT_END
 95
        4
302
GRIDFORMAT
  1
GRIDFORMAT_BEGIN
 90
        0
 91
        1
 62
     0
 92
       -2
340
0
 93
        0
 40
0.045
309
GRIDFORMAT_END
 95
        8
302
GRIDFORMAT
  1
GRIDFORMAT_BEGIN
 90
        0
 91
        1
 62
     0
 92
       -2
340
0
 93
        0
 40
0.045
309
GRIDFORMAT_END
 95
       16
302
GRIDFORMAT
  1
GRIDFORMAT_BEGIN
 90
        0
 91
        1
 62
     0
 92
       -2
340
0
 93
        0
 40
0.045
309
GRIDFORMAT_END
 95
       32
302
GRIDFORMAT
  1
GRIDFORMAT_BEGIN
 90
        0
 91
        1
 62
     0
 92
       -2
340
0
 93
        0
 40
0.045
309
GRIDFORMAT_END
309
TABLEFORMAT_END
  1
CELLSTYLE_BEGIN
 90
        1
 91
        1
300
_TITLE
309
CELLSTYLE_END
300
CELLSTYLE
  1
TABLEFORMAT_BEGIN
 90
        5
170
     1
 91
        0
 92
        0
 62
   257
 93
        1
300
CONTENTFORMAT
  1
CONTENTFORMAT_BEGIN
 90
        0
 91
        0
 92
        4
 93
        0
300

 40
0.0
140
1.0
 94
        5
 62
     0
340
B38
144
0.18
309
CONTENTFORMAT_END
171
     1
301
MARGIN
  1
CELLMARGIN_BEGIN
 40
0.06
 40
0.06
 40
0.06
 40
0.06
 40
0.18
 40
0.18
309
CELLMARGIN_END
 94
        6
 95
        1
302
GRIDFORMAT
  1
GRIDFORMAT_BEGIN
 90
        0
 91
        1
 62
     0
 92
       -2
340
0
 93
        0
 40
0.045
309
GRIDFORMAT_END
 95
        2
302
GRIDFORMAT
  1
GRIDFORMAT_BEGIN
 90
        0
 91
        1
 62
     0
 92
       -2
340
0
 93
        0
 40
0.045
309
GRIDFORMAT_END
 95
        4
302
GRIDFORMAT
  1
GRIDFORMAT_BEGIN
 90
        0
 91
        1
 62
     0
 92
       -2
340
0
 93
        0
 40
0.045
309
GRIDFORMAT_END
 95
        8
302
GRIDFORMAT
  1
GRIDFORMAT_BEGIN
 90
        0
 91
        1
 62
     0
 92
       -2
340
0
 93
        0
 40
0.045
309
GRIDFORMAT_END
 95
       16
302
GRIDFORMAT
  1
GRIDFORMAT_BEGIN
 90
        0
 91
        1
 62
     0
 92
       -2
340
0
 93
        0
 40
0.045
309
GRIDFORMAT_END
 95
       32
302
GRIDFORMAT
  1
GRIDFORMAT_BEGIN
 90
        0
 91
        1
 62
     0
 92
       -2
340
0
 93
        0
 40
0.045
309
GRIDFORMAT_END
309
TABLEFORMAT_END
  1
CELLSTYLE_BEGIN
 90
        2
 91
        1
300
_HEADER
309
CELLSTYLE_END
300
CELLSTYLE
  1
TABLEFORMAT_BEGIN
 90
        5
170
     1
 91
        0
 92
        0
 62
   257
 93
        1
300
CONTENTFORMAT
  1
CONTENTFORMAT_BEGIN
 90
        0
 91
        0
 92
        4
 93
        0
300

 40
0.0
140
1.0
 94
        2
 62
     0
340
B38
144
0.18
309
CONTENTFORMAT_END
171
     1
301
MARGIN
  1
CELLMARGIN_BEGIN
 40
0.06
 40
0.06
 40
0.06
 40
0.06
 40
0.18
 40
0.18
309
CELLMARGIN_END
 94
        6
 95
        1
302
GRIDFORMAT
  1
GRIDFORMAT_BEGIN
 90
        0
 91
        1
 62
     0
 92
       -2
340
0
 93
        0
 40
0.045
309
GRIDFORMAT_END
 95
        2
302
GRIDFORMAT
  1
GRIDFORMAT_BEGIN
 90
        0
 91
        1
 62
     0
 92
       -2
340
0
 93
        0
 40
0.045
309
GRIDFORMAT_END
 95
        4
302
GRIDFORMAT
  1
GRIDFORMAT_BEGIN
 90
        0
 91
        1
 62
     0
 92
       -2
340
0
 93
        0
 40
0.045
309
GRIDFORMAT_END
 95
        8
302
GRIDFORMAT
  1
GRIDFORMAT_BEGIN
 90
        0
 91
        1
 62
     0
 92
       -2
340
0
 93
        0
 40
0.045
309
GRIDFORMAT_END
 95
       16
302
GRIDFORMAT
  1
GRIDFORMAT_BEGIN
 90
        0
 91
        1
 62
     0
 92
       -2
340
0
 93
        0
 40
0.045
309
GRIDFORMAT_END
 95
       32
302
GRIDFORMAT
  1
GRIDFORMAT_BEGIN
 90
        0
 91
        1
 62
     0
 92
       -2
340
0
 93
        0
 40
0.045
309
GRIDFORMAT_END
309
TABLEFORMAT_END
  1
CELLSTYLE_BEGIN
 90
        3
 91
        2
300
_DATA
309
CELLSTYLE_END
  0
ENDSEC
  0
SECTION
  2
ACDSDATA
 70
     2
 71
     8
  0
ACDSSCHEMA
 90
        0
  1
AcDb_Thumbnail_Schema
  2
AcDbDs::ID
280
    10
 91
        8
  2
Thumbnail_Data
280
    15
 91
        0
101
ACDSRECORD
 95
        0
 90
        1
  2
AcDbDs::TreatedAsObjectData
280
     1
291
     1
101
ACDSRECORD
 95
        0
 90
        2
  2
AcDbDs::Legacy
280
     1
291
     1
101
ACDSRECORD
  1
AcDbDs::ID
 90
        3
  2
AcDs:Indexable
280
     1
291
     1
101
ACDSRECORD
  1
AcDbDs::ID
 90
        4
  2
AcDbDs::HandleAttribute
280
     7
282
     1
  0
ACDSSCHEMA
 90
        1
  1
AcDbDs::TreatedAsObjectDataSchema
  2
AcDbDs::TreatedAsObjectData
280
     1
 91
        0
  0
ACDSSCHEMA
 90
        2
  1
AcDbDs::LegacySchema
  2
AcDbDs::Legacy
280
     1
 91
        0
  0
ACDSSCHEMA
 90
        3
  1
AcDbDs::IndexedPropertySchema
  2
AcDs:Indexable
280
     1
 91
        0
  0
ACDSSCHEMA
 90
        4
  1
AcDbDs::HandleAttributeSchema
  2
AcDbDs::HandleAttribute
280
     7
 91
        1
284
     1
  0
ACDSRECORD
 90
        0
  2
AcDbDs::ID
280
    10
320
B51
  2
Thumbnail_Data
280
    15
 94
     1094
310
89504E470D0A1A0A0000000D4948445200000100000000970803000000CDB8751B00000300504C5445212830FFFFFF2128300000000000000000000000000000000000000000000000000000330000660000990000CC0000FF0033000033330033660033990033CC0033FF0066000066330066660066990066CC0066FF0099
310
000099330099660099990099CC0099FF00CC0000CC3300CC6600CC9900CCCC00CCFF00FF0000FF3300FF6600FF9900FFCC00FFFF3300003300333300663300993300CC3300FF3333003333333333663333993333CC3333FF3366003366333366663366993366CC3366FF3399003399333399663399993399CC3399FF33CC00
310
33CC3333CC6633CC9933CCCC33CCFF33FF0033FF3333FF6633FF9933FFCC33FFFF6600006600336600666600996600CC6600FF6633006633336633666633996633CC6633FF6666006666336666666666996666CC6666FF6699006699336699666699996699CC6699FF66CC0066CC3366CC6666CC9966CCCC66CCFF66FF0066
310
FF3366FF6666FF9966FFCC66FFFF9900009900339900669900999900CC9900FF9933009933339933669933999933CC9933FF9966009966339966669966999966CC9966FF9999009999339999669999999999CC9999FF99CC0099CC3399CC6699CC9999CCCC99CCFF99FF0099FF3399FF6699FF9999FFCC99FFFFCC0000CC00
310
33CC0066CC0099CC00CCCC00FFCC3300CC3333CC3366CC3399CC33CCCC33FFCC6600CC6633CC6666CC6699CC66CCCC66FFCC9900CC9933CC9966CC9999CC99CCCC99FFCCCC00CCCC33CCCC66CCCC99CCCCCCCCCCFFCCFF00CCFF33CCFF66CCFF99CCFFCCCCFFFFFF0000FF0033FF0066FF0099FF00CCFF00FFFF3300FF3333
310
FF3366FF3399FF33CCFF33FFFF6600FF6633FF6666FF6699FF66CCFF66FFFF9900FF9933FF9966FF9999FF99CCFF99FFFFCC00FFCC33FFCC66FFCC99FFCCCCFFCCFFFFFF00FFFF33FFFF66FFFF99FFFFCCFFFFFF0000000D0D0D1A1A1A2828283535354343435050505D5D5D6B6B6B787878868686939393A1A1A1AEAEAEBB
310
BBBBC9C9C9D6D6D6E4E4E4F1F1F1FFFFFF0000000000000000000000000000000000000000000000000000000000002E4550F1000001014944415478DAEDDB410E82301445D1EE7FA75DC09FAB011409A9243AB1EF1C131370D4AB856A6A6B00000000000000F063BDF7E0A1EF0506181C092040C2F4AFBD9EF7E6D7DBA912
310
40000104480CF0B8039C079879797821C0DC2BE40B53A04FBD3EFA1060B74C0A0DF03A2E0104102034C0727F144000D7000104F87B55DB579EC800EBF06BBFD6CF0AD06A7D0A0E707FC406D82640F03560A9D0A2031C06320ED0A7BC0B546E80963E05AC040510400001041040000104104000012E07E867BF9B457D02E60E
310
7070D80BB39CEBB36F211EEF169F7B9394000208B08EEDB919F424C0E395A9030CFF3596FB673200000000000000000000000000000080AFDD0030E4AA948C79CBFB0000000049454E44AE426082
  0
ENDSEC
  0
EOF
