  0
SECTION
  2
HEADER
  9
$ACADVER
  1
AC1024
  9
$ACADMAINTVER
 70
   226
  9
$DWGCODEPAGE
  3
ANSI_1251
  9
$LASTSAVEDBY
  1
MikhailShapovalov
  9
$INSBASE
 10
0.0
 20
0.0
 30
0.0
  9
$EXTMIN
 10
1856.316627690848
 20
-423.4123453125302
 30
-0.0000000000000793
  9
$EXTMAX
 10
17521.45794655504
 20
3401.207320398046
 30
0.0
  9
$LIMMIN
 10
0.0
 20
0.0
  9
$LIMMAX
 10
420.0
 20
297.0
  9
$ORTHOMODE
 70
     0
  9
$REGENMODE
 70
     1
  9
$FILLMODE
 70
     1
  9
$QTEXTMODE
 70
     0
  9
$MIRRTEXT
 70
     0
  9
$LTSCALE
 40
1.0
  9
$ATTMODE
 70
     1
  9
$TEXTSIZE
 40
2.5
  9
$TRACEWID
 40
1.0
  9
$TEXTSTYLE
  7
Standard
  9
$CLAYER
  8
0
  9
$CELTYPE
  6
ByLayer
  9
$CECOLOR
 62
   256
  9
$CELTSCALE
 40
1.0
  9
$DISPSILH
 70
     0
  9
$DIMSCALE
 40
1.0
  9
$DIMASZ
 40
2.5
  9
$DIMEXO
 40
0.625
  9
$DIMDLI
 40
3.75
  9
$DIMRND
 40
0.0
  9
$DIMDLE
 40
0.0
  9
$DIMEXE
 40
1.25
  9
$DIMTP
 40
0.0
  9
$DIMTM
 40
0.0
  9
$DIMTXT
 40
2.5
  9
$DIMCEN
 40
2.5
  9
$DIMTSZ
 40
0.0
  9
$DIMTOL
 70
     0
  9
$DIMLIM
 70
     0
  9
$DIMTIH
 70
     0
  9
$DIMTOH
 70
     0
  9
$DIMSE1
 70
     0
  9
$DIMSE2
 70
     0
  9
$DIMTAD
 70
     1
  9
$DIMZIN
 70
     8
  9
$DIMBLK
  1

  9
$DIMASO
 70
     1
  9
$DIMSHO
 70
     1
  9
$DIMPOST
  1

  9
$DIMAPOST
  1

  9
$DIMALT
 70
     0
  9
$DIMALTD
 70
     3
  9
$DIMALTF
 40
0.03937007874016
  9
$DIMLFAC
 40
1.0
  9
$DIMTOFL
 70
     1
  9
$DIMTVP
 40
0.0
  9
$DIMTIX
 70
     0
  9
$DIMSOXD
 70
     0
  9
$DIMSAH
 70
     0
  9
$DIMBLK1
  1

  9
$DIMBLK2
  1

  9
$DIMSTYLE
  2
ISO-25
  9
$DIMCLRD
 70
     0
  9
$DIMCLRE
 70
     0
  9
$DIMCLRT
 70
     0
  9
$DIMTFAC
 40
1.0
  9
$DIMGAP
 40
0.625
  9
$DIMJUST
 70
     0
  9
$DIMSD1
 70
     0
  9
$DIMSD2
 70
     0
  9
$DIMTOLJ
 70
     0
  9
$DIMTZIN
 70
     8
  9
$DIMALTZ
 70
     0
  9
$DIMALTTZ
 70
     0
  9
$DIMUPT
 70
     0
  9
$DIMDEC
 70
     2
  9
$DIMTDEC
 70
     2
  9
$DIMALTU
 70
     2
  9
$DIMALTTD
 70
     3
  9
$DIMTXSTY
  7
Standard
  9
$DIMAUNIT
 70
     0
  9
$DIMADEC
 70
     0
  9
$DIMALTRND
 40
0.0
  9
$DIMAZIN
 70
     0
  9
$DIMDSEP
 70
    44
  9
$DIMATFIT
 70
     3
  9
$DIMFRAC
 70
     0
  9
$DIMLDRBLK
  1

  9
$DIMLUNIT
 70
     2
  9
$DIMLWD
 70
    -2
  9
$DIMLWE
 70
    -2
  9
$DIMTMOVE
 70
     0
  9
$DIMFXL
 40
1.0
  9
$DIMFXLON
 70
     0
  9
$DIMJOGANG
 40
0.7853981633974483
  9
$DIMTFILL
 70
     0
  9
$DIMTFILLCLR
 70
     0
  9
$DIMARCSYM
 70
     0
  9
$DIMLTYPE
  6

  9
$DIMLTEX1
  6

  9
$DIMLTEX2
  6

  9
$DIMTXTDIRECTION
 70
     0
  9
$LUNITS
 70
     2
  9
$LUPREC
 70
     4
  9
$SKETCHINC
 40
1.0
  9
$FILLETRAD
 40
0.0
  9
$AUNITS
 70
     0
  9
$AUPREC
 70
     0
  9
$MENU
  1
.
  9
$ELEVATION
 40
0.0
  9
$PELEVATION
 40
0.0
  9
$THICKNESS
 40
0.0
  9
$LIMCHECK
 70
     0
  9
$CHAMFERA
 40
0.0
  9
$CHAMFERB
 40
0.0
  9
$CHAMFERC
 40
0.0
  9
$CHAMFERD
 40
0.0
  9
$SKPOLY
 70
     0
  9
$TDCREATE
 40
2461134.691701389
  9
$TDUCREATE
 40
2461134.566701609
  9
$TDUPDATE
 40
2461137.493414352
  9
$TDUUPDATE
 40
2461137.368414352
  9
$TDINDWG
 40
0.0009566204
  9
$TDUSRTIMER
 40
0.0009560880
  9
$USRTIMER
 70
     1
  9
$ANGBASE
 50
0.0
  9
$ANGDIR
 70
     0
  9
$PDMODE
 70
     0
  9
$PDSIZE
 40
0.0
  9
$PLINEWID
 40
0.0
  9
$SPLFRAME
 70
     0
  9
$SPLINETYPE
 70
     6
  9
$SPLINESEGS
 70
     8
  9
$HANDSEED
  5
C3E
  9
$SURFTAB1
 70
     6
  9
$SURFTAB2
 70
     6
  9
$SURFTYPE
 70
     6
  9
$SURFU
 70
     6
  9
$SURFV
 70
     6
  9
$UCSBASE
  2

  9
$UCSNAME
  2

  9
$UCSORG
 10
0.0
 20
0.0
 30
0.0
  9
$UCSXDIR
 10
1.0
 20
0.0
 30
0.0
  9
$UCSYDIR
 10
0.0
 20
1.0
 30
0.0
  9
$UCSORTHOREF
  2

  9
$UCSORTHOVIEW
 70
     0
  9
$UCSORGTOP
 10
0.0
 20
0.0
 30
0.0
  9
$UCSORGBOTTOM
 10
0.0
 20
0.0
 30
0.0
  9
$UCSORGLEFT
 10
0.0
 20
0.0
 30
0.0
  9
$UCSORGRIGHT
 10
0.0
 20
0.0
 30
0.0
  9
$UCSORGFRONT
 10
0.0
 20
0.0
 30
0.0
  9
$UCSORGBACK
 10
0.0
 20
0.0
 30
0.0
  9
$PUCSBASE
  2

  9
$PUCSNAME
  2

  9
$PUCSORG
 10
0.0
 20
0.0
 30
0.0
  9
$PUCSXDIR
 10
1.0
 20
0.0
 30
0.0
  9
$PUCSYDIR
 10
0.0
 20
1.0
 30
0.0
  9
$PUCSORTHOREF
  2

  9
$PUCSORTHOVIEW
 70
     0
  9
$PUCSORGTOP
 10
0.0
 20
0.0
 30
0.0
  9
$PUCSORGBOTTOM
 10
0.0
 20
0.0
 30
0.0
  9
$PUCSORGLEFT
 10
0.0
 20
0.0
 30
0.0
  9
$PUCSORGRIGHT
 10
0.0
 20
0.0
 30
0.0
  9
$PUCSORGFRONT
 10
0.0
 20
0.0
 30
0.0
  9
$PUCSORGBACK
 10
0.0
 20
0.0
 30
0.0
  9
$USERI1
 70
     0
  9
$USERI2
 70
     0
  9
$USERI3
 70
     0
  9
$USERI4
 70
     0
  9
$USERI5
 70
     0
  9
$USERR1
 40
0.0
  9
$USERR2
 40
0.0
  9
$USERR3
 40
0.0
  9
$USERR4
 40
0.0
  9
$USERR5
 40
0.0
  9
$WORLDVIEW
 70
     1
  9
$SHADEDGE
 70
     3
  9
$SHADEDIF
 70
    70
  9
$TILEMODE
 70
     1
  9
$MAXACTVP
 70
    64
  9
$PINSBASE
 10
0.0
 20
0.0
 30
0.0
  9
$PLIMCHECK
 70
     0
  9
$PEXTMIN
 10
0.0
 20
0.0
 30
0.0
  9
$PEXTMAX
 10
0.0
 20
0.0
 30
0.0
  9
$PLIMMIN
 10
0.0
 20
0.0
  9
$PLIMMAX
 10
12.0
 20
9.0
  9
$UNITMODE
 70
     0
  9
$VISRETAIN
 70
     1
  9
$PLINEGEN
 70
     0
  9
$PSLTSCALE
 70
     1
  9
$TREEDEPTH
 70
  3020
  9
$CMLSTYLE
  2
Standard
  9
$CMLJUST
 70
     0
  9
$CMLSCALE
 40
20.0
  9
$PROXYGRAPHICS
 70
     1
  9
$MEASUREMENT
 70
     1
  9
$CELWEIGHT
370
    -1
  9
$ENDCAPS
280
     0
  9
$JOINSTYLE
280
     0
  9
$LWDISPLAY
290
     0
  9
$INSUNITS
 70
     4
  9
$HYPERLINKBASE
  1

  9
$STYLESHEET
  1

  9
$XEDIT
290
     1
  9
$CEPSNTYPE
380
     0
  9
$PSTYLEMODE
290
     1
  9
$FINGERPRINTGUID
  2
{A4CAB1FC-42A2-4D6F-B95F-085582C7A8C3}
  9
$VERSIONGUID
  2
{E407F36C-69DA-DF47-94D8-53F9EDC75C9E}
  9
$EXTNAMES
290
     1
  9
$PSVPSCALE
 40
0.0
  9
$OLESTARTUP
290
     0
  9
$SORTENTS
280
   127
  9
$INDEXCTL
280
     0
  9
$HIDETEXT
280
     1
  9
$XCLIPFRAME
280
     2
  9
$HALOGAP
280
     0
  9
$OBSCOLOR
 70
   257
  9
$OBSLTYPE
280
     0
  9
$INTERSECTIONDISPLAY
280
     0
  9
$INTERSECTIONCOLOR
 70
   257
  9
$DIMASSOC
280
     2
  9
$PROJECTNAME
  1

  9
$CAMERADISPLAY
290
     0
  9
$LENSLENGTH
 40
50.0
  9
$CAMERAHEIGHT
 40
0.0
  9
$STEPSPERSEC
 40
2.0
  9
$STEPSIZE
 40
6.0
  9
$3DDWFPREC
 40
2.0
  9
$PSOLWIDTH
 40
0.25
  9
$PSOLHEIGHT
 40
4.0
  9
$LOFTANG1
 40
1.570796326794896
  9
$LOFTANG2
 40
1.570796326794896
  9
$LOFTMAG1
 40
0.0
  9
$LOFTMAG2
 40
0.0
  9
$LOFTPARAM
 70
     7
  9
$LOFTNORMALS
280
     1
  9
$LATITUDE
 40
37.795
  9
$LONGITUDE
 40
-122.394
  9
$NORTHDIRECTION
 40
0.0
  9
$TIMEZONE
 70
 -8000
  9
$LIGHTGLYPHDISPLAY
280
     1
  9
$TILEMODELIGHTSYNCH
280
     1
  9
$CMATERIAL
347
167
  9
$SOLIDHIST
280
     0
  9
$SHOWHIST
280
     1
  9
$DWFFRAME
280
     1
  9
$DGNFRAME
280
     1
  9
$REALWORLDSCALE
290
     1
  9
$INTERFERECOLOR
 62
   256
  9
$INTERFEREOBJVS
345
189
  9
$INTERFEREVPVS
346
186
  9
$CSHADOW
280
     0
  9
$SHADOWPLANELOCATION
 40
0.0
  0
ENDSEC
  0
SECTION
  2
CLASSES
  0
CLASS
  1
ACDBDICTIONARYWDFLT
  2
AcDbDictionaryWithDefault
  3
ObjectDBX Classes
 90
        0
 91
        1
280
     0
281
     0
  0
CLASS
  1
DICTIONARYVAR
  2
AcDbDictionaryVar
  3
ObjectDBX Classes
 90
        0
 91
       27
280
     0
281
     0
  0
CLASS
  1
TABLESTYLE
  2
AcDbTableStyle
  3
ObjectDBX Classes
 90
     4095
 91
        1
280
     0
281
     0
  0
CLASS
  1
WIPEOUTVARIABLES
  2
AcDbWipeoutVariables
  3
"WipeOut|Product Desc:     WipeOut Dbx Application|Company:          Autodesk, Inc.|WEB Address:      www.autodesk.com"
 90
        0
 91
        0
280
     0
281
     0
  0
CLASS
  1
SCALE
  2
AcDbScale
  3
ObjectDBX Classes
 90
     1153
 91
       17
280
     0
281
     0
  0
CLASS
  1
MLEADERSTYLE
  2
AcDbMLeaderStyle
  3
ACDB_MLEADERSTYLE_CLASS
 90
     4095
 91
        2
280
     0
281
     0
  0
CLASS
  1
MATERIAL
  2
AcDbMaterial
  3
ObjectDBX Classes
 90
     1153
 91
        3
280
     0
281
     0
  0
CLASS
  1
VISUALSTYLE
  2
AcDbVisualStyle
  3
ObjectDBX Classes
 90
     4095
 91
       24
280
     0
281
     0
  0
CLASS
  1
ACDBSECTIONVIEWSTYLE
  2
AcDbSectionViewStyle
  3
ObjectDBX Classes
 90
     1025
 91
        1
280
     0
281
     0
  0
CLASS
  1
ACDBDETAILVIEWSTYLE
  2
AcDbDetailViewStyle
  3
ObjectDBX Classes
 90
     1025
 91
        1
280
     0
281
     0
  0
CLASS
  1
CELLSTYLEMAP
  2
AcDbCellStyleMap
  3
ObjectDBX Classes
 90
     1152
 91
        2
280
     0
281
     0
  0
CLASS
  1
SORTENTSTABLE
  2
AcDbSortentsTable
  3
ObjectDBX Classes
 90
        0
 91
        0
280
     0
281
     0
  0
ENDSEC
  0
SECTION
  2
TABLES
  0
TABLE
  2
VPORT
  5
8
330
0
100
AcDbSymbolTable
 70
     1
  0
VPORT
  5
1CC
330
8
100
AcDbSymbolTableRecord
100
AcDbViewportTableRecord
  2
*Active
 70
     0
 10
0.0
 20
0.0
 11
1.0
 21
1.0
 12
12708.73904096167
 22
1238.791087879072
 13
0.0
 23
0.0
 14
10.0
 24
10.0
 15
10.0
 25
10.0
 16
0.0
 26
0.0
 36
1.0
 17
0.0
 27
0.0
 37
0.0
 40
15362.10462398507
 41
1.709137709137709
 42
50.0
 43
0.0
 44
0.0
 50
0.0
 51
0.0
 71
    16
 72
  1000
 73
     1
 74
     3
 75
     0
 76
     1
 77
     0
 78
     0
281
     0
 65
     1
110
0.0
120
0.0
130
0.0
111
1.0
121
0.0
131
0.0
112
0.0
122
1.0
132
0.0
 79
     0
146
0.0
348
185
 60
     3
 61
     5
292
     1
282
     1
141
0.0
142
0.0
1001
ACAD_NAV_VCDISPLAY
1070
     3
  0
ENDTAB
  0
TABLE
  2
LTYPE
  5
5
330
0
100
AcDbSymbolTable
 70
     1
  0
LTYPE
  5
14
330
5
100
AcDbSymbolTableRecord
100
AcDbLinetypeTableRecord
  2
ByBlock
 70
     0
  3

 72
    65
 73
     0
 40
0.0
  0
LTYPE
  5
15
330
5
100
AcDbSymbolTableRecord
100
AcDbLinetypeTableRecord
  2
ByLayer
 70
     0
  3

 72
    65
 73
     0
 40
0.0
  0
LTYPE
  5
16
330
5
100
AcDbSymbolTableRecord
100
AcDbLinetypeTableRecord
  2
Continuous
 70
     0
  3
Solid line
 72
    65
 73
     0
 40
0.0
  0
ENDTAB
  0
TABLE
  2
LAYER
  5
2
102
{ACAD_XDICTIONARY
360
FA
102
}
330
0
100
AcDbSymbolTable
 70
     3
  0
LAYER
  5
10
330
2
100
AcDbSymbolTableRecord
100
AcDbLayerTableRecord
  2
0
 70
     0
 62
     7
  6
Continuous
370
    -3
390
F
347
177
  0
LAYER
  5
559
330
2
100
AcDbSymbolTableRecord
100
AcDbLayerTableRecord
  2
РАЗМЕРЫ
 70
     0
 62
   250
  6
Continuous
370
     9
390
F
347
177
  0
LAYER
  5
55A
330
2
100
AcDbSymbolTableRecord
100
AcDbLayerTableRecord
  2
DEFPOINTS
 70
     0
 62
     7
  6
Continuous
290
     0
370
    -3
390
F
347
177
  0
ENDTAB
  0
TABLE
  2
STYLE
  5
3
330
0
100
AcDbSymbolTable
 70
     3
  0
STYLE
  5
11
330
3
100
AcDbSymbolTableRecord
100
AcDbTextStyleTableRecord
  2
Standard
 70
     0
 40
0.0
 41
1.0
 50
0.0
 71
     0
 42
2.5
  3
arial.ttf
  4

1001
ACAD
1000
Arial
1071
       34
  0
STYLE
  5
23E
330
3
100
AcDbSymbolTableRecord
100
AcDbTextStyleTableRecord
  2
Annotative
 70
     0
 40
0.0
 41
1.0
 50
0.0
 71
     0
 42
2.5
  3
arial.ttf
  4

1001
AcadAnnotative
1000
AnnotativeData
1002
{
1070
     1
1070
     1
1002
}
1001
ACAD
1000
Arial
1071
       34
  0
STYLE
  5
55B
330
3
100
AcDbSymbolTableRecord
100
AcDbTextStyleTableRecord
  2
ОФОРМИТЕЛЬ
 70
     0
 40
30.0
 41
1.0
 50
0.0
 71
     0
 42
25.0
  3
txt
  4

  0
ENDTAB
  0
TABLE
  2
VIEW
  5
6
330
0
100
AcDbSymbolTable
 70
     1
  0
ENDTAB
  0
TABLE
  2
UCS
  5
7
330
0
100
AcDbSymbolTable
 70
     0
  0
ENDTAB
  0
TABLE
  2
APPID
  5
9
330
0
100
AcDbSymbolTable
 70
     9
  0
APPID
  5
12
330
9
100
AcDbSymbolTableRecord
100
AcDbRegAppTableRecord
  2
ACAD
 70
     0
  0
APPID
  5
F4
330
9
100
AcDbSymbolTableRecord
100
AcDbRegAppTableRecord
  2
ACAD_PSEXT
 70
     0
  0
APPID
  5
1A9
330
9
100
AcDbSymbolTableRecord
100
AcDbRegAppTableRecord
  2
ACAD_NAV_VCDISPLAY
 70
     0
  0
APPID
  5
23F
330
9
100
AcDbSymbolTableRecord
100
AcDbRegAppTableRecord
  2
AcadAnnoPO
 70
     0
  0
APPID
  5
240
330
9
100
AcDbSymbolTableRecord
100
AcDbRegAppTableRecord
  2
AcadAnnotative
 70
     0
  0
APPID
  5
242
330
9
100
AcDbSymbolTableRecord
100
AcDbRegAppTableRecord
  2
ACAD_DSTYLE_DIMJAG
 70
     0
  0
APPID
  5
243
330
9
100
AcDbSymbolTableRecord
100
AcDbRegAppTableRecord
  2
ACAD_DSTYLE_DIMBREAK
 70
     0
  0
APPID
  5
244
330
9
100
AcDbSymbolTableRecord
100
AcDbRegAppTableRecord
  2
ACAD_DSTYLE_DIMTALN
 70
     0
  0
APPID
  5
55D
330
9
100
AcDbSymbolTableRecord
100
AcDbRegAppTableRecord
  2
ACAD_DSTYLE_DIMRADIAL_EXTENSION
 70
     0
  0
ENDTAB
  0
TABLE
  2
DIMSTYLE
  5
A
330
0
100
AcDbSymbolTable
 70
     4
100
AcDbDimStyleTable
 71
     2
340
9C
340
245
  0
DIMSTYLE
105
27
330
A
100
AcDbSymbolTableRecord
100
AcDbDimStyleTableRecord
  2
Standard
 70
     0
340
11
  0
DIMSTYLE
105
9C
330
A
100
AcDbSymbolTableRecord
100
AcDbDimStyleTableRecord
  2
ISO-25
 70
     0
 41
2.5
 42
0.625
 43
3.75
 44
1.25
 73
     0
 74
     0
 77
     1
 78
     8
140
2.5
141
2.5
143
0.03937007874016
147
0.625
171
     3
172
     1
271
     2
272
     2
274
     3
278
    44
283
     0
284
     8
340
11
  0
DIMSTYLE
105
245
330
A
100
AcDbSymbolTableRecord
100
AcDbDimStyleTableRecord
  2
Annotative
 70
     0
 41
2.5
 42
0.625
 43
3.75
 44
1.25
 73
     0
 74
     0
 77
     1
 78
     8
140
2.5
141
2.5
143
0.03937007874016
147
0.625
171
     3
172
     1
271
     2
272
     2
274
     3
278
    44
283
     0
284
     8
340
11
1001
ACAD_DSTYLE_DIMBREAK
1070
   391
1040
3.75
1001
AcadAnnotative
1000
AnnotativeData
1002
{
1070
     1
1070
     1
1002
}
1001
ACAD_DSTYLE_DIMJAG
1070
   388
1040
1.5
1001
ACAD_DSTYLE_DIMTALN
1070
   392
1070
     0
  0
DIMSTYLE
105
55C
102
{ACAD_REACTORS
330
65C
330
65D
330
65E
330
65F
330
660
330
661
330
662
330
663
330
664
330
665
330
666
330
667
330
668
330
669
330
66A
330
66B
330
66C
330
66D
330
66E
330
66F
330
670
330
671
330
672
330
673
330
674
330
675
330
676
330
677
330
678
330
679
330
67A
330
67B
330
67C
330
67D
330
67E
330
67F
330
680
330
681
330
682
330
683
330
684
330
685
330
686
330
687
330
688
330
689
330
68A
330
68B
330
68C
330
68D
330
68E
330
68F
330
690
330
691
330
692
330
693
330
694
330
695
330
696
330
697
330
698
330
699
102
}
330
A
100
AcDbSymbolTableRecord
100
AcDbDimStyleTableRecord
  2
ОФОРМИТЕЛЬ
 70
     0
 41
25.0
 42
10.0
 44
10.0
140
30.0
147
5.0
176
   256
177
   256
178
   256
271
     0
279
     2
340
55B
1001
AcadAnnotative
1000
AnnotativeData
1002
{
1070
     1
1070
     0
1002
}
  0
ENDTAB
  0
TABLE
  2
BLOCK_RECORD
  5
1
330
0
100
AcDbSymbolTable
 70
   125
  0
BLOCK_RECORD
  5
1F
330
1
100
AcDbSymbolTableRecord
100
AcDbBlockTableRecord
  2
*Model_Space
340
22
 70
     0
280
     1
281
     0
  0
BLOCK_RECORD
  5
1DF
330
1
100
AcDbSymbolTableRecord
100
AcDbBlockTableRecord
  2
*Paper_Space
340
1E0
 70
     0
280
     1
281
     0
  0
BLOCK_RECORD
  5
1E3
330
1
100
AcDbSymbolTableRecord
100
AcDbBlockTableRecord
  2
*Paper_Space0
340
1E4
 70
     0
280
     1
281
     0
  0
BLOCK_RECORD
  5
69A
330
1
100
AcDbSymbolTableRecord
100
AcDbBlockTableRecord
  2
*D63
340
0
 70
     0
280
     1
281
     0
  0
BLOCK_RECORD
  5
6A7
330
1
100
AcDbSymbolTableRecord
100
AcDbBlockTableRecord
  2
*D64
340
0
 70
     0
280
     1
281
     0
  0
BLOCK_RECORD
  5
6B4
330
1
100
AcDbSymbolTableRecord
100
AcDbBlockTableRecord
  2
*D65
340
0
 70
     0
280
     1
281
     0
  0
BLOCK_RECORD
  5
6C0
330
1
100
AcDbSymbolTableRecord
100
AcDbBlockTableRecord
  2
*D66
340
0
 70
     0
280
     1
281
     0
  0
BLOCK_RECORD
  5
6CD
330
1
100
AcDbSymbolTableRecord
100
AcDbBlockTableRecord
  2
*D67
340
0
 70
     0
280
     1
281
     0
  0
BLOCK_RECORD
  5
6DA
330
1
100
AcDbSymbolTableRecord
100
AcDbBlockTableRecord
  2
*D68
340
0
 70
     0
280
     1
281
     0
  0
BLOCK_RECORD
  5
6E7
330
1
100
AcDbSymbolTableRecord
100
AcDbBlockTableRecord
  2
*D69
340
0
 70
     0
280
     1
281
     0
  0
BLOCK_RECORD
  5
6F4
330
1
100
AcDbSymbolTableRecord
100
AcDbBlockTableRecord
  2
*D70
340
0
 70
     0
280
     1
281
     0
  0
BLOCK_RECORD
  5
6FE
330
1
100
AcDbSymbolTableRecord
100
AcDbBlockTableRecord
  2
*D71
340
0
 70
     0
280
     1
281
     0
  0
BLOCK_RECORD
  5
70A
330
1
100
AcDbSymbolTableRecord
100
AcDbBlockTableRecord
  2
*D72
340
0
 70
     0
280
     1
281
     0
  0
BLOCK_RECORD
  5
717
330
1
100
AcDbSymbolTableRecord
100
AcDbBlockTableRecord
  2
*D73
340
0
 70
     0
280
     1
281
     0
  0
BLOCK_RECORD
  5
724
330
1
100
AcDbSymbolTableRecord
100
AcDbBlockTableRecord
  2
*D74
340
0
 70
     0
280
     1
281
     0
  0
BLOCK_RECORD
  5
731
330
1
100
AcDbSymbolTableRecord
100
AcDbBlockTableRecord
  2
*D75
340
0
 70
     0
280
     1
281
     0
  0
BLOCK_RECORD
  5
73E
330
1
100
AcDbSymbolTableRecord
100
AcDbBlockTableRecord
  2
*D76
340
0
 70
     0
280
     1
281
     0
  0
BLOCK_RECORD
  5
748
330
1
100
AcDbSymbolTableRecord
100
AcDbBlockTableRecord
  2
*D77
340
0
 70
     0
280
     1
281
     0
  0
BLOCK_RECORD
  5
754
330
1
100
AcDbSymbolTableRecord
100
AcDbBlockTableRecord
  2
*D78
340
0
 70
     0
280
     1
281
     0
  0
BLOCK_RECORD
  5
761
330
1
100
AcDbSymbolTableRecord
100
AcDbBlockTableRecord
  2
*D79
340
0
 70
     0
280
     1
281
     0
  0
BLOCK_RECORD
  5
76E
330
1
100
AcDbSymbolTableRecord
100
AcDbBlockTableRecord
  2
*D80
340
0
 70
     0
280
     1
281
     0
  0
BLOCK_RECORD
  5
77A
330
1
100
AcDbSymbolTableRecord
100
AcDbBlockTableRecord
  2
*D81
340
0
 70
     0
280
     1
281
     0
  0
BLOCK_RECORD
  5
787
330
1
100
AcDbSymbolTableRecord
100
AcDbBlockTableRecord
  2
*D82
340
0
 70
     0
280
     1
281
     0
  0
BLOCK_RECORD
  5
794
330
1
100
AcDbSymbolTableRecord
100
AcDbBlockTableRecord
  2
*D83
340
0
 70
     0
280
     1
281
     0
  0
BLOCK_RECORD
  5
7A1
330
1
100
AcDbSymbolTableRecord
100
AcDbBlockTableRecord
  2
*D84
340
0
 70
     0
280
     1
281
     0
  0
BLOCK_RECORD
  5
7AE
330
1
100
AcDbSymbolTableRecord
100
AcDbBlockTableRecord
  2
*D85
340
0
 70
     0
280
     1
281
     0
  0
BLOCK_RECORD
  5
7BA
330
1
100
AcDbSymbolTableRecord
100
AcDbBlockTableRecord
  2
*D86
340
0
 70
     0
280
     1
281
     0
  0
BLOCK_RECORD
  5
7C6
330
1
100
AcDbSymbolTableRecord
100
AcDbBlockTableRecord
  2
*D87
340
0
 70
     0
280
     1
281
     0
  0
BLOCK_RECORD
  5
7D3
330
1
100
AcDbSymbolTableRecord
100
AcDbBlockTableRecord
  2
*D88
340
0
 70
     0
280
     1
281
     0
  0
BLOCK_RECORD
  5
7E0
330
1
100
AcDbSymbolTableRecord
100
AcDbBlockTableRecord
  2
*D89
340
0
 70
     0
280
     1
281
     0
  0
BLOCK_RECORD
  5
7EC
330
1
100
AcDbSymbolTableRecord
100
AcDbBlockTableRecord
  2
*D90
340
0
 70
     0
280
     1
281
     0
  0
BLOCK_RECORD
  5
7F8
330
1
100
AcDbSymbolTableRecord
100
AcDbBlockTableRecord
  2
*D91
340
0
 70
     0
280
     1
281
     0
  0
BLOCK_RECORD
  5
805
330
1
100
AcDbSymbolTableRecord
100
AcDbBlockTableRecord
  2
*D92
340
0
 70
     0
280
     1
281
     0
  0
BLOCK_RECORD
  5
812
330
1
100
AcDbSymbolTableRecord
100
AcDbBlockTableRecord
  2
*D93
340
0
 70
     0
280
     1
281
     0
  0
BLOCK_RECORD
  5
81F
330
1
100
AcDbSymbolTableRecord
100
AcDbBlockTableRecord
  2
*D94
340
0
 70
     0
280
     1
281
     0
  0
BLOCK_RECORD
  5
82C
330
1
100
AcDbSymbolTableRecord
100
AcDbBlockTableRecord
  2
*D95
340
0
 70
     0
280
     1
281
     0
  0
BLOCK_RECORD
  5
839
330
1
100
AcDbSymbolTableRecord
100
AcDbBlockTableRecord
  2
*D96
340
0
 70
     0
280
     1
281
     0
  0
BLOCK_RECORD
  5
846
330
1
100
AcDbSymbolTableRecord
100
AcDbBlockTableRecord
  2
*D97
340
0
 70
     0
280
     1
281
     0
  0
BLOCK_RECORD
  5
853
330
1
100
AcDbSymbolTableRecord
100
AcDbBlockTableRecord
  2
*D98
340
0
 70
     0
280
     1
281
     0
  0
BLOCK_RECORD
  5
860
330
1
100
AcDbSymbolTableRecord
100
AcDbBlockTableRecord
  2
*D99
340
0
 70
     0
280
     1
281
     0
  0
BLOCK_RECORD
  5
86D
330
1
100
AcDbSymbolTableRecord
100
AcDbBlockTableRecord
  2
*D100
340
0
 70
     0
280
     1
281
     0
  0
BLOCK_RECORD
  5
87A
330
1
100
AcDbSymbolTableRecord
100
AcDbBlockTableRecord
  2
*D101
340
0
 70
     0
280
     1
281
     0
  0
BLOCK_RECORD
  5
886
330
1
100
AcDbSymbolTableRecord
100
AcDbBlockTableRecord
  2
*D102
340
0
 70
     0
280
     1
281
     0
  0
BLOCK_RECORD
  5
892
330
1
100
AcDbSymbolTableRecord
100
AcDbBlockTableRecord
  2
*D103
340
0
 70
     0
280
     1
281
     0
  0
BLOCK_RECORD
  5
89E
330
1
100
AcDbSymbolTableRecord
100
AcDbBlockTableRecord
  2
*D104
340
0
 70
     0
280
     1
281
     0
  0
BLOCK_RECORD
  5
8AA
330
1
100
AcDbSymbolTableRecord
100
AcDbBlockTableRecord
  2
*D105
340
0
 70
     0
280
     1
281
     0
  0
BLOCK_RECORD
  5
8B7
330
1
100
AcDbSymbolTableRecord
100
AcDbBlockTableRecord
  2
*D106
340
0
 70
     0
280
     1
281
     0
  0
BLOCK_RECORD
  5
8C4
330
1
100
AcDbSymbolTableRecord
100
AcDbBlockTableRecord
  2
*D107
340
0
 70
     0
280
     1
281
     0
  0
BLOCK_RECORD
  5
8D1
330
1
100
AcDbSymbolTableRecord
100
AcDbBlockTableRecord
  2
*D108
340
0
 70
     0
280
     1
281
     0
  0
BLOCK_RECORD
  5
8DD
330
1
100
AcDbSymbolTableRecord
100
AcDbBlockTableRecord
  2
*D109
340
0
 70
     0
280
     1
281
     0
  0
BLOCK_RECORD
  5
8EA
330
1
100
AcDbSymbolTableRecord
100
AcDbBlockTableRecord
  2
*D110
340
0
 70
     0
280
     1
281
     0
  0
BLOCK_RECORD
  5
8F6
330
1
100
AcDbSymbolTableRecord
100
AcDbBlockTableRecord
  2
*D111
340
0
 70
     0
280
     1
281
     0
  0
BLOCK_RECORD
  5
903
330
1
100
AcDbSymbolTableRecord
100
AcDbBlockTableRecord
  2
*D112
340
0
 70
     0
280
     1
281
     0
  0
BLOCK_RECORD
  5
910
330
1
100
AcDbSymbolTableRecord
100
AcDbBlockTableRecord
  2
*D113
340
0
 70
     0
280
     1
281
     0
  0
BLOCK_RECORD
  5
91C
330
1
100
AcDbSymbolTableRecord
100
AcDbBlockTableRecord
  2
*D114
340
0
 70
     0
280
     1
281
     0
  0
BLOCK_RECORD
  5
926
330
1
100
AcDbSymbolTableRecord
100
AcDbBlockTableRecord
  2
*D115
340
0
 70
     0
280
     1
281
     0
  0
BLOCK_RECORD
  5
933
330
1
100
AcDbSymbolTableRecord
100
AcDbBlockTableRecord
  2
*D116
340
0
 70
     0
280
     1
281
     0
  0
BLOCK_RECORD
  5
940
330
1
100
AcDbSymbolTableRecord
100
AcDbBlockTableRecord
  2
*D117
340
0
 70
     0
280
     1
281
     0
  0
BLOCK_RECORD
  5
94D
330
1
100
AcDbSymbolTableRecord
100
AcDbBlockTableRecord
  2
*D118
340
0
 70
     0
280
     1
281
     0
  0
BLOCK_RECORD
  5
95A
330
1
100
AcDbSymbolTableRecord
100
AcDbBlockTableRecord
  2
*D119
340
0
 70
     0
280
     1
281
     0
  0
BLOCK_RECORD
  5
967
330
1
100
AcDbSymbolTableRecord
100
AcDbBlockTableRecord
  2
*D120
340
0
 70
     0
280
     1
281
     0
  0
BLOCK_RECORD
  5
974
330
1
100
AcDbSymbolTableRecord
100
AcDbBlockTableRecord
  2
*D121
340
0
 70
     0
280
     1
281
     0
  0
BLOCK_RECORD
  5
97D
330
1
100
AcDbSymbolTableRecord
100
AcDbBlockTableRecord
  2
*D122
340
0
 70
     0
280
     1
281
     0
  0
BLOCK_RECORD
  5
989
330
1
100
AcDbSymbolTableRecord
100
AcDbBlockTableRecord
  2
*D123
340
0
 70
     0
280
     1
281
     0
  0
BLOCK_RECORD
  5
995
330
1
100
AcDbSymbolTableRecord
100
AcDbBlockTableRecord
  2
*D124
340
0
 70
     0
280
     1
281
     0
  0
ENDTAB
  0
ENDSEC
  0
SECTION
  2
BLOCKS
  0
BLOCK
  5
20
330
1F
100
AcDbEntity
  8
0
100
AcDbBlockBegin
  2
*Model_Space
 70
     0
 10
0.0
 20
0.0
 30
0.0
  3
*Model_Space
  1

  0
ENDBLK
  5
21
330
1F
100
AcDbEntity
  8
0
100
AcDbBlockEnd
  0
BLOCK
  5
1E1
330
1DF
100
AcDbEntity
 67
     1
  8
0
100
AcDbBlockBegin
  2
*Paper_Space
 70
     0
 10
0.0
 20
0.0
 30
0.0
  3
*Paper_Space
  1

  0
ENDBLK
  5
1E2
330
1DF
100
AcDbEntity
 67
     1
  8
0
100
AcDbBlockEnd
  0
BLOCK
  5
1E5
330
1E3
100
AcDbEntity
 67
     1
  8
0
100
AcDbBlockBegin
  2
*Paper_Space0
 70
     0
 10
0.0
 20
0.0
 30
0.0
  3
*Paper_Space0
  1

  0
ENDBLK
  5
1E6
330
1E3
100
AcDbEntity
 67
     1
  8
0
100
AcDbBlockEnd
  0
BLOCK
  5
69B
330
69A
100
AcDbEntity
  8
0
100
AcDbBlockBegin
  2
*D63
 70
     1
 10
0.0
 20
0.0
 30
0.0
  3
*D63
  1

  0
LINE
  5
9A1
330
69A
100
AcDbEntity
  8
РАЗМЕРЫ
440
 16777216
370
    -2
390
55E
100
AcDbLine
 10
1993.860508504138
 20
3209.101041960739
 30
0.0
 11
1993.860508504138
 21
3335.970988199964
 31
0.0
  0
LINE
  5
9A2
330
69A
100
AcDbEntity
  8
РАЗМЕРЫ
440
 16777216
370
    -2
390
55E
100
AcDbLine
 10
4747.937494108268
 20
2458.802991567389
 30
0.0
 11
4747.937494108268
 21
3335.970988199964
 31
0.0
  0
LINE
  5
9A3
330
69A
100
AcDbEntity
  8
РАЗМЕРЫ
440
 16777216
370
    -2
390
55E
100
AcDbLine
 10
2018.860508504138
 20
3325.970988199964
 30
0.0
 11
3310.899001306204
 21
3325.970988199964
 31
0.0
  0
LINE
  5
9A4
330
69A
100
AcDbEntity
  8
РАЗМЕРЫ
440
 16777216
370
    -2
390
55E
100
AcDbLine
 10
4722.937494108268
 20
3325.970988199964
 30
0.0
 11
3430.899001306203
 21
3325.970988199964
 31
0.0
  0
SOLID
  5
9A5
330
69A
100
AcDbEntity
  8
РАЗМЕРЫ
440
 16777216
390
55E
100
AcDbTrace
 10
2018.860508504138
 20
3330.137654866631
 30
0.0
 11
2018.860508504138
 21
3321.804321533298
 31
0.0
 12
1993.860508504138
 22
3325.970988199964
 32
0.0
 13
1993.860508504138
 23
3325.970988199964
 33
0.0
  0
SOLID
  5
9A6
330
69A
100
AcDbEntity
  8
РАЗМЕРЫ
440
 16777216
390
55E
100
AcDbTrace
 10
4722.937494108268
 20
3321.804321533298
 30
0.0
 11
4722.937494108268
 21
3330.137654866631
 31
0.0
 12
4747.937494108268
 22
3325.970988199964
 32
0.0
 13
4747.937494108268
 23
3325.970988199964
 33
0.0
  0
MTEXT
  5
9A7
330
69A
100
AcDbEntity
  8
РАЗМЕРЫ
440
 16777216
370
    13
390
55E
100
AcDbMText
 10
3370.899001306203
 20
3325.970988199964
 30
0.0
 40
30.0
 41
0.0
 46
0.0
 71
     5
 72
     1
  1
\A1;2754
  7
ОФОРМИТЕЛЬ
 73
     1
 44
1.0
  0
POINT
  5
9A8
330
69A
100
AcDbEntity
  8
DEFPOINTS
 62
     0
440
 16777216
390
55E
100
AcDbPoint
 10
1993.860508504138
 20
3199.101041960739
 30
0.0
  0
POINT
  5
9A9
330
69A
100
AcDbEntity
  8
DEFPOINTS
 62
     0
440
 16777216
390
55E
100
AcDbPoint
 10
4747.937494108268
 20
2448.802991567389
 30
0.0
  0
POINT
  5
9AA
330
69A
100
AcDbEntity
  8
DEFPOINTS
 62
     0
440
 16777216
390
55E
100
AcDbPoint
 10
4747.937494108268
 20
3325.970988199964
 30
0.0
  0
ENDBLK
  5
69C
330
69A
100
AcDbEntity
  8
0
100
AcDbBlockEnd
  0
BLOCK
  5
6A8
330
6A7
100
AcDbEntity
  8
0
100
AcDbBlockBegin
  2
*D64
 70
     1
 10
0.0
 20
0.0
 30
0.0
  3
*D64
  1

  0
LINE
  5
9AB
330
6A7
100
AcDbEntity
  8
РАЗМЕРЫ
440
 16777216
370
    -2
390
55E
100
AcDbLine
 10
1983.860508504138
 20
3199.101041960739
 30
0.0
 11
1883.816627690849
 21
3199.101041960739
 31
0.0
  0
LINE
  5
9AC
330
6A7
100
AcDbEntity
  8
РАЗМЕРЫ
440
 16777216
370
    -2
390
55E
100
AcDbLine
 10
2364.812944035326
 20
2448.802991567389
 30
0.0
 11
1883.816627690849
 21
2448.802991567389
 31
0.0
  0
LINE
  5
9AD
330
6A7
100
AcDbEntity
  8
РАЗМЕРЫ
440
 16777216
370
    -2
390
55E
100
AcDbLine
 10
1893.816627690848
 20
3174.101041960739
 30
0.0
 11
1893.816627690848
 21
2843.952016764064
 31
0.0
  0
LINE
  5
9AE
330
6A7
100
AcDbEntity
  8
РАЗМЕРЫ
440
 16777216
370
    -2
390
55E
100
AcDbLine
 10
1893.816627690848
 20
2473.802991567389
 30
0.0
 11
1893.816627690848
 21
2803.952016764064
 31
0.0
  0
SOLID
  5
9AF
330
6A7
100
AcDbEntity
  8
РАЗМЕРЫ
440
 16777216
390
55E
100
AcDbTrace
 10
1897.983294357515
 20
3174.101041960739
 30
0.0
 11
1889.649961024182
 21
3174.101041960739
 31
0.0
 12
1893.816627690848
 22
3199.101041960739
 32
0.0
 13
1893.816627690848
 23
3199.101041960739
 33
0.0
  0
SOLID
  5
9B0
330
6A7
100
AcDbEntity
  8
РАЗМЕРЫ
440
 16777216
390
55E
100
AcDbTrace
 10
1889.649961024182
 20
2473.802991567389
 30
0.0
 11
1897.983294357515
 21
2473.802991567389
 31
0.0
 12
1893.816627690848
 22
2448.802991567389
 32
0.0
 13
1893.816627690848
 23
2448.802991567389
 33
0.0
  0
MTEXT
  5
9B1
330
6A7
100
AcDbEntity
  8
РАЗМЕРЫ
440
 16777216
370
    13
390
55E
100
AcDbMText
 10
1893.816627690848
 20
2823.952016764064
 30
0.0
 40
30.0
 41
0.0
 46
0.0
 71
     5
 72
     1
  1
\A1;750
  7
ОФОРМИТЕЛЬ
 73
     1
 44
1.0
  0
POINT
  5
9B2
330
6A7
100
AcDbEntity
  8
DEFPOINTS
 62
     0
440
 16777216
390
55E
100
AcDbPoint
 10
1993.860508504138
 20
3199.101041960739
 30
0.0
  0
POINT
  5
9B3
330
6A7
100
AcDbEntity
  8
DEFPOINTS
 62
     0
440
 16777216
390
55E
100
AcDbPoint
 10
2374.812944035326
 20
2448.802991567389
 30
0.0
  0
POINT
  5
9B4
330
6A7
100
AcDbEntity
  8
DEFPOINTS
 62
     0
440
 16777216
390
55E
100
AcDbPoint
 10
1893.816627690848
 20
2448.802991567389
 30
0.0
  0
ENDBLK
  5
6A9
330
6A7
100
AcDbEntity
  8
0
100
AcDbBlockEnd
  0
BLOCK
  5
6B5
330
6B4
100
AcDbEntity
  8
0
100
AcDbBlockBegin
  2
*D65
 70
     1
 10
0.0
 20
0.0
 30
0.0
  3
*D65
  1

  0
LINE
  5
9B5
330
6B4
100
AcDbEntity
  8
РАЗМЕРЫ
440
 16777216
370
    -2
390
55E
100
AcDbLine
 10
2457.26742733113
 20
2667.807129028128
 30
0.0
 11
2481.985428804839
 21
2664.06274614897
 31
0.0
  0
LINE
  5
9B6
330
6B4
100
AcDbEntity
  8
РАЗМЕРЫ
440
 16777216
370
    -2
390
55E
100
AcDbLine
 10
2390.034463322988
 20
2677.991850459386
 30
0.0
 11
2365.316461849279
 21
2681.736233338545
 31
0.0
  0
MTEXT
  5
9B7
330
6B4
100
AcDbEntity
  8
РАЗМЕРЫ
440
 16777216
370
    13
390
55E
100
AcDbMText
 10
2566.211697525159
 20
2671.551511907344
 30
0.0
 40
30.0
 41
0.0
 46
0.0
 71
     5
 72
     1
  1
\A1;∅18
  7
ОФОРМИТЕЛЬ
 73
     1
 44
1.0
  0
SOLID
  5
9B8
330
6B4
100
AcDbEntity
  8
РАЗМЕРЫ
440
 16777216
390
55E
100
AcDbTrace
 10
2389.410399509795
 20
2673.872183547102
 30
0.0
 11
2390.658527136181
 21
2682.111517371671
 31
0.0
 12
2414.752464796697
 22
2674.247467580228
 32
0.0
 13
2414.752464796697
 23
2674.247467580228
 33
0.0
  0
SOLID
  5
9B9
330
6B4
100
AcDbEntity
  8
РАЗМЕРЫ
440
 16777216
390
55E
100
AcDbTrace
 10
2457.891491144323
 20
2671.926795940413
 30
0.0
 11
2456.643363517938
 21
2663.687462115843
 31
0.0
 12
2432.549425857422
 22
2671.551511907286
 32
0.0
 13
2432.549425857422
 23
2671.551511907286
 33
0.0
  0
LINE
  5
9BA
330
6B4
100
AcDbEntity
  8
РАЗМЕРЫ
440
 16777216
370
    -2
390
55E
100
AcDbLine
 10
2423.560945327059
 20
2672.899489743757
 30
0.0
 11
2423.74094532706
 21
2672.899489743757
 31
0.0
  0
LINE
  5
9BB
330
6B4
100
AcDbEntity
  8
РАЗМЕРЫ
440
 16777216
370
    -2
390
55E
100
AcDbLine
 10
2423.65094532706
 20
2672.809489743757
 30
0.0
 11
2423.65094532706
 21
2672.989489743757
 31
0.0
  0
POINT
  5
9BC
330
6B4
100
AcDbEntity
  8
DEFPOINTS
 62
     0
440
 16777216
390
55E
100
AcDbPoint
 10
2432.549425857422
 20
2671.551511907286
 30
0.0
  0
POINT
  5
9BD
330
6B4
100
AcDbEntity
  8
DEFPOINTS
 62
     0
440
 16777216
390
55E
100
AcDbPoint
 10
2414.752464796697
 20
2674.247467580228
 30
0.0
  0
ENDBLK
  5
6B6
330
6B4
100
AcDbEntity
  8
0
100
AcDbBlockEnd
  0
BLOCK
  5
6C1
330
6C0
100
AcDbEntity
  8
0
100
AcDbBlockBegin
  2
*D66
 70
     1
 10
0.0
 20
0.0
 30
0.0
  3
*D66
  1

  0
LINE
  5
9BE
330
6C0
100
AcDbEntity
  8
РАЗМЕРЫ
440
 16777216
370
    -2
390
55E
100
AcDbLine
 10
5175.556318208389
 20
3197.362025662971
 30
0.0
 11
5175.556318208389
 21
3358.100028335996
 31
0.0
  0
LINE
  5
9BF
330
6C0
100
AcDbEntity
  8
РАЗМЕРЫ
440
 16777216
370
    -2
390
55E
100
AcDbLine
 10
6699.597504312453
 20
2458.802991567389
 30
0.0
 11
6699.597504312453
 21
3358.100028335996
 31
0.0
  0
LINE
  5
9C0
330
6C0
100
AcDbEntity
  8
РАЗМЕРЫ
440
 16777216
370
    -2
390
55E
100
AcDbLine
 10
5200.55631820839
 20
3348.100028335995
 30
0.0
 11
5882.576911260422
 21
3348.100028335995
 31
0.0
  0
LINE
  5
9C1
330
6C0
100
AcDbEntity
  8
РАЗМЕРЫ
440
 16777216
370
    -2
390
55E
100
AcDbLine
 10
6674.597504312453
 20
3348.100028335995
 30
0.0
 11
5992.576911260421
 21
3348.100028335995
 31
0.0
  0
SOLID
  5
9C2
330
6C0
100
AcDbEntity
  8
РАЗМЕРЫ
440
 16777216
390
55E
100
AcDbTrace
 10
5200.55631820839
 20
3352.266695002662
 30
0.0
 11
5200.55631820839
 21
3343.933361669329
 31
0.0
 12
5175.556318208389
 22
3348.100028335995
 32
0.0
 13
5175.556318208389
 23
3348.100028335995
 33
0.0
  0
SOLID
  5
9C3
330
6C0
100
AcDbEntity
  8
РАЗМЕРЫ
440
 16777216
390
55E
100
AcDbTrace
 10
6674.597504312453
 20
3343.933361669329
 30
0.0
 11
6674.597504312453
 21
3352.266695002662
 31
0.0
 12
6699.597504312453
 22
3348.100028335995
 32
0.0
 13
6699.597504312453
 23
3348.100028335995
 33
0.0
  0
MTEXT
  5
9C4
330
6C0
100
AcDbEntity
  8
РАЗМЕРЫ
440
 16777216
370
    13
390
55E
100
AcDbMText
 10
5937.576911260421
 20
3348.100028335995
 30
0.0
 40
30.0
 41
0.0
 46
0.0
 71
     5
 72
     1
  1
\A1;1524
  7
ОФОРМИТЕЛЬ
 73
     1
 44
1.0
  0
POINT
  5
9C5
330
6C0
100
AcDbEntity
  8
DEFPOINTS
 62
     0
440
 16777216
390
55E
100
AcDbPoint
 10
5175.556318208389
 20
3187.362025662971
 30
0.0
  0
POINT
  5
9C6
330
6C0
100
AcDbEntity
  8
DEFPOINTS
 62
     0
440
 16777216
390
55E
100
AcDbPoint
 10
6699.597504312453
 20
2448.802991567389
 30
0.0
  0
POINT
  5
9C7
330
6C0
100
AcDbEntity
  8
DEFPOINTS
 62
     0
440
 16777216
390
55E
100
AcDbPoint
 10
6699.597504312453
 20
3348.100028335995
 30
0.0
  0
ENDBLK
  5
6C2
330
6C0
100
AcDbEntity
  8
0
100
AcDbBlockEnd
  0
BLOCK
  5
6CE
330
6CD
100
AcDbEntity
  8
0
100
AcDbBlockBegin
  2
*D67
 70
     1
 10
0.0
 20
0.0
 30
0.0
  3
*D67
  1

  0
LINE
  5
9C8
330
6CD
100
AcDbEntity
  8
РАЗМЕРЫ
440
 16777216
370
    -2
390
55E
100
AcDbLine
 10
6313.276390013565
 20
3187.362025662971
 30
0.0
 11
6854.414193305932
 21
3187.362025662971
 31
0.0
  0
LINE
  5
9C9
330
6CD
100
AcDbEntity
  8
РАЗМЕРЫ
440
 16777216
370
    -2
390
55E
100
AcDbLine
 10
6709.597504312452
 20
2448.802991567389
 30
0.0
 11
6854.414193305932
 21
2448.802991567389
 31
0.0
  0
LINE
  5
9CA
330
6CD
100
AcDbEntity
  8
РАЗМЕРЫ
440
 16777216
370
    -2
390
55E
100
AcDbLine
 10
6844.414193305933
 20
3162.362025662971
 30
0.0
 11
6844.414193305933
 21
2838.08250861518
 31
0.0
  0
LINE
  5
9CB
330
6CD
100
AcDbEntity
  8
РАЗМЕРЫ
440
 16777216
370
    -2
390
55E
100
AcDbLine
 10
6844.414193305933
 20
2473.802991567389
 30
0.0
 11
6844.414193305933
 21
2798.08250861518
 31
0.0
  0
SOLID
  5
9CC
330
6CD
100
AcDbEntity
  8
РАЗМЕРЫ
440
 16777216
390
55E
100
AcDbTrace
 10
6848.580859972599
 20
3162.362025662971
 30
0.0
 11
6840.247526639266
 21
3162.362025662971
 31
0.0
 12
6844.414193305933
 22
3187.362025662971
 32
0.0
 13
6844.414193305933
 23
3187.362025662971
 33
0.0
  0
SOLID
  5
9CD
330
6CD
100
AcDbEntity
  8
РАЗМЕРЫ
440
 16777216
390
55E
100
AcDbTrace
 10
6840.247526639266
 20
2473.802991567389
 30
0.0
 11
6848.580859972599
 21
2473.802991567389
 31
0.0
 12
6844.414193305933
 22
2448.802991567389
 32
0.0
 13
6844.414193305933
 23
2448.802991567389
 33
0.0
  0
MTEXT
  5
9CE
330
6CD
100
AcDbEntity
  8
РАЗМЕРЫ
440
 16777216
370
    13
390
55E
100
AcDbMText
 10
6844.414193305933
 20
2818.08250861518
 30
0.0
 40
30.0
 41
0.0
 46
0.0
 71
     5
 72
     1
  1
\A1;739
  7
ОФОРМИТЕЛЬ
 73
     1
 44
1.0
  0
POINT
  5
9CF
330
6CD
100
AcDbEntity
  8
DEFPOINTS
 62
     0
440
 16777216
390
55E
100
AcDbPoint
 10
6303.276390013565
 20
3187.362025662971
 30
0.0
  0
POINT
  5
9D0
330
6CD
100
AcDbEntity
  8
DEFPOINTS
 62
     0
440
 16777216
390
55E
100
AcDbPoint
 10
6699.597504312453
 20
2448.802991567389
 30
0.0
  0
POINT
  5
9D1
330
6CD
100
AcDbEntity
  8
DEFPOINTS
 62
     0
440
 16777216
390
55E
100
AcDbPoint
 10
6844.414193305933
 20
2448.802991567389
 30
0.0
  0
ENDBLK
  5
6CF
330
6CD
100
AcDbEntity
  8
0
100
AcDbBlockEnd
  0
BLOCK
  5
6DB
330
6DA
100
AcDbEntity
  8
0
100
AcDbBlockBegin
  2
*D68
 70
     1
 10
0.0
 20
0.0
 30
0.0
  3
*D68
  1

  0
LINE
  5
9D2
330
6DA
100
AcDbEntity
  8
РАЗМЕРЫ
440
 16777216
370
    -2
390
55E
100
AcDbLine
 10
5615.403663974443
 20
2580.977569459645
 30
0.0
 11
5661.323716902831
 21
2606.167104456214
 31
0.0
  0
LINE
  5
9D3
330
6DA
100
AcDbEntity
  8
РАЗМЕРЫ
440
 16777216
370
    -2
390
55E
100
AcDbLine
 10
5685.270061357134
 20
2453.612428889724
 30
0.0
 11
5731.190114285523
 21
2478.801963886294
 31
0.0
  0
LINE
  5
9D4
330
6DA
100
AcDbEntity
  8
РАЗМЕРЫ
440
 16777216
370
    -2
390
55E
100
AcDbLine
 10
5664.579795586924
 20
2579.438880579514
 30
0.0
 11
5676.518361790115
 21
2557.675096848919
 31
0.0
  0
LINE
  5
9D5
330
6DA
100
AcDbEntity
  8
РАЗМЕРЫ
440
 16777216
370
    -2
390
55E
100
AcDbLine
 10
5710.399006357938
 20
2495.911313118324
 30
0.0
 11
5698.460440154748
 21
2517.675096848919
 31
0.0
  0
SOLID
  5
9D6
330
6DA
100
AcDbEntity
  8
РАЗМЕРЫ
440
 16777216
390
55E
100
AcDbTrace
 10
5668.232926679317
 20
2581.442812797154
 30
0.0
 11
5660.92666449453
 21
2577.434948361874
 31
0.0
 12
5652.556202281085
 22
2601.357667133879
 32
0.0
 13
5652.556202281085
 23
2601.357667133879
 33
0.0
  0
SOLID
  5
9D7
330
6DA
100
AcDbEntity
  8
РАЗМЕРЫ
440
 16777216
390
55E
100
AcDbTrace
 10
5706.745875265545
 20
2493.907380900683
 30
0.0
 11
5714.052137450332
 21
2497.915245335964
 31
0.0
 12
5722.422599663777
 22
2473.992526563959
 32
0.0
 13
5722.422599663777
 23
2473.992526563959
 33
0.0
  0
MTEXT
  5
9D8
330
6DA
100
AcDbEntity
  8
РАЗМЕРЫ
440
 16777216
370
    13
390
55E
100
AcDbMText
 10
5687.489400972431
 20
2537.675096848919
 30
0.0
 40
30.0
 41
0.0
 46
0.0
 71
     5
 72
     1
  1
\A1;145
  7
ОФОРМИТЕЛЬ
 73
     1
 44
1.0
  0
POINT
  5
9D9
330
6DA
100
AcDbEntity
  8
DEFPOINTS
 62
     0
440
 16777216
390
55E
100
AcDbPoint
 10
5606.636149352697
 20
2576.168132137309
 30
0.0
  0
POINT
  5
9DA
330
6DA
100
AcDbEntity
  8
DEFPOINTS
 62
     0
440
 16777216
390
55E
100
AcDbPoint
 10
5676.502546735388
 20
2448.802991567389
 30
0.0
  0
POINT
  5
9DB
330
6DA
100
AcDbEntity
  8
DEFPOINTS
 62
     0
440
 16777216
390
55E
100
AcDbPoint
 10
5722.422599663777
 20
2473.992526563959
 30
0.0
  0
ENDBLK
  5
6DC
330
6DA
100
AcDbEntity
  8
0
100
AcDbBlockEnd
  0
BLOCK
  5
6E8
330
6E7
100
AcDbEntity
  8
0
100
AcDbBlockBegin
  2
*D69
 70
     1
 10
0.0
 20
0.0
 30
0.0
  3
*D69
  1

  0
LINE
  5
9DC
330
6E7
100
AcDbEntity
  8
РАЗМЕРЫ
440
 16777216
370
    -2
390
55E
100
AcDbLine
 10
5601.826712030368
 20
2584.935646759146
 30
0.0
 11
5560.883277810623
 21
2659.574764420521
 31
0.0
  0
LINE
  5
9DD
330
6E7
100
AcDbEntity
  8
РАЗМЕРЫ
440
 16777216
370
    -2
390
55E
100
AcDbLine
 10
5528.179589207667
 20
2544.536373251587
 30
0.0
 11
5487.236154987922
 21
2619.175490912962
 31
0.0
  0
LINE
  5
9DE
330
6E7
100
AcDbEntity
  8
РАЗМЕРЫ
440
 16777216
370
    -2
390
55E
100
AcDbLine
 10
5587.611501687327
 20
2662.830843104591
 30
0.0
 11
5609.530288241701
 21
2674.854436410412
 31
0.0
  0
LINE
  5
9DF
330
6E7
100
AcDbEntity
  8
РАЗМЕРЫ
440
 16777216
370
    -2
390
55E
100
AcDbLine
 10
5470.126805755875
 20
2598.384382985391
 30
0.0
 11
5448.208019201501
 21
2586.360789679571
 31
0.0
  0
SOLID
  5
9E0
330
6E7
100
AcDbEntity
  8
РАЗМЕРЫ
440
 16777216
390
55E
100
AcDbTrace
 10
5585.607569469689
 20
2666.483974196987
 30
0.0
 11
5589.615433904963
 21
2659.177712012196
 31
0.0
 12
5565.692715132952
 22
2650.80724979877
 32
0.0
 13
5565.692715132952
 23
2650.80724979877
 33
0.0
  0
SOLID
  5
9E1
330
6E7
100
AcDbEntity
  8
РАЗМЕРЫ
440
 16777216
390
55E
100
AcDbTrace
 10
5472.130737973513
 20
2594.731251892995
 30
0.0
 11
5468.122873538238
 21
2602.037514077787
 31
0.0
 12
5492.04559231025
 22
2610.407976291212
 32
0.0
 13
5492.04559231025
 23
2610.407976291212
 33
0.0
  0
MTEXT
  5
9E2
330
6E7
100
AcDbEntity
  8
РАЗМЕРЫ
440
 16777216
370
    13
390
55E
100
AcDbMText
 10
5528.869153721601
 20
2630.607613044991
 30
0.0
 40
30.0
 41
0.0
 46
0.0
 71
     5
 72
     1
  1
\A1;84
  7
ОФОРМИТЕЛЬ
 73
     1
 44
1.0
  0
POINT
  5
9E3
330
6E7
100
AcDbEntity
  8
DEFPOINTS
 62
     0
440
 16777216
390
55E
100
AcDbPoint
 10
5606.636149352697
 20
2576.168132137397
 30
0.0
  0
POINT
  5
9E4
330
6E7
100
AcDbEntity
  8
DEFPOINTS
 62
     0
440
 16777216
390
55E
100
AcDbPoint
 10
5532.989026529994
 20
2535.768858629837
 30
0.0
  0
POINT
  5
9E5
330
6E7
100
AcDbEntity
  8
DEFPOINTS
 62
     0
440
 16777216
390
55E
100
AcDbPoint
 10
5492.04559231025
 20
2610.407976291212
 30
0.0
  0
ENDBLK
  5
6E9
330
6E7
100
AcDbEntity
  8
0
100
AcDbBlockEnd
  0
BLOCK
  5
6F5
330
6F4
100
AcDbEntity
  8
0
100
AcDbBlockBegin
  2
*D70
 70
     1
 10
0.0
 20
0.0
 30
0.0
  3
*D70
  1

  0
LINE
  5
9E6
330
6F4
100
AcDbEntity
  8
РАЗМЕРЫ
440
 16777216
370
    -2
390
55E
100
AcDbLine
 10
5610.528255873518
 20
2596.699457986186
 30
0.0
 11
5616.135530030857
 21
2621.062513552442
 31
0.0
  0
MTEXT
  5
9E7
330
6F4
100
AcDbEntity
  8
РАЗМЕРЫ
440
 16777216
370
    13
390
55E
100
AcDbMText
 10
5664.513108161092
 20
2719.424402373674
 30
0.0
 40
30.0
 41
0.0
 46
0.0
 71
     5
 72
     1
  1
\A1;R10
  7
ОФОРМИТЕЛЬ
 73
     1
 44
1.0
  0
SOLID
  5
9E8
330
6F4
100
AcDbEntity
  8
РАЗМЕРЫ
440
 16777216
390
55E
100
AcDbTrace
 10
5606.467746612476
 20
2597.634003679076
 30
0.0
 11
5614.58876513456
 21
2595.764912293296
 31
0.0
 12
5604.92098171618
 22
2572.336402419931
 32
0.0
 13
5604.92098171618
 23
2572.336402419931
 33
0.0
  0
LINE
  5
9E9
330
6F4
100
AcDbEntity
  8
РАЗМЕРЫ
440
 16777216
370
    -2
390
55E
100
AcDbLine
 10
5602.588072053288
 20
2562.591180193622
 30
0.0
 11
5602.768072053288
 21
2562.591180193622
 31
0.0
  0
LINE
  5
9EA
330
6F4
100
AcDbEntity
  8
РАЗМЕРЫ
440
 16777216
370
    -2
390
55E
100
AcDbLine
 10
5602.678072053288
 20
2562.501180193622
 30
0.0
 11
5602.678072053288
 21
2562.681180193622
 31
0.0
  0
POINT
  5
9EB
330
6F4
100
AcDbEntity
  8
DEFPOINTS
 62
     0
440
 16777216
390
55E
100
AcDbPoint
 10
5604.92098171618
 20
2572.336402419931
 30
0.0
  0
POINT
  5
9EC
330
6F4
100
AcDbEntity
  8
DEFPOINTS
 62
     0
440
 16777216
390
55E
100
AcDbPoint
 10
5602.678072053288
 20
2562.591180193622
 30
0.0
  0
ENDBLK
  5
6F6
330
6F4
100
AcDbEntity
  8
0
100
AcDbBlockEnd
  0
BLOCK
  5
6FF
330
6FE
100
AcDbEntity
  8
0
100
AcDbBlockBegin
  2
*D71
 70
     1
 10
0.0
 20
0.0
 30
0.0
  3
*D71
  1

  0
LINE
  5
9ED
330
6FE
100
AcDbEntity
  8
РАЗМЕРЫ
440
 16777216
370
    -2
390
55E
100
AcDbLine
 10
6394.765836064726
 20
2701.980431973647
 30
0.0
 11
6394.058802692448
 21
2726.970432049887
 31
0.0
  0
LINE
  5
9EE
330
6FE
100
AcDbEntity
  8
РАЗМЕРЫ
440
 16777216
370
    -2
390
55E
100
AcDbLine
 10
6396.688966837319
 20
2634.007631766269
 30
0.0
 11
6397.396000209596
 21
2609.017631690028
 31
0.0
  0
MTEXT
  5
9EF
330
6FE
100
AcDbEntity
  8
РАЗМЕРЫ
440
 16777216
370
    13
390
55E
100
AcDbMText
 10
6184.765132271033
 20
2620.778782760672
 30
0.0
 40
30.0
 41
0.0
 46
0.0
 71
     5
 72
     1
  1
\A1;∅18
  7
ОФОРМИТЕЛЬ
 73
     1
 44
1.0
  0
SOLID
  5
9F0
330
6FE
100
AcDbEntity
  8
РАЗМЕРЫ
440
 16777216
390
55E
100
AcDbTrace
 10
6400.853966850025
 20
2634.125470661648
 30
0.0
 11
6392.523966824612
 21
2633.889792870889
 31
0.0
 12
6395.981933465042
 22
2658.997631842509
 32
0.0
 13
6395.981933465042
 23
2658.997631842509
 33
0.0
  0
SOLID
  5
9F1
330
6FE
100
AcDbEntity
  8
РАЗМЕРЫ
440
 16777216
390
55E
100
AcDbTrace
 10
6390.600836052019
 20
2701.862593078267
 30
0.0
 11
6398.930836077433
 21
2702.098270869026
 31
0.0
 12
6395.472869437003
 22
2676.990431897406
 32
0.0
 13
6395.472869437003
 23
2676.990431897406
 33
0.0
  0
LINE
  5
9F2
330
6FE
100
AcDbEntity
  8
РАЗМЕРЫ
440
 16777216
370
    -2
390
55E
100
AcDbLine
 10
6395.637401451022
 20
2667.994031869957
 30
0.0
 11
6395.817401451022
 21
2667.994031869957
 31
0.0
  0
LINE
  5
9F3
330
6FE
100
AcDbEntity
  8
РАЗМЕРЫ
440
 16777216
370
    -2
390
55E
100
AcDbLine
 10
6395.727401451022
 20
2667.904031869957
 30
0.0
 11
6395.727401451022
 21
2668.084031869958
 31
0.0
  0
POINT
  5
9F4
330
6FE
100
AcDbEntity
  8
DEFPOINTS
 62
     0
440
 16777216
390
55E
100
AcDbPoint
 10
6395.472869437003
 20
2676.990431897406
 30
0.0
  0
POINT
  5
9F5
330
6FE
100
AcDbEntity
  8
DEFPOINTS
 62
     0
440
 16777216
390
55E
100
AcDbPoint
 10
6395.981933465042
 20
2658.997631842509
 30
0.0
  0
ENDBLK
  5
700
330
6FE
100
AcDbEntity
  8
0
100
AcDbBlockEnd
  0
BLOCK
  5
70B
330
70A
100
AcDbEntity
  8
0
100
AcDbBlockBegin
  2
*D72
 70
     1
 10
0.0
 20
0.0
 30
0.0
  3
*D72
  1

  0
LINE
  5
9F6
330
70A
100
AcDbEntity
  8
РАЗМЕРЫ
440
 16777216
370
    -2
390
55E
100
AcDbLine
 10
2051.931553840452
 20
1921.650746519421
 30
0.0
 11
2051.931553840452
 21
2016.977921490243
 31
0.0
  0
LINE
  5
9F7
330
70A
100
AcDbEntity
  8
РАЗМЕРЫ
440
 16777216
370
    -2
390
55E
100
AcDbLine
 10
3867.779245972914
 20
1171.256211019156
 30
0.0
 11
3867.779245972914
 21
2016.977921490243
 31
0.0
  0
LINE
  5
9F8
330
70A
100
AcDbEntity
  8
РАЗМЕРЫ
440
 16777216
370
    -2
390
55E
100
AcDbLine
 10
2076.931553840452
 20
2006.977921490243
 30
0.0
 11
2909.855399906683
 21
2006.977921490243
 31
0.0
  0
LINE
  5
9F9
330
70A
100
AcDbEntity
  8
РАЗМЕРЫ
440
 16777216
370
    -2
390
55E
100
AcDbLine
 10
3842.779245972913
 20
2006.977921490243
 30
0.0
 11
3009.855399906683
 21
2006.977921490243
 31
0.0
  0
SOLID
  5
9FA
330
70A
100
AcDbEntity
  8
РАЗМЕРЫ
440
 16777216
390
55E
100
AcDbTrace
 10
2076.931553840452
 20
2011.14458815691
 30
0.0
 11
2076.931553840452
 21
2002.811254823576
 31
0.0
 12
2051.931553840452
 22
2006.977921490243
 32
0.0
 13
2051.931553840452
 23
2006.977921490243
 33
0.0
  0
SOLID
  5
9FB
330
70A
100
AcDbEntity
  8
РАЗМЕРЫ
440
 16777216
390
55E
100
AcDbTrace
 10
3842.779245972913
 20
2002.811254823576
 30
0.0
 11
3842.779245972913
 21
2011.14458815691
 31
0.0
 12
3867.779245972914
 22
2006.977921490243
 32
0.0
 13
3867.779245972914
 23
2006.977921490243
 33
0.0
  0
MTEXT
  5
9FC
330
70A
100
AcDbEntity
  8
РАЗМЕРЫ
440
 16777216
370
    13
390
55E
100
AcDbMText
 10
2959.855399906683
 20
2006.977921490243
 30
0.0
 40
30.0
 41
0.0
 46
0.0
 71
     5
 72
     1
  1
\A1;1816
  7
ОФОРМИТЕЛЬ
 73
     1
 44
1.0
  0
POINT
  5
9FD
330
70A
100
AcDbEntity
  8
DEFPOINTS
 62
     0
440
 16777216
390
55E
100
AcDbPoint
 10
2051.931553840452
 20
1911.650746519421
 30
0.0
  0
POINT
  5
9FE
330
70A
100
AcDbEntity
  8
DEFPOINTS
 62
     0
440
 16777216
390
55E
100
AcDbPoint
 10
3867.779245972914
 20
1161.256211019155
 30
0.0
  0
POINT
  5
9FF
330
70A
100
AcDbEntity
  8
DEFPOINTS
 62
     0
440
 16777216
390
55E
100
AcDbPoint
 10
3867.779245972914
 20
2006.977921490243
 30
0.0
  0
ENDBLK
  5
70C
330
70A
100
AcDbEntity
  8
0
100
AcDbBlockEnd
  0
BLOCK
  5
718
330
717
100
AcDbEntity
  8
0
100
AcDbBlockBegin
  2
*D73
 70
     1
 10
0.0
 20
0.0
 30
0.0
  3
*D73
  1

  0
LINE
  5
A00
330
717
100
AcDbEntity
  8
РАЗМЕРЫ
440
 16777216
370
    -2
390
55E
100
AcDbLine
 10
3497.168477134128
 20
1911.650746519421
 30
0.0
 11
3985.185779994634
 21
1911.650746519421
 31
0.0
  0
LINE
  5
A01
330
717
100
AcDbEntity
  8
РАЗМЕРЫ
440
 16777216
370
    -2
390
55E
100
AcDbLine
 10
3877.779245972913
 20
1161.256211019155
 30
0.0
 11
3985.185779994634
 21
1161.256211019155
 31
0.0
  0
LINE
  5
A02
330
717
100
AcDbEntity
  8
РАЗМЕРЫ
440
 16777216
370
    -2
390
55E
100
AcDbLine
 10
3975.185779994634
 20
1886.650746519421
 30
0.0
 11
3975.185779994634
 21
1556.453478769288
 31
0.0
  0
LINE
  5
A03
330
717
100
AcDbEntity
  8
РАЗМЕРЫ
440
 16777216
370
    -2
390
55E
100
AcDbLine
 10
3975.185779994634
 20
1186.256211019156
 30
0.0
 11
3975.185779994634
 21
1516.453478769288
 31
0.0
  0
SOLID
  5
A04
330
717
100
AcDbEntity
  8
РАЗМЕРЫ
440
 16777216
390
55E
100
AcDbTrace
 10
3979.3524466613
 20
1886.650746519421
 30
0.0
 11
3971.019113327967
 21
1886.650746519421
 31
0.0
 12
3975.185779994634
 22
1911.650746519421
 32
0.0
 13
3975.185779994634
 23
1911.650746519421
 33
0.0
  0
SOLID
  5
A05
330
717
100
AcDbEntity
  8
РАЗМЕРЫ
440
 16777216
390
55E
100
AcDbTrace
 10
3971.019113327967
 20
1186.256211019156
 30
0.0
 11
3979.3524466613
 21
1186.256211019156
 31
0.0
 12
3975.185779994634
 22
1161.256211019155
 32
0.0
 13
3975.185779994634
 23
1161.256211019155
 33
0.0
  0
MTEXT
  5
A06
330
717
100
AcDbEntity
  8
РАЗМЕРЫ
440
 16777216
370
    13
390
55E
100
AcDbMText
 10
3975.185779994634
 20
1536.453478769288
 30
0.0
 40
30.0
 41
0.0
 46
0.0
 71
     5
 72
     1
  1
\A1;750
  7
ОФОРМИТЕЛЬ
 73
     1
 44
1.0
  0
POINT
  5
A07
330
717
100
AcDbEntity
  8
DEFPOINTS
 62
     0
440
 16777216
390
55E
100
AcDbPoint
 10
3487.168477134128
 20
1911.650746519421
 30
0.0
  0
POINT
  5
A08
330
717
100
AcDbEntity
  8
DEFPOINTS
 62
     0
440
 16777216
390
55E
100
AcDbPoint
 10
3867.779245972914
 20
1161.256211019155
 30
0.0
  0
POINT
  5
A09
330
717
100
AcDbEntity
  8
DEFPOINTS
 62
     0
440
 16777216
390
55E
100
AcDbPoint
 10
3975.185779994634
 20
1161.256211019155
 30
0.0
  0
ENDBLK
  5
719
330
717
100
AcDbEntity
  8
0
100
AcDbBlockEnd
  0
BLOCK
  5
725
330
724
100
AcDbEntity
  8
0
100
AcDbBlockBegin
  2
*D74
 70
     1
 10
0.0
 20
0.0
 30
0.0
  3
*D74
  1

  0
LINE
  5
A0A
330
724
100
AcDbEntity
  8
РАЗМЕРЫ
440
 16777216
370
    -2
390
55E
100
AcDbLine
 10
2379.789548743163
 20
1265.261132936802
 30
0.0
 11
2347.79675619035
 21
1328.336638604018
 31
0.0
  0
LINE
  5
A0B
330
724
100
AcDbEntity
  8
РАЗМЕРЫ
440
 16777216
370
    -2
390
55E
100
AcDbLine
 10
2454.704009383563
 20
1303.25881164142
 30
0.0
 11
2422.71121683075
 21
1366.334317308635
 31
0.0
  0
LINE
  5
A0C
330
724
100
AcDbEntity
  8
РАЗМЕРЫ
440
 16777216
370
    -2
390
55E
100
AcDbLine
 10
2330.024318940757
 20
1308.109417484712
 30
0.0
 11
2307.728348512037
 21
1296.800584536894
 31
0.0
  0
LINE
  5
A0D
330
724
100
AcDbEntity
  8
РАЗМЕРЫ
440
 16777216
370
    -2
390
55E
100
AcDbLine
 10
2449.530720438598
 20
1368.724762084965
 30
0.0
 11
2471.826690867318
 21
1380.033595032783
 31
0.0
  0
SOLID
  5
A0E
330
724
100
AcDbEntity
  8
РАЗМЕРЫ
440
 16777216
390
55E
100
AcDbTrace
 10
2331.90912443206
 20
1304.393422413258
 30
0.0
 11
2328.139513449454
 21
1311.825412556165
 31
0.0
 12
2352.320289369477
 22
1319.41825043253
 32
0.0
 13
2352.320289369477
 23
1319.41825043253
 33
0.0
  0
SOLID
  5
A0F
330
724
100
AcDbEntity
  8
РАЗМЕРЫ
440
 16777216
390
55E
100
AcDbTrace
 10
2447.645914947295
 20
1372.440757156419
 30
0.0
 11
2451.415525929901
 21
1365.008767013512
 31
0.0
 12
2427.234750009878
 22
1357.415929137148
 32
0.0
 13
2427.234750009878
 23
1357.415929137148
 33
0.0
  0
MTEXT
  5
A10
330
724
100
AcDbEntity
  8
РАЗМЕРЫ
440
 16777216
370
    13
390
55E
100
AcDbMText
 10
2389.777519689677
 20
1338.417089784839
 30
0.0
 40
30.0
 41
0.0
 46
0.0
 71
     5
 72
     1
  1
\A1;84
  7
ОФОРМИТЕЛЬ
 73
     1
 44
1.0
  0
POINT
  5
A11
330
724
100
AcDbEntity
  8
DEFPOINTS
 62
     0
440
 16777216
390
55E
100
AcDbPoint
 10
2384.313081922289
 20
1256.342744765314
 30
0.0
  0
POINT
  5
A12
330
724
100
AcDbEntity
  8
DEFPOINTS
 62
     0
440
 16777216
390
55E
100
AcDbPoint
 10
2459.227542562691
 20
1294.340423469932
 30
0.0
  0
POINT
  5
A13
330
724
100
AcDbEntity
  8
DEFPOINTS
 62
     0
440
 16777216
390
55E
100
AcDbPoint
 10
2427.234750009878
 20
1357.415929137148
 30
0.0
  0
ENDBLK
  5
726
330
724
100
AcDbEntity
  8
0
100
AcDbBlockEnd
  0
BLOCK
  5
732
330
731
100
AcDbEntity
  8
0
100
AcDbBlockBegin
  2
*D75
 70
     1
 10
0.0
 20
0.0
 30
0.0
  3
*D75
  1

  0
LINE
  5
A14
330
731
100
AcDbEntity
  8
РАЗМЕРЫ
440
 16777216
370
    -2
390
55E
100
AcDbLine
 10
2468.145930734177
 20
1298.863956648917
 30
0.0
 11
2543.145705156675
 21
1336.904907715854
 31
0.0
  0
LINE
  5
A15
330
731
100
AcDbEntity
  8
РАЗМЕРЫ
440
 16777216
370
    -2
390
55E
100
AcDbLine
 10
2535.648133942105
 20
1165.779744198286
 30
0.0
 11
2610.647908364604
 21
1203.820695265223
 31
0.0
  0
LINE
  5
A16
330
731
100
AcDbEntity
  8
РАЗМЕРЫ
440
 16777216
370
    -2
390
55E
100
AcDbLine
 10
2545.536149933016
 20
1310.085404108008
 30
0.0
 11
2557.83413446034
 21
1285.839268311408
 31
0.0
  0
LINE
  5
A17
330
731
100
AcDbEntity
  8
РАЗМЕРЫ
440
 16777216
370
    -2
390
55E
100
AcDbLine
 10
2590.420687245292
 20
1221.593132514808
 30
0.0
 11
2578.122702717967
 21
1245.839268311408
 31
0.0
  0
SOLID
  5
A18
330
731
100
AcDbEntity
  8
РАЗМЕРЫ
440
 16777216
390
55E
100
AcDbTrace
 10
2549.252145004468
 20
1311.970209599312
 30
0.0
 11
2541.820154861563
 21
1308.200598616703
 31
0.0
 12
2534.22731698519
 22
1332.381374536723
 32
0.0
 13
2534.22731698519
 23
1332.381374536723
 33
0.0
  0
SOLID
  5
A19
330
731
100
AcDbEntity
  8
РАЗМЕРЫ
440
 16777216
390
55E
100
AcDbTrace
 10
2586.704692173839
 20
1219.708327023504
 30
0.0
 11
2594.136682316745
 21
1223.477938006113
 31
0.0
 12
2601.729520193118
 22
1199.297162086093
 32
0.0
 13
2601.729520193118
 23
1199.297162086093
 33
0.0
  0
MTEXT
  5
A1A
330
731
100
AcDbEntity
  8
РАЗМЕРЫ
440
 16777216
370
    13
390
55E
100
AcDbMText
 10
2567.978418589154
 20
1265.839268311408
 30
0.0
 40
30.0
 41
0.0
 46
0.0
 71
     5
 72
     1
  1
\A1;149
  7
ОФОРМИТЕЛЬ
 73
     1
 44
1.0
  0
POINT
  5
A1B
330
731
100
AcDbEntity
  8
DEFPOINTS
 62
     0
440
 16777216
390
55E
100
AcDbPoint
 10
2459.227542562691
 20
1294.340423469786
 30
0.0
  0
POINT
  5
A1C
330
731
100
AcDbEntity
  8
DEFPOINTS
 62
     0
440
 16777216
390
55E
100
AcDbPoint
 10
2526.729745770619
 20
1161.256211019155
 30
0.0
  0
POINT
  5
A1D
330
731
100
AcDbEntity
  8
DEFPOINTS
 62
     0
440
 16777216
390
55E
100
AcDbPoint
 10
2601.729520193118
 20
1199.297162086093
 30
0.0
  0
ENDBLK
  5
733
330
731
100
AcDbEntity
  8
0
100
AcDbBlockEnd
  0
BLOCK
  5
73F
330
73E
100
AcDbEntity
  8
0
100
AcDbBlockBegin
  2
*D76
 70
     1
 10
0.0
 20
0.0
 30
0.0
  3
*D76
  1

  0
LINE
  5
A1E
330
73E
100
AcDbEntity
  8
РАЗМЕРЫ
440
 16777216
370
    -2
390
55E
100
AcDbLine
 10
2468.398735865345
 20
1313.162450012311
 30
0.0
 11
2478.088770361988
 21
1336.208127078821
 31
0.0
  0
MTEXT
  5
A1F
330
73E
100
AcDbEntity
  8
РАЗМЕРЫ
440
 16777216
370
    13
390
55E
100
AcDbMText
 10
2510.830241396838
 20
1373.435122037865
 30
0.0
 40
30.0
 41
0.0
 46
0.0
 71
     5
 72
     1
  1
\A1;R10
  7
ОФОРМИТЕЛЬ
 73
     1
 44
1.0
  0
SOLID
  5
A20
330
73E
100
AcDbEntity
  8
РАЗМЕРЫ
440
 16777216
390
55E
100
AcDbTrace
 10
2464.557789687594
 20
1314.777455761752
 30
0.0
 11
2472.239682043096
 21
1311.54744426287
 31
0.0
 12
2458.708701368701
 22
1290.116772945801
 32
0.0
 13
2458.708701368701
 23
1290.116772945801
 33
0.0
  0
LINE
  5
A21
330
73E
100
AcDbEntity
  8
РАЗМЕРЫ
440
 16777216
370
    -2
390
55E
100
AcDbLine
 10
2454.742687570063
 20
1280.89850211924
 30
0.0
 11
2454.922687570063
 21
1280.89850211924
 31
0.0
  0
LINE
  5
A22
330
73E
100
AcDbEntity
  8
РАЗМЕРЫ
440
 16777216
370
    -2
390
55E
100
AcDbLine
 10
2454.832687570063
 20
1280.80850211924
 30
0.0
 11
2454.832687570063
 21
1280.98850211924
 31
0.0
  0
POINT
  5
A23
330
73E
100
AcDbEntity
  8
DEFPOINTS
 62
     0
440
 16777216
390
55E
100
AcDbPoint
 10
2458.708701368701
 20
1290.116772945801
 30
0.0
  0
POINT
  5
A24
330
73E
100
AcDbEntity
  8
DEFPOINTS
 62
     0
440
 16777216
390
55E
100
AcDbPoint
 10
2454.832687570063
 20
1280.89850211924
 30
0.0
  0
ENDBLK
  5
740
330
73E
100
AcDbEntity
  8
0
100
AcDbBlockEnd
  0
BLOCK
  5
749
330
748
100
AcDbEntity
  8
0
100
AcDbBlockBegin
  2
*D77
 70
     1
 10
0.0
 20
0.0
 30
0.0
  3
*D77
  1

  0
LINE
  5
A25
330
748
100
AcDbEntity
  8
РАЗМЕРЫ
440
 16777216
370
    -2
390
55E
100
AcDbLine
 10
3574.267838131714
 20
1418.865757669537
 30
0.0
 11
3566.195798486347
 21
1442.526741925557
 31
0.0
  0
LINE
  5
A26
330
748
100
AcDbEntity
  8
РАЗМЕРЫ
440
 16777216
370
    -2
390
55E
100
AcDbLine
 10
3596.223785967117
 20
1354.507880493154
 30
0.0
 11
3604.295825612485
 21
1330.846896237134
 31
0.0
  0
MTEXT
  5
A27
330
748
100
AcDbEntity
  8
РАЗМЕРЫ
440
 16777216
370
    13
390
55E
100
AcDbMText
 10
3396.90173985092
 20
1388.652823053335
 30
0.0
 40
30.0
 41
0.0
 46
0.0
 71
     5
 72
     1
  1
\A1;∅18
  7
ОФОРМИТЕЛЬ
 73
     1
 44
1.0
  0
SOLID
  5
A28
330
748
100
AcDbEntity
  8
РАЗМЕРЫ
440
 16777216
390
55E
100
AcDbTrace
 10
3600.167283343121
 20
1355.853220434048
 30
0.0
 11
3592.280288591114
 21
1353.162540552259
 31
0.0
 12
3588.15174632175
 22
1378.168864749174
 32
0.0
 13
3588.15174632175
 23
1378.168864749174
 33
0.0
  0
SOLID
  5
A29
330
748
100
AcDbEntity
  8
РАЗМЕРЫ
440
 16777216
390
55E
100
AcDbTrace
 10
3570.324340755711
 20
1417.520417728643
 30
0.0
 11
3578.211335507718
 21
1420.211097610432
 31
0.0
 12
3582.339877777082
 22
1395.204773413517
 32
0.0
 13
3582.339877777082
 23
1395.204773413517
 33
0.0
  0
LINE
  5
A2A
330
748
100
AcDbEntity
  8
РАЗМЕРЫ
440
 16777216
370
    -2
390
55E
100
AcDbLine
 10
3585.155812049416
 20
1386.686819081346
 30
0.0
 11
3585.335812049416
 21
1386.686819081346
 31
0.0
  0
LINE
  5
A2B
330
748
100
AcDbEntity
  8
РАЗМЕРЫ
440
 16777216
370
    -2
390
55E
100
AcDbLine
 10
3585.245812049416
 20
1386.596819081346
 30
0.0
 11
3585.245812049416
 21
1386.776819081345
 31
0.0
  0
POINT
  5
A2C
330
748
100
AcDbEntity
  8
DEFPOINTS
 62
     0
440
 16777216
390
55E
100
AcDbPoint
 10
3582.339877777082
 20
1395.204773413517
 30
0.0
  0
POINT
  5
A2D
330
748
100
AcDbEntity
  8
DEFPOINTS
 62
     0
440
 16777216
390
55E
100
AcDbPoint
 10
3588.15174632175
 20
1378.168864749174
 30
0.0
  0
ENDBLK
  5
74A
330
748
100
AcDbEntity
  8
0
100
AcDbBlockEnd
  0
BLOCK
  5
755
330
754
100
AcDbEntity
  8
0
100
AcDbBlockBegin
  2
*D78
 70
     1
 10
0.0
 20
0.0
 30
0.0
  3
*D78
  1

  0
LINE
  5
A2E
330
754
100
AcDbEntity
  8
РАЗМЕРЫ
440
 16777216
370
    -2
390
55E
100
AcDbLine
 10
6351.477581965085
 20
1921.650746519421
 30
0.0
 11
6351.477581965085
 21
1997.097052788688
 31
0.0
  0
LINE
  5
A2F
330
754
100
AcDbEntity
  8
РАЗМЕРЫ
440
 16777216
370
    -2
390
55E
100
AcDbLine
 10
4535.62988983309
 20
1171.256211019156
 30
0.0
 11
4535.62988983309
 21
1997.097052788688
 31
0.0
  0
LINE
  5
A30
330
754
100
AcDbEntity
  8
РАЗМЕРЫ
440
 16777216
370
    -2
390
55E
100
AcDbLine
 10
6326.477581965086
 20
1987.097052788687
 30
0.0
 11
5493.553735899087
 21
1987.097052788687
 31
0.0
  0
LINE
  5
A31
330
754
100
AcDbEntity
  8
РАЗМЕРЫ
440
 16777216
370
    -2
390
55E
100
AcDbLine
 10
4560.62988983309
 20
1987.097052788687
 30
0.0
 11
5393.553735899088
 21
1987.097052788687
 31
0.0
  0
SOLID
  5
A32
330
754
100
AcDbEntity
  8
РАЗМЕРЫ
440
 16777216
390
55E
100
AcDbTrace
 10
6326.477581965086
 20
1982.930386122021
 30
0.0
 11
6326.477581965086
 21
1991.263719455354
 31
0.0
 12
6351.477581965085
 22
1987.097052788687
 32
0.0
 13
6351.477581965085
 23
1987.097052788687
 33
0.0
  0
SOLID
  5
A33
330
754
100
AcDbEntity
  8
РАЗМЕРЫ
440
 16777216
390
55E
100
AcDbTrace
 10
4560.62988983309
 20
1991.263719455354
 30
0.0
 11
4560.62988983309
 21
1982.930386122021
 31
0.0
 12
4535.62988983309
 22
1987.097052788687
 32
0.0
 13
4535.62988983309
 23
1987.097052788687
 33
0.0
  0
MTEXT
  5
A34
330
754
100
AcDbEntity
  8
РАЗМЕРЫ
440
 16777216
370
    13
390
55E
100
AcDbMText
 10
5443.553735899087
 20
1987.097052788687
 30
0.0
 40
30.0
 41
0.0
 46
0.0
 71
     5
 72
     1
  1
\A1;1816
  7
ОФОРМИТЕЛЬ
 73
     1
 44
1.0
  0
POINT
  5
A35
330
754
100
AcDbEntity
  8
DEFPOINTS
 62
     0
440
 16777216
390
55E
100
AcDbPoint
 10
6351.477581965085
 20
1911.650746519421
 30
0.0
  0
POINT
  5
A36
330
754
100
AcDbEntity
  8
DEFPOINTS
 62
     0
440
 16777216
390
55E
100
AcDbPoint
 10
4535.62988983309
 20
1161.256211019155
 30
0.0
  0
POINT
  5
A37
330
754
100
AcDbEntity
  8
DEFPOINTS
 62
     0
440
 16777216
390
55E
100
AcDbPoint
 10
4535.62988983309
 20
1987.097052788687
 30
0.0
  0
ENDBLK
  5
756
330
754
100
AcDbEntity
  8
0
100
AcDbBlockEnd
  0
BLOCK
  5
762
330
761
100
AcDbEntity
  8
0
100
AcDbBlockBegin
  2
*D79
 70
     1
 10
0.0
 20
0.0
 30
0.0
  3
*D79
  1

  0
LINE
  5
A38
330
761
100
AcDbEntity
  8
РАЗМЕРЫ
440
 16777216
370
    -2
390
55E
100
AcDbLine
 10
4906.723103754036
 20
1911.650746519421
 30
0.0
 11
4350.37286186712
 21
1911.650746519421
 31
0.0
  0
LINE
  5
A39
330
761
100
AcDbEntity
  8
РАЗМЕРЫ
440
 16777216
370
    -2
390
55E
100
AcDbLine
 10
4525.62988983309
 20
1161.256211019155
 30
0.0
 11
4350.37286186712
 21
1161.256211019155
 31
0.0
  0
LINE
  5
A3A
330
761
100
AcDbEntity
  8
РАЗМЕРЫ
440
 16777216
370
    -2
390
55E
100
AcDbLine
 10
4360.372861867118
 20
1886.650746519421
 30
0.0
 11
4360.372861867118
 21
1556.453478769288
 31
0.0
  0
LINE
  5
A3B
330
761
100
AcDbEntity
  8
РАЗМЕРЫ
440
 16777216
370
    -2
390
55E
100
AcDbLine
 10
4360.372861867118
 20
1186.256211019156
 30
0.0
 11
4360.372861867118
 21
1516.453478769288
 31
0.0
  0
SOLID
  5
A3C
330
761
100
AcDbEntity
  8
РАЗМЕРЫ
440
 16777216
390
55E
100
AcDbTrace
 10
4364.539528533786
 20
1886.650746519421
 30
0.0
 11
4356.206195200452
 21
1886.650746519421
 31
0.0
 12
4360.372861867118
 22
1911.650746519421
 32
0.0
 13
4360.372861867118
 23
1911.650746519421
 33
0.0
  0
SOLID
  5
A3D
330
761
100
AcDbEntity
  8
РАЗМЕРЫ
440
 16777216
390
55E
100
AcDbTrace
 10
4356.206195200452
 20
1186.256211019156
 30
0.0
 11
4364.539528533786
 21
1186.256211019156
 31
0.0
 12
4360.372861867118
 22
1161.256211019155
 32
0.0
 13
4360.372861867118
 23
1161.256211019155
 33
0.0
  0
MTEXT
  5
A3E
330
761
100
AcDbEntity
  8
РАЗМЕРЫ
440
 16777216
370
    13
390
55E
100
AcDbMText
 10
4360.372861867118
 20
1536.453478769288
 30
0.0
 40
30.0
 41
0.0
 46
0.0
 71
     5
 72
     1
  1
\A1;750
  7
ОФОРМИТЕЛЬ
 73
     1
 44
1.0
  0
POINT
  5
A3F
330
761
100
AcDbEntity
  8
DEFPOINTS
 62
     0
440
 16777216
390
55E
100
AcDbPoint
 10
4916.723103754037
 20
1911.650746519421
 30
0.0
  0
POINT
  5
A40
330
761
100
AcDbEntity
  8
DEFPOINTS
 62
     0
440
 16777216
390
55E
100
AcDbPoint
 10
4535.62988983309
 20
1161.256211019155
 30
0.0
  0
POINT
  5
A41
330
761
100
AcDbEntity
  8
DEFPOINTS
 62
     0
440
 16777216
390
55E
100
AcDbPoint
 10
4360.372861867118
 20
1161.256211019155
 30
0.0
  0
ENDBLK
  5
763
330
761
100
AcDbEntity
  8
0
100
AcDbBlockEnd
  0
BLOCK
  5
76F
330
76E
100
AcDbEntity
  8
0
100
AcDbBlockBegin
  2
*D80
 70
     1
 10
0.0
 20
0.0
 30
0.0
  3
*D80
  1

  0
LINE
  5
A42
330
76E
100
AcDbEntity
  8
РАЗМЕРЫ
440
 16777216
370
    -2
390
55E
100
AcDbLine
 10
5825.145512060696
 20
1420.527261695265
 30
0.0
 11
5822.726356007279
 21
1445.409940087858
 31
0.0
  0
LINE
  5
A43
330
76E
100
AcDbEntity
  8
РАЗМЕРЫ
440
 16777216
370
    -2
390
55E
100
AcDbLine
 10
5831.725616525986
 20
1352.846376467426
 30
0.0
 11
5834.144772579403
 21
1327.963698074833
 31
0.0
  0
MTEXT
  5
A44
330
76E
100
AcDbEntity
  8
РАЗМЕРЫ
440
 16777216
370
    13
390
55E
100
AcDbMText
 10
5690.732003975008
 20
1387.672017534705
 30
0.0
 40
30.0
 41
0.0
 46
0.0
 71
     5
 72
     1
  1
\A1;∅18
  7
ОФОРМИТЕЛЬ
 73
     1
 44
1.0
  0
SOLID
  5
A45
330
76E
100
AcDbEntity
  8
РАЗМЕРЫ
440
 16777216
390
55E
100
AcDbTrace
 10
5835.872729591418
 20
1353.249569142995
 30
0.0
 11
5827.578503460554
 21
1352.443183791857
 31
0.0
 12
5829.30646047257
 22
1377.729054860019
 32
0.0
 13
5829.30646047257
 23
1377.729054860019
 33
0.0
  0
SOLID
  5
A46
330
76E
100
AcDbEntity
  8
РАЗМЕРЫ
440
 16777216
390
55E
100
AcDbTrace
 10
5820.998398995263
 20
1420.124069019696
 30
0.0
 11
5829.292625126127
 21
1420.930454370834
 31
0.0
 12
5827.564668114112
 22
1395.644583302672
 32
0.0
 13
5827.564668114112
 23
1395.644583302672
 33
0.0
  0
LINE
  5
A47
330
76E
100
AcDbEntity
  8
РАЗМЕРЫ
440
 16777216
370
    -2
390
55E
100
AcDbLine
 10
5828.34556429334
 20
1386.686819081346
 30
0.0
 11
5828.52556429334
 21
1386.686819081346
 31
0.0
  0
LINE
  5
A48
330
76E
100
AcDbEntity
  8
РАЗМЕРЫ
440
 16777216
370
    -2
390
55E
100
AcDbLine
 10
5828.43556429334
 20
1386.596819081346
 30
0.0
 11
5828.43556429334
 21
1386.776819081345
 31
0.0
  0
POINT
  5
A49
330
76E
100
AcDbEntity
  8
DEFPOINTS
 62
     0
440
 16777216
390
55E
100
AcDbPoint
 10
5827.564668114112
 20
1395.644583302672
 30
0.0
  0
POINT
  5
A4A
330
76E
100
AcDbEntity
  8
DEFPOINTS
 62
     0
440
 16777216
390
55E
100
AcDbPoint
 10
5829.30646047257
 20
1377.729054860019
 30
0.0
  0
ENDBLK
  5
770
330
76E
100
AcDbEntity
  8
0
100
AcDbBlockEnd
  0
BLOCK
  5
77B
330
77A
100
AcDbEntity
  8
0
100
AcDbBlockBegin
  2
*D81
 70
     1
 10
0.0
 20
0.0
 30
0.0
  3
*D81
  1

  0
LINE
  5
A4B
330
77A
100
AcDbEntity
  8
РАЗМЕРЫ
440
 16777216
370
    -2
390
55E
100
AcDbLine
 10
3710.903109684867
 20
824.1255548928512
 30
0.0
 11
3710.903109684867
 21
927.3264795069172
 31
0.0
  0
LINE
  5
A4C
330
77A
100
AcDbEntity
  8
РАЗМЕРЫ
440
 16777216
370
    -2
390
55E
100
AcDbLine
 10
4675.903109684866
 20
824.1255548928512
 30
0.0
 11
4675.903109684866
 21
927.3264795069172
 31
0.0
  0
LINE
  5
A4D
330
77A
100
AcDbEntity
  8
РАЗМЕРЫ
440
 16777216
370
    -2
390
55E
100
AcDbLine
 10
3735.903109684867
 20
917.3264795069171
 30
0.0
 11
4148.403109684866
 21
917.3264795069171
 31
0.0
  0
LINE
  5
A4E
330
77A
100
AcDbEntity
  8
РАЗМЕРЫ
440
 16777216
370
    -2
390
55E
100
AcDbLine
 10
4650.903109684866
 20
917.3264795069171
 30
0.0
 11
4238.403109684866
 21
917.3264795069171
 31
0.0
  0
SOLID
  5
A4F
330
77A
100
AcDbEntity
  8
РАЗМЕРЫ
440
 16777216
390
55E
100
AcDbTrace
 10
3735.903109684867
 20
921.4931461735838
 30
0.0
 11
3735.903109684867
 21
913.1598128402504
 31
0.0
 12
3710.903109684867
 22
917.3264795069171
 32
0.0
 13
3710.903109684867
 23
917.3264795069171
 33
0.0
  0
SOLID
  5
A50
330
77A
100
AcDbEntity
  8
РАЗМЕРЫ
440
 16777216
390
55E
100
AcDbTrace
 10
4650.903109684866
 20
913.1598128402504
 30
0.0
 11
4650.903109684866
 21
921.4931461735838
 31
0.0
 12
4675.903109684866
 22
917.3264795069171
 32
0.0
 13
4675.903109684866
 23
917.3264795069171
 33
0.0
  0
MTEXT
  5
A51
330
77A
100
AcDbEntity
  8
РАЗМЕРЫ
440
 16777216
370
    13
390
55E
100
AcDbMText
 10
4193.403109684867
 20
917.3264795069171
 30
0.0
 40
30.0
 41
0.0
 46
0.0
 71
     5
 72
     1
  1
\A1;965
  7
ОФОРМИТЕЛЬ
 73
     1
 44
1.0
  0
POINT
  5
A52
330
77A
100
AcDbEntity
  8
DEFPOINTS
 62
     0
440
 16777216
390
55E
100
AcDbPoint
 10
3710.903109684867
 20
814.125554892851
 30
0.0
  0
POINT
  5
A53
330
77A
100
AcDbEntity
  8
DEFPOINTS
 62
     0
440
 16777216
390
55E
100
AcDbPoint
 10
4675.903109684866
 20
814.125554892851
 30
0.0
  0
POINT
  5
A54
330
77A
100
AcDbEntity
  8
DEFPOINTS
 62
     0
440
 16777216
390
55E
100
AcDbPoint
 10
4675.903109684866
 20
917.3264795069171
 30
0.0
  0
ENDBLK
  5
77C
330
77A
100
AcDbEntity
  8
0
100
AcDbBlockEnd
  0
BLOCK
  5
788
330
787
100
AcDbEntity
  8
0
100
AcDbBlockBegin
  2
*D82
 70
     1
 10
0.0
 20
0.0
 30
0.0
  3
*D82
  1

  0
LINE
  5
A55
330
787
100
AcDbEntity
  8
РАЗМЕРЫ
440
 16777216
370
    -2
390
55E
100
AcDbLine
 10
4675.251011247095
 20
814.125554892851
 30
0.0
 11
4822.362854053547
 21
814.125554892851
 31
0.0
  0
LINE
  5
A56
330
787
100
AcDbEntity
  8
РАЗМЕРЫ
440
 16777216
370
    -2
390
55E
100
AcDbLine
 10
4675.251011247095
 20
-25.87444510714886
 30
0.0
 11
4822.362854053547
 21
-25.87444510714887
 31
0.0
  0
LINE
  5
A57
330
787
100
AcDbEntity
  8
РАЗМЕРЫ
440
 16777216
370
    -2
390
55E
100
AcDbLine
 10
4812.362854053546
 20
789.1255548928511
 30
0.0
 11
4812.362854053546
 21
414.1255548928511
 31
0.0
  0
LINE
  5
A58
330
787
100
AcDbEntity
  8
РАЗМЕРЫ
440
 16777216
370
    -2
390
55E
100
AcDbLine
 10
4812.362854053546
 20
-0.874445107148869
 30
0.0
 11
4812.362854053546
 21
374.1255548928511
 31
0.0
  0
SOLID
  5
A59
330
787
100
AcDbEntity
  8
РАЗМЕРЫ
440
 16777216
390
55E
100
AcDbTrace
 10
4816.529520720213
 20
789.1255548928511
 30
0.0
 11
4808.196187386879
 21
789.1255548928511
 31
0.0
 12
4812.362854053546
 22
814.125554892851
 32
0.0
 13
4812.362854053546
 23
814.125554892851
 33
0.0
  0
SOLID
  5
A5A
330
787
100
AcDbEntity
  8
РАЗМЕРЫ
440
 16777216
390
55E
100
AcDbTrace
 10
4808.196187386879
 20
-0.874445107148869
 30
0.0
 11
4816.529520720213
 21
-0.874445107148869
 31
0.0
 12
4812.362854053546
 22
-25.87444510714887
 32
0.0
 13
4812.362854053546
 23
-25.87444510714887
 33
0.0
  0
MTEXT
  5
A5B
330
787
100
AcDbEntity
  8
РАЗМЕРЫ
440
 16777216
370
    13
390
55E
100
AcDbMText
 10
4812.362854053546
 20
394.1255548928511
 30
0.0
 40
30.0
 41
0.0
 46
0.0
 71
     5
 72
     1
  1
\A1;840
  7
ОФОРМИТЕЛЬ
 73
     1
 44
1.0
  0
POINT
  5
A5C
330
787
100
AcDbEntity
  8
DEFPOINTS
 62
     0
440
 16777216
390
55E
100
AcDbPoint
 10
4665.251011247096
 20
814.125554892851
 30
0.0
  0
POINT
  5
A5D
330
787
100
AcDbEntity
  8
DEFPOINTS
 62
     0
440
 16777216
390
55E
100
AcDbPoint
 10
4665.251011247096
 20
-25.87444510714886
 30
0.0
  0
POINT
  5
A5E
330
787
100
AcDbEntity
  8
DEFPOINTS
 62
     0
440
 16777216
390
55E
100
AcDbPoint
 10
4812.362854053546
 20
-25.87444510714887
 30
0.0
  0
ENDBLK
  5
789
330
787
100
AcDbEntity
  8
0
100
AcDbBlockEnd
  0
BLOCK
  5
795
330
794
100
AcDbEntity
  8
0
100
AcDbBlockBegin
  2
*D83
 70
     1
 10
0.0
 20
0.0
 30
0.0
  3
*D83
  1

  0
LINE
  5
A5F
330
794
100
AcDbEntity
  8
РАЗМЕРЫ
440
 16777216
370
    -2
390
55E
100
AcDbLine
 10
3810.903109684867
 20
54.12555489285114
 30
0.0
 11
3573.209276342114
 21
54.12555489285115
 31
0.0
  0
LINE
  5
A60
330
794
100
AcDbEntity
  8
РАЗМЕРЫ
440
 16777216
370
    -2
390
55E
100
AcDbLine
 10
3810.903109684867
 20
254.1255548928512
 30
0.0
 11
3573.209276342114
 21
254.1255548928512
 31
0.0
  0
LINE
  5
A61
330
794
100
AcDbEntity
  8
РАЗМЕРЫ
440
 16777216
370
    -2
390
55E
100
AcDbLine
 10
3583.209276342114
 20
79.12555489285115
 30
0.0
 11
3583.209276342114
 21
134.1255548928511
 31
0.0
  0
LINE
  5
A62
330
794
100
AcDbEntity
  8
РАЗМЕРЫ
440
 16777216
370
    -2
390
55E
100
AcDbLine
 10
3583.209276342114
 20
229.1255548928512
 30
0.0
 11
3583.209276342114
 21
174.1255548928512
 31
0.0
  0
SOLID
  5
A63
330
794
100
AcDbEntity
  8
РАЗМЕРЫ
440
 16777216
390
55E
100
AcDbTrace
 10
3579.042609675447
 20
79.12555489285115
 30
0.0
 11
3587.37594300878
 21
79.12555489285115
 31
0.0
 12
3583.209276342114
 22
54.12555489285115
 32
0.0
 13
3583.209276342114
 23
54.12555489285115
 33
0.0
  0
SOLID
  5
A64
330
794
100
AcDbEntity
  8
РАЗМЕРЫ
440
 16777216
390
55E
100
AcDbTrace
 10
3587.37594300878
 20
229.1255548928512
 30
0.0
 11
3579.042609675447
 21
229.1255548928512
 31
0.0
 12
3583.209276342114
 22
254.1255548928512
 32
0.0
 13
3583.209276342114
 23
254.1255548928512
 33
0.0
  0
MTEXT
  5
A65
330
794
100
AcDbEntity
  8
РАЗМЕРЫ
440
 16777216
370
    13
390
55E
100
AcDbMText
 10
3583.209276342114
 20
154.1255548928512
 30
0.0
 40
30.0
 41
0.0
 46
0.0
 71
     5
 72
     1
  1
\A1;200
  7
ОФОРМИТЕЛЬ
 73
     1
 44
1.0
  0
POINT
  5
A66
330
794
100
AcDbEntity
  8
DEFPOINTS
 62
     0
440
 16777216
390
55E
100
AcDbPoint
 10
3820.903109684867
 20
54.12555489285114
 30
0.0
  0
POINT
  5
A67
330
794
100
AcDbEntity
  8
DEFPOINTS
 62
     0
440
 16777216
390
55E
100
AcDbPoint
 10
3820.903109684867
 20
254.1255548928512
 30
0.0
  0
POINT
  5
A68
330
794
100
AcDbEntity
  8
DEFPOINTS
 62
     0
440
 16777216
390
55E
100
AcDbPoint
 10
3583.209276342114
 20
254.1255548928512
 30
0.0
  0
ENDBLK
  5
796
330
794
100
AcDbEntity
  8
0
100
AcDbBlockEnd
  0
BLOCK
  5
7A2
330
7A1
100
AcDbEntity
  8
0
100
AcDbBlockBegin
  2
*D84
 70
     1
 10
0.0
 20
0.0
 30
0.0
  3
*D84
  1

  0
LINE
  5
A69
330
7A1
100
AcDbEntity
  8
РАЗМЕРЫ
440
 16777216
370
    -2
390
55E
100
AcDbLine
 10
4575.903109684866
 20
54.12555489285114
 30
0.0
 11
4745.785637109355
 21
54.12555489285113
 31
0.0
  0
LINE
  5
A6A
330
7A1
100
AcDbEntity
  8
РАЗМЕРЫ
440
 16777216
370
    -2
390
55E
100
AcDbLine
 10
4575.903109684866
 20
254.1255548928512
 30
0.0
 11
4745.785637109355
 21
254.1255548928512
 31
0.0
  0
LINE
  5
A6B
330
7A1
100
AcDbEntity
  8
РАЗМЕРЫ
440
 16777216
370
    -2
390
55E
100
AcDbLine
 10
4735.785637109354
 20
79.12555489285114
 30
0.0
 11
4735.785637109354
 21
134.1255548928511
 31
0.0
  0
LINE
  5
A6C
330
7A1
100
AcDbEntity
  8
РАЗМЕРЫ
440
 16777216
370
    -2
390
55E
100
AcDbLine
 10
4735.785637109354
 20
229.1255548928512
 30
0.0
 11
4735.785637109354
 21
174.1255548928511
 31
0.0
  0
SOLID
  5
A6D
330
7A1
100
AcDbEntity
  8
РАЗМЕРЫ
440
 16777216
390
55E
100
AcDbTrace
 10
4731.618970442688
 20
79.12555489285114
 30
0.0
 11
4739.952303776021
 21
79.12555489285114
 31
0.0
 12
4735.785637109354
 22
54.12555489285113
 32
0.0
 13
4735.785637109354
 23
54.12555489285113
 33
0.0
  0
SOLID
  5
A6E
330
7A1
100
AcDbEntity
  8
РАЗМЕРЫ
440
 16777216
390
55E
100
AcDbTrace
 10
4739.952303776021
 20
229.1255548928512
 30
0.0
 11
4731.618970442688
 21
229.1255548928512
 31
0.0
 12
4735.785637109354
 22
254.1255548928512
 32
0.0
 13
4735.785637109354
 23
254.1255548928512
 33
0.0
  0
MTEXT
  5
A6F
330
7A1
100
AcDbEntity
  8
РАЗМЕРЫ
440
 16777216
370
    13
390
55E
100
AcDbMText
 10
4735.785637109354
 20
154.1255548928511
 30
0.0
 40
30.0
 41
0.0
 46
0.0
 71
     5
 72
     1
  1
\A1;200
  7
ОФОРМИТЕЛЬ
 73
     1
 44
1.0
  0
POINT
  5
A70
330
7A1
100
AcDbEntity
  8
DEFPOINTS
 62
     0
440
 16777216
390
55E
100
AcDbPoint
 10
4565.903109684867
 20
54.12555489285114
 30
0.0
  0
POINT
  5
A71
330
7A1
100
AcDbEntity
  8
DEFPOINTS
 62
     0
440
 16777216
390
55E
100
AcDbPoint
 10
4565.903109684867
 20
254.1255548928512
 30
0.0
  0
POINT
  5
A72
330
7A1
100
AcDbEntity
  8
DEFPOINTS
 62
     0
440
 16777216
390
55E
100
AcDbPoint
 10
4735.785637109354
 20
254.1255548928512
 30
0.0
  0
ENDBLK
  5
7A3
330
7A1
100
AcDbEntity
  8
0
100
AcDbBlockEnd
  0
BLOCK
  5
7AF
330
7AE
100
AcDbEntity
  8
0
100
AcDbBlockBegin
  2
*D85
 70
     1
 10
0.0
 20
0.0
 30
0.0
  3
*D85
  1

  0
LINE
  5
A73
330
7AE
100
AcDbEntity
  8
РАЗМЕРЫ
440
 16777216
370
    -2
390
55E
100
AcDbLine
 10
4575.903109684866
 20
54.12555489285114
 30
0.0
 11
4745.785637109355
 21
54.12555489285113
 31
0.0
  0
LINE
  5
A74
330
7AE
100
AcDbEntity
  8
РАЗМЕРЫ
440
 16777216
370
    -2
390
55E
100
AcDbLine
 10
4685.903109684867
 20
-25.87444510714886
 30
0.0
 11
4745.785637109355
 21
-25.87444510714886
 31
0.0
  0
LINE
  5
A75
330
7AE
100
AcDbEntity
  8
РАЗМЕРЫ
440
 16777216
370
    -2
390
55E
100
AcDbLine
 10
4735.785637109354
 20
29.12555489285113
 30
0.0
 11
4735.785637109354
 21
-0.8744451071488619
 31
0.0
  0
SOLID
  5
A76
330
7AE
100
AcDbEntity
  8
РАЗМЕРЫ
440
 16777216
390
55E
100
AcDbTrace
 10
4739.952303776021
 20
29.12555489285113
 30
0.0
 11
4731.618970442688
 21
29.12555489285113
 31
0.0
 12
4735.785637109354
 22
54.12555489285113
 32
0.0
 13
4735.785637109354
 23
54.12555489285113
 33
0.0
  0
SOLID
  5
A77
330
7AE
100
AcDbEntity
  8
РАЗМЕРЫ
440
 16777216
390
55E
100
AcDbTrace
 10
4731.618970442688
 20
-0.8744451071488619
 30
0.0
 11
4739.952303776021
 21
-0.8744451071488619
 31
0.0
 12
4735.785637109354
 22
-25.87444510714886
 32
0.0
 13
4735.785637109354
 23
-25.87444510714886
 33
0.0
  0
MTEXT
  5
A78
330
7AE
100
AcDbEntity
  8
РАЗМЕРЫ
440
 16777216
370
    13
390
55E
100
AcDbMText
 10
4798.285637109354
 20
14.12555489285113
 30
0.0
 40
30.0
 41
0.0
 46
0.0
 71
     5
 72
     1
  1
\A1;80
  7
ОФОРМИТЕЛЬ
 73
     1
 44
1.0
  0
POINT
  5
A79
330
7AE
100
AcDbEntity
  8
DEFPOINTS
 62
     0
440
 16777216
390
55E
100
AcDbPoint
 10
4565.903109684867
 20
54.12555489285114
 30
0.0
  0
POINT
  5
A7A
330
7AE
100
AcDbEntity
  8
DEFPOINTS
 62
     0
440
 16777216
390
55E
100
AcDbPoint
 10
4675.903109684866
 20
-25.87444510714886
 30
0.0
  0
POINT
  5
A7B
330
7AE
100
AcDbEntity
  8
DEFPOINTS
 62
     0
440
 16777216
390
55E
100
AcDbPoint
 10
4735.785637109354
 20
-25.87444510714886
 30
0.0
  0
ENDBLK
  5
7B0
330
7AE
100
AcDbEntity
  8
0
100
AcDbBlockEnd
  0
BLOCK
  5
7BB
330
7BA
100
AcDbEntity
  8
0
100
AcDbBlockBegin
  2
*D86
 70
     1
 10
0.0
 20
0.0
 30
0.0
  3
*D86
  1

  0
LINE
  5
A7C
330
7BA
100
AcDbEntity
  8
РАЗМЕРЫ
440
 16777216
370
    -2
390
55E
100
AcDbLine
 10
3810.903109684867
 20
54.12555489285114
 30
0.0
 11
3573.209276342114
 21
54.12555489285115
 31
0.0
  0
LINE
  5
A7D
330
7BA
100
AcDbEntity
  8
РАЗМЕРЫ
440
 16777216
370
    -2
390
55E
100
AcDbLine
 10
3685.310659873114
 20
-25.87444510714886
 30
0.0
 11
3573.209276342114
 21
-25.87444510714885
 31
0.0
  0
LINE
  5
A7E
330
7BA
100
AcDbEntity
  8
РАЗМЕРЫ
440
 16777216
370
    -2
390
55E
100
AcDbLine
 10
3583.209276342114
 20
29.12555489285116
 30
0.0
 11
3583.209276342114
 21
-0.8744451071488512
 31
0.0
  0
SOLID
  5
A7F
330
7BA
100
AcDbEntity
  8
РАЗМЕРЫ
440
 16777216
390
55E
100
AcDbTrace
 10
3587.37594300878
 20
29.12555489285116
 30
0.0
 11
3579.042609675447
 21
29.12555489285116
 31
0.0
 12
3583.209276342114
 22
54.12555489285115
 32
0.0
 13
3583.209276342114
 23
54.12555489285115
 33
0.0
  0
SOLID
  5
A80
330
7BA
100
AcDbEntity
  8
РАЗМЕРЫ
440
 16777216
390
55E
100
AcDbTrace
 10
3579.042609675447
 20
-0.8744451071488512
 30
0.0
 11
3587.37594300878
 21
-0.8744451071488512
 31
0.0
 12
3583.209276342114
 22
-25.87444510714885
 32
0.0
 13
3583.209276342114
 23
-25.87444510714885
 33
0.0
  0
MTEXT
  5
A81
330
7BA
100
AcDbEntity
  8
РАЗМЕРЫ
440
 16777216
370
    13
390
55E
100
AcDbMText
 10
3550.709276342113
 20
14.12555489285115
 30
0.0
 40
30.0
 41
0.0
 46
0.0
 71
     5
 72
     1
  1
\A1;80
  7
ОФОРМИТЕЛЬ
 73
     1
 44
1.0
  0
POINT
  5
A82
330
7BA
100
AcDbEntity
  8
DEFPOINTS
 62
     0
440
 16777216
390
55E
100
AcDbPoint
 10
3820.903109684867
 20
54.12555489285114
 30
0.0
  0
POINT
  5
A83
330
7BA
100
AcDbEntity
  8
DEFPOINTS
 62
     0
440
 16777216
390
55E
100
AcDbPoint
 10
3695.310659873114
 20
-25.87444510714886
 30
0.0
  0
POINT
  5
A84
330
7BA
100
AcDbEntity
  8
DEFPOINTS
 62
     0
440
 16777216
390
55E
100
AcDbPoint
 10
3583.209276342114
 20
-25.87444510714885
 30
0.0
  0
ENDBLK
  5
7BC
330
7BA
100
AcDbEntity
  8
0
100
AcDbBlockEnd
  0
BLOCK
  5
7C7
330
7C6
100
AcDbEntity
  8
0
100
AcDbBlockBegin
  2
*D87
 70
     1
 10
0.0
 20
0.0
 30
0.0
  3
*D87
  1

  0
LINE
  5
A85
330
7C6
100
AcDbEntity
  8
РАЗМЕРЫ
440
 16777216
370
    -2
390
55E
100
AcDbLine
 10
3820.903109684867
 20
244.1255548928511
 30
0.0
 11
3820.903109684867
 21
-116.8709414958084
 31
0.0
  0
LINE
  5
A86
330
7C6
100
AcDbEntity
  8
РАЗМЕРЫ
440
 16777216
370
    -2
390
55E
100
AcDbLine
 10
3710.903109684867
 20
-35.87444510714886
 30
0.0
 11
3710.903109684867
 21
-116.8709414958084
 31
0.0
  0
LINE
  5
A87
330
7C6
100
AcDbEntity
  8
РАЗМЕРЫ
440
 16777216
370
    -2
390
55E
100
AcDbLine
 10
3845.903109684867
 20
-106.8709414958084
 30
0.0
 11
3870.903109684867
 21
-106.8709414958084
 31
0.0
  0
LINE
  5
A88
330
7C6
100
AcDbEntity
  8
РАЗМЕРЫ
440
 16777216
370
    -2
390
55E
100
AcDbLine
 10
3685.903109684867
 20
-106.8709414958084
 30
0.0
 11
3660.903109684867
 21
-106.8709414958084
 31
0.0
  0
SOLID
  5
A89
330
7C6
100
AcDbEntity
  8
РАЗМЕРЫ
440
 16777216
390
55E
100
AcDbTrace
 10
3845.903109684867
 20
-102.7042748291417
 30
0.0
 11
3845.903109684867
 21
-111.0376081624751
 31
0.0
 12
3820.903109684867
 22
-106.8709414958084
 32
0.0
 13
3820.903109684867
 23
-106.8709414958084
 33
0.0
  0
SOLID
  5
A8A
330
7C6
100
AcDbEntity
  8
РАЗМЕРЫ
440
 16777216
390
55E
100
AcDbTrace
 10
3685.903109684867
 20
-111.0376081624751
 30
0.0
 11
3685.903109684867
 21
-102.7042748291417
 31
0.0
 12
3710.903109684867
 22
-106.8709414958084
 32
0.0
 13
3710.903109684867
 23
-106.8709414958084
 33
0.0
  0
MTEXT
  5
A8B
330
7C6
100
AcDbEntity
  8
РАЗМЕРЫ
440
 16777216
370
    13
390
55E
100
AcDbMText
 10
3765.903109684867
 20
-106.8709414958084
 30
0.0
 40
30.0
 41
0.0
 46
0.0
 71
     5
 72
     1
  1
\A1;110
  7
ОФОРМИТЕЛЬ
 73
     1
 44
1.0
  0
POINT
  5
A8C
330
7C6
100
AcDbEntity
  8
DEFPOINTS
 62
     0
440
 16777216
390
55E
100
AcDbPoint
 10
3820.903109684867
 20
254.1255548928512
 30
0.0
  0
POINT
  5
A8D
330
7C6
100
AcDbEntity
  8
DEFPOINTS
 62
     0
440
 16777216
390
55E
100
AcDbPoint
 10
3710.903109684867
 20
-25.87444510714886
 30
0.0
  0
POINT
  5
A8E
330
7C6
100
AcDbEntity
  8
DEFPOINTS
 62
     0
440
 16777216
390
55E
100
AcDbPoint
 10
3710.903109684867
 20
-106.8709414958084
 30
0.0
  0
ENDBLK
  5
7C8
330
7C6
100
AcDbEntity
  8
0
100
AcDbBlockEnd
  0
BLOCK
  5
7D4
330
7D3
100
AcDbEntity
  8
0
100
AcDbBlockBegin
  2
*D88
 70
     1
 10
0.0
 20
0.0
 30
0.0
  3
*D88
  1

  0
LINE
  5
A8F
330
7D3
100
AcDbEntity
  8
РАЗМЕРЫ
440
 16777216
370
    -2
390
55E
100
AcDbLine
 10
4565.903109684867
 20
244.1255548928511
 30
0.0
 11
4565.903109684867
 21
-87.48514192946641
 31
0.0
  0
LINE
  5
A90
330
7D3
100
AcDbEntity
  8
РАЗМЕРЫ
440
 16777216
370
    -2
390
55E
100
AcDbLine
 10
4675.903109684866
 20
-35.87444510714886
 30
0.0
 11
4675.903109684866
 21
-87.48514192946641
 31
0.0
  0
LINE
  5
A91
330
7D3
100
AcDbEntity
  8
РАЗМЕРЫ
440
 16777216
370
    -2
390
55E
100
AcDbLine
 10
4540.903109684866
 20
-77.48514192946641
 30
0.0
 11
4515.903109684866
 21
-77.48514192946641
 31
0.0
  0
LINE
  5
A92
330
7D3
100
AcDbEntity
  8
РАЗМЕРЫ
440
 16777216
370
    -2
390
55E
100
AcDbLine
 10
4700.903109684866
 20
-77.48514192946641
 30
0.0
 11
4725.903109684867
 21
-77.48514192946641
 31
0.0
  0
SOLID
  5
A93
330
7D3
100
AcDbEntity
  8
РАЗМЕРЫ
440
 16777216
390
55E
100
AcDbTrace
 10
4540.903109684866
 20
-81.65180859613307
 30
0.0
 11
4540.903109684866
 21
-73.31847526279974
 31
0.0
 12
4565.903109684867
 22
-77.48514192946641
 32
0.0
 13
4565.903109684867
 23
-77.48514192946641
 33
0.0
  0
SOLID
  5
A94
330
7D3
100
AcDbEntity
  8
РАЗМЕРЫ
440
 16777216
390
55E
100
AcDbTrace
 10
4700.903109684866
 20
-73.31847526279974
 30
0.0
 11
4700.903109684866
 21
-81.65180859613307
 31
0.0
 12
4675.903109684866
 22
-77.48514192946641
 32
0.0
 13
4675.903109684866
 23
-77.48514192946641
 33
0.0
  0
MTEXT
  5
A95
330
7D3
100
AcDbEntity
  8
РАЗМЕРЫ
440
 16777216
370
    13
390
55E
100
AcDbMText
 10
4620.903109684866
 20
-77.48514192946641
 30
0.0
 40
30.0
 41
0.0
 46
0.0
 71
     5
 72
     1
  1
\A1;110
  7
ОФОРМИТЕЛЬ
 73
     1
 44
1.0
  0
POINT
  5
A96
330
7D3
100
AcDbEntity
  8
DEFPOINTS
 62
     0
440
 16777216
390
55E
100
AcDbPoint
 10
4565.903109684867
 20
254.1255548928512
 30
0.0
  0
POINT
  5
A97
330
7D3
100
AcDbEntity
  8
DEFPOINTS
 62
     0
440
 16777216
390
55E
100
AcDbPoint
 10
4675.903109684866
 20
-25.87444510714886
 30
0.0
  0
POINT
  5
A98
330
7D3
100
AcDbEntity
  8
DEFPOINTS
 62
     0
440
 16777216
390
55E
100
AcDbPoint
 10
4675.903109684866
 20
-77.48514192946641
 30
0.0
  0
ENDBLK
  5
7D5
330
7D3
100
AcDbEntity
  8
0
100
AcDbBlockEnd
  0
BLOCK
  5
7E1
330
7E0
100
AcDbEntity
  8
0
100
AcDbBlockBegin
  2
*D89
 70
     1
 10
0.0
 20
0.0
 30
0.0
  3
*D89
  1

  0
LINE
  5
A99
330
7E0
100
AcDbEntity
  8
РАЗМЕРЫ
440
 16777216
370
    -2
390
55E
100
AcDbLine
 10
3843.476261159923
 20
279.5509916144309
 30
0.0
 11
3860.074166656295
 21
298.2461656744251
 31
0.0
  0
LINE
  5
A9A
330
7E0
100
AcDbEntity
  8
РАЗМЕРЫ
440
 16777216
370
    -2
390
55E
100
AcDbLine
 10
3798.329958209811
 20
228.7001181712714
 30
0.0
 11
3781.732052713438
 21
210.0049441112771
 31
0.0
  0
MTEXT
  5
A9B
330
7E0
100
AcDbEntity
  8
РАЗМЕРЫ
440
 16777216
370
    13
390
55E
100
AcDbMText
 10
3897.746167996248
 20
240.3168385653753
 30
0.0
 40
30.0
 41
0.0
 46
0.0
 71
     5
 72
     1
  1
\A1;∅18
  7
ОФОРМИТЕЛЬ
 73
     1
 44
1.0
  0
SOLID
  5
A9C
330
7E0
100
AcDbEntity
  8
РАЗМЕРЫ
440
 16777216
390
55E
100
AcDbTrace
 10
3801.445820553143
 20
225.9338005885425
 30
0.0
 11
3795.214095866479
 21
231.4664357540002
 31
0.0
 12
3814.927863706183
 22
247.3952922312656
 32
0.0
 13
3814.927863706183
 23
247.3952922312656
 33
0.0
  0
SOLID
  5
A9D
330
7E0
100
AcDbEntity
  8
РАЗМЕРЫ
440
 16777216
390
55E
100
AcDbTrace
 10
3840.360398816591
 20
282.3173091971597
 30
0.0
 11
3846.592123503255
 21
276.7846740317021
 31
0.0
 12
3826.87835566355
 22
260.8558175544367
 32
0.0
 13
3826.87835566355
 23
260.8558175544367
 33
0.0
  0
LINE
  5
A9E
330
7E0
100
AcDbEntity
  8
РАЗМЕРЫ
440
 16777216
370
    -2
390
55E
100
AcDbLine
 10
3820.813109684867
 20
254.1255548928512
 30
0.0
 11
3820.993109684867
 21
254.1255548928512
 31
0.0
  0
LINE
  5
A9F
330
7E0
100
AcDbEntity
  8
РАЗМЕРЫ
440
 16777216
370
    -2
390
55E
100
AcDbLine
 10
3820.903109684867
 20
254.0355548928511
 30
0.0
 11
3820.903109684867
 21
254.2155548928512
 31
0.0
  0
POINT
  5
AA0
330
7E0
100
AcDbEntity
  8
DEFPOINTS
 62
     0
440
 16777216
390
55E
100
AcDbPoint
 10
3826.87835566355
 20
260.8558175544367
 30
0.0
  0
POINT
  5
AA1
330
7E0
100
AcDbEntity
  8
DEFPOINTS
 62
     0
440
 16777216
390
55E
100
AcDbPoint
 10
3814.927863706183
 20
247.3952922312656
 30
0.0
  0
ENDBLK
  5
7E2
330
7E0
100
AcDbEntity
  8
0
100
AcDbBlockEnd
  0
BLOCK
  5
7ED
330
7EC
100
AcDbEntity
  8
0
100
AcDbBlockBegin
  2
*D90
 70
     1
 10
0.0
 20
0.0
 30
0.0
  3
*D90
  1

  0
LINE
  5
AA2
330
7EC
100
AcDbEntity
  8
РАЗМЕРЫ
440
 16777216
370
    -2
390
55E
100
AcDbLine
 10
4533.088450261817
 20
245.2262219435589
 30
0.0
 11
4508.960024215385
 21
238.6825947749424
 31
0.0
  0
LINE
  5
AA3
330
7EC
100
AcDbEntity
  8
РАЗМЕРЫ
440
 16777216
370
    -2
390
55E
100
AcDbLine
 10
4598.717769107916
 20
263.0248878421434
 30
0.0
 11
4622.846195154348
 21
269.5685150107599
 31
0.0
  0
MTEXT
  5
AA4
330
7EC
100
AcDbEntity
  8
РАЗМЕРЫ
440
 16777216
370
    13
390
55E
100
AcDbMText
 10
4481.108707534895
 20
144.5408992381763
 30
0.0
 40
30.0
 41
0.0
 46
0.0
 71
     5
 72
     1
  1
\A1;∅18
  7
ОФОРМИТЕЛЬ
 73
     1
 44
1.0
  0
SOLID
  5
AA5
330
7EC
100
AcDbEntity
  8
РАЗМЕРЫ
440
 16777216
390
55E
100
AcDbTrace
 10
4597.627164579814
 20
267.0462921832154
 30
0.0
 11
4599.808373636019
 21
259.0034835010714
 31
0.0
 12
4574.589343061485
 22
256.4812606735268
 32
0.0
 13
4574.589343061485
 23
256.4812606735268
 33
0.0
  0
SOLID
  5
AA6
330
7EC
100
AcDbEntity
  8
РАЗМЕРЫ
440
 16777216
390
55E
100
AcDbTrace
 10
4534.179054789919
 20
241.2048176024869
 30
0.0
 11
4531.997845733713
 21
249.2476262846309
 31
0.0
 12
4557.216876308248
 22
251.7698491121755
 32
0.0
 13
4557.216876308248
 23
251.7698491121755
 33
0.0
  0
LINE
  5
AA7
330
7EC
100
AcDbEntity
  8
РАЗМЕРЫ
440
 16777216
370
    -2
390
55E
100
AcDbLine
 10
4565.813109684866
 20
254.1255548928512
 30
0.0
 11
4565.993109684867
 21
254.1255548928512
 31
0.0
  0
LINE
  5
AA8
330
7EC
100
AcDbEntity
  8
РАЗМЕРЫ
440
 16777216
370
    -2
390
55E
100
AcDbLine
 10
4565.903109684867
 20
254.0355548928511
 30
0.0
 11
4565.903109684867
 21
254.2155548928512
 31
0.0
  0
POINT
  5
AA9
330
7EC
100
AcDbEntity
  8
DEFPOINTS
 62
     0
440
 16777216
390
55E
100
AcDbPoint
 10
4557.216876308248
 20
251.7698491121755
 30
0.0
  0
POINT
  5
AAA
330
7EC
100
AcDbEntity
  8
DEFPOINTS
 62
     0
440
 16777216
390
55E
100
AcDbPoint
 10
4574.589343061485
 20
256.4812606735268
 30
0.0
  0
ENDBLK
  5
7EE
330
7EC
100
AcDbEntity
  8
0
100
AcDbBlockEnd
  0
BLOCK
  5
7F9
330
7F8
100
AcDbEntity
  8
0
100
AcDbBlockBegin
  2
*D91
 70
     1
 10
0.0
 20
0.0
 30
0.0
  3
*D91
  1

  0
LINE
  5
AAB
330
7F8
100
AcDbEntity
  8
РАЗМЕРЫ
440
 16777216
370
    -2
390
55E
100
AcDbLine
 10
10788.06677373806
 20
3177.798535061395
 30
0.0
 11
10788.06677373806
 21
3303.996313903515
 31
0.0
  0
LINE
  5
AAC
330
7F8
100
AcDbEntity
  8
РАЗМЕРЫ
440
 16777216
370
    -2
390
55E
100
AcDbLine
 10
8386.064222890231
 20
2427.850695177366
 30
0.0
 11
8386.064222890231
 21
3303.996313903515
 31
0.0
  0
LINE
  5
AAD
330
7F8
100
AcDbEntity
  8
РАЗМЕРЫ
440
 16777216
370
    -2
390
55E
100
AcDbLine
 10
10763.06677373806
 20
3293.996313903516
 30
0.0
 11
9644.565498314147
 21
3293.996313903516
 31
0.0
  0
LINE
  5
AAE
330
7F8
100
AcDbEntity
  8
РАЗМЕРЫ
440
 16777216
370
    -2
390
55E
100
AcDbLine
 10
8411.064222890232
 20
3293.996313903516
 30
0.0
 11
9529.565498314147
 21
3293.996313903516
 31
0.0
  0
SOLID
  5
AAF
330
7F8
100
AcDbEntity
  8
РАЗМЕРЫ
440
 16777216
390
55E
100
AcDbTrace
 10
10763.06677373806
 20
3289.829647236849
 30
0.0
 11
10763.06677373806
 21
3298.162980570182
 31
0.0
 12
10788.06677373806
 22
3293.996313903516
 32
0.0
 13
10788.06677373806
 23
3293.996313903516
 33
0.0
  0
SOLID
  5
AB0
330
7F8
100
AcDbEntity
  8
РАЗМЕРЫ
440
 16777216
390
55E
100
AcDbTrace
 10
8411.064222890232
 20
3298.162980570182
 30
0.0
 11
8411.064222890232
 21
3289.829647236849
 31
0.0
 12
8386.064222890231
 22
3293.996313903516
 32
0.0
 13
8386.064222890231
 23
3293.996313903516
 33
0.0
  0
MTEXT
  5
AB1
330
7F8
100
AcDbEntity
  8
РАЗМЕРЫ
440
 16777216
370
    13
390
55E
100
AcDbMText
 10
9587.065498314146
 20
3293.996313903516
 30
0.0
 40
30.0
 41
0.0
 46
0.0
 71
     5
 72
     1
  1
\A1;2402
  7
ОФОРМИТЕЛЬ
 73
     1
 44
1.0
  0
POINT
  5
AB2
330
7F8
100
AcDbEntity
  8
DEFPOINTS
 62
     0
440
 16777216
390
55E
100
AcDbPoint
 10
10788.06677373806
 20
3167.798535061395
 30
0.0
  0
POINT
  5
AB3
330
7F8
100
AcDbEntity
  8
DEFPOINTS
 62
     0
440
 16777216
390
55E
100
AcDbPoint
 10
8386.064222890231
 20
2417.850695177365
 30
0.0
  0
POINT
  5
AB4
330
7F8
100
AcDbEntity
  8
DEFPOINTS
 62
     0
440
 16777216
390
55E
100
AcDbPoint
 10
8386.064222890231
 20
3293.996313903516
 30
0.0
  0
ENDBLK
  5
7FA
330
7F8
100
AcDbEntity
  8
0
100
AcDbBlockEnd
  0
BLOCK
  5
806
330
805
100
AcDbEntity
  8
0
100
AcDbBlockBegin
  2
*D92
 70
     1
 10
0.0
 20
0.0
 30
0.0
  3
*D92
  1

  0
LINE
  5
AB5
330
805
100
AcDbEntity
  8
РАЗМЕРЫ
440
 16777216
370
    -2
390
55E
100
AcDbLine
 10
8766.283422909026
 20
3167.798535061395
 30
0.0
 11
8241.448366143089
 21
3167.798535061395
 31
0.0
  0
LINE
  5
AB6
330
805
100
AcDbEntity
  8
РАЗМЕРЫ
440
 16777216
370
    -2
390
55E
100
AcDbLine
 10
8376.064222890233
 20
2417.850695177365
 30
0.0
 11
8241.448366143089
 21
2417.850695177365
 31
0.0
  0
LINE
  5
AB7
330
805
100
AcDbEntity
  8
РАЗМЕРЫ
440
 16777216
370
    -2
390
55E
100
AcDbLine
 10
8251.44836614309
 20
3142.798535061395
 30
0.0
 11
8251.44836614309
 21
2812.82461511938
 31
0.0
  0
LINE
  5
AB8
330
805
100
AcDbEntity
  8
РАЗМЕРЫ
440
 16777216
370
    -2
390
55E
100
AcDbLine
 10
8251.44836614309
 20
2442.850695177365
 30
0.0
 11
8251.44836614309
 21
2772.82461511938
 31
0.0
  0
SOLID
  5
AB9
330
805
100
AcDbEntity
  8
РАЗМЕРЫ
440
 16777216
390
55E
100
AcDbTrace
 10
8255.615032809755
 20
3142.798535061395
 30
0.0
 11
8247.281699476422
 21
3142.798535061395
 31
0.0
 12
8251.44836614309
 22
3167.798535061395
 32
0.0
 13
8251.44836614309
 23
3167.798535061395
 33
0.0
  0
SOLID
  5
ABA
330
805
100
AcDbEntity
  8
РАЗМЕРЫ
440
 16777216
390
55E
100
AcDbTrace
 10
8247.281699476422
 20
2442.850695177365
 30
0.0
 11
8255.615032809755
 21
2442.850695177365
 31
0.0
 12
8251.44836614309
 22
2417.850695177365
 32
0.0
 13
8251.44836614309
 23
2417.850695177365
 33
0.0
  0
MTEXT
  5
ABB
330
805
100
AcDbEntity
  8
РАЗМЕРЫ
440
 16777216
370
    13
390
55E
100
AcDbMText
 10
8251.44836614309
 20
2792.82461511938
 30
0.0
 40
30.0
 41
0.0
 46
0.0
 71
     5
 72
     1
  1
\A1;750
  7
ОФОРМИТЕЛЬ
 73
     1
 44
1.0
  0
POINT
  5
ABC
330
805
100
AcDbEntity
  8
DEFPOINTS
 62
     0
440
 16777216
390
55E
100
AcDbPoint
 10
8776.283422909026
 20
3167.798535061395
 30
0.0
  0
POINT
  5
ABD
330
805
100
AcDbEntity
  8
DEFPOINTS
 62
     0
440
 16777216
390
55E
100
AcDbPoint
 10
8386.064222890231
 20
2417.850695177365
 30
0.0
  0
POINT
  5
ABE
330
805
100
AcDbEntity
  8
DEFPOINTS
 62
     0
440
 16777216
390
55E
100
AcDbPoint
 10
8251.44836614309
 20
2417.850695177365
 30
0.0
  0
ENDBLK
  5
807
330
805
100
AcDbEntity
  8
0
100
AcDbBlockEnd
  0
BLOCK
  5
813
330
812
100
AcDbEntity
  8
0
100
AcDbBlockBegin
  2
*D93
 70
     1
 10
0.0
 20
0.0
 30
0.0
  3
*D93
  1

  0
LINE
  5
ABF
330
812
100
AcDbEntity
  8
РАЗМЕРЫ
440
 16777216
370
    -2
390
55E
100
AcDbLine
 10
11416.78222944336
 20
2427.850695177366
 30
0.0
 11
11416.78222944336
 21
3343.003241920412
 31
0.0
  0
LINE
  5
AC0
330
812
100
AcDbEntity
  8
РАЗМЕРЫ
440
 16777216
370
    -2
390
55E
100
AcDbLine
 10
12892.59402110409
 20
3166.453370405309
 30
0.0
 11
12892.59402110409
 21
3343.003241920412
 31
0.0
  0
LINE
  5
AC1
330
812
100
AcDbEntity
  8
РАЗМЕРЫ
440
 16777216
370
    -2
390
55E
100
AcDbLine
 10
11441.78222944336
 20
3333.003241920413
 30
0.0
 11
12099.68812527372
 21
3333.003241920413
 31
0.0
  0
LINE
  5
AC2
330
812
100
AcDbEntity
  8
РАЗМЕРЫ
440
 16777216
370
    -2
390
55E
100
AcDbLine
 10
12867.59402110409
 20
3333.003241920413
 30
0.0
 11
12209.68812527372
 21
3333.003241920413
 31
0.0
  0
SOLID
  5
AC3
330
812
100
AcDbEntity
  8
РАЗМЕРЫ
440
 16777216
390
55E
100
AcDbTrace
 10
11441.78222944336
 20
3337.16990858708
 30
0.0
 11
11441.78222944336
 21
3328.836575253746
 31
0.0
 12
11416.78222944336
 22
3333.003241920413
 32
0.0
 13
11416.78222944336
 23
3333.003241920413
 33
0.0
  0
SOLID
  5
AC4
330
812
100
AcDbEntity
  8
РАЗМЕРЫ
440
 16777216
390
55E
100
AcDbTrace
 10
12867.59402110409
 20
3328.836575253746
 30
0.0
 11
12867.59402110409
 21
3337.16990858708
 31
0.0
 12
12892.59402110409
 22
3333.003241920413
 32
0.0
 13
12892.59402110409
 23
3333.003241920413
 33
0.0
  0
MTEXT
  5
AC5
330
812
100
AcDbEntity
  8
РАЗМЕРЫ
440
 16777216
370
    13
390
55E
100
AcDbMText
 10
12154.68812527372
 20
3333.003241920413
 30
0.0
 40
30.0
 41
0.0
 46
0.0
 71
     5
 72
     1
  1
\A1;1476
  7
ОФОРМИТЕЛЬ
 73
     1
 44
1.0
  0
POINT
  5
AC6
330
812
100
AcDbEntity
  8
DEFPOINTS
 62
     0
440
 16777216
390
55E
100
AcDbPoint
 10
11416.78222944336
 20
2417.850695177365
 30
0.0
  0
POINT
  5
AC7
330
812
100
AcDbEntity
  8
DEFPOINTS
 62
     0
440
 16777216
390
55E
100
AcDbPoint
 10
12892.59402110409
 20
3156.453370405309
 30
0.0
  0
POINT
  5
AC8
330
812
100
AcDbEntity
  8
DEFPOINTS
 62
     0
440
 16777216
390
55E
100
AcDbPoint
 10
12892.59402110409
 20
3333.003241920413
 30
0.0
  0
ENDBLK
  5
814
330
812
100
AcDbEntity
  8
0
100
AcDbBlockEnd
  0
BLOCK
  5
820
330
81F
100
AcDbEntity
  8
0
100
AcDbBlockBegin
  2
*D94
 70
     1
 10
0.0
 20
0.0
 30
0.0
  3
*D94
  1

  0
LINE
  5
AC9
330
81F
100
AcDbEntity
  8
РАЗМЕРЫ
440
 16777216
370
    -2
390
55E
100
AcDbLine
 10
11796.20367508223
 20
3156.453370405309
 30
0.0
 11
11288.86461746348
 21
3156.453370405309
 31
0.0
  0
LINE
  5
ACA
330
81F
100
AcDbEntity
  8
РАЗМЕРЫ
440
 16777216
370
    -2
390
55E
100
AcDbLine
 10
11406.78222944336
 20
2417.850695177365
 30
0.0
 11
11288.86461746348
 21
2417.850695177365
 31
0.0
  0
LINE
  5
ACB
330
81F
100
AcDbEntity
  8
РАЗМЕРЫ
440
 16777216
370
    -2
390
55E
100
AcDbLine
 10
11298.86461746348
 20
3131.453370405309
 30
0.0
 11
11298.86461746348
 21
2807.152032791337
 31
0.0
  0
LINE
  5
ACC
330
81F
100
AcDbEntity
  8
РАЗМЕРЫ
440
 16777216
370
    -2
390
55E
100
AcDbLine
 10
11298.86461746348
 20
2442.850695177365
 30
0.0
 11
11298.86461746348
 21
2767.152032791337
 31
0.0
  0
SOLID
  5
ACD
330
81F
100
AcDbEntity
  8
РАЗМЕРЫ
440
 16777216
390
55E
100
AcDbTrace
 10
11303.03128413014
 20
3131.453370405309
 30
0.0
 11
11294.69795079681
 21
3131.453370405309
 31
0.0
 12
11298.86461746348
 22
3156.453370405309
 32
0.0
 13
11298.86461746348
 23
3156.453370405309
 33
0.0
  0
SOLID
  5
ACE
330
81F
100
AcDbEntity
  8
РАЗМЕРЫ
440
 16777216
390
55E
100
AcDbTrace
 10
11294.69795079681
 20
2442.850695177365
 30
0.0
 11
11303.03128413014
 21
2442.850695177365
 31
0.0
 12
11298.86461746348
 22
2417.850695177365
 32
0.0
 13
11298.86461746348
 23
2417.850695177365
 33
0.0
  0
MTEXT
  5
ACF
330
81F
100
AcDbEntity
  8
РАЗМЕРЫ
440
 16777216
370
    13
390
55E
100
AcDbMText
 10
11298.86461746348
 20
2787.152032791337
 30
0.0
 40
30.0
 41
0.0
 46
0.0
 71
     5
 72
     1
  1
\A1;739
  7
ОФОРМИТЕЛЬ
 73
     1
 44
1.0
  0
POINT
  5
AD0
330
81F
100
AcDbEntity
  8
DEFPOINTS
 62
     0
440
 16777216
390
55E
100
AcDbPoint
 10
11806.20367508223
 20
3156.453370405309
 30
0.0
  0
POINT
  5
AD1
330
81F
100
AcDbEntity
  8
DEFPOINTS
 62
     0
440
 16777216
390
55E
100
AcDbPoint
 10
11416.78222944336
 20
2417.850695177365
 30
0.0
  0
POINT
  5
AD2
330
81F
100
AcDbEntity
  8
DEFPOINTS
 62
     0
440
 16777216
390
55E
100
AcDbPoint
 10
11298.86461746348
 20
2417.850695177365
 30
0.0
  0
ENDBLK
  5
821
330
81F
100
AcDbEntity
  8
0
100
AcDbBlockEnd
  0
BLOCK
  5
82D
330
82C
100
AcDbEntity
  8
0
100
AcDbBlockBegin
  2
*D95
 70
     1
 10
0.0
 20
0.0
 30
0.0
  3
*D95
  1

  0
LINE
  5
AD3
330
82C
100
AcDbEntity
  8
РАЗМЕРЫ
440
 16777216
370
    -2
390
55E
100
AcDbLine
 10
10642.39164073234
 20
1901.484991736075
 30
0.0
 11
10642.39164073234
 21
1987.512493333174
 31
0.0
  0
LINE
  5
AD4
330
82C
100
AcDbEntity
  8
РАЗМЕРЫ
440
 16777216
370
    -2
390
55E
100
AcDbLine
 10
8454.297665986047
 20
1151.484991736075
 30
0.0
 11
8454.297665986047
 21
1987.512493333174
 31
0.0
  0
LINE
  5
AD5
330
82C
100
AcDbEntity
  8
РАЗМЕРЫ
440
 16777216
370
    -2
390
55E
100
AcDbLine
 10
10617.39164073234
 20
1977.512493333173
 30
0.0
 11
9603.344653359195
 21
1977.512493333173
 31
0.0
  0
LINE
  5
AD6
330
82C
100
AcDbEntity
  8
РАЗМЕРЫ
440
 16777216
370
    -2
390
55E
100
AcDbLine
 10
8479.297665986047
 20
1977.512493333173
 30
0.0
 11
9493.344653359196
 21
1977.512493333173
 31
0.0
  0
SOLID
  5
AD7
330
82C
100
AcDbEntity
  8
РАЗМЕРЫ
440
 16777216
390
55E
100
AcDbTrace
 10
10617.39164073234
 20
1973.345826666507
 30
0.0
 11
10617.39164073234
 21
1981.67915999984
 31
0.0
 12
10642.39164073234
 22
1977.512493333173
 32
0.0
 13
10642.39164073234
 23
1977.512493333173
 33
0.0
  0
SOLID
  5
AD8
330
82C
100
AcDbEntity
  8
РАЗМЕРЫ
440
 16777216
390
55E
100
AcDbTrace
 10
8479.297665986047
 20
1981.67915999984
 30
0.0
 11
8479.297665986047
 21
1973.345826666507
 31
0.0
 12
8454.297665986047
 22
1977.512493333173
 32
0.0
 13
8454.297665986047
 23
1977.512493333173
 33
0.0
  0
MTEXT
  5
AD9
330
82C
100
AcDbEntity
  8
РАЗМЕРЫ
440
 16777216
370
    13
390
55E
100
AcDbMText
 10
9548.344653359196
 20
1977.512493333173
 30
0.0
 40
30.0
 41
0.0
 46
0.0
 71
     5
 72
     1
  1
\A1;2188
  7
ОФОРМИТЕЛЬ
 73
     1
 44
1.0
  0
POINT
  5
ADA
330
82C
100
AcDbEntity
  8
DEFPOINTS
 62
     0
440
 16777216
390
55E
100
AcDbPoint
 10
10642.39164073234
 20
1891.484991736075
 30
0.0
  0
POINT
  5
ADB
330
82C
100
AcDbEntity
  8
DEFPOINTS
 62
     0
440
 16777216
390
55E
100
AcDbPoint
 10
8454.297665986047
 20
1141.484991736075
 30
0.0
  0
POINT
  5
ADC
330
82C
100
AcDbEntity
  8
DEFPOINTS
 62
     0
440
 16777216
390
55E
100
AcDbPoint
 10
8454.297665986047
 20
1977.512493333173
 30
0.0
  0
ENDBLK
  5
82E
330
82C
100
AcDbEntity
  8
0
100
AcDbBlockEnd
  0
BLOCK
  5
83A
330
839
100
AcDbEntity
  8
0
100
AcDbBlockBegin
  2
*D96
 70
     1
 10
0.0
 20
0.0
 30
0.0
  3
*D96
  1

  0
LINE
  5
ADD
330
839
100
AcDbEntity
  8
РАЗМЕРЫ
440
 16777216
370
    -2
390
55E
100
AcDbLine
 10
8831.055091728737
 20
1891.484991736075
 30
0.0
 11
8314.586356174947
 21
1891.484991736075
 31
0.0
  0
LINE
  5
ADE
330
839
100
AcDbEntity
  8
РАЗМЕРЫ
440
 16777216
370
    -2
390
55E
100
AcDbLine
 10
8831.055091728737
 20
1141.484991736075
 30
0.0
 11
8314.586356174947
 21
1141.484991736075
 31
0.0
  0
LINE
  5
ADF
330
839
100
AcDbEntity
  8
РАЗМЕРЫ
440
 16777216
370
    -2
390
55E
100
AcDbLine
 10
8324.586356174947
 20
1866.484991736075
 30
0.0
 11
8324.586356174947
 21
1536.484991736075
 31
0.0
  0
LINE
  5
AE0
330
839
100
AcDbEntity
  8
РАЗМЕРЫ
440
 16777216
370
    -2
390
55E
100
AcDbLine
 10
8324.586356174947
 20
1166.484991736075
 30
0.0
 11
8324.586356174947
 21
1496.484991736075
 31
0.0
  0
SOLID
  5
AE1
330
839
100
AcDbEntity
  8
РАЗМЕРЫ
440
 16777216
390
55E
100
AcDbTrace
 10
8328.753022841613
 20
1866.484991736075
 30
0.0
 11
8320.41968950828
 21
1866.484991736075
 31
0.0
 12
8324.586356174947
 22
1891.484991736075
 32
0.0
 13
8324.586356174947
 23
1891.484991736075
 33
0.0
  0
SOLID
  5
AE2
330
839
100
AcDbEntity
  8
РАЗМЕРЫ
440
 16777216
390
55E
100
AcDbTrace
 10
8320.41968950828
 20
1166.484991736075
 30
0.0
 11
8328.753022841613
 21
1166.484991736075
 31
0.0
 12
8324.586356174947
 22
1141.484991736075
 32
0.0
 13
8324.586356174947
 23
1141.484991736075
 33
0.0
  0
MTEXT
  5
AE3
330
839
100
AcDbEntity
  8
РАЗМЕРЫ
440
 16777216
370
    13
390
55E
100
AcDbMText
 10
8324.586356174947
 20
1516.484991736075
 30
0.0
 40
30.0
 41
0.0
 46
0.0
 71
     5
 72
     1
  1
\A1;750
  7
ОФОРМИТЕЛЬ
 73
     1
 44
1.0
  0
POINT
  5
AE4
330
839
100
AcDbEntity
  8
DEFPOINTS
 62
     0
440
 16777216
390
55E
100
AcDbPoint
 10
8841.055091728737
 20
1891.484991736075
 30
0.0
  0
POINT
  5
AE5
330
839
100
AcDbEntity
  8
DEFPOINTS
 62
     0
440
 16777216
390
55E
100
AcDbPoint
 10
8841.055091728737
 20
1141.484991736075
 30
0.0
  0
POINT
  5
AE6
330
839
100
AcDbEntity
  8
DEFPOINTS
 62
     0
440
 16777216
390
55E
100
AcDbPoint
 10
8324.586356174947
 20
1141.484991736075
 30
0.0
  0
ENDBLK
  5
83B
330
839
100
AcDbEntity
  8
0
100
AcDbBlockEnd
  0
BLOCK
  5
847
330
846
100
AcDbEntity
  8
0
100
AcDbBlockBegin
  2
*D97
 70
     1
 10
0.0
 20
0.0
 30
0.0
  3
*D97
  1

  0
LINE
  5
AE7
330
846
100
AcDbEntity
  8
РАЗМЕРЫ
440
 16777216
370
    -2
390
55E
100
AcDbLine
 10
11183.55502156568
 20
1901.484991736075
 30
0.0
 11
11183.55502156568
 21
1997.264225337398
 31
0.0
  0
LINE
  5
AE8
330
846
100
AcDbEntity
  8
РАЗМЕРЫ
440
 16777216
370
    -2
390
55E
100
AcDbLine
 10
13371.64899631152
 20
1151.484991736075
 30
0.0
 11
13371.64899631152
 21
1997.264225337398
 31
0.0
  0
LINE
  5
AE9
330
846
100
AcDbEntity
  8
РАЗМЕРЫ
440
 16777216
370
    -2
390
55E
100
AcDbLine
 10
11208.55502156569
 20
1987.264225337398
 30
0.0
 11
12222.6020089386
 21
1987.264225337398
 31
0.0
  0
LINE
  5
AEA
330
846
100
AcDbEntity
  8
РАЗМЕРЫ
440
 16777216
370
    -2
390
55E
100
AcDbLine
 10
13346.64899631152
 20
1987.264225337398
 30
0.0
 11
12332.6020089386
 21
1987.264225337398
 31
0.0
  0
SOLID
  5
AEB
330
846
100
AcDbEntity
  8
РАЗМЕРЫ
440
 16777216
390
55E
100
AcDbTrace
 10
11208.55502156569
 20
1991.430892004064
 30
0.0
 11
11208.55502156569
 21
1983.097558670731
 31
0.0
 12
11183.55502156568
 22
1987.264225337398
 32
0.0
 13
11183.55502156568
 23
1987.264225337398
 33
0.0
  0
SOLID
  5
AEC
330
846
100
AcDbEntity
  8
РАЗМЕРЫ
440
 16777216
390
55E
100
AcDbTrace
 10
13346.64899631152
 20
1983.097558670731
 30
0.0
 11
13346.64899631152
 21
1991.430892004064
 31
0.0
 12
13371.64899631152
 22
1987.264225337398
 32
0.0
 13
13371.64899631152
 23
1987.264225337398
 33
0.0
  0
MTEXT
  5
AED
330
846
100
AcDbEntity
  8
РАЗМЕРЫ
440
 16777216
370
    13
390
55E
100
AcDbMText
 10
12277.6020089386
 20
1987.264225337398
 30
0.0
 40
30.0
 41
0.0
 46
0.0
 71
     5
 72
     1
  1
\A1;2188
  7
ОФОРМИТЕЛЬ
 73
     1
 44
1.0
  0
POINT
  5
AEE
330
846
100
AcDbEntity
  8
DEFPOINTS
 62
     0
440
 16777216
390
55E
100
AcDbPoint
 10
11183.55502156568
 20
1891.484991736075
 30
0.0
  0
POINT
  5
AEF
330
846
100
AcDbEntity
  8
DEFPOINTS
 62
     0
440
 16777216
390
55E
100
AcDbPoint
 10
13371.64899631152
 20
1141.484991736075
 30
0.0
  0
POINT
  5
AF0
330
846
100
AcDbEntity
  8
DEFPOINTS
 62
     0
440
 16777216
390
55E
100
AcDbPoint
 10
13371.64899631152
 20
1987.264225337398
 30
0.0
  0
ENDBLK
  5
848
330
846
100
AcDbEntity
  8
0
100
AcDbBlockEnd
  0
BLOCK
  5
854
330
853
100
AcDbEntity
  8
0
100
AcDbBlockBegin
  2
*D98
 70
     1
 10
0.0
 20
0.0
 30
0.0
  3
*D98
  1

  0
LINE
  5
AF1
330
853
100
AcDbEntity
  8
РАЗМЕРЫ
440
 16777216
370
    -2
390
55E
100
AcDbLine
 10
12994.89157056883
 20
1891.484991736075
 30
0.0
 11
13566.39057644205
 21
1891.484991736075
 31
0.0
  0
LINE
  5
AF2
330
853
100
AcDbEntity
  8
РАЗМЕРЫ
440
 16777216
370
    -2
390
55E
100
AcDbLine
 10
12994.89157056883
 20
1141.484991736075
 30
0.0
 11
13566.39057644205
 21
1141.484991736075
 31
0.0
  0
LINE
  5
AF3
330
853
100
AcDbEntity
  8
РАЗМЕРЫ
440
 16777216
370
    -2
390
55E
100
AcDbLine
 10
13556.39057644205
 20
1866.484991736075
 30
0.0
 11
13556.39057644205
 21
1536.484991736075
 31
0.0
  0
LINE
  5
AF4
330
853
100
AcDbEntity
  8
РАЗМЕРЫ
440
 16777216
370
    -2
390
55E
100
AcDbLine
 10
13556.39057644205
 20
1166.484991736075
 30
0.0
 11
13556.39057644205
 21
1496.484991736075
 31
0.0
  0
SOLID
  5
AF5
330
853
100
AcDbEntity
  8
РАЗМЕРЫ
440
 16777216
390
55E
100
AcDbTrace
 10
13560.55724310872
 20
1866.484991736075
 30
0.0
 11
13552.22390977538
 21
1866.484991736075
 31
0.0
 12
13556.39057644205
 22
1891.484991736075
 32
0.0
 13
13556.39057644205
 23
1891.484991736075
 33
0.0
  0
SOLID
  5
AF6
330
853
100
AcDbEntity
  8
РАЗМЕРЫ
440
 16777216
390
55E
100
AcDbTrace
 10
13552.22390977538
 20
1166.484991736075
 30
0.0
 11
13560.55724310872
 21
1166.484991736075
 31
0.0
 12
13556.39057644205
 22
1141.484991736075
 32
0.0
 13
13556.39057644205
 23
1141.484991736075
 33
0.0
  0
MTEXT
  5
AF7
330
853
100
AcDbEntity
  8
РАЗМЕРЫ
440
 16777216
370
    13
390
55E
100
AcDbMText
 10
13556.39057644205
 20
1516.484991736075
 30
0.0
 40
30.0
 41
0.0
 46
0.0
 71
     5
 72
     1
  1
\A1;750
  7
ОФОРМИТЕЛЬ
 73
     1
 44
1.0
  0
POINT
  5
AF8
330
853
100
AcDbEntity
  8
DEFPOINTS
 62
     0
440
 16777216
390
55E
100
AcDbPoint
 10
12984.89157056883
 20
1891.484991736075
 30
0.0
  0
POINT
  5
AF9
330
853
100
AcDbEntity
  8
DEFPOINTS
 62
     0
440
 16777216
390
55E
100
AcDbPoint
 10
12984.89157056883
 20
1141.484991736075
 30
0.0
  0
POINT
  5
AFA
330
853
100
AcDbEntity
  8
DEFPOINTS
 62
     0
440
 16777216
390
55E
100
AcDbPoint
 10
13556.39057644205
 20
1141.484991736075
 30
0.0
  0
ENDBLK
  5
855
330
853
100
AcDbEntity
  8
0
100
AcDbBlockEnd
  0
BLOCK
  5
861
330
860
100
AcDbEntity
  8
0
100
AcDbBlockBegin
  2
*D99
 70
     1
 10
0.0
 20
0.0
 30
0.0
  3
*D99
  1

  0
LINE
  5
AFB
330
860
100
AcDbEntity
  8
РАЗМЕРЫ
440
 16777216
370
    -2
390
55E
100
AcDbLine
 10
10378.81252804799
 20
794.5640856663576
 30
0.0
 11
10378.81252804799
 21
900.1943748620742
 31
0.0
  0
LINE
  5
AFC
330
860
100
AcDbEntity
  8
РАЗМЕРЫ
440
 16777216
370
    -2
390
55E
100
AcDbLine
 10
11384.81252804799
 20
794.5640856663576
 30
0.0
 11
11384.81252804799
 21
900.1943748620742
 31
0.0
  0
LINE
  5
AFD
330
860
100
AcDbEntity
  8
РАЗМЕРЫ
440
 16777216
370
    -2
390
55E
100
AcDbLine
 10
10403.81252804799
 20
890.1943748620743
 30
0.0
 11
10831.81252804799
 21
890.1943748620743
 31
0.0
  0
LINE
  5
AFE
330
860
100
AcDbEntity
  8
РАЗМЕРЫ
440
 16777216
370
    -2
390
55E
100
AcDbLine
 10
11359.81252804799
 20
890.1943748620743
 30
0.0
 11
10931.81252804799
 21
890.1943748620743
 31
0.0
  0
SOLID
  5
AFF
330
860
100
AcDbEntity
  8
РАЗМЕРЫ
440
 16777216
390
55E
100
AcDbTrace
 10
10403.81252804799
 20
894.3610415287409
 30
0.0
 11
10403.81252804799
 21
886.0277081954077
 31
0.0
 12
10378.81252804799
 22
890.1943748620743
 32
0.0
 13
10378.81252804799
 23
890.1943748620743
 33
0.0
  0
SOLID
  5
B00
330
860
100
AcDbEntity
  8
РАЗМЕРЫ
440
 16777216
390
55E
100
AcDbTrace
 10
11359.81252804799
 20
886.0277081954077
 30
0.0
 11
11359.81252804799
 21
894.3610415287409
 31
0.0
 12
11384.81252804799
 22
890.1943748620743
 32
0.0
 13
11384.81252804799
 23
890.1943748620743
 33
0.0
  0
MTEXT
  5
B01
330
860
100
AcDbEntity
  8
РАЗМЕРЫ
440
 16777216
370
    13
390
55E
100
AcDbMText
 10
10881.81252804799
 20
890.1943748620743
 30
0.0
 40
30.0
 41
0.0
 46
0.0
 71
     5
 72
     1
  1
\A1;1006
  7
ОФОРМИТЕЛЬ
 73
     1
 44
1.0
  0
POINT
  5
B02
330
860
100
AcDbEntity
  8
DEFPOINTS
 62
     0
440
 16777216
390
55E
100
AcDbPoint
 10
10378.81252804799
 20
784.5640856663576
 30
0.0
  0
POINT
  5
B03
330
860
100
AcDbEntity
  8
DEFPOINTS
 62
     0
440
 16777216
390
55E
100
AcDbPoint
 10
11384.81252804799
 20
784.5640856663576
 30
0.0
  0
POINT
  5
B04
330
860
100
AcDbEntity
  8
DEFPOINTS
 62
     0
440
 16777216
390
55E
100
AcDbPoint
 10
11384.81252804799
 20
890.1943748620743
 30
0.0
  0
ENDBLK
  5
862
330
860
100
AcDbEntity
  8
0
100
AcDbBlockEnd
  0
BLOCK
  5
86E
330
86D
100
AcDbEntity
  8
0
100
AcDbBlockBegin
  2
*D100
 70
     1
 10
0.0
 20
0.0
 30
0.0
  3
*D100
  1

  0
LINE
  5
B05
330
86D
100
AcDbEntity
  8
РАЗМЕРЫ
440
 16777216
370
    -2
390
55E
100
AcDbLine
 10
11394.81252804799
 20
784.5640856663576
 30
0.0
 11
11698.93389763245
 21
784.5640856663576
 31
0.0
  0
LINE
  5
B06
330
86D
100
AcDbEntity
  8
РАЗМЕРЫ
440
 16777216
370
    -2
390
55E
100
AcDbLine
 10
11394.81252804799
 20
-55.43591433364236
 30
0.0
 11
11698.93389763245
 21
-55.43591433364237
 31
0.0
  0
LINE
  5
B07
330
86D
100
AcDbEntity
  8
РАЗМЕРЫ
440
 16777216
370
    -2
390
55E
100
AcDbLine
 10
11688.93389763245
 20
759.5640856663576
 30
0.0
 11
11688.93389763245
 21
384.5640856663576
 31
0.0
  0
LINE
  5
B08
330
86D
100
AcDbEntity
  8
РАЗМЕРЫ
440
 16777216
370
    -2
390
55E
100
AcDbLine
 10
11688.93389763245
 20
-30.43591433364238
 30
0.0
 11
11688.93389763245
 21
344.5640856663577
 31
0.0
  0
SOLID
  5
B09
330
86D
100
AcDbEntity
  8
РАЗМЕРЫ
440
 16777216
390
55E
100
AcDbTrace
 10
11693.10056429912
 20
759.5640856663576
 30
0.0
 11
11684.76723096579
 21
759.5640856663576
 31
0.0
 12
11688.93389763245
 22
784.5640856663576
 32
0.0
 13
11688.93389763245
 23
784.5640856663576
 33
0.0
  0
SOLID
  5
B0A
330
86D
100
AcDbEntity
  8
РАЗМЕРЫ
440
 16777216
390
55E
100
AcDbTrace
 10
11684.76723096579
 20
-30.43591433364238
 30
0.0
 11
11693.10056429912
 21
-30.43591433364238
 31
0.0
 12
11688.93389763245
 22
-55.43591433364237
 32
0.0
 13
11688.93389763245
 23
-55.43591433364237
 33
0.0
  0
MTEXT
  5
B0B
330
86D
100
AcDbEntity
  8
РАЗМЕРЫ
440
 16777216
370
    13
390
55E
100
AcDbMText
 10
11688.93389763245
 20
364.5640856663576
 30
0.0
 40
30.0
 41
0.0
 46
0.0
 71
     5
 72
     1
  1
\A1;840
  7
ОФОРМИТЕЛЬ
 73
     1
 44
1.0
  0
POINT
  5
B0C
330
86D
100
AcDbEntity
  8
DEFPOINTS
 62
     0
440
 16777216
390
55E
100
AcDbPoint
 10
11384.81252804799
 20
784.5640856663576
 30
0.0
  0
POINT
  5
B0D
330
86D
100
AcDbEntity
  8
DEFPOINTS
 62
     0
440
 16777216
390
55E
100
AcDbPoint
 10
11384.81252804799
 20
-55.43591433364236
 30
0.0
  0
POINT
  5
B0E
330
86D
100
AcDbEntity
  8
DEFPOINTS
 62
     0
440
 16777216
390
55E
100
AcDbPoint
 10
11688.93389763245
 20
-55.43591433364237
 30
0.0
  0
ENDBLK
  5
86F
330
86D
100
AcDbEntity
  8
0
100
AcDbBlockEnd
  0
BLOCK
  5
87B
330
87A
100
AcDbEntity
  8
0
100
AcDbBlockBegin
  2
*D101
 70
     1
 10
0.0
 20
0.0
 30
0.0
  3
*D101
  1

  0
LINE
  5
B0F
330
87A
100
AcDbEntity
  8
РАЗМЕРЫ
440
 16777216
370
    -2
390
55E
100
AcDbLine
 10
8770.901972386601
 20
1379.925640737644
 30
0.0
 11
8794.055656540088
 21
1389.354686825164
 31
0.0
  0
LINE
  5
B10
330
87A
100
AcDbEntity
  8
РАЗМЕРЫ
440
 16777216
370
    -2
390
55E
100
AcDbLine
 10
8707.923951488934
 20
1354.278635379514
 30
0.0
 11
8684.770267335448
 21
1344.849589291993
 31
0.0
  0
MTEXT
  5
B11
330
87A
100
AcDbEntity
  8
РАЗМЕРЫ
440
 16777216
370
    13
390
55E
100
AcDbMText
 10
8992.579998464139
 20
1402.160305083909
 30
0.0
 40
30.0
 41
0.0
 46
0.0
 71
     5
 72
     1
  1
\A1;∅18
  7
ОФОРМИТЕЛЬ
 73
     1
 44
1.0
  0
SOLID
  5
B12
330
87A
100
AcDbEntity
  8
РАЗМЕРЫ
440
 16777216
390
55E
100
AcDbTrace
 10
8709.495459170188
 20
1350.419688020599
 30
0.0
 11
8706.352443807679
 21
1358.137582738428
 31
0.0
 12
8731.077635642421
 22
1363.707681467034
 32
0.0
 13
8731.077635642421
 23
1363.707681467034
 33
0.0
  0
SOLID
  5
B13
330
87A
100
AcDbEntity
  8
РАЗМЕРЫ
440
 16777216
390
55E
100
AcDbTrace
 10
8769.330464705346
 20
1383.784588096558
 30
0.0
 11
8772.473480067855
 21
1376.066693378729
 31
0.0
 12
8747.748288233113
 22
1370.496594650123
 32
0.0
 13
8747.748288233113
 23
1370.496594650123
 33
0.0
  0
LINE
  5
B14
330
87A
100
AcDbEntity
  8
РАЗМЕРЫ
440
 16777216
370
    -2
390
55E
100
AcDbLine
 10
8739.322961937768
 20
1367.102138058579
 30
0.0
 11
8739.502961937768
 21
1367.102138058579
 31
0.0
  0
LINE
  5
B15
330
87A
100
AcDbEntity
  8
РАЗМЕРЫ
440
 16777216
370
    -2
390
55E
100
AcDbLine
 10
8739.412961937768
 20
1367.012138058579
 30
0.0
 11
8739.412961937768
 21
1367.192138058579
 31
0.0
  0
POINT
  5
B16
330
87A
100
AcDbEntity
  8
DEFPOINTS
 62
     0
440
 16777216
390
55E
100
AcDbPoint
 10
8747.748288233113
 20
1370.496594650123
 30
0.0
  0
POINT
  5
B17
330
87A
100
AcDbEntity
  8
DEFPOINTS
 62
     0
440
 16777216
390
55E
100
AcDbPoint
 10
8731.077635642421
 20
1363.707681467034
 30
0.0
  0
ENDBLK
  5
87C
330
87A
100
AcDbEntity
  8
0
100
AcDbBlockEnd
  0
BLOCK
  5
887
330
886
100
AcDbEntity
  8
0
100
AcDbBlockBegin
  2
*D102
 70
     1
 10
0.0
 20
0.0
 30
0.0
  3
*D102
  1

  0
LINE
  5
B18
330
886
100
AcDbEntity
  8
РАЗМЕРЫ
440
 16777216
370
    -2
390
55E
100
AcDbLine
 10
8666.230697593885
 20
2673.018508831916
 30
0.0
 11
8661.529036980308
 21
2697.572416616111
 31
0.0
  0
LINE
  5
B19
330
886
100
AcDbEntity
  8
РАЗМЕРЫ
440
 16777216
370
    -2
390
55E
100
AcDbLine
 10
8679.019214462817
 20
2606.231879658888
 30
0.0
 11
8683.720875076394
 21
2581.677971874693
 31
0.0
  0
MTEXT
  5
B1A
330
886
100
AcDbEntity
  8
РАЗМЕРЫ
440
 16777216
370
    13
390
55E
100
AcDbMText
 10
8909.690276427941
 20
2648.46460104775
 30
0.0
 40
30.0
 41
0.0
 46
0.0
 71
     5
 72
     1
  1
\A1;∅18
  7
ОФОРМИТЕЛЬ
 73
     1
 44
1.0
  0
SOLID
  5
B1B
330
886
100
AcDbEntity
  8
РАЗМЕРЫ
440
 16777216
390
55E
100
AcDbTrace
 10
8683.111532426847
 20
2607.015489761151
 30
0.0
 11
8674.926896498785
 21
2605.448269556625
 31
0.0
 12
8674.31755384924
 22
2630.785787443083
 32
0.0
 13
8674.31755384924
 23
2630.785787443083
 33
0.0
  0
SOLID
  5
B1C
330
886
100
AcDbEntity
  8
РАЗМЕРЫ
440
 16777216
390
55E
100
AcDbTrace
 10
8662.138379629853
 20
2672.234898729653
 30
0.0
 11
8670.323015557917
 21
2673.802118934179
 31
0.0
 12
8670.932358207462
 22
2648.464601047721
 32
0.0
 13
8670.932358207462
 23
2648.464601047721
 33
0.0
  0
LINE
  5
B1D
330
886
100
AcDbEntity
  8
РАЗМЕРЫ
440
 16777216
370
    -2
390
55E
100
AcDbLine
 10
8672.53495602835
 20
2639.625194245402
 30
0.0
 11
8672.71495602835
 21
2639.625194245402
 31
0.0
  0
LINE
  5
B1E
330
886
100
AcDbEntity
  8
РАЗМЕРЫ
440
 16777216
370
    -2
390
55E
100
AcDbLine
 10
8672.62495602835
 20
2639.535194245402
 30
0.0
 11
8672.62495602835
 21
2639.715194245402
 31
0.0
  0
POINT
  5
B1F
330
886
100
AcDbEntity
  8
DEFPOINTS
 62
     0
440
 16777216
390
55E
100
AcDbPoint
 10
8670.932358207462
 20
2648.464601047721
 30
0.0
  0
POINT
  5
B20
330
886
100
AcDbEntity
  8
DEFPOINTS
 62
     0
440
 16777216
390
55E
100
AcDbPoint
 10
8674.31755384924
 20
2630.785787443083
 30
0.0
  0
ENDBLK
  5
888
330
886
100
AcDbEntity
  8
0
100
AcDbBlockEnd
  0
BLOCK
  5
893
330
892
100
AcDbEntity
  8
0
100
AcDbBlockBegin
  2
*D103
 70
     1
 10
0.0
 20
0.0
 30
0.0
  3
*D103
  1

  0
LINE
  5
B21
330
892
100
AcDbEntity
  8
РАЗМЕРЫ
440
 16777216
370
    -2
390
55E
100
AcDbLine
 10
11708.99209870595
 20
2613.247821243983
 30
0.0
 11
11688.46304680494
 21
2598.980444889323
 31
0.0
  0
LINE
  5
B22
330
892
100
AcDbEntity
  8
РАЗМЕРЫ
440
 16777216
370
    -2
390
55E
100
AcDbLine
 10
11764.8311198768
 20
2652.055084928728
 30
0.0
 11
11785.36017177782
 21
2666.322461283388
 31
0.0
  0
MTEXT
  5
B23
330
892
100
AcDbEntity
  8
РАЗМЕРЫ
440
 16777216
370
    13
390
55E
100
AcDbMText
 10
11903.47200172515
 20
2624.024217336793
 30
0.0
 40
30.0
 41
0.0
 46
0.0
 71
     5
 72
     1
  1
\A1;∅18
  7
ОФОРМИТЕЛЬ
 73
     1
 44
1.0
  0
SOLID
  5
B24
330
892
100
AcDbEntity
  8
РАЗМЕРЫ
440
 16777216
390
55E
100
AcDbTrace
 10
11762.45322381769
 20
2655.476593578896
 30
0.0
 11
11767.20901593591
 21
2648.633576278559
 31
0.0
 12
11744.30206797579
 22
2637.787708574068
 32
0.0
 13
11744.30206797579
 23
2637.787708574068
 33
0.0
  0
SOLID
  5
B25
330
892
100
AcDbEntity
  8
РАЗМЕРЫ
440
 16777216
390
55E
100
AcDbTrace
 10
11711.36999476506
 20
2609.826312593814
 30
0.0
 11
11706.61420264684
 21
2616.669329894152
 31
0.0
 12
11729.52115060696
 22
2627.515197598643
 32
0.0
 13
11729.52115060696
 23
2627.515197598643
 33
0.0
  0
LINE
  5
B26
330
892
100
AcDbEntity
  8
РАЗМЕРЫ
440
 16777216
370
    -2
390
55E
100
AcDbLine
 10
11736.82160929138
 20
2632.651453086355
 30
0.0
 11
11737.00160929138
 21
2632.651453086355
 31
0.0
  0
LINE
  5
B27
330
892
100
AcDbEntity
  8
РАЗМЕРЫ
440
 16777216
370
    -2
390
55E
100
AcDbLine
 10
11736.91160929138
 20
2632.561453086355
 30
0.0
 11
11736.91160929138
 21
2632.741453086355
 31
0.0
  0
POINT
  5
B28
330
892
100
AcDbEntity
  8
DEFPOINTS
 62
     0
440
 16777216
390
55E
100
AcDbPoint
 10
11729.52115060696
 20
2627.515197598643
 30
0.0
  0
POINT
  5
B29
330
892
100
AcDbEntity
  8
DEFPOINTS
 62
     0
440
 16777216
390
55E
100
AcDbPoint
 10
11744.30206797579
 20
2637.787708574068
 30
0.0
  0
ENDBLK
  5
894
330
892
100
AcDbEntity
  8
0
100
AcDbBlockEnd
  0
BLOCK
  5
89F
330
89E
100
AcDbEntity
  8
0
100
AcDbBlockBegin
  2
*D104
 70
     1
 10
0.0
 20
0.0
 30
0.0
  3
*D104
  1

  0
LINE
  5
B2A
330
89E
100
AcDbEntity
  8
РАЗМЕРЫ
440
 16777216
370
    -2
390
55E
100
AcDbLine
 10
11739.80427429832
 20
1337.617385299798
 30
0.0
 11
11752.25333475122
 21
1315.937420035986
 31
0.0
  0
LINE
  5
B2B
330
89E
100
AcDbEntity
  8
РАЗМЕРЫ
440
 16777216
370
    -2
390
55E
100
AcDbLine
 10
11705.94282986644
 20
1396.58689081736
 30
0.0
 11
11693.49376941354
 21
1418.266856081172
 31
0.0
  0
MTEXT
  5
B2C
330
89E
100
AcDbEntity
  8
РАЗМЕРЫ
440
 16777216
370
    13
390
55E
100
AcDbMText
 10
11922.97546573384
 20
1353.401645062759
 30
0.0
 40
30.0
 41
0.0
 46
0.0
 71
     5
 72
     1
  1
\A1;∅18
  7
ОФОРМИТЕЛЬ
 73
     1
 44
1.0
  0
SOLID
  5
B2D
330
89E
100
AcDbEntity
  8
РАЗМЕРЫ
440
 16777216
390
55E
100
AcDbTrace
 10
11702.32950232248
 20
1394.512047408544
 30
0.0
 11
11709.55615741041
 21
1398.661734226176
 31
0.0
 12
11718.39189031934
 22
1374.906925553549
 32
0.0
 13
11718.39189031934
 23
1374.906925553549
 33
0.0
  0
SOLID
  5
B2E
330
89E
100
AcDbEntity
  8
РАЗМЕРЫ
440
 16777216
390
55E
100
AcDbTrace
 10
11743.41760184229
 20
1339.692228708614
 30
0.0
 11
11736.19094675436
 21
1335.542541890981
 31
0.0
 12
11727.35521384543
 22
1359.297350563609
 32
0.0
 13
11727.35521384543
 23
1359.297350563609
 33
0.0
  0
LINE
  5
B2F
330
89E
100
AcDbEntity
  8
РАЗМЕРЫ
440
 16777216
370
    -2
390
55E
100
AcDbLine
 10
11722.78355208238
 20
1367.102138058579
 30
0.0
 11
11722.96355208239
 21
1367.102138058579
 31
0.0
  0
LINE
  5
B30
330
89E
100
AcDbEntity
  8
РАЗМЕРЫ
440
 16777216
370
    -2
390
55E
100
AcDbLine
 10
11722.87355208238
 20
1367.012138058579
 30
0.0
 11
11722.87355208238
 21
1367.192138058579
 31
0.0
  0
POINT
  5
B31
330
89E
100
AcDbEntity
  8
DEFPOINTS
 62
     0
440
 16777216
390
55E
100
AcDbPoint
 10
11727.35521384543
 20
1359.297350563609
 30
0.0
  0
POINT
  5
B32
330
89E
100
AcDbEntity
  8
DEFPOINTS
 62
     0
440
 16777216
390
55E
100
AcDbPoint
 10
11718.39189031934
 20
1374.906925553549
 30
0.0
  0
ENDBLK
  5
8A0
330
89E
100
AcDbEntity
  8
0
100
AcDbBlockEnd
  0
BLOCK
  5
8AB
330
8AA
100
AcDbEntity
  8
0
100
AcDbBlockBegin
  2
*D105
 70
     1
 10
0.0
 20
0.0
 30
0.0
  3
*D105
  1

  0
LINE
  5
B33
330
8AA
100
AcDbEntity
  8
РАЗМЕРЫ
440
 16777216
370
    -2
390
55E
100
AcDbLine
 10
12567.82987779659
 20
2540.484045266086
 30
0.0
 11
12585.04853710163
 21
2573.142102414552
 31
0.0
  0
LINE
  5
B34
330
8AA
100
AcDbEntity
  8
РАЗМЕРЫ
440
 16777216
370
    -2
390
55E
100
AcDbLine
 10
12493.5250937976
 20
2579.660557040711
 30
0.0
 11
12510.74375310264
 21
2612.318614189178
 31
0.0
  0
LINE
  5
B35
330
8AA
100
AcDbEntity
  8
РАЗМЕРЫ
440
 16777216
370
    -2
390
55E
100
AcDbLine
 10
12602.49918569963
 20
2552.636618672172
 30
0.0
 11
12624.61370474701
 21
2540.976942548741
 31
0.0
  0
LINE
  5
B36
330
8AA
100
AcDbEntity
  8
РАЗМЕРЫ
440
 16777216
370
    -2
390
55E
100
AcDbLine
 10
12483.9653636059
 20
2615.132482693658
 30
0.0
 11
12461.85084455852
 21
2626.792158817089
 31
0.0
  0
SOLID
  5
B37
330
8AA
100
AcDbEntity
  8
РАЗМЕРЫ
440
 16777216
390
55E
100
AcDbTrace
 10
12604.44246505354
 20
2556.322371846734
 30
0.0
 11
12600.55590634573
 21
2548.950865497609
 31
0.0
 12
12580.38466665226
 22
2564.296294795602
 32
0.0
 13
12580.38466665226
 23
2564.296294795602
 33
0.0
  0
SOLID
  5
B38
330
8AA
100
AcDbEntity
  8
РАЗМЕРЫ
440
 16777216
390
55E
100
AcDbTrace
 10
12482.02208425199
 20
2611.446729519095
 30
0.0
 11
12485.9086429598
 21
2618.818235868221
 31
0.0
 12
12506.07988265327
 22
2603.472806570227
 32
0.0
 13
12506.07988265327
 23
2603.472806570227
 33
0.0
  0
MTEXT
  5
B39
330
8AA
100
AcDbEntity
  8
РАЗМЕРЫ
440
 16777216
370
    13
390
55E
100
AcDbMText
 10
12543.23227465276
 20
2583.884550682915
 30
0.0
 40
30.0
 41
0.0
 46
0.0
 71
     5
 72
     1
  1
\A1;84
  7
ОФОРМИТЕЛЬ
 73
     1
 44
1.0
  0
POINT
  5
B3A
330
8AA
100
AcDbEntity
  8
DEFPOINTS
 62
     0
440
 16777216
390
55E
100
AcDbPoint
 10
12563.16600734722
 20
2531.638237647136
 30
0.0
  0
POINT
  5
B3B
330
8AA
100
AcDbEntity
  8
DEFPOINTS
 62
     0
440
 16777216
390
55E
100
AcDbPoint
 10
12488.86122334823
 20
2570.814749421761
 30
0.0
  0
POINT
  5
B3C
330
8AA
100
AcDbEntity
  8
DEFPOINTS
 62
     0
440
 16777216
390
55E
100
AcDbPoint
 10
12506.07988265327
 20
2603.472806570227
 30
0.0
  0
ENDBLK
  5
8AC
330
8AA
100
AcDbEntity
  8
0
100
AcDbBlockEnd
  0
BLOCK
  5
8B8
330
8B7
100
AcDbEntity
  8
0
100
AcDbBlockBegin
  2
*D106
 70
     1
 10
0.0
 20
0.0
 30
0.0
  3
*D106
  1

  0
LINE
  5
B3D
330
8B7
100
AcDbEntity
  8
РАЗМЕРЫ
440
 16777216
370
    -2
390
55E
100
AcDbLine
 10
12480.01541572927
 20
2575.478619871118
 30
0.0
 11
12441.0543343092
 21
2596.020490567088
 31
0.0
  0
LINE
  5
B3E
330
8B7
100
AcDbEntity
  8
РАЗМЕРЫ
440
 16777216
370
    -2
390
55E
100
AcDbLine
 10
12399.36652948453
 20
2422.514565626722
 30
0.0
 11
12360.40544806445
 21
2443.056436322692
 31
0.0
  0
LINE
  5
B3F
330
8B7
100
AcDbEntity
  8
РАЗМЕРЫ
440
 16777216
370
    -2
390
55E
100
AcDbLine
 10
12438.24046580476
 20
2569.242101070336
 30
0.0
 11
12420.1205142715
 21
2534.874592995533
 31
0.0
  0
LINE
  5
B40
330
8B7
100
AcDbEntity
  8
РАЗМЕРЫ
440
 16777216
370
    -2
390
55E
100
AcDbLine
 10
12380.9109318068
 20
2460.507084920731
 30
0.0
 11
12399.03088334007
 21
2494.874592995533
 31
0.0
  0
SOLID
  5
B41
330
8B7
100
AcDbEntity
  8
РАЗМЕРЫ
440
 16777216
390
55E
100
AcDbTrace
 10
12441.92621897933
 20
2567.298821716437
 30
0.0
 11
12434.5547126302
 21
2571.185380424234
 31
0.0
 12
12449.90014192816
 22
2591.356620117731
 32
0.0
 13
12449.90014192816
 23
2591.356620117731
 33
0.0
  0
SOLID
  5
B42
330
8B7
100
AcDbEntity
  8
РАЗМЕРЫ
440
 16777216
390
55E
100
AcDbTrace
 10
12377.22517863224
 20
2462.450364274629
 30
0.0
 11
12384.59668498137
 21
2458.563805566832
 31
0.0
 12
12369.25125568341
 22
2438.392565873335
 32
0.0
 13
12369.25125568341
 23
2438.392565873335
 33
0.0
  0
MTEXT
  5
B43
330
8B7
100
AcDbEntity
  8
РАЗМЕРЫ
440
 16777216
370
    13
390
55E
100
AcDbMText
 10
12409.57569880578
 20
2514.874592995533
 30
0.0
 40
30.0
 41
0.0
 46
0.0
 71
     5
 72
     1
  1
\A1;173
  7
ОФОРМИТЕЛЬ
 73
     1
 44
1.0
  0
POINT
  5
B44
330
8B7
100
AcDbEntity
  8
DEFPOINTS
 62
     0
440
 16777216
390
55E
100
AcDbPoint
 10
12488.86122334823
 20
2570.814749421761
 30
0.0
  0
POINT
  5
B45
330
8B7
100
AcDbEntity
  8
DEFPOINTS
 62
     0
440
 16777216
390
55E
100
AcDbPoint
 10
12408.21233710349
 20
2417.850695177365
 30
0.0
  0
POINT
  5
B46
330
8B7
100
AcDbEntity
  8
DEFPOINTS
 62
     0
440
 16777216
390
55E
100
AcDbPoint
 10
12369.25125568341
 20
2438.392565873335
 30
0.0
  0
ENDBLK
  5
8B9
330
8B7
100
AcDbEntity
  8
0
100
AcDbBlockEnd
  0
BLOCK
  5
8C5
330
8C4
100
AcDbEntity
  8
0
100
AcDbBlockBegin
  2
*D107
 70
     1
 10
0.0
 20
0.0
 30
0.0
  3
*D107
  1

  0
LINE
  5
B47
330
8C4
100
AcDbEntity
  8
РАЗМЕРЫ
440
 16777216
370
    -2
390
55E
100
AcDbLine
 10
10478.81252804799
 20
224.5640856663576
 30
0.0
 11
10279.83652712386
 21
224.5640856663576
 31
0.0
  0
LINE
  5
B48
330
8C4
100
AcDbEntity
  8
РАЗМЕРЫ
440
 16777216
370
    -2
390
55E
100
AcDbLine
 10
10478.81252804799
 20
24.56408566635764
 30
0.0
 11
10279.83652712386
 21
24.56408566635766
 31
0.0
  0
LINE
  5
B49
330
8C4
100
AcDbEntity
  8
РАЗМЕРЫ
440
 16777216
370
    -2
390
55E
100
AcDbLine
 10
10289.83652712386
 20
199.5640856663576
 30
0.0
 11
10289.83652712386
 21
144.5640856663576
 31
0.0
  0
LINE
  5
B4A
330
8C4
100
AcDbEntity
  8
РАЗМЕРЫ
440
 16777216
370
    -2
390
55E
100
AcDbLine
 10
10289.83652712386
 20
49.56408566635765
 30
0.0
 11
10289.83652712386
 21
104.5640856663576
 31
0.0
  0
SOLID
  5
B4B
330
8C4
100
AcDbEntity
  8
РАЗМЕРЫ
440
 16777216
390
55E
100
AcDbTrace
 10
10294.00319379053
 20
199.5640856663576
 30
0.0
 11
10285.66986045719
 21
199.5640856663576
 31
0.0
 12
10289.83652712386
 22
224.5640856663576
 32
0.0
 13
10289.83652712386
 23
224.5640856663576
 33
0.0
  0
SOLID
  5
B4C
330
8C4
100
AcDbEntity
  8
РАЗМЕРЫ
440
 16777216
390
55E
100
AcDbTrace
 10
10285.66986045719
 20
49.56408566635765
 30
0.0
 11
10294.00319379053
 21
49.56408566635765
 31
0.0
 12
10289.83652712386
 22
24.56408566635766
 32
0.0
 13
10289.83652712386
 23
24.56408566635766
 33
0.0
  0
MTEXT
  5
B4D
330
8C4
100
AcDbEntity
  8
РАЗМЕРЫ
440
 16777216
370
    13
390
55E
100
AcDbMText
 10
10289.83652712386
 20
124.5640856663576
 30
0.0
 40
30.0
 41
0.0
 46
0.0
 71
     5
 72
     1
  1
\A1;200
  7
ОФОРМИТЕЛЬ
 73
     1
 44
1.0
  0
POINT
  5
B4E
330
8C4
100
AcDbEntity
  8
DEFPOINTS
 62
     0
440
 16777216
390
55E
100
AcDbPoint
 10
10488.81252804799
 20
224.5640856663576
 30
0.0
  0
POINT
  5
B4F
330
8C4
100
AcDbEntity
  8
DEFPOINTS
 62
     0
440
 16777216
390
55E
100
AcDbPoint
 10
10488.81252804799
 20
24.56408566635764
 30
0.0
  0
POINT
  5
B50
330
8C4
100
AcDbEntity
  8
DEFPOINTS
 62
     0
440
 16777216
390
55E
100
AcDbPoint
 10
10289.83652712386
 20
24.56408566635766
 30
0.0
  0
ENDBLK
  5
8C6
330
8C4
100
AcDbEntity
  8
0
100
AcDbBlockEnd
  0
BLOCK
  5
8D2
330
8D1
100
AcDbEntity
  8
0
100
AcDbBlockBegin
  2
*D108
 70
     1
 10
0.0
 20
0.0
 30
0.0
  3
*D108
  1

  0
LINE
  5
B51
330
8D1
100
AcDbEntity
  8
РАЗМЕРЫ
440
 16777216
370
    -2
390
55E
100
AcDbLine
 10
10478.81252804799
 20
24.56408566635764
 30
0.0
 11
10279.83652712386
 21
24.56408566635766
 31
0.0
  0
LINE
  5
B52
330
8D1
100
AcDbEntity
  8
РАЗМЕРЫ
440
 16777216
370
    -2
390
55E
100
AcDbLine
 10
10368.81252804799
 20
-55.43591433364236
 30
0.0
 11
10279.83652712386
 21
-55.43591433364235
 31
0.0
  0
LINE
  5
B53
330
8D1
100
AcDbEntity
  8
РАЗМЕРЫ
440
 16777216
370
    -2
390
55E
100
AcDbLine
 10
10289.83652712386
 20
-0.4359143336423479
 30
0.0
 11
10289.83652712386
 21
-30.43591433364235
 31
0.0
  0
SOLID
  5
B54
330
8D1
100
AcDbEntity
  8
РАЗМЕРЫ
440
 16777216
390
55E
100
AcDbTrace
 10
10294.00319379053
 20
-0.4359143336423479
 30
0.0
 11
10285.66986045719
 21
-0.4359143336423479
 31
0.0
 12
10289.83652712386
 22
24.56408566635766
 32
0.0
 13
10289.83652712386
 23
24.56408566635766
 33
0.0
  0
SOLID
  5
B55
330
8D1
100
AcDbEntity
  8
РАЗМЕРЫ
440
 16777216
390
55E
100
AcDbTrace
 10
10285.66986045719
 20
-30.43591433364235
 30
0.0
 11
10294.00319379053
 21
-30.43591433364235
 31
0.0
 12
10289.83652712386
 22
-55.43591433364235
 32
0.0
 13
10289.83652712386
 23
-55.43591433364235
 33
0.0
  0
MTEXT
  5
B56
330
8D1
100
AcDbEntity
  8
РАЗМЕРЫ
440
 16777216
370
    13
390
55E
100
AcDbMText
 10
10257.33652712386
 20
-15.43591433364235
 30
0.0
 40
30.0
 41
0.0
 46
0.0
 71
     5
 72
     1
  1
\A1;80
  7
ОФОРМИТЕЛЬ
 73
     1
 44
1.0
  0
POINT
  5
B57
330
8D1
100
AcDbEntity
  8
DEFPOINTS
 62
     0
440
 16777216
390
55E
100
AcDbPoint
 10
10488.81252804799
 20
24.56408566635764
 30
0.0
  0
POINT
  5
B58
330
8D1
100
AcDbEntity
  8
DEFPOINTS
 62
     0
440
 16777216
390
55E
100
AcDbPoint
 10
10378.81252804799
 20
-55.43591433364236
 30
0.0
  0
POINT
  5
B59
330
8D1
100
AcDbEntity
  8
DEFPOINTS
 62
     0
440
 16777216
390
55E
100
AcDbPoint
 10
10289.83652712386
 20
-55.43591433364235
 30
0.0
  0
ENDBLK
  5
8D3
330
8D1
100
AcDbEntity
  8
0
100
AcDbBlockEnd
  0
BLOCK
  5
8DE
330
8DD
100
AcDbEntity
  8
0
100
AcDbBlockBegin
  2
*D109
 70
     1
 10
0.0
 20
0.0
 30
0.0
  3
*D109
  1

  0
LINE
  5
B5A
330
8DD
100
AcDbEntity
  8
РАЗМЕРЫ
440
 16777216
370
    -2
390
55E
100
AcDbLine
 10
11284.81252804799
 20
224.5640856663576
 30
0.0
 11
11471.18714872543
 21
224.5640856663576
 31
0.0
  0
LINE
  5
B5B
330
8DD
100
AcDbEntity
  8
РАЗМЕРЫ
440
 16777216
370
    -2
390
55E
100
AcDbLine
 10
11284.81252804799
 20
24.56408566635764
 30
0.0
 11
11471.18714872543
 21
24.56408566635763
 31
0.0
  0
LINE
  5
B5C
330
8DD
100
AcDbEntity
  8
РАЗМЕРЫ
440
 16777216
370
    -2
390
55E
100
AcDbLine
 10
11461.18714872543
 20
199.5640856663576
 30
0.0
 11
11461.18714872543
 21
144.5640856663576
 31
0.0
  0
LINE
  5
B5D
330
8DD
100
AcDbEntity
  8
РАЗМЕРЫ
440
 16777216
370
    -2
390
55E
100
AcDbLine
 10
11461.18714872543
 20
49.56408566635762
 30
0.0
 11
11461.18714872543
 21
104.5640856663576
 31
0.0
  0
SOLID
  5
B5E
330
8DD
100
AcDbEntity
  8
РАЗМЕРЫ
440
 16777216
390
55E
100
AcDbTrace
 10
11465.35381539209
 20
199.5640856663576
 30
0.0
 11
11457.02048205876
 21
199.5640856663576
 31
0.0
 12
11461.18714872543
 22
224.5640856663576
 32
0.0
 13
11461.18714872543
 23
224.5640856663576
 33
0.0
  0
SOLID
  5
B5F
330
8DD
100
AcDbEntity
  8
РАЗМЕРЫ
440
 16777216
390
55E
100
AcDbTrace
 10
11457.02048205876
 20
49.56408566635762
 30
0.0
 11
11465.35381539209
 21
49.56408566635762
 31
0.0
 12
11461.18714872543
 22
24.56408566635763
 32
0.0
 13
11461.18714872543
 23
24.56408566635763
 33
0.0
  0
MTEXT
  5
B60
330
8DD
100
AcDbEntity
  8
РАЗМЕРЫ
440
 16777216
370
    13
390
55E
100
AcDbMText
 10
11461.18714872543
 20
124.5640856663576
 30
0.0
 40
30.0
 41
0.0
 46
0.0
 71
     5
 72
     1
  1
\A1;200
  7
ОФОРМИТЕЛЬ
 73
     1
 44
1.0
  0
POINT
  5
B61
330
8DD
100
AcDbEntity
  8
DEFPOINTS
 62
     0
440
 16777216
390
55E
100
AcDbPoint
 10
11274.81252804799
 20
224.5640856663576
 30
0.0
  0
POINT
  5
B62
330
8DD
100
AcDbEntity
  8
DEFPOINTS
 62
     0
440
 16777216
390
55E
100
AcDbPoint
 10
11274.81252804799
 20
24.56408566635764
 30
0.0
  0
POINT
  5
B63
330
8DD
100
AcDbEntity
  8
DEFPOINTS
 62
     0
440
 16777216
390
55E
100
AcDbPoint
 10
11461.18714872543
 20
24.56408566635763
 30
0.0
  0
ENDBLK
  5
8DF
330
8DD
100
AcDbEntity
  8
0
100
AcDbBlockEnd
  0
BLOCK
  5
8EB
330
8EA
100
AcDbEntity
  8
0
100
AcDbBlockBegin
  2
*D110
 70
     1
 10
0.0
 20
0.0
 30
0.0
  3
*D110
  1

  0
LINE
  5
B64
330
8EA
100
AcDbEntity
  8
РАЗМЕРЫ
440
 16777216
370
    -2
390
55E
100
AcDbLine
 10
11284.81252804799
 20
24.56408566635764
 30
0.0
 11
11469.10381539194
 21
24.56408566635763
 31
0.0
  0
LINE
  5
B65
330
8EA
100
AcDbEntity
  8
РАЗМЕРЫ
440
 16777216
370
    -2
390
55E
100
AcDbLine
 10
11394.81252804799
 20
-55.43591433364236
 30
0.0
 11
11469.10381539194
 21
-55.43591433364237
 31
0.0
  0
LINE
  5
B66
330
8EA
100
AcDbEntity
  8
РАЗМЕРЫ
440
 16777216
370
    -2
390
55E
100
AcDbLine
 10
11459.10381539194
 20
-0.4359143336423692
 30
0.0
 11
11459.10381539194
 21
-30.43591433364237
 31
0.0
  0
SOLID
  5
B67
330
8EA
100
AcDbEntity
  8
РАЗМЕРЫ
440
 16777216
390
55E
100
AcDbTrace
 10
11463.2704820586
 20
-0.4359143336423692
 30
0.0
 11
11454.93714872527
 21
-0.4359143336423692
 31
0.0
 12
11459.10381539194
 22
24.56408566635763
 32
0.0
 13
11459.10381539194
 23
24.56408566635763
 33
0.0
  0
SOLID
  5
B68
330
8EA
100
AcDbEntity
  8
РАЗМЕРЫ
440
 16777216
390
55E
100
AcDbTrace
 10
11454.93714872527
 20
-30.43591433364237
 30
0.0
 11
11463.2704820586
 21
-30.43591433364237
 31
0.0
 12
11459.10381539194
 22
-55.43591433364237
 32
0.0
 13
11459.10381539194
 23
-55.43591433364237
 33
0.0
  0
MTEXT
  5
B69
330
8EA
100
AcDbEntity
  8
РАЗМЕРЫ
440
 16777216
370
    13
390
55E
100
AcDbMText
 10
11521.60381539194
 20
-15.43591433364237
 30
0.0
 40
30.0
 41
0.0
 46
0.0
 71
     5
 72
     1
  1
\A1;80
  7
ОФОРМИТЕЛЬ
 73
     1
 44
1.0
  0
POINT
  5
B6A
330
8EA
100
AcDbEntity
  8
DEFPOINTS
 62
     0
440
 16777216
390
55E
100
AcDbPoint
 10
11274.81252804799
 20
24.56408566635764
 30
0.0
  0
POINT
  5
B6B
330
8EA
100
AcDbEntity
  8
DEFPOINTS
 62
     0
440
 16777216
390
55E
100
AcDbPoint
 10
11384.81252804799
 20
-55.43591433364236
 30
0.0
  0
POINT
  5
B6C
330
8EA
100
AcDbEntity
  8
DEFPOINTS
 62
     0
440
 16777216
390
55E
100
AcDbPoint
 10
11459.10381539194
 20
-55.43591433364237
 30
0.0
  0
ENDBLK
  5
8EC
330
8EA
100
AcDbEntity
  8
0
100
AcDbBlockEnd
  0
BLOCK
  5
8F7
330
8F6
100
AcDbEntity
  8
0
100
AcDbBlockBegin
  2
*D111
 70
     1
 10
0.0
 20
0.0
 30
0.0
  3
*D111
  1

  0
LINE
  5
B6D
330
8F6
100
AcDbEntity
  8
РАЗМЕРЫ
440
 16777216
370
    -2
390
55E
100
AcDbLine
 10
10488.81252804799
 20
214.5640856663576
 30
0.0
 11
10488.81252804799
 21
-119.0629371218328
 31
0.0
  0
LINE
  5
B6E
330
8F6
100
AcDbEntity
  8
РАЗМЕРЫ
440
 16777216
370
    -2
390
55E
100
AcDbLine
 10
10378.81252804799
 20
-65.43591433364236
 30
0.0
 11
10378.81252804799
 21
-119.0629371218328
 31
0.0
  0
LINE
  5
B6F
330
8F6
100
AcDbEntity
  8
РАЗМЕРЫ
440
 16777216
370
    -2
390
55E
100
AcDbLine
 10
10513.81252804799
 20
-109.0629371218329
 30
0.0
 11
10538.81252804799
 21
-109.0629371218329
 31
0.0
  0
LINE
  5
B70
330
8F6
100
AcDbEntity
  8
РАЗМЕРЫ
440
 16777216
370
    -2
390
55E
100
AcDbLine
 10
10353.81252804799
 20
-109.0629371218329
 30
0.0
 11
10328.81252804799
 21
-109.0629371218329
 31
0.0
  0
SOLID
  5
B71
330
8F6
100
AcDbEntity
  8
РАЗМЕРЫ
440
 16777216
390
55E
100
AcDbTrace
 10
10513.81252804799
 20
-104.8962704551662
 30
0.0
 11
10513.81252804799
 21
-113.2296037884995
 31
0.0
 12
10488.81252804799
 22
-109.0629371218329
 32
0.0
 13
10488.81252804799
 23
-109.0629371218329
 33
0.0
  0
SOLID
  5
B72
330
8F6
100
AcDbEntity
  8
РАЗМЕРЫ
440
 16777216
390
55E
100
AcDbTrace
 10
10353.81252804799
 20
-113.2296037884995
 30
0.0
 11
10353.81252804799
 21
-104.8962704551662
 31
0.0
 12
10378.81252804799
 22
-109.0629371218329
 32
0.0
 13
10378.81252804799
 23
-109.0629371218329
 33
0.0
  0
MTEXT
  5
B73
330
8F6
100
AcDbEntity
  8
РАЗМЕРЫ
440
 16777216
370
    13
390
55E
100
AcDbMText
 10
10433.81252804799
 20
-109.0629371218329
 30
0.0
 40
30.0
 41
0.0
 46
0.0
 71
     5
 72
     1
  1
\A1;110
  7
ОФОРМИТЕЛЬ
 73
     1
 44
1.0
  0
POINT
  5
B74
330
8F6
100
AcDbEntity
  8
DEFPOINTS
 62
     0
440
 16777216
390
55E
100
AcDbPoint
 10
10488.81252804799
 20
224.5640856663576
 30
0.0
  0
POINT
  5
B75
330
8F6
100
AcDbEntity
  8
DEFPOINTS
 62
     0
440
 16777216
390
55E
100
AcDbPoint
 10
10378.81252804799
 20
-55.43591433364236
 30
0.0
  0
POINT
  5
B76
330
8F6
100
AcDbEntity
  8
DEFPOINTS
 62
     0
440
 16777216
390
55E
100
AcDbPoint
 10
10378.81252804799
 20
-109.0629371218329
 30
0.0
  0
ENDBLK
  5
8F8
330
8F6
100
AcDbEntity
  8
0
100
AcDbBlockEnd
  0
BLOCK
  5
904
330
903
100
AcDbEntity
  8
0
100
AcDbBlockBegin
  2
*D112
 70
     1
 10
0.0
 20
0.0
 30
0.0
  3
*D112
  1

  0
LINE
  5
B77
330
903
100
AcDbEntity
  8
РАЗМЕРЫ
440
 16777216
370
    -2
390
55E
100
AcDbLine
 10
11274.81252804799
 20
214.5640856663576
 30
0.0
 11
11274.81252804799
 21
-141.91855900673
 31
0.0
  0
LINE
  5
B78
330
903
100
AcDbEntity
  8
РАЗМЕРЫ
440
 16777216
370
    -2
390
55E
100
AcDbLine
 10
11384.81252804799
 20
-65.43591433364236
 30
0.0
 11
11384.81252804799
 21
-141.91855900673
 31
0.0
  0
LINE
  5
B79
330
903
100
AcDbEntity
  8
РАЗМЕРЫ
440
 16777216
370
    -2
390
55E
100
AcDbLine
 10
11249.81252804799
 20
-131.91855900673
 30
0.0
 11
11224.81252804799
 21
-131.91855900673
 31
0.0
  0
LINE
  5
B7A
330
903
100
AcDbEntity
  8
РАЗМЕРЫ
440
 16777216
370
    -2
390
55E
100
AcDbLine
 10
11409.81252804799
 20
-131.91855900673
 30
0.0
 11
11434.81252804799
 21
-131.91855900673
 31
0.0
  0
SOLID
  5
B7B
330
903
100
AcDbEntity
  8
РАЗМЕРЫ
440
 16777216
390
55E
100
AcDbTrace
 10
11249.81252804799
 20
-136.0852256733966
 30
0.0
 11
11249.81252804799
 21
-127.7518923400633
 31
0.0
 12
11274.81252804799
 22
-131.91855900673
 32
0.0
 13
11274.81252804799
 23
-131.91855900673
 33
0.0
  0
SOLID
  5
B7C
330
903
100
AcDbEntity
  8
РАЗМЕРЫ
440
 16777216
390
55E
100
AcDbTrace
 10
11409.81252804799
 20
-127.7518923400633
 30
0.0
 11
11409.81252804799
 21
-136.0852256733966
 31
0.0
 12
11384.81252804799
 22
-131.91855900673
 32
0.0
 13
11384.81252804799
 23
-131.91855900673
 33
0.0
  0
MTEXT
  5
B7D
330
903
100
AcDbEntity
  8
РАЗМЕРЫ
440
 16777216
370
    13
390
55E
100
AcDbMText
 10
11329.81252804799
 20
-131.91855900673
 30
0.0
 40
30.0
 41
0.0
 46
0.0
 71
     5
 72
     1
  1
\A1;110
  7
ОФОРМИТЕЛЬ
 73
     1
 44
1.0
  0
POINT
  5
B7E
330
903
100
AcDbEntity
  8
DEFPOINTS
 62
     0
440
 16777216
390
55E
100
AcDbPoint
 10
11274.81252804799
 20
224.5640856663576
 30
0.0
  0
POINT
  5
B7F
330
903
100
AcDbEntity
  8
DEFPOINTS
 62
     0
440
 16777216
390
55E
100
AcDbPoint
 10
11384.81252804799
 20
-55.43591433364236
 30
0.0
  0
POINT
  5
B80
330
903
100
AcDbEntity
  8
DEFPOINTS
 62
     0
440
 16777216
390
55E
100
AcDbPoint
 10
11384.81252804799
 20
-131.91855900673
 30
0.0
  0
ENDBLK
  5
905
330
903
100
AcDbEntity
  8
0
100
AcDbBlockEnd
  0
BLOCK
  5
911
330
910
100
AcDbEntity
  8
0
100
AcDbBlockBegin
  2
*D113
 70
     1
 10
0.0
 20
0.0
 30
0.0
  3
*D113
  1

  0
LINE
  5
B81
330
910
100
AcDbEntity
  8
РАЗМЕРЫ
440
 16777216
370
    -2
390
55E
100
AcDbLine
 10
10519.82416085421
 20
238.5024726134365
 30
0.0
 11
10542.62683203531
 21
248.7512865451379
 31
0.0
  0
LINE
  5
B82
330
910
100
AcDbEntity
  8
РАЗМЕРЫ
440
 16777216
370
    -2
390
55E
100
AcDbLine
 10
10457.80089524177
 20
210.6256987192788
 30
0.0
 11
10434.99822406067
 21
200.3768847875774
 31
0.0
  0
MTEXT
  5
B83
330
910
100
AcDbEntity
  8
РАЗМЕРЫ
440
 16777216
370
    13
390
55E
100
AcDbMText
 10
10623.14767961232
 20
189.9647825389747
 30
0.0
 40
30.0
 41
0.0
 46
0.0
 71
     5
 72
     1
  1
\A1;∅18
  7
ОФОРМИТЕЛЬ
 73
     1
 44
1.0
  0
SOLID
  5
B84
330
910
100
AcDbEntity
  8
РАЗМЕРЫ
440
 16777216
390
55E
100
AcDbTrace
 10
10459.50903089706
 20
206.8252535224289
 30
0.0
 11
10456.09275958649
 21
214.4261439161288
 31
0.0
 12
10480.60356642287
 22
220.8745126509803
 32
0.0
 13
10480.60356642287
 23
220.8745126509803
 33
0.0
  0
SOLID
  5
B85
330
910
100
AcDbEntity
  8
РАЗМЕРЫ
440
 16777216
390
55E
100
AcDbTrace
 10
10518.11602519892
 20
242.3029178102864
 30
0.0
 11
10521.53229650949
 21
234.7020274165865
 31
0.0
 12
10497.02148967311
 22
228.253658681735
 32
0.0
 13
10497.02148967311
 23
228.253658681735
 33
0.0
  0
LINE
  5
B86
330
910
100
AcDbEntity
  8
РАЗМЕРЫ
440
 16777216
370
    -2
390
55E
100
AcDbLine
 10
10488.72252804799
 20
224.5640856663576
 30
0.0
 11
10488.90252804799
 21
224.5640856663576
 31
0.0
  0
LINE
  5
B87
330
910
100
AcDbEntity
  8
РАЗМЕРЫ
440
 16777216
370
    -2
390
55E
100
AcDbLine
 10
10488.81252804799
 20
224.4740856663576
 30
0.0
 11
10488.81252804799
 21
224.6540856663576
 31
0.0
  0
POINT
  5
B88
330
910
100
AcDbEntity
  8
DEFPOINTS
 62
     0
440
 16777216
390
55E
100
AcDbPoint
 10
10497.02148967311
 20
228.253658681735
 30
0.0
  0
POINT
  5
B89
330
910
100
AcDbEntity
  8
DEFPOINTS
 62
     0
440
 16777216
390
55E
100
AcDbPoint
 10
10480.60356642287
 20
220.8745126509803
 30
0.0
  0
ENDBLK
  5
912
330
910
100
AcDbEntity
  8
0
100
AcDbBlockEnd
  0
BLOCK
  5
91D
330
91C
100
AcDbEntity
  8
0
100
AcDbBlockBegin
  2
*D114
 70
     1
 10
0.0
 20
0.0
 30
0.0
  3
*D114
  1

  0
LINE
  5
B8A
330
91C
100
AcDbEntity
  8
РАЗМЕРЫ
440
 16777216
370
    -2
390
55E
100
AcDbLine
 10
12477.46152146904
 20
2588.645341367442
 30
0.0
 11
12466.33177929107
 21
2611.031248520202
 31
0.0
  0
MTEXT
  5
B8B
330
91C
100
AcDbEntity
  8
РАЗМЕРЫ
440
 16777216
370
    13
390
55E
100
AcDbMText
 10
12453.00686042132
 20
2676.114693953923
 30
0.0
 40
30.0
 41
0.0
 46
0.0
 71
     5
 72
     1
  1
\A1;R10
  7
ОФОРМИТЕЛЬ
 73
     1
 44
1.0
  0
SOLID
  5
B8C
330
91C
100
AcDbEntity
  8
РАЗМЕРЫ
440
 16777216
390
55E
100
AcDbTrace
 10
12473.73053694358
 20
2586.790384337782
 30
0.0
 11
12481.1925059945
 21
2590.500298397103
 31
0.0
 12
12488.591263647
 22
2566.259434214682
 32
0.0
 13
12488.591263647
 23
2566.259434214682
 33
0.0
  0
LINE
  5
B8D
330
91C
100
AcDbEntity
  8
РАЗМЕРЫ
440
 16777216
370
    -2
390
55E
100
AcDbLine
 10
12492.95316051798
 20
2557.305071354005
 30
0.0
 11
12493.13316051798
 21
2557.305071354005
 31
0.0
  0
LINE
  5
B8E
330
91C
100
AcDbEntity
  8
РАЗМЕРЫ
440
 16777216
370
    -2
390
55E
100
AcDbLine
 10
12493.04316051798
 20
2557.215071354005
 30
0.0
 11
12493.04316051798
 21
2557.395071354005
 31
0.0
  0
POINT
  5
B8F
330
91C
100
AcDbEntity
  8
DEFPOINTS
 62
     0
440
 16777216
390
55E
100
AcDbPoint
 10
12488.591263647
 20
2566.259434214682
 30
0.0
  0
POINT
  5
B90
330
91C
100
AcDbEntity
  8
DEFPOINTS
 62
     0
440
 16777216
390
55E
100
AcDbPoint
 10
12493.04316051798
 20
2557.305071354005
 30
0.0
  0
ENDBLK
  5
91E
330
91C
100
AcDbEntity
  8
0
100
AcDbBlockEnd
  0
BLOCK
  5
927
330
926
100
AcDbEntity
  8
0
100
AcDbBlockBegin
  2
*D115
 70
     1
 10
0.0
 20
0.0
 30
0.0
  3
*D115
  1

  0
LINE
  5
B91
330
926
100
AcDbEntity
  8
РАЗМЕРЫ
440
 16777216
370
    -2
390
55E
100
AcDbLine
 10
15146.10892754216
 20
3210.63705645831
 30
0.0
 11
15146.10892754216
 21
3396.207320398045
 31
0.0
  0
LINE
  5
B92
330
926
100
AcDbEntity
  8
РАЗМЕРЫ
440
 16777216
370
    -2
390
55E
100
AcDbLine
 10
17237.77559420913
 20
2465.63705645831
 30
0.0
 11
17237.77559420913
 21
3396.207320398045
 31
0.0
  0
LINE
  5
B93
330
926
100
AcDbEntity
  8
РАЗМЕРЫ
440
 16777216
370
    -2
390
55E
100
AcDbLine
 10
15171.10892754216
 20
3386.207320398045
 30
0.0
 11
16134.44226087564
 21
3386.207320398045
 31
0.0
  0
LINE
  5
B94
330
926
100
AcDbEntity
  8
РАЗМЕРЫ
440
 16777216
370
    -2
390
55E
100
AcDbLine
 10
17212.77559420913
 20
3386.207320398045
 30
0.0
 11
16249.44226087565
 21
3386.207320398045
 31
0.0
  0
SOLID
  5
B95
330
926
100
AcDbEntity
  8
РАЗМЕРЫ
440
 16777216
390
55E
100
AcDbTrace
 10
15171.10892754216
 20
3390.373987064712
 30
0.0
 11
15171.10892754216
 21
3382.040653731379
 31
0.0
 12
15146.10892754216
 22
3386.207320398045
 32
0.0
 13
15146.10892754216
 23
3386.207320398045
 33
0.0
  0
SOLID
  5
B96
330
926
100
AcDbEntity
  8
РАЗМЕРЫ
440
 16777216
390
55E
100
AcDbTrace
 10
17212.77559420913
 20
3382.040653731379
 30
0.0
 11
17212.77559420913
 21
3390.373987064712
 31
0.0
 12
17237.77559420913
 22
3386.207320398045
 32
0.0
 13
17237.77559420913
 23
3386.207320398045
 33
0.0
  0
MTEXT
  5
B97
330
926
100
AcDbEntity
  8
РАЗМЕРЫ
440
 16777216
370
    13
390
55E
100
AcDbMText
 10
16191.94226087564
 20
3386.207320398045
 30
0.0
 40
30.0
 41
0.0
 46
0.0
 71
     5
 72
     1
  1
\A1;2092
  7
ОФОРМИТЕЛЬ
 73
     1
 44
1.0
  0
POINT
  5
B98
330
926
100
AcDbEntity
  8
DEFPOINTS
 62
     0
440
 16777216
390
55E
100
AcDbPoint
 10
15146.10892754216
 20
3200.63705645831
 30
0.0
  0
POINT
  5
B99
330
926
100
AcDbEntity
  8
DEFPOINTS
 62
     0
440
 16777216
390
55E
100
AcDbPoint
 10
17237.77559420913
 20
2455.637056458311
 30
0.0
  0
POINT
  5
B9A
330
926
100
AcDbEntity
  8
DEFPOINTS
 62
     0
440
 16777216
390
55E
100
AcDbPoint
 10
17237.77559420913
 20
3386.207320398045
 30
0.0
  0
ENDBLK
  5
928
330
926
100
AcDbEntity
  8
0
100
AcDbBlockEnd
  0
BLOCK
  5
934
330
933
100
AcDbEntity
  8
0
100
AcDbBlockBegin
  2
*D116
 70
     1
 10
0.0
 20
0.0
 30
0.0
  3
*D116
  1

  0
LINE
  5
B9B
330
933
100
AcDbEntity
  8
РАЗМЕРЫ
440
 16777216
370
    -2
390
55E
100
AcDbLine
 10
16850.44226087564
 20
3200.63705645831
 30
0.0
 11
17368.79944243915
 21
3200.63705645831
 31
0.0
  0
LINE
  5
B9C
330
933
100
AcDbEntity
  8
РАЗМЕРЫ
440
 16777216
370
    -2
390
55E
100
AcDbLine
 10
16850.44226087564
 20
2455.637056458311
 30
0.0
 11
17368.79944243915
 21
2455.637056458311
 31
0.0
  0
LINE
  5
B9D
330
933
100
AcDbEntity
  8
РАЗМЕРЫ
440
 16777216
370
    -2
390
55E
100
AcDbLine
 10
17358.79944243915
 20
3175.63705645831
 30
0.0
 11
17358.79944243915
 21
2848.13705645831
 31
0.0
  0
LINE
  5
B9E
330
933
100
AcDbEntity
  8
РАЗМЕРЫ
440
 16777216
370
    -2
390
55E
100
AcDbLine
 10
17358.79944243915
 20
2480.637056458311
 30
0.0
 11
17358.79944243915
 21
2808.13705645831
 31
0.0
  0
SOLID
  5
B9F
330
933
100
AcDbEntity
  8
РАЗМЕРЫ
440
 16777216
390
55E
100
AcDbTrace
 10
17362.96610910582
 20
3175.63705645831
 30
0.0
 11
17354.63277577248
 21
3175.63705645831
 31
0.0
 12
17358.79944243915
 22
3200.63705645831
 32
0.0
 13
17358.79944243915
 23
3200.63705645831
 33
0.0
  0
SOLID
  5
BA0
330
933
100
AcDbEntity
  8
РАЗМЕРЫ
440
 16777216
390
55E
100
AcDbTrace
 10
17354.63277577248
 20
2480.637056458311
 30
0.0
 11
17362.96610910582
 21
2480.637056458311
 31
0.0
 12
17358.79944243915
 22
2455.637056458311
 32
0.0
 13
17358.79944243915
 23
2455.637056458311
 33
0.0
  0
MTEXT
  5
BA1
330
933
100
AcDbEntity
  8
РАЗМЕРЫ
440
 16777216
370
    13
390
55E
100
AcDbMText
 10
17358.79944243915
 20
2828.13705645831
 30
0.0
 40
30.0
 41
0.0
 46
0.0
 71
     5
 72
     1
  1
\A1;745
  7
ОФОРМИТЕЛЬ
 73
     1
 44
1.0
  0
POINT
  5
BA2
330
933
100
AcDbEntity
  8
DEFPOINTS
 62
     0
440
 16777216
390
55E
100
AcDbPoint
 10
16840.44226087564
 20
3200.63705645831
 30
0.0
  0
POINT
  5
BA3
330
933
100
AcDbEntity
  8
DEFPOINTS
 62
     0
440
 16777216
390
55E
100
AcDbPoint
 10
16840.44226087564
 20
2455.637056458311
 30
0.0
  0
POINT
  5
BA4
330
933
100
AcDbEntity
  8
DEFPOINTS
 62
     0
440
 16777216
390
55E
100
AcDbPoint
 10
17358.79944243915
 20
2455.637056458311
 30
0.0
  0
ENDBLK
  5
935
330
933
100
AcDbEntity
  8
0
100
AcDbBlockEnd
  0
BLOCK
  5
941
330
940
100
AcDbEntity
  8
0
100
AcDbBlockBegin
  2
*D117
 70
     1
 10
0.0
 20
0.0
 30
0.0
  3
*D117
  1

  0
LINE
  5
BA5
330
940
100
AcDbEntity
  8
РАЗМЕРЫ
440
 16777216
370
    -2
390
55E
100
AcDbLine
 10
15221.30315784998
 20
1901.890974776446
 30
0.0
 11
15221.30315784998
 21
2041.630796686112
 31
0.0
  0
LINE
  5
BA6
330
940
100
AcDbEntity
  8
РАЗМЕРЫ
440
 16777216
370
    -2
390
55E
100
AcDbLine
 10
17307.30315784998
 20
1156.890974776446
 30
0.0
 11
17307.30315784998
 21
2041.630796686112
 31
0.0
  0
LINE
  5
BA7
330
940
100
AcDbEntity
  8
РАЗМЕРЫ
440
 16777216
370
    -2
390
55E
100
AcDbLine
 10
15246.30315784998
 20
2031.630796686112
 30
0.0
 11
16206.80315784998
 21
2031.630796686112
 31
0.0
  0
LINE
  5
BA8
330
940
100
AcDbEntity
  8
РАЗМЕРЫ
440
 16777216
370
    -2
390
55E
100
AcDbLine
 10
17282.30315784998
 20
2031.630796686112
 30
0.0
 11
16321.80315784998
 21
2031.630796686112
 31
0.0
  0
SOLID
  5
BA9
330
940
100
AcDbEntity
  8
РАЗМЕРЫ
440
 16777216
390
55E
100
AcDbTrace
 10
15246.30315784998
 20
2035.797463352778
 30
0.0
 11
15246.30315784998
 21
2027.464130019445
 31
0.0
 12
15221.30315784998
 22
2031.630796686112
 32
0.0
 13
15221.30315784998
 23
2031.630796686112
 33
0.0
  0
SOLID
  5
BAA
330
940
100
AcDbEntity
  8
РАЗМЕРЫ
440
 16777216
390
55E
100
AcDbTrace
 10
17282.30315784998
 20
2027.464130019445
 30
0.0
 11
17282.30315784998
 21
2035.797463352778
 31
0.0
 12
17307.30315784998
 22
2031.630796686112
 32
0.0
 13
17307.30315784998
 23
2031.630796686112
 33
0.0
  0
MTEXT
  5
BAB
330
940
100
AcDbEntity
  8
РАЗМЕРЫ
440
 16777216
370
    13
390
55E
100
AcDbMText
 10
16264.30315784998
 20
2031.630796686112
 30
0.0
 40
30.0
 41
0.0
 46
0.0
 71
     5
 72
     1
  1
\A1;2086
  7
ОФОРМИТЕЛЬ
 73
     1
 44
1.0
  0
POINT
  5
BAC
330
940
100
AcDbEntity
  8
DEFPOINTS
 62
     0
440
 16777216
390
55E
100
AcDbPoint
 10
15221.30315784998
 20
1891.890974776447
 30
0.0
  0
POINT
  5
BAD
330
940
100
AcDbEntity
  8
DEFPOINTS
 62
     0
440
 16777216
390
55E
100
AcDbPoint
 10
17307.30315784998
 20
1146.890974776446
 30
0.0
  0
POINT
  5
BAE
330
940
100
AcDbEntity
  8
DEFPOINTS
 62
     0
440
 16777216
390
55E
100
AcDbPoint
 10
17307.30315784998
 20
2031.630796686112
 30
0.0
  0
ENDBLK
  5
942
330
940
100
AcDbEntity
  8
0
100
AcDbBlockEnd
  0
BLOCK
  5
94E
330
94D
100
AcDbEntity
  8
0
100
AcDbBlockBegin
  2
*D118
 70
     1
 10
0.0
 20
0.0
 30
0.0
  3
*D118
  1

  0
LINE
  5
BAF
330
94D
100
AcDbEntity
  8
РАЗМЕРЫ
440
 16777216
370
    -2
390
55E
100
AcDbLine
 10
16916.46295030303
 20
1898.466363927238
 30
0.0
 11
17491.45794655504
 21
1898.466363927238
 31
0.0
  0
LINE
  5
BB0
330
94D
100
AcDbEntity
  8
РАЗМЕРЫ
440
 16777216
370
    -2
390
55E
100
AcDbLine
 10
16916.46295030303
 20
1146.890974776446
 30
0.0
 11
17491.45794655504
 21
1146.890974776446
 31
0.0
  0
LINE
  5
BB1
330
94D
100
AcDbEntity
  8
РАЗМЕРЫ
440
 16777216
370
    -2
390
55E
100
AcDbLine
 10
17481.45794655504
 20
1873.466363927238
 30
0.0
 11
17481.45794655504
 21
1542.678669351842
 31
0.0
  0
LINE
  5
BB2
330
94D
100
AcDbEntity
  8
РАЗМЕРЫ
440
 16777216
370
    -2
390
55E
100
AcDbLine
 10
17481.45794655504
 20
1171.890974776446
 30
0.0
 11
17481.45794655504
 21
1502.678669351842
 31
0.0
  0
SOLID
  5
BB3
330
94D
100
AcDbEntity
  8
РАЗМЕРЫ
440
 16777216
390
55E
100
AcDbTrace
 10
17485.6246132217
 20
1873.466363927238
 30
0.0
 11
17477.29127988837
 21
1873.466363927238
 31
0.0
 12
17481.45794655504
 22
1898.466363927238
 32
0.0
 13
17481.45794655504
 23
1898.466363927238
 33
0.0
  0
SOLID
  5
BB4
330
94D
100
AcDbEntity
  8
РАЗМЕРЫ
440
 16777216
390
55E
100
AcDbTrace
 10
17477.29127988837
 20
1171.890974776446
 30
0.0
 11
17485.6246132217
 21
1171.890974776446
 31
0.0
 12
17481.45794655504
 22
1146.890974776446
 32
0.0
 13
17481.45794655504
 23
1146.890974776446
 33
0.0
  0
MTEXT
  5
BB5
330
94D
100
AcDbEntity
  8
РАЗМЕРЫ
440
 16777216
370
    13
390
55E
100
AcDbMText
 10
17481.45794655504
 20
1522.678669351842
 30
0.0
 40
30.0
 41
0.0
 46
0.0
 71
     5
 72
     1
  1
\A1;752
  7
ОФОРМИТЕЛЬ
 73
     1
 44
1.0
  0
POINT
  5
BB6
330
94D
100
AcDbEntity
  8
DEFPOINTS
 62
     0
440
 16777216
390
55E
100
AcDbPoint
 10
16906.46295030303
 20
1898.466363927238
 30
0.0
  0
POINT
  5
BB7
330
94D
100
AcDbEntity
  8
DEFPOINTS
 62
     0
440
 16777216
390
55E
100
AcDbPoint
 10
16906.46295030303
 20
1146.890974776446
 30
0.0
  0
POINT
  5
BB8
330
94D
100
AcDbEntity
  8
DEFPOINTS
 62
     0
440
 16777216
390
55E
100
AcDbPoint
 10
17481.45794655504
 20
1146.890974776446
 30
0.0
  0
ENDBLK
  5
94F
330
94D
100
AcDbEntity
  8
0
100
AcDbBlockEnd
  0
BLOCK
  5
95B
330
95A
100
AcDbEntity
  8
0
100
AcDbBlockBegin
  2
*D119
 70
     1
 10
0.0
 20
0.0
 30
0.0
  3
*D119
  1

  0
LINE
  5
BB9
330
95A
100
AcDbEntity
  8
РАЗМЕРЫ
440
 16777216
370
    -2
390
55E
100
AcDbLine
 10
15663.57840959476
 20
345.4111840992173
 30
0.0
 11
15663.57840959476
 21
703.0532082936315
 31
0.0
  0
LINE
  5
BBA
330
95A
100
AcDbEntity
  8
РАЗМЕРЫ
440
 16777216
370
    -2
390
55E
100
AcDbLine
 10
17362.59801743813
 20
-269.0005806066274
 30
0.0
 11
17362.59801743813
 21
703.0532082936315
 31
0.0
  0
LINE
  5
BBB
330
95A
100
AcDbEntity
  8
РАЗМЕРЫ
440
 16777216
370
    -2
390
55E
100
AcDbLine
 10
15688.57840959476
 20
693.0532082936315
 30
0.0
 11
16458.08821351644
 21
693.0532082936315
 31
0.0
  0
LINE
  5
BBC
330
95A
100
AcDbEntity
  8
РАЗМЕРЫ
440
 16777216
370
    -2
390
55E
100
AcDbLine
 10
17337.59801743813
 20
693.0532082936315
 30
0.0
 11
16568.08821351645
 21
693.0532082936315
 31
0.0
  0
SOLID
  5
BBD
330
95A
100
AcDbEntity
  8
РАЗМЕРЫ
440
 16777216
390
55E
100
AcDbTrace
 10
15688.57840959476
 20
697.2198749602982
 30
0.0
 11
15688.57840959476
 21
688.8865416269648
 31
0.0
 12
15663.57840959476
 22
693.0532082936315
 32
0.0
 13
15663.57840959476
 23
693.0532082936315
 33
0.0
  0
SOLID
  5
BBE
330
95A
100
AcDbEntity
  8
РАЗМЕРЫ
440
 16777216
390
55E
100
AcDbTrace
 10
17337.59801743813
 20
688.8865416269648
 30
0.0
 11
17337.59801743813
 21
697.2198749602982
 31
0.0
 12
17362.59801743813
 22
693.0532082936315
 32
0.0
 13
17362.59801743813
 23
693.0532082936315
 33
0.0
  0
MTEXT
  5
BBF
330
95A
100
AcDbEntity
  8
РАЗМЕРЫ
440
 16777216
370
    13
390
55E
100
AcDbMText
 10
16513.08821351644
 20
693.0532082936315
 30
0.0
 40
30.0
 41
0.0
 46
0.0
 71
     5
 72
     1
  1
\A1;1699
  7
ОФОРМИТЕЛЬ
 73
     1
 44
1.0
  0
POINT
  5
BC0
330
95A
100
AcDbEntity
  8
DEFPOINTS
 62
     0
440
 16777216
390
55E
100
AcDbPoint
 10
15663.57840959476
 20
335.4111840992173
 30
0.0
  0
POINT
  5
BC1
330
95A
100
AcDbEntity
  8
DEFPOINTS
 62
     0
440
 16777216
390
55E
100
AcDbPoint
 10
17362.59801743813
 20
-279.0005806066274
 30
0.0
  0
POINT
  5
BC2
330
95A
100
AcDbEntity
  8
DEFPOINTS
 62
     0
440
 16777216
390
55E
100
AcDbPoint
 10
17362.59801743813
 20
693.0532082936315
 30
0.0
  0
ENDBLK
  5
95C
330
95A
100
AcDbEntity
  8
0
100
AcDbBlockEnd
  0
BLOCK
  5
968
330
967
100
AcDbEntity
  8
0
100
AcDbBlockBegin
  2
*D120
 70
     1
 10
0.0
 20
0.0
 30
0.0
  3
*D120
  1

  0
LINE
  5
BC3
330
967
100
AcDbEntity
  8
РАЗМЕРЫ
440
 16777216
370
    -2
390
55E
100
AcDbLine
 10
16058.28429194754
 20
-423.4123453125302
 30
0.0
 11
15524.92081602365
 21
-423.4123453125302
 31
0.0
  0
LINE
  5
BC4
330
967
100
AcDbEntity
  8
РАЗМЕРЫ
440
 16777216
370
    -2
390
55E
100
AcDbLine
 10
16058.28429194754
 20
465.9994193933434
 30
0.0
 11
15524.92081602365
 21
465.9994193933435
 31
0.0
  0
LINE
  5
BC5
330
967
100
AcDbEntity
  8
РАЗМЕРЫ
440
 16777216
370
    -2
390
55E
100
AcDbLine
 10
15534.92081602365
 20
-398.4123453125302
 30
0.0
 11
15534.92081602365
 21
1.293537040406647
 31
0.0
  0
LINE
  5
BC6
330
967
100
AcDbEntity
  8
РАЗМЕРЫ
440
 16777216
370
    -2
390
55E
100
AcDbLine
 10
15534.92081602365
 20
440.9994193933435
 30
0.0
 11
15534.92081602365
 21
41.29353704040664
 31
0.0
  0
SOLID
  5
BC7
330
967
100
AcDbEntity
  8
РАЗМЕРЫ
440
 16777216
390
55E
100
AcDbTrace
 10
15530.75414935698
 20
-398.4123453125302
 30
0.0
 11
15539.08748269031
 21
-398.4123453125302
 31
0.0
 12
15534.92081602365
 22
-423.4123453125302
 32
0.0
 13
15534.92081602365
 23
-423.4123453125302
 33
0.0
  0
SOLID
  5
BC8
330
967
100
AcDbEntity
  8
РАЗМЕРЫ
440
 16777216
390
55E
100
AcDbTrace
 10
15539.08748269031
 20
440.9994193933435
 30
0.0
 11
15530.75414935698
 21
440.9994193933435
 31
0.0
 12
15534.92081602365
 22
465.9994193933435
 32
0.0
 13
15534.92081602365
 23
465.9994193933435
 33
0.0
  0
MTEXT
  5
BC9
330
967
100
AcDbEntity
  8
РАЗМЕРЫ
440
 16777216
370
    13
390
55E
100
AcDbMText
 10
15534.92081602365
 20
21.29353704040665
 30
0.0
 40
30.0
 41
0.0
 46
0.0
 71
     5
 72
     1
  1
\A1;889
  7
ОФОРМИТЕЛЬ
 73
     1
 44
1.0
  0
POINT
  5
BCA
330
967
100
AcDbEntity
  8
DEFPOINTS
 62
     0
440
 16777216
390
55E
100
AcDbPoint
 10
16068.28429194754
 20
-423.4123453125302
 30
0.0
  0
POINT
  5
BCB
330
967
100
AcDbEntity
  8
DEFPOINTS
 62
     0
440
 16777216
390
55E
100
AcDbPoint
 10
16068.28429194754
 20
465.9994193933434
 30
0.0
  0
POINT
  5
BCC
330
967
100
AcDbEntity
  8
DEFPOINTS
 62
     0
440
 16777216
390
55E
100
AcDbPoint
 10
15534.92081602365
 20
465.9994193933435
 30
0.0
  0
ENDBLK
  5
969
330
967
100
AcDbEntity
  8
0
100
AcDbBlockEnd
  0
BLOCK
  5
975
330
974
100
AcDbEntity
  8
0
100
AcDbBlockBegin
  2
*D121
 70
     1
 10
0.0
 20
0.0
 30
0.0
  3
*D121
  1

  0
LINE
  5
BCD
330
974
100
AcDbEntity
  8
РАЗМЕРЫ
440
 16777216
370
    -2
390
55E
100
AcDbLine
 10
16344.09410497255
 20
-305.2934948411864
 30
0.0
 11
16352.80635077115
 21
-334.0005806067438
 31
0.0
  0
MTEXT
  5
BCE
330
974
100
AcDbEntity
  8
РАЗМЕРЫ
440
 16777216
370
    13
390
55E
100
AcDbMText
 10
16370.26011309381
 20
-212.1247177425484
 30
0.0
 40
30.0
 41
0.0
 46
0.0
 71
     5
 72
     1
  1
\A1;R55
  7
ОФОРМИТЕЛЬ
 73
     1
 44
1.0
  0
LINE
  5
BCF
330
974
100
AcDbEntity
  8
РАЗМЕРЫ
440
 16777216
370
    -2
390
55E
100
AcDbLine
 10
16352.80635077115
 20
-334.0005806067438
 30
0.0
 11
16336.83390014041
 21
-281.3709233699719
 31
0.0
  0
SOLID
  5
BD0
330
974
100
AcDbEntity
  8
РАЗМЕРЫ
440
 16777216
390
55E
100
AcDbTrace
 10
16348.08120021775
 20
-304.0834607024964
 30
0.0
 11
16340.10700972735
 21
-306.5035289798765
 31
0.0
 12
16336.83390014041
 22
-281.3709233699719
 32
0.0
 13
16336.83390014041
 23
-281.3709233699719
 33
0.0
  0
POINT
  5
BD1
330
974
100
AcDbEntity
  8
DEFPOINTS
 62
     0
440
 16777216
390
55E
100
AcDbPoint
 10
16336.83390014041
 20
-281.3709233699719
 30
0.0
  0
POINT
  5
BD2
330
974
100
AcDbEntity
  8
DEFPOINTS
 62
     0
440
 16777216
390
55E
100
AcDbPoint
 10
16352.80635077115
 20
-334.0005806067438
 30
0.0
  0
ENDBLK
  5
976
330
974
100
AcDbEntity
  8
0
100
AcDbBlockEnd
  0
BLOCK
  5
97E
330
97D
100
AcDbEntity
  8
0
100
AcDbBlockBegin
  2
*D122
 70
     1
 10
0.0
 20
0.0
 30
0.0
  3
*D122
  1

  0
LINE
  5
BD3
330
97D
100
AcDbEntity
  8
РАЗМЕРЫ
440
 16777216
370
    -2
390
55E
100
AcDbLine
 10
16182.75724537191
 20
-84.43536362040612
 30
0.0
 11
16206.4380067898
 21
-92.44919782563773
 31
0.0
  0
LINE
  5
BD4
330
97D
100
AcDbEntity
  8
РАЗМЕРЫ
440
 16777216
370
    -2
390
55E
100
AcDbLine
 10
16118.3455743154
 20
-62.63773458222642
 30
0.0
 11
16094.66481289751
 21
-54.62390037699482
 31
0.0
  0
MTEXT
  5
BD5
330
97D
100
AcDbEntity
  8
РАЗМЕРЫ
440
 16777216
370
    13
390
55E
100
AcDbMText
 10
16299.24211185314
 20
-54.10966498270318
 30
0.0
 40
30.0
 41
0.0
 46
0.0
 71
     5
 72
     1
  1
\A1;∅18
  7
ОФОРМИТЕЛЬ
 73
     1
 44
1.0
  0
SOLID
  5
BD6
330
97D
100
AcDbEntity
  8
РАЗМЕРЫ
440
 16777216
390
55E
100
AcDbTrace
 10
16117.00993528119
 20
-66.58452815187486
 30
0.0
 11
16119.6812133496
 21
-58.69094101257797
 31
0.0
 12
16142.02633573329
 22
-70.65156878745802
 32
0.0
 13
16142.02633573329
 23
-70.65156878745802
 33
0.0
  0
SOLID
  5
BD7
330
97D
100
AcDbEntity
  8
РАЗМЕРЫ
440
 16777216
390
55E
100
AcDbTrace
 10
16184.09288440612
 20
-80.48857005075767
 30
0.0
 11
16181.42160633771
 21
-88.38215719005457
 31
0.0
 12
16159.07648395402
 22
-76.42152941517451
 32
0.0
 13
16159.07648395402
 23
-76.42152941517451
 33
0.0
  0
LINE
  5
BD8
330
97D
100
AcDbEntity
  8
РАЗМЕРЫ
440
 16777216
370
    -2
390
55E
100
AcDbLine
 10
16150.46140984366
 20
-73.53654910131627
 30
0.0
 11
16150.64140984365
 21
-73.53654910131627
 31
0.0
  0
LINE
  5
BD9
330
97D
100
AcDbEntity
  8
РАЗМЕРЫ
440
 16777216
370
    -2
390
55E
100
AcDbLine
 10
16150.55140984366
 20
-73.62654910131627
 30
0.0
 11
16150.55140984366
 21
-73.44654910131627
 31
0.0
  0
POINT
  5
BDA
330
97D
100
AcDbEntity
  8
DEFPOINTS
 62
     0
440
 16777216
390
55E
100
AcDbPoint
 10
16159.07648395402
 20
-76.42152941517451
 30
0.0
  0
POINT
  5
BDB
330
97D
100
AcDbEntity
  8
DEFPOINTS
 62
     0
440
 16777216
390
55E
100
AcDbPoint
 10
16142.02633573329
 20
-70.65156878745802
 30
0.0
  0
ENDBLK
  5
97F
330
97D
100
AcDbEntity
  8
0
100
AcDbBlockEnd
  0
BLOCK
  5
98A
330
989
100
AcDbEntity
  8
0
100
AcDbBlockBegin
  2
*D123
 70
     1
 10
0.0
 20
0.0
 30
0.0
  3
*D123
  1

  0
LINE
  5
BDC
330
989
100
AcDbEntity
  8
РАЗМЕРЫ
440
 16777216
370
    -2
390
55E
100
AcDbLine
 10
15592.5041386031
 20
2646.336666471148
 30
0.0
 11
15595.75032897357
 21
2621.54831743216
 31
0.0
  0
LINE
  5
BDD
330
989
100
AcDbEntity
  8
РАЗМЕРЫ
440
 16777216
370
    -2
390
55E
100
AcDbLine
 10
15583.67450079542
 20
2713.760975857221
 30
0.0
 11
15580.42831042495
 21
2738.549324896208
 31
0.0
  0
MTEXT
  5
BDE
330
989
100
AcDbEntity
  8
РАЗМЕРЫ
440
 16777216
370
    13
390
55E
100
AcDbMText
 10
15837.12320537101
 20
2668.210100932896
 30
0.0
 40
30.0
 41
0.0
 46
0.0
 71
     5
 72
     1
  1
\A1;∅18
  7
ОФОРМИТЕЛЬ
 73
     1
 44
1.0
  0
SOLID
  5
BDF
330
989
100
AcDbEntity
  8
РАЗМЕРЫ
440
 16777216
390
55E
100
AcDbTrace
 10
15579.54310928892
 20
2713.219944128809
 30
0.0
 11
15587.80589230191
 21
2714.302007585633
 31
0.0
 12
15586.92069116589
 22
2688.972626818233
 32
0.0
 13
15586.92069116589
 23
2688.972626818233
 33
0.0
  0
SOLID
  5
BE0
330
989
100
AcDbEntity
  8
РАЗМЕРЫ
440
 16777216
390
55E
100
AcDbTrace
 10
15596.63553010959
 20
2646.877698199559
 30
0.0
 11
15588.3727470966
 21
2645.795634742736
 31
0.0
 12
15589.25794823263
 22
2671.125015510135
 32
0.0
 13
15589.25794823263
 23
2671.125015510135
 33
0.0
  0
LINE
  5
BE1
330
989
100
AcDbEntity
  8
РАЗМЕРЫ
440
 16777216
370
    -2
390
55E
100
AcDbLine
 10
15587.99931969926
 20
2680.048821164184
 30
0.0
 11
15588.17931969926
 21
2680.048821164184
 31
0.0
  0
LINE
  5
BE2
330
989
100
AcDbEntity
  8
РАЗМЕРЫ
440
 16777216
370
    -2
390
55E
100
AcDbLine
 10
15588.08931969926
 20
2679.958821164184
 30
0.0
 11
15588.08931969926
 21
2680.138821164185
 31
0.0
  0
POINT
  5
BE3
330
989
100
AcDbEntity
  8
DEFPOINTS
 62
     0
440
 16777216
390
55E
100
AcDbPoint
 10
15589.25794823263
 20
2671.125015510135
 30
0.0
  0
POINT
  5
BE4
330
989
100
AcDbEntity
  8
DEFPOINTS
 62
     0
440
 16777216
390
55E
100
AcDbPoint
 10
15586.92069116589
 20
2688.972626818233
 30
0.0
  0
ENDBLK
  5
98B
330
989
100
AcDbEntity
  8
0
100
AcDbBlockEnd
  0
BLOCK
  5
996
330
995
100
AcDbEntity
  8
0
100
AcDbBlockBegin
  2
*D124
 70
     1
 10
0.0
 20
0.0
 30
0.0
  3
*D124
  1

  0
LINE
  5
BE5
330
995
100
AcDbEntity
  8
РАЗМЕРЫ
440
 16777216
370
    -2
390
55E
100
AcDbLine
 10
15647.71855767736
 20
1341.074755530758
 30
0.0
 11
15636.27371037609
 21
1318.848296742848
 31
0.0
  0
LINE
  5
BE6
330
995
100
AcDbEntity
  8
РАЗМЕРЫ
440
 16777216
370
    -2
390
55E
100
AcDbLine
 10
15678.8485423368
 20
1401.530723433882
 30
0.0
 11
15690.29338963807
 21
1423.757182221793
 31
0.0
  0
MTEXT
  5
BE7
330
995
100
AcDbEntity
  8
РАЗМЕРЫ
440
 16777216
370
    13
390
55E
100
AcDbMText
 10
15824.53777987165
 20
1363.686418377887
 30
0.0
 40
30.0
 41
0.0
 46
0.0
 71
     5
 72
     1
  1
\A1;∅18
  7
ОФОРМИТЕЛЬ
 73
     1
 44
1.0
  0
SOLID
  5
BE8
330
995
100
AcDbEntity
  8
РАЗМЕРЫ
440
 16777216
390
55E
100
AcDbTrace
 10
15675.14413253882
 20
1403.438197984093
 30
0.0
 11
15682.55295213479
 21
1399.623248883671
 31
0.0
 12
15667.40369503554
 22
1379.304264645971
 32
0.0
 13
15667.40369503554
 23
1379.304264645971
 33
0.0
  0
SOLID
  5
BE9
330
995
100
AcDbEntity
  8
РАЗМЕРЫ
440
 16777216
390
55E
100
AcDbTrace
 10
15651.42296747534
 20
1339.167280980548
 30
0.0
 11
15644.01414787937
 21
1342.982230080969
 31
0.0
 12
15659.16340497862
 22
1363.30121431867
 32
0.0
 13
15659.16340497862
 23
1363.30121431867
 33
0.0
  0
LINE
  5
BEA
330
995
100
AcDbEntity
  8
РАЗМЕРЫ
440
 16777216
370
    -2
390
55E
100
AcDbLine
 10
15663.19355000708
 20
1371.30273948232
 30
0.0
 11
15663.37355000708
 21
1371.30273948232
 31
0.0
  0
LINE
  5
BEB
330
995
100
AcDbEntity
  8
РАЗМЕРЫ
440
 16777216
370
    -2
390
55E
100
AcDbLine
 10
15663.28355000708
 20
1371.21273948232
 30
0.0
 11
15663.28355000708
 21
1371.39273948232
 31
0.0
  0
POINT
  5
BEC
330
995
100
AcDbEntity
  8
DEFPOINTS
 62
     0
440
 16777216
390
55E
100
AcDbPoint
 10
15659.16340497862
 20
1363.30121431867
 30
0.0
  0
POINT
  5
BED
330
995
100
AcDbEntity
  8
DEFPOINTS
 62
     0
440
 16777216
390
55E
100
AcDbPoint
 10
15667.40369503554
 20
1379.304264645971
 30
0.0
  0
ENDBLK
  5
997
330
995
100
AcDbEntity
  8
0
100
AcDbBlockEnd
  0
ENDSEC
  0
SECTION
  2
ENTITIES
  0
CIRCLE
  5
60C
330
1F
100
AcDbEntity
  8
0
 62
   144
100
AcDbCircle
 10
4453.592077478581
 20
2672.899489743757
 30
-0.0000000000000391
 40
9.0
  0
CIRCLE
  5
60D
330
1F
100
AcDbEntity
  8
0
 62
   144
100
AcDbCircle
 10
4544.136575093772
 20
2494.56919520151
 30
-0.0000000000000391
 40
9.0
  0
CIRCLE
  5
60E
330
1F
100
AcDbEntity
  8
0
 62
   144
100
AcDbCircle
 10
2423.65094532706
 20
2672.899489743757
 30
-0.0000000000000391
 40
9.0
  0
CIRCLE
  5
60F
330
1F
100
AcDbEntity
  8
0
 62
   144
100
AcDbCircle
 10
2514.195442942717
 20
2494.56919520151
 30
-0.0000000000000391
 40
9.0
  0
CIRCLE
  5
610
330
1F
100
AcDbEntity
  8
0
 62
   144
100
AcDbCircle
 10
3459.605668916648
 20
2672.899489743757
 30
-0.0000000000000199
 40
9.0
  0
CIRCLE
  5
611
330
1F
100
AcDbEntity
  8
0
 62
   144
100
AcDbCircle
 10
3550.150166532305
 20
2494.56919520151
 30
-0.0000000000000199
 40
9.0
  0
LWPOLYLINE
  5
612
330
1F
100
AcDbEntity
  8
0
 62
   144
100
AcDbPolyline
 90
        4
 70
     1
 43
0.0
 10
4747.937494108268
 20
2448.802991567389
 10
4366.98505857708
 20
3199.101041960739
 10
1993.860508504138
 20
3199.101041960739
 10
2374.812944035326
 20
2448.802991567389
  0
TEXT
  5
613
330
1F
100
AcDbEntity
  8
0
 62
     1
100
AcDbText
 10
3327.989343295154
 20
2950.571989774971
 30
0.0
 40
70.99827291420661
  1
N1
100
AcDbText
  0
CIRCLE
  5
614
330
1F
100
AcDbEntity
  8
0
 62
   144
100
AcDbCircle
 10
6395.727401451022
 20
2667.994031869957
 30
-0.0000000000000592
 40
9.0
  0
CIRCLE
  5
615
330
1F
100
AcDbEntity
  8
0
 62
   144
100
AcDbCircle
 10
6491.916147897765
 20
2492.643739434925
 30
-0.0000000000000592
 40
9.0
  0
CIRCLE
  5
616
330
1F
100
AcDbEntity
  8
0
 62
   144
100
AcDbCircle
 10
5726.210411375668
 20
2667.994031869957
 30
-0.0000000000000592
 40
9.0
  0
CIRCLE
  5
617
330
1F
100
AcDbEntity
  8
0
 62
   144
100
AcDbCircle
 10
5822.399157821947
 20
2492.643739434925
 30
-0.0000000000000592
 40
9.0
  0
LWPOLYLINE
  5
618
330
1F
100
AcDbEntity
  8
0
 62
   144
100
AcDbPolyline
 90
        7
 70
     1
 43
0.0
 10
6294.459499237873
 20
3187.362025662971
 10
5175.556318208389
 20
3187.362025662971
 10
5532.989026529994
 20
2535.768858629779
 10
5597.868634730858
 20
2571.358694814995
 42
-0.4142135623927698
 10
5611.445586675127
 20
2567.400617515586
 10
5676.502546735388
 20
2448.802991567389
 10
6699.597504312453
 20
2448.802991567389
  0
TEXT
  5
619
330
1F
100
AcDbEntity
  8
0
 62
     1
100
AcDbText
 10
5839.442000841536
 20
2965.508713628317
 30
0.0
 40
70.99827291420661
  1
N2
100
AcDbText
  0
CIRCLE
  5
61A
330
1F
100
AcDbEntity
  8
0
 62
   144
100
AcDbCircle
 10
3585.245812049416
 20
1386.686819081346
 30
-0.0000000000000592
 40
9.0
  0
CIRCLE
  5
61B
330
1F
100
AcDbEntity
  8
0
 62
   144
100
AcDbCircle
 10
3675.716475631391
 20
1208.319055651378
 30
-0.0000000000000592
 40
9.0
  0
CIRCLE
  5
61C
330
1F
100
AcDbEntity
  8
0
 62
   144
100
AcDbCircle
 10
2574.973571512197
 20
1386.686819081346
 30
-0.0000000000000592
 40
9.0
  0
CIRCLE
  5
61D
330
1F
100
AcDbEntity
  8
0
 62
   144
100
AcDbCircle
 10
2665.444235094638
 20
1208.319055651349
 30
-0.0000000000000592
 40
9.0
  0
LWPOLYLINE
  5
61E
330
1F
100
AcDbEntity
  8
0
 62
   144
100
AcDbPolyline
 90
        7
 70
     1
 43
0.0
 10
3487.168477134128
 20
1911.650746519421
 10
3867.779245972914
 20
1161.256211019155
 10
2526.729745770619
 20
1161.256211019155
 10
2463.75107574165
 20
1285.422035298286
 42
0.4142135623738882
 10
2450.309154391103
 20
1289.816890290682
 10
2384.313081922289
 20
1256.342744765314
 10
2051.931553840452
 20
1911.650746519421
  0
TEXT
  5
61F
330
1F
100
AcDbEntity
  8
0
 62
     1
100
AcDbText
 10
2895.938864277025
 20
1653.761976620362
 30
0.0
 40
70.99827291420661
  1
N3
100
AcDbText
  0
LWPOLYLINE
  5
620
330
1F
100
AcDbEntity
  8
0
 62
   144
100
AcDbPolyline
 90
        4
 70
     1
 43
0.0
 10
4916.24065867141
 20
1911.650746519421
 10
4535.62988983309
 20
1161.256211019155
 10
5970.8668131263
 20
1161.256211019155
 10
6351.477581965085
 20
1911.650746519421
  0
CIRCLE
  5
621
330
1F
100
AcDbEntity
  8
0
 62
   144
100
AcDbCircle
 10
4818.163323756122
 20
1386.686819081346
 30
-0.0000000000000592
 40
9.0
  0
CIRCLE
  5
622
330
1F
100
AcDbEntity
  8
0
 62
   144
100
AcDbCircle
 10
4727.692660174147
 20
1208.319055651378
 30
-0.0000000000000592
 40
9.0
  0
CIRCLE
  5
623
330
1F
100
AcDbEntity
  8
0
 62
   144
100
AcDbCircle
 10
5828.43556429334
 20
1386.686819081346
 30
-0.0000000000000592
 40
9.0
  0
CIRCLE
  5
624
330
1F
100
AcDbEntity
  8
0
 62
   144
100
AcDbCircle
 10
5737.964900711365
 20
1208.319055651378
 30
-0.0000000000000592
 40
9.0
  0
TEXT
  5
625
330
1F
100
AcDbEntity
  8
0
 62
     1
100
AcDbText
 10
5447.359573625308
 20
1697.852780855033
 30
0.0
 40
70.99827291420661
  1
N4
100
AcDbText
  0
CIRCLE
  5
626
330
1F
100
AcDbEntity
  8
0
 62
   144
100
AcDbCircle
 10
3820.903109684867
 20
254.1255548928512
 30
-0.0000000000000793
 40
9.0
  0
CIRCLE
  5
627
330
1F
100
AcDbEntity
  8
0
 62
   144
100
AcDbCircle
 10
3820.903109684867
 20
54.12555489285114
 30
-0.0000000000000793
 40
9.0
  0
CIRCLE
  5
628
330
1F
100
AcDbEntity
  8
0
 62
   144
100
AcDbCircle
 10
4565.903109684867
 20
254.1255548928512
 30
-0.0000000000000793
 40
9.0
  0
CIRCLE
  5
629
330
1F
100
AcDbEntity
  8
0
 62
   144
100
AcDbCircle
 10
4565.903109684867
 20
54.12555489285114
 30
-0.0000000000000793
 40
9.0
  0
LWPOLYLINE
  5
62A
330
1F
100
AcDbEntity
  8
0
 62
   144
100
AcDbPolyline
 90
        4
 70
     1
 43
0.0
 10
3710.903109684867
 20
-25.87444510714886
 10
4675.903109684866
 20
-25.87444510714886
 10
4675.903109684866
 20
814.125554892851
 10
3710.903109684867
 20
814.125554892851
  0
TEXT
  5
62B
330
1F
100
AcDbEntity
  8
0
 62
     1
100
AcDbText
 10
4146.921827055794
 20
502.7815630316963
 30
0.0
 40
70.99827291420661
  1
N5
100
AcDbText
  0
CIRCLE
  5
62C
330
1F
100
AcDbEntity
  8
0
 62
   144
100
AcDbCircle
 10
10358.18302385025
 20
2639.625194245431
 30
-0.0000000000000793
 40
9.0
  0
CIRCLE
  5
62D
330
1F
100
AcDbEntity
  8
0
 62
   144
100
AcDbCircle
 10
10268.12383046029
 20
2461.049323294318
 30
-0.0000000000000793
 40
9.0
  0
CIRCLE
  5
62E
330
1F
100
AcDbEntity
  8
0
 62
   144
100
AcDbCircle
 10
8672.62495602835
 20
2639.625194245402
 30
-0.0000000000000793
 40
9.0
  0
CIRCLE
  5
62F
330
1F
100
AcDbEntity
  8
0
 62
   144
100
AcDbCircle
 10
8582.565762638393
 20
2461.049323294288
 30
-0.0000000000000793
 40
9.0
  0
LWPOLYLINE
  5
630
330
1F
100
AcDbEntity
  8
0
 62
   144
100
AcDbPolyline
 90
        4
 70
     1
 43
0.0
 10
10788.06677373806
 20
3167.798535061395
 10
8764.277120213771
 20
3167.798535061395
 10
8386.064222890231
 20
2417.850695177365
 10
10409.85387641452
 20
2417.850695177365
  0
TEXT
  5
631
330
1F
100
AcDbEntity
  8
0
 62
     1
100
AcDbText
 10
9557.186451732928
 20
2955.594126769551
 30
0.0
 40
70.99827291420661
  1
N6
100
AcDbText
  0
CIRCLE
  5
632
330
1F
100
AcDbEntity
  8
0
 62
   144
100
AcDbCircle
 10
12380.15417629089
 20
2632.651453086355
 30
-0.0000000000000391
 40
9.0
  0
CIRCLE
  5
633
330
1F
100
AcDbEntity
  8
0
 62
   144
100
AcDbCircle
 10
12286.87676730361
 20
2455.735300707258
 30
-0.0000000000000391
 40
9.0
  0
CIRCLE
  5
634
330
1F
100
AcDbEntity
  8
0
 62
   144
100
AcDbCircle
 10
11736.91160929138
 20
2632.651453086355
 30
-0.0000000000000391
 40
9.0
  0
CIRCLE
  5
635
330
1F
100
AcDbEntity
  8
0
 62
   144
100
AcDbCircle
 10
11643.63420030409
 20
2455.735300707258
 30
-0.0000000000000391
 40
9.0
  0
LWPOLYLINE
  5
636
330
1F
100
AcDbEntity
  8
0
 62
   144
100
AcDbPolyline
 90
        7
 70
     1
 43
0.0
 10
12408.21233710349
 20
2417.850695177365
 10
12484.19735289905
 20
2561.968941802805
 42
-0.4142135623927545
 10
12497.70703096716
 20
2566.15087897238
 10
12563.16600734722
 20
2531.638237647136
 10
12892.59402110409
 20
3156.453370405309
 10
11806.20367508223
 20
3156.453370405309
 10
11416.78222944336
 20
2417.850695177365
  0
TEXT
  5
637
330
1F
100
AcDbEntity
  8
0
 62
     1
100
AcDbText
 10
12146.58806078117
 20
2951.244527116947
 30
0.0
 40
70.99827291420661
  1
N7
100
AcDbText
  0
CIRCLE
  5
638
330
1F
100
AcDbEntity
  8
0
 62
   144
100
AcDbCircle
 10
10103.07311021518
 20
1367.102138058579
 30
-0.0000000000000391
 40
9.0
  0
CIRCLE
  5
639
330
1F
100
AcDbEntity
  8
0
 62
   144
100
AcDbCircle
 10
10011.40804237714
 20
1189.345238506887
 30
-0.0000000000000391
 40
9.0
  0
CIRCLE
  5
63A
330
1F
100
AcDbEntity
  8
0
 62
   144
100
AcDbCircle
 10
8739.412961937768
 20
1367.102138058579
 30
-0.0000000000000391
 40
9.0
  0
CIRCLE
  5
63B
330
1F
100
AcDbEntity
  8
0
 62
   144
100
AcDbCircle
 10
8647.747894099262
 20
1189.345238506887
 30
-0.0000000000000391
 40
9.0
  0
LWPOLYLINE
  5
63C
330
1F
100
AcDbEntity
  8
0
 62
   144
100
AcDbPolyline
 90
        4
 70
     1
 43
0.0
 10
10255.63421498965
 20
1141.484991736075
 10
10642.39164073234
 20
1891.484991736075
 10
8841.055091728737
 20
1891.484991736075
 10
8454.297665986047
 20
1141.484991736075
  0
TEXT
  5
63D
330
1F
100
AcDbEntity
  8
0
 62
     1
100
AcDbText
 10
9447.638667862676
 20
1690.161308667482
 30
0.0
 40
70.99827291420661
  1
N8
100
AcDbText
  0
CIRCLE
  5
63E
330
1F
100
AcDbEntity
  8
0
 62
   144
100
AcDbCircle
 10
11722.87355208238
 20
1367.102138058579
 30
-0.0000000000000391
 40
9.0
  0
CIRCLE
  5
63F
330
1F
100
AcDbEntity
  8
0
 62
   144
100
AcDbCircle
 10
11814.53861992089
 20
1189.345238506857
 30
-0.0000000000000391
 40
9.0
  0
CIRCLE
  5
640
330
1F
100
AcDbEntity
  8
0
 62
   144
100
AcDbCircle
 10
13086.5337003598
 20
1367.102138058579
 30
-0.0000000000000391
 40
9.0
  0
CIRCLE
  5
641
330
1F
100
AcDbEntity
  8
0
 62
   144
100
AcDbCircle
 10
13178.1987681983
 20
1189.345238506887
 30
-0.0000000000000391
 40
9.0
  0
LWPOLYLINE
  5
642
330
1F
100
AcDbEntity
  8
0
 62
   144
100
AcDbPolyline
 90
        4
 70
     1
 43
0.0
 10
11570.31244730791
 20
1141.484991736075
 10
11183.55502156568
 20
1891.484991736075
 10
12984.89157056883
 20
1891.484991736075
 10
13371.64899631152
 20
1141.484991736075
  0
TEXT
  5
643
330
1F
100
AcDbEntity
  8
0
 62
     1
100
AcDbText
 10
12160.87886834079
 20
1674.806214588961
 30
0.0
 40
70.99827291420661
  1
N9
100
AcDbText
  0
CIRCLE
  5
644
330
1F
100
AcDbEntity
  8
0
 62
   144
100
AcDbCircle
 10
11274.81252804799
 20
224.5640856663576
 30
-0.0000000000000793
 40
9.0
  0
CIRCLE
  5
645
330
1F
100
AcDbEntity
  8
0
 62
   144
100
AcDbCircle
 10
11274.81252804799
 20
24.56408566635764
 30
-0.0000000000000793
 40
9.0
  0
CIRCLE
  5
646
330
1F
100
AcDbEntity
  8
0
 62
   144
100
AcDbCircle
 10
10488.81252804799
 20
224.5640856663576
 30
-0.0000000000000793
 40
9.0
  0
CIRCLE
  5
647
330
1F
100
AcDbEntity
  8
0
 62
   144
100
AcDbCircle
 10
10488.81252804799
 20
24.56408566635764
 30
-0.0000000000000793
 40
9.0
  0
LWPOLYLINE
  5
648
330
1F
100
AcDbEntity
  8
0
 62
   144
100
AcDbPolyline
 90
        4
 70
     1
 43
0.0
 10
11384.81252804799
 20
-55.43591433364236
 10
10378.81252804799
 20
-55.43591433364236
 10
10378.81252804799
 20
784.5640856663576
 10
11384.81252804799
 20
784.5640856663576
  0
TEXT
  5
649
330
1F
100
AcDbEntity
  8
0
 62
     1
100
AcDbText
 10
10855.41049124887
 20
491.6022751069158
 30
0.0
 40
70.99827291420661
  1
N10
100
AcDbText
  0
CIRCLE
  5
64A
330
1F
100
AcDbEntity
  8
0
 62
   144
100
AcDbCircle
 10
16948.08931969926
 20
2680.048821164184
 30
-0.0000000000000391
 40
9.0
  0
CIRCLE
  5
64B
330
1F
100
AcDbEntity
  8
0
 62
   144
100
AcDbCircle
 10
17042.20696675805
 20
2503.578232928913
 30
-0.0000000000000391
 40
9.0
  0
CIRCLE
  5
64C
330
1F
100
AcDbEntity
  8
0
 62
   144
100
AcDbCircle
 10
15588.08931969926
 20
2680.048821164184
 30
-0.0000000000000391
 40
9.0
  0
CIRCLE
  5
64D
330
1F
100
AcDbEntity
  8
0
 62
   144
100
AcDbCircle
 10
15682.20696675805
 20
2503.578232928883
 30
-0.0000000000000391
 40
9.0
  0
LWPOLYLINE
  5
64E
330
1F
100
AcDbEntity
  8
0
 62
   144
100
AcDbPolyline
 90
        4
 70
     1
 43
0.0
 10
17237.77559420913
 20
2455.637056458311
 10
15543.44226087565
 20
2455.637056458311
 10
15146.10892754216
 20
3200.63705645831
 10
16840.44226087564
 20
3200.63705645831
  0
TEXT
  5
64F
330
1F
100
AcDbEntity
  8
0
 62
     1
100
AcDbText
 10
16070.81052178638
 20
3002.425698369951
 30
0.0
 40
70.99827291420661
  1
N11
100
AcDbText
  0
CIRCLE
  5
650
330
1F
100
AcDbEntity
  8
0
 62
   144
100
AcDbCircle
 10
17023.28355000708
 20
1371.30273948232
 30
-0.0000000000000391
 40
9.0
  0
CIRCLE
  5
651
330
1F
100
AcDbEntity
  8
0
 62
   144
100
AcDbCircle
 10
17117.40119706588
 20
1194.832151247048
 30
-0.0000000000000391
 40
9.0
  0
CIRCLE
  5
652
330
1F
100
AcDbEntity
  8
0
 62
   144
100
AcDbCircle
 10
15663.28355000708
 20
1371.30273948232
 30
-0.0000000000000391
 40
9.0
  0
CIRCLE
  5
653
330
1F
100
AcDbEntity
  8
0
 62
   144
100
AcDbCircle
 10
15757.40119706588
 20
1194.832151247019
 30
-0.0000000000000391
 40
9.0
  0
LWPOLYLINE
  5
654
330
1F
100
AcDbEntity
  8
0
 62
   144
100
AcDbPolyline
 90
        4
 70
     1
 43
0.0
 10
17307.30315784998
 20
1146.890974776446
 10
15618.63649118347
 20
1146.890974776446
 10
15221.30315784998
 20
1891.890974776447
 10
16909.96982451696
 20
1891.890974776447
  0
TEXT
  5
655
330
1F
100
AcDbEntity
  8
0
 62
     1
100
AcDbText
 10
16142.5501589545
 20
1661.277475522749
 30
0.0
 40
70.99827291420661
  1
N12
100
AcDbText
  0
CIRCLE
  5
656
330
1F
100
AcDbEntity
  8
0
 62
   144
100
AcDbCircle
 10
17078.57840959476
 20
-54.58881590075361
 30
-0.0000000000000391
 40
9.0
  0
CIRCLE
  5
657
330
1F
100
AcDbEntity
  8
0
 62
   144
100
AcDbCircle
 10
17172.69605665356
 20
-231.0594041360546
 30
-0.0000000000000391
 40
9.0
  0
CIRCLE
  5
658
330
1F
100
AcDbEntity
  8
0
 62
   144
100
AcDbCircle
 10
16150.55140984366
 20
-73.53654910131627
 30
-0.0000000000000391
 40
9.0
  0
CIRCLE
  5
659
330
1F
100
AcDbEntity
  8
0
 62
   144
100
AcDbCircle
 10
16244.66905690245
 20
-250.0071373366172
 30
-0.0000000000000391
 40
9.0
  0
LWPOLYLINE
  5
65A
330
1F
100
AcDbEntity
  8
0
 62
   144
100
AcDbPolyline
 90
        7
 70
     1
 43
0.0
 10
16965.26468410464
 20
465.9994193933726
 10
15908.43135077115
 20
465.9994193933434
 10
15663.57840959476
 20
335.4111840992173
 10
16068.28429194754
 20
-423.4123453125302
 10
16326.92399782995
 20
-285.4711688419284
 42
-0.1231056256175341
 10
16352.80635077115
 20
-279.0005806066274
 10
17362.59801743813
 20
-279.0005806066274
  0
TEXT
  5
65B
330
1F
100
AcDbEntity
  8
0
 62
     1
100
AcDbText
 10
16351.96677335892
 20
263.6917418016874
 30
0.0
 40
70.99827291420661
  1
N13
100
AcDbText
  0
DIMENSION
  5
65C
330
1F
100
AcDbEntity
  8
РАЗМЕРЫ
 62
    18
420
        0
370
    13
100
AcDbDimension
280
     0
  2
*D63
 10
4747.937494108268
 20
3325.970988199964
 30
0.0
 11
3370.899001306203
 21
3325.970988199964
 31
0.0
 70
    32
 71
     5
 42
2754.07698560413
 73
     0
 74
     0
 75
     0
  3
ОФОРМИТЕЛЬ
100
AcDbAlignedDimension
 13
1993.860508504138
 23
3199.101041960739
 33
0.0
 14
4747.937494108268
 24
2448.802991567389
 34
0.0
100
AcDbRotatedDimension
  0
DIMENSION
  5
65D
330
1F
100
AcDbEntity
  8
РАЗМЕРЫ
 62
    18
420
        0
370
    13
100
AcDbDimension
280
     0
  2
*D64
 10
1893.816627690848
 20
2448.802991567389
 30
0.0
 11
1893.816627690848
 21
2823.952016764064
 31
0.0
 70
    32
 71
     5
 42
750.2980503933504
 73
     0
 74
     0
 75
     0
  3
ОФОРМИТЕЛЬ
100
AcDbAlignedDimension
 13
1993.860508504138
 23
3199.101041960739
 33
0.0
 14
2374.812944035326
 24
2448.802991567389
 34
0.0
 50
90.0
100
AcDbRotatedDimension
  0
DIMENSION
  5
65E
330
1F
100
AcDbEntity
  8
РАЗМЕРЫ
 62
    18
420
        0
370
    13
100
AcDbDimension
280
     0
  2
*D65
 10
2414.752464796697
 20
2674.247467580228
 30
-0.0000000000000391
 11
2566.211697525159
 21
2671.551511907344
 31
0.0
 70
   163
 71
     5
 42
17.99999999965093
 73
     0
 74
     0
 75
     0
  3
ОФОРМИТЕЛЬ
100
AcDbDiametricDimension
 15
2432.549425857422
 25
2671.551511907286
 35
-0.0000000000000391
 40
0.0
1001
ACAD_DSTYLE_DIMRADIAL_EXTENSION
1070
   387
1070
     1
1070
   388
1040
0.0
1070
   390
1040
-0.0000000000000002
  0
DIMENSION
  5
65F
330
1F
100
AcDbEntity
  8
РАЗМЕРЫ
 62
    18
420
        0
370
    13
100
AcDbDimension
280
     0
  2
*D66
 10
6699.597504312453
 20
3348.100028335995
 30
0.0
 11
5937.576911260421
 21
3348.100028335995
 31
0.0
 70
    32
 71
     5
 42
1524.041186104063
 73
     0
 74
     0
 75
     0
  3
ОФОРМИТЕЛЬ
100
AcDbAlignedDimension
 13
5175.556318208389
 23
3187.362025662971
 33
0.0
 14
6699.597504312453
 24
2448.802991567389
 34
0.0
100
AcDbRotatedDimension
  0
DIMENSION
  5
660
330
1F
100
AcDbEntity
  8
РАЗМЕРЫ
 62
    18
420
        0
370
    13
100
AcDbDimension
280
     0
  2
*D67
 10
6844.414193305933
 20
2448.802991567389
 30
0.0
 11
6844.414193305933
 21
2818.08250861518
 31
0.0
 70
    32
 71
     5
 42
738.5590340955823
 73
     0
 74
     0
 75
     0
  3
ОФОРМИТЕЛЬ
100
AcDbAlignedDimension
 13
6303.276390013565
 23
3187.362025662971
 33
0.0
 14
6699.597504312453
 24
2448.802991567389
 34
0.0
 50
90.0
100
AcDbRotatedDimension
  0
DIMENSION
  5
661
330
1F
100
AcDbEntity
  8
РАЗМЕРЫ
 62
    18
420
        0
370
    13
100
AcDbDimension
280
     0
  2
*D68
 10
5722.422599663777
 20
2473.992526563959
 30
0.0
 11
5687.489400972431
 21
2537.675096848919
 31
0.0
 70
    33
 71
     5
 42
145.2693791396924
 73
     0
 74
     0
 75
     0
  3
ОФОРМИТЕЛЬ
100
AcDbAlignedDimension
 13
5606.636149352697
 23
2576.168132137309
 33
0.0
 14
5676.502546735388
 24
2448.802991567389
 34
0.0
  0
DIMENSION
  5
662
330
1F
100
AcDbEntity
  8
РАЗМЕРЫ
 62
    18
420
        0
370
    13
100
AcDbDimension
280
     0
  2
*D69
 10
5492.04559231025
 20
2610.407976291212
 30
0.0
 11
5528.869153721601
 21
2630.607613044991
 31
0.0
 70
    33
 71
     5
 42
84.00000000000416
 73
     0
 74
     0
 75
     0
  3
ОФОРМИТЕЛЬ
100
AcDbAlignedDimension
 13
5606.636149352697
 23
2576.168132137397
 33
0.0
 14
5532.989026529994
 24
2535.768858629837
 34
0.0
  0
DIMENSION
  5
663
330
1F
100
AcDbEntity
  8
РАЗМЕРЫ
 62
    18
420
        0
370
    13
100
AcDbDimension
280
     0
  2
*D70
 10
5602.678072053288
 20
2562.591180193622
 30
0.0
 11
5664.513108161092
 21
2719.424402373674
 31
0.0
 70
   164
 71
     5
 42
9.999999999802
 73
     0
 74
     0
 75
     0
  3
ОФОРМИТЕЛЬ
100
AcDbRadialDimension
 15
5604.92098171618
 25
2572.336402419931
 35
0.0
 40
0.0
1001
ACAD_DSTYLE_DIMRADIAL_EXTENSION
1070
   387
1070
     1
1070
   388
1040
0.5017307915179506
1070
   390
1040
2.07252711838002
  0
DIMENSION
  5
664
330
1F
100
AcDbEntity
  8
РАЗМЕРЫ
 62
    18
420
        0
370
    13
100
AcDbDimension
280
     0
  2
*D71
 10
6395.981933465042
 20
2658.997631842509
 30
-0.0000000000000592
 11
6184.765132271033
 21
2620.778782760672
 31
0.0
 70
   163
 71
     5
 42
18.00000000000413
 73
     0
 74
     0
 75
     0
  3
ОФОРМИТЕЛЬ
100
AcDbDiametricDimension
 15
6395.472869437003
 25
2676.990431897406
 35
-0.0000000000000592
 40
0.0
1001
ACAD_DSTYLE_DIMRADIAL_EXTENSION
1070
   387
1070
     1
1070
   388
1040
0.0
1070
   390
1040
-0.0000000000000002
  0
DIMENSION
  5
665
330
1F
100
AcDbEntity
  8
РАЗМЕРЫ
 62
    18
420
        0
370
    13
100
AcDbDimension
280
     0
  2
*D72
 10
3867.779245972914
 20
2006.977921490243
 30
0.0
 11
2959.855399906683
 21
2006.977921490243
 31
0.0
 70
    32
 71
     5
 42
1815.847692132462
 73
     0
 74
     0
 75
     0
  3
ОФОРМИТЕЛЬ
100
AcDbAlignedDimension
 13
2051.931553840452
 23
1911.650746519421
 33
0.0
 14
3867.779245972914
 24
1161.256211019155
 34
0.0
100
AcDbRotatedDimension
  0
DIMENSION
  5
666
330
1F
100
AcDbEntity
  8
РАЗМЕРЫ
 62
    18
420
        0
370
    13
100
AcDbDimension
280
     0
  2
*D73
 10
3975.185779994634
 20
1161.256211019155
 30
0.0
 11
3975.185779994634
 21
1536.453478769288
 31
0.0
 70
    32
 71
     5
 42
750.3945355002652
 73
     0
 74
     0
 75
     0
  3
ОФОРМИТЕЛЬ
100
AcDbAlignedDimension
 13
3487.168477134128
 23
1911.650746519421
 33
0.0
 14
3867.779245972914
 24
1161.256211019155
 34
0.0
 50
90.0
100
AcDbRotatedDimension
  0
DIMENSION
  5
667
330
1F
100
AcDbEntity
  8
РАЗМЕРЫ
 62
    18
420
        0
370
    13
100
AcDbDimension
280
     0
  2
*D74
 10
2427.234750009878
 20
1357.415929137148
 30
0.0
 11
2389.777519689677
 21
1338.417089784839
 31
0.0
 70
    33
 71
     5
 42
83.99999999988999
 73
     0
 74
     0
 75
     0
  3
ОФОРМИТЕЛЬ
100
AcDbAlignedDimension
 13
2384.313081922289
 23
1256.342744765314
 33
0.0
 14
2459.227542562691
 24
1294.340423469932
 34
0.0
  0
DIMENSION
  5
668
330
1F
100
AcDbEntity
  8
РАЗМЕРЫ
 62
    18
420
        0
370
    13
100
AcDbDimension
280
     0
  2
*D75
 10
2601.729520193118
 20
1199.297162086093
 30
0.0
 11
2567.978418589154
 21
1265.839268311408
 31
0.0
 70
    33
 71
     5
 42
149.224512200674
 73
     0
 74
     0
 75
     0
  3
ОФОРМИТЕЛЬ
100
AcDbAlignedDimension
 13
2459.227542562691
 23
1294.340423469786
 33
0.0
 14
2526.729745770619
 24
1161.256211019155
 34
0.0
  0
DIMENSION
  5
669
330
1F
100
AcDbEntity
  8
РАЗМЕРЫ
 62
    18
420
        0
370
    13
100
AcDbDimension
280
     0
  2
*D76
 10
2454.832687570063
 20
1280.89850211924
 30
0.0
 11
2510.830241396838
 21
1373.435122037865
 31
0.0
 70
   164
 71
     5
 42
9.999999999953264
 73
     0
 74
     0
 75
     0
  3
ОФОРМИТЕЛЬ
100
AcDbRadialDimension
 15
2458.708701368701
 25
1290.116772945801
 35
0.0
 40
0.0
1001
ACAD_DSTYLE_DIMRADIAL_EXTENSION
1070
   387
1070
     1
1070
   388
1040
0.4694023042147652
1070
   390
1040
2.040198631012369
  0
DIMENSION
  5
66A
330
1F
100
AcDbEntity
  8
РАЗМЕРЫ
 62
    18
420
        0
370
    13
100
AcDbDimension
280
     0
  2
*D77
 10
3588.15174632175
 20
1378.168864749174
 30
-0.0000000000000592
 11
3396.90173985092
 21
1388.652823053335
 31
0.0
 70
   163
 71
     5
 42
18.00000000001021
 73
     0
 74
     0
 75
     0
  3
ОФОРМИТЕЛЬ
100
AcDbDiametricDimension
 15
3582.339877777082
 25
1395.204773413517
 35
-0.0000000000000592
 40
0.0
1001
ACAD_DSTYLE_DIMRADIAL_EXTENSION
1070
   387
1070
     1
1070
   388
1040
0.0
1070
   390
1040
-0.0000000000000002
  0
DIMENSION
  5
66B
330
1F
100
AcDbEntity
  8
РАЗМЕРЫ
 62
    18
420
        0
370
    13
100
AcDbDimension
280
     0
  2
*D78
 10
4535.62988983309
 20
1987.097052788687
 30
0.0
 11
5443.553735899087
 21
1987.097052788687
 31
0.0
 70
    32
 71
     5
 42
1815.847692131996
 73
     0
 74
     0
 75
     0
  3
ОФОРМИТЕЛЬ
100
AcDbAlignedDimension
 13
6351.477581965085
 23
1911.650746519421
 33
0.0
 14
4535.62988983309
 24
1161.256211019155
 34
0.0
100
AcDbRotatedDimension
  0
DIMENSION
  5
66C
330
1F
100
AcDbEntity
  8
РАЗМЕРЫ
 62
    18
420
        0
370
    13
100
AcDbDimension
280
     0
  2
*D79
 10
4360.372861867118
 20
1161.256211019155
 30
0.0
 11
4360.372861867118
 21
1536.453478769288
 31
0.0
 70
    32
 71
     5
 42
750.3945355002652
 73
     0
 74
     0
 75
     0
  3
ОФОРМИТЕЛЬ
100
AcDbAlignedDimension
 13
4916.723103754037
 23
1911.650746519421
 33
0.0
 14
4535.62988983309
 24
1161.256211019155
 34
0.0
 50
90.0
100
AcDbRotatedDimension
  0
DIMENSION
  5
66D
330
1F
100
AcDbEntity
  8
РАЗМЕРЫ
 62
    18
420
        0
370
    13
100
AcDbDimension
280
     0
  2
*D80
 10
5829.30646047257
 20
1377.729054860019
 30
-0.0000000000000592
 11
5690.732003975008
 21
1387.672017534705
 31
0.0
 70
   163
 71
     5
 42
17.9999999999853
 73
     0
 74
     0
 75
     0
  3
ОФОРМИТЕЛЬ
100
AcDbDiametricDimension
 15
5827.564668114112
 25
1395.644583302672
 35
-0.0000000000000592
 40
0.0
1001
ACAD_DSTYLE_DIMRADIAL_EXTENSION
1070
   387
1070
     1
1070
   388
1040
0.0
1070
   390
1040
-0.0000000000000002
  0
DIMENSION
  5
66E
330
1F
100
AcDbEntity
  8
РАЗМЕРЫ
 62
    18
420
        0
370
    13
100
AcDbDimension
280
     0
  2
*D81
 10
4675.903109684866
 20
917.3264795069171
 30
0.0
 11
4193.403109684867
 21
917.3264795069171
 31
0.0
 70
    32
 71
     5
 42
965.0
 73
     0
 74
     0
 75
     0
  3
ОФОРМИТЕЛЬ
100
AcDbAlignedDimension
 13
3710.903109684867
 23
814.125554892851
 33
0.0
 14
4675.903109684866
 24
814.125554892851
 34
0.0
100
AcDbRotatedDimension
  0
DIMENSION
  5
66F
330
1F
100
AcDbEntity
  8
РАЗМЕРЫ
 62
    18
420
        0
370
    13
100
AcDbDimension
280
     0
  2
*D82
 10
4812.362854053546
 20
-25.87444510714887
 30
0.0
 11
4812.362854053546
 21
394.1255548928511
 31
0.0
 70
    32
 71
     5
 42
840.0
 73
     0
 74
     0
 75
     0
  3
ОФОРМИТЕЛЬ
100
AcDbAlignedDimension
 13
4665.251011247096
 23
814.125554892851
 33
0.0
 14
4665.251011247096
 24
-25.87444510714886
 34
0.0
 50
90.0
100
AcDbRotatedDimension
  0
DIMENSION
  5
670
330
1F
100
AcDbEntity
  8
РАЗМЕРЫ
 62
    18
420
        0
370
    13
100
AcDbDimension
280
     0
  2
*D83
 10
3583.209276342114
 20
254.1255548928512
 30
0.0
 11
3583.209276342114
 21
154.1255548928512
 31
0.0
 70
    32
 71
     5
 42
200.0
 73
     0
 74
     0
 75
     0
  3
ОФОРМИТЕЛЬ
100
AcDbAlignedDimension
 13
3820.903109684867
 23
54.12555489285114
 33
-0.0000000000000793
 14
3820.903109684867
 24
254.1255548928512
 34
-0.0000000000000793
 50
90.0
100
AcDbRotatedDimension
  0
DIMENSION
  5
671
330
1F
100
AcDbEntity
  8
РАЗМЕРЫ
 62
    18
420
        0
370
    13
100
AcDbDimension
280
     0
  2
*D84
 10
4735.785637109354
 20
254.1255548928512
 30
0.0
 11
4735.785637109354
 21
154.1255548928511
 31
0.0
 70
    32
 71
     5
 42
200.0
 73
     0
 74
     0
 75
     0
  3
ОФОРМИТЕЛЬ
100
AcDbAlignedDimension
 13
4565.903109684867
 23
54.12555489285114
 33
-0.0000000000000793
 14
4565.903109684867
 24
254.1255548928512
 34
-0.0000000000000793
 50
90.0
100
AcDbRotatedDimension
  0
DIMENSION
  5
672
330
1F
100
AcDbEntity
  8
РАЗМЕРЫ
 62
    18
420
        0
370
    13
100
AcDbDimension
280
     0
  2
*D85
 10
4735.785637109354
 20
-25.87444510714886
 30
0.0
 11
4798.285637109354
 21
14.12555489285113
 31
0.0
 70
    32
 71
     5
 42
80.0
 73
     0
 74
     0
 75
     0
  3
ОФОРМИТЕЛЬ
100
AcDbAlignedDimension
 13
4565.903109684867
 23
54.12555489285114
 33
0.0
 14
4675.903109684866
 24
-25.87444510714886
 34
0.0
 50
90.0
100
AcDbRotatedDimension
  0
DIMENSION
  5
673
330
1F
100
AcDbEntity
  8
РАЗМЕРЫ
 62
    18
420
        0
370
    13
100
AcDbDimension
280
     0
  2
*D86
 10
3583.209276342114
 20
-25.87444510714885
 30
0.0
 11
3550.709276342113
 21
14.12555489285115
 31
0.0
 70
    32
 71
     5
 42
80.00000000000001
 73
     0
 74
     0
 75
     0
  3
ОФОРМИТЕЛЬ
100
AcDbAlignedDimension
 13
3820.903109684867
 23
54.12555489285114
 33
0.0
 14
3695.310659873114
 24
-25.87444510714886
 34
0.0
 50
90.0
100
AcDbRotatedDimension
  0
DIMENSION
  5
674
330
1F
100
AcDbEntity
  8
РАЗМЕРЫ
 62
    18
420
        0
370
    13
100
AcDbDimension
280
     0
  2
*D87
 10
3710.903109684867
 20
-106.8709414958084
 30
0.0
 11
3765.903109684867
 21
-106.8709414958084
 31
0.0
 70
    32
 71
     5
 42
110.0
 73
     0
 74
     0
 75
     0
  3
ОФОРМИТЕЛЬ
100
AcDbAlignedDimension
 13
3820.903109684867
 23
254.1255548928512
 33
0.0
 14
3710.903109684867
 24
-25.87444510714886
 34
0.0
100
AcDbRotatedDimension
  0
DIMENSION
  5
675
330
1F
100
AcDbEntity
  8
РАЗМЕРЫ
 62
    18
420
        0
370
    13
100
AcDbDimension
280
     0
  2
*D88
 10
4675.903109684866
 20
-77.48514192946641
 30
0.0
 11
4620.903109684866
 21
-77.48514192946641
 31
0.0
 70
    32
 71
     5
 42
110.0
 73
     0
 74
     0
 75
     0
  3
ОФОРМИТЕЛЬ
100
AcDbAlignedDimension
 13
4565.903109684867
 23
254.1255548928512
 33
0.0
 14
4675.903109684866
 24
-25.87444510714886
 34
0.0
100
AcDbRotatedDimension
  0
DIMENSION
  5
676
330
1F
100
AcDbEntity
  8
РАЗМЕРЫ
 62
    18
420
        0
370
    13
100
AcDbDimension
280
     0
  2
*D89
 10
3814.927863706183
 20
247.3952922312656
 30
-0.0000000000000793
 11
3897.746167996248
 21
240.3168385653753
 31
0.0
 70
   163
 71
     5
 42
17.99999999996702
 73
     0
 74
     0
 75
     0
  3
ОФОРМИТЕЛЬ
100
AcDbDiametricDimension
 15
3826.87835566355
 25
260.8558175544367
 35
-0.0000000000000793
 40
0.0
1001
ACAD_DSTYLE_DIMRADIAL_EXTENSION
1070
   387
1070
     1
1070
   388
1040
0.0
1070
   390
1040
-0.0000000000000002
  0
DIMENSION
  5
677
330
1F
100
AcDbEntity
  8
РАЗМЕРЫ
 62
    18
420
        0
370
    13
100
AcDbDimension
280
     0
  2
*D90
 10
4574.589343061485
 20
256.4812606735268
 30
-0.0000000000000793
 11
4481.108707534895
 21
144.5408992381763
 31
0.0
 70
   163
 71
     5
 42
17.99999999979882
 73
     0
 74
     0
 75
     0
  3
ОФОРМИТЕЛЬ
100
AcDbDiametricDimension
 15
4557.216876308248
 25
251.7698491121755
 35
-0.0000000000000793
 40
0.0
1001
ACAD_DSTYLE_DIMRADIAL_EXTENSION
1070
   387
1070
     1
1070
   388
1040
0.0
1070
   390
1040
-0.0000000000000002
  0
DIMENSION
  5
678
330
1F
100
AcDbEntity
  8
РАЗМЕРЫ
 62
    18
420
        0
370
    13
100
AcDbDimension
280
     0
  2
*D91
 10
8386.064222890231
 20
3293.996313903516
 30
0.0
 11
9587.065498314146
 21
3293.996313903516
 31
0.0
 70
    32
 71
     5
 42
2402.002550847829
 73
     0
 74
     0
 75
     0
  3
ОФОРМИТЕЛЬ
100
AcDbAlignedDimension
 13
10788.06677373806
 23
3167.798535061395
 33
0.0
 14
8386.064222890231
 24
2417.850695177365
 34
0.0
100
AcDbRotatedDimension
  0
DIMENSION
  5
679
330
1F
100
AcDbEntity
  8
РАЗМЕРЫ
 62
    18
420
        0
370
    13
100
AcDbDimension
280
     0
  2
*D92
 10
8251.44836614309
 20
2417.850695177365
 30
0.0
 11
8251.44836614309
 21
2792.82461511938
 31
0.0
 70
    32
 71
     5
 42
749.9478398840292
 73
     0
 74
     0
 75
     0
  3
ОФОРМИТЕЛЬ
100
AcDbAlignedDimension
 13
8776.283422909026
 23
3167.798535061395
 33
0.0
 14
8386.064222890231
 24
2417.850695177365
 34
0.0
 50
90.0
100
AcDbRotatedDimension
  0
DIMENSION
  5
67A
330
1F
100
AcDbEntity
  8
РАЗМЕРЫ
 62
    18
420
        0
370
    13
100
AcDbDimension
280
     0
  2
*D93
 10
12892.59402110409
 20
3333.003241920413
 30
0.0
 11
12154.68812527372
 21
3333.003241920413
 31
0.0
 70
    32
 71
     5
 42
1475.81179166073
 73
     0
 74
     0
 75
     0
  3
ОФОРМИТЕЛЬ
100
AcDbAlignedDimension
 13
11416.78222944336
 23
2417.850695177365
 33
0.0
 14
12892.59402110409
 24
3156.453370405309
 34
0.0
100
AcDbRotatedDimension
  0
DIMENSION
  5
67B
330
1F
100
AcDbEntity
  8
РАЗМЕРЫ
 62
    18
420
        0
370
    13
100
AcDbDimension
280
     0
  2
*D94
 10
11298.86461746348
 20
2417.850695177365
 30
0.0
 11
11298.86461746348
 21
2787.152032791337
 31
0.0
 70
    32
 71
     5
 42
738.602675227943
 73
     0
 74
     0
 75
     0
  3
ОФОРМИТЕЛЬ
100
AcDbAlignedDimension
 13
11806.20367508223
 23
3156.453370405309
 33
0.0
 14
11416.78222944336
 24
2417.850695177365
 34
0.0
 50
90.0
100
AcDbRotatedDimension
  0
DIMENSION
  5
67C
330
1F
100
AcDbEntity
  8
РАЗМЕРЫ
 62
    18
420
        0
370
    13
100
AcDbDimension
280
     0
  2
*D95
 10
8454.297665986047
 20
1977.512493333173
 30
0.0
 11
9548.344653359196
 21
1977.512493333173
 31
0.0
 70
    32
 71
     5
 42
2188.093974746298
 73
     0
 74
     0
 75
     0
  3
ОФОРМИТЕЛЬ
100
AcDbAlignedDimension
 13
10642.39164073234
 23
1891.484991736075
 33
0.0
 14
8454.297665986047
 24
1141.484991736075
 34
0.0
100
AcDbRotatedDimension
  0
DIMENSION
  5
67D
330
1F
100
AcDbEntity
  8
РАЗМЕРЫ
 62
    18
420
        0
370
    13
100
AcDbDimension
280
     0
  2
*D96
 10
8324.586356174947
 20
1141.484991736075
 30
0.0
 11
8324.586356174947
 21
1516.484991736075
 31
0.0
 70
    32
 71
     5
 42
750.0
 73
     0
 74
     0
 75
     0
  3
ОФОРМИТЕЛЬ
100
AcDbAlignedDimension
 13
8841.055091728737
 23
1891.484991736075
 33
0.0
 14
8841.055091728737
 24
1141.484991736075
 34
0.0
 50
90.0
100
AcDbRotatedDimension
  0
DIMENSION
  5
67E
330
1F
100
AcDbEntity
  8
РАЗМЕРЫ
 62
    18
420
        0
370
    13
100
AcDbDimension
280
     0
  2
*D97
 10
13371.64899631152
 20
1987.264225337398
 30
0.0
 11
12277.6020089386
 21
1987.264225337398
 31
0.0
 70
    32
 71
     5
 42
2188.093974745832
 73
     0
 74
     0
 75
     0
  3
ОФОРМИТЕЛЬ
100
AcDbAlignedDimension
 13
11183.55502156568
 23
1891.484991736075
 33
0.0
 14
13371.64899631152
 24
1141.484991736075
 34
0.0
100
AcDbRotatedDimension
  0
DIMENSION
  5
67F
330
1F
100
AcDbEntity
  8
РАЗМЕРЫ
 62
    18
420
        0
370
    13
100
AcDbDimension
280
     0
  2
*D98
 10
13556.39057644205
 20
1141.484991736075
 30
0.0
 11
13556.39057644205
 21
1516.484991736075
 31
0.0
 70
    32
 71
     5
 42
750.0
 73
     0
 74
     0
 75
     0
  3
ОФОРМИТЕЛЬ
100
AcDbAlignedDimension
 13
12984.89157056883
 23
1891.484991736075
 33
0.0
 14
12984.89157056883
 24
1141.484991736075
 34
0.0
 50
90.0
100
AcDbRotatedDimension
  0
DIMENSION
  5
680
330
1F
100
AcDbEntity
  8
РАЗМЕРЫ
 62
    18
420
        0
370
    13
100
AcDbDimension
280
     0
  2
*D99
 10
11384.81252804799
 20
890.1943748620743
 30
0.0
 11
10881.81252804799
 21
890.1943748620743
 31
0.0
 70
    32
 71
     5
 42
1006.0
 73
     0
 74
     0
 75
     0
  3
ОФОРМИТЕЛЬ
100
AcDbAlignedDimension
 13
10378.81252804799
 23
784.5640856663576
 33
0.0
 14
11384.81252804799
 24
784.5640856663576
 34
0.0
100
AcDbRotatedDimension
  0
DIMENSION
  5
681
330
1F
100
AcDbEntity
  8
РАЗМЕРЫ
 62
    18
420
        0
370
    13
100
AcDbDimension
280
     0
  2
*D100
 10
11688.93389763245
 20
-55.43591433364237
 30
0.0
 11
11688.93389763245
 21
364.5640856663576
 31
0.0
 70
    32
 71
     5
 42
840.0
 73
     0
 74
     0
 75
     0
  3
ОФОРМИТЕЛЬ
100
AcDbAlignedDimension
 13
11384.81252804799
 23
784.5640856663576
 33
0.0
 14
11384.81252804799
 24
-55.43591433364236
 34
0.0
 50
90.0
100
AcDbRotatedDimension
  0
DIMENSION
  5
682
330
1F
100
AcDbEntity
  8
РАЗМЕРЫ
 62
    18
420
        0
370
    13
100
AcDbDimension
280
     0
  2
*D101
 10
8731.077635642421
 20
1363.707681467034
 30
-0.0000000000000391
 11
8992.579998464139
 21
1402.160305083909
 31
0.0
 70
   163
 71
     5
 42
18.00000000019626
 73
     0
 74
     0
 75
     0
  3
ОФОРМИТЕЛЬ
100
AcDbDiametricDimension
 15
8747.748288233113
 25
1370.496594650123
 35
-0.0000000000000391
 40
0.0
1001
ACAD_DSTYLE_DIMRADIAL_EXTENSION
1070
   387
1070
     1
1070
   388
1040
0.0
1070
   390
1040
-0.0000000000000002
  0
DIMENSION
  5
683
330
1F
100
AcDbEntity
  8
РАЗМЕРЫ
 62
    18
420
        0
370
    13
100
AcDbDimension
280
     0
  2
*D102
 10
8674.31755384924
 20
2630.785787443083
 30
-0.0000000000000793
 11
8909.690276427941
 21
2648.46460104775
 31
0.0
 70
   163
 71
     5
 42
18.00000000001801
 73
     0
 74
     0
 75
     0
  3
ОФОРМИТЕЛЬ
100
AcDbDiametricDimension
 15
8670.932358207462
 25
2648.464601047721
 35
-0.0000000000000793
 40
0.0
1001
ACAD_DSTYLE_DIMRADIAL_EXTENSION
1070
   387
1070
     1
1070
   388
1040
0.0
1070
   390
1040
-0.0000000000000002
  0
DIMENSION
  5
684
330
1F
100
AcDbEntity
  8
РАЗМЕРЫ
 62
    18
420
        0
370
    13
100
AcDbDimension
280
     0
  2
*D103
 10
11744.30206797579
 20
2637.787708574068
 30
-0.0000000000000391
 11
11903.47200172515
 21
2624.024217336793
 31
0.0
 70
   163
 71
     5
 42
18.00000000012162
 73
     0
 74
     0
 75
     0
  3
ОФОРМИТЕЛЬ
100
AcDbDiametricDimension
 15
11729.52115060696
 25
2627.515197598643
 35
-0.0000000000000391
 40
0.0
1001
ACAD_DSTYLE_DIMRADIAL_EXTENSION
1070
   387
1070
     1
1070
   388
1040
0.0
1070
   390
1040
-0.0000000000000002
  0
DIMENSION
  5
685
330
1F
100
AcDbEntity
  8
РАЗМЕРЫ
 62
    18
420
        0
370
    13
100
AcDbDimension
280
     0
  2
*D104
 10
11718.39189031934
 20
1374.906925553549
 30
-0.0000000000000391
 11
11922.97546573384
 21
1353.401645062759
 31
0.0
 70
   163
 71
     5
 42
17.99999999999459
 73
     0
 74
     0
 75
     0
  3
ОФОРМИТЕЛЬ
100
AcDbDiametricDimension
 15
11727.35521384543
 25
1359.297350563609
 35
-0.0000000000000391
 40
0.0
1001
ACAD_DSTYLE_DIMRADIAL_EXTENSION
1070
   387
1070
     1
1070
   388
1040
0.0
1070
   390
1040
-0.0000000000000002
  0
DIMENSION
  5
686
330
1F
100
AcDbEntity
  8
РАЗМЕРЫ
 62
    18
420
        0
370
    13
100
AcDbDimension
280
     0
  2
*D105
 10
12506.07988265327
 20
2603.472806570227
 30
0.0
 11
12543.23227465276
 21
2583.884550682915
 31
0.0
 70
    33
 71
     5
 42
83.99999999978399
 73
     0
 74
     0
 75
     0
  3
ОФОРМИТЕЛЬ
100
AcDbAlignedDimension
 13
12563.16600734722
 23
2531.638237647136
 33
0.0
 14
12488.86122334823
 24
2570.814749421761
 34
0.0
  0
DIMENSION
  5
687
330
1F
100
AcDbEntity
  8
РАЗМЕРЫ
 62
    18
420
        0
370
    13
100
AcDbDimension
280
     0
  2
*D106
 10
12369.25125568341
 20
2438.392565873335
 30
0.0
 11
12409.57569880578
 21
2514.874592995533
 31
0.0
 70
    33
 71
     5
 42
172.9226553792189
 73
     0
 74
     0
 75
     0
  3
ОФОРМИТЕЛЬ
100
AcDbAlignedDimension
 13
12488.86122334823
 23
2570.814749421761
 33
0.0
 14
12408.21233710349
 24
2417.850695177365
 34
0.0
  0
DIMENSION
  5
688
330
1F
100
AcDbEntity
  8
РАЗМЕРЫ
 62
    18
420
        0
370
    13
100
AcDbDimension
280
     0
  2
*D107
 10
10289.83652712386
 20
24.56408566635766
 30
0.0
 11
10289.83652712386
 21
124.5640856663576
 31
0.0
 70
    32
 71
     5
 42
200.0
 73
     0
 74
     0
 75
     0
  3
ОФОРМИТЕЛЬ
100
AcDbAlignedDimension
 13
10488.81252804799
 23
224.5640856663576
 33
-0.0000000000000793
 14
10488.81252804799
 24
24.56408566635764
 34
-0.0000000000000793
 50
90.0
100
AcDbRotatedDimension
  0
DIMENSION
  5
689
330
1F
100
AcDbEntity
  8
РАЗМЕРЫ
 62
    18
420
        0
370
    13
100
AcDbDimension
280
     0
  2
*D108
 10
10289.83652712386
 20
-55.43591433364235
 30
0.0
 11
10257.33652712386
 21
-15.43591433364235
 31
0.0
 70
    32
 71
     5
 42
80.0
 73
     0
 74
     0
 75
     0
  3
ОФОРМИТЕЛЬ
100
AcDbAlignedDimension
 13
10488.81252804799
 23
24.56408566635764
 33
0.0
 14
10378.81252804799
 24
-55.43591433364236
 34
0.0
 50
90.0
100
AcDbRotatedDimension
  0
DIMENSION
  5
68A
330
1F
100
AcDbEntity
  8
РАЗМЕРЫ
 62
    18
420
        0
370
    13
100
AcDbDimension
280
     0
  2
*D109
 10
11461.18714872543
 20
24.56408566635763
 30
0.0
 11
11461.18714872543
 21
124.5640856663576
 31
0.0
 70
    32
 71
     5
 42
200.0
 73
     0
 74
     0
 75
     0
  3
ОФОРМИТЕЛЬ
100
AcDbAlignedDimension
 13
11274.81252804799
 23
224.5640856663576
 33
-0.0000000000000793
 14
11274.81252804799
 24
24.56408566635764
 34
-0.0000000000000793
 50
90.0
100
AcDbRotatedDimension
  0
DIMENSION
  5
68B
330
1F
100
AcDbEntity
  8
РАЗМЕРЫ
 62
    18
420
        0
370
    13
100
AcDbDimension
280
     0
  2
*D110
 10
11459.10381539194
 20
-55.43591433364237
 30
0.0
 11
11521.60381539194
 21
-15.43591433364237
 31
0.0
 70
    32
 71
     5
 42
80.0
 73
     0
 74
     0
 75
     0
  3
ОФОРМИТЕЛЬ
100
AcDbAlignedDimension
 13
11274.81252804799
 23
24.56408566635764
 33
0.0
 14
11384.81252804799
 24
-55.43591433364236
 34
0.0
 50
90.0
100
AcDbRotatedDimension
  0
DIMENSION
  5
68C
330
1F
100
AcDbEntity
  8
РАЗМЕРЫ
 62
    18
420
        0
370
    13
100
AcDbDimension
280
     0
  2
*D111
 10
10378.81252804799
 20
-109.0629371218329
 30
0.0
 11
10433.81252804799
 21
-109.0629371218329
 31
0.0
 70
    32
 71
     5
 42
110.0
 73
     0
 74
     0
 75
     0
  3
ОФОРМИТЕЛЬ
100
AcDbAlignedDimension
 13
10488.81252804799
 23
224.5640856663576
 33
0.0
 14
10378.81252804799
 24
-55.43591433364236
 34
0.0
100
AcDbRotatedDimension
  0
DIMENSION
  5
68D
330
1F
100
AcDbEntity
  8
РАЗМЕРЫ
 62
    18
420
        0
370
    13
100
AcDbDimension
280
     0
  2
*D112
 10
11384.81252804799
 20
-131.91855900673
 30
0.0
 11
11329.81252804799
 21
-131.91855900673
 31
0.0
 70
    32
 71
     5
 42
110.0
 73
     0
 74
     0
 75
     0
  3
ОФОРМИТЕЛЬ
100
AcDbAlignedDimension
 13
11274.81252804799
 23
224.5640856663576
 33
0.0
 14
11384.81252804799
 24
-55.43591433364236
 34
0.0
100
AcDbRotatedDimension
  0
DIMENSION
  5
68E
330
1F
100
AcDbEntity
  8
РАЗМЕРЫ
 62
    18
420
        0
370
    13
100
AcDbDimension
280
     0
  2
*D113
 10
10480.60356642287
 20
220.8745126509803
 30
-0.0000000000000793
 11
10623.14767961232
 21
189.9647825389747
 31
0.0
 70
   163
 71
     5
 42
17.99999999982864
 73
     0
 74
     0
 75
     0
  3
ОФОРМИТЕЛЬ
100
AcDbDiametricDimension
 15
10497.02148967311
 25
228.253658681735
 35
-0.0000000000000793
 40
0.0
1001
ACAD_DSTYLE_DIMRADIAL_EXTENSION
1070
   387
1070
     1
1070
   388
1040
0.0
1070
   390
1040
-0.0000000000000002
  0
DIMENSION
  5
68F
330
1F
100
AcDbEntity
  8
РАЗМЕРЫ
 62
    18
420
        0
370
    13
100
AcDbDimension
280
     0
  2
*D114
 10
12493.04316051798
 20
2557.305071354005
 30
0.0
 11
12453.00686042132
 21
2676.114693953923
 31
0.0
 70
   164
 71
     5
 42
9.999999999523243
 73
     0
 74
     0
 75
     0
  3
ОФОРМИТЕЛЬ
100
AcDbRadialDimension
 15
12488.591263647
 25
2566.259434214682
 35
0.0
 40
0.0
1001
ACAD_DSTYLE_DIMRADIAL_EXTENSION
1070
   387
1070
     1
1070
   388
1040
1.085594337322502
1070
   390
1040
2.65639066418452
  0
DIMENSION
  5
690
330
1F
100
AcDbEntity
  8
РАЗМЕРЫ
 62
    18
420
        0
370
    13
100
AcDbDimension
280
     0
  2
*D115
 10
17237.77559420913
 20
3386.207320398045
 30
0.0
 11
16191.94226087564
 21
3386.207320398045
 31
0.0
 70
    32
 71
     5
 42
2091.666666666977
 73
     0
 74
     0
 75
     0
  3
ОФОРМИТЕЛЬ
100
AcDbAlignedDimension
 13
15146.10892754216
 23
3200.63705645831
 33
0.0
 14
17237.77559420913
 24
2455.637056458311
 34
0.0
100
AcDbRotatedDimension
  0
DIMENSION
  5
691
330
1F
100
AcDbEntity
  8
РАЗМЕРЫ
 62
    18
420
        0
370
    13
100
AcDbDimension
280
     0
  2
*D116
 10
17358.79944243915
 20
2455.637056458311
 30
0.0
 11
17358.79944243915
 21
2828.13705645831
 31
0.0
 70
    32
 71
     5
 42
745.0
 73
     0
 74
     0
 75
     0
  3
ОФОРМИТЕЛЬ
100
AcDbAlignedDimension
 13
16840.44226087564
 23
3200.63705645831
 33
0.0
 14
16840.44226087564
 24
2455.637056458311
 34
0.0
 50
90.0
100
AcDbRotatedDimension
  0
DIMENSION
  5
692
330
1F
100
AcDbEntity
  8
РАЗМЕРЫ
 62
    18
420
        0
370
    13
100
AcDbDimension
280
     0
  2
*D117
 10
17307.30315784998
 20
2031.630796686112
 30
0.0
 11
16264.30315784998
 21
2031.630796686112
 31
0.0
 70
    32
 71
     5
 42
2086.0
 73
     0
 74
     0
 75
     0
  3
ОФОРМИТЕЛЬ
100
AcDbAlignedDimension
 13
15221.30315784998
 23
1891.890974776447
 33
0.0
 14
17307.30315784998
 24
1146.890974776446
 34
0.0
100
AcDbRotatedDimension
  0
DIMENSION
  5
693
330
1F
100
AcDbEntity
  8
РАЗМЕРЫ
 62
    18
420
        0
370
    13
100
AcDbDimension
280
     0
  2
*D118
 10
17481.45794655504
 20
1146.890974776446
 30
0.0
 11
17481.45794655504
 21
1522.678669351842
 31
0.0
 70
    32
 71
     5
 42
751.5753891507919
 73
     0
 74
     0
 75
     0
  3
ОФОРМИТЕЛЬ
100
AcDbAlignedDimension
 13
16906.46295030303
 23
1898.466363927238
 33
0.0
 14
16906.46295030303
 24
1146.890974776446
 34
0.0
 50
90.0
100
AcDbRotatedDimension
  0
DIMENSION
  5
694
330
1F
100
AcDbEntity
  8
РАЗМЕРЫ
 62
    18
420
        0
370
    13
100
AcDbDimension
280
     0
  2
*D119
 10
17362.59801743813
 20
693.0532082936315
 30
0.0
 11
16513.08821351644
 21
693.0532082936315
 31
0.0
 70
    32
 71
     5
 42
1699.019607843365
 73
     0
 74
     0
 75
     0
  3
ОФОРМИТЕЛЬ
100
AcDbAlignedDimension
 13
15663.57840959476
 23
335.4111840992173
 33
0.0
 14
17362.59801743813
 24
-279.0005806066274
 34
0.0
100
AcDbRotatedDimension
  0
DIMENSION
  5
695
330
1F
100
AcDbEntity
  8
РАЗМЕРЫ
 62
    18
420
        0
370
    13
100
AcDbDimension
280
     0
  2
*D120
 10
15534.92081602365
 20
465.9994193933435
 30
0.0
 11
15534.92081602365
 21
21.29353704040665
 31
0.0
 70
    32
 71
     5
 42
889.4117647058738
 73
     0
 74
     0
 75
     0
  3
ОФОРМИТЕЛЬ
100
AcDbAlignedDimension
 13
16068.28429194754
 23
-423.4123453125302
 33
0.0
 14
16068.28429194754
 24
465.9994193933434
 34
0.0
 50
90.0
100
AcDbRotatedDimension
  0
DIMENSION
  5
696
330
1F
100
AcDbEntity
  8
РАЗМЕРЫ
 62
    18
420
        0
370
    13
100
AcDbDimension
280
     0
  2
*D121
 10
16352.80635077115
 20
-334.0005806067438
 30
0.0
 11
16370.26011309381
 21
-212.1247177425484
 31
0.0
 70
   164
 71
     5
 42
55.00000000010455
 73
     0
 74
     0
 75
     0
  3
ОФОРМИТЕЛЬ
100
AcDbRadialDimension
 15
16336.83390014041
 25
-281.3709233699719
 35
0.0
 40
0.0
1001
ACAD_DSTYLE_DIMRADIAL_EXTENSION
1070
   387
1070
     1
1070
   388
1040
1.570796326795145
1070
   390
1040
2.060753653048375
  0
DIMENSION
  5
697
330
1F
100
AcDbEntity
  8
РАЗМЕРЫ
 62
    18
420
        0
370
    13
100
AcDbDimension
280
     0
  2
*D122
 10
16142.02633573329
 20
-70.65156878745802
 30
-0.0000000000000391
 11
16299.24211185314
 21
-54.10966498270318
 31
0.0
 70
   163
 71
     5
 42
17.99999999984324
 73
     0
 74
     0
 75
     0
  3
ОФОРМИТЕЛЬ
100
AcDbDiametricDimension
 15
16159.07648395402
 25
-76.42152941517451
 35
-0.0000000000000391
 40
0.0
1001
ACAD_DSTYLE_DIMRADIAL_EXTENSION
1070
   387
1070
     1
1070
   388
1040
0.0
1070
   390
1040
-0.0000000000000002
  0
DIMENSION
  5
698
330
1F
100
AcDbEntity
  8
РАЗМЕРЫ
 62
    18
420
        0
370
    13
100
AcDbDimension
280
     0
  2
*D123
 10
15586.92069116589
 20
2688.972626818233
 30
-0.0000000000000391
 11
15837.12320537101
 21
2668.210100932896
 31
0.0
 70
   163
 71
     5
 42
18.00000000002709
 73
     0
 74
     0
 75
     0
  3
ОФОРМИТЕЛЬ
100
AcDbDiametricDimension
 15
15589.25794823263
 25
2671.125015510135
 35
-0.0000000000000391
 40
0.0
1001
ACAD_DSTYLE_DIMRADIAL_EXTENSION
1070
   387
1070
     1
1070
   388
1040
0.0
1070
   390
1040
-0.0000000000000002
  0
DIMENSION
  5
699
330
1F
100
AcDbEntity
  8
РАЗМЕРЫ
 62
    18
420
        0
370
    13
100
AcDbDimension
280
     0
  2
*D124
 10
15667.40369503554
 20
1379.304264645971
 30
-0.0000000000000391
 11
15824.53777987165
 21
1363.686418377887
 31
0.0
 70
   163
 71
     5
 42
18.00000000000574
 73
     0
 74
     0
 75
     0
  3
ОФОРМИТЕЛЬ
100
AcDbDiametricDimension
 15
15659.16340497862
 25
1363.30121431867
 35
-0.0000000000000391
 40
0.0
1001
ACAD_DSTYLE_DIMRADIAL_EXTENSION
1070
   387
1070
     1
1070
   388
1040
0.0
1070
   390
1040
-0.0000000000000002
  0
ENDSEC
  0
SECTION
  2
OBJECTS
  0
DICTIONARY
  5
C
330
0
100
AcDbDictionary
281
     1
  3
ACAD_CIP_PREVIOUS_PRODUCT_INFO
350
19E
  3
ACAD_COLOR
350
6C
  3
ACAD_DATALINK
350
247
  3
ACAD_DETAILVIEWSTYLE
350
1EB
  3
ACAD_GROUP
350
D
  3
ACAD_LAYOUT
350
1A
  3
ACAD_MATERIAL
350
6B
  3
ACAD_MLEADERSTYLE
350
DE
  3
ACAD_MLINESTYLE
350
17
  3
ACAD_PLOTSETTINGS
350
19
  3
ACAD_PLOTSTYLENAME
350
E
  3
ACAD_SCALELIST
350
B7
  3
ACAD_SECTIONVIEWSTYLE
350
1E9
  3
ACAD_TABLESTYLE
350
92
  3
ACAD_VISUALSTYLE
350
17F
  3
ACDB_RECOMPOSE_DATA
350
C00
  3
AcDbVariableDictionary
350
55F
  3
AcDsDecomposeData
350
C07
  0
DICTIONARY
  5
FA
330
2
100
AcDbDictionary
280
     1
281
     1
  3
ACAD_LAYERSTATES
360
FB
  0
XRECORD
  5
19E
102
{ACAD_REACTORS
330
C
102
}
330
C
100
AcDbXrecord
280
     1
300
ACDMAC
300
2024
300

  0
DICTIONARY
  5
6C
102
{ACAD_REACTORS
330
C
102
}
330
C
100
AcDbDictionary
281
     1
  0
DICTIONARY
  5
247
102
{ACAD_REACTORS
330
C
102
}
330
C
100
AcDbDictionary
280
     1
281
     1
  0
DICTIONARY
  5
1EB
102
{ACAD_REACTORS
330
C
102
}
330
C
100
AcDbDictionary
281
     1
  3
Metric50
350
1EC
  0
DICTIONARY
  5
D
102
{ACAD_REACTORS
330
C
102
}
330
C
100
AcDbDictionary
281
     1
  0
DICTIONARY
  5
1A
102
{ACAD_REACTORS
330
C
102
}
330
C
100
AcDbDictionary
281
     1
  3
Model
350
22
  3
Лист1
350
1E0
  3
Лист2
350
1E4
  0
DICTIONARY
  5
6B
102
{ACAD_REACTORS
330
C
102
}
330
C
100
AcDbDictionary
281
     1
  3
ByBlock
350
16F
  3
ByLayer
350
167
  3
Global
350
177
  0
DICTIONARY
  5
DE
102
{ACAD_REACTORS
330
C
102
}
330
C
100
AcDbDictionary
281
     1
  3
Annotative
350
246
  3
Standard
350
E1
  0
DICTIONARY
  5
17
102
{ACAD_REACTORS
330
C
102
}
330
C
100
AcDbDictionary
281
     1
  3
Standard
350
18
  0
DICTIONARY
  5
19
102
{ACAD_REACTORS
330
C
102
}
330
C
100
AcDbDictionary
281
     1
  0
ACDBDICTIONARYWDFLT
  5
E
102
{ACAD_REACTORS
330
C
102
}
330
C
100
AcDbDictionary
281
     1
  3
Color_18
350
55E
  3
Normal
350
F
100
AcDbDictionaryWithDefault
340
F
  0
DICTIONARY
  5
B7
102
{ACAD_REACTORS
330
C
102
}
330
C
100
AcDbDictionary
281
     1
  3
A0
350
B8
  3
A1
350
229
  3
A2
350
22A
  3
A3
350
22B
  3
A4
350
22C
  3
A5
350
22D
  3
A6
350
22E
  3
A7
350
22F
  3
A8
350
230
  3
A9
350
231
  3
B0
350
232
  3
B1
350
233
  3
B2
350
234
  3
B3
350
235
  3
B4
350
236
  3
B5
350
237
  3
B6
350
238
  0
DICTIONARY
  5
1E9
102
{ACAD_REACTORS
330
C
102
}
330
C
100
AcDbDictionary
281
     1
  3
Metric50
350
1EA
  0
DICTIONARY
  5
92
102
{ACAD_REACTORS
330
C
102
}
330
C
100
AcDbDictionary
281
     1
  3
Standard
350
93
  0
DICTIONARY
  5
17F
102
{ACAD_REACTORS
330
C
102
}
330
C
100
AcDbDictionary
281
     1
  3
2dWireframe
350
185
  3
Basic
350
184
  3
Brighten
350
18B
  3
ColorChange
350
18F
  3
Conceptual
350
188
  3
Dim
350
18A
  3
EdgeColorOff
350
197
  3
Facepattern
350
18E
  3
Flat
350
180
  3
FlatWithEdges
350
181
  3
Gouraud
350
182
  3
GouraudWithEdges
350
183
  3
Hidden
350
187
  3
JitterOff
350
195
  3
Linepattern
350
18D
  3
OverhangOff
350
196
  3
Realistic
350
189
  3
Shaded
350
194
  3
Shaded with edges
350
193
  3
Shades of Gray
350
190
  3
Sketchy
350
191
  3
Thicken
350
18C
  3
Wireframe
350
186
  3
X-Ray
350
192
  0
XRECORD
  5
C00
102
{ACAD_REACTORS
330
C
102
}
330
C
100
AcDbXrecord
280
     1
 90
        1
330
93
  0
DICTIONARY
  5
55F
102
{ACAD_REACTORS
330
C
102
}
330
C
100
AcDbDictionary
281
     2
  3
#REVCLOUDAPPROXARCLEN
350
560
  3
ANNOALLVISIBLE
350
561
  3
CANNOSCALE
350
562
  3
CMLEADERSTYLE
350
563
  3
CTABLESTYLE
350
564
  3
CVIEWDETAILSTYLE
350
BFE
  3
CVIEWSECTIONSTYLE
350
565
  3
DGNFRAME
350
566
  3
DIMADEC
350
567
  3
DIMASSOC
350
568
  3
DWFFRAME
350
BF0
  3
EXPORTPAPERSPACE
350
569
  3
HPCOLOR
350
56A
  3
HPINHERIT
350
56B
  3
HPLAYER
350
56C
  3
HPTRANSPARENCY
350
56D
  3
INDEXCTL
350
56E
  3
LAYEREVAL
350
56F
  3
LAYERNOTIFY
350
570
  3
LIGHTINGUNITS
350
571
  3
MLEADERSCALE
350
572
  3
MSLTSCALE
350
573
  3
OLEFRAME
350
574
  3
PDFFRAME
350
575
  3
SOLIDHIST
350
576
  3
SORTENTS
350
577
  0
DICTIONARY
  5
C07
102
{ACAD_REACTORS
330
C
102
}
330
C
100
AcDbDictionary
281
     1
  3
AcDsRecords
350
C09
  3
AcDsSchemas
350
C08
1001
ACAD
1070
     2
  0
DICTIONARY
  5
FB
102
{ACAD_REACTORS
330
FA
102
}
330
FA
100
AcDbDictionary
281
     1
  0
ACDBDETAILVIEWSTYLE
  5
1EC
102
{ACAD_XDICTIONARY
360
C3C
102
}
102
{ACAD_REACTORS
330
1EB
102
}
330
1EB
100
AcDbModelDocViewStyle
 70
     0
  3
Metric50
290
     0
100
AcDbDetailViewStyle
 70
     0
 71
     0
 90
        3
 71
     1
340
11
 62
   256
 40
5.0
340
0
 62
   256
 40
5.0
300

 40
0.0
280
     1
 71
     2
340
16
 90
       25
 62
   256
 71
     3
340
11
 62
   256
 40
5.0
 90
        0
 40
15.0
 90
        1
300
%<\AcVar ViewDetailId>% (%<\AcVar ViewScale \f "%sn">%)
 71
     4
340
16
 90
       25
 62
   256
340
16
 90
       25
 62
   256
280
     0
  0
LAYOUT
  5
22
102
{ACAD_REACTORS
330
1A
102
}
330
1A
100
AcDbPlotSettings
  1

  2
none_device
  4
none_user_media
  6

 40
6.349999904632568
 41
6.349999904632568
 42
6.350006103515625
 43
6.350006103515625
 44
215.8999938964844
 45
279.3999938964844
 46
0.0
 47
93.24890429069768
 48
0.0
 49
0.0
140
0.0
141
0.0
142
1.0
143
5.333922030356135
 70
 11445
 72
     1
 73
     0
 74
     0
  7

 75
     0
147
0.1874793059045207
 76
     0
 77
     2
 78
   300
148
84.95211750282676
149
-33.53116226043312
100
AcDbLayout
  1
Model
 70
     1
 71
     0
 10
0.0
 20
0.0
 11
420.0
 21
297.0
 12
0.0
 22
0.0
 32
0.0
 14
1.000000000000000E+20
 24
1.000000000000000E+20
 34
1.000000000000000E+20
 15
-1.000000000000000E+20
 25
-1.000000000000000E+20
 35
-1.000000000000000E+20
146
0.0
 13
0.0
 23
0.0
 33
0.0
 16
1.0
 26
0.0
 36
0.0
 17
0.0
 27
1.0
 37
0.0
 76
     0
330
1F
331
1CC
1001
ACAD_PSEXT
1000
None
1000
None
1000
Not applicable
1000
Select a new plotter configuration name to plot the layout.
1070
     0
  0
LAYOUT
  5
1E0
102
{ACAD_REACTORS
330
1A
102
}
330
1A
100
AcDbPlotSettings
  1

  2
ZWCAD Virtual Eps Plotter 1.0#:4
  4

  6

 40
0.0
 41
0.0
 42
0.0
 43
0.0
 44
0.0
 45
0.0
 46
0.0
 47
0.0
 48
0.0
 49
0.0
140
0.0
141
0.0
142
1.0
143
1.0
 70
   688
 72
     0
 73
     0
 74
     5
  7

 75
    16
147
1.0
 76
     0
 77
     2
 78
   300
148
0.0
149
0.0
100
AcDbLayout
  1
Лист1
 70
     1
 71
     1
 10
0.0
 20
0.0
 11
12.0
 21
9.0
 12
0.0
 22
0.0
 32
0.0
 14
0.0
 24
0.0
 34
0.0
 15
0.0
 25
0.0
 35
0.0
146
0.0
 13
0.0
 23
0.0
 33
0.0
 16
1.0
 26
0.0
 36
0.0
 17
0.0
 27
1.0
 37
0.0
 76
     0
330
1DF
  0
LAYOUT
  5
1E4
102
{ACAD_REACTORS
330
1A
102
}
330
1A
100
AcDbPlotSettings
  1

  2
ZWCAD Virtual Eps Plotter 1.0#:4
  4

  6

 40
0.0
 41
0.0
 42
0.0
 43
0.0
 44
0.0
 45
0.0
 46
0.0
 47
0.0
 48
0.0
 49
0.0
140
0.0
141
0.0
142
1.0
143
1.0
 70
   688
 72
     0
 73
     0
 74
     5
  7

 75
    16
147
1.0
 76
     0
 77
     2
 78
   300
148
0.0
149
0.0
100
AcDbLayout
  1
Лист2
 70
     1
 71
     2
 10
0.0
 20
0.0
 11
12.0
 21
9.0
 12
0.0
 22
0.0
 32
0.0
 14
0.0
 24
0.0
 34
0.0
 15
0.0
 25
0.0
 35
0.0
146
0.0
 13
0.0
 23
0.0
 33
0.0
 16
1.0
 26
0.0
 36
0.0
 17
0.0
 27
1.0
 37
0.0
 76
     0
330
1E3
  0
MATERIAL
  5
16F
102
{ACAD_REACTORS
330
6B
102
}
330
6B
100
AcDbMaterial
  1
ByBlock
 72
     0
 43
0.0008202099737533
 43
0.0
 43
0.0
 43
0.0
 43
0.0
 43
0.0008202099737533
 43
0.0
 43
0.0
 43
0.0
 43
0.0
 43
1.0
 43
0.0
 43
0.0
 43
0.0
 43
0.0
 43
1.0
 77
     0
 47
0.0008202099737533
 47
0.0
 47
0.0
 47
0.0
 47
0.0
 47
0.0008202099737533
 47
0.0
 47
0.0
 47
0.0
 47
0.0
 47
1.0
 47
0.0
 47
0.0
 47
0.0
 47
0.0
 47
1.0
171
     0
 49
0.0008202099737533
 49
0.0
 49
0.0
 49
0.0
 49
0.0
 49
0.0008202099737533
 49
0.0
 49
0.0
 49
0.0
 49
0.0
 49
1.0
 49
0.0
 49
0.0
 49
0.0
 49
0.0
 49
1.0
175
     0
142
0.0008202099737533
142
0.0
142
0.0
142
0.0
142
0.0
142
0.0008202099737533
142
0.0
142
0.0
142
0.0
142
0.0
142
1.0
142
0.0
142
0.0
142
0.0
142
0.0
142
1.0
179
     0
144
0.0008202099737533
144
0.0
144
0.0
144
0.0
144
0.0
144
0.0008202099737533
144
0.0
144
0.0
144
0.0
144
0.0
144
1.0
144
0.0
144
0.0
144
0.0
144
0.0
144
1.0
147
0.0008202099737533
147
0.0
147
0.0
147
0.0
147
0.0
147
0.0008202099737533
147
0.0
147
0.0
147
0.0
147
0.0
147
1.0
147
0.0
147
0.0
147
0.0
147
0.0
147
1.0
  0
MATERIAL
  5
167
102
{ACAD_REACTORS
330
6B
102
}
330
6B
100
AcDbMaterial
  1
ByLayer
 72
     0
 43
0.0008202099737533
 43
0.0
 43
0.0
 43
0.0
 43
0.0
 43
0.0008202099737533
 43
0.0
 43
0.0
 43
0.0
 43
0.0
 43
1.0
 43
0.0
 43
0.0
 43
0.0
 43
0.0
 43
1.0
 77
     0
 47
0.0008202099737533
 47
0.0
 47
0.0
 47
0.0
 47
0.0
 47
0.0008202099737533
 47
0.0
 47
0.0
 47
0.0
 47
0.0
 47
1.0
 47
0.0
 47
0.0
 47
0.0
 47
0.0
 47
1.0
171
     0
 49
0.0008202099737533
 49
0.0
 49
0.0
 49
0.0
 49
0.0
 49
0.0008202099737533
 49
0.0
 49
0.0
 49
0.0
 49
0.0
 49
1.0
 49
0.0
 49
0.0
 49
0.0
 49
0.0
 49
1.0
175
     0
142
0.0008202099737533
142
0.0
142
0.0
142
0.0
142
0.0
142
0.0008202099737533
142
0.0
142
0.0
142
0.0
142
0.0
142
1.0
142
0.0
142
0.0
142
0.0
142
0.0
142
1.0
179
     0
144
0.0008202099737533
144
0.0
144
0.0
144
0.0
144
0.0
144
0.0008202099737533
144
0.0
144
0.0
144
0.0
144
0.0
144
1.0
144
0.0
144
0.0
144
0.0
144
0.0
144
1.0
147
0.0008202099737533
147
0.0
147
0.0
147
0.0
147
0.0
147
0.0008202099737533
147
0.0
147
0.0
147
0.0
147
0.0
147
1.0
147
0.0
147
0.0
147
0.0
147
0.0
147
1.0
  0
MATERIAL
  5
177
102
{ACAD_REACTORS
330
6B
102
}
330
6B
100
AcDbMaterial
  1
Global
 72
     0
 43
0.0008202099737533
 43
0.0
 43
0.0
 43
0.0
 43
0.0
 43
0.0008202099737533
 43
0.0
 43
0.0
 43
0.0
 43
0.0
 43
1.0
 43
0.0
 43
0.0
 43
0.0
 43
0.0
 43
1.0
 77
     0
 47
0.0008202099737533
 47
0.0
 47
0.0
 47
0.0
 47
0.0
 47
0.0008202099737533
 47
0.0
 47
0.0
 47
0.0
 47
0.0
 47
1.0
 47
0.0
 47
0.0
 47
0.0
 47
0.0
 47
1.0
171
     0
 49
0.0008202099737533
 49
0.0
 49
0.0
 49
0.0
 49
0.0
 49
0.0008202099737533
 49
0.0
 49
0.0
 49
0.0
 49
0.0
 49
1.0
 49
0.0
 49
0.0
 49
0.0
 49
0.0
 49
1.0
175
     0
142
0.0008202099737533
142
0.0
142
0.0
142
0.0
142
0.0
142
0.0008202099737533
142
0.0
142
0.0
142
0.0
142
0.0
142
1.0
142
0.0
142
0.0
142
0.0
142
0.0
142
1.0
179
     0
144
0.0008202099737533
144
0.0
144
0.0
144
0.0
144
0.0
144
0.0008202099737533
144
0.0
144
0.0
144
0.0
144
0.0
144
1.0
144
0.0
144
0.0
144
0.0
144
0.0
144
1.0
147
0.0008202099737533
147
0.0
147
0.0
147
0.0
147
0.0
147
0.0008202099737533
147
0.0
147
0.0
147
0.0
147
0.0
147
1.0
147
0.0
147
0.0
147
0.0
147
0.0
147
1.0
  0
MLEADERSTYLE
  5
246
102
{ACAD_REACTORS
330
DE
102
}
330
DE
100
AcDbMLeaderStyle
179
     2
170
     2
171
     1
172
     0
 90
        2
 40
0.0
 41
0.0
173
     1
 91
-1056964608
340
14
 92
       -2
290
     1
 42
2.0
291
     1
 43
8.0
  3
Standard
 44
4.0
300

342
11
174
     1
178
     1
175
     1
176
     0
 93
-1056964608
 45
4.0
292
     0
297
     0
 46
0.18
 94
-1056964608
 47
1.0
 49
1.0
140
1.0
293
     1
141
0.0
294
     1
177
     0
142
1.0
295
     0
296
     1
143
3.75
271
     0
272
     9
273
     9
  0
MLEADERSTYLE
  5
E1
102
{ACAD_REACTORS
330
DE
102
}
330
DE
100
AcDbMLeaderStyle
179
     2
170
     2
171
     1
172
     0
 90
        2
 40
0.0
 41
0.0
173
     1
 91
-1056964608
340
14
 92
       -2
290
     1
 42
2.0
291
     1
 43
8.0
  3
Standard
 44
4.0
300

342
11
174
     1
178
     1
175
     1
176
     0
 93
-1056964608
 45
4.0
292
     0
297
     0
 46
0.18
 94
-1056964608
 47
1.0
 49
1.0
140
1.0
293
     1
141
0.0
294
     1
177
     0
142
1.0
295
     0
296
     0
143
3.75
271
     0
272
     9
273
     9
  0
MLINESTYLE
  5
18
102
{ACAD_REACTORS
330
17
102
}
330
17
100
AcDbMlineStyle
  2
STANDARD
 70
     0
  3

 62
   256
 51
90.0
 52
90.0
 71
     2
 49
0.5
 62
   256
  6
BYLAYER
 49
-0.5
 62
   256
  6
BYLAYER
  0
ACDBPLACEHOLDER
  5
55E
102
{ACAD_REACTORS
330
E
102
}
330
E
  0
ACDBPLACEHOLDER
  5
F
102
{ACAD_REACTORS
330
E
102
}
330
E
  0
SCALE
  5
B8
102
{ACAD_REACTORS
330
B7
102
}
330
B7
100
AcDbScale
 70
     0
300
1:1
140
1.0
141
1.0
290
     1
  0
SCALE
  5
229
102
{ACAD_REACTORS
330
B7
102
}
330
B7
100
AcDbScale
 70
     0
300
1:2
140
1.0
141
2.0
290
     0
  0
SCALE
  5
22A
102
{ACAD_REACTORS
330
B7
102
}
330
B7
100
AcDbScale
 70
     0
300
1:4
140
1.0
141
4.0
290
     0
  0
SCALE
  5
22B
102
{ACAD_REACTORS
330
B7
102
}
330
B7
100
AcDbScale
 70
     0
300
1:5
140
1.0
141
5.0
290
     0
  0
SCALE
  5
22C
102
{ACAD_REACTORS
330
B7
102
}
330
B7
100
AcDbScale
 70
     0
300
1:8
140
1.0
141
8.0
290
     0
  0
SCALE
  5
22D
102
{ACAD_REACTORS
330
B7
102
}
330
B7
100
AcDbScale
 70
     0
300
1:10
140
1.0
141
10.0
290
     0
  0
SCALE
  5
22E
102
{ACAD_REACTORS
330
B7
102
}
330
B7
100
AcDbScale
 70
     0
300
1:16
140
1.0
141
16.0
290
     0
  0
SCALE
  5
22F
102
{ACAD_REACTORS
330
B7
102
}
330
B7
100
AcDbScale
 70
     0
300
1:20
140
1.0
141
20.0
290
     0
  0
SCALE
  5
230
102
{ACAD_REACTORS
330
B7
102
}
330
B7
100
AcDbScale
 70
     0
300
1:30
140
1.0
141
30.0
290
     0
  0
SCALE
  5
231
102
{ACAD_REACTORS
330
B7
102
}
330
B7
100
AcDbScale
 70
     0
300
1:40
140
1.0
141
40.0
290
     0
  0
SCALE
  5
232
102
{ACAD_REACTORS
330
B7
102
}
330
B7
100
AcDbScale
 70
     0
300
1:50
140
1.0
141
50.0
290
     0
  0
SCALE
  5
233
102
{ACAD_REACTORS
330
B7
102
}
330
B7
100
AcDbScale
 70
     0
300
1:100
140
1.0
141
100.0
290
     0
  0
SCALE
  5
234
102
{ACAD_REACTORS
330
B7
102
}
330
B7
100
AcDbScale
 70
     0
300
2:1
140
2.0
141
1.0
290
     0
  0
SCALE
  5
235
102
{ACAD_REACTORS
330
B7
102
}
330
B7
100
AcDbScale
 70
     0
300
4:1
140
4.0
141
1.0
290
     0
  0
SCALE
  5
236
102
{ACAD_REACTORS
330
B7
102
}
330
B7
100
AcDbScale
 70
     0
300
8:1
140
8.0
141
1.0
290
     0
  0
SCALE
  5
237
102
{ACAD_REACTORS
330
B7
102
}
330
B7
100
AcDbScale
 70
     0
300
10:1
140
10.0
141
1.0
290
     0
  0
SCALE
  5
238
102
{ACAD_REACTORS
330
B7
102
}
330
B7
100
AcDbScale
 70
     0
300
100:1
140
100.0
141
1.0
290
     0
  0
ACDBSECTIONVIEWSTYLE
  5
1EA
102
{ACAD_XDICTIONARY
360
C3A
102
}
102
{ACAD_REACTORS
330
1E9
102
}
330
1E9
100
AcDbModelDocViewStyle
 70
     0
  3
Metric50
290
     0
100
AcDbSectionViewStyle
 70
     0
 71
     0
 90
      102
 71
     1
340
11
 62
   256
 40
5.0
340
0
340
0
 62
   256
 40
5.0
300
I, O, Q, S, X, Z
 40
10.0
 90
        0
 40
2.5
 90
        0
 71
     2
340
16
 90
       25
 62
   256
340
16
 90
       50
 62
   256
 40
5.0
 40
2.5
 40
5.0
 71
     3
340
11
 62
   256
 40
5.0
 90
        0
 40
15.0
 90
        1
300
%<\AcVar ViewSectionStartId>%-%<\AcVar ViewSectionEndId>% (%<\AcVar ViewScale \f "%sn">%)
 71
     4
 62
   256
 62
   257
300
ANSI31
 40
1.0
 90
        0
290
     0
290
     0
 90
        6
 40
0.0
 40
1.570796326794896
 40
0.2617993877991494
 40
1.308996938995747
 40
-0.2617993877991494
 40
1.832595714594046
  0
TABLESTYLE
  5
93
102
{ACAD_XDICTIONARY
360
249
102
}
102
{ACAD_REACTORS
330
92
102
}
330
92
100
AcDbTableStyle
280
     0
  3
Standard
 70
     0
 71
     0
 40
1.5
 41
1.5
280
     0
281
     0
  7
Standard
140
4.5
170
     2
 62
     0
 63
     7
283
     0
 90
      512
 91
        0
  1

274
    -2
284
     1
 64
     0
275
    -2
285
     1
 65
     0
276
    -2
286
     1
 66
     0
277
    -2
287
     1
 67
     0
278
    -2
288
     1
 68
     0
279
    -2
289
     1
 69
     0
  7
Standard
140
6.0
170
     5
 62
     0
 63
     7
283
     0
 90
      512
 91
        0
  1

274
    -2
284
     1
 64
     0
275
    -2
285
     1
 65
     0
276
    -2
286
     1
 66
     0
277
    -2
287
     1
 67
     0
278
    -2
288
     1
 68
     0
279
    -2
289
     1
 69
     0
  7
Standard
140
4.5
170
     5
 62
     0
 63
     7
283
     0
 90
      512
 91
        0
  1

274
    -2
284
     1
 64
     0
275
    -2
285
     1
 65
     0
276
    -2
286
     1
 66
     0
277
    -2
287
     1
 67
     0
278
    -2
288
     1
 68
     0
279
    -2
289
     1
 69
     0
1001
ACAD
1000
AcRTDxfName
1000
TABLESTYLE
  0
VISUALSTYLE
  5
185
102
{ACAD_XDICTIONARY
360
C14
102
}
102
{ACAD_REACTORS
330
17F
102
}
330
17F
100
AcDbVisualStyle
  2
2dWireframe
 70
     4
177
     2
291
     0
 71
     0
176
     1
 72
     2
176
     1
 73
     0
176
     1
 90
        0
176
     1
 40
0.6
176
     1
 41
30.0
176
     1
 63
     7
421
 16777215
176
     1
 74
     1
176
     1
 91
        4
176
     1
 64
     7
176
     1
 65
   257
176
     1
 75
     1
176
     1
175
     1
176
     1
 42
1.0
176
     1
 92
        0
176
     1
 66
   257
176
     1
 43
1.0
176
     1
 76
     1
176
     1
 77
     6
176
     1
 78
     2
176
     1
 67
     7
176
     1
 79
     5
176
     1
170
     0
176
     1
171
     0
176
     1
290
     0
176
     1
 93
        1
176
     1
 44
0.0
176
     1
173
     0
176
     1
1001
ACAD
1000
AcDbSavedByObjectVersion
1070
     0
  0
VISUALSTYLE
  5
184
102
{ACAD_XDICTIONARY
360
C12
102
}
102
{ACAD_REACTORS
330
17F
102
}
330
17F
100
AcDbVisualStyle
  2
Basic
 70
     7
177
     2
291
     1
 71
     1
176
     1
 72
     0
176
     1
 73
     1
176
     1
 90
        0
176
     1
 40
0.6
176
     1
 41
30.0
176
     1
 63
     7
421
 16777215
176
     1
 74
     0
176
     1
 91
        4
176
     1
 64
     7
176
     1
 65
   257
176
     1
 75
     1
176
     1
175
     1
176
     1
 42
1.0
176
     1
 92
        8
176
     1
 66
     7
176
     1
 43
1.0
176
     1
 76
     1
176
     1
 77
     6
176
     1
 78
     2
176
     1
 67
     7
176
     1
 79
     5
176
     1
170
     0
176
     1
171
     0
176
     1
290
     0
176
     1
 93
        1
176
     1
 44
0.0
176
     1
173
     0
176
     1
1001
ACAD
1000
AcDbSavedByObjectVersion
1070
     0
  0
VISUALSTYLE
  5
18B
102
{ACAD_XDICTIONARY
360
C20
102
}
102
{ACAD_REACTORS
330
17F
102
}
330
17F
100
AcDbVisualStyle
  2
Brighten
 70
    12
177
     2
291
     1
 71
     2
176
     1
 72
     2
176
     1
 73
     0
176
     1
 90
        0
176
     1
 40
0.6
176
     1
 41
30.0
176
     1
 63
     7
421
 16777215
176
     1
 74
     1
176
     1
 91
        4
176
     1
 64
     7
176
     1
 65
   257
176
     1
 75
     1
176
     1
175
     1
176
     1
 42
1.0
176
     1
 92
        8
176
     1
 66
     7
176
     1
 43
1.0
176
     1
 76
     1
176
     1
 77
     6
176
     1
 78
     2
176
     1
 67
     7
176
     1
 79
     5
176
     1
170
     0
176
     1
171
     0
176
     1
290
     0
176
     1
 93
        1
176
     1
 44
50.0
176
     1
173
     0
176
     1
1001
ACAD
1000
AcDbSavedByObjectVersion
1070
     0
  0
VISUALSTYLE
  5
18F
102
{ACAD_XDICTIONARY
360
C28
102
}
102
{ACAD_REACTORS
330
17F
102
}
330
17F
100
AcDbVisualStyle
  2
ColorChange
 70
    16
177
     2
291
     1
 71
     2
176
     1
 72
     2
176
     1
 73
     3
176
     1
 90
        0
176
     1
 40
0.6
176
     1
 41
30.0
176
     1
 63
     8
421
  8421504
176
     1
 74
     1
176
     1
 91
        4
176
     1
 64
     7
176
     1
 65
   257
176
     1
 75
     1
176
     1
175
     1
176
     1
 42
1.0
176
     1
 92
        8
176
     1
 66
     8
424
  8421504
176
     1
 43
1.0
176
     1
 76
     1
176
     1
 77
     6
176
     1
 78
     2
176
     1
 67
     7
176
     1
 79
     5
176
     1
170
     0
176
     1
171
     0
176
     1
290
     0
176
     1
 93
        1
176
     1
 44
0.0
176
     1
173
     0
176
     1
1001
ACAD
1000
AcDbSavedByObjectVersion
1070
     0
  0
VISUALSTYLE
  5
188
102
{ACAD_XDICTIONARY
360
C1A
102
}
102
{ACAD_REACTORS
330
17F
102
}
330
17F
100
AcDbVisualStyle
  2
Conceptual
 70
     9
177
     2
291
     0
 71
     3
176
     1
 72
     2
176
     1
 73
     0
176
     1
 90
        0
176
     1
 40
0.6
176
     1
 41
30.0
176
     1
 63
     7
421
 16777215
176
     1
 74
     2
176
     1
 91
        2
176
     1
 64
     7
176
     1
 65
   257
176
     1
 75
     1
176
     1
175
     1
176
     1
 42
179.0
176
     1
 92
        8
176
     1
 66
     7
176
     1
 43
1.0
176
     1
 76
     1
176
     1
 77
     6
176
     1
 78
     2
176
     1
 67
     7
176
     1
 79
     3
176
     1
170
     0
176
     1
171
     0
176
     1
290
     0
176
     1
 93
        1
176
     1
 44
0.0
176
     1
173
     0
176
     1
1001
ACAD
1000
AcDbSavedByObjectVersion
1070
     0
  0
VISUALSTYLE
  5
18A
102
{ACAD_XDICTIONARY
360
C1E
102
}
102
{ACAD_REACTORS
330
17F
102
}
330
17F
100
AcDbVisualStyle
  2
Dim
 70
    11
177
     2
291
     1
 71
     2
176
     1
 72
     2
176
     1
 73
     0
176
     1
 90
        0
176
     1
 40
0.6
176
     1
 41
30.0
176
     1
 63
     7
421
 16777215
176
     1
 74
     1
176
     1
 91
        4
176
     1
 64
     7
176
     1
 65
   257
176
     1
 75
     1
176
     1
175
     1
176
     1
 42
1.0
176
     1
 92
        8
176
     1
 66
     7
176
     1
 43
1.0
176
     1
 76
     1
176
     1
 77
     6
176
     1
 78
     2
176
     1
 67
     7
176
     1
 79
     5
176
     1
170
     0
176
     1
171
     0
176
     1
290
     0
176
     1
 93
        1
176
     1
 44
-50.0
176
     1
173
     0
176
     1
1001
ACAD
1000
AcDbSavedByObjectVersion
1070
     0
  0
VISUALSTYLE
  5
197
102
{ACAD_XDICTIONARY
360
C38
102
}
102
{ACAD_REACTORS
330
17F
102
}
330
17F
100
AcDbVisualStyle
  2
EdgeColorOff
 70
    22
177
     2
291
     1
 71
     2
176
     0
 72
     2
176
     0
 73
     0
176
     0
 90
        0
176
     0
 40
0.6
176
     0
 41
30.0
176
     0
 63
     7
421
 16777215
176
     0
 74
     1
176
     0
 91
        4
176
     0
 64
     7
176
     0
 65
   257
176
     0
 75
     1
176
     0
175
     1
176
     0
 42
1.0
176
     0
 92
        8
176
     2
 66
     7
176
     0
 43
1.0
176
     0
 76
     1
176
     0
 77
     6
176
     0
 78
     2
176
     0
 67
     7
176
     0
 79
     5
176
     0
170
     0
176
     0
171
     0
176
     0
290
     0
176
     0
 93
        1
176
     0
 44
0.0
176
     0
173
     0
176
     0
1001
ACAD
1000
AcDbSavedByObjectVersion
1070
     0
  0
VISUALSTYLE
  5
18E
102
{ACAD_XDICTIONARY
360
C26
102
}
102
{ACAD_REACTORS
330
17F
102
}
330
17F
100
AcDbVisualStyle
  2
Facepattern
 70
    15
177
     2
291
     1
 71
     2
176
     1
 72
     2
176
     1
 73
     0
176
     1
 90
        0
176
     1
 40
0.6
176
     1
 41
30.0
176
     1
 63
     7
421
 16777215
176
     1
 74
     1
176
     1
 91
        4
176
     1
 64
     7
176
     1
 65
   257
176
     1
 75
     1
176
     1
175
     1
176
     1
 42
1.0
176
     1
 92
        8
176
     1
 66
     7
176
     1
 43
1.0
176
     1
 76
     1
176
     1
 77
     6
176
     1
 78
     2
176
     1
 67
     7
176
     1
 79
     5
176
     1
170
     0
176
     1
171
     0
176
     1
290
     0
176
     1
 93
        1
176
     1
 44
0.0
176
     1
173
     0
176
     1
1001
ACAD
1000
AcDbSavedByObjectVersion
1070
     0
  0
VISUALSTYLE
  5
180
102
{ACAD_XDICTIONARY
360
C0A
102
}
102
{ACAD_REACTORS
330
17F
102
}
330
17F
100
AcDbVisualStyle
  2
Flat
 70
     0
177
     2
291
     1
 71
     2
176
     1
 72
     1
176
     1
 73
     1
176
     1
 90
        2
176
     1
 40
0.6
176
     1
 41
30.0
176
     1
 63
     7
421
 16777215
176
     1
 74
     0
176
     1
 91
        0
176
     1
 64
     7
176
     1
 65
   257
176
     1
 75
     1
176
     1
175
     1
176
     1
 42
1.0
176
     1
 92
        8
176
     1
 66
     7
176
     1
 43
1.0
176
     1
 76
     1
176
     1
 77
     6
176
     1
 78
     2
176
     1
 67
     7
176
     1
 79
     5
176
     1
170
     0
176
     1
171
     0
176
     1
290
     0
176
     1
 93
       13
176
     1
 44
0.0
176
     1
173
     0
176
     1
1001
ACAD
1000
AcDbSavedByObjectVersion
1070
     0
  0
VISUALSTYLE
  5
181
102
{ACAD_XDICTIONARY
360
C0C
102
}
102
{ACAD_REACTORS
330
17F
102
}
330
17F
100
AcDbVisualStyle
  2
FlatWithEdges
 70
     1
177
     2
291
     1
 71
     2
176
     1
 72
     1
176
     1
 73
     1
176
     1
 90
        2
176
     1
 40
0.6
176
     1
 41
30.0
176
     1
 63
     7
421
 16777215
176
     1
 74
     1
176
     1
 91
        0
176
     1
 64
     7
176
     1
 65
   257
176
     1
 75
     1
176
     1
175
     1
176
     1
 42
1.0
176
     1
 92
        0
176
     1
 66
   257
176
     1
 43
1.0
176
     1
 76
     1
176
     1
 77
     6
176
     1
 78
     2
176
     1
 67
     7
176
     1
 79
     5
176
     1
170
     0
176
     1
171
     0
176
     1
290
     0
176
     1
 93
       13
176
     1
 44
0.0
176
     1
173
     0
176
     1
1001
ACAD
1000
AcDbSavedByObjectVersion
1070
     0
  0
VISUALSTYLE
  5
182
102
{ACAD_XDICTIONARY
360
C0E
102
}
102
{ACAD_REACTORS
330
17F
102
}
330
17F
100
AcDbVisualStyle
  2
Gouraud
 70
     2
177
     2
291
     1
 71
     2
176
     1
 72
     2
176
     1
 73
     1
176
     1
 90
        2
176
     1
 40
0.6
176
     1
 41
30.0
176
     1
 63
     7
421
 16777215
176
     1
 74
     0
176
     1
 91
        0
176
     1
 64
     7
176
     1
 65
   257
176
     1
 75
     1
176
     1
175
     1
176
     1
 42
1.0
176
     1
 92
        0
176
     1
 66
     7
176
     1
 43
1.0
176
     1
 76
     1
176
     1
 77
     6
176
     1
 78
     2
176
     1
 67
     7
176
     1
 79
     5
176
     1
170
     0
176
     1
171
     0
176
     1
290
     0
176
     1
 93
       13
176
     1
 44
0.0
176
     1
173
     0
176
     1
1001
ACAD
1000
AcDbSavedByObjectVersion
1070
     0
  0
VISUALSTYLE
  5
183
102
{ACAD_XDICTIONARY
360
C10
102
}
102
{ACAD_REACTORS
330
17F
102
}
330
17F
100
AcDbVisualStyle
  2
GouraudWithEdges
 70
     3
177
     2
291
     1
 71
     2
176
     1
 72
     2
176
     1
 73
     1
176
     1
 90
        2
176
     1
 40
0.6
176
     1
 41
30.0
176
     1
 63
     7
421
 16777215
176
     1
 74
     1
176
     1
 91
        0
176
     1
 64
     7
176
     1
 65
   257
176
     1
 75
     1
176
     1
175
     1
176
     1
 42
1.0
176
     1
 92
        0
176
     1
 66
   257
176
     1
 43
1.0
176
     1
 76
     1
176
     1
 77
     6
176
     1
 78
     2
176
     1
 67
     7
176
     1
 79
     5
176
     1
170
     0
176
     1
171
     0
176
     1
290
     0
176
     1
 93
       13
176
     1
 44
0.0
176
     1
173
     0
176
     1
1001
ACAD
1000
AcDbSavedByObjectVersion
1070
     0
  0
VISUALSTYLE
  5
187
102
{ACAD_XDICTIONARY
360
C18
102
}
102
{ACAD_REACTORS
330
17F
102
}
330
17F
100
AcDbVisualStyle
  2
Hidden
 70
     6
177
     2
291
     0
 71
     1
176
     1
 72
     2
176
     1
 73
     2
176
     1
 90
        0
176
     1
 40
0.6
176
     1
 41
30.0
176
     1
 63
     7
421
 16777215
176
     1
 74
     2
176
     1
 91
        2
176
     1
 64
     7
176
     1
 65
   257
176
     1
 75
     2
176
     1
175
     1
176
     1
 42
40.0
176
     1
 92
        0
176
     1
 66
   257
176
     1
 43
1.0
176
     1
 76
     1
176
     1
 77
     6
176
     1
 78
     2
176
     1
 67
     7
176
     1
 79
     3
176
     1
170
     0
176
     1
171
     0
176
     1
290
     0
176
     1
 93
        1
176
     1
 44
0.0
176
     1
173
     0
176
     1
1001
ACAD
1000
AcDbSavedByObjectVersion
1070
     0
  0
VISUALSTYLE
  5
195
102
{ACAD_XDICTIONARY
360
C34
102
}
102
{ACAD_REACTORS
330
17F
102
}
330
17F
100
AcDbVisualStyle
  2
JitterOff
 70
    20
177
     2
291
     1
 71
     2
176
     0
 72
     2
176
     0
 73
     0
176
     0
 90
        0
176
     0
 40
0.6
176
     0
 41
30.0
176
     0
 63
     7
421
 16777215
176
     0
 74
     1
176
     0
 91
        4
176
     0
 64
     7
176
     0
 65
   257
176
     0
 75
     1
176
     0
175
     1
176
     0
 42
1.0
176
     0
 92
       10
176
     2
 66
     7
176
     0
 43
1.0
176
     0
 76
     1
176
     0
 77
     6
176
     0
 78
     2
176
     0
 67
     7
176
     0
 79
     5
176
     0
170
     0
176
     0
171
     0
176
     0
290
     0
176
     0
 93
        1
176
     0
 44
0.0
176
     0
173
     0
176
     0
1001
ACAD
1000
AcDbSavedByObjectVersion
1070
     0
  0
VISUALSTYLE
  5
18D
102
{ACAD_XDICTIONARY
360
C24
102
}
102
{ACAD_REACTORS
330
17F
102
}
330
17F
100
AcDbVisualStyle
  2
Linepattern
 70
    14
177
     2
291
     1
 71
     2
176
     1
 72
     2
176
     1
 73
     0
176
     1
 90
        0
176
     1
 40
0.6
176
     1
 41
30.0
176
     1
 63
     7
421
 16777215
176
     1
 74
     1
176
     1
 91
        4
176
     1
 64
     7
176
     1
 65
   257
176
     1
 75
     7
176
     1
175
     7
176
     1
 42
1.0
176
     1
 92
        8
176
     1
 66
     7
176
     1
 43
1.0
176
     1
 76
     1
176
     1
 77
     6
176
     1
 78
     2
176
     1
 67
     7
176
     1
 79
     5
176
     1
170
     0
176
     1
171
     0
176
     1
290
     0
176
     1
 93
        1
176
     1
 44
0.0
176
     1
173
     0
176
     1
1001
ACAD
1000
AcDbSavedByObjectVersion
1070
     0
  0
VISUALSTYLE
  5
196
102
{ACAD_XDICTIONARY
360
C36
102
}
102
{ACAD_REACTORS
330
17F
102
}
330
17F
100
AcDbVisualStyle
  2
OverhangOff
 70
    21
177
     2
291
     1
 71
     2
176
     0
 72
     2
176
     0
 73
     0
176
     0
 90
        0
176
     0
 40
0.6
176
     0
 41
30.0
176
     0
 63
     7
421
 16777215
176
     0
 74
     1
176
     0
 91
        4
176
     0
 64
     7
176
     0
 65
   257
176
     0
 75
     1
176
     0
175
     1
176
     0
 42
1.0
176
     0
 92
        9
176
     2
 66
     7
176
     0
 43
1.0
176
     0
 76
     1
176
     0
 77
     6
176
     0
 78
     2
176
     0
 67
     7
176
     0
 79
     5
176
     0
170
     0
176
     0
171
     0
176
     0
290
     0
176
     0
 93
        1
176
     0
 44
0.0
176
     0
173
     0
176
     0
1001
ACAD
1000
AcDbSavedByObjectVersion
1070
     0
  0
VISUALSTYLE
  5
189
102
{ACAD_XDICTIONARY
360
C1C
102
}
102
{ACAD_REACTORS
330
17F
102
}
330
17F
100
AcDbVisualStyle
  2
Realistic
 70
     8
177
     2
291
     0
 71
     2
176
     1
 72
     3
176
     1
 73
     0
176
     1
 90
        2
176
     1
 40
0.6
176
     1
 41
30.0
176
     1
 63
     7
421
 16777215
176
     1
 74
     0
176
     1
 91
        0
176
     1
 64
     7
176
     1
 65
   257
176
     1
 75
     1
176
     1
175
     1
176
     1
 42
1.0
176
     1
 92
        8
176
     1
 66
   257
176
     1
 43
1.0
176
     1
 76
     1
176
     1
 77
     6
176
     1
 78
     2
176
     1
 67
     7
176
     1
 79
     3
176
     1
170
     0
176
     1
171
     0
176
     1
290
     0
176
     1
 93
       13
176
     1
 44
0.0
176
     1
173
     0
176
     1
1001
ACAD
1000
AcDbSavedByObjectVersion
1070
     0
  0
VISUALSTYLE
  5
194
102
{ACAD_XDICTIONARY
360
C32
102
}
102
{ACAD_REACTORS
330
17F
102
}
330
17F
100
AcDbVisualStyle
  2
Shaded
 70
    27
177
     2
291
     0
 71
     2
176
     1
 72
     2
176
     1
 73
     1
176
     1
 90
        2
176
     1
 40
0.6
176
     1
 41
30.0
176
     1
 63
     7
421
 16777215
176
     1
 74
     0
176
     1
 91
        4
176
     1
 64
     7
176
     1
 65
   257
176
     1
 75
     1
176
     1
175
     1
176
     1
 42
1.0
176
     1
 92
        8
176
     1
 66
   257
176
     1
 43
1.0
176
     1
 76
     1
176
     1
 77
     6
176
     1
 78
     2
176
     1
 67
     8
425
  7895160
176
     1
 79
     3
176
     1
170
     0
176
     1
171
     0
176
     1
290
     0
176
     1
 93
        5
176
     1
 44
0.0
176
     1
173
     0
176
     1
1001
ACAD
1000
AcDbSavedByObjectVersion
1070
     0
  0
VISUALSTYLE
  5
193
102
{ACAD_XDICTIONARY
360
C30
102
}
102
{ACAD_REACTORS
330
17F
102
}
330
17F
100
AcDbVisualStyle
  2
Shaded with edges
 70
    26
177
     2
291
     0
 71
     2
176
     1
 72
     2
176
     1
 73
     1
176
     1
 90
        2
176
     1
 40
0.6
176
     1
 41
30.0
176
     1
 63
     7
421
 16777215
176
     1
 74
     1
176
     1
 91
        2
176
     1
 64
     7
176
     1
 65
   257
176
     1
 75
     2
176
     1
175
     1
176
     1
 42
1.0
176
     1
 92
        8
176
     1
 66
   257
176
     1
 43
1.0
176
     1
 76
     1
176
     1
 77
     6
176
     1
 78
     2
176
     1
 67
     7
176
     1
 79
     3
176
     1
170
     0
176
     1
171
     0
176
     1
290
     0
176
     1
 93
        5
176
     1
 44
0.0
176
     1
173
     0
176
     1
1001
ACAD
1000
AcDbSavedByObjectVersion
1070
     0
  0
VISUALSTYLE
  5
190
102
{ACAD_XDICTIONARY
360
C2A
102
}
102
{ACAD_REACTORS
330
17F
102
}
330
17F
100
AcDbVisualStyle
  2
Shades of Gray
 70
    23
177
     2
291
     0
 71
     2
176
     1
 72
     2
176
     1
 73
     3
176
     1
 90
        0
176
     1
 40
0.6
176
     1
 41
30.0
176
     1
 63
     7
421
 16777215
176
     1
 74
     2
176
     1
 91
        2
176
     1
 64
     7
176
     1
 65
     7
176
     1
 75
     1
176
     1
175
     1
176
     1
 42
40.0
176
     1
 92
        8
176
     1
 66
     7
176
     1
 43
1.0
176
     1
 76
     1
176
     1
 77
     6
176
     1
 78
     2
176
     1
 67
     7
176
     1
 79
     3
176
     1
170
     0
176
     1
171
     0
176
     1
290
     0
176
     1
 93
        1
176
     1
 44
0.0
176
     1
173
     0
176
     1
1001
ACAD
1000
AcDbSavedByObjectVersion
1070
     0
  0
VISUALSTYLE
  5
191
102
{ACAD_XDICTIONARY
360
C2C
102
}
102
{ACAD_REACTORS
330
17F
102
}
330
17F
100
AcDbVisualStyle
  2
Sketchy
 70
    24
177
     2
291
     0
 71
     1
176
     1
 72
     2
176
     1
 73
     2
176
     1
 90
        0
176
     1
 40
0.6
176
     1
 41
30.0
176
     1
 63
     7
421
 16777215
176
     1
 74
     2
176
     1
 91
        2
176
     1
 64
     7
176
     1
 65
     7
176
     1
 75
     1
176
     1
175
     1
176
     1
 42
40.0
176
     1
 92
       11
176
     1
 66
     7
176
     1
 43
1.0
176
     1
 76
     1
176
     1
 77
     6
176
     1
 78
     2
176
     1
 67
     7
176
     1
 79
     6
176
     1
170
     0
176
     1
171
     0
176
     1
290
     0
176
     1
 93
        1
176
     1
 44
0.0
176
     1
173
     0
176
     1
1001
ACAD
1000
AcDbSavedByObjectVersion
1070
     0
  0
VISUALSTYLE
  5
18C
102
{ACAD_XDICTIONARY
360
C22
102
}
102
{ACAD_REACTORS
330
17F
102
}
330
17F
100
AcDbVisualStyle
  2
Thicken
 70
    13
177
     2
291
     1
 71
     2
176
     1
 72
     2
176
     1
 73
     0
176
     1
 90
        0
176
     1
 40
0.6
176
     1
 41
30.0
176
     1
 63
     7
421
 16777215
176
     1
 74
     1
176
     1
 91
        4
176
     1
 64
     7
176
     1
 65
   257
176
     1
 75
     1
176
     1
175
     1
176
     1
 42
1.0
176
     1
 92
       12
176
     1
 66
     7
176
     1
 43
1.0
176
     1
 76
     1
176
     1
 77
     6
176
     1
 78
     2
176
     1
 67
     7
176
     1
 79
     5
176
     1
170
     0
176
     1
171
     0
176
     1
290
     0
176
     1
 93
        1
176
     1
 44
0.0
176
     1
173
     0
176
     1
1001
ACAD
1000
AcDbSavedByObjectVersion
1070
     0
  0
VISUALSTYLE
  5
186
102
{ACAD_XDICTIONARY
360
C16
102
}
102
{ACAD_REACTORS
330
17F
102
}
330
17F
100
AcDbVisualStyle
  2
Wireframe
 70
     5
177
     2
291
     0
 71
     0
176
     1
 72
     2
176
     1
 73
     0
176
     1
 90
        0
176
     1
 40
0.6
176
     1
 41
30.0
176
     1
 63
     7
421
 16777215
176
     1
 74
     1
176
     1
 91
        4
176
     1
 64
     7
176
     1
 65
   257
176
     1
 75
     1
176
     1
175
     1
176
     1
 42
1.0
176
     1
 92
        0
176
     1
 66
   257
176
     1
 43
1.0
176
     1
 76
     1
176
     1
 77
     6
176
     1
 78
     2
176
     1
 67
     7
176
     1
 79
     3
176
     1
170
     0
176
     1
171
     0
176
     1
290
     0
176
     1
 93
        1
176
     1
 44
0.0
176
     1
173
     0
176
     1
1001
ACAD
1000
AcDbSavedByObjectVersion
1070
     0
  0
VISUALSTYLE
  5
192
102
{ACAD_XDICTIONARY
360
C2E
102
}
102
{ACAD_REACTORS
330
17F
102
}
330
17F
100
AcDbVisualStyle
  2
X-Ray
 70
    25
177
     2
291
     0
 71
     2
176
     1
 72
     2
176
     1
 73
     1
176
     1
 90
        1
176
     1
 40
0.5
176
     1
 41
30.0
176
     1
 63
     7
421
 16777215
176
     1
 74
     1
176
     1
 91
        0
176
     1
 64
     7
176
     1
 65
   257
176
     1
 75
     1
176
     1
175
     1
176
     1
 42
1.0
176
     1
 92
        8
176
     1
 66
     7
176
     1
 43
1.0
176
     1
 76
     1
176
     1
 77
     6
176
     1
 78
     2
176
     1
 67
     7
176
     1
 79
     3
176
     1
170
     0
176
     1
171
     0
176
     1
290
     0
176
     1
 93
       13
176
     1
 44
0.0
176
     1
173
     0
176
     1
1001
ACAD
1000
AcDbSavedByObjectVersion
1070
     0
  0
DICTIONARYVAR
  5
560
102
{ACAD_REACTORS
330
55F
102
}
330
55F
100
DictionaryVariables
280
     0
  1
500.000000
  0
DICTIONARYVAR
  5
561
102
{ACAD_REACTORS
330
55F
102
}
330
55F
100
DictionaryVariables
280
     0
  1
1
  0
DICTIONARYVAR
  5
562
102
{ACAD_REACTORS
330
55F
102
}
330
55F
100
DictionaryVariables
280
     0
  1
1:1
  0
DICTIONARYVAR
  5
563
102
{ACAD_REACTORS
330
55F
102
}
330
55F
100
DictionaryVariables
280
     0
  1
STANDARD
  0
DICTIONARYVAR
  5
564
102
{ACAD_REACTORS
330
55F
102
}
330
55F
100
DictionaryVariables
280
     0
  1
STANDARD
  0
DICTIONARYVAR
  5
BFE
102
{ACAD_REACTORS
330
55F
102
}
330
55F
100
DictionaryVariables
280
     0
  1
Metric50
  0
DICTIONARYVAR
  5
565
102
{ACAD_REACTORS
330
55F
102
}
330
55F
100
DictionaryVariables
280
     0
  1
Metric50
  0
DICTIONARYVAR
  5
566
102
{ACAD_REACTORS
330
55F
102
}
330
55F
100
DictionaryVariables
280
     0
  1
1
  0
DICTIONARYVAR
  5
567
102
{ACAD_REACTORS
330
55F
102
}
330
55F
100
DictionaryVariables
280
     0
  1
0
  0
DICTIONARYVAR
  5
568
102
{ACAD_REACTORS
330
55F
102
}
330
55F
100
DictionaryVariables
280
     0
  1
2
  0
DICTIONARYVAR
  5
BF0
102
{ACAD_REACTORS
330
55F
102
}
330
55F
100
DictionaryVariables
280
     0
  1
1
  0
DICTIONARYVAR
  5
569
102
{ACAD_REACTORS
330
55F
102
}
330
55F
100
DictionaryVariables
280
     0
  1
1
  0
DICTIONARYVAR
  5
56A
102
{ACAD_REACTORS
330
55F
102
}
330
55F
100
DictionaryVariables
280
     0
  1
BYLAYER
  0
DICTIONARYVAR
  5
56B
102
{ACAD_REACTORS
330
55F
102
}
330
55F
100
DictionaryVariables
280
     0
  1
0
  0
DICTIONARYVAR
  5
56C
102
{ACAD_REACTORS
330
55F
102
}
330
55F
100
DictionaryVariables
280
     0
  1
A-HATCH-WALL
  0
DICTIONARYVAR
  5
56D
102
{ACAD_REACTORS
330
55F
102
}
330
55F
100
DictionaryVariables
280
     0
  1
.
  0
DICTIONARYVAR
  5
56E
102
{ACAD_REACTORS
330
55F
102
}
330
55F
100
DictionaryVariables
280
     0
  1
0
  0
DICTIONARYVAR
  5
56F
102
{ACAD_REACTORS
330
55F
102
}
330
55F
100
DictionaryVariables
280
     0
  1
0
  0
DICTIONARYVAR
  5
570
102
{ACAD_REACTORS
330
55F
102
}
330
55F
100
DictionaryVariables
280
     0
  1
0
  0
DICTIONARYVAR
  5
571
102
{ACAD_REACTORS
330
55F
102
}
330
55F
100
DictionaryVariables
280
     0
  1
2
  0
DICTIONARYVAR
  5
572
102
{ACAD_REACTORS
330
55F
102
}
330
55F
100
DictionaryVariables
280
     0
  1
1.000000
  0
DICTIONARYVAR
  5
573
102
{ACAD_REACTORS
330
55F
102
}
330
55F
100
DictionaryVariables
280
     0
  1
1
  0
DICTIONARYVAR
  5
574
102
{ACAD_REACTORS
330
55F
102
}
330
55F
100
DictionaryVariables
280
     0
  1
2
  0
DICTIONARYVAR
  5
575
102
{ACAD_REACTORS
330
55F
102
}
330
55F
100
DictionaryVariables
280
     0
  1
1
  0
DICTIONARYVAR
  5
576
102
{ACAD_REACTORS
330
55F
102
}
330
55F
100
DictionaryVariables
280
     0
  1
1
  0
DICTIONARYVAR
  5
577
102
{ACAD_REACTORS
330
55F
102
}
330
55F
100
DictionaryVariables
280
     0
  1
127
  0
DICTIONARY
  5
C09
102
{ACAD_REACTORS
330
C07
102
}
330
C07
100
AcDbDictionary
281
     1
  0
DICTIONARY
  5
C08
102
{ACAD_REACTORS
330
C07
102
}
330
C07
100
AcDbDictionary
281
     1
  3
23356549904
350
C01
  3
23356549920
350
C02
  3
23356549936
350
C03
  3
23356549952
350
C04
  3
23356549968
350
C05
  3
23356549984
350
C06
  0
DICTIONARY
  5
C3C
330
1EC
100
AcDbDictionary
280
     1
281
     1
  3
ACAD_XREC_ROUNDTRIP
360
C3D
  0
DICTIONARY
  5
C3A
330
1EA
100
AcDbDictionary
280
     1
281
     1
  3
ACAD_XREC_ROUNDTRIP
360
C3B
  0
DICTIONARY
  5
249
330
93
100
AcDbDictionary
280
     1
281
     1
  3
ACAD_ROUNDTRIP_2008_TABLESTYLE_CELLSTYLEMAP
360
BFF
  0
DICTIONARY
  5
C14
330
185
100
AcDbDictionary
280
     1
281
     1
  3
ACAD_XREC_ROUNDTRIP
360
C15
  0
DICTIONARY
  5
C12
330
184
100
AcDbDictionary
280
     1
281
     1
  3
ACAD_XREC_ROUNDTRIP
360
C13
  0
DICTIONARY
  5
C20
330
18B
100
AcDbDictionary
280
     1
281
     1
  3
ACAD_XREC_ROUNDTRIP
360
C21
  0
DICTIONARY
  5
C28
330
18F
100
AcDbDictionary
280
     1
281
     1
  3
ACAD_XREC_ROUNDTRIP
360
C29
  0
DICTIONARY
  5
C1A
330
188
100
AcDbDictionary
280
     1
281
     1
  3
ACAD_XREC_ROUNDTRIP
360
C1B
  0
DICTIONARY
  5
C1E
330
18A
100
AcDbDictionary
280
     1
281
     1
  3
ACAD_XREC_ROUNDTRIP
360
C1F
  0
DICTIONARY
  5
C38
330
197
100
AcDbDictionary
280
     1
281
     1
  3
ACAD_XREC_ROUNDTRIP
360
C39
  0
DICTIONARY
  5
C26
330
18E
100
AcDbDictionary
280
     1
281
     1
  3
ACAD_XREC_ROUNDTRIP
360
C27
  0
DICTIONARY
  5
C0A
330
180
100
AcDbDictionary
280
     1
281
     1
  3
ACAD_XREC_ROUNDTRIP
360
C0B
  0
DICTIONARY
  5
C0C
330
181
100
AcDbDictionary
280
     1
281
     1
  3
ACAD_XREC_ROUNDTRIP
360
C0D
  0
DICTIONARY
  5
C0E
330
182
100
AcDbDictionary
280
     1
281
     1
  3
ACAD_XREC_ROUNDTRIP
360
C0F
  0
DICTIONARY
  5
C10
330
183
100
AcDbDictionary
280
     1
281
     1
  3
ACAD_XREC_ROUNDTRIP
360
C11
  0
DICTIONARY
  5
C18
330
187
100
AcDbDictionary
280
     1
281
     1
  3
ACAD_XREC_ROUNDTRIP
360
C19
  0
DICTIONARY
  5
C34
330
195
100
AcDbDictionary
280
     1
281
     1
  3
ACAD_XREC_ROUNDTRIP
360
C35
  0
DICTIONARY
  5
C24
330
18D
100
AcDbDictionary
280
     1
281
     1
  3
ACAD_XREC_ROUNDTRIP
360
C25
  0
DICTIONARY
  5
C36
330
196
100
AcDbDictionary
280
     1
281
     1
  3
ACAD_XREC_ROUNDTRIP
360
C37
  0
DICTIONARY
  5
C1C
330
189
100
AcDbDictionary
280
     1
281
     1
  3
ACAD_XREC_ROUNDTRIP
360
C1D
  0
DICTIONARY
  5
C32
330
194
100
AcDbDictionary
280
     1
281
     1
  3
ACAD_XREC_ROUNDTRIP
360
C33
  0
DICTIONARY
  5
C30
330
193
100
AcDbDictionary
280
     1
281
     1
  3
ACAD_XREC_ROUNDTRIP
360
C31
  0
DICTIONARY
  5
C2A
330
190
100
AcDbDictionary
280
     1
281
     1
  3
ACAD_XREC_ROUNDTRIP
360
C2B
  0
DICTIONARY
  5
C2C
330
191
100
AcDbDictionary
280
     1
281
     1
  3
ACAD_XREC_ROUNDTRIP
360
C2D
  0
DICTIONARY
  5
C22
330
18C
100
AcDbDictionary
280
     1
281
     1
  3
ACAD_XREC_ROUNDTRIP
360
C23
  0
DICTIONARY
  5
C16
330
186
100
AcDbDictionary
280
     1
281
     1
  3
ACAD_XREC_ROUNDTRIP
360
C17
  0
DICTIONARY
  5
C2E
330
192
100
AcDbDictionary
280
     1
281
     1
  3
ACAD_XREC_ROUNDTRIP
360
C2F
  0
XRECORD
  5
C01
102
{ACAD_REACTORS
330
C08
102
}
330
C08
100
AcDbXrecord
280
     1
  1
AcDb_Thumbnail_Schema
102
{ATTRRECORD
341
C03
  2
AcDbDs::TreatedAsObjectData
280
     1
291
     1
102
ATTRRECORD}
102
{ATTRRECORD
341
C04
  2
AcDbDs::Legacy
280
     1
291
     1
102
ATTRRECORD}
  2
AcDbDs::ID
280
    10
 91
        8
102
{ATTRRECORD
341
C05
  2
AcDs:Indexable
280
     1
291
     1
102
ATTRRECORD}
102
{ATTRRECORD
341
C06
  2
AcDbDs::HandleAttribute
280
     7
282
     1
102
ATTRRECORD}
  2
Thumbnail_Data
280
    15
 91
        0
  0
XRECORD
  5
C02
102
{ACAD_REACTORS
330
C08
102
}
330
C08
100
AcDbXrecord
280
     1
  1
AcDb3DSolid_ASM_Data
102
{ATTRRECORD
341
C03
  2
AcDbDs::TreatedAsObjectData
280
     1
291
     1
102
ATTRRECORD}
102
{ATTRRECORD
341
C04
  2
AcDbDs::Legacy
280
     1
291
     1
102
ATTRRECORD}
  2
AcDbDs::ID
280
    10
 91
        8
102
{ATTRRECORD
341
C05
  2
AcDs:Indexable
280
     1
291
     1
102
ATTRRECORD}
102
{ATTRRECORD
341
C06
  2
AcDbDs::HandleAttribute
280
     7
282
     1
102
ATTRRECORD}
  2
ASM_Data
280
    15
 91
        0
  0
XRECORD
  5
C03
102
{ACAD_REACTORS
330
C08
102
}
330
C08
100
AcDbXrecord
280
     1
  1
AcDbDs::TreatedAsObjectDataSchema
  2
AcDbDs::TreatedAsObjectData
280
     1
 91
        0
  0
XRECORD
  5
C04
102
{ACAD_REACTORS
330
C08
102
}
330
C08
100
AcDbXrecord
280
     1
  1
AcDbDs::LegacySchema
  2
AcDbDs::Legacy
280
     1
 91
        0
  0
XRECORD
  5
C05
102
{ACAD_REACTORS
330
C08
102
}
330
C08
100
AcDbXrecord
280
     1
  1
AcDbDs::IndexedPropertySchema
  2
AcDs:Indexable
280
     1
 91
        0
  0
XRECORD
  5
C06
102
{ACAD_REACTORS
330
C08
102
}
330
C08
100
AcDbXrecord
280
     1
  1
AcDbDs::HandleAttributeSchema
  2
AcDbDs::HandleAttribute
280
     7
 91
        1
284
     1
  0
XRECORD
  5
C3D
102
{ACAD_REACTORS
330
C3C
102
}
330
C3C
100
AcDbXrecord
280
     1
102
DISPLAYNAME
  1
Metric50
102
FLAGS
 90
        0
  0
XRECORD
  5
C3B
102
{ACAD_REACTORS
330
C3A
102
}
330
C3A
100
AcDbXrecord
280
     1
102
DISPLAYNAME
  1
Metric50
102
FLAGS
 90
        0
  0
CELLSTYLEMAP
  5
BFF
102
{ACAD_REACTORS
330
249
102
}
330
249
100
AcDbCellStyleMap
 90
        3
300
CELLSTYLE
  1
TABLEFORMAT_BEGIN
 90
        5
170
     1
 91
        0
 92
    32768
 62
   257
 93
        1
300
CONTENTFORMAT
  1
CONTENTFORMAT_BEGIN
 90
        0
 91
        0
 92
      512
 93
        0
300

 40
0.0
140
1.0
 94
        5
 62
     0
340
11
144
6.0
309
CONTENTFORMAT_END
171
     1
301
MARGIN
  1
CELLMARGIN_BEGIN
 40
1.5
 40
1.5
 40
0.06
 40
0.06
 40
0.18
 40
0.18
309
CELLMARGIN_END
 94
        6
 95
        1
302
GRIDFORMAT
  1
GRIDFORMAT_BEGIN
 90
        0
 91
        1
 62
     0
 92
       -2
340
0
 93
        0
 40
0.045
309
GRIDFORMAT_END
 95
        2
302
GRIDFORMAT
  1
GRIDFORMAT_BEGIN
 90
        0
 91
        1
 62
     0
 92
       -2
340
0
 93
        0
 40
0.045
309
GRIDFORMAT_END
 95
        4
302
GRIDFORMAT
  1
GRIDFORMAT_BEGIN
 90
        0
 91
        1
 62
     0
 92
       -2
340
0
 93
        0
 40
0.045
309
GRIDFORMAT_END
 95
        8
302
GRIDFORMAT
  1
GRIDFORMAT_BEGIN
 90
        0
 91
        1
 62
     0
 92
       -2
340
0
 93
        0
 40
0.045
309
GRIDFORMAT_END
 95
       16
302
GRIDFORMAT
  1
GRIDFORMAT_BEGIN
 90
        0
 91
        1
 62
     0
 92
       -2
340
0
 93
        0
 40
0.045
309
GRIDFORMAT_END
 95
       32
302
GRIDFORMAT
  1
GRIDFORMAT_BEGIN
 90
        0
 91
        1
 62
     0
 92
       -2
340
0
 93
        0
 40
0.045
309
GRIDFORMAT_END
309
TABLEFORMAT_END
  1
CELLSTYLE_BEGIN
 90
        1
 91
        1
300
_TITLE
309
CELLSTYLE_END
300
CELLSTYLE
  1
TABLEFORMAT_BEGIN
 90
        5
170
     1
 91
        0
 92
        0
 62
   257
 93
        1
300
CONTENTFORMAT
  1
CONTENTFORMAT_BEGIN
 90
        0
 91
        0
 92
      512
 93
        0
300

 40
0.0
140
1.0
 94
        5
 62
     0
340
11
144
4.5
309
CONTENTFORMAT_END
171
     1
301
MARGIN
  1
CELLMARGIN_BEGIN
 40
1.5
 40
1.5
 40
0.06
 40
0.06
 40
0.18
 40
0.18
309
CELLMARGIN_END
 94
        6
 95
        1
302
GRIDFORMAT
  1
GRIDFORMAT_BEGIN
 90
        0
 91
        1
 62
     0
 92
       -2
340
0
 93
        0
 40
0.045
309
GRIDFORMAT_END
 95
        2
302
GRIDFORMAT
  1
GRIDFORMAT_BEGIN
 90
        0
 91
        1
 62
     0
 92
       -2
340
0
 93
        0
 40
0.045
309
GRIDFORMAT_END
 95
        4
302
GRIDFORMAT
  1
GRIDFORMAT_BEGIN
 90
        0
 91
        1
 62
     0
 92
       -2
340
0
 93
        0
 40
0.045
309
GRIDFORMAT_END
 95
        8
302
GRIDFORMAT
  1
GRIDFORMAT_BEGIN
 90
        0
 91
        1
 62
     0
 92
       -2
340
0
 93
        0
 40
0.045
309
GRIDFORMAT_END
 95
       16
302
GRIDFORMAT
  1
GRIDFORMAT_BEGIN
 90
        0
 91
        1
 62
     0
 92
       -2
340
0
 93
        0
 40
0.045
309
GRIDFORMAT_END
 95
       32
302
GRIDFORMAT
  1
GRIDFORMAT_BEGIN
 90
        0
 91
        1
 62
     0
 92
       -2
340
0
 93
        0
 40
0.045
309
GRIDFORMAT_END
309
TABLEFORMAT_END
  1
CELLSTYLE_BEGIN
 90
        2
 91
        1
300
_HEADER
309
CELLSTYLE_END
300
CELLSTYLE
  1
TABLEFORMAT_BEGIN
 90
        5
170
     1
 91
        0
 92
        0
 62
   257
 93
        1
300
CONTENTFORMAT
  1
CONTENTFORMAT_BEGIN
 90
        0
 91
        0
 92
      512
 93
        0
300

 40
0.0
140
1.0
 94
        2
 62
     0
340
11
144
4.5
309
CONTENTFORMAT_END
171
     1
301
MARGIN
  1
CELLMARGIN_BEGIN
 40
1.5
 40
1.5
 40
0.06
 40
0.06
 40
0.18
 40
0.18
309
CELLMARGIN_END
 94
        6
 95
        1
302
GRIDFORMAT
  1
GRIDFORMAT_BEGIN
 90
        0
 91
        1
 62
     0
 92
       -2
340
0
 93
        0
 40
0.045
309
GRIDFORMAT_END
 95
        2
302
GRIDFORMAT
  1
GRIDFORMAT_BEGIN
 90
        0
 91
        1
 62
     0
 92
       -2
340
0
 93
        0
 40
0.045
309
GRIDFORMAT_END
 95
        4
302
GRIDFORMAT
  1
GRIDFORMAT_BEGIN
 90
        0
 91
        1
 62
     0
 92
       -2
340
0
 93
        0
 40
0.045
309
GRIDFORMAT_END
 95
        8
302
GRIDFORMAT
  1
GRIDFORMAT_BEGIN
 90
        0
 91
        1
 62
     0
 92
       -2
340
0
 93
        0
 40
0.045
309
GRIDFORMAT_END
 95
       16
302
GRIDFORMAT
  1
GRIDFORMAT_BEGIN
 90
        0
 91
        1
 62
     0
 92
       -2
340
0
 93
        0
 40
0.045
309
GRIDFORMAT_END
 95
       32
302
GRIDFORMAT
  1
GRIDFORMAT_BEGIN
 90
        0
 91
        1
 62
     0
 92
       -2
340
0
 93
        0
 40
0.045
309
GRIDFORMAT_END
309
TABLEFORMAT_END
  1
CELLSTYLE_BEGIN
 90
        3
 91
        2
300
_DATA
309
CELLSTYLE_END
  0
XRECORD
  5
C15
102
{ACAD_REACTORS
330
C14
102
}
330
C14
100
AcDbXrecord
280
     1
102
RTVSPost2010Prop28
280
     1
102
RTVSPost2010PropOp28
 70
     1
102
RTVSPost2010Prop29
280
     1
102
RTVSPost2010PropOp29
 70
     1
102
RTVSPost2010Prop30
280
     0
102
RTVSPost2010PropOp30
 70
     1
102
RTVSPost2010Prop31
280
     0
102
RTVSPost2010PropOp31
 70
     1
102
RTVSPost2010Prop32
280
     0
102
RTVSPost2010PropOp32
 70
     1
102
RTVSPost2010Prop33
280
     0
102
RTVSPost2010PropOp33
 70
     1
102
RTVSPost2010Prop34
280
     0
102
RTVSPost2010PropOp34
 70
     1
102
RTVSPost2010Prop35
280
     0
102
RTVSPost2010PropOp35
 70
     1
102
RTVSPost2010Prop36
280
     0
102
RTVSPost2010PropOp36
 70
     1
102
RTVSPost2010Prop37
 90
       50
102
RTVSPost2010PropOp37
 70
     1
102
RTVSPost2010Prop38
140
0.0
102
RTVSPost2010PropOp38
 70
     1
102
RTVSPost2010Prop39
140
1.0
102
RTVSPost2010PropOp39
 70
     1
102
RTVSPost2010Prop40
 90
        0
102
RTVSPost2010PropOp40
 70
     1
102
RTVSPost2010Prop41ColorIndex
 90
       18
102
RTVSPost2010Prop41ColorRGB
 90
        0
102
RTVSPost2010PropOp41
 70
     1
102
RTVSPost2010Prop42
 90
       50
102
RTVSPost2010PropOp42
 70
     1
102
RTVSPost2010Prop43
 90
        3
102
RTVSPost2010PropOp43
 70
     1
102
RTVSPost2010Prop44ColorIndex
 90
        5
102
RTVSPost2010Prop44ColorRGB
 90
      255
102
RTVSPost2010PropOp44
 70
     1
102
RTVSPost2010Prop45
280
     0
102
RTVSPost2010PropOp45
 70
     1
102
RTVSPost2010Prop46
 90
       50
102
RTVSPost2010PropOp46
 70
     1
102
RTVSPost2010Prop47
 90
       50
102
RTVSPost2010PropOp47
 70
     1
102
RTVSPost2010Prop48
 90
       50
102
RTVSPost2010PropOp48
 70
     1
102
RTVSPost2010Prop49
280
     0
102
RTVSPost2010PropOp49
 70
     1
102
RTVSPost2010Prop50
 90
       50
102
RTVSPost2010PropOp50
 70
     1
102
RTVSPost2010Prop51ColorIndex
 90
      256
102
RTVSPost2010Prop51ColorRGB
 90
-16777216
102
RTVSPost2010PropOp51
 70
     0
102
RTVSPost2010Prop52
140
1.0
102
RTVSPost2010PropOp52
 70
     0
102
RTVSPost2010Prop53
 90
        0
102
RTVSPost2010PropOp53
 70
     1
102
RTVSPost2010Prop54
  1
strokes_ogs.tif
102
RTVSPost2010PropOp54
 70
     1
102
RTVSPost2010Prop55
280
     0
102
RTVSPost2010PropOp55
 70
     1
102
RTVSPost2010Prop56
140
1.0
102
RTVSPost2010PropOp56
 70
     1
102
RTVSPost2010Prop57
140
1.0
102
RTVSPost2010PropOp57
 70
     1
  0
XRECORD
  5
C13
102
{ACAD_REACTORS
330
C12
102
}
330
C12
100
AcDbXrecord
280
     1
102
RTVSPost2010Prop28
280
     0
102
RTVSPost2010PropOp28
 70
     1
102
RTVSPost2010Prop29
280
     1
102
RTVSPost2010PropOp29
 70
     1
102
RTVSPost2010Prop30
280
     1
102
RTVSPost2010PropOp30
 70
     1
102
RTVSPost2010Prop31
280
     0
102
RTVSPost2010PropOp31
 70
     1
102
RTVSPost2010Prop32
280
     0
102
RTVSPost2010PropOp32
 70
     1
102
RTVSPost2010Prop33
280
     0
102
RTVSPost2010PropOp33
 70
     1
102
RTVSPost2010Prop34
280
     0
102
RTVSPost2010PropOp34
 70
     1
102
RTVSPost2010Prop35
280
     0
102
RTVSPost2010PropOp35
 70
     1
102
RTVSPost2010Prop36
280
     0
102
RTVSPost2010PropOp36
 70
     1
102
RTVSPost2010Prop37
 90
       50
102
RTVSPost2010PropOp37
 70
     1
102
RTVSPost2010Prop38
140
0.0
102
RTVSPost2010PropOp38
 70
     1
102
RTVSPost2010Prop39
140
1.0
102
RTVSPost2010PropOp39
 70
     1
102
RTVSPost2010Prop40
 90
        0
102
RTVSPost2010PropOp40
 70
     1
102
RTVSPost2010Prop41ColorIndex
 90
       18
102
RTVSPost2010Prop41ColorRGB
 90
        0
102
RTVSPost2010PropOp41
 70
     1
102
RTVSPost2010Prop42
 90
       50
102
RTVSPost2010PropOp42
 70
     1
102
RTVSPost2010Prop43
 90
        3
102
RTVSPost2010PropOp43
 70
     1
102
RTVSPost2010Prop44ColorIndex
 90
        5
102
RTVSPost2010Prop44ColorRGB
 90
      255
102
RTVSPost2010PropOp44
 70
     1
102
RTVSPost2010Prop45
280
     0
102
RTVSPost2010PropOp45
 70
     1
102
RTVSPost2010Prop46
 90
       50
102
RTVSPost2010PropOp46
 70
     1
102
RTVSPost2010Prop47
 90
       50
102
RTVSPost2010PropOp47
 70
     1
102
RTVSPost2010Prop48
 90
       50
102
RTVSPost2010PropOp48
 70
     1
102
RTVSPost2010Prop49
280
     0
102
RTVSPost2010PropOp49
 70
     1
102
RTVSPost2010Prop50
 90
       50
102
RTVSPost2010PropOp50
 70
     1
102
RTVSPost2010Prop51ColorIndex
 90
      256
102
RTVSPost2010Prop51ColorRGB
 90
-16777216
102
RTVSPost2010PropOp51
 70
     0
102
RTVSPost2010Prop52
140
1.0
102
RTVSPost2010PropOp52
 70
     0
102
RTVSPost2010Prop53
 90
        0
102
RTVSPost2010PropOp53
 70
     1
102
RTVSPost2010Prop54
  1
strokes_ogs.tif
102
RTVSPost2010PropOp54
 70
     1
102
RTVSPost2010Prop55
280
     0
102
RTVSPost2010PropOp55
 70
     1
102
RTVSPost2010Prop56
140
1.0
102
RTVSPost2010PropOp56
 70
     1
102
RTVSPost2010Prop57
140
1.0
102
RTVSPost2010PropOp57
 70
     1
  0
XRECORD
  5
C21
102
{ACAD_REACTORS
330
C20
102
}
330
C20
100
AcDbXrecord
280
     1
102
RTVSPost2010Prop28
280
     0
102
RTVSPost2010PropOp28
 70
     1
102
RTVSPost2010Prop29
280
     1
102
RTVSPost2010PropOp29
 70
     1
102
RTVSPost2010Prop30
280
     1
102
RTVSPost2010PropOp30
 70
     1
102
RTVSPost2010Prop31
280
     0
102
RTVSPost2010PropOp31
 70
     1
102
RTVSPost2010Prop32
280
     0
102
RTVSPost2010PropOp32
 70
     1
102
RTVSPost2010Prop33
280
     0
102
RTVSPost2010PropOp33
 70
     1
102
RTVSPost2010Prop34
280
     0
102
RTVSPost2010PropOp34
 70
     1
102
RTVSPost2010Prop35
280
     0
102
RTVSPost2010PropOp35
 70
     1
102
RTVSPost2010Prop36
280
     0
102
RTVSPost2010PropOp36
 70
     1
102
RTVSPost2010Prop37
 90
       50
102
RTVSPost2010PropOp37
 70
     1
102
RTVSPost2010Prop38
140
0.0
102
RTVSPost2010PropOp38
 70
     1
102
RTVSPost2010Prop39
140
1.0
102
RTVSPost2010PropOp39
 70
     1
102
RTVSPost2010Prop40
 90
        0
102
RTVSPost2010PropOp40
 70
     1
102
RTVSPost2010Prop41ColorIndex
 90
       18
102
RTVSPost2010Prop41ColorRGB
 90
        0
102
RTVSPost2010PropOp41
 70
     1
102
RTVSPost2010Prop42
 90
       50
102
RTVSPost2010PropOp42
 70
     1
102
RTVSPost2010Prop43
 90
        3
102
RTVSPost2010PropOp43
 70
     1
102
RTVSPost2010Prop44ColorIndex
 90
        5
102
RTVSPost2010Prop44ColorRGB
 90
      255
102
RTVSPost2010PropOp44
 70
     1
102
RTVSPost2010Prop45
280
     0
102
RTVSPost2010PropOp45
 70
     1
102
RTVSPost2010Prop46
 90
       50
102
RTVSPost2010PropOp46
 70
     1
102
RTVSPost2010Prop47
 90
       50
102
RTVSPost2010PropOp47
 70
     1
102
RTVSPost2010Prop48
 90
       50
102
RTVSPost2010PropOp48
 70
     1
102
RTVSPost2010Prop49
280
     0
102
RTVSPost2010PropOp49
 70
     1
102
RTVSPost2010Prop50
 90
       50
102
RTVSPost2010PropOp50
 70
     1
102
RTVSPost2010Prop51ColorIndex
 90
      256
102
RTVSPost2010Prop51ColorRGB
 90
-16777216
102
RTVSPost2010PropOp51
 70
     0
102
RTVSPost2010Prop52
140
1.0
102
RTVSPost2010PropOp52
 70
     0
102
RTVSPost2010Prop53
 90
        0
102
RTVSPost2010PropOp53
 70
     1
102
RTVSPost2010Prop54
  1
strokes_ogs.tif
102
RTVSPost2010PropOp54
 70
     1
102
RTVSPost2010Prop55
280
     0
102
RTVSPost2010PropOp55
 70
     1
102
RTVSPost2010Prop56
140
1.0
102
RTVSPost2010PropOp56
 70
     1
102
RTVSPost2010Prop57
140
1.0
102
RTVSPost2010PropOp57
 70
     1
  0
XRECORD
  5
C29
102
{ACAD_REACTORS
330
C28
102
}
330
C28
100
AcDbXrecord
280
     1
102
RTVSPost2010Prop28
280
     0
102
RTVSPost2010PropOp28
 70
     1
102
RTVSPost2010Prop29
280
     1
102
RTVSPost2010PropOp29
 70
     1
102
RTVSPost2010Prop30
280
     1
102
RTVSPost2010PropOp30
 70
     1
102
RTVSPost2010Prop31
280
     0
102
RTVSPost2010PropOp31
 70
     1
102
RTVSPost2010Prop32
280
     0
102
RTVSPost2010PropOp32
 70
     1
102
RTVSPost2010Prop33
280
     0
102
RTVSPost2010PropOp33
 70
     1
102
RTVSPost2010Prop34
280
     0
102
RTVSPost2010PropOp34
 70
     1
102
RTVSPost2010Prop35
280
     0
102
RTVSPost2010PropOp35
 70
     1
102
RTVSPost2010Prop36
280
     0
102
RTVSPost2010PropOp36
 70
     1
102
RTVSPost2010Prop37
 90
       50
102
RTVSPost2010PropOp37
 70
     1
102
RTVSPost2010Prop38
140
0.0
102
RTVSPost2010PropOp38
 70
     1
102
RTVSPost2010Prop39
140
1.0
102
RTVSPost2010PropOp39
 70
     1
102
RTVSPost2010Prop40
 90
        0
102
RTVSPost2010PropOp40
 70
     1
102
RTVSPost2010Prop41ColorIndex
 90
       18
102
RTVSPost2010Prop41ColorRGB
 90
        0
102
RTVSPost2010PropOp41
 70
     1
102
RTVSPost2010Prop42
 90
       50
102
RTVSPost2010PropOp42
 70
     1
102
RTVSPost2010Prop43
 90
        3
102
RTVSPost2010PropOp43
 70
     1
102
RTVSPost2010Prop44ColorIndex
 90
        5
102
RTVSPost2010Prop44ColorRGB
 90
      255
102
RTVSPost2010PropOp44
 70
     1
102
RTVSPost2010Prop45
280
     0
102
RTVSPost2010PropOp45
 70
     1
102
RTVSPost2010Prop46
 90
       50
102
RTVSPost2010PropOp46
 70
     1
102
RTVSPost2010Prop47
 90
       50
102
RTVSPost2010PropOp47
 70
     1
102
RTVSPost2010Prop48
 90
       50
102
RTVSPost2010PropOp48
 70
     1
102
RTVSPost2010Prop49
280
     0
102
RTVSPost2010PropOp49
 70
     1
102
RTVSPost2010Prop50
 90
       50
102
RTVSPost2010PropOp50
 70
     1
102
RTVSPost2010Prop51ColorIndex
 90
      256
102
RTVSPost2010Prop51ColorRGB
 90
-16777216
102
RTVSPost2010PropOp51
 70
     0
102
RTVSPost2010Prop52
140
1.0
102
RTVSPost2010PropOp52
 70
     0
102
RTVSPost2010Prop53
 90
        0
102
RTVSPost2010PropOp53
 70
     1
102
RTVSPost2010Prop54
  1
strokes_ogs.tif
102
RTVSPost2010PropOp54
 70
     1
102
RTVSPost2010Prop55
280
     0
102
RTVSPost2010PropOp55
 70
     1
102
RTVSPost2010Prop56
140
1.0
102
RTVSPost2010PropOp56
 70
     1
102
RTVSPost2010Prop57
140
1.0
102
RTVSPost2010PropOp57
 70
     1
  0
XRECORD
  5
C1B
102
{ACAD_REACTORS
330
C1A
102
}
330
C1A
100
AcDbXrecord
280
     1
102
RTVSPost2010Prop28
280
     0
102
RTVSPost2010PropOp28
 70
     1
102
RTVSPost2010Prop29
280
     1
102
RTVSPost2010PropOp29
 70
     1
102
RTVSPost2010Prop30
280
     1
102
RTVSPost2010PropOp30
 70
     1
102
RTVSPost2010Prop31
280
     0
102
RTVSPost2010PropOp31
 70
     1
102
RTVSPost2010Prop32
280
     0
102
RTVSPost2010PropOp32
 70
     1
102
RTVSPost2010Prop33
280
     0
102
RTVSPost2010PropOp33
 70
     1
102
RTVSPost2010Prop34
280
     0
102
RTVSPost2010PropOp34
 70
     1
102
RTVSPost2010Prop35
280
     0
102
RTVSPost2010PropOp35
 70
     1
102
RTVSPost2010Prop36
280
     0
102
RTVSPost2010PropOp36
 70
     1
102
RTVSPost2010Prop37
 90
       50
102
RTVSPost2010PropOp37
 70
     1
102
RTVSPost2010Prop38
140
0.0
102
RTVSPost2010PropOp38
 70
     1
102
RTVSPost2010Prop39
140
1.0
102
RTVSPost2010PropOp39
 70
     1
102
RTVSPost2010Prop40
 90
        0
102
RTVSPost2010PropOp40
 70
     1
102
RTVSPost2010Prop41ColorIndex
 90
       18
102
RTVSPost2010Prop41ColorRGB
 90
        0
102
RTVSPost2010PropOp41
 70
     1
102
RTVSPost2010Prop42
 90
       50
102
RTVSPost2010PropOp42
 70
     1
102
RTVSPost2010Prop43
 90
        3
102
RTVSPost2010PropOp43
 70
     1
102
RTVSPost2010Prop44ColorIndex
 90
        5
102
RTVSPost2010Prop44ColorRGB
 90
      255
102
RTVSPost2010PropOp44
 70
     1
102
RTVSPost2010Prop45
280
     0
102
RTVSPost2010PropOp45
 70
     1
102
RTVSPost2010Prop46
 90
       50
102
RTVSPost2010PropOp46
 70
     1
102
RTVSPost2010Prop47
 90
       50
102
RTVSPost2010PropOp47
 70
     1
102
RTVSPost2010Prop48
 90
       50
102
RTVSPost2010PropOp48
 70
     1
102
RTVSPost2010Prop49
280
     0
102
RTVSPost2010PropOp49
 70
     1
102
RTVSPost2010Prop50
 90
       50
102
RTVSPost2010PropOp50
 70
     1
102
RTVSPost2010Prop51ColorIndex
 90
      256
102
RTVSPost2010Prop51ColorRGB
 90
-16777216
102
RTVSPost2010PropOp51
 70
     0
102
RTVSPost2010Prop52
140
1.0
102
RTVSPost2010PropOp52
 70
     0
102
RTVSPost2010Prop53
 90
        0
102
RTVSPost2010PropOp53
 70
     1
102
RTVSPost2010Prop54
  1
strokes_ogs.tif
102
RTVSPost2010PropOp54
 70
     1
102
RTVSPost2010Prop55
280
     0
102
RTVSPost2010PropOp55
 70
     1
102
RTVSPost2010Prop56
140
1.0
102
RTVSPost2010PropOp56
 70
     1
102
RTVSPost2010Prop57
140
1.0
102
RTVSPost2010PropOp57
 70
     1
  0
XRECORD
  5
C1F
102
{ACAD_REACTORS
330
C1E
102
}
330
C1E
100
AcDbXrecord
280
     1
102
RTVSPost2010Prop28
280
     0
102
RTVSPost2010PropOp28
 70
     1
102
RTVSPost2010Prop29
280
     1
102
RTVSPost2010PropOp29
 70
     1
102
RTVSPost2010Prop30
280
     1
102
RTVSPost2010PropOp30
 70
     1
102
RTVSPost2010Prop31
280
     0
102
RTVSPost2010PropOp31
 70
     1
102
RTVSPost2010Prop32
280
     0
102
RTVSPost2010PropOp32
 70
     1
102
RTVSPost2010Prop33
280
     0
102
RTVSPost2010PropOp33
 70
     1
102
RTVSPost2010Prop34
280
     0
102
RTVSPost2010PropOp34
 70
     1
102
RTVSPost2010Prop35
280
     0
102
RTVSPost2010PropOp35
 70
     1
102
RTVSPost2010Prop36
280
     0
102
RTVSPost2010PropOp36
 70
     1
102
RTVSPost2010Prop37
 90
       50
102
RTVSPost2010PropOp37
 70
     1
102
RTVSPost2010Prop38
140
0.0
102
RTVSPost2010PropOp38
 70
     1
102
RTVSPost2010Prop39
140
1.0
102
RTVSPost2010PropOp39
 70
     1
102
RTVSPost2010Prop40
 90
        0
102
RTVSPost2010PropOp40
 70
     1
102
RTVSPost2010Prop41ColorIndex
 90
       18
102
RTVSPost2010Prop41ColorRGB
 90
        0
102
RTVSPost2010PropOp41
 70
     1
102
RTVSPost2010Prop42
 90
       50
102
RTVSPost2010PropOp42
 70
     1
102
RTVSPost2010Prop43
 90
        3
102
RTVSPost2010PropOp43
 70
     1
102
RTVSPost2010Prop44ColorIndex
 90
        5
102
RTVSPost2010Prop44ColorRGB
 90
      255
102
RTVSPost2010PropOp44
 70
     1
102
RTVSPost2010Prop45
280
     0
102
RTVSPost2010PropOp45
 70
     1
102
RTVSPost2010Prop46
 90
       50
102
RTVSPost2010PropOp46
 70
     1
102
RTVSPost2010Prop47
 90
       50
102
RTVSPost2010PropOp47
 70
     1
102
RTVSPost2010Prop48
 90
       50
102
RTVSPost2010PropOp48
 70
     1
102
RTVSPost2010Prop49
280
     0
102
RTVSPost2010PropOp49
 70
     1
102
RTVSPost2010Prop50
 90
       50
102
RTVSPost2010PropOp50
 70
     1
102
RTVSPost2010Prop51ColorIndex
 90
      256
102
RTVSPost2010Prop51ColorRGB
 90
-16777216
102
RTVSPost2010PropOp51
 70
     0
102
RTVSPost2010Prop52
140
1.0
102
RTVSPost2010PropOp52
 70
     0
102
RTVSPost2010Prop53
 90
        0
102
RTVSPost2010PropOp53
 70
     1
102
RTVSPost2010Prop54
  1
strokes_ogs.tif
102
RTVSPost2010PropOp54
 70
     1
102
RTVSPost2010Prop55
280
     0
102
RTVSPost2010PropOp55
 70
     1
102
RTVSPost2010Prop56
140
1.0
102
RTVSPost2010PropOp56
 70
     1
102
RTVSPost2010Prop57
140
1.0
102
RTVSPost2010PropOp57
 70
     1
  0
XRECORD
  5
C39
102
{ACAD_REACTORS
330
C38
102
}
330
C38
100
AcDbXrecord
280
     1
102
RTVSPost2010Prop28
280
     0
102
RTVSPost2010PropOp28
 70
     1
102
RTVSPost2010Prop29
280
     1
102
RTVSPost2010PropOp29
 70
     1
102
RTVSPost2010Prop30
280
     1
102
RTVSPost2010PropOp30
 70
     1
102
RTVSPost2010Prop31
280
     0
102
RTVSPost2010PropOp31
 70
     1
102
RTVSPost2010Prop32
280
     0
102
RTVSPost2010PropOp32
 70
     1
102
RTVSPost2010Prop33
280
     0
102
RTVSPost2010PropOp33
 70
     1
102
RTVSPost2010Prop34
280
     0
102
RTVSPost2010PropOp34
 70
     1
102
RTVSPost2010Prop35
280
     0
102
RTVSPost2010PropOp35
 70
     1
102
RTVSPost2010Prop36
280
     0
102
RTVSPost2010PropOp36
 70
     1
102
RTVSPost2010Prop37
 90
       50
102
RTVSPost2010PropOp37
 70
     1
102
RTVSPost2010Prop38
140
0.0
102
RTVSPost2010PropOp38
 70
     1
102
RTVSPost2010Prop39
140
1.0
102
RTVSPost2010PropOp39
 70
     1
102
RTVSPost2010Prop40
 90
        0
102
RTVSPost2010PropOp40
 70
     1
102
RTVSPost2010Prop41ColorIndex
 90
       18
102
RTVSPost2010Prop41ColorRGB
 90
        0
102
RTVSPost2010PropOp41
 70
     1
102
RTVSPost2010Prop42
 90
       50
102
RTVSPost2010PropOp42
 70
     1
102
RTVSPost2010Prop43
 90
        3
102
RTVSPost2010PropOp43
 70
     1
102
RTVSPost2010Prop44ColorIndex
 90
        5
102
RTVSPost2010Prop44ColorRGB
 90
      255
102
RTVSPost2010PropOp44
 70
     1
102
RTVSPost2010Prop45
280
     0
102
RTVSPost2010PropOp45
 70
     1
102
RTVSPost2010Prop46
 90
       50
102
RTVSPost2010PropOp46
 70
     1
102
RTVSPost2010Prop47
 90
       50
102
RTVSPost2010PropOp47
 70
     1
102
RTVSPost2010Prop48
 90
       50
102
RTVSPost2010PropOp48
 70
     1
102
RTVSPost2010Prop49
280
     0
102
RTVSPost2010PropOp49
 70
     1
102
RTVSPost2010Prop50
 90
       50
102
RTVSPost2010PropOp50
 70
     1
102
RTVSPost2010Prop51ColorIndex
 90
      256
102
RTVSPost2010Prop51ColorRGB
 90
-16777216
102
RTVSPost2010PropOp51
 70
     0
102
RTVSPost2010Prop52
140
1.0
102
RTVSPost2010PropOp52
 70
     0
102
RTVSPost2010Prop53
 90
        0
102
RTVSPost2010PropOp53
 70
     1
102
RTVSPost2010Prop54
  1
strokes_ogs.tif
102
RTVSPost2010PropOp54
 70
     1
102
RTVSPost2010Prop55
280
     0
102
RTVSPost2010PropOp55
 70
     1
102
RTVSPost2010Prop56
140
1.0
102
RTVSPost2010PropOp56
 70
     1
102
RTVSPost2010Prop57
140
1.0
102
RTVSPost2010PropOp57
 70
     1
  0
XRECORD
  5
C27
102
{ACAD_REACTORS
330
C26
102
}
330
C26
100
AcDbXrecord
280
     1
102
RTVSPost2010Prop28
280
     0
102
RTVSPost2010PropOp28
 70
     1
102
RTVSPost2010Prop29
280
     1
102
RTVSPost2010PropOp29
 70
     1
102
RTVSPost2010Prop30
280
     1
102
RTVSPost2010PropOp30
 70
     1
102
RTVSPost2010Prop31
280
     0
102
RTVSPost2010PropOp31
 70
     1
102
RTVSPost2010Prop32
280
     0
102
RTVSPost2010PropOp32
 70
     1
102
RTVSPost2010Prop33
280
     0
102
RTVSPost2010PropOp33
 70
     1
102
RTVSPost2010Prop34
280
     0
102
RTVSPost2010PropOp34
 70
     1
102
RTVSPost2010Prop35
280
     0
102
RTVSPost2010PropOp35
 70
     1
102
RTVSPost2010Prop36
280
     0
102
RTVSPost2010PropOp36
 70
     1
102
RTVSPost2010Prop37
 90
       50
102
RTVSPost2010PropOp37
 70
     1
102
RTVSPost2010Prop38
140
0.0
102
RTVSPost2010PropOp38
 70
     1
102
RTVSPost2010Prop39
140
1.0
102
RTVSPost2010PropOp39
 70
     1
102
RTVSPost2010Prop40
 90
        0
102
RTVSPost2010PropOp40
 70
     1
102
RTVSPost2010Prop41ColorIndex
 90
       18
102
RTVSPost2010Prop41ColorRGB
 90
        0
102
RTVSPost2010PropOp41
 70
     1
102
RTVSPost2010Prop42
 90
       50
102
RTVSPost2010PropOp42
 70
     1
102
RTVSPost2010Prop43
 90
        3
102
RTVSPost2010PropOp43
 70
     1
102
RTVSPost2010Prop44ColorIndex
 90
        5
102
RTVSPost2010Prop44ColorRGB
 90
      255
102
RTVSPost2010PropOp44
 70
     1
102
RTVSPost2010Prop45
280
     0
102
RTVSPost2010PropOp45
 70
     1
102
RTVSPost2010Prop46
 90
       50
102
RTVSPost2010PropOp46
 70
     1
102
RTVSPost2010Prop47
 90
       50
102
RTVSPost2010PropOp47
 70
     1
102
RTVSPost2010Prop48
 90
       50
102
RTVSPost2010PropOp48
 70
     1
102
RTVSPost2010Prop49
280
     0
102
RTVSPost2010PropOp49
 70
     1
102
RTVSPost2010Prop50
 90
       50
102
RTVSPost2010PropOp50
 70
     1
102
RTVSPost2010Prop51ColorIndex
 90
      256
102
RTVSPost2010Prop51ColorRGB
 90
-16777216
102
RTVSPost2010PropOp51
 70
     0
102
RTVSPost2010Prop52
140
1.0
102
RTVSPost2010PropOp52
 70
     0
102
RTVSPost2010Prop53
 90
        0
102
RTVSPost2010PropOp53
 70
     1
102
RTVSPost2010Prop54
  1
strokes_ogs.tif
102
RTVSPost2010PropOp54
 70
     1
102
RTVSPost2010Prop55
280
     0
102
RTVSPost2010PropOp55
 70
     1
102
RTVSPost2010Prop56
140
1.0
102
RTVSPost2010PropOp56
 70
     1
102
RTVSPost2010Prop57
140
1.0
102
RTVSPost2010PropOp57
 70
     1
  0
XRECORD
  5
C0B
102
{ACAD_REACTORS
330
C0A
102
}
330
C0A
100
AcDbXrecord
280
     1
102
RTVSPost2010Prop28
280
     0
102
RTVSPost2010PropOp28
 70
     1
102
RTVSPost2010Prop29
280
     1
102
RTVSPost2010PropOp29
 70
     1
102
RTVSPost2010Prop30
280
     1
102
RTVSPost2010PropOp30
 70
     1
102
RTVSPost2010Prop31
280
     0
102
RTVSPost2010PropOp31
 70
     1
102
RTVSPost2010Prop32
280
     0
102
RTVSPost2010PropOp32
 70
     1
102
RTVSPost2010Prop33
280
     0
102
RTVSPost2010PropOp33
 70
     1
102
RTVSPost2010Prop34
280
     0
102
RTVSPost2010PropOp34
 70
     1
102
RTVSPost2010Prop35
280
     0
102
RTVSPost2010PropOp35
 70
     1
102
RTVSPost2010Prop36
280
     0
102
RTVSPost2010PropOp36
 70
     1
102
RTVSPost2010Prop37
 90
       50
102
RTVSPost2010PropOp37
 70
     1
102
RTVSPost2010Prop38
140
0.0
102
RTVSPost2010PropOp38
 70
     1
102
RTVSPost2010Prop39
140
1.0
102
RTVSPost2010PropOp39
 70
     1
102
RTVSPost2010Prop40
 90
        0
102
RTVSPost2010PropOp40
 70
     1
102
RTVSPost2010Prop41ColorIndex
 90
       18
102
RTVSPost2010Prop41ColorRGB
 90
        0
102
RTVSPost2010PropOp41
 70
     1
102
RTVSPost2010Prop42
 90
       50
102
RTVSPost2010PropOp42
 70
     1
102
RTVSPost2010Prop43
 90
        3
102
RTVSPost2010PropOp43
 70
     1
102
RTVSPost2010Prop44ColorIndex
 90
        5
102
RTVSPost2010Prop44ColorRGB
 90
      255
102
RTVSPost2010PropOp44
 70
     1
102
RTVSPost2010Prop45
280
     0
102
RTVSPost2010PropOp45
 70
     1
102
RTVSPost2010Prop46
 90
       50
102
RTVSPost2010PropOp46
 70
     1
102
RTVSPost2010Prop47
 90
       50
102
RTVSPost2010PropOp47
 70
     1
102
RTVSPost2010Prop48
 90
       50
102
RTVSPost2010PropOp48
 70
     1
102
RTVSPost2010Prop49
280
     0
102
RTVSPost2010PropOp49
 70
     1
102
RTVSPost2010Prop50
 90
       50
102
RTVSPost2010PropOp50
 70
     1
102
RTVSPost2010Prop51ColorIndex
 90
      256
102
RTVSPost2010Prop51ColorRGB
 90
-16777216
102
RTVSPost2010PropOp51
 70
     0
102
RTVSPost2010Prop52
140
1.0
102
RTVSPost2010PropOp52
 70
     0
102
RTVSPost2010Prop53
 90
        0
102
RTVSPost2010PropOp53
 70
     1
102
RTVSPost2010Prop54
  1
strokes_ogs.tif
102
RTVSPost2010PropOp54
 70
     1
102
RTVSPost2010Prop55
280
     0
102
RTVSPost2010PropOp55
 70
     1
102
RTVSPost2010Prop56
140
1.0
102
RTVSPost2010PropOp56
 70
     1
102
RTVSPost2010Prop57
140
1.0
102
RTVSPost2010PropOp57
 70
     1
  0
XRECORD
  5
C0D
102
{ACAD_REACTORS
330
C0C
102
}
330
C0C
100
AcDbXrecord
280
     1
102
RTVSPost2010Prop28
280
     0
102
RTVSPost2010PropOp28
 70
     1
102
RTVSPost2010Prop29
280
     1
102
RTVSPost2010PropOp29
 70
     1
102
RTVSPost2010Prop30
280
     1
102
RTVSPost2010PropOp30
 70
     1
102
RTVSPost2010Prop31
280
     0
102
RTVSPost2010PropOp31
 70
     1
102
RTVSPost2010Prop32
280
     0
102
RTVSPost2010PropOp32
 70
     1
102
RTVSPost2010Prop33
280
     0
102
RTVSPost2010PropOp33
 70
     1
102
RTVSPost2010Prop34
280
     0
102
RTVSPost2010PropOp34
 70
     1
102
RTVSPost2010Prop35
280
     0
102
RTVSPost2010PropOp35
 70
     1
102
RTVSPost2010Prop36
280
     0
102
RTVSPost2010PropOp36
 70
     1
102
RTVSPost2010Prop37
 90
       50
102
RTVSPost2010PropOp37
 70
     1
102
RTVSPost2010Prop38
140
0.0
102
RTVSPost2010PropOp38
 70
     1
102
RTVSPost2010Prop39
140
1.0
102
RTVSPost2010PropOp39
 70
     1
102
RTVSPost2010Prop40
 90
        0
102
RTVSPost2010PropOp40
 70
     1
102
RTVSPost2010Prop41ColorIndex
 90
       18
102
RTVSPost2010Prop41ColorRGB
 90
        0
102
RTVSPost2010PropOp41
 70
     1
102
RTVSPost2010Prop42
 90
       50
102
RTVSPost2010PropOp42
 70
     1
102
RTVSPost2010Prop43
 90
        3
102
RTVSPost2010PropOp43
 70
     1
102
RTVSPost2010Prop44ColorIndex
 90
        5
102
RTVSPost2010Prop44ColorRGB
 90
      255
102
RTVSPost2010PropOp44
 70
     1
102
RTVSPost2010Prop45
280
     0
102
RTVSPost2010PropOp45
 70
     1
102
RTVSPost2010Prop46
 90
       50
102
RTVSPost2010PropOp46
 70
     1
102
RTVSPost2010Prop47
 90
       50
102
RTVSPost2010PropOp47
 70
     1
102
RTVSPost2010Prop48
 90
       50
102
RTVSPost2010PropOp48
 70
     1
102
RTVSPost2010Prop49
280
     0
102
RTVSPost2010PropOp49
 70
     1
102
RTVSPost2010Prop50
 90
       50
102
RTVSPost2010PropOp50
 70
     1
102
RTVSPost2010Prop51ColorIndex
 90
      256
102
RTVSPost2010Prop51ColorRGB
 90
-16777216
102
RTVSPost2010PropOp51
 70
     0
102
RTVSPost2010Prop52
140
1.0
102
RTVSPost2010PropOp52
 70
     0
102
RTVSPost2010Prop53
 90
        0
102
RTVSPost2010PropOp53
 70
     1
102
RTVSPost2010Prop54
  1
strokes_ogs.tif
102
RTVSPost2010PropOp54
 70
     1
102
RTVSPost2010Prop55
280
     0
102
RTVSPost2010PropOp55
 70
     1
102
RTVSPost2010Prop56
140
1.0
102
RTVSPost2010PropOp56
 70
     1
102
RTVSPost2010Prop57
140
1.0
102
RTVSPost2010PropOp57
 70
     1
  0
XRECORD
  5
C0F
102
{ACAD_REACTORS
330
C0E
102
}
330
C0E
100
AcDbXrecord
280
     1
102
RTVSPost2010Prop28
280
     0
102
RTVSPost2010PropOp28
 70
     1
102
RTVSPost2010Prop29
280
     1
102
RTVSPost2010PropOp29
 70
     1
102
RTVSPost2010Prop30
280
     1
102
RTVSPost2010PropOp30
 70
     1
102
RTVSPost2010Prop31
280
     0
102
RTVSPost2010PropOp31
 70
     1
102
RTVSPost2010Prop32
280
     0
102
RTVSPost2010PropOp32
 70
     1
102
RTVSPost2010Prop33
280
     0
102
RTVSPost2010PropOp33
 70
     1
102
RTVSPost2010Prop34
280
     0
102
RTVSPost2010PropOp34
 70
     1
102
RTVSPost2010Prop35
280
     0
102
RTVSPost2010PropOp35
 70
     1
102
RTVSPost2010Prop36
280
     0
102
RTVSPost2010PropOp36
 70
     1
102
RTVSPost2010Prop37
 90
       50
102
RTVSPost2010PropOp37
 70
     1
102
RTVSPost2010Prop38
140
0.0
102
RTVSPost2010PropOp38
 70
     1
102
RTVSPost2010Prop39
140
1.0
102
RTVSPost2010PropOp39
 70
     1
102
RTVSPost2010Prop40
 90
        0
102
RTVSPost2010PropOp40
 70
     1
102
RTVSPost2010Prop41ColorIndex
 90
       18
102
RTVSPost2010Prop41ColorRGB
 90
        0
102
RTVSPost2010PropOp41
 70
     1
102
RTVSPost2010Prop42
 90
       50
102
RTVSPost2010PropOp42
 70
     1
102
RTVSPost2010Prop43
 90
        3
102
RTVSPost2010PropOp43
 70
     1
102
RTVSPost2010Prop44ColorIndex
 90
        5
102
RTVSPost2010Prop44ColorRGB
 90
      255
102
RTVSPost2010PropOp44
 70
     1
102
RTVSPost2010Prop45
280
     0
102
RTVSPost2010PropOp45
 70
     1
102
RTVSPost2010Prop46
 90
       50
102
RTVSPost2010PropOp46
 70
     1
102
RTVSPost2010Prop47
 90
       50
102
RTVSPost2010PropOp47
 70
     1
102
RTVSPost2010Prop48
 90
       50
102
RTVSPost2010PropOp48
 70
     1
102
RTVSPost2010Prop49
280
     0
102
RTVSPost2010PropOp49
 70
     1
102
RTVSPost2010Prop50
 90
       50
102
RTVSPost2010PropOp50
 70
     1
102
RTVSPost2010Prop51ColorIndex
 90
      256
102
RTVSPost2010Prop51ColorRGB
 90
-16777216
102
RTVSPost2010PropOp51
 70
     0
102
RTVSPost2010Prop52
140
1.0
102
RTVSPost2010PropOp52
 70
     0
102
RTVSPost2010Prop53
 90
        0
102
RTVSPost2010PropOp53
 70
     1
102
RTVSPost2010Prop54
  1
strokes_ogs.tif
102
RTVSPost2010PropOp54
 70
     1
102
RTVSPost2010Prop55
280
     0
102
RTVSPost2010PropOp55
 70
     1
102
RTVSPost2010Prop56
140
1.0
102
RTVSPost2010PropOp56
 70
     1
102
RTVSPost2010Prop57
140
1.0
102
RTVSPost2010PropOp57
 70
     1
  0
XRECORD
  5
C11
102
{ACAD_REACTORS
330
C10
102
}
330
C10
100
AcDbXrecord
280
     1
102
RTVSPost2010Prop28
280
     0
102
RTVSPost2010PropOp28
 70
     1
102
RTVSPost2010Prop29
280
     1
102
RTVSPost2010PropOp29
 70
     1
102
RTVSPost2010Prop30
280
     1
102
RTVSPost2010PropOp30
 70
     1
102
RTVSPost2010Prop31
280
     0
102
RTVSPost2010PropOp31
 70
     1
102
RTVSPost2010Prop32
280
     0
102
RTVSPost2010PropOp32
 70
     1
102
RTVSPost2010Prop33
280
     0
102
RTVSPost2010PropOp33
 70
     1
102
RTVSPost2010Prop34
280
     0
102
RTVSPost2010PropOp34
 70
     1
102
RTVSPost2010Prop35
280
     0
102
RTVSPost2010PropOp35
 70
     1
102
RTVSPost2010Prop36
280
     0
102
RTVSPost2010PropOp36
 70
     1
102
RTVSPost2010Prop37
 90
       50
102
RTVSPost2010PropOp37
 70
     1
102
RTVSPost2010Prop38
140
0.0
102
RTVSPost2010PropOp38
 70
     1
102
RTVSPost2010Prop39
140
1.0
102
RTVSPost2010PropOp39
 70
     1
102
RTVSPost2010Prop40
 90
        0
102
RTVSPost2010PropOp40
 70
     1
102
RTVSPost2010Prop41ColorIndex
 90
       18
102
RTVSPost2010Prop41ColorRGB
 90
        0
102
RTVSPost2010PropOp41
 70
     1
102
RTVSPost2010Prop42
 90
       50
102
RTVSPost2010PropOp42
 70
     1
102
RTVSPost2010Prop43
 90
        3
102
RTVSPost2010PropOp43
 70
     1
102
RTVSPost2010Prop44ColorIndex
 90
        5
102
RTVSPost2010Prop44ColorRGB
 90
      255
102
RTVSPost2010PropOp44
 70
     1
102
RTVSPost2010Prop45
280
     0
102
RTVSPost2010PropOp45
 70
     1
102
RTVSPost2010Prop46
 90
       50
102
RTVSPost2010PropOp46
 70
     1
102
RTVSPost2010Prop47
 90
       50
102
RTVSPost2010PropOp47
 70
     1
102
RTVSPost2010Prop48
 90
       50
102
RTVSPost2010PropOp48
 70
     1
102
RTVSPost2010Prop49
280
     0
102
RTVSPost2010PropOp49
 70
     1
102
RTVSPost2010Prop50
 90
       50
102
RTVSPost2010PropOp50
 70
     1
102
RTVSPost2010Prop51ColorIndex
 90
      256
102
RTVSPost2010Prop51ColorRGB
 90
-16777216
102
RTVSPost2010PropOp51
 70
     0
102
RTVSPost2010Prop52
140
1.0
102
RTVSPost2010PropOp52
 70
     0
102
RTVSPost2010Prop53
 90
        0
102
RTVSPost2010PropOp53
 70
     1
102
RTVSPost2010Prop54
  1
strokes_ogs.tif
102
RTVSPost2010PropOp54
 70
     1
102
RTVSPost2010Prop55
280
     0
102
RTVSPost2010PropOp55
 70
     1
102
RTVSPost2010Prop56
140
1.0
102
RTVSPost2010PropOp56
 70
     1
102
RTVSPost2010Prop57
140
1.0
102
RTVSPost2010PropOp57
 70
     1
  0
XRECORD
  5
C19
102
{ACAD_REACTORS
330
C18
102
}
330
C18
100
AcDbXrecord
280
     1
102
RTVSPost2010Prop28
280
     0
102
RTVSPost2010PropOp28
 70
     1
102
RTVSPost2010Prop29
280
     1
102
RTVSPost2010PropOp29
 70
     1
102
RTVSPost2010Prop30
280
     1
102
RTVSPost2010PropOp30
 70
     1
102
RTVSPost2010Prop31
280
     0
102
RTVSPost2010PropOp31
 70
     1
102
RTVSPost2010Prop32
280
     0
102
RTVSPost2010PropOp32
 70
     1
102
RTVSPost2010Prop33
280
     0
102
RTVSPost2010PropOp33
 70
     1
102
RTVSPost2010Prop34
280
     0
102
RTVSPost2010PropOp34
 70
     1
102
RTVSPost2010Prop35
280
     0
102
RTVSPost2010PropOp35
 70
     1
102
RTVSPost2010Prop36
280
     0
102
RTVSPost2010PropOp36
 70
     1
102
RTVSPost2010Prop37
 90
       50
102
RTVSPost2010PropOp37
 70
     1
102
RTVSPost2010Prop38
140
0.0
102
RTVSPost2010PropOp38
 70
     1
102
RTVSPost2010Prop39
140
1.0
102
RTVSPost2010PropOp39
 70
     1
102
RTVSPost2010Prop40
 90
        0
102
RTVSPost2010PropOp40
 70
     1
102
RTVSPost2010Prop41ColorIndex
 90
       18
102
RTVSPost2010Prop41ColorRGB
 90
        0
102
RTVSPost2010PropOp41
 70
     1
102
RTVSPost2010Prop42
 90
       50
102
RTVSPost2010PropOp42
 70
     1
102
RTVSPost2010Prop43
 90
        3
102
RTVSPost2010PropOp43
 70
     1
102
RTVSPost2010Prop44ColorIndex
 90
        5
102
RTVSPost2010Prop44ColorRGB
 90
      255
102
RTVSPost2010PropOp44
 70
     1
102
RTVSPost2010Prop45
280
     0
102
RTVSPost2010PropOp45
 70
     1
102
RTVSPost2010Prop46
 90
       50
102
RTVSPost2010PropOp46
 70
     1
102
RTVSPost2010Prop47
 90
       50
102
RTVSPost2010PropOp47
 70
     1
102
RTVSPost2010Prop48
 90
       50
102
RTVSPost2010PropOp48
 70
     1
102
RTVSPost2010Prop49
280
     0
102
RTVSPost2010PropOp49
 70
     1
102
RTVSPost2010Prop50
 90
       50
102
RTVSPost2010PropOp50
 70
     1
102
RTVSPost2010Prop51ColorIndex
 90
      256
102
RTVSPost2010Prop51ColorRGB
 90
-16777216
102
RTVSPost2010PropOp51
 70
     0
102
RTVSPost2010Prop52
140
1.0
102
RTVSPost2010PropOp52
 70
     0
102
RTVSPost2010Prop53
 90
        0
102
RTVSPost2010PropOp53
 70
     1
102
RTVSPost2010Prop54
  1
strokes_ogs.tif
102
RTVSPost2010PropOp54
 70
     1
102
RTVSPost2010Prop55
280
     0
102
RTVSPost2010PropOp55
 70
     1
102
RTVSPost2010Prop56
140
1.0
102
RTVSPost2010PropOp56
 70
     1
102
RTVSPost2010Prop57
140
1.0
102
RTVSPost2010PropOp57
 70
     1
  0
XRECORD
  5
C35
102
{ACAD_REACTORS
330
C34
102
}
330
C34
100
AcDbXrecord
280
     1
102
RTVSPost2010Prop28
280
     0
102
RTVSPost2010PropOp28
 70
     1
102
RTVSPost2010Prop29
280
     1
102
RTVSPost2010PropOp29
 70
     1
102
RTVSPost2010Prop30
280
     1
102
RTVSPost2010PropOp30
 70
     1
102
RTVSPost2010Prop31
280
     0
102
RTVSPost2010PropOp31
 70
     1
102
RTVSPost2010Prop32
280
     0
102
RTVSPost2010PropOp32
 70
     1
102
RTVSPost2010Prop33
280
     0
102
RTVSPost2010PropOp33
 70
     1
102
RTVSPost2010Prop34
280
     0
102
RTVSPost2010PropOp34
 70
     1
102
RTVSPost2010Prop35
280
     0
102
RTVSPost2010PropOp35
 70
     1
102
RTVSPost2010Prop36
280
     0
102
RTVSPost2010PropOp36
 70
     1
102
RTVSPost2010Prop37
 90
       50
102
RTVSPost2010PropOp37
 70
     1
102
RTVSPost2010Prop38
140
0.0
102
RTVSPost2010PropOp38
 70
     1
102
RTVSPost2010Prop39
140
1.0
102
RTVSPost2010PropOp39
 70
     1
102
RTVSPost2010Prop40
 90
        0
102
RTVSPost2010PropOp40
 70
     1
102
RTVSPost2010Prop41ColorIndex
 90
       18
102
RTVSPost2010Prop41ColorRGB
 90
        0
102
RTVSPost2010PropOp41
 70
     1
102
RTVSPost2010Prop42
 90
       50
102
RTVSPost2010PropOp42
 70
     1
102
RTVSPost2010Prop43
 90
        3
102
RTVSPost2010PropOp43
 70
     1
102
RTVSPost2010Prop44ColorIndex
 90
        5
102
RTVSPost2010Prop44ColorRGB
 90
      255
102
RTVSPost2010PropOp44
 70
     1
102
RTVSPost2010Prop45
280
     0
102
RTVSPost2010PropOp45
 70
     1
102
RTVSPost2010Prop46
 90
       50
102
RTVSPost2010PropOp46
 70
     1
102
RTVSPost2010Prop47
 90
       50
102
RTVSPost2010PropOp47
 70
     1
102
RTVSPost2010Prop48
 90
       50
102
RTVSPost2010PropOp48
 70
     1
102
RTVSPost2010Prop49
280
     0
102
RTVSPost2010PropOp49
 70
     1
102
RTVSPost2010Prop50
 90
       50
102
RTVSPost2010PropOp50
 70
     1
102
RTVSPost2010Prop51ColorIndex
 90
      256
102
RTVSPost2010Prop51ColorRGB
 90
-16777216
102
RTVSPost2010PropOp51
 70
     0
102
RTVSPost2010Prop52
140
1.0
102
RTVSPost2010PropOp52
 70
     0
102
RTVSPost2010Prop53
 90
        0
102
RTVSPost2010PropOp53
 70
     1
102
RTVSPost2010Prop54
  1
strokes_ogs.tif
102
RTVSPost2010PropOp54
 70
     1
102
RTVSPost2010Prop55
280
     0
102
RTVSPost2010PropOp55
 70
     1
102
RTVSPost2010Prop56
140
1.0
102
RTVSPost2010PropOp56
 70
     1
102
RTVSPost2010Prop57
140
1.0
102
RTVSPost2010PropOp57
 70
     1
  0
XRECORD
  5
C25
102
{ACAD_REACTORS
330
C24
102
}
330
C24
100
AcDbXrecord
280
     1
102
RTVSPost2010Prop28
280
     0
102
RTVSPost2010PropOp28
 70
     1
102
RTVSPost2010Prop29
280
     1
102
RTVSPost2010PropOp29
 70
     1
102
RTVSPost2010Prop30
280
     1
102
RTVSPost2010PropOp30
 70
     1
102
RTVSPost2010Prop31
280
     0
102
RTVSPost2010PropOp31
 70
     1
102
RTVSPost2010Prop32
280
     0
102
RTVSPost2010PropOp32
 70
     1
102
RTVSPost2010Prop33
280
     0
102
RTVSPost2010PropOp33
 70
     1
102
RTVSPost2010Prop34
280
     0
102
RTVSPost2010PropOp34
 70
     1
102
RTVSPost2010Prop35
280
     0
102
RTVSPost2010PropOp35
 70
     1
102
RTVSPost2010Prop36
280
     0
102
RTVSPost2010PropOp36
 70
     1
102
RTVSPost2010Prop37
 90
       50
102
RTVSPost2010PropOp37
 70
     1
102
RTVSPost2010Prop38
140
0.0
102
RTVSPost2010PropOp38
 70
     1
102
RTVSPost2010Prop39
140
1.0
102
RTVSPost2010PropOp39
 70
     1
102
RTVSPost2010Prop40
 90
        0
102
RTVSPost2010PropOp40
 70
     1
102
RTVSPost2010Prop41ColorIndex
 90
       18
102
RTVSPost2010Prop41ColorRGB
 90
        0
102
RTVSPost2010PropOp41
 70
     1
102
RTVSPost2010Prop42
 90
       50
102
RTVSPost2010PropOp42
 70
     1
102
RTVSPost2010Prop43
 90
        3
102
RTVSPost2010PropOp43
 70
     1
102
RTVSPost2010Prop44ColorIndex
 90
        5
102
RTVSPost2010Prop44ColorRGB
 90
      255
102
RTVSPost2010PropOp44
 70
     1
102
RTVSPost2010Prop45
280
     0
102
RTVSPost2010PropOp45
 70
     1
102
RTVSPost2010Prop46
 90
       50
102
RTVSPost2010PropOp46
 70
     1
102
RTVSPost2010Prop47
 90
       50
102
RTVSPost2010PropOp47
 70
     1
102
RTVSPost2010Prop48
 90
       50
102
RTVSPost2010PropOp48
 70
     1
102
RTVSPost2010Prop49
280
     0
102
RTVSPost2010PropOp49
 70
     1
102
RTVSPost2010Prop50
 90
       50
102
RTVSPost2010PropOp50
 70
     1
102
RTVSPost2010Prop51ColorIndex
 90
      256
102
RTVSPost2010Prop51ColorRGB
 90
-16777216
102
RTVSPost2010PropOp51
 70
     0
102
RTVSPost2010Prop52
140
1.0
102
RTVSPost2010PropOp52
 70
     0
102
RTVSPost2010Prop53
 90
        0
102
RTVSPost2010PropOp53
 70
     1
102
RTVSPost2010Prop54
  1
strokes_ogs.tif
102
RTVSPost2010PropOp54
 70
     1
102
RTVSPost2010Prop55
280
     0
102
RTVSPost2010PropOp55
 70
     1
102
RTVSPost2010Prop56
140
1.0
102
RTVSPost2010PropOp56
 70
     1
102
RTVSPost2010Prop57
140
1.0
102
RTVSPost2010PropOp57
 70
     1
  0
XRECORD
  5
C37
102
{ACAD_REACTORS
330
C36
102
}
330
C36
100
AcDbXrecord
280
     1
102
RTVSPost2010Prop28
280
     0
102
RTVSPost2010PropOp28
 70
     1
102
RTVSPost2010Prop29
280
     1
102
RTVSPost2010PropOp29
 70
     1
102
RTVSPost2010Prop30
280
     1
102
RTVSPost2010PropOp30
 70
     1
102
RTVSPost2010Prop31
280
     0
102
RTVSPost2010PropOp31
 70
     1
102
RTVSPost2010Prop32
280
     0
102
RTVSPost2010PropOp32
 70
     1
102
RTVSPost2010Prop33
280
     0
102
RTVSPost2010PropOp33
 70
     1
102
RTVSPost2010Prop34
280
     0
102
RTVSPost2010PropOp34
 70
     1
102
RTVSPost2010Prop35
280
     0
102
RTVSPost2010PropOp35
 70
     1
102
RTVSPost2010Prop36
280
     0
102
RTVSPost2010PropOp36
 70
     1
102
RTVSPost2010Prop37
 90
       50
102
RTVSPost2010PropOp37
 70
     1
102
RTVSPost2010Prop38
140
0.0
102
RTVSPost2010PropOp38
 70
     1
102
RTVSPost2010Prop39
140
1.0
102
RTVSPost2010PropOp39
 70
     1
102
RTVSPost2010Prop40
 90
        0
102
RTVSPost2010PropOp40
 70
     1
102
RTVSPost2010Prop41ColorIndex
 90
       18
102
RTVSPost2010Prop41ColorRGB
 90
        0
102
RTVSPost2010PropOp41
 70
     1
102
RTVSPost2010Prop42
 90
       50
102
RTVSPost2010PropOp42
 70
     1
102
RTVSPost2010Prop43
 90
        3
102
RTVSPost2010PropOp43
 70
     1
102
RTVSPost2010Prop44ColorIndex
 90
        5
102
RTVSPost2010Prop44ColorRGB
 90
      255
102
RTVSPost2010PropOp44
 70
     1
102
RTVSPost2010Prop45
280
     0
102
RTVSPost2010PropOp45
 70
     1
102
RTVSPost2010Prop46
 90
       50
102
RTVSPost2010PropOp46
 70
     1
102
RTVSPost2010Prop47
 90
       50
102
RTVSPost2010PropOp47
 70
     1
102
RTVSPost2010Prop48
 90
       50
102
RTVSPost2010PropOp48
 70
     1
102
RTVSPost2010Prop49
280
     0
102
RTVSPost2010PropOp49
 70
     1
102
RTVSPost2010Prop50
 90
       50
102
RTVSPost2010PropOp50
 70
     1
102
RTVSPost2010Prop51ColorIndex
 90
      256
102
RTVSPost2010Prop51ColorRGB
 90
-16777216
102
RTVSPost2010PropOp51
 70
     0
102
RTVSPost2010Prop52
140
1.0
102
RTVSPost2010PropOp52
 70
     0
102
RTVSPost2010Prop53
 90
        0
102
RTVSPost2010PropOp53
 70
     1
102
RTVSPost2010Prop54
  1
strokes_ogs.tif
102
RTVSPost2010PropOp54
 70
     1
102
RTVSPost2010Prop55
280
     0
102
RTVSPost2010PropOp55
 70
     1
102
RTVSPost2010Prop56
140
1.0
102
RTVSPost2010PropOp56
 70
     1
102
RTVSPost2010Prop57
140
1.0
102
RTVSPost2010PropOp57
 70
     1
  0
XRECORD
  5
C1D
102
{ACAD_REACTORS
330
C1C
102
}
330
C1C
100
AcDbXrecord
280
     1
102
RTVSPost2010Prop28
280
     0
102
RTVSPost2010PropOp28
 70
     1
102
RTVSPost2010Prop29
280
     1
102
RTVSPost2010PropOp29
 70
     1
102
RTVSPost2010Prop30
280
     1
102
RTVSPost2010PropOp30
 70
     1
102
RTVSPost2010Prop31
280
     0
102
RTVSPost2010PropOp31
 70
     1
102
RTVSPost2010Prop32
280
     0
102
RTVSPost2010PropOp32
 70
     1
102
RTVSPost2010Prop33
280
     0
102
RTVSPost2010PropOp33
 70
     1
102
RTVSPost2010Prop34
280
     0
102
RTVSPost2010PropOp34
 70
     1
102
RTVSPost2010Prop35
280
     0
102
RTVSPost2010PropOp35
 70
     1
102
RTVSPost2010Prop36
280
     0
102
RTVSPost2010PropOp36
 70
     1
102
RTVSPost2010Prop37
 90
       50
102
RTVSPost2010PropOp37
 70
     1
102
RTVSPost2010Prop38
140
0.0
102
RTVSPost2010PropOp38
 70
     1
102
RTVSPost2010Prop39
140
1.0
102
RTVSPost2010PropOp39
 70
     1
102
RTVSPost2010Prop40
 90
        0
102
RTVSPost2010PropOp40
 70
     1
102
RTVSPost2010Prop41ColorIndex
 90
       18
102
RTVSPost2010Prop41ColorRGB
 90
        0
102
RTVSPost2010PropOp41
 70
     1
102
RTVSPost2010Prop42
 90
       50
102
RTVSPost2010PropOp42
 70
     1
102
RTVSPost2010Prop43
 90
        3
102
RTVSPost2010PropOp43
 70
     1
102
RTVSPost2010Prop44ColorIndex
 90
        5
102
RTVSPost2010Prop44ColorRGB
 90
      255
102
RTVSPost2010PropOp44
 70
     1
102
RTVSPost2010Prop45
280
     0
102
RTVSPost2010PropOp45
 70
     1
102
RTVSPost2010Prop46
 90
       50
102
RTVSPost2010PropOp46
 70
     1
102
RTVSPost2010Prop47
 90
       50
102
RTVSPost2010PropOp47
 70
     1
102
RTVSPost2010Prop48
 90
       50
102
RTVSPost2010PropOp48
 70
     1
102
RTVSPost2010Prop49
280
     0
102
RTVSPost2010PropOp49
 70
     1
102
RTVSPost2010Prop50
 90
       50
102
RTVSPost2010PropOp50
 70
     1
102
RTVSPost2010Prop51ColorIndex
 90
      256
102
RTVSPost2010Prop51ColorRGB
 90
-16777216
102
RTVSPost2010PropOp51
 70
     0
102
RTVSPost2010Prop52
140
1.0
102
RTVSPost2010PropOp52
 70
     0
102
RTVSPost2010Prop53
 90
        0
102
RTVSPost2010PropOp53
 70
     1
102
RTVSPost2010Prop54
  1
strokes_ogs.tif
102
RTVSPost2010PropOp54
 70
     1
102
RTVSPost2010Prop55
280
     0
102
RTVSPost2010PropOp55
 70
     1
102
RTVSPost2010Prop56
140
1.0
102
RTVSPost2010PropOp56
 70
     1
102
RTVSPost2010Prop57
140
1.0
102
RTVSPost2010PropOp57
 70
     1
  0
XRECORD
  5
C33
102
{ACAD_REACTORS
330
C32
102
}
330
C32
100
AcDbXrecord
280
     1
102
RTVSPost2010Prop28
280
     0
102
RTVSPost2010PropOp28
 70
     1
102
RTVSPost2010Prop29
280
     1
102
RTVSPost2010PropOp29
 70
     1
102
RTVSPost2010Prop30
280
     1
102
RTVSPost2010PropOp30
 70
     1
102
RTVSPost2010Prop31
280
     0
102
RTVSPost2010PropOp31
 70
     1
102
RTVSPost2010Prop32
280
     0
102
RTVSPost2010PropOp32
 70
     1
102
RTVSPost2010Prop33
280
     0
102
RTVSPost2010PropOp33
 70
     1
102
RTVSPost2010Prop34
280
     0
102
RTVSPost2010PropOp34
 70
     1
102
RTVSPost2010Prop35
280
     0
102
RTVSPost2010PropOp35
 70
     1
102
RTVSPost2010Prop36
280
     0
102
RTVSPost2010PropOp36
 70
     1
102
RTVSPost2010Prop37
 90
       50
102
RTVSPost2010PropOp37
 70
     1
102
RTVSPost2010Prop38
140
0.0
102
RTVSPost2010PropOp38
 70
     1
102
RTVSPost2010Prop39
140
1.0
102
RTVSPost2010PropOp39
 70
     1
102
RTVSPost2010Prop40
 90
        0
102
RTVSPost2010PropOp40
 70
     1
102
RTVSPost2010Prop41ColorIndex
 90
       18
102
RTVSPost2010Prop41ColorRGB
 90
        0
102
RTVSPost2010PropOp41
 70
     1
102
RTVSPost2010Prop42
 90
       50
102
RTVSPost2010PropOp42
 70
     1
102
RTVSPost2010Prop43
 90
        3
102
RTVSPost2010PropOp43
 70
     1
102
RTVSPost2010Prop44ColorIndex
 90
        5
102
RTVSPost2010Prop44ColorRGB
 90
      255
102
RTVSPost2010PropOp44
 70
     1
102
RTVSPost2010Prop45
280
     0
102
RTVSPost2010PropOp45
 70
     1
102
RTVSPost2010Prop46
 90
       50
102
RTVSPost2010PropOp46
 70
     1
102
RTVSPost2010Prop47
 90
       50
102
RTVSPost2010PropOp47
 70
     1
102
RTVSPost2010Prop48
 90
       50
102
RTVSPost2010PropOp48
 70
     1
102
RTVSPost2010Prop49
280
     0
102
RTVSPost2010PropOp49
 70
     1
102
RTVSPost2010Prop50
 90
       50
102
RTVSPost2010PropOp50
 70
     1
102
RTVSPost2010Prop51ColorIndex
 90
      256
102
RTVSPost2010Prop51ColorRGB
 90
-16777216
102
RTVSPost2010PropOp51
 70
     0
102
RTVSPost2010Prop52
140
1.0
102
RTVSPost2010PropOp52
 70
     0
102
RTVSPost2010Prop53
 90
        0
102
RTVSPost2010PropOp53
 70
     1
102
RTVSPost2010Prop54
  1
strokes_ogs.tif
102
RTVSPost2010PropOp54
 70
     1
102
RTVSPost2010Prop55
280
     0
102
RTVSPost2010PropOp55
 70
     1
102
RTVSPost2010Prop56
140
1.0
102
RTVSPost2010PropOp56
 70
     1
102
RTVSPost2010Prop57
140
1.0
102
RTVSPost2010PropOp57
 70
     1
  0
XRECORD
  5
C31
102
{ACAD_REACTORS
330
C30
102
}
330
C30
100
AcDbXrecord
280
     1
102
RTVSPost2010Prop28
280
     0
102
RTVSPost2010PropOp28
 70
     1
102
RTVSPost2010Prop29
280
     1
102
RTVSPost2010PropOp29
 70
     1
102
RTVSPost2010Prop30
280
     1
102
RTVSPost2010PropOp30
 70
     1
102
RTVSPost2010Prop31
280
     0
102
RTVSPost2010PropOp31
 70
     1
102
RTVSPost2010Prop32
280
     0
102
RTVSPost2010PropOp32
 70
     1
102
RTVSPost2010Prop33
280
     0
102
RTVSPost2010PropOp33
 70
     1
102
RTVSPost2010Prop34
280
     0
102
RTVSPost2010PropOp34
 70
     1
102
RTVSPost2010Prop35
280
     0
102
RTVSPost2010PropOp35
 70
     1
102
RTVSPost2010Prop36
280
     0
102
RTVSPost2010PropOp36
 70
     1
102
RTVSPost2010Prop37
 90
       50
102
RTVSPost2010PropOp37
 70
     1
102
RTVSPost2010Prop38
140
0.0
102
RTVSPost2010PropOp38
 70
     1
102
RTVSPost2010Prop39
140
1.0
102
RTVSPost2010PropOp39
 70
     1
102
RTVSPost2010Prop40
 90
        0
102
RTVSPost2010PropOp40
 70
     1
102
RTVSPost2010Prop41ColorIndex
 90
       18
102
RTVSPost2010Prop41ColorRGB
 90
        0
102
RTVSPost2010PropOp41
 70
     1
102
RTVSPost2010Prop42
 90
       50
102
RTVSPost2010PropOp42
 70
     1
102
RTVSPost2010Prop43
 90
        3
102
RTVSPost2010PropOp43
 70
     1
102
RTVSPost2010Prop44ColorIndex
 90
        5
102
RTVSPost2010Prop44ColorRGB
 90
      255
102
RTVSPost2010PropOp44
 70
     1
102
RTVSPost2010Prop45
280
     0
102
RTVSPost2010PropOp45
 70
     1
102
RTVSPost2010Prop46
 90
       50
102
RTVSPost2010PropOp46
 70
     1
102
RTVSPost2010Prop47
 90
       50
102
RTVSPost2010PropOp47
 70
     1
102
RTVSPost2010Prop48
 90
       50
102
RTVSPost2010PropOp48
 70
     1
102
RTVSPost2010Prop49
280
     0
102
RTVSPost2010PropOp49
 70
     1
102
RTVSPost2010Prop50
 90
       50
102
RTVSPost2010PropOp50
 70
     1
102
RTVSPost2010Prop51ColorIndex
 90
      256
102
RTVSPost2010Prop51ColorRGB
 90
-16777216
102
RTVSPost2010PropOp51
 70
     0
102
RTVSPost2010Prop52
140
1.0
102
RTVSPost2010PropOp52
 70
     0
102
RTVSPost2010Prop53
 90
        0
102
RTVSPost2010PropOp53
 70
     1
102
RTVSPost2010Prop54
  1
strokes_ogs.tif
102
RTVSPost2010PropOp54
 70
     1
102
RTVSPost2010Prop55
280
     0
102
RTVSPost2010PropOp55
 70
     1
102
RTVSPost2010Prop56
140
1.0
102
RTVSPost2010PropOp56
 70
     1
102
RTVSPost2010Prop57
140
1.0
102
RTVSPost2010PropOp57
 70
     1
  0
XRECORD
  5
C2B
102
{ACAD_REACTORS
330
C2A
102
}
330
C2A
100
AcDbXrecord
280
     1
102
RTVSPost2010Prop28
280
     0
102
RTVSPost2010PropOp28
 70
     1
102
RTVSPost2010Prop29
280
     1
102
RTVSPost2010PropOp29
 70
     1
102
RTVSPost2010Prop30
280
     1
102
RTVSPost2010PropOp30
 70
     1
102
RTVSPost2010Prop31
280
     0
102
RTVSPost2010PropOp31
 70
     1
102
RTVSPost2010Prop32
280
     0
102
RTVSPost2010PropOp32
 70
     1
102
RTVSPost2010Prop33
280
     0
102
RTVSPost2010PropOp33
 70
     1
102
RTVSPost2010Prop34
280
     0
102
RTVSPost2010PropOp34
 70
     1
102
RTVSPost2010Prop35
280
     0
102
RTVSPost2010PropOp35
 70
     1
102
RTVSPost2010Prop36
280
     0
102
RTVSPost2010PropOp36
 70
     1
102
RTVSPost2010Prop37
 90
       50
102
RTVSPost2010PropOp37
 70
     1
102
RTVSPost2010Prop38
140
0.0
102
RTVSPost2010PropOp38
 70
     1
102
RTVSPost2010Prop39
140
1.0
102
RTVSPost2010PropOp39
 70
     1
102
RTVSPost2010Prop40
 90
        0
102
RTVSPost2010PropOp40
 70
     1
102
RTVSPost2010Prop41ColorIndex
 90
       18
102
RTVSPost2010Prop41ColorRGB
 90
        0
102
RTVSPost2010PropOp41
 70
     1
102
RTVSPost2010Prop42
 90
       50
102
RTVSPost2010PropOp42
 70
     1
102
RTVSPost2010Prop43
 90
        3
102
RTVSPost2010PropOp43
 70
     1
102
RTVSPost2010Prop44ColorIndex
 90
        5
102
RTVSPost2010Prop44ColorRGB
 90
      255
102
RTVSPost2010PropOp44
 70
     1
102
RTVSPost2010Prop45
280
     0
102
RTVSPost2010PropOp45
 70
     1
102
RTVSPost2010Prop46
 90
       50
102
RTVSPost2010PropOp46
 70
     1
102
RTVSPost2010Prop47
 90
       50
102
RTVSPost2010PropOp47
 70
     1
102
RTVSPost2010Prop48
 90
       50
102
RTVSPost2010PropOp48
 70
     1
102
RTVSPost2010Prop49
280
     0
102
RTVSPost2010PropOp49
 70
     1
102
RTVSPost2010Prop50
 90
       50
102
RTVSPost2010PropOp50
 70
     1
102
RTVSPost2010Prop51ColorIndex
 90
      256
102
RTVSPost2010Prop51ColorRGB
 90
-16777216
102
RTVSPost2010PropOp51
 70
     0
102
RTVSPost2010Prop52
140
1.0
102
RTVSPost2010PropOp52
 70
     0
102
RTVSPost2010Prop53
 90
        0
102
RTVSPost2010PropOp53
 70
     1
102
RTVSPost2010Prop54
  1
strokes_ogs.tif
102
RTVSPost2010PropOp54
 70
     1
102
RTVSPost2010Prop55
280
     0
102
RTVSPost2010PropOp55
 70
     1
102
RTVSPost2010Prop56
140
1.0
102
RTVSPost2010PropOp56
 70
     1
102
RTVSPost2010Prop57
140
1.0
102
RTVSPost2010PropOp57
 70
     1
  0
XRECORD
  5
C2D
102
{ACAD_REACTORS
330
C2C
102
}
330
C2C
100
AcDbXrecord
280
     1
102
RTVSPost2010Prop28
280
     0
102
RTVSPost2010PropOp28
 70
     1
102
RTVSPost2010Prop29
280
     1
102
RTVSPost2010PropOp29
 70
     1
102
RTVSPost2010Prop30
280
     1
102
RTVSPost2010PropOp30
 70
     1
102
RTVSPost2010Prop31
280
     0
102
RTVSPost2010PropOp31
 70
     1
102
RTVSPost2010Prop32
280
     0
102
RTVSPost2010PropOp32
 70
     1
102
RTVSPost2010Prop33
280
     0
102
RTVSPost2010PropOp33
 70
     1
102
RTVSPost2010Prop34
280
     0
102
RTVSPost2010PropOp34
 70
     1
102
RTVSPost2010Prop35
280
     0
102
RTVSPost2010PropOp35
 70
     1
102
RTVSPost2010Prop36
280
     0
102
RTVSPost2010PropOp36
 70
     1
102
RTVSPost2010Prop37
 90
       50
102
RTVSPost2010PropOp37
 70
     1
102
RTVSPost2010Prop38
140
0.0
102
RTVSPost2010PropOp38
 70
     1
102
RTVSPost2010Prop39
140
1.0
102
RTVSPost2010PropOp39
 70
     1
102
RTVSPost2010Prop40
 90
        0
102
RTVSPost2010PropOp40
 70
     1
102
RTVSPost2010Prop41ColorIndex
 90
       18
102
RTVSPost2010Prop41ColorRGB
 90
        0
102
RTVSPost2010PropOp41
 70
     1
102
RTVSPost2010Prop42
 90
       50
102
RTVSPost2010PropOp42
 70
     1
102
RTVSPost2010Prop43
 90
        3
102
RTVSPost2010PropOp43
 70
     1
102
RTVSPost2010Prop44ColorIndex
 90
        5
102
RTVSPost2010Prop44ColorRGB
 90
      255
102
RTVSPost2010PropOp44
 70
     1
102
RTVSPost2010Prop45
280
     0
102
RTVSPost2010PropOp45
 70
     1
102
RTVSPost2010Prop46
 90
       50
102
RTVSPost2010PropOp46
 70
     1
102
RTVSPost2010Prop47
 90
       50
102
RTVSPost2010PropOp47
 70
     1
102
RTVSPost2010Prop48
 90
       50
102
RTVSPost2010PropOp48
 70
     1
102
RTVSPost2010Prop49
280
     0
102
RTVSPost2010PropOp49
 70
     1
102
RTVSPost2010Prop50
 90
       50
102
RTVSPost2010PropOp50
 70
     1
102
RTVSPost2010Prop51ColorIndex
 90
      256
102
RTVSPost2010Prop51ColorRGB
 90
-16777216
102
RTVSPost2010PropOp51
 70
     0
102
RTVSPost2010Prop52
140
1.0
102
RTVSPost2010PropOp52
 70
     0
102
RTVSPost2010Prop53
 90
        0
102
RTVSPost2010PropOp53
 70
     1
102
RTVSPost2010Prop54
  1
strokes_ogs.tif
102
RTVSPost2010PropOp54
 70
     1
102
RTVSPost2010Prop55
280
     0
102
RTVSPost2010PropOp55
 70
     1
102
RTVSPost2010Prop56
140
1.0
102
RTVSPost2010PropOp56
 70
     1
102
RTVSPost2010Prop57
140
1.0
102
RTVSPost2010PropOp57
 70
     1
  0
XRECORD
  5
C23
102
{ACAD_REACTORS
330
C22
102
}
330
C22
100
AcDbXrecord
280
     1
102
RTVSPost2010Prop28
280
     0
102
RTVSPost2010PropOp28
 70
     1
102
RTVSPost2010Prop29
280
     1
102
RTVSPost2010PropOp29
 70
     1
102
RTVSPost2010Prop30
280
     1
102
RTVSPost2010PropOp30
 70
     1
102
RTVSPost2010Prop31
280
     0
102
RTVSPost2010PropOp31
 70
     1
102
RTVSPost2010Prop32
280
     0
102
RTVSPost2010PropOp32
 70
     1
102
RTVSPost2010Prop33
280
     0
102
RTVSPost2010PropOp33
 70
     1
102
RTVSPost2010Prop34
280
     0
102
RTVSPost2010PropOp34
 70
     1
102
RTVSPost2010Prop35
280
     0
102
RTVSPost2010PropOp35
 70
     1
102
RTVSPost2010Prop36
280
     0
102
RTVSPost2010PropOp36
 70
     1
102
RTVSPost2010Prop37
 90
       50
102
RTVSPost2010PropOp37
 70
     1
102
RTVSPost2010Prop38
140
0.0
102
RTVSPost2010PropOp38
 70
     1
102
RTVSPost2010Prop39
140
1.0
102
RTVSPost2010PropOp39
 70
     1
102
RTVSPost2010Prop40
 90
        0
102
RTVSPost2010PropOp40
 70
     1
102
RTVSPost2010Prop41ColorIndex
 90
       18
102
RTVSPost2010Prop41ColorRGB
 90
        0
102
RTVSPost2010PropOp41
 70
     1
102
RTVSPost2010Prop42
 90
       50
102
RTVSPost2010PropOp42
 70
     1
102
RTVSPost2010Prop43
 90
        3
102
RTVSPost2010PropOp43
 70
     1
102
RTVSPost2010Prop44ColorIndex
 90
        5
102
RTVSPost2010Prop44ColorRGB
 90
      255
102
RTVSPost2010PropOp44
 70
     1
102
RTVSPost2010Prop45
280
     0
102
RTVSPost2010PropOp45
 70
     1
102
RTVSPost2010Prop46
 90
       50
102
RTVSPost2010PropOp46
 70
     1
102
RTVSPost2010Prop47
 90
       50
102
RTVSPost2010PropOp47
 70
     1
102
RTVSPost2010Prop48
 90
       50
102
RTVSPost2010PropOp48
 70
     1
102
RTVSPost2010Prop49
280
     0
102
RTVSPost2010PropOp49
 70
     1
102
RTVSPost2010Prop50
 90
       50
102
RTVSPost2010PropOp50
 70
     1
102
RTVSPost2010Prop51ColorIndex
 90
      256
102
RTVSPost2010Prop51ColorRGB
 90
-16777216
102
RTVSPost2010PropOp51
 70
     0
102
RTVSPost2010Prop52
140
1.0
102
RTVSPost2010PropOp52
 70
     0
102
RTVSPost2010Prop53
 90
        0
102
RTVSPost2010PropOp53
 70
     1
102
RTVSPost2010Prop54
  1
strokes_ogs.tif
102
RTVSPost2010PropOp54
 70
     1
102
RTVSPost2010Prop55
280
     0
102
RTVSPost2010PropOp55
 70
     1
102
RTVSPost2010Prop56
140
1.0
102
RTVSPost2010PropOp56
 70
     1
102
RTVSPost2010Prop57
140
1.0
102
RTVSPost2010PropOp57
 70
     1
  0
XRECORD
  5
C17
102
{ACAD_REACTORS
330
C16
102
}
330
C16
100
AcDbXrecord
280
     1
102
RTVSPost2010Prop28
280
     0
102
RTVSPost2010PropOp28
 70
     1
102
RTVSPost2010Prop29
280
     1
102
RTVSPost2010PropOp29
 70
     1
102
RTVSPost2010Prop30
280
     1
102
RTVSPost2010PropOp30
 70
     1
102
RTVSPost2010Prop31
280
     0
102
RTVSPost2010PropOp31
 70
     1
102
RTVSPost2010Prop32
280
     0
102
RTVSPost2010PropOp32
 70
     1
102
RTVSPost2010Prop33
280
     0
102
RTVSPost2010PropOp33
 70
     1
102
RTVSPost2010Prop34
280
     0
102
RTVSPost2010PropOp34
 70
     1
102
RTVSPost2010Prop35
280
     0
102
RTVSPost2010PropOp35
 70
     1
102
RTVSPost2010Prop36
280
     0
102
RTVSPost2010PropOp36
 70
     1
102
RTVSPost2010Prop37
 90
       50
102
RTVSPost2010PropOp37
 70
     1
102
RTVSPost2010Prop38
140
0.0
102
RTVSPost2010PropOp38
 70
     1
102
RTVSPost2010Prop39
140
1.0
102
RTVSPost2010PropOp39
 70
     1
102
RTVSPost2010Prop40
 90
        0
102
RTVSPost2010PropOp40
 70
     1
102
RTVSPost2010Prop41ColorIndex
 90
       18
102
RTVSPost2010Prop41ColorRGB
 90
        0
102
RTVSPost2010PropOp41
 70
     1
102
RTVSPost2010Prop42
 90
       50
102
RTVSPost2010PropOp42
 70
     1
102
RTVSPost2010Prop43
 90
        3
102
RTVSPost2010PropOp43
 70
     1
102
RTVSPost2010Prop44ColorIndex
 90
        5
102
RTVSPost2010Prop44ColorRGB
 90
      255
102
RTVSPost2010PropOp44
 70
     1
102
RTVSPost2010Prop45
280
     0
102
RTVSPost2010PropOp45
 70
     1
102
RTVSPost2010Prop46
 90
       50
102
RTVSPost2010PropOp46
 70
     1
102
RTVSPost2010Prop47
 90
       50
102
RTVSPost2010PropOp47
 70
     1
102
RTVSPost2010Prop48
 90
       50
102
RTVSPost2010PropOp48
 70
     1
102
RTVSPost2010Prop49
280
     0
102
RTVSPost2010PropOp49
 70
     1
102
RTVSPost2010Prop50
 90
       50
102
RTVSPost2010PropOp50
 70
     1
102
RTVSPost2010Prop51ColorIndex
 90
      256
102
RTVSPost2010Prop51ColorRGB
 90
-16777216
102
RTVSPost2010PropOp51
 70
     0
102
RTVSPost2010Prop52
140
1.0
102
RTVSPost2010PropOp52
 70
     0
102
RTVSPost2010Prop53
 90
        0
102
RTVSPost2010PropOp53
 70
     1
102
RTVSPost2010Prop54
  1
strokes_ogs.tif
102
RTVSPost2010PropOp54
 70
     1
102
RTVSPost2010Prop55
280
     0
102
RTVSPost2010PropOp55
 70
     1
102
RTVSPost2010Prop56
140
1.0
102
RTVSPost2010PropOp56
 70
     1
102
RTVSPost2010Prop57
140
1.0
102
RTVSPost2010PropOp57
 70
     1
  0
XRECORD
  5
C2F
102
{ACAD_REACTORS
330
C2E
102
}
330
C2E
100
AcDbXrecord
280
     1
102
RTVSPost2010Prop28
280
     0
102
RTVSPost2010PropOp28
 70
     1
102
RTVSPost2010Prop29
280
     1
102
RTVSPost2010PropOp29
 70
     1
102
RTVSPost2010Prop30
280
     1
102
RTVSPost2010PropOp30
 70
     1
102
RTVSPost2010Prop31
280
     0
102
RTVSPost2010PropOp31
 70
     1
102
RTVSPost2010Prop32
280
     0
102
RTVSPost2010PropOp32
 70
     1
102
RTVSPost2010Prop33
280
     0
102
RTVSPost2010PropOp33
 70
     1
102
RTVSPost2010Prop34
280
     0
102
RTVSPost2010PropOp34
 70
     1
102
RTVSPost2010Prop35
280
     0
102
RTVSPost2010PropOp35
 70
     1
102
RTVSPost2010Prop36
280
     0
102
RTVSPost2010PropOp36
 70
     1
102
RTVSPost2010Prop37
 90
       50
102
RTVSPost2010PropOp37
 70
     1
102
RTVSPost2010Prop38
140
0.0
102
RTVSPost2010PropOp38
 70
     1
102
RTVSPost2010Prop39
140
1.0
102
RTVSPost2010PropOp39
 70
     1
102
RTVSPost2010Prop40
 90
        0
102
RTVSPost2010PropOp40
 70
     1
102
RTVSPost2010Prop41ColorIndex
 90
       18
102
RTVSPost2010Prop41ColorRGB
 90
        0
102
RTVSPost2010PropOp41
 70
     1
102
RTVSPost2010Prop42
 90
       50
102
RTVSPost2010PropOp42
 70
     1
102
RTVSPost2010Prop43
 90
        3
102
RTVSPost2010PropOp43
 70
     1
102
RTVSPost2010Prop44ColorIndex
 90
        5
102
RTVSPost2010Prop44ColorRGB
 90
      255
102
RTVSPost2010PropOp44
 70
     1
102
RTVSPost2010Prop45
280
     0
102
RTVSPost2010PropOp45
 70
     1
102
RTVSPost2010Prop46
 90
       50
102
RTVSPost2010PropOp46
 70
     1
102
RTVSPost2010Prop47
 90
       50
102
RTVSPost2010PropOp47
 70
     1
102
RTVSPost2010Prop48
 90
       50
102
RTVSPost2010PropOp48
 70
     1
102
RTVSPost2010Prop49
280
     0
102
RTVSPost2010PropOp49
 70
     1
102
RTVSPost2010Prop50
 90
       50
102
RTVSPost2010PropOp50
 70
     1
102
RTVSPost2010Prop51ColorIndex
 90
      256
102
RTVSPost2010Prop51ColorRGB
 90
-16777216
102
RTVSPost2010PropOp51
 70
     0
102
RTVSPost2010Prop52
140
1.0
102
RTVSPost2010PropOp52
 70
     0
102
RTVSPost2010Prop53
 90
        0
102
RTVSPost2010PropOp53
 70
     1
102
RTVSPost2010Prop54
  1
strokes_ogs.tif
102
RTVSPost2010PropOp54
 70
     1
102
RTVSPost2010Prop55
280
     0
102
RTVSPost2010PropOp55
 70
     1
102
RTVSPost2010Prop56
140
1.0
102
RTVSPost2010PropOp56
 70
     1
102
RTVSPost2010Prop57
140
1.0
102
RTVSPost2010PropOp57
 70
     1
  0
ENDSEC
  0
EOF
