  0
SECTION
  2
HEADER
  9
$ACADVER
  1
AC1024
  9
$ACADMAINTVER
 70
   226
  9
$DWGCODEPAGE
  3
ANSI_1251
  9
$LASTSAVEDBY
  1
user46
  9
$INSBASE
 10
0.0
 20
0.0
 30
0.0
  9
$EXTMIN
 10
-180.8945415981715
 20
-282.7997418639405
 30
0.0
  9
$EXTMAX
 10
254.6055571337829
 20
70.54852429242515
 30
0.0
  9
$LIMMIN
 10
0.0
 20
0.0
  9
$LIMMAX
 10
420.0
 20
297.0
  9
$ORTHOMODE
 70
     0
  9
$REGENMODE
 70
     1
  9
$FILLMODE
 70
     1
  9
$QTEXTMODE
 70
     0
  9
$MIRRTEXT
 70
     1
  9
$LTSCALE
 40
1.0
  9
$ATTMODE
 70
     1
  9
$TEXTSIZE
 40
2.5
  9
$TRACEWID
 40
1.0
  9
$TEXTSTYLE
  7
Standard
  9
$CLAYER
  8
0
  9
$CELTYPE
  6
ByLayer
  9
$CECOLOR
 62
   256
  9
$CELTSCALE
 40
1.0
  9
$DISPSILH
 70
     0
  9
$DIMSCALE
 40
1.0
  9
$DIMASZ
 40
2.5
  9
$DIMEXO
 40
0.625
  9
$DIMDLI
 40
3.75
  9
$DIMRND
 40
0.0
  9
$DIMDLE
 40
0.0
  9
$DIMEXE
 40
1.25
  9
$DIMTP
 40
0.0
  9
$DIMTM
 40
0.0
  9
$DIMTXT
 40
2.5
  9
$DIMCEN
 40
2.5
  9
$DIMTSZ
 40
0.0
  9
$DIMTOL
 70
     0
  9
$DIMLIM
 70
     0
  9
$DIMTIH
 70
     0
  9
$DIMTOH
 70
     0
  9
$DIMSE1
 70
     0
  9
$DIMSE2
 70
     0
  9
$DIMTAD
 70
     1
  9
$DIMZIN
 70
     8
  9
$DIMBLK
  1

  9
$DIMASO
 70
     1
  9
$DIMSHO
 70
     1
  9
$DIMPOST
  1

  9
$DIMAPOST
  1

  9
$DIMALT
 70
     0
  9
$DIMALTD
 70
     3
  9
$DIMALTF
 40
0.03937007874016
  9
$DIMLFAC
 40
1.0
  9
$DIMTOFL
 70
     1
  9
$DIMTVP
 40
0.0
  9
$DIMTIX
 70
     0
  9
$DIMSOXD
 70
     0
  9
$DIMSAH
 70
     0
  9
$DIMBLK1
  1

  9
$DIMBLK2
  1

  9
$DIMSTYLE
  2
ISO-25
  9
$DIMCLRD
 70
     0
  9
$DIMCLRE
 70
     0
  9
$DIMCLRT
 70
     0
  9
$DIMTFAC
 40
1.0
  9
$DIMGAP
 40
0.625
  9
$DIMJUST
 70
     0
  9
$DIMSD1
 70
     0
  9
$DIMSD2
 70
     0
  9
$DIMTOLJ
 70
     0
  9
$DIMTZIN
 70
     8
  9
$DIMALTZ
 70
     0
  9
$DIMALTTZ
 70
     0
  9
$DIMUPT
 70
     0
  9
$DIMDEC
 70
     2
  9
$DIMTDEC
 70
     2
  9
$DIMALTU
 70
     2
  9
$DIMALTTD
 70
     3
  9
$DIMTXSTY
  7
Standard
  9
$DIMAUNIT
 70
     0
  9
$DIMADEC
 70
     0
  9
$DIMALTRND
 40
0.0
  9
$DIMAZIN
 70
     0
  9
$DIMDSEP
 70
    44
  9
$DIMATFIT
 70
     3
  9
$DIMFRAC
 70
     0
  9
$DIMLDRBLK
  1

  9
$DIMLUNIT
 70
     6
  9
$DIMLWD
 70
    -2
  9
$DIMLWE
 70
    -2
  9
$DIMTMOVE
 70
     0
  9
$DIMFXL
 40
1.0
  9
$DIMFXLON
 70
     0
  9
$DIMJOGANG
 40
0.7853981633974483
  9
$DIMTFILL
 70
     0
  9
$DIMTFILLCLR
 70
     0
  9
$DIMARCSYM
 70
     0
  9
$DIMLTYPE
  6

  9
$DIMLTEX1
  6

  9
$DIMLTEX2
  6

  9
$DIMTXTDIRECTION
 70
     0
  9
$LUNITS
 70
     2
  9
$LUPREC
 70
     4
  9
$SKETCHINC
 40
1.0
  9
$FILLETRAD
 40
0.0
  9
$AUNITS
 70
     0
  9
$AUPREC
 70
     0
  9
$MENU
  1
.
  9
$ELEVATION
 40
0.0
  9
$PELEVATION
 40
0.0
  9
$THICKNESS
 40
0.0
  9
$LIMCHECK
 70
     0
  9
$CHAMFERA
 40
0.0
  9
$CHAMFERB
 40
0.0
  9
$CHAMFERC
 40
0.0
  9
$CHAMFERD
 40
0.0
  9
$SKPOLY
 70
     0
  9
$TDCREATE
 40
2461144.387172766
  9
$TDUCREATE
 40
2461144.262172766
  9
$TDUPDATE
 40
2461148.454065926
  9
$TDUUPDATE
 40
2461148.329065926
  9
$TDINDWG
 40
0.000465660
  9
$TDUSRTIMER
 40
0.000465660
  9
$USRTIMER
 70
     1
  9
$ANGBASE
 50
0.0
  9
$ANGDIR
 70
     0
  9
$PDMODE
 70
     0
  9
$PDSIZE
 40
0.0
  9
$PLINEWID
 40
0.0
  9
$SPLFRAME
 70
     0
  9
$SPLINETYPE
 70
     6
  9
$SPLINESEGS
 70
     8
  9
$HANDSEED
  5
1E0
  9
$SURFTAB1
 70
     6
  9
$SURFTAB2
 70
     6
  9
$SURFTYPE
 70
     6
  9
$SURFU
 70
     6
  9
$SURFV
 70
     6
  9
$UCSBASE
  2

  9
$UCSNAME
  2

  9
$UCSORG
 10
0.0
 20
0.0
 30
0.0
  9
$UCSXDIR
 10
1.0
 20
0.0
 30
0.0
  9
$UCSYDIR
 10
0.0
 20
1.0
 30
0.0
  9
$UCSORTHOREF
  2

  9
$UCSORTHOVIEW
 70
     0
  9
$UCSORGTOP
 10
0.0
 20
0.0
 30
0.0
  9
$UCSORGBOTTOM
 10
0.0
 20
0.0
 30
0.0
  9
$UCSORGLEFT
 10
0.0
 20
0.0
 30
0.0
  9
$UCSORGRIGHT
 10
0.0
 20
0.0
 30
0.0
  9
$UCSORGFRONT
 10
0.0
 20
0.0
 30
0.0
  9
$UCSORGBACK
 10
0.0
 20
0.0
 30
0.0
  9
$PUCSBASE
  2

  9
$PUCSNAME
  2

  9
$PUCSORG
 10
0.0
 20
0.0
 30
0.0
  9
$PUCSXDIR
 10
1.0
 20
0.0
 30
0.0
  9
$PUCSYDIR
 10
0.0
 20
1.0
 30
0.0
  9
$PUCSORTHOREF
  2

  9
$PUCSORTHOVIEW
 70
     0
  9
$PUCSORGTOP
 10
0.0
 20
0.0
 30
0.0
  9
$PUCSORGBOTTOM
 10
0.0
 20
0.0
 30
0.0
  9
$PUCSORGLEFT
 10
0.0
 20
0.0
 30
0.0
  9
$PUCSORGRIGHT
 10
0.0
 20
0.0
 30
0.0
  9
$PUCSORGFRONT
 10
0.0
 20
0.0
 30
0.0
  9
$PUCSORGBACK
 10
0.0
 20
0.0
 30
0.0
  9
$USERI1
 70
     0
  9
$USERI2
 70
     0
  9
$USERI3
 70
     0
  9
$USERI4
 70
     0
  9
$USERI5
 70
     0
  9
$USERR1
 40
0.0
  9
$USERR2
 40
0.0
  9
$USERR3
 40
0.0
  9
$USERR4
 40
0.0
  9
$USERR5
 40
0.0
  9
$WORLDVIEW
 70
     1
  9
$SHADEDGE
 70
     3
  9
$SHADEDIF
 70
    70
  9
$TILEMODE
 70
     1
  9
$MAXACTVP
 70
    64
  9
$PINSBASE
 10
0.0
 20
0.0
 30
0.0
  9
$PLIMCHECK
 70
     0
  9
$PEXTMIN
 10
1.000000000000000E+20
 20
1.000000000000000E+20
 30
1.000000000000000E+20
  9
$PEXTMAX
 10
-1.000000000000000E+20
 20
-1.000000000000000E+20
 30
-1.000000000000000E+20
  9
$PLIMMIN
 10
0.0
 20
0.0
  9
$PLIMMAX
 10
420.0
 20
297.0
  9
$UNITMODE
 70
     0
  9
$VISRETAIN
 70
     1
  9
$PLINEGEN
 70
     0
  9
$PSLTSCALE
 70
     1
  9
$TREEDEPTH
 70
  3020
  9
$CMLSTYLE
  2
Standard
  9
$CMLJUST
 70
     0
  9
$CMLSCALE
 40
20.0
  9
$PROXYGRAPHICS
 70
     1
  9
$MEASUREMENT
 70
     1
  9
$CELWEIGHT
370
    -1
  9
$ENDCAPS
280
     0
  9
$JOINSTYLE
280
     0
  9
$LWDISPLAY
290
     0
  9
$INSUNITS
 70
     4
  9
$HYPERLINKBASE
  1

  9
$STYLESHEET
  1

  9
$XEDIT
290
     1
  9
$CEPSNTYPE
380
     0
  9
$PSTYLEMODE
290
     1
  9
$FINGERPRINTGUID
  2
{0f754a91-92ca-4f95-b506-f7a1616b1488}
  9
$VERSIONGUID
  2
{FAEB1C32-E019-11D5-929B-00C0DF256EC4}
  9
$EXTNAMES
290
     1
  9
$PSVPSCALE
 40
0.0
  9
$OLESTARTUP
290
     0
  9
$SORTENTS
280
   127
  9
$INDEXCTL
280
     0
  9
$HIDETEXT
280
     1
  9
$XCLIPFRAME
280
     2
  9
$HALOGAP
280
     0
  9
$OBSCOLOR
 70
   257
  9
$OBSLTYPE
280
     0
  9
$INTERSECTIONDISPLAY
280
     0
  9
$INTERSECTIONCOLOR
 70
   257
  9
$DIMASSOC
280
     2
  9
$PROJECTNAME
  1

  9
$CAMERADISPLAY
290
     0
  9
$LENSLENGTH
 40
50.0
  9
$CAMERAHEIGHT
 40
0.0
  9
$STEPSPERSEC
 40
2.0
  9
$STEPSIZE
 40
6.0
  9
$3DDWFPREC
 40
2.0
  9
$PSOLWIDTH
 40
5.0
  9
$PSOLHEIGHT
 40
80.0
  9
$LOFTANG1
 40
1.570796326794896
  9
$LOFTANG2
 40
1.570796326794896
  9
$LOFTMAG1
 40
0.0
  9
$LOFTMAG2
 40
0.0
  9
$LOFTPARAM
 70
     7
  9
$LOFTNORMALS
280
     1
  9
$LATITUDE
 40
37.795
  9
$LONGITUDE
 40
-122.394
  9
$NORTHDIRECTION
 40
0.0
  9
$TIMEZONE
 70
 -8000
  9
$LIGHTGLYPHDISPLAY
280
     1
  9
$TILEMODELIGHTSYNCH
280
     1
  9
$CMATERIAL
347
44
  9
$SOLIDHIST
280
     0
  9
$SHOWHIST
280
     1
  9
$DWFFRAME
280
     2
  9
$DGNFRAME
280
     2
  9
$REALWORLDSCALE
290
     1
  9
$INTERFERECOLOR
 62
   256
  9
$CSHADOW
280
     0
  9
$SHADOWPLANELOCATION
 40
0.0
  0
ENDSEC
  0
SECTION
  2
CLASSES
  0
CLASS
  1
ACDBDICTIONARYWDFLT
  2
AcDbDictionaryWithDefault
  3
ObjectDBX Classes
 90
        0
 91
        1
280
     0
281
     0
  0
CLASS
  1
VISUALSTYLE
  2
AcDbVisualStyle
  3
ObjectDBX Classes
 90
     4095
 91
       24
280
     0
281
     0
  0
CLASS
  1
MATERIAL
  2
AcDbMaterial
  3
ObjectDBX Classes
 90
     1153
 91
        3
280
     0
281
     0
  0
CLASS
  1
SCALE
  2
AcDbScale
  3
ObjectDBX Classes
 90
     1153
 91
       17
280
     0
281
     0
  0
CLASS
  1
TABLESTYLE
  2
AcDbTableStyle
  3
ObjectDBX Classes
 90
     4095
 91
        1
280
     0
281
     0
  0
CLASS
  1
MLEADERSTYLE
  2
AcDbMLeaderStyle
  3
ACDB_MLEADERSTYLE_CLASS
 90
     4095
 91
        1
280
     0
281
     0
  0
CLASS
  1
SUN
  2
AcDbSun
  3
SCENEOE
 90
     1153
 91
        1
280
     0
281
     0
  0
CLASS
  1
WIPEOUTVARIABLES
  2
AcDbWipeoutVariables
  3
WipeOut|AutoCAD Express Tool|expresstools@autodesk.com
 90
        0
 91
        1
280
     0
281
     0
  0
CLASS
  1
WIPEOUT
  2
AcDbWipeout
  3
WipeOut|AutoCAD Express Tool|expresstools@autodesk.com
 90
      127
 91
       12
280
     0
281
     1
  0
CLASS
  1
DICTIONARYVAR
  2
AcDbDictionaryVar
  3
ObjectDBX Classes
 90
        0
 91
        8
280
     0
281
     0
  0
CLASS
  1
CELLSTYLEMAP
  2
AcDbCellStyleMap
  3
ObjectDBX Classes
 90
     1152
 91
        2
280
     0
281
     0
  0
ENDSEC
  0
SECTION
  2
TABLES
  0
TABLE
  2
VPORT
  5
8
330
0
100
AcDbSymbolTable
 70
     1
  0
VPORT
  5
29
330
8
100
AcDbSymbolTableRecord
100
AcDbViewportTableRecord
  2
*Active
 70
     0
 10
0.0
 20
0.0
 11
1.0
 21
1.0
 12
10.96495290801772
 22
-143.4839175319159
 13
0.0
 23
0.0
 14
10.0
 24
10.0
 15
10.0
 25
10.0
 16
0.0
 26
0.0
 36
1.0
 17
0.0
 27
0.0
 37
0.0
 40
578.0757536399163
 41
2.463487332339791
 42
50.0
 43
0.0
 44
0.0
 50
0.0
 51
0.0
 71
     0
 72
   100
 73
     1
 74
     3
 75
     0
 76
     0
 77
     0
 78
     0
281
     0
 65
     1
110
0.0
120
0.0
130
0.0
111
1.0
121
0.0
131
0.0
112
0.0
122
1.0
132
0.0
 79
     0
146
0.0
348
2F
 60
     3
 61
     5
292
     1
282
     1
141
0.0
142
0.0
 63
   250
361
5D
  0
ENDTAB
  0
TABLE
  2
LTYPE
  5
5
330
0
100
AcDbSymbolTable
 70
     5
  0
LTYPE
  5
14
330
5
100
AcDbSymbolTableRecord
100
AcDbLinetypeTableRecord
  2
ByBlock
 70
     0
  3

 72
    65
 73
     0
 40
0.0
  0
LTYPE
  5
15
330
5
100
AcDbSymbolTableRecord
100
AcDbLinetypeTableRecord
  2
ByLayer
 70
     0
  3

 72
    65
 73
     0
 40
0.0
  0
LTYPE
  5
16
330
5
100
AcDbSymbolTableRecord
100
AcDbLinetypeTableRecord
  2
Continuous
 70
     0
  3
Solid line
 72
    65
 73
     0
 40
0.0
  0
LTYPE
  5
62
330
5
100
AcDbSymbolTableRecord
100
AcDbLinetypeTableRecord
  2
K5LT_BASIC
 70
     0
  3

 72
    65
 73
     0
 40
0.0
  0
LTYPE
  5
6F
330
5
100
AcDbSymbolTableRecord
100
AcDbLinetypeTableRecord
  2
K5LT_AXLED
 70
     0
  3

 72
    65
 73
     4
 40
19.5
 49
15.0
 74
     0
 49
-1.5
 74
     0
 49
1.5
 74
     0
 49
-1.5
 74
     0
  0
LTYPE
  5
72
330
5
100
AcDbSymbolTableRecord
100
AcDbLinetypeTableRecord
  2
K5LT_THIN
 70
     0
  3

 72
    65
 73
     0
 40
0.0
  0
ENDTAB
  0
TABLE
  2
LAYER
  5
2
330
0
100
AcDbSymbolTable
 70
     4
  0
LAYER
  5
10
330
2
100
AcDbSymbolTableRecord
100
AcDbLayerTableRecord
  2
0
 70
     0
 62
     7
  6
Continuous
370
    -3
390
F
347
46
  0
LAYER
  5
5F
330
2
100
AcDbSymbolTableRecord
100
AcDbLayerTableRecord
  2
Системный слой
 70
     0
 62
     7
  6
Continuous
370
    -3
390
F
347
46
  0
LAYER
  5
60
330
2
100
AcDbSymbolTableRecord
100
AcDbLayerTableRecord
  2
размеры
 70
     0
 62
     7
  6
Continuous
370
    -3
390
F
347
46
  0
LAYER
  5
61
330
2
100
AcDbSymbolTableRecord
100
AcDbLayerTableRecord
  2
стекло
 70
     0
 62
     7
  6
Continuous
370
    -3
390
F
347
46
  0
ENDTAB
  0
TABLE
  2
STYLE
  5
3
330
0
100
AcDbSymbolTable
 70
     3
  0
STYLE
  5
11
330
3
100
AcDbSymbolTableRecord
100
AcDbTextStyleTableRecord
  2
Standard
 70
     0
 40
0.0
 41
1.0
 50
0.0
 71
     0
 42
2.5
  3
txt
  4

  0
STYLE
  5
D4
330
3
100
AcDbSymbolTableRecord
100
AcDbTextStyleTableRecord
  2
KDIMTEXTSTYLE
 70
     0
 40
5.0
 41
0.9599999999999999
 50
15.0
 71
     0
 42
2.5
  3
GOST_AU.SHX
  4

  0
STYLE
  5
E0
330
3
100
AcDbSymbolTableRecord
100
AcDbTextStyleTableRecord
  2
KTEXTSTYLE
 70
     0
 40
5.0
 41
0.9599999999999999
 50
0.0
 71
     0
 42
2.5
  3
GOST_AU.SHX
  4

  0
ENDTAB
  0
TABLE
  2
VIEW
  5
6
330
0
100
AcDbSymbolTable
 70
     0
  0
ENDTAB
  0
TABLE
  2
UCS
  5
7
330
0
100
AcDbSymbolTable
 70
     0
  0
ENDTAB
  0
TABLE
  2
APPID
  5
9
330
0
100
AcDbSymbolTable
 70
     3
  0
APPID
  5
12
330
9
100
AcDbSymbolTableRecord
100
AcDbRegAppTableRecord
  2
ACAD
 70
     0
  0
APPID
  5
5E
330
9
100
AcDbSymbolTableRecord
100
AcDbRegAppTableRecord
  2
KOMPAS
 70
     0
  0
APPID
  5
1B1
330
9
100
AcDbSymbolTableRecord
100
AcDbRegAppTableRecord
  2
ACAD_MLEADERVER
 70
     0
  0
ENDTAB
  0
TABLE
  2
DIMSTYLE
  5
A
330
0
100
AcDbSymbolTable
 70
     3
100
AcDbDimStyleTable
 71
     0
  0
DIMSTYLE
105
27
330
A
100
AcDbSymbolTableRecord
100
AcDbDimStyleTableRecord
  2
ISO-25
 70
     0
 41
2.5
 42
0.625
 43
3.75
 44
1.25
 73
     0
 74
     0
 77
     1
 78
     8
140
2.5
141
2.5
143
0.03937007874016
147
0.625
171
     3
172
     1
271
     2
272
     2
274
     3
278
    44
283
     0
284
     8
340
11
  0
DIMSTYLE
105
D5
102
{ACAD_REACTORS
330
E5
330
F3
330
10D
330
11B
330
126
330
131
330
13C
330
148
330
153
330
161
330
16F
330
17B
102
}
330
A
100
AcDbSymbolTableRecord
100
AcDbDimStyleTableRecord
  2
KDIMSTYLE (1.00)
 70
     0
 41
1.0
 42
0.0
 43
2.0
 44
2.0
 46
1.0
 73
     0
 74
     0
 77
     1
 78
     8
140
5.0
141
0.0
143
0.0394
145
1.0
146
0.667
147
1.0
172
     1
173
     1
271
     2
272
     2
273
     8
274
     4
278
    44
340
D4
  0
ENDTAB
  0
TABLE
  2
BLOCK_RECORD
  5
1
330
0
100
AcDbSymbolTable
 70
    30
  0
BLOCK_RECORD
  5
1F
330
1
100
AcDbSymbolTableRecord
100
AcDbBlockTableRecord
  2
*Model_Space
340
22
 70
     0
280
     1
281
     0
  0
BLOCK_RECORD
  5
1B
330
1
100
AcDbSymbolTableRecord
100
AcDbBlockTableRecord
  2
*Paper_Space
340
1E
 70
     0
280
     1
281
     0
  0
BLOCK_RECORD
  5
23
330
1
100
AcDbSymbolTableRecord
100
AcDbBlockTableRecord
  2
*Paper_Space0
340
26
 70
     0
280
     1
281
     0
  0
BLOCK_RECORD
  5
71
330
1
100
AcDbSymbolTableRecord
100
AcDbBlockTableRecord
  2
KDIMARROW_00
340
0
 70
     0
280
     1
281
     0
  0
BLOCK_RECORD
  5
76
330
1
100
AcDbSymbolTableRecord
100
AcDbBlockTableRecord
  2
KDIMARROW_01
340
0
 70
     0
280
     1
281
     0
  0
BLOCK_RECORD
  5
7F
330
1
100
AcDbSymbolTableRecord
100
AcDbBlockTableRecord
  2
KDIMARROW_02
340
0
 70
     0
280
     1
281
     0
  0
BLOCK_RECORD
  5
89
330
1
100
AcDbSymbolTableRecord
100
AcDbBlockTableRecord
  2
KDIMARROW_03
340
0
 70
     0
280
     1
281
     0
  0
BLOCK_RECORD
  5
8F
330
1
100
AcDbSymbolTableRecord
100
AcDbBlockTableRecord
  2
KDIMARROW_04
340
0
 70
     0
280
     1
281
     0
  0
BLOCK_RECORD
  5
95
330
1
100
AcDbSymbolTableRecord
100
AcDbBlockTableRecord
  2
KDIMARROW_05
340
0
 70
     0
280
     1
281
     0
  0
BLOCK_RECORD
  5
9E
330
1
100
AcDbSymbolTableRecord
100
AcDbBlockTableRecord
  2
KDIMARROW_06
340
0
 70
     0
280
     1
281
     0
  0
BLOCK_RECORD
  5
A8
330
1
100
AcDbSymbolTableRecord
100
AcDbBlockTableRecord
  2
KDIMARROW_07
340
0
 70
     0
280
     1
281
     0
  0
BLOCK_RECORD
  5
AE
330
1
100
AcDbSymbolTableRecord
100
AcDbBlockTableRecord
  2
KDIMARROW_08
340
0
 70
     0
280
     1
281
     0
  0
BLOCK_RECORD
  5
B5
330
1
100
AcDbSymbolTableRecord
100
AcDbBlockTableRecord
  2
KDIMARROW_09
340
0
 70
     0
280
     1
281
     0
  0
BLOCK_RECORD
  5
BB
330
1
100
AcDbSymbolTableRecord
100
AcDbBlockTableRecord
  2
KDIMARROW_10
340
0
 70
     0
280
     1
281
     0
  0
BLOCK_RECORD
  5
C2
330
1
100
AcDbSymbolTableRecord
100
AcDbBlockTableRecord
  2
KDIMARROW_11
340
0
 70
     0
280
     1
281
     0
  0
BLOCK_RECORD
  5
C8
330
1
100
AcDbSymbolTableRecord
100
AcDbBlockTableRecord
  2
KDIMARROW_12
340
0
 70
     0
280
     1
281
     0
  0
BLOCK_RECORD
  5
CE
330
1
100
AcDbSymbolTableRecord
100
AcDbBlockTableRecord
  2
KDIMARROW_13
340
0
 70
     0
280
     1
281
     0
  0
BLOCK_RECORD
  5
D6
330
1
100
AcDbSymbolTableRecord
100
AcDbBlockTableRecord
  2
D0
340
0
 70
     0
280
     1
281
     0
  0
BLOCK_RECORD
  5
E6
330
1
100
AcDbSymbolTableRecord
100
AcDbBlockTableRecord
  2
D1
340
0
 70
     0
280
     1
281
     0
  0
BLOCK_RECORD
  5
F4
330
1
100
AcDbSymbolTableRecord
100
AcDbBlockTableRecord
  2
U0
340
0
102
{BLKREFS
331
F5
102
}
 70
     0
280
     1
281
     0
  0
BLOCK_RECORD
  5
FA
330
1
100
AcDbSymbolTableRecord
100
AcDbBlockTableRecord
  2
U1
340
0
102
{BLKREFS
331
FB
102
}
 70
     0
280
     1
281
     0
  0
BLOCK_RECORD
  5
100
330
1
100
AcDbSymbolTableRecord
100
AcDbBlockTableRecord
  2
D2
340
0
 70
     0
280
     1
281
     0
  0
BLOCK_RECORD
  5
10E
330
1
100
AcDbSymbolTableRecord
100
AcDbBlockTableRecord
  2
D3
340
0
 70
     0
280
     1
281
     0
  0
BLOCK_RECORD
  5
11C
330
1
100
AcDbSymbolTableRecord
100
AcDbBlockTableRecord
  2
D4
340
0
 70
     0
280
     1
281
     0
  0
BLOCK_RECORD
  5
127
330
1
100
AcDbSymbolTableRecord
100
AcDbBlockTableRecord
  2
D5
340
0
 70
     0
280
     1
281
     0
  0
BLOCK_RECORD
  5
132
330
1
100
AcDbSymbolTableRecord
100
AcDbBlockTableRecord
  2
D6
340
0
 70
     0
280
     1
281
     0
  0
BLOCK_RECORD
  5
13D
330
1
100
AcDbSymbolTableRecord
100
AcDbBlockTableRecord
  2
D7
340
0
 70
     0
280
     1
281
     0
  0
BLOCK_RECORD
  5
149
330
1
100
AcDbSymbolTableRecord
100
AcDbBlockTableRecord
  2
D8
340
0
 70
     0
280
     1
281
     0
  0
BLOCK_RECORD
  5
154
330
1
100
AcDbSymbolTableRecord
100
AcDbBlockTableRecord
  2
D9
340
0
 70
     0
280
     1
281
     0
  0
BLOCK_RECORD
  5
162
330
1
100
AcDbSymbolTableRecord
100
AcDbBlockTableRecord
  2
D10
340
0
 70
     0
280
     1
281
     0
  0
BLOCK_RECORD
  5
171
330
1
100
AcDbSymbolTableRecord
100
AcDbBlockTableRecord
  2
D11
340
0
 70
     0
280
     1
281
     0
  0
ENDTAB
  0
ENDSEC
  0
SECTION
  2
BLOCKS
  0
BLOCK
  5
20
330
1F
100
AcDbEntity
  8
0
100
AcDbBlockBegin
  2
*Model_Space
 70
     0
 10
0.0
 20
0.0
 30
0.0
  3
*Model_Space
  1

  0
ENDBLK
  5
21
330
1F
100
AcDbEntity
  8
0
100
AcDbBlockEnd
  0
BLOCK
  5
1C
330
1B
100
AcDbEntity
 67
     1
  8
0
100
AcDbBlockBegin
  2
*Paper_Space
 70
     0
 10
0.0
 20
0.0
 30
0.0
  3
*Paper_Space
  1

  0
ENDBLK
  5
1D
330
1B
100
AcDbEntity
 67
     1
  8
0
100
AcDbBlockEnd
  0
BLOCK
  5
24
330
23
100
AcDbEntity
  8
0
100
AcDbBlockBegin
  2
*Paper_Space0
 70
     0
 10
0.0
 20
0.0
 30
0.0
  3
*Paper_Space0
  1

  0
ENDBLK
  5
25
330
23
100
AcDbEntity
  8
0
100
AcDbBlockEnd
  0
BLOCK
  5
74
330
71
100
AcDbEntity
  8
0
100
AcDbBlockBegin
  2
KDIMARROW_00
 70
     0
 10
0.0
 20
0.0
 30
0.0
  3
KDIMARROW_00
  1

  0
LINE
  5
73
330
71
100
AcDbEntity
  8
0
  6
K5LT_THIN
 62
     0
370
    18
100
AcDbLine
 10
0.0
 20
0.0
 30
0.0
 11
-1.0
 21
0.0
 31
0.0
  0
ENDBLK
  5
75
330
71
100
AcDbEntity
  8
0
100
AcDbBlockEnd
  0
BLOCK
  5
7D
330
76
100
AcDbEntity
  8
0
100
AcDbBlockBegin
  2
KDIMARROW_01
 70
     0
 10
0.0
 20
0.0
 30
0.0
  3
KDIMARROW_01
  1

  0
LINE
  5
77
330
76
100
AcDbEntity
  8
0
  6
K5LT_THIN
 62
     0
370
    18
100
AcDbLine
 10
0.0
 20
0.0
 30
0.0
 11
-3.0
 21
-0.3949575126171108
 31
0.0
  0
LINE
  5
78
330
76
100
AcDbEntity
  8
0
  6
K5LT_THIN
 62
     0
370
    18
100
AcDbLine
 10
-3.0
 20
-0.3949575126171108
 30
0.0
 11
-2.699999809265136
 21
0.0000000000000003
 31
0.0
  0
LINE
  5
79
330
76
100
AcDbEntity
  8
0
  6
K5LT_THIN
 62
     0
370
    18
100
AcDbLine
 10
-2.699999809265136
 20
0.0000000000000003
 30
0.0
 11
-3.0
 21
0.3949575126171116
 31
0.0
  0
LINE
  5
7A
330
76
100
AcDbEntity
  8
0
  6
K5LT_THIN
 62
     0
370
    18
100
AcDbLine
 10
-3.0
 20
0.3949575126171116
 30
0.0
 11
0.0
 21
0.0
 31
0.0
  0
HATCH
  5
7B
330
76
100
AcDbEntity
  8
0
 62
     0
100
AcDbHatch
 10
0.0
 20
0.0
 30
0.0
210
0.0
220
0.0
230
1.0
  2
SOLID
 70
     1
 71
     0
 91
        1
 92
        1
 93
        4
 72
     1
 10
0.0
 20
0.0
 11
-3.0
 21
0.3949575126171116
 72
     1
 10
-3.0
 20
0.3949575126171116
 11
-2.699999809265136
 21
0.0000000000000003
 72
     1
 10
-2.699999809265136
 20
0.0000000000000003
 11
-3.0
 21
-0.3949575126171108
 72
     1
 10
-3.0
 20
-0.3949575126171108
 11
0.0
 21
0.0
 97
        0
 75
     0
 76
     1
 98
        0
  0
LINE
  5
7C
330
76
100
AcDbEntity
  8
0
  6
K5LT_THIN
 62
     0
370
    18
100
AcDbLine
 10
0.0
 20
0.0
 30
0.0
 11
-1.0
 21
0.0
 31
0.0
  0
ENDBLK
  5
7E
330
76
100
AcDbEntity
  8
0
100
AcDbBlockEnd
  0
BLOCK
  5
87
330
7F
100
AcDbEntity
  8
0
100
AcDbBlockBegin
  2
KDIMARROW_02
 70
     0
 10
0.0
 20
0.0
 30
0.0
  3
KDIMARROW_02
  1

  0
LINE
  5
80
330
7F
100
AcDbEntity
  8
0
  6
K5LT_THIN
 62
     0
370
    18
100
AcDbLine
 10
0.0
 20
0.0
 30
0.0
 11
3.0
 21
-0.3949575126171116
 31
0.0
  0
LINE
  5
81
330
7F
100
AcDbEntity
  8
0
  6
K5LT_THIN
 62
     0
370
    18
100
AcDbLine
 10
3.0
 20
-0.3949575126171116
 30
0.0
 11
2.699999809265136
 21
-0.0000000000000003
 31
0.0
  0
LINE
  5
82
330
7F
100
AcDbEntity
  8
0
  6
K5LT_THIN
 62
     0
370
    18
100
AcDbLine
 10
2.699999809265136
 20
-0.0000000000000003
 30
0.0
 11
3.0
 21
0.3949575126171108
 31
0.0
  0
LINE
  5
83
330
7F
100
AcDbEntity
  8
0
  6
K5LT_THIN
 62
     0
370
    18
100
AcDbLine
 10
3.0
 20
0.3949575126171108
 30
0.0
 11
0.0
 21
0.0
 31
0.0
  0
LINE
  5
84
330
7F
100
AcDbEntity
  8
0
  6
K5LT_THIN
 62
     0
370
    18
100
AcDbLine
 10
0.0
 20
0.0
 30
0.0
 11
5.0
 21
-0.0000000000000006
 31
0.0
  0
HATCH
  5
85
330
7F
100
AcDbEntity
  8
0
 62
     0
100
AcDbHatch
 10
0.0
 20
0.0
 30
0.0
210
0.0
220
0.0
230
1.0
  2
SOLID
 70
     1
 71
     0
 91
        1
 92
        1
 93
        4
 72
     1
 10
2.699999809265136
 20
-0.0000000000000003
 11
3.0
 21
0.3949575126171108
 72
     1
 10
3.0
 20
0.3949575126171108
 11
0.0
 21
0.0
 72
     1
 10
0.0
 20
0.0
 11
3.0
 21
-0.3949575126171116
 72
     1
 10
3.0
 20
-0.3949575126171116
 11
2.699999809265136
 21
-0.0000000000000003
 97
        0
 75
     0
 76
     1
 98
        0
  0
LINE
  5
86
330
7F
100
AcDbEntity
  8
0
  6
K5LT_THIN
 62
     0
370
    18
100
AcDbLine
 10
0.0
 20
0.0
 30
0.0
 11
-1.0
 21
0.0
 31
0.0
  0
ENDBLK
  5
88
330
7F
100
AcDbEntity
  8
0
100
AcDbBlockEnd
  0
BLOCK
  5
8D
330
89
100
AcDbEntity
  8
0
100
AcDbBlockBegin
  2
KDIMARROW_03
 70
     0
 10
0.0
 20
0.0
 30
0.0
  3
KDIMARROW_03
  1

  0
LINE
  5
8A
330
89
100
AcDbEntity
  8
0
  6
K5LT_THIN
 62
     0
370
    18
100
AcDbLine
 10
-1.060500025749206
 20
-1.060500025749206
 30
0.0
 11
1.060500025749206
 21
1.060500025749206
 31
0.0
  0
LINE
  5
8B
330
89
100
AcDbEntity
  8
0
  6
K5LT_THIN
 62
     0
370
    18
100
AcDbLine
 10
0.0
 20
0.0
 30
0.0
 11
1.0
 21
-0.0000000000000001
 31
0.0
  0
LINE
  5
8C
330
89
100
AcDbEntity
  8
0
  6
K5LT_THIN
 62
     0
370
    18
100
AcDbLine
 10
0.0
 20
0.0
 30
0.0
 11
-1.0
 21
0.0
 31
0.0
  0
ENDBLK
  5
8E
330
89
100
AcDbEntity
  8
0
100
AcDbBlockEnd
  0
BLOCK
  5
93
330
8F
100
AcDbEntity
  8
0
100
AcDbBlockBegin
  2
KDIMARROW_04
 70
     0
 10
0.0
 20
0.0
 30
0.0
  3
KDIMARROW_04
  1

  0
LWPOLYLINE
  5
90
330
8F
100
AcDbEntity
  8
0
  6
K5LT_THIN
 62
     7
100
AcDbPolyline
 90
       15
 70
     0
 43
0.18
 10
-0.25
 20
0.0
 10
0.0
 20
-0.25
 10
0.25
 20
0.0
 10
0.0
 20
0.25
 10
-0.25
 20
0.0
 10
-0.5
 20
0.0000000000000001
 10
-0.0000000000000001
 20
-0.5
 10
0.5
 20
-0.0000000000000001
 10
0.0000000000000001
 20
0.5
 10
-0.5
 20
0.0000000000000001
 10
-0.75
 20
0.0000000000000001
 10
-0.0000000000000001
 20
-0.75
 10
0.75
 20
-0.0000000000000001
 10
0.0000000000000001
 20
0.75
 10
-0.75
 20
0.0000000000000001
  0
LWPOLYLINE
  5
91
330
8F
100
AcDbEntity
  8
0
  6
K5LT_THIN
 62
     7
100
AcDbPolyline
 90
       15
 70
     0
 43
0.18
 10
-0.25
 20
0.0
 10
0.0
 20
-0.25
 10
0.25
 20
0.0
 10
0.0
 20
0.25
 10
-0.25
 20
0.0
 10
-0.5
 20
0.0000000000000001
 10
-0.0000000000000001
 20
-0.5
 10
0.5
 20
-0.0000000000000001
 10
0.0000000000000001
 20
0.5
 10
-0.5
 20
0.0000000000000001
 10
-0.75
 20
0.0000000000000001
 10
-0.0000000000000001
 20
-0.75
 10
0.75
 20
-0.0000000000000001
 10
0.0000000000000001
 20
0.75
 10
-0.75
 20
0.0000000000000001
  0
LINE
  5
92
330
8F
100
AcDbEntity
  8
0
  6
K5LT_THIN
 62
     0
370
    18
100
AcDbLine
 10
0.0
 20
0.0
 30
0.0
 11
-1.0
 21
0.0
 31
0.0
  0
ENDBLK
  5
94
330
8F
100
AcDbEntity
  8
0
100
AcDbBlockEnd
  0
BLOCK
  5
9C
330
95
100
AcDbEntity
  8
0
100
AcDbBlockBegin
  2
KDIMARROW_05
 70
     0
 10
0.0
 20
0.0
 30
0.0
  3
KDIMARROW_05
  1

  0
LINE
  5
96
330
95
100
AcDbEntity
  8
0
  6
K5LT_THIN
 62
     0
370
    18
100
AcDbLine
 10
0.0
 20
0.0
 30
0.0
 11
-3.0
 21
-0.3949575126171108
 31
0.0
  0
LINE
  5
97
330
95
100
AcDbEntity
  8
0
  6
K5LT_THIN
 62
     0
370
    18
100
AcDbLine
 10
-3.0
 20
-0.3949575126171108
 30
0.0
 11
-3.0
 21
0.0000000000000004
 31
0.0
  0
LINE
  5
98
330
95
100
AcDbEntity
  8
0
  6
K5LT_THIN
 62
     0
370
    18
100
AcDbLine
 10
-3.0
 20
0.0000000000000004
 30
0.0
 11
-3.0
 21
0.3949575126171116
 31
0.0
  0
LINE
  5
99
330
95
100
AcDbEntity
  8
0
  6
K5LT_THIN
 62
     0
370
    18
100
AcDbLine
 10
-3.0
 20
0.3949575126171116
 30
0.0
 11
0.0
 21
0.0
 31
0.0
  0
HATCH
  5
9A
330
95
100
AcDbEntity
  8
0
 62
     0
100
AcDbHatch
 10
0.0
 20
0.0
 30
0.0
210
0.0
220
0.0
230
1.0
  2
SOLID
 70
     1
 71
     0
 91
        1
 92
        1
 93
        4
 72
     1
 10
0.0
 20
0.0
 11
-3.0
 21
0.3949575126171116
 72
     1
 10
-3.0
 20
0.3949575126171116
 11
-3.0
 21
0.0000000000000004
 72
     1
 10
-3.0
 20
0.0000000000000004
 11
-3.0
 21
-0.3949575126171108
 72
     1
 10
-3.0
 20
-0.3949575126171108
 11
0.0
 21
0.0
 97
        0
 75
     0
 76
     1
 98
        0
  0
LINE
  5
9B
330
95
100
AcDbEntity
  8
0
  6
K5LT_THIN
 62
     0
370
    18
100
AcDbLine
 10
0.0
 20
0.0
 30
0.0
 11
-1.0
 21
0.0
 31
0.0
  0
ENDBLK
  5
9D
330
95
100
AcDbEntity
  8
0
100
AcDbBlockEnd
  0
BLOCK
  5
A6
330
9E
100
AcDbEntity
  8
0
100
AcDbBlockBegin
  2
KDIMARROW_06
 70
     0
 10
0.0
 20
0.0
 30
0.0
  3
KDIMARROW_06
  1

  0
LINE
  5
9F
330
9E
100
AcDbEntity
  8
0
  6
K5LT_THIN
 62
     0
370
    18
100
AcDbLine
 10
0.0
 20
0.0
 30
0.0
 11
3.0
 21
-0.3949575126171116
 31
0.0
  0
LINE
  5
A0
330
9E
100
AcDbEntity
  8
0
  6
K5LT_THIN
 62
     0
370
    18
100
AcDbLine
 10
3.0
 20
-0.3949575126171116
 30
0.0
 11
3.0
 21
-0.0000000000000004
 31
0.0
  0
LINE
  5
A1
330
9E
100
AcDbEntity
  8
0
  6
K5LT_THIN
 62
     0
370
    18
100
AcDbLine
 10
3.0
 20
-0.0000000000000004
 30
0.0
 11
3.0
 21
0.3949575126171108
 31
0.0
  0
LINE
  5
A2
330
9E
100
AcDbEntity
  8
0
  6
K5LT_THIN
 62
     0
370
    18
100
AcDbLine
 10
3.0
 20
0.3949575126171108
 30
0.0
 11
0.0
 21
0.0
 31
0.0
  0
LINE
  5
A3
330
9E
100
AcDbEntity
  8
0
  6
K5LT_THIN
 62
     0
370
    18
100
AcDbLine
 10
0.0
 20
0.0
 30
0.0
 11
5.0
 21
-0.0000000000000006
 31
0.0
  0
HATCH
  5
A4
330
9E
100
AcDbEntity
  8
0
 62
     0
100
AcDbHatch
 10
0.0
 20
0.0
 30
0.0
210
0.0
220
0.0
230
1.0
  2
SOLID
 70
     1
 71
     0
 91
        1
 92
        1
 93
        4
 72
     1
 10
3.0
 20
-0.0000000000000004
 11
3.0
 21
0.3949575126171108
 72
     1
 10
3.0
 20
0.3949575126171108
 11
0.0
 21
0.0
 72
     1
 10
0.0
 20
0.0
 11
3.0
 21
-0.3949575126171116
 72
     1
 10
3.0
 20
-0.3949575126171116
 11
3.0
 21
-0.0000000000000004
 97
        0
 75
     0
 76
     1
 98
        0
  0
LINE
  5
A5
330
9E
100
AcDbEntity
  8
0
  6
K5LT_THIN
 62
     0
370
    18
100
AcDbLine
 10
0.0
 20
0.0
 30
0.0
 11
-1.0
 21
0.0
 31
0.0
  0
ENDBLK
  5
A7
330
9E
100
AcDbEntity
  8
0
100
AcDbBlockEnd
  0
BLOCK
  5
AC
330
A8
100
AcDbEntity
  8
0
100
AcDbBlockBegin
  2
KDIMARROW_07
 70
     0
 10
0.0
 20
0.0
 30
0.0
  3
KDIMARROW_07
  1

  0
LINE
  5
A9
330
A8
100
AcDbEntity
  8
0
  6
K5LT_THIN
 62
     0
370
    18
100
AcDbLine
 10
0.0
 20
0.0
 30
0.0
 11
-3.0
 21
-0.3949575126171108
 31
0.0
  0
LINE
  5
AA
330
A8
100
AcDbEntity
  8
0
  6
K5LT_THIN
 62
     0
370
    18
100
AcDbLine
 10
0.0
 20
0.0
 30
0.0
 11
-3.0
 21
0.3949575126171116
 31
0.0
  0
LINE
  5
AB
330
A8
100
AcDbEntity
  8
0
  6
K5LT_THIN
 62
     0
370
    18
100
AcDbLine
 10
0.0
 20
0.0
 30
0.0
 11
-1.0
 21
0.0
 31
0.0
  0
ENDBLK
  5
AD
330
A8
100
AcDbEntity
  8
0
100
AcDbBlockEnd
  0
BLOCK
  5
B3
330
AE
100
AcDbEntity
  8
0
100
AcDbBlockBegin
  2
KDIMARROW_08
 70
     0
 10
0.0
 20
0.0
 30
0.0
  3
KDIMARROW_08
  1

  0
LINE
  5
AF
330
AE
100
AcDbEntity
  8
0
  6
K5LT_THIN
 62
     0
370
    18
100
AcDbLine
 10
0.0
 20
0.0
 30
0.0
 11
3.0
 21
-0.3949575126171116
 31
0.0
  0
LINE
  5
B0
330
AE
100
AcDbEntity
  8
0
  6
K5LT_THIN
 62
     0
370
    18
100
AcDbLine
 10
0.0
 20
0.0
 30
0.0
 11
3.0
 21
0.3949575126171108
 31
0.0
  0
LINE
  5
B1
330
AE
100
AcDbEntity
  8
0
  6
K5LT_THIN
 62
     0
370
    18
100
AcDbLine
 10
0.0
 20
0.0
 30
0.0
 11
5.0
 21
-0.0000000000000006
 31
0.0
  0
LINE
  5
B2
330
AE
100
AcDbEntity
  8
0
  6
K5LT_THIN
 62
     0
370
    18
100
AcDbLine
 10
0.0
 20
0.0
 30
0.0
 11
-1.0
 21
0.0
 31
0.0
  0
ENDBLK
  5
B4
330
AE
100
AcDbEntity
  8
0
100
AcDbBlockEnd
  0
BLOCK
  5
B9
330
B5
100
AcDbEntity
  8
0
100
AcDbBlockBegin
  2
KDIMARROW_09
 70
     0
 10
0.0
 20
0.0
 30
0.0
  3
KDIMARROW_09
  1

  0
LINE
  5
B6
330
B5
100
AcDbEntity
  8
0
  6
K5LT_THIN
 62
     0
370
    18
100
AcDbLine
 10
0.0
 20
0.0
 30
0.0
 11
-1.200000047683716
 21
-1.200000047683715
 31
0.0
  0
LINE
  5
B7
330
B5
100
AcDbEntity
  8
0
  6
K5LT_THIN
 62
     0
370
    18
100
AcDbLine
 10
0.0
 20
0.0
 30
0.0
 11
-1.200000047683715
 21
1.200000047683716
 31
0.0
  0
LINE
  5
B8
330
B5
100
AcDbEntity
  8
0
  6
K5LT_THIN
 62
     0
370
    18
100
AcDbLine
 10
0.0
 20
0.0
 30
0.0
 11
-1.0
 21
0.0
 31
0.0
  0
ENDBLK
  5
BA
330
B5
100
AcDbEntity
  8
0
100
AcDbBlockEnd
  0
BLOCK
  5
C0
330
BB
100
AcDbEntity
  8
0
100
AcDbBlockBegin
  2
KDIMARROW_10
 70
     0
 10
0.0
 20
0.0
 30
0.0
  3
KDIMARROW_10
  1

  0
LINE
  5
BC
330
BB
100
AcDbEntity
  8
0
  6
K5LT_THIN
 62
     0
370
    18
100
AcDbLine
 10
0.0
 20
0.0
 30
0.0
 11
1.200000047683715
 21
-1.200000047683716
 31
0.0
  0
LINE
  5
BD
330
BB
100
AcDbEntity
  8
0
  6
K5LT_THIN
 62
     0
370
    18
100
AcDbLine
 10
0.0
 20
0.0
 30
0.0
 11
1.200000047683716
 21
1.200000047683715
 31
0.0
  0
LINE
  5
BE
330
BB
100
AcDbEntity
  8
0
  6
K5LT_THIN
 62
     0
370
    18
100
AcDbLine
 10
0.0
 20
0.0
 30
0.0
 11
3.200000047683715
 21
-0.0000000000000004
 31
0.0
  0
LINE
  5
BF
330
BB
100
AcDbEntity
  8
0
  6
K5LT_THIN
 62
     0
370
    18
100
AcDbLine
 10
0.0
 20
0.0
 30
0.0
 11
-1.0
 21
0.0
 31
0.0
  0
ENDBLK
  5
C1
330
BB
100
AcDbEntity
  8
0
100
AcDbBlockEnd
  0
BLOCK
  5
C6
330
C2
100
AcDbEntity
  8
0
100
AcDbBlockBegin
  2
KDIMARROW_11
 70
     0
 10
0.0
 20
0.0
 30
0.0
  3
KDIMARROW_11
  1

  0
CIRCLE
  5
C3
330
C2
100
AcDbEntity
  8
0
  6
K5LT_THIN
 62
     0
370
    18
100
AcDbCircle
 10
0.0
 20
0.0
 30
0.0
 40
1.5
  0
HATCH
  5
C4
330
C2
100
AcDbEntity
  8
0
 62
     0
100
AcDbHatch
 10
0.0
 20
0.0
 30
0.0
210
0.0
220
0.0
230
1.0
  2
SOLID
 70
     1
 71
     0
 91
        1
 92
        1
 93
        8
 72
     1
 10
-1.5
 20
0.0000000000000002
 11
-1.060660171779821
 21
-1.060660171779821
 72
     1
 10
-1.060660171779821
 20
-1.060660171779821
 11
-0.0000000000000002
 21
-1.5
 72
     1
 10
-0.0000000000000003
 20
-1.5
 11
1.06066017177982
 21
-1.060660171779821
 72
     1
 10
1.06066017177982
 20
-1.060660171779821
 11
1.5
 21
-0.0000000000000004
 72
     1
 10
1.5
 20
-0.0000000000000004
 11
1.060660171779821
 21
1.06066017177982
 72
     1
 10
1.060660171779821
 20
1.06066017177982
 11
0.0000000000000004
 21
1.5
 72
     1
 10
0.0000000000000005
 20
1.5
 11
-1.06066017177982
 21
1.060660171779821
 72
     1
 10
-1.06066017177982
 20
1.060660171779821
 11
-1.5
 21
0.0000000000000004
 97
        0
 75
     0
 76
     1
 98
        0
  0
LINE
  5
C5
330
C2
100
AcDbEntity
  8
0
  6
K5LT_THIN
 62
     0
370
    18
100
AcDbLine
 10
0.0
 20
0.0
 30
0.0
 11
-1.0
 21
0.0
 31
0.0
  0
ENDBLK
  5
C7
330
C2
100
AcDbEntity
  8
0
100
AcDbBlockEnd
  0
BLOCK
  5
CC
330
C8
100
AcDbEntity
  8
0
100
AcDbBlockBegin
  2
KDIMARROW_12
 70
     0
 10
0.0
 20
0.0
 30
0.0
  3
KDIMARROW_12
  1

  0
CIRCLE
  5
C9
330
C8
100
AcDbEntity
  8
0
  6
K5LT_THIN
 62
     0
370
    18
100
AcDbCircle
 10
0.0
 20
0.0
 30
0.0
 40
0.9000000357627868
  0
HATCH
  5
CA
330
C8
100
AcDbEntity
  8
0
 62
     0
100
AcDbHatch
 10
0.0
 20
0.0
 30
0.0
210
0.0
220
0.0
230
1.0
  2
SOLID
 70
     1
 71
     0
 91
        1
 92
        1
 93
        8
 72
     1
 10
-0.9000000357627868
 20
0.0000000000000001
 11
-0.636396128356002
 21
-0.6363961283560018
 72
     1
 10
-0.636396128356002
 20
-0.6363961283560018
 11
-0.0000000000000001
 21
-0.9000000357627868
 72
     1
 10
-0.0000000000000002
 20
-0.9000000357627868
 11
0.6363961283560017
 21
-0.636396128356002
 72
     1
 10
0.6363961283560017
 20
-0.636396128356002
 11
0.9000000357627868
 21
-0.0000000000000002
 72
     1
 10
0.9000000357627868
 20
-0.0000000000000002
 11
0.6363961283560022
 21
0.6363961283560017
 72
     1
 10
0.6363961283560022
 20
0.6363961283560017
 11
0.0000000000000002
 21
0.9000000357627868
 72
     1
 10
0.0000000000000003
 20
0.9000000357627868
 11
-0.6363961283560017
 21
0.6363961283560022
 72
     1
 10
-0.6363961283560017
 20
0.6363961283560022
 11
-0.9000000357627868
 21
0.0000000000000003
 97
        0
 75
     0
 76
     1
 98
        0
  0
LINE
  5
CB
330
C8
100
AcDbEntity
  8
0
  6
K5LT_THIN
 62
     0
370
    18
100
AcDbLine
 10
0.0
 20
0.0
 30
0.0
 11
-1.0
 21
0.0
 31
0.0
  0
ENDBLK
  5
CD
330
C8
100
AcDbEntity
  8
0
100
AcDbBlockEnd
  0
BLOCK
  5
D2
330
CE
100
AcDbEntity
  8
0
100
AcDbBlockBegin
  2
KDIMARROW_13
 70
     0
 10
0.0
 20
0.0
 30
0.0
  3
KDIMARROW_13
  1

  0
LINE
  5
CF
330
CE
100
AcDbEntity
  8
0
  6
K5LT_THIN
 62
     0
370
    18
100
AcDbLine
 10
-1.060500025749206
 20
1.060500025749206
 30
0.0
 11
1.060500025749206
 21
-1.060500025749206
 31
0.0
  0
LINE
  5
D0
330
CE
100
AcDbEntity
  8
0
  6
K5LT_THIN
 62
     0
370
    18
100
AcDbLine
 10
0.0
 20
0.0
 30
0.0
 11
1.0
 21
-0.0000000000000001
 31
0.0
  0
LINE
  5
D1
330
CE
100
AcDbEntity
  8
0
  6
K5LT_THIN
 62
     0
370
    18
100
AcDbLine
 10
0.0
 20
0.0
 30
0.0
 11
-1.0
 21
0.0
 31
0.0
  0
ENDBLK
  5
D3
330
CE
100
AcDbEntity
  8
0
100
AcDbBlockEnd
  0
BLOCK
  5
E3
330
D6
100
AcDbEntity
  8
0
100
AcDbBlockBegin
  2
D0
 70
     0
 10
0.0
 20
0.0
 30
0.0
  3
D0
  1

  0
WIPEOUT
  5
D8
330
D6
100
AcDbEntity
  8
размеры
160
               236
310
EC000000080000000C00000010000000020000000C00000016000000000000C00C00000012000000FF7F00000C00000017000000FFFFFFFF1000000018000000000000000000F03F10000000190000000000000000000000100000001A000000000000000000000084000000060000000500000001000080703911C0DEED5F
310
EFD38B71C0000000000000000001000080703911C0DEED3F22E83B71C00000000000000000C0F5285C5EB10F40DEED3F22E83B71C00000000000000000C0F5285C5EB10F40DEED5FEFD38B71C0000000000000000001000080703911C0DEED5FEFD38B71C00000000000000000
100
AcDbWipeout
 90
        0
 10
-4.306093215942382
 20
-280.7392419574006
 30
0.0
 11
8.267698974609373
 21
0.0
 31
0.0
 12
0.0
 22
8.267698974609373
 32
0.0
 13
1.0
 23
1.0
340
0
 70
     7
280
     1
281
    50
282
    50
283
     0
360
0
 71
     2
 91
        5
 14
-0.5000000000000001
 24
0.5
 14
-0.5000000000000001
 24
-0.1041667318390864
 14
0.5
 24
-0.1041667318390864
 14
0.5
 24
0.5
 14
-0.5000000000000001
 24
0.5
290
     0
  0
LINE
  5
D9
330
D6
100
AcDbEntity
  8
размеры
  6
K5LT_THIN
 62
     7
370
    18
100
AcDbLine
 10
-172.4394999742508
 20
-280.6787418124421
 30
0.0
 11
-174.5605000257492
 21
-282.7997418639405
 31
0.0
  0
LINE
  5
DA
330
D6
100
AcDbEntity
  8
размеры
  6
K5LT_THIN
 62
     7
370
    18
100
AcDbLine
 10
-173.5
 20
-281.7392418381913
 30
0.0
 11
-174.5
 21
-281.7392418381913
 31
0.0
  0
LINE
  5
DB
330
D6
100
AcDbEntity
  8
размеры
  6
K5LT_THIN
 62
     7
370
    18
100
AcDbLine
 10
172.4394999742508
 20
-282.7997418639405
 30
0.0
 11
174.5605000257492
 21
-280.6787418124421
 31
0.0
  0
LINE
  5
DC
330
D6
100
AcDbEntity
  8
размеры
  6
K5LT_THIN
 62
     7
370
    18
100
AcDbLine
 10
173.5
 20
-281.7392418381913
 30
0.0
 11
174.5
 21
-281.7392418381913
 31
0.0
  0
LINE
  5
DD
330
D6
100
AcDbEntity
  8
размеры
  6
K5LT_THIN
 62
     7
370
    18
100
AcDbLine
 10
-173.5
 20
-281.7392418381913
 30
0.0
 11
173.5
 21
-281.7392418381913
 31
0.0
  0
LINE
  5
DE
330
D6
100
AcDbEntity
  8
размеры
  6
K5LT_THIN
 62
     7
370
    18
100
AcDbLine
 10
-173.5
 20
-231.0
 30
0.0
 11
-173.5
 21
-282.7392418381913
 31
0.0
  0
LINE
  5
DF
330
D6
100
AcDbEntity
  8
размеры
  6
K5LT_THIN
 62
     7
370
    18
100
AcDbLine
 10
173.5
 20
-231.0
 30
0.0
 11
173.5
 21
-282.7392418381913
 31
0.0
  0
MTEXT
  5
E1
330
D6
100
AcDbEntity
  8
размеры
 62
     7
100
AcDbMText
 10
-4.306093215942382
 20
-276.1650335786088
 30
0.0
 40
2.5
 41
0.0
 46
0.0
 71
     1
 72
     1
  1
\H3.5;\W0.965;\Q15;\Q0;R
  7
KTEXTSTYLE
 73
     1
 44
1.0
1001
ACAD
1000
MTEXTBEGIN
1070
    73
1070
     1
1070
    44
1040
1.0
1070
    74
1070
     0
1000
MTEXTEND
  0
MTEXT
  5
E2
330
D6
100
AcDbEntity
  8
размеры
 62
     7
100
AcDbMText
 10
-2.083593368530273
 20
-276.1650335786088
 30
0.0
 40
2.5
 41
0.0
 46
0.0
 71
     1
 72
     1
  1
\H3.5;\W0.965;\Q15;\Q0;347
  7
KTEXTSTYLE
 73
     1
 44
1.0
1001
ACAD
1000
MTEXTBEGIN
1070
    73
1070
     1
1070
    44
1040
1.0
1070
    74
1070
     0
1000
MTEXTEND
  0
ENDBLK
  5
E4
330
D6
100
AcDbEntity
  8
0
100
AcDbBlockEnd
  0
BLOCK
  5
F1
330
E6
100
AcDbEntity
  8
0
100
AcDbBlockBegin
  2
D1
 70
     0
 10
0.0
 20
0.0
 30
0.0
  3
D1
  1

  0
WIPEOUT
  5
E7
330
E6
100
AcDbEntity
  8
размеры
160
               236
310
EC000000080000000C00000010000000020000000C00000016000000000000C00C00000012000000FF7F00000C00000017000000FFFFFFFF1000000018000000000000000000F03F10000000190000000000000000000000100000001A0000000000000000000000840000000600000005000000A2AEDA1B71916F40040000
310
32B32A5EC00000000000000000A2AE9A8199F16E4004000032B32A5EC00000000000000000A2AE9A8199F16E40040000D2A22A5CC00000000000000000A2AEDA1B71916F40040000D2A22A5CC00000000000000000A2AEDA1B71916F4004000032B32A5EC00000000000000000
100
AcDbWipeout
 90
        0
 10
247.5499885579238
 20
-120.6671872138977
 30
0.0
 11
8.000999450683593
 21
0.0
 31
0.0
 12
0.0
 22
8.000999450683593
 32
0.0
 13
1.0
 23
1.0
340
0
 70
     7
280
     1
281
    50
282
    50
283
     0
360
0
 71
     2
 91
        5
 14
0.1243055883340212
 24
0.5
 14
-0.4999999999999929
 24
0.5
 14
-0.4999999999999929
 24
-0.5
 14
0.1243055883340212
 24
-0.5
 14
0.1243055883340212
 24
0.5
290
     0
  0
LINE
  5
E8
330
E6
100
AcDbEntity
  8
размеры
  6
K5LT_THIN
 62
     7
370
    18
100
AcDbLine
 10
252.4845570822844
 20
-231.9394999742508
 30
0.0
 11
254.6055571337829
 21
-234.0605000257492
 31
0.0
  0
LINE
  5
E9
330
E6
100
AcDbEntity
  8
размеры
  6
K5LT_THIN
 62
     7
370
    18
100
AcDbLine
 10
253.5450571080337
 20
-233.0
 30
0.0
 11
253.5450571080337
 21
-234.0
 31
0.0
  0
LINE
  5
EA
330
E6
100
AcDbEntity
  8
размеры
  6
K5LT_THIN
 62
     7
370
    18
100
AcDbLine
 10
254.6055571337829
 20
-1.060500025749291
 30
0.0
 11
252.4845570822845
 21
1.060500025749121
 31
0.0
  0
LINE
  5
EB
330
E6
100
AcDbEntity
  8
размеры
  6
K5LT_THIN
 62
     7
370
    18
100
AcDbLine
 10
253.5450571080338
 20
-0.0000000000000853
 30
0.0
 11
253.5450571080338
 21
0.9999999999999147
 31
0.0
  0
LINE
  5
EC
330
E6
100
AcDbEntity
  8
размеры
  6
K5LT_THIN
 62
     7
370
    18
100
AcDbLine
 10
253.5450571080337
 20
-233.0
 30
0.0
 11
253.5450571080337
 21
-0.0000000000000853
 31
0.0
  0
LINE
  5
ED
330
E6
100
AcDbEntity
  8
размеры
  6
K5LT_THIN
 62
     7
370
    18
100
AcDbLine
 10
171.5
 20
-233.0
 30
0.0
 11
254.5450571080337
 21
-233.0
 31
0.0
  0
LINE
  5
EE
330
E6
100
AcDbEntity
  8
размеры
  6
K5LT_THIN
 62
     7
370
    18
100
AcDbLine
 10
37.14212586596651
 20
-0.0000000000000284
 30
0.0
 11
254.5450571080337
 21
-0.0000000000000853
 31
0.0
  0
MTEXT
  5
EF
330
E6
100
AcDbEntity
  8
размеры
 62
     7
100
AcDbMText
 10
247.9708488484511
 20
-120.6671872138977
 30
0.0
 40
2.5
 41
0.0
 46
0.0
 71
     1
 72
     1
  1
\H3.5;\W0.965;\Q15;\Q0;R
  7
KTEXTSTYLE
 11
0.0000000000000001
 21
1.0
 31
0.0
 73
     1
 44
1.0
1001
ACAD
1000
MTEXTBEGIN
1070
    73
1070
     1
1070
    44
1040
1.0
1070
    74
1070
     0
1000
MTEXTEND
  0
MTEXT
  5
F0
330
E6
100
AcDbEntity
  8
размеры
 62
     7
100
AcDbMText
 10
247.9708488484511
 20
-118.4446873664856
 30
0.0
 40
2.5
 41
0.0
 46
0.0
 71
     1
 72
     1
  1
\H3.5;\W0.965;\Q15;\Q0;233
  7
KTEXTSTYLE
 11
0.0000000000000001
 21
1.0
 31
0.0
 73
     1
 44
1.0
1001
ACAD
1000
MTEXTBEGIN
1070
    73
1070
     1
1070
    44
1040
1.0
1070
    74
1070
     0
1000
MTEXTEND
  0
ENDBLK
  5
F2
330
E6
100
AcDbEntity
  8
0
100
AcDbBlockEnd
  0
BLOCK
  5
F8
330
F4
100
AcDbEntity
  8
0
100
AcDbBlockBegin
  2
U0
 70
     0
 10
0.0
 20
0.0
 30
0.0
  3
U0
  1

  0
LINE
  5
F6
330
F4
100
AcDbEntity
  8
размеры
  6
K5LT_THIN
 62
     7
370
    18
100
AcDbLine
 10
48.49999999999997
 20
0.0
 30
0.0
 11
37.14212586596651
 21
0.0
 31
0.0
  0
LINE
  5
F7
330
F4
100
AcDbEntity
  8
размеры
  6
K5LT_THIN
 62
     7
370
    18
100
AcDbLine
 10
55.36428432273355
 20
-6.740815133771633
 30
0.0
 11
46.74074339763471
 21
0.6507913734559399
 31
0.0
  0
ENDBLK
  5
F9
330
F4
100
AcDbEntity
  8
0
100
AcDbBlockEnd
  0
BLOCK
  5
FE
330
FA
100
AcDbEntity
  8
0
100
AcDbBlockBegin
  2
U1
 70
     0
 10
0.0
 20
0.0
 30
0.0
  3
U1
  1

  0
LINE
  5
FC
330
FA
100
AcDbEntity
  8
размеры
  6
K5LT_THIN
 62
     7
370
    18
100
AcDbLine
 10
174.2592566023652
 20
-108.6507913734559
 30
0.0
 11
167.2142447222074
 21
-102.6122097618921
 31
0.0
  0
LINE
  5
FD
330
FA
100
AcDbEntity
  8
размеры
  6
K5LT_THIN
 62
     7
370
    18
100
AcDbLine
 10
173.5
 20
-116.2788286044674
 30
0.0
 11
173.5
 21
-107.0
 31
0.0
  0
ENDBLK
  5
FF
330
FA
100
AcDbEntity
  8
0
100
AcDbBlockEnd
  0
BLOCK
  5
10B
330
100
100
AcDbEntity
  8
0
100
AcDbBlockBegin
  2
D2
 70
     0
 10
0.0
 20
0.0
 30
0.0
  3
D2
  1

  0
WIPEOUT
  5
101
330
100
100
AcDbEntity
  8
размеры
160
               236
310
EC000000080000000C00000010000000020000000C00000016000000000000C00C00000012000000FF7F00000C00000017000000FFFFFFFF1000000018000000000000000000F03F10000000190000000000000000000000100000001A0000000000000000000000840000000600000005000000000000E058FA224061C534
310
584E763E400000000000000000000000E058FA2240B1621A9585BA41400000000000000000EC51B88EC5773240B1621A9585BA41400000000000000000EC51B88EC577324061C534584E763E400000000000000000000000E058FA224061C534584E763E400000000000000000
100
AcDbWipeout
 90
        0
 10
9.488959312438964
 20
30.46213294304232
 30
0.0
 11
8.978898925781251
 21
0.0
 31
0.0
 12
0.0
 22
8.978898925781251
 32
0.0
 13
1.0
 23
1.0
340
0
 70
     7
280
     1
281
    50
282
    50
283
     0
360
0
 71
     2
 91
        5
 14
-0.5
 24
0.4999999999999996
 14
-0.5
 24
-0.0563119387586313
 14
0.4999999999999999
 24
-0.0563119387586313
 14
0.4999999999999999
 24
0.4999999999999996
 14
-0.5
 24
0.4999999999999996
290
     0
  0
LINE
  5
102
330
100
100
AcDbEntity
  8
размеры
  6
K5LT_THIN
 62
     7
370
    18
100
AcDbLine
 10
1.06050002574922
 20
30.52263308800082
 30
0.0
 11
-1.060500025749192
 21
28.40163303650241
 31
0.0
  0
LINE
  5
103
330
100
100
AcDbEntity
  8
размеры
  6
K5LT_THIN
 62
     7
370
    18
100
AcDbLine
 10
0.0000000000000142
 20
29.46213306225161
 30
0.0
 11
-0.9999999999999857
 21
29.46213306225161
 31
0.0
  0
LINE
  5
104
330
100
100
AcDbEntity
  8
размеры
  6
K5LT_THIN
 62
     7
370
    18
100
AcDbLine
 10
46.43949997425077
 20
28.40163303650241
 30
0.0
 11
48.56050002574919
 21
30.52263308800082
 31
0.0
  0
LINE
  5
105
330
100
100
AcDbEntity
  8
размеры
  6
K5LT_THIN
 62
     7
370
    18
100
AcDbLine
 10
47.49999999999999
 20
29.46213306225161
 30
0.0
 11
48.49999999999998
 21
29.46213306225161
 31
0.0
  0
LINE
  5
106
330
100
100
AcDbEntity
  8
размеры
  6
K5LT_THIN
 62
     7
370
    18
100
AcDbLine
 10
0.0000000000000142
 20
29.46213306225161
 30
0.0
 11
47.49999999999999
 21
29.46213306225161
 31
0.0
  0
LINE
  5
107
330
100
100
AcDbEntity
  8
размеры
  6
K5LT_THIN
 62
     7
370
    18
100
AcDbLine
 10
0.0000000000000142
 20
0.0
 30
0.0
 11
0.0000000000000142
 21
30.46213306225161
 31
0.0
  0
LINE
  5
108
330
100
100
AcDbEntity
  8
размеры
  6
K5LT_THIN
 62
     7
370
    18
100
AcDbLine
 10
47.49999999999999
 20
0.0
 30
0.0
 11
47.49999999999999
 21
30.46213306225161
 31
0.0
  0
MTEXT
  5
109
330
100
100
AcDbEntity
  8
размеры
 62
     7
100
AcDbMText
 10
9.488959312438964
 20
35.03634132183413
 30
0.0
 40
2.5
 41
0.0
 46
0.0
 71
     1
 72
     1
  1
\H3.5;\W0.965;\Q15;\Q0;R
  7
KTEXTSTYLE
 73
     1
 44
1.0
1001
ACAD
1000
MTEXTBEGIN
1070
    73
1070
     1
1070
    44
1040
1.0
1070
    74
1070
     0
1000
MTEXTEND
  0
MTEXT
  5
10A
330
100
100
AcDbEntity
  8
размеры
 62
     7
100
AcDbMText
 10
11.71145915985107
 20
35.03634132183413
 30
0.0
 40
2.5
 41
0.0
 46
0.0
 71
     1
 72
     1
  1
\H3.5;\W0.965;\Q15;\Q0;47,5
  7
KTEXTSTYLE
 73
     1
 44
1.0
1001
ACAD
1000
MTEXTBEGIN
1070
    73
1070
     1
1070
    44
1040
1.0
1070
    74
1070
     0
1000
MTEXTEND
  0
ENDBLK
  5
10C
330
100
100
AcDbEntity
  8
0
100
AcDbBlockEnd
  0
BLOCK
  5
119
330
10E
100
AcDbEntity
  8
0
100
AcDbBlockBegin
  2
D3
 70
     0
 10
0.0
 20
0.0
 30
0.0
  3
D3
  1

  0
WIPEOUT
  5
10F
330
10E
100
AcDbEntity
  8
размеры
160
               236
310
EC000000080000000C00000010000000020000000C00000016000000000000C00C00000012000000FF7F00000C00000017000000FFFFFFFF1000000018000000000000000000F03F10000000190000000000000000000000100000001A00000000000000000000008400000006000000050000001C13BEBB1DD76B40020080
310
10F1CD65C000000000000000001C137E2146376B4002008010F1CD65C000000000000000001C137E2146376B400200803822DC64C000000000000000001C13BEBB1DD76B400200803822DC64C000000000000000001C13BEBB1DD76B4002008010F1CD65C00000000000000000
100
AcDbWipeout
 90
        0
 10
217.7273108923336
 20
-174.4356768131256
 30
0.0
 11
7.556499481201171
 21
0.0
 31
0.0
 12
0.0
 22
7.556499481201171
 32
0.0
 13
1.0
 23
1.0
340
0
 70
     7
280
     1
281
    50
282
    50
283
     0
360
0
 71
     2
 91
        5
 14
0.1610294464713107
 24
0.5000000000000036
 14
-0.5
 24
0.5000000000000036
 14
-0.5
 24
-0.4999999999999965
 14
0.1610294464713107
 24
-0.4999999999999965
 14
0.1610294464713107
 24
0.5000000000000036
290
     0
  0
LINE
  5
110
330
10E
100
AcDbEntity
  8
размеры
  6
K5LT_THIN
 62
     7
370
    18
100
AcDbLine
 10
222.6618794166942
 20
-231.9394999742508
 30
0.0
 11
224.7828794681926
 21
-234.0605000257492
 31
0.0
  0
LINE
  5
111
330
10E
100
AcDbEntity
  8
размеры
  6
K5LT_THIN
 62
     7
370
    18
100
AcDbLine
 10
223.7223794424434
 20
-233.0
 30
0.0
 11
223.7223794424434
 21
-234.0
 31
0.0
  0
LINE
  5
112
330
10E
100
AcDbEntity
  8
размеры
  6
K5LT_THIN
 62
     7
370
    18
100
AcDbLine
 10
224.7828794681926
 20
-109.0605000257492
 30
0.0
 11
222.6618794166942
 21
-106.9394999742508
 31
0.0
  0
LINE
  5
113
330
10E
100
AcDbEntity
  8
размеры
  6
K5LT_THIN
 62
     7
370
    18
100
AcDbLine
 10
223.7223794424434
 20
-108.0
 30
0.0
 11
223.7223794424434
 21
-107.0
 31
0.0
  0
LINE
  5
114
330
10E
100
AcDbEntity
  8
размеры
  6
K5LT_THIN
 62
     7
370
    18
100
AcDbLine
 10
223.7223794424434
 20
-233.0
 30
0.0
 11
223.7223794424434
 21
-108.0
 31
0.0
  0
LINE
  5
115
330
10E
100
AcDbEntity
  8
размеры
  6
K5LT_THIN
 62
     7
370
    18
100
AcDbLine
 10
171.5
 20
-233.0
 30
0.0
 11
224.7223794424434
 21
-233.0
 31
0.0
  0
LINE
  5
116
330
10E
100
AcDbEntity
  8
размеры
  6
K5LT_THIN
 62
     7
370
    18
100
AcDbLine
 10
173.4999999999999
 20
-108.0
 30
0.0
 11
224.7223794424434
 21
-108.0
 31
0.0
  0
MTEXT
  5
117
330
10E
100
AcDbEntity
  8
размеры
 62
     7
100
AcDbMText
 10
218.1481711828609
 20
-174.4356768131256
 30
0.0
 40
2.5
 41
0.0
 46
0.0
 71
     1
 72
     1
  1
\H3.5;\W0.965;\Q15;\Q0;R
  7
KTEXTSTYLE
 11
0.0000000000000001
 21
1.0
 31
0.0
 73
     1
 44
1.0
1001
ACAD
1000
MTEXTBEGIN
1070
    73
1070
     1
1070
    44
1040
1.0
1070
    74
1070
     0
1000
MTEXTEND
  0
MTEXT
  5
118
330
10E
100
AcDbEntity
  8
размеры
 62
     7
100
AcDbMText
 10
218.1481711828609
 20
-172.2131769657135
 30
0.0
 40
2.5
 41
0.0
 46
0.0
 71
     1
 72
     1
  1
\H3.5;\W0.965;\Q15;\Q0;125
  7
KTEXTSTYLE
 11
0.0000000000000001
 21
1.0
 31
0.0
 73
     1
 44
1.0
1001
ACAD
1000
MTEXTBEGIN
1070
    73
1070
     1
1070
    44
1040
1.0
1070
    74
1070
     0
1000
MTEXTEND
  0
ENDBLK
  5
11A
330
10E
100
AcDbEntity
  8
0
100
AcDbBlockEnd
  0
BLOCK
  5
124
330
11C
100
AcDbEntity
  8
0
100
AcDbBlockBegin
  2
D4
 70
     0
 10
0.0
 20
0.0
 30
0.0
  3
D4
  1

  0
WIPEOUT
  5
11D
330
11C
100
AcDbEntity
  8
размеры
160
               236
310
EC000000080000000C00000010000000020000000C00000016000000000000C00C00000012000000FF7F00000C00000017000000FFFFFFFF1000000018000000000000000000F03F10000000190000000000000000000000100000001A0000000000000000000000840000000600000005000000409C17CE09CD6540C65361
310
44CC076DC00000000000000000E487234A26376640DA2354E741906CC000000000000000004CF8585A459D66408750130CE8EA6CC00000000000000000A90C4DDE283366407180206972626DC00000000000000000409C17CE09CD6540C6536144CC076DC00000000000000000
100
AcDbWipeout
 90
        0
 10
174.4074469052448
 20
-235.0764661440658
 30
0.0
 11
6.568421267646698
 21
0.0
 31
0.0
 12
0.0
 22
6.568421267646698
 32
0.0
 13
1.0
 23
1.0
340
0
 70
     7
280
     1
281
    50
282
    50
283
     0
360
0
 71
     2
 91
        5
 14
-0.5000000000000036
 24
0.0687272361692166
 14
0.0048362435421616
 24
-0.4999999999999929
 14
0.4906899637258953
 24
-0.0687272361691953
 14
-0.0141462798162664
 24
0.5000000000000071
 14
-0.5000000000000036
 24
0.0687272361692166
290
     0
  0
LINE
  5
11E
330
11C
100
AcDbEntity
  8
размеры
  6
K5LT_THIN
 62
     7
370
    18
100
AcDbLine
 10
171.4986066123638
 20
-232.4167987029575
 30
0.0
 11
174.4928558245702
 21
-232.2386019237675
 31
0.0
  0
LINE
  5
11F
330
11C
100
AcDbEntity
  8
размеры
  6
K5LT_THIN
 62
     7
370
    18
100
AcDbLine
 10
172.995731218467
 20
-232.3277003133625
 30
0.0
 11
173.7435968277006
 21
-232.9915504700438
 31
0.0
  0
LINE
  5
120
330
11C
100
AcDbEntity
  8
размеры
  6
K5LT_THIN
 62
     7
370
    18
100
AcDbLine
 10
171.5
 20
-231.0
 30
0.0
 11
172.995731218467
 21
-232.3277003133625
 31
0.0
  0
LINE
  5
121
330
11C
100
AcDbEntity
  8
размеры
  6
K5LT_THIN
 62
     7
370
    18
100
AcDbLine
 10
172.9957312184671
 20
-232.3277003133625
 30
0.0
 11
177.8157248417467
 21
-236.6062143705824
 31
0.0
  0
MTEXT
  5
122
330
11C
100
AcDbEntity
  8
размеры
 62
     7
100
AcDbMText
 10
177.4440358541985
 20
-228.8227918139965
 30
0.0
 40
2.5
 41
0.0
 46
0.0
 71
     1
 72
     1
  1
\H3.5;\W0.965;\Q15;\Q0;R
  7
KTEXTSTYLE
 11
0.7478656092335437
 21
-0.6638501566812654
 31
0.0
 73
     1
 44
1.0
1001
ACAD
1000
MTEXTBEGIN
1070
    73
1070
     1
1070
    44
1040
1.0
1070
    74
1070
     0
1000
MTEXTEND
  0
MTEXT
  5
123
330
11C
100
AcDbEntity
  8
размеры
 62
     7
100
AcDbMText
 10
179.1061670566048
 20
-230.2981986859251
 30
0.0
 40
2.5
 41
0.0
 46
0.0
 71
     1
 72
     1
  1
\H3.5;\W0.965;\Q15;\Q0;2
  7
KTEXTSTYLE
 11
0.7478656092335437
 21
-0.6638501566812654
 31
0.0
 73
     1
 44
1.0
1001
ACAD
1000
MTEXTBEGIN
1070
    73
1070
     1
1070
    44
1040
1.0
1070
    74
1070
     0
1000
MTEXTEND
  0
ENDBLK
  5
125
330
11C
100
AcDbEntity
  8
0
100
AcDbBlockEnd
  0
BLOCK
  5
12F
330
127
100
AcDbEntity
  8
0
100
AcDbBlockBegin
  2
D5
 70
     0
 10
0.0
 20
0.0
 30
0.0
  3
D5
  1

  0
WIPEOUT
  5
128
330
127
100
AcDbEntity
  8
размеры
160
               236
310
EC000000080000000C00000010000000020000000C00000016000000000000C00C00000012000000FF7F00000C00000017000000FFFFFFFF1000000018000000000000000000F03F10000000190000000000000000000000100000001A00000000000000000000008400000006000000050000003EE73A571F2366C00F05BB
310
E24D806DC00000000000000000DDA1B315A09C66C057B92F2172186DC0000000000000000091165CA1E64366C070AE33E4A5B06CC00000000000000000F15BE3E265CA65C028FABEA581186DC000000000000000003EE73A571F2366C00F05BBE24D806DC00000000000000000
100
AcDbWipeout
 90
        0
 10
-180.8945415981715
 20
-236.0095075276117
 30
0.0
 11
6.569604307921849
 21
0.0
 31
0.0
 12
0.0
 22
6.569604307921849
 32
0.0
 13
1.0
 23
1.0
340
0
 70
     7
280
     1
281
    50
282
    50
283
     0
360
0
 71
     2
 91
        5
 14
0.0779595917758407
 24
0.5000000000000071
 14
-0.5
 24
0.0059709024554238
 14
-0.0779595917758442
 24
-0.4877698574765006
 14
0.5
 24
0.0062592400680828
 14
0.0779595917758407
 24
0.5000000000000071
290
     0
  0
LINE
  5
129
330
127
100
AcDbEntity
  8
размеры
  6
K5LT_THIN
 62
     7
370
    18
100
AcDbLine
 10
-172.9165772479404
 20
-231.0250879821648
 30
0.0
 11
-172.6824466312729
 21
-234.0154834896607
 31
0.0
  0
LINE
  5
12A
330
127
100
AcDbEntity
  8
размеры
  6
K5LT_THIN
 62
     7
370
    18
100
AcDbLine
 10
-172.7995119396067
 20
-232.5202857359128
 30
0.0
 11
-173.44926790941
 21
-233.2804286038691
 31
0.0
  0
LINE
  5
12B
330
127
100
AcDbEntity
  8
размеры
  6
K5LT_THIN
 62
     7
370
    18
100
AcDbLine
 10
-171.5
 20
-231.0
 30
0.0
 11
-172.7995119396067
 21
-232.5202857359128
 31
0.0
  0
LINE
  5
12C
330
127
100
AcDbEntity
  8
размеры
  6
K5LT_THIN
 62
     7
370
    18
100
AcDbLine
 10
-172.7995119396066
 20
-232.5202857359128
 30
0.0
 11
-176.9871889666992
 21
-237.4194062879144
 31
0.0
  0
MTEXT
  5
12D
330
127
100
AcDbEntity
  8
размеры
 62
     7
100
AcDbMText
 10
-180.5746276499211
 20
-233.0373883263673
 30
0.0
 40
2.5
 41
0.0
 46
0.0
 71
     1
 72
     1
  1
\H3.5;\W0.965;\Q15;\Q0;R
  7
KTEXTSTYLE
 11
0.6497559698033228
 21
0.7601428679563754
 31
0.0
 73
     1
 44
1.0
1001
ACAD
1000
MTEXTBEGIN
1070
    73
1070
     1
1070
    44
1040
1.0
1070
    74
1070
     0
1000
MTEXTEND
  0
MTEXT
  5
12E
330
127
100
AcDbEntity
  8
размеры
 62
     7
100
AcDbMText
 10
-179.1305451061781
 20
-231.3479709183229
 30
0.0
 40
2.5
 41
0.0
 46
0.0
 71
     1
 72
     1
  1
\H3.5;\W0.965;\Q15;\Q0;2
  7
KTEXTSTYLE
 11
0.6497559698033228
 21
0.7601428679563754
 31
0.0
 73
     1
 44
1.0
1001
ACAD
1000
MTEXTBEGIN
1070
    73
1070
     1
1070
    44
1040
1.0
1070
    74
1070
     0
1000
MTEXTEND
  0
ENDBLK
  5
130
330
127
100
AcDbEntity
  8
0
100
AcDbBlockEnd
  0
BLOCK
  5
13A
330
132
100
AcDbEntity
  8
0
100
AcDbBlockBegin
  2
D6
 70
     0
 10
0.0
 20
0.0
 30
0.0
  3
D6
  1

  0
WIPEOUT
  5
133
330
132
100
AcDbEntity
  8
размеры
160
               236
310
EC000000080000000C00000010000000020000000C00000016000000000000C00C00000012000000FF7F00000C00000017000000FFFFFFFF1000000018000000000000000000F03F10000000190000000000000000000000100000001A000000000000000000000084000000060000000500000059BB554822E46440052BB5
310
E2174E59C00000000000000000FD681D35EF6A64405C194E2EAB7D58C00000000000000000EAC4AD01A3E164405568C8D0906957C000000000000000004717E614D65A6540007A2F85FD3958C0000000000000000059BB554822E46440052BB5E2174E59C00000000000000000
100
AcDbWipeout
 90
        0
 10
163.3417001318375
 20
-101.2202078599185
 30
0.0
 11
7.570744019709991
 21
0.0
 31
0.0
 12
0.0
 22
7.570744019709991
 32
0.0
 13
1.0
 23
1.0
340
0
 70
     7
280
     1
281
    50
282
    50
283
     0
360
0
 71
     2
 91
        5
 14
0.0002790664814931
 24
0.4999999999999983
 14
-0.5000000000000036
 24
0.0698395296774965
 14
-0.0100285890065557
 24
-0.5000000000000018
 14
0.4902504774749446
 24
-0.0698395296774965
 14
0.0002790664814931
 24
0.4999999999999983
290
     0
  0
LINE
  5
134
330
132
100
AcDbEntity
  8
размеры
  6
K5LT_THIN
 62
     7
370
    18
100
AcDbLine
 10
167.3481640280584
 20
-104.1259553291272
 30
0.0
 11
167.1227551638353
 21
-101.1348897529751
 31
0.0
  0
LINE
  5
135
330
132
100
AcDbEntity
  8
размеры
  6
K5LT_THIN
 62
     7
370
    18
100
AcDbLine
 10
167.2354595959468
 20
-102.6304225410511
 30
0.0
 11
167.8874295734995
 21
-101.8721777597502
 31
0.0
  0
LINE
  5
136
330
132
100
AcDbEntity
  8
размеры
  6
K5LT_THIN
 62
     7
370
    18
100
AcDbLine
 10
155.5
 20
-116.2788286044674
 30
0.0
 11
167.2354595959468
 21
-102.6304225410511
 31
0.0
  0
LINE
  5
137
330
132
100
AcDbEntity
  8
размеры
  6
K5LT_THIN
 62
     7
370
    18
100
AcDbLine
 10
167.2354595959468
 20
-102.6304225410511
 30
0.0
 11
172.4034080193933
 21
-96.62006921646991
 31
0.0
  0
MTEXT
  5
138
330
132
100
AcDbEntity
  8
размеры
 62
     7
100
AcDbMText
 10
163.6608152507866
 20
-98.23796132587672
 30
0.0
 40
2.5
 41
0.0
 46
0.0
 71
     1
 72
     1
  1
\H3.5;\W0.965;\Q15;\Q0;R
  7
KTEXTSTYLE
 11
0.6519699775526008
 21
0.7582447813009077
 31
0.0
 73
     1
 44
1.0
1001
ACAD
1000
MTEXTBEGIN
1070
    73
1070
     1
1070
    44
1040
1.0
1070
    74
1070
     0
1000
MTEXTEND
  0
MTEXT
  5
139
330
132
100
AcDbEntity
  8
размеры
 62
     7
100
AcDbMText
 10
165.1098184264146
 20
-96.55276241513442
 30
0.0
 40
2.5
 41
0.0
 46
0.0
 71
     1
 72
     1
  1
\H3.5;\W0.965;\Q15;\Q0;18
  7
KTEXTSTYLE
 11
0.6519699775526008
 21
0.7582447813009077
 31
0.0
 73
     1
 44
1.0
1001
ACAD
1000
MTEXTBEGIN
1070
    73
1070
     1
1070
    44
1040
1.0
1070
    74
1070
     0
1000
MTEXTEND
  0
ENDBLK
  5
13B
330
132
100
AcDbEntity
  8
0
100
AcDbBlockEnd
  0
BLOCK
  5
146
330
13D
100
AcDbEntity
  8
0
100
AcDbBlockBegin
  2
D7
 70
     0
 10
0.0
 20
0.0
 30
0.0
  3
D7
  1

  0
WIPEOUT
  5
13E
330
13D
100
AcDbEntity
  8
размеры
160
               236
310
EC000000080000000C00000010000000020000000C00000016000000000000C00C00000012000000FF7F00000C00000017000000FFFFFFFF1000000018000000000000000000F03F10000000190000000000000000000000100000001A0000000000000000000000840000000600000005000000AAF99EBE279B4E406AC903
310
43899627C000000000000000002021347C8F484D40A09BA3FA403A1EC00000000000000000EBC2C32A8BFF4F4028EDDFD72FAB10C00000000000000000BA4D97B611A950402EF2A1B100CF20C00000000000000000AAF99EBE279B4E406AC90343899627C00000000000000000
100
AcDbWipeout
 90
        0
 10
58.56687881989842
 20
-11.79401597424722
 30
0.0
 11
8.074827310851695
 21
0.0
 31
0.0
 12
0.0
 22
8.074827310851695
 32
0.0
 13
1.0
 23
1.0
340
0
 70
     7
280
     1
281
    50
282
    50
283
     0
360
0
 71
     2
 91
        5
 14
-0.1724051812368632
 24
0.5000000000000001
 14
-0.5
 24
-0.0247328903386509
 14
0.1724051812368641
 24
-0.4445206672026528
 14
0.5000000000000009
 24
0.0802122231359984
 14
-0.1724051812368632
 24
0.5000000000000001
290
     0
  0
LINE
  5
13F
330
13D
100
AcDbEntity
  8
размеры
  6
K5LT_THIN
 62
     7
370
    18
100
AcDbLine
 10
60.55549889497516
 20
-14.63305260832666
 30
0.0
 11
61.23143082629329
 21
-11.71065659458433
 31
0.0
  0
LINE
  5
140
330
13D
100
AcDbEntity
  8
размеры
  6
K5LT_THIN
 62
     7
370
    18
100
AcDbLine
 10
60.89346486063423
 20
-13.1718546014555
 30
0.0
 11
61.74172696758664
 21
-12.64227798007891
 31
0.0
  0
LINE
  5
141
330
13D
100
AcDbEntity
  8
размеры
  6
K5LT_THIN
 62
     7
370
    18
100
AcDbLine
 10
37.14212586596647
 20
-27.99999999999994
 30
0.0
 11
60.89346486063423
 21
-13.1718546014555
 31
0.0
  0
LINE
  5
142
330
13D
100
AcDbEntity
  8
размеры
  6
K5LT_THIN
 62
     7
370
    18
100
AcDbLine
 10
60.89346486063423
 20
-13.1718546014555
 30
0.0
 11
68.24577628434075
 21
-8.58174947809487
 31
0.0
  0
ARC
  5
143
330
13D
100
AcDbEntity
  8
размеры
  6
K5LT_THIN
 62
     7
370
    18
100
AcDbCircle
 10
37.14212586596647
 20
-27.99999999999994
 30
0.0
 40
28.0
100
AcDbArc
 50
29.93079292548415
 51
49.39870535499562
  0
MTEXT
  5
144
330
13D
100
AcDbEntity
  8
размеры
 62
     7
100
AcDbMText
 10
58.78975659062746
 20
-7.913888337213867
 30
0.0
 40
2.5
 41
0.0
 46
0.0
 71
     1
 72
     1
  1
\H3.5;\W0.965;\Q15;\Q0;R
  7
KTEXTSTYLE
 11
0.8482621069524192
 21
0.5295766213765884
 31
0.0
 73
     1
 44
1.0
1001
ACAD
1000
MTEXTBEGIN
1070
    73
1070
     1
1070
    44
1040
1.0
1070
    74
1070
     0
1000
MTEXTEND
  0
MTEXT
  5
145
330
13D
100
AcDbEntity
  8
размеры
 62
     7
100
AcDbMText
 10
60.67501899389469
 20
-6.736904377011381
 30
0.0
 40
2.5
 41
0.0
 46
0.0
 71
     1
 72
     1
  1
\H3.5;\W0.965;\Q15;\Q0;28
  7
KTEXTSTYLE
 11
0.8482621069524192
 21
0.5295766213765884
 31
0.0
 73
     1
 44
1.0
1001
ACAD
1000
MTEXTBEGIN
1070
    73
1070
     1
1070
    44
1040
1.0
1070
    74
1070
     0
1000
MTEXTEND
  0
ENDBLK
  5
147
330
13D
100
AcDbEntity
  8
0
100
AcDbBlockEnd
  0
BLOCK
  5
151
330
149
100
AcDbEntity
  8
0
100
AcDbBlockBegin
  2
D8
 70
     0
 10
0.0
 20
0.0
 30
0.0
  3
D8
  1

  0
WIPEOUT
  5
14A
330
149
100
AcDbEntity
  8
размеры
160
               236
310
EC000000080000000C00000010000000020000000C00000016000000000000C00C00000012000000FF7F00000C00000017000000FFFFFFFF1000000018000000000000000000F03F10000000190000000000000000000000100000001A000000000000000000000084000000060000000500000085990B2057E349C0F22F08
310
90FFA732C00000000000000000A8949B8BDEAA48C070BCC58EBF982CC000000000000000005998CE5F13E045C03CE05C8F306D31C00000000000000000369D3EF48B1847C0F5310258D0C835C0000000000000000085990B2057E349C0F22F0890FFA732C00000000000000000
100
AcDbWipeout
 90
        0
 10
-51.77609634939567
 20
-21.78442907384484
 30
0.0
 11
8.025505094325438
 21
0.0
 31
0.0
 12
0.0
 22
8.025505094325438
 32
0.0
 13
1.0
 23
1.0
340
0
 70
     7
280
     1
281
    50
282
    50
283
     0
360
0
 71
     2
 91
        5
 14
-0.4999999999999992
 24
0.1102194552376972
 14
-0.1958222846012711
 24
-0.4327877207171975
 14
0.5000000000000009
 24
-0.0430071759548949
 14
0.1958222846012729
 24
0.4999999999999996
 14
-0.4999999999999992
 24
0.1102194552376972
290
     0
  0
LINE
  5
14B
330
149
100
AcDbEntity
  8
размеры
  6
K5LT_THIN
 62
     7
370
    18
100
AcDbLine
 10
-60.12698713892373
 20
-13.90895775926493
 30
0.0
 11
-63.01400714077779
 21
-14.7228360952631
 31
0.0
  0
LINE
  5
14C
330
149
100
AcDbEntity
  8
размеры
  6
K5LT_THIN
 62
     7
370
    18
100
AcDbLine
 10
-61.57049713985077
 20
-14.31589692726402
 30
0.0
 11
-62.44293897106092
 21
-13.82717896038059
 31
0.0
  0
LINE
  5
14D
330
149
100
AcDbEntity
  8
размеры
  6
K5LT_THIN
 62
     7
370
    18
100
AcDbLine
 10
-37.14212586596646
 20
-27.99999999999994
 30
0.0
 11
-61.57049713985077
 21
-14.31589692726402
 31
0.0
  0
ARC
  5
14E
330
149
100
AcDbEntity
  8
размеры
  6
K5LT_THIN
 62
     7
370
    18
100
AcDbCircle
 10
-37.14212586596646
 20
-27.99999999999994
 30
0.0
 40
27.99999999999994
100
AcDbArc
 50
130.6012946450044
 51
152.7897083385531
  0
MTEXT
  5
14F
330
149
100
AcDbEntity
  8
размеры
 62
     7
100
AcDbMText
 10
-49.54059853041139
 20
-14.66551259185607
 30
0.0
 40
2.5
 41
0.0
 46
0.0
 71
     1
 72
     1
  1
\H3.5;\W0.965;\Q15;\Q0;R
  7
KTEXTSTYLE
 11
0.8724418312101544
 21
-0.488717966883429
 31
0.0
 73
     1
 44
1.0
1001
ACAD
1000
MTEXTBEGIN
1070
    73
1070
     1
1070
    44
1040
1.0
1070
    74
1070
     0
1000
MTEXTEND
  0
MTEXT
  5
150
330
149
100
AcDbEntity
  8
размеры
 62
     7
100
AcDbMText
 10
-47.60159669367087
 20
-15.75168819868205
 30
0.0
 40
2.5
 41
0.0
 46
0.0
 71
     1
 72
     1
  1
\H3.5;\W0.965;\Q15;\Q0;28
  7
KTEXTSTYLE
 11
0.8724418312101544
 21
-0.488717966883429
 31
0.0
 73
     1
 44
1.0
1001
ACAD
1000
MTEXTBEGIN
1070
    73
1070
     1
1070
    44
1040
1.0
1070
    74
1070
     0
1000
MTEXTEND
  0
ENDBLK
  5
152
330
149
100
AcDbEntity
  8
0
100
AcDbBlockEnd
  0
BLOCK
  5
15F
330
154
100
AcDbEntity
  8
0
100
AcDbBlockBegin
  2
D9
 70
     0
 10
0.0
 20
0.0
 30
0.0
  3
D9
  1

  0
WIPEOUT
  5
155
330
154
100
AcDbEntity
  8
размеры
160
               236
310
EC000000080000000C00000010000000020000000C00000016000000000000C00C00000012000000FF7F00000C00000017000000FFFFFFFF1000000018000000000000000000F03F10000000190000000000000000000000100000001A0000000000000000000000840000000600000005000000030000083A9B5A4067C534
310
584E763E400000000000000000030000083A9B5A40B4621A9585BA41400000000000000000D0CCCC54E98F5C40B4621A9585BA41400000000000000000D0CCCC54E98F5C4067C534584E763E400000000000000000030000083A9B5A4067C534584E763E400000000000000000
100
AcDbWipeout
 90
        0
 10
106.4254169464112
 20
30.46213294304235
 30
0.0
 11
7.823199462890627
 21
0.0
 31
0.0
 12
0.0
 22
7.823199462890627
 32
0.0
 13
1.0
 23
1.0
340
0
 70
     7
280
     1
281
    50
282
    50
283
     0
360
0
 71
     2
 91
        5
 14
-0.5000000000000018
 24
0.5000000000000005
 14
-0.5000000000000018
 24
-0.1384943517052424
 14
0.4999999999999983
 24
-0.1384943517052424
 14
0.4999999999999983
 24
0.5000000000000005
 14
-0.5000000000000018
 24
0.5000000000000005
290
     0
  0
LINE
  5
156
330
154
100
AcDbEntity
  8
размеры
  6
K5LT_THIN
 62
     7
370
    18
100
AcDbLine
 10
172.4394999742508
 20
28.40163303650241
 30
0.0
 11
174.5605000257493
 21
30.52263308800082
 31
0.0
  0
LINE
  5
157
330
154
100
AcDbEntity
  8
размеры
  6
K5LT_THIN
 62
     7
370
    18
100
AcDbLine
 10
173.5000000000001
 20
29.46213306225161
 30
0.0
 11
174.5000000000001
 21
29.46213306225161
 31
0.0
  0
LINE
  5
158
330
154
100
AcDbEntity
  8
размеры
  6
K5LT_THIN
 62
     7
370
    18
100
AcDbLine
 10
48.56050002574922
 20
30.52263308800088
 30
0.0
 11
46.43949997425081
 21
28.40163303650249
 31
0.0
  0
LINE
  5
159
330
154
100
AcDbEntity
  8
размеры
  6
K5LT_THIN
 62
     7
370
    18
100
AcDbLine
 10
47.50000000000001
 20
29.4621330622517
 30
0.0
 11
46.50000000000001
 21
29.4621330622517
 31
0.0
  0
LINE
  5
15A
330
154
100
AcDbEntity
  8
размеры
  6
K5LT_THIN
 62
     7
370
    18
100
AcDbLine
 10
173.5000000000001
 20
29.46213306225161
 30
0.0
 11
47.50000000000001
 21
29.46213306225161
 31
0.0
  0
LINE
  5
15B
330
154
100
AcDbEntity
  8
размеры
  6
K5LT_THIN
 62
     7
370
    18
100
AcDbLine
 10
173.5
 20
-116.2788286044674
 30
0.0
 11
173.5
 21
30.46213306225161
 31
0.0
  0
LINE
  5
15C
330
154
100
AcDbEntity
  8
размеры
  6
K5LT_THIN
 62
     7
370
    18
100
AcDbLine
 10
47.5
 20
0.0
 30
0.0
 11
47.5
 21
30.46213306225169
 31
0.0
  0
MTEXT
  5
15D
330
154
100
AcDbEntity
  8
размеры
 62
     7
100
AcDbMText
 10
106.4254169464112
 20
35.03634132183416
 30
0.0
 40
2.5
 41
0.0
 46
0.0
 71
     1
 72
     1
  1
\H3.5;\W0.965;\Q15;\Q0;R
  7
KTEXTSTYLE
 73
     1
 44
1.0
1001
ACAD
1000
MTEXTBEGIN
1070
    73
1070
     1
1070
    44
1040
1.0
1070
    74
1070
     0
1000
MTEXTEND
  0
MTEXT
  5
15E
330
154
100
AcDbEntity
  8
размеры
 62
     7
100
AcDbMText
 10
108.6479167938233
 20
35.03634132183416
 30
0.0
 40
2.5
 41
0.0
 46
0.0
 71
     1
 72
     1
  1
\H3.5;\W0.965;\Q15;\Q0;126
  7
KTEXTSTYLE
 73
     1
 44
1.0
1001
ACAD
1000
MTEXTBEGIN
1070
    73
1070
     1
1070
    44
1040
1.0
1070
    74
1070
     0
1000
MTEXTEND
  0
ENDBLK
  5
160
330
154
100
AcDbEntity
  8
0
100
AcDbBlockEnd
  0
BLOCK
  5
16D
330
162
100
AcDbEntity
  8
0
100
AcDbBlockBegin
  2
D10
 70
     0
 10
0.0
 20
0.0
 30
0.0
  3
D10
  1

  0
WIPEOUT
  5
163
330
162
100
AcDbEntity
  8
размеры
160
               236
310
EC000000080000000C00000010000000020000000C00000016000000000000C00C00000012000000FF7F00000C00000017000000FFFFFFFF1000000018000000000000000000F03F10000000190000000000000000000000100000001A00000000000000000000008400000006000000050000001A13BEBB1DD76B40020000
310
009D7650C000000000000000001A137E2146376B40020000009D7650C000000000000000001A137E2146376B406C666666DB034DC000000000000000001A13BEBB1DD76B406C666666DB034DC000000000000000001A13BEBB1DD76B40020000009D7650C00000000000000000
100
AcDbWipeout
 90
        0
 10
217.7273108923335
 20
-65.85333251953129
 30
0.0
 11
7.823199462890627
 21
0.0
 31
0.0
 12
0.0
 22
7.823199462890627
 32
0.0
 13
1.0
 23
1.0
340
0
 70
     7
280
     1
281
    50
282
    50
283
     0
360
0
 71
     2
 91
        5
 14
0.1384943517052406
 24
0.4999999999999992
 14
-0.5000000000000036
 24
0.4999999999999992
 14
-0.5000000000000036
 24
-0.5
 14
0.1384943517052406
 24
-0.5
 14
0.1384943517052406
 24
0.4999999999999992
290
     0
  0
LINE
  5
164
330
162
100
AcDbEntity
  8
размеры
  6
K5LT_THIN
 62
     7
370
    18
100
AcDbLine
 10
222.6618794166942
 20
-106.9394999742508
 30
0.0
 11
224.7828794681926
 21
-109.0605000257492
 31
0.0
  0
LINE
  5
165
330
162
100
AcDbEntity
  8
размеры
  6
K5LT_THIN
 62
     7
370
    18
100
AcDbLine
 10
223.7223794424434
 20
-108.0
 30
0.0
 11
223.7223794424434
 21
-109.0
 31
0.0
  0
LINE
  5
166
330
162
100
AcDbEntity
  8
размеры
  6
K5LT_THIN
 62
     7
370
    18
100
AcDbLine
 10
224.7828794681926
 20
-1.060500025749263
 30
0.0
 11
222.6618794166942
 21
1.060500025749149
 31
0.0
  0
LINE
  5
167
330
162
100
AcDbEntity
  8
размеры
  6
K5LT_THIN
 62
     7
370
    18
100
AcDbLine
 10
223.7223794424434
 20
-0.0000000000000568
 30
0.0
 11
223.7223794424434
 21
0.9999999999999431
 31
0.0
  0
LINE
  5
168
330
162
100
AcDbEntity
  8
размеры
  6
K5LT_THIN
 62
     7
370
    18
100
AcDbLine
 10
223.7223794424434
 20
-108.0
 30
0.0
 11
223.7223794424434
 21
-0.0000000000000568
 31
0.0
  0
LINE
  5
169
330
162
100
AcDbEntity
  8
размеры
  6
K5LT_THIN
 62
     7
370
    18
100
AcDbLine
 10
173.4999999999999
 20
-108.0
 30
0.0
 11
224.7223794424434
 21
-108.0
 31
0.0
  0
LINE
  5
16A
330
162
100
AcDbEntity
  8
размеры
  6
K5LT_THIN
 62
     7
370
    18
100
AcDbLine
 10
173.5
 20
-0.0000000000000568
 30
0.0
 11
224.7223794424434
 21
-0.0000000000000568
 31
0.0
  0
MTEXT
  5
16B
330
162
100
AcDbEntity
  8
размеры
 62
     7
100
AcDbMText
 10
218.1481711828609
 20
-65.85333251953129
 30
0.0
 40
2.5
 41
0.0
 46
0.0
 71
     1
 72
     1
  1
\H3.5;\W0.965;\Q15;\Q0;R
  7
KTEXTSTYLE
 11
0.0000000000000001
 21
1.0
 31
0.0
 73
     1
 44
1.0
1001
ACAD
1000
MTEXTBEGIN
1070
    73
1070
     1
1070
    44
1040
1.0
1070
    74
1070
     0
1000
MTEXTEND
  0
MTEXT
  5
16C
330
162
100
AcDbEntity
  8
размеры
 62
     7
100
AcDbMText
 10
218.1481711828609
 20
-63.63083267211918
 30
0.0
 40
2.5
 41
0.0
 46
0.0
 71
     1
 72
     1
  1
\H3.5;\W0.965;\Q15;\Q0;108
  7
KTEXTSTYLE
 11
0.0000000000000001
 21
1.0
 31
0.0
 73
     1
 44
1.0
1001
ACAD
1000
MTEXTBEGIN
1070
    73
1070
     1
1070
    44
1040
1.0
1070
    74
1070
     0
1000
MTEXTEND
  0
ENDBLK
  5
16E
330
162
100
AcDbEntity
  8
0
100
AcDbBlockEnd
  0
BLOCK
  5
179
330
171
100
AcDbEntity
  8
0
100
AcDbBlockBegin
  2
D11
 70
     0
 10
0.0
 20
0.0
 30
0.0
  3
D11
  1

  0
WIPEOUT
  5
172
330
171
100
AcDbEntity
  8
размеры
160
               236
310
EC000000080000000C00000010000000020000000C00000016000000000000C00C00000012000000FF7F00000C00000017000000FFFFFFFF1000000018000000000000000000F03F10000000190000000000000000000000100000001A000000000000000000000084000000060000000500000075C4EFC9324C63C00A0F86
310
C1D5905BC000000000000000009CF85FF874E263C03502C6FBCD235BC00000000000000000D8E2779C5CA463C004BF7DB080CD59C00000000000000000B0AE076E1A0E63C0DACB3D76883A5AC0000000000000000075C4EFC9324C63C00A0F86C1D5905BC00000000000000000
100
AcDbWipeout
 90
        0
 10
-159.0767785906254
 20
-110.2630466279189
 30
0.0
 11
7.052067049138798
 21
0.0
 31
0.0
 12
0.0
 22
7.052067049138798
 32
0.0
 13
1.0
 23
1.0
340
0
 70
     7
280
     1
281
    50
282
    50
283
     0
360
0
 71
     2
 91
        5
 14
0.1658443193195964
 24
0.5
 14
-0.5
 24
0.2584255252334149
 14
-0.2248362078164874
 24
-0.5
 14
0.4410081115031162
 24
-0.2584255252334131
 14
0.1658443193195964
 24
0.5
290
     0
  0
LINE
  5
173
330
171
100
AcDbEntity
  8
размеры
  6
K5LT_THIN
 62
     7
370
    18
100
AcDbLine
 10
-148.7257621381275
 20
-100.7166622683486
 30
0.0
 11
-149.9962128289796
 21
-97.99945092599301
 31
0.0
  0
LINE
  5
174
330
171
100
AcDbEntity
  8
размеры
  6
K5LT_THIN
 62
     7
370
    18
100
AcDbLine
 10
-149.3609874835535
 20
-99.35805659717084
 30
0.0
 11
-149.0199312326398
 21
-98.41801370787658
 31
0.0
  0
LINE
  5
175
330
171
100
AcDbEntity
  8
размеры
  6
K5LT_THIN
 62
     7
370
    18
100
AcDbLine
 10
-155.5
 20
-116.2788286044674
 30
0.0
 11
-149.3609874835535
 21
-99.35805659717084
 31
0.0
  0
ARC
  5
176
330
171
100
AcDbEntity
  8
размеры
  6
K5LT_THIN
 62
     7
370
    18
100
AcDbCircle
 10
-155.5
 20
-116.2788286044674
 30
0.0
 40
17.99999999999996
100
AcDbArc
 50
66.8764798118991
 51
130.6012946450044
  0
MTEXT
  5
177
330
171
100
AcDbEntity
  8
размеры
 62
     7
100
AcDbMText
 10
-158.6811518671289
 20
-108.7029842673502
 30
0.0
 40
2.5
 41
0.0
 46
0.0
 71
     1
 72
     1
  1
\H3.5;\W0.965;\Q15;\Q0;R
  7
KTEXTSTYLE
 11
0.3410562509136813
 21
0.9400428892942619
 31
0.0
 73
     1
 44
1.0
1001
ACAD
1000
MTEXTBEGIN
1070
    73
1070
     1
1070
    44
1040
1.0
1070
    74
1070
     0
1000
MTEXTEND
  0
MTEXT
  5
178
330
171
100
AcDbEntity
  8
размеры
 62
     7
100
AcDbMText
 10
-157.9231544015142
 20
-106.6137390893329
 30
0.0
 40
2.5
 41
0.0
 46
0.0
 71
     1
 72
     1
  1
\H3.5;\W0.965;\Q15;\Q0;18
  7
KTEXTSTYLE
 11
0.3410562509136813
 21
0.9400428892942619
 31
0.0
 73
     1
 44
1.0
1001
ACAD
1000
MTEXTBEGIN
1070
    73
1070
     1
1070
    44
1040
1.0
1070
    74
1070
     0
1000
MTEXTEND
  0
ENDBLK
  5
17A
330
171
100
AcDbEntity
  8
0
100
AcDbBlockEnd
  0
ENDSEC
  0
SECTION
  2
ENTITIES
  0
LINE
  5
63
330
1F
100
AcDbEntity
  8
стекло
  6
K5LT_BASIC
 62
   150
420
    33023
370
    60
100
AcDbLine
 10
167.2142447222074
 20
-102.6122097618921
 30
0.0
 11
55.36428432273355
 21
-6.740815133771633
 31
0.0
  0
LINE
  5
64
330
1F
100
AcDbEntity
  8
стекло
  6
K5LT_BASIC
 62
   150
420
    33023
370
    60
100
AcDbLine
 10
37.14212586596651
 20
0.0
 30
0.0
 11
-37.14212586596648
 21
0.0
 31
0.0
  0
LINE
  5
65
330
1F
100
AcDbEntity
  8
стекло
  6
K5LT_BASIC
 62
   150
420
    33023
370
    60
100
AcDbLine
 10
171.5
 20
-233.0
 30
0.0
 11
-171.5
 21
-233.0
 31
0.0
  0
LINE
  5
66
330
1F
100
AcDbEntity
  8
стекло
  6
K5LT_BASIC
 62
   150
420
    33023
370
    60
100
AcDbLine
 10
173.5
 20
-231.0
 30
0.0
 11
173.5
 21
-116.2788286044674
 31
0.0
  0
LINE
  5
67
330
1F
100
AcDbEntity
  8
стекло
  6
K5LT_BASIC
 62
   150
420
    33023
370
    60
100
AcDbLine
 10
-167.2142447222074
 20
-102.6122097618921
 30
0.0
 11
-55.36428432273354
 21
-6.740815133771633
 31
0.0
  0
LINE
  5
68
330
1F
100
AcDbEntity
  8
стекло
  6
K5LT_BASIC
 62
   150
420
    33023
370
    60
100
AcDbLine
 10
-173.5
 20
-231.0
 30
0.0
 11
-173.5
 21
-116.2788286044674
 31
0.0
  0
ARC
  5
69
330
1F
100
AcDbEntity
  8
стекло
  6
K5LT_BASIC
 62
   150
420
    33023
370
    60
100
AcDbCircle
 10
-37.14212586596646
 20
-27.99999999999994
 30
0.0
 40
27.99999999999994
100
AcDbArc
 50
90.00000000000005
 51
130.6012946450044
  0
ARC
  5
6A
330
1F
100
AcDbEntity
  8
стекло
  6
K5LT_BASIC
 62
   150
420
    33023
370
    60
100
AcDbCircle
 10
37.14212586596647
 20
-27.99999999999994
 30
0.0
 40
28.0
100
AcDbArc
 50
49.39870535499565
 51
89.99999999999991
  0
ARC
  5
6B
330
1F
100
AcDbEntity
  8
стекло
  6
K5LT_BASIC
 62
   150
420
    33023
370
    60
100
AcDbCircle
 10
155.5
 20
-116.2788286044674
 30
0.0
 40
18.0
100
AcDbArc
 50
0.0
 51
49.39870535499551
  0
ARC
  5
6C
330
1F
100
AcDbEntity
  8
стекло
  6
K5LT_BASIC
 62
   150
420
    33023
370
    60
100
AcDbCircle
 10
-155.5
 20
-116.2788286044674
 30
0.0
 40
17.99999999999996
100
AcDbArc
 50
130.6012946450044
 51
180.0
  0
ARC
  5
6D
330
1F
100
AcDbEntity
  8
стекло
  6
K5LT_BASIC
 62
   150
420
    33023
370
    60
100
AcDbCircle
 10
-171.5
 20
-231.0
 30
0.0
 40
1.999999999999971
100
AcDbArc
 50
180.0
 51
269.9999999999984
  0
ARC
  5
6E
330
1F
100
AcDbEntity
  8
стекло
  6
K5LT_BASIC
 62
   150
420
    33023
370
    60
100
AcDbCircle
 10
171.5
 20
-231.0
 30
0.0
 40
1.999999999999999
100
AcDbArc
 50
270.0000000000025
 51
0.0
  0
LINE
  5
70
330
1F
100
AcDbEntity
  8
размеры
  6
K5LT_AXLED
 62
    30
420
 16744448
370
    18
100
AcDbLine
 10
0.0
 20
-241.5479624478565
 30
0.0
 11
0.0
 21
9.999999999999975
 31
0.0
  0
DIMENSION
  5
E5
330
1F
100
AcDbEntity
  8
размеры
 62
     7
100
AcDbDimension
280
     0
  2
D0
 10
-173.5
 20
-281.7392418381913
 30
0.0
 11
0.0
 21
-281.7392418381913
 31
0.0
 70
   160
 71
     5
 42
-1.0
 73
     0
 74
     0
 75
     0
  3
KDIMSTYLE (1.00)
100
AcDbAlignedDimension
 13
173.5
 23
-231.0
 33
0.0
 14
-173.5
 24
-231.0
 34
0.0
 50
0.0
100
AcDbRotatedDimension
1001
ACAD
1000
DSTYLE
1002
{
1070
   178
1070
     7
1070
   344
1005
89
1070
   343
1005
89
1070
    42
1040
0.0
1070
    76
1070
     0
1070
    75
1070
     0
1070
   283
1070
     1
1070
    47
1040
0.0
1070
    48
1040
0.0
1070
   272
1070
     5
1070
    71
1070
     1
1070
     3
1000
\H3.5;\W0.965;\Q0;\Q0;\H3.5;\W0.965;\Q0;R<>\H3.5;\W0.965;\Q0;\Q0;
1002
}
  0
DIMENSION
  5
F3
330
1F
100
AcDbEntity
  8
размеры
 62
     7
100
AcDbDimension
280
     0
  2
D1
 10
253.5450571080337
 20
-233.0
 30
0.0
 11
253.5450571080337
 21
-116.5
 31
0.0
 70
   160
 71
     5
 42
-1.0
 73
     0
 74
     0
 75
     0
  3
KDIMSTYLE (1.00)
100
AcDbAlignedDimension
 13
37.14212586596651
 23
0.0
 33
0.0
 14
171.5
 24
-233.0
 34
0.0
 50
90.0
100
AcDbRotatedDimension
1001
ACAD
1000
DSTYLE
1002
{
1070
   178
1070
     7
1070
   344
1005
89
1070
   343
1005
89
1070
    42
1040
0.0
1070
    76
1070
     0
1070
    75
1070
     0
1070
   283
1070
     1
1070
    47
1040
0.0
1070
    48
1040
0.0
1070
   272
1070
     5
1070
    71
1070
     1
1070
     3
1000
\H3.5;\W0.965;\Q0;\Q0;\H3.5;\W0.965;\Q0;R<>\H3.5;\W0.965;\Q0;\Q0;
1002
}
  0
INSERT
  5
F5
330
1F
100
AcDbEntity
  8
размеры
100
AcDbBlockReference
  2
U0
 10
0.0
 20
0.0
 30
0.0
  0
INSERT
  5
FB
330
1F
100
AcDbEntity
  8
размеры
100
AcDbBlockReference
  2
U1
 10
0.0
 20
0.0
 30
0.0
  0
DIMENSION
  5
10D
330
1F
100
AcDbEntity
  8
размеры
 62
     7
100
AcDbDimension
280
     0
  2
D2
 10
0.0000000000000142
 20
29.46213306225161
 30
0.0
 11
14.1654691696167
 21
29.46213306225161
 31
0.0
 70
   160
 71
     5
 42
-1.0
 73
     0
 74
     0
 75
     0
  3
KDIMSTYLE (1.00)
100
AcDbAlignedDimension
 13
47.49999999999999
 23
0.0
 33
0.0
 14
0.0000000000000142
 24
0.0
 34
0.0
 50
0.0
100
AcDbRotatedDimension
1001
ACAD
1000
DSTYLE
1002
{
1070
   178
1070
     7
1070
   344
1005
89
1070
   343
1005
89
1070
    42
1040
0.0
1070
    76
1070
     0
1070
    75
1070
     0
1070
   283
1070
     1
1070
    47
1040
0.0
1070
    48
1040
0.0
1070
   272
1070
     5
1070
    71
1070
     1
1070
     3
1000
\H3.5;\W0.965;\Q0;\Q0;\H3.5;\W0.965;\Q0;R<>\H3.5;\W0.965;\Q0;\Q0;
1002
}
  0
DIMENSION
  5
11B
330
1F
100
AcDbEntity
  8
размеры
 62
     7
100
AcDbDimension
280
     0
  2
D3
 10
223.7223794424434
 20
-233.0
 30
0.0
 11
223.7223794424434
 21
-170.5
 31
0.0
 70
   160
 71
     5
 42
-1.0
 73
     0
 74
     0
 75
     0
  3
KDIMSTYLE (1.00)
100
AcDbAlignedDimension
 13
173.4999999999999
 23
-108.0
 33
0.0
 14
171.5
 24
-233.0
 34
0.0
 50
90.0
100
AcDbRotatedDimension
1001
ACAD
1000
DSTYLE
1002
{
1070
   178
1070
     7
1070
   344
1005
89
1070
   343
1005
89
1070
    42
1040
0.0
1070
    76
1070
     0
1070
    75
1070
     0
1070
   283
1070
     1
1070
    47
1040
0.0
1070
    48
1040
0.0
1070
   272
1070
     5
1070
    71
1070
     1
1070
     3
1000
\H3.5;\W0.965;\Q0;\Q0;\H3.5;\W0.965;\Q0;R<>\H3.5;\W0.965;\Q0;\Q0;
1002
}
  0
DIMENSION
  5
126
330
1F
100
AcDbEntity
  8
размеры
 62
     7
100
AcDbDimension
280
     0
  2
D4
 10
171.5
 20
-231.0
 30
0.0
 11
175.4057280301069
 21
-234.4669573419724
 31
0.0
 70
   164
 71
     5
 42
-1.0
 73
     0
 74
     0
 75
     0
  3
KDIMSTYLE (1.00)
100
AcDbRadialDimension
 15
172.9957312184671
 25
-232.3277003133625
 35
0.0
 40
0.0
1001
ACAD
1000
DSTYLE
1002
{
1070
   178
1070
     7
1070
   344
1005
89
1070
   283
1070
     1
1070
    47
1040
0.0
1070
    48
1040
0.0
1070
   272
1070
     5
1070
    71
1070
     1
1070
     3
1000
\H3.5;\W0.965;\Q0;\Q0;\H3.5;\W0.965;\Q0;<>\H3.5;\W0.965;\Q0;\Q0;
1002
}
  0
DIMENSION
  5
131
330
1F
100
AcDbEntity
  8
размеры
 62
     7
100
AcDbDimension
280
     0
  2
D5
 10
-171.5
 20
-231.0
 30
0.0
 11
-174.8933504531529
 21
-234.9698460119136
 31
0.0
 70
   164
 71
     5
 42
-1.0
 73
     0
 74
     0
 75
     0
  3
KDIMSTYLE (1.00)
100
AcDbRadialDimension
 15
-172.7995119396066
 25
-232.5202857359128
 35
0.0
 40
0.0
1001
ACAD
1000
DSTYLE
1002
{
1070
   178
1070
     7
1070
   344
1005
89
1070
   283
1070
     1
1070
    47
1040
0.0
1070
    48
1040
0.0
1070
   272
1070
     5
1070
    71
1070
     1
1070
     3
1000
\H3.5;\W0.965;\Q0;\Q0;\H3.5;\W0.965;\Q0;<>\H3.5;\W0.965;\Q0;\Q0;
1002
}
  0
DIMENSION
  5
13C
330
1F
100
AcDbEntity
  8
размеры
 62
     7
100
AcDbDimension
280
     0
  2
D6
 10
155.5
 20
-116.2788286044674
 30
0.0
 11
169.81943380767
 21
-99.62524587876053
 31
0.0
 70
   164
 71
     5
 42
-1.0
 73
     0
 74
     0
 75
     0
  3
KDIMSTYLE (1.00)
100
AcDbRadialDimension
 15
167.2354595959468
 25
-102.6304225410511
 35
0.0
 40
0.0
1001
ACAD
1000
DSTYLE
1002
{
1070
   178
1070
     7
1070
   344
1005
89
1070
   283
1070
     1
1070
    47
1040
0.0
1070
    48
1040
0.0
1070
   272
1070
     5
1070
    71
1070
     1
1070
     3
1000
\H3.5;\W0.965;\Q0;\Q0;\H3.5;\W0.965;\Q0;<>\H3.5;\W0.965;\Q0;\Q0;
1002
}
  0
DIMENSION
  5
148
330
1F
100
AcDbEntity
  8
размеры
 62
     7
100
AcDbDimension
280
     0
  2
D7
 10
37.14212586596647
 20
-27.99999999999994
 30
0.0
 11
64.56962057248748
 21
-10.87680203977518
 31
0.0
 70
   164
 71
     5
 42
-1.0
 73
     0
 74
     0
 75
     0
  3
KDIMSTYLE (1.00)
100
AcDbRadialDimension
 15
60.89346486063423
 25
-13.1718546014555
 35
0.0
 40
0.0
1001
ACAD
1000
DSTYLE
1002
{
1070
   178
1070
     7
1070
   344
1005
89
1070
   283
1070
     1
1070
    47
1040
0.0
1070
    48
1040
0.0
1070
   272
1070
     5
1070
    71
1070
     1
1070
     3
1000
\H3.5;\W0.965;\Q0;\Q0;\H3.5;\W0.965;\Q0;<>\H3.5;\W0.965;\Q0;\Q0;
1002
}
  0
DIMENSION
  5
153
330
1F
100
AcDbEntity
  8
размеры
 62
     7
100
AcDbDimension
280
     0
  2
D8
 10
-37.14212586596646
 20
-27.99999999999994
 30
0.0
 11
-49.35631150290861
 21
-21.15794846363198
 31
0.0
 70
   164
 71
     5
 42
-1.0
 73
     0
 74
     0
 75
     0
  3
KDIMSTYLE (1.00)
100
AcDbRadialDimension
 15
-61.57049713985077
 25
-14.31589692726402
 35
0.0
 40
0.0
1001
ACAD
1000
DSTYLE
1002
{
1070
   178
1070
     7
1070
   344
1005
89
1070
   283
1070
     1
1070
    47
1040
0.0
1070
    48
1040
0.0
1070
   272
1070
     5
1070
    71
1070
     1
1070
     3
1000
\H3.5;\W0.965;\Q0;\Q0;\H3.5;\W0.965;\Q0;<>\H3.5;\W0.965;\Q0;\Q0;
1002
}
  0
DIMENSION
  5
161
330
1F
100
AcDbEntity
  8
размеры
 62
     7
100
AcDbDimension
280
     0
  2
D9
 10
173.5000000000001
 20
29.46213306225161
 30
0.0
 11
110.5
 21
29.46213306225164
 31
0.0
 70
   160
 71
     5
 42
-1.0
 73
     0
 74
     0
 75
     0
  3
KDIMSTYLE (1.00)
100
AcDbAlignedDimension
 13
47.49999999999999
 23
0.0
 33
0.0
 14
173.5
 24
-116.2788286044674
 34
0.0
 50
0.0
100
AcDbRotatedDimension
1001
ACAD
1000
DSTYLE
1002
{
1070
   178
1070
     7
1070
   344
1005
89
1070
   343
1005
89
1070
    42
1040
0.0
1070
    76
1070
     0
1070
    75
1070
     0
1070
   283
1070
     1
1070
    47
1040
0.0
1070
    48
1040
0.0
1070
   272
1070
     5
1070
    71
1070
     1
1070
     3
1000
\H3.5;\W0.965;\Q0;\Q0;\H3.5;\W0.965;\Q0;R<>\H3.5;\W0.965;\Q0;\Q0;
1002
}
  0
DIMENSION
  5
16F
330
1F
100
AcDbEntity
  8
размеры
 62
     7
100
AcDbDimension
280
     0
  2
D10
 10
223.7223794424434
 20
-108.0
 30
0.0
 11
223.7223794424434
 21
-61.77874946594243
 31
0.0
 70
   160
 71
     5
 42
-1.0
 73
     0
 74
     0
 75
     0
  3
KDIMSTYLE (1.00)
100
AcDbAlignedDimension
 13
173.5
 23
-0.0000000000000568
 33
0.0
 14
173.4999999999999
 24
-108.0
 34
0.0
 50
90.0
100
AcDbRotatedDimension
1001
ACAD
1000
DSTYLE
1002
{
1070
   178
1070
     7
1070
   344
1005
89
1070
   343
1005
89
1070
    42
1040
0.0
1070
    76
1070
     0
1070
    75
1070
     0
1070
   283
1070
     1
1070
    47
1040
0.0
1070
    48
1040
0.0
1070
   272
1070
     5
1070
    71
1070
     1
1070
     3
1000
\H3.5;\W0.965;\Q0;\Q0;\H3.5;\W0.965;\Q0;R<>\H3.5;\W0.965;\Q0;\Q0;
1002
}
  0
MTEXT
  5
170
330
1F
100
AcDbEntity
  8
размеры
 62
     7
100
AcDbMText
 10
-61.57049713985077
 20
70.54852429242515
 30
0.0
 40
2.5
 41
0.0
 46
0.0
 71
     1
 72
     1
  1
\H3.5;\W0.965;\Q15;\Q0;Стекло 4мм, 5шт
  7
KTEXTSTYLE
 73
     1
 44
1.0
1001
ACAD
1000
MTEXTBEGIN
1070
    73
1070
     1
1070
    44
1040
1.0
1070
    74
1070
     0
1000
MTEXTEND
  0
DIMENSION
  5
17B
330
1F
100
AcDbEntity
  8
размеры
 62
     7
100
AcDbDimension
280
     0
  2
D11
 10
-155.5
 20
-116.2788286044674
 30
0.0
 11
-152.4304937417768
 21
-107.8184426008191
 31
0.0
 70
   164
 71
     5
 42
-1.0
 73
     0
 74
     0
 75
     0
  3
KDIMSTYLE (1.00)
100
AcDbRadialDimension
 15
-149.3609874835535
 25
-99.35805659717084
 35
0.0
 40
0.0
1001
ACAD
1000
DSTYLE
1002
{
1070
   178
1070
     7
1070
   344
1005
89
1070
   283
1070
     1
1070
    47
1040
0.0
1070
    48
1040
0.0
1070
   272
1070
     5
1070
    71
1070
     1
1070
     3
1000
\H3.5;\W0.965;\Q0;<>
1002
}
  0
ENDSEC
  0
SECTION
  2
OBJECTS
  0
DICTIONARY
  5
C
330
0
100
AcDbDictionary
281
     1
  3
ACAD_COLOR
350
1BC
  3
ACAD_DATALINK
350
1BD
  3
ACAD_DETAILVIEWSTYLE
350
1B7
  3
ACAD_GROUP
350
D
  3
ACAD_LAYOUT
350
1A
  3
ACAD_MATERIAL
350
43
  3
ACAD_MLEADERSTYLE
350
5B
  3
ACAD_MLINESTYLE
350
17
  3
ACAD_PLOTSETTINGS
350
19
  3
ACAD_PLOTSTYLENAME
350
E
  3
ACAD_SCALELIST
350
47
  3
ACAD_SECTIONVIEWSTYLE
350
1B8
  3
ACAD_TABLESTYLE
350
59
  3
ACAD_VISUALSTYLE
350
2A
  3
ACAD_WIPEOUT_VARS
350
D7
  3
ACDB_RECOMPOSE_DATA
350
1DF
  3
AcDbVariableDictionary
350
17C
  0
SUN
  5
5D
330
29
100
AcDbSun
 90
        1
290
     0
 63
     7
421
 16777215
 40
1.0
291
     1
 91
  2455826
 92
 54000000
292
     0
 70
     2
 71
   256
280
     1
  0
DICTIONARY
  5
1BC
102
{ACAD_REACTORS
330
C
102
}
330
C
100
AcDbDictionary
281
     1
  0
DICTIONARY
  5
1BD
102
{ACAD_REACTORS
330
C
102
}
330
C
100
AcDbDictionary
280
     1
281
     1
  0
DICTIONARY
  5
1B7
102
{ACAD_REACTORS
330
C
102
}
330
C
100
AcDbDictionary
281
     1
  0
DICTIONARY
  5
D
102
{ACAD_REACTORS
330
C
102
}
330
C
100
AcDbDictionary
281
     1
  0
DICTIONARY
  5
1A
102
{ACAD_REACTORS
330
C
102
}
330
C
100
AcDbDictionary
281
     1
  3
Layout1
350
1E
  3
Layout2
350
26
  3
Model
350
22
  0
DICTIONARY
  5
43
102
{ACAD_REACTORS
330
C
102
}
330
C
100
AcDbDictionary
281
     1
  3
ByBlock
350
45
  3
ByLayer
350
44
  3
Global
350
46
  0
DICTIONARY
  5
5B
102
{ACAD_REACTORS
330
C
102
}
330
C
100
AcDbDictionary
281
     1
  3
Standard
350
5C
  0
DICTIONARY
  5
17
102
{ACAD_REACTORS
330
C
102
}
330
C
100
AcDbDictionary
281
     1
  3
Standard
350
18
  0
DICTIONARY
  5
19
102
{ACAD_REACTORS
330
C
102
}
330
C
100
AcDbDictionary
281
     1
  0
ACDBDICTIONARYWDFLT
  5
E
102
{ACAD_REACTORS
330
C
102
}
330
C
100
AcDbDictionary
281
     1
  3
Normal
350
F
100
AcDbDictionaryWithDefault
340
F
  0
DICTIONARY
  5
47
102
{ACAD_REACTORS
330
C
102
}
330
C
100
AcDbDictionary
281
     1
  3
A0
350
48
  3
A1
350
49
  3
A2
350
4A
  3
A3
350
4B
  3
A4
350
4C
  3
A5
350
4D
  3
A6
350
4E
  3
A7
350
4F
  3
A8
350
50
  3
A9
350
51
  3
B0
350
52
  3
B1
350
53
  3
B2
350
54
  3
B3
350
55
  3
B4
350
56
  3
B5
350
57
  3
B6
350
58
  0
DICTIONARY
  5
1B8
102
{ACAD_REACTORS
330
C
102
}
330
C
100
AcDbDictionary
281
     1
  0
DICTIONARY
  5
59
102
{ACAD_REACTORS
330
C
102
}
330
C
100
AcDbDictionary
281
     1
  3
Standard
350
5A
  0
DICTIONARY
  5
2A
102
{ACAD_REACTORS
330
C
102
}
330
C
100
AcDbDictionary
281
     1
  3
2dWireframe
350
2F
  3
Basic
350
32
  3
Brighten
350
36
  3
ColorChange
350
3A
  3
Conceptual
350
34
  3
Dim
350
35
  3
EdgeColorOff
350
3D
  3
Facepattern
350
39
  3
Flat
350
2B
  3
FlatWithEdges
350
2C
  3
Gouraud
350
2D
  3
GouraudWithEdges
350
2E
  3
Hidden
350
31
  3
JitterOff
350
3B
  3
Linepattern
350
38
  3
OverhangOff
350
3C
  3
Realistic
350
33
  3
Shaded
350
42
  3
Shaded with edges
350
41
  3
Shades of Gray
350
3E
  3
Sketchy
350
3F
  3
Thicken
350
37
  3
Wireframe
350
30
  3
X-Ray
350
40
  0
WIPEOUTVARIABLES
  5
D7
102
{ACAD_REACTORS
330
C
102
}
330
C
100
AcDbWipeoutVariables
 70
     0
  0
XRECORD
  5
1DF
102
{ACAD_REACTORS
330
C
102
}
330
C
100
AcDbXrecord
280
     1
 90
        1
330
5A
  0
DICTIONARY
  5
17C
102
{ACAD_REACTORS
330
C
102
}
330
C
100
AcDbDictionary
281
     1
  3
CANNOSCALE
350
17D
  3
CENTEREXE
350
1BA
  3
CENTERLTYPEFILE
350
1BB
  3
CMLEADERSTYLE
350
1B6
  3
CTABLESTYLE
350
1B5
  3
DGNFRAME
350
1C5
  3
WIPEOUTFRAME
350
1B9
  0
LAYOUT
  5
1E
102
{ACAD_REACTORS
330
1A
102
}
330
1A
100
AcDbPlotSettings
  1

  2
none_device
  4

  6

 40
0.0
 41
0.0
 42
0.0
 43
0.0
 44
0.0
 45
0.0
 46
0.0
 47
0.0
 48
0.0
 49
0.0
140
0.0
141
0.0
142
1.0
143
1.0
 70
   688
 72
     1
 73
     0
 74
     5
  7

 75
    16
 76
     0
 77
     2
 78
   300
147
1.0
148
0.0
149
0.0
100
AcDbLayout
  1
Layout1
 70
     1
 71
     1
 10
0.0
 20
0.0
 11
420.0
 21
297.0
 12
0.0
 22
0.0
 32
0.0
 14
1.000000000000000E+20
 24
1.000000000000000E+20
 34
1.000000000000000E+20
 15
-1.000000000000000E+20
 25
-1.000000000000000E+20
 35
-1.000000000000000E+20
146
0.0
 13
0.0
 23
0.0
 33
0.0
 16
1.0
 26
0.0
 36
0.0
 17
0.0
 27
1.0
 37
0.0
 76
     0
330
1B
  0
LAYOUT
  5
26
102
{ACAD_REACTORS
330
1A
102
}
330
1A
100
AcDbPlotSettings
  1

  2
none_device
  4

  6

 40
0.0
 41
0.0
 42
0.0
 43
0.0
 44
0.0
 45
0.0
 46
0.0
 47
0.0
 48
0.0
 49
0.0
140
0.0
141
0.0
142
1.0
143
1.0
 70
   688
 72
     1
 73
     0
 74
     5
  7

 75
    16
 76
     0
 77
     2
 78
   300
147
1.0
148
0.0
149
0.0
100
AcDbLayout
  1
Layout2
 70
     1
 71
     2
 10
0.0
 20
0.0
 11
0.0
 21
0.0
 12
0.0
 22
0.0
 32
0.0
 14
0.0
 24
0.0
 34
0.0
 15
0.0
 25
0.0
 35
0.0
146
0.0
 13
0.0
 23
0.0
 33
0.0
 16
1.0
 26
0.0
 36
0.0
 17
0.0
 27
1.0
 37
0.0
 76
     0
330
23
  0
LAYOUT
  5
22
102
{ACAD_REACTORS
330
1A
102
}
330
1A
100
AcDbPlotSettings
  1

  2
none_device
  4
Letter_(8.50_x_11.00_Inches)
  6

 40
6.349999999999999
 41
6.349999999999999
 42
6.350005079999999
 43
6.350005079999999
 44
215.9
 45
279.4
 46
0.0
 47
0.0
 48
0.0
 49
0.0
140
0.0
141
0.0
142
1.0
143
1.0
 70
  1712
 72
     1
 73
     0
 74
     0
  7

 75
     0
 76
     0
 77
     2
 78
   300
147
1.0
148
0.0
149
0.0
100
AcDbLayout
  1
Model
 70
     1
 71
     0
 10
0.0
 20
0.0
 11
420.0
 21
297.0
 12
0.0
 22
0.0
 32
0.0
 14
-180.8945415981715
 24
-282.7997418639405
 34
0.0
 15
254.6055571337829
 25
70.54852429242515
 35
0.0
146
0.0
 13
0.0
 23
0.0
 33
0.0
 16
1.0
 26
0.0
 36
0.0
 17
0.0
 27
1.0
 37
0.0
 76
     0
330
1F
331
29
  0
MATERIAL
  5
45
102
{ACAD_REACTORS
330
43
102
}
330
43
100
AcDbMaterial
  1
ByBlock
 94
      127
  0
MATERIAL
  5
44
102
{ACAD_REACTORS
330
43
102
}
330
43
100
AcDbMaterial
  1
ByLayer
 94
      127
  0
MATERIAL
  5
46
102
{ACAD_REACTORS
330
43
102
}
330
43
100
AcDbMaterial
  1
Global
 94
      127
  0
MLEADERSTYLE
  5
5C
102
{ACAD_REACTORS
330
5B
102
}
330
5B
100
AcDbMLeaderStyle
179
     2
170
     2
171
     1
172
     0
 90
        2
 40
0.0
 41
0.0
173
     1
 91
-1056964608
340
14
 92
       -2
290
     1
 42
2.0
291
     1
 43
8.0
  3
Standard
 44
4.0
300

342
11
174
     1
178
     6
175
     1
176
     0
 93
-1056964608
 45
4.0
292
     0
297
     0
 46
4.0
 94
-1056964608
 47
1.0
 49
1.0
140
1.0
293
     1
141
0.0
294
     1
177
     0
142
1.0
295
     0
296
     0
143
3.75
271
     0
272
     9
273
     9
  0
MLINESTYLE
  5
18
102
{ACAD_REACTORS
330
17
102
}
330
17
100
AcDbMlineStyle
  2
Standard
 70
     0
  3

 62
   256
 51
90.0
 52
90.0
 71
     2
 49
0.5
 62
   256
  6
BYLAYER
 49
-0.5
 62
   256
  6
BYLAYER
  0
ACDBPLACEHOLDER
  5
F
102
{ACAD_REACTORS
330
E
102
}
330
E
  0
SCALE
  5
48
102
{ACAD_REACTORS
330
47
102
}
330
47
100
AcDbScale
 70
     0
300
1:1
140
1.0
141
1.0
290
     1
  0
SCALE
  5
49
102
{ACAD_REACTORS
330
47
102
}
330
47
100
AcDbScale
 70
     0
300
1:2
140
1.0
141
2.0
290
     0
  0
SCALE
  5
4A
102
{ACAD_REACTORS
330
47
102
}
330
47
100
AcDbScale
 70
     0
300
1:4
140
1.0
141
4.0
290
     0
  0
SCALE
  5
4B
102
{ACAD_REACTORS
330
47
102
}
330
47
100
AcDbScale
 70
     0
300
1:5
140
1.0
141
5.0
290
     0
  0
SCALE
  5
4C
102
{ACAD_REACTORS
330
47
102
}
330
47
100
AcDbScale
 70
     0
300
1:8
140
1.0
141
8.0
290
     0
  0
SCALE
  5
4D
102
{ACAD_REACTORS
330
47
102
}
330
47
100
AcDbScale
 70
     0
300
1:10
140
1.0
141
10.0
290
     0
  0
SCALE
  5
4E
102
{ACAD_REACTORS
330
47
102
}
330
47
100
AcDbScale
 70
     0
300
1:16
140
1.0
141
16.0
290
     0
  0
SCALE
  5
4F
102
{ACAD_REACTORS
330
47
102
}
330
47
100
AcDbScale
 70
     0
300
1:20
140
1.0
141
20.0
290
     0
  0
SCALE
  5
50
102
{ACAD_REACTORS
330
47
102
}
330
47
100
AcDbScale
 70
     0
300
1:30
140
1.0
141
30.0
290
     0
  0
SCALE
  5
51
102
{ACAD_REACTORS
330
47
102
}
330
47
100
AcDbScale
 70
     0
300
1:40
140
1.0
141
40.0
290
     0
  0
SCALE
  5
52
102
{ACAD_REACTORS
330
47
102
}
330
47
100
AcDbScale
 70
     0
300
1:50
140
1.0
141
50.0
290
     0
  0
SCALE
  5
53
102
{ACAD_REACTORS
330
47
102
}
330
47
100
AcDbScale
 70
     0
300
1:100
140
1.0
141
100.0
290
     0
  0
SCALE
  5
54
102
{ACAD_REACTORS
330
47
102
}
330
47
100
AcDbScale
 70
     0
300
2:1
140
2.0
141
1.0
290
     0
  0
SCALE
  5
55
102
{ACAD_REACTORS
330
47
102
}
330
47
100
AcDbScale
 70
     0
300
4:1
140
4.0
141
1.0
290
     0
  0
SCALE
  5
56
102
{ACAD_REACTORS
330
47
102
}
330
47
100
AcDbScale
 70
     0
300
8:1
140
8.0
141
1.0
290
     0
  0
SCALE
  5
57
102
{ACAD_REACTORS
330
47
102
}
330
47
100
AcDbScale
 70
     0
300
10:1
140
10.0
141
1.0
290
     0
  0
SCALE
  5
58
102
{ACAD_REACTORS
330
47
102
}
330
47
100
AcDbScale
 70
     0
300
100:1
140
100.0
141
1.0
290
     0
  0
TABLESTYLE
  5
5A
102
{ACAD_XDICTIONARY
360
1AF
102
}
102
{ACAD_REACTORS
330
59
102
}
330
59
100
AcDbTableStyle
280
     0
  3
Standard
 70
     0
 71
     0
 40
1.5
 41
1.5
280
     0
281
     0
  7
Standard
140
4.5
170
     2
 62
     0
 63
     7
283
     0
 90
        4
 91
        0
  1

274
    -2
284
     1
 64
     0
275
    -2
285
     1
 65
     0
276
    -2
286
     1
 66
     0
277
    -2
287
     1
 67
     0
278
    -2
288
     1
 68
     0
279
    -2
289
     1
 69
     0
  7
Standard
140
6.0
170
     5
 62
     0
 63
     7
283
     0
 90
        4
 91
        0
  1

274
    -2
284
     1
 64
     0
275
    -2
285
     1
 65
     0
276
    -2
286
     1
 66
     0
277
    -2
287
     1
 67
     0
278
    -2
288
     1
 68
     0
279
    -2
289
     1
 69
     0
  7
Standard
140
4.5
170
     5
 62
     0
 63
     7
283
     0
 90
        4
 91
        0
  1

274
    -2
284
     1
 64
     0
275
    -2
285
     1
 65
     0
276
    -2
286
     1
 66
     0
277
    -2
287
     1
 67
     0
278
    -2
288
     1
 68
     0
279
    -2
289
     1
 69
     0
  0
VISUALSTYLE
  5
2F
102
{ACAD_XDICTIONARY
360
187
102
}
102
{ACAD_REACTORS
330
2A
102
}
330
2A
100
AcDbVisualStyle
  2
2dWireframe
 70
     4
177
     2
291
     0
 71
     0
176
     1
 72
     2
176
     1
 73
     0
176
     1
 90
        0
176
     1
 40
0.6
176
     1
 41
30.0
176
     1
 62
     5
 63
     7
421
 16777215
176
     1
 74
     1
176
     1
 91
        4
176
     1
 64
     7
176
     1
 65
   257
176
     1
 75
     1
176
     1
175
     1
176
     1
 42
1.0
176
     1
 92
        0
176
     1
 66
   257
176
     1
 43
1.0
176
     1
 76
     1
176
     1
 77
     6
176
     1
 78
     2
176
     1
 67
     7
176
     1
 79
     5
176
     1
170
     0
176
     1
171
     0
176
     1
290
     0
176
     1
 93
        1
176
     1
 44
0.0
176
     1
173
     0
176
     1
  0
VISUALSTYLE
  5
32
102
{ACAD_XDICTIONARY
360
18D
102
}
102
{ACAD_REACTORS
330
2A
102
}
330
2A
100
AcDbVisualStyle
  2
Basic
 70
     7
177
     2
291
     1
 71
     1
176
     1
 72
     0
176
     1
 73
     1
176
     1
 90
        0
176
     1
 40
0.6
176
     1
 41
30.0
176
     1
 62
     5
 63
     7
421
 16777215
176
     1
 74
     0
176
     1
 91
        4
176
     1
 64
     7
176
     1
 65
   257
176
     1
 75
     1
176
     1
175
     1
176
     1
 42
1.0
176
     1
 92
        8
176
     1
 66
     7
176
     1
 43
1.0
176
     1
 76
     1
176
     1
 77
     6
176
     1
 78
     2
176
     1
 67
     7
176
     1
 79
     5
176
     1
170
     0
176
     1
171
     0
176
     1
290
     0
176
     1
 93
        1
176
     1
 44
0.0
176
     1
173
     0
176
     1
  0
VISUALSTYLE
  5
36
102
{ACAD_XDICTIONARY
360
195
102
}
102
{ACAD_REACTORS
330
2A
102
}
330
2A
100
AcDbVisualStyle
  2
Brighten
 70
    12
177
     2
291
     1
 71
     2
176
     1
 72
     2
176
     1
 73
     0
176
     1
 90
        0
176
     1
 40
0.6
176
     1
 41
30.0
176
     1
 62
     5
 63
     7
421
 16777215
176
     1
 74
     1
176
     1
 91
        4
176
     1
 64
     7
176
     1
 65
   257
176
     1
 75
     1
176
     1
175
     1
176
     1
 42
1.0
176
     1
 92
        8
176
     1
 66
     7
176
     1
 43
1.0
176
     1
 76
     1
176
     1
 77
     6
176
     1
 78
     2
176
     1
 67
     7
176
     1
 79
     5
176
     1
170
     0
176
     1
171
     0
176
     1
290
     0
176
     1
 93
        1
176
     1
 44
50.0
176
     1
173
     0
176
     1
  0
VISUALSTYLE
  5
3A
102
{ACAD_XDICTIONARY
360
19D
102
}
102
{ACAD_REACTORS
330
2A
102
}
330
2A
100
AcDbVisualStyle
  2
ColorChange
 70
    16
177
     2
291
     1
 71
     2
176
     1
 72
     2
176
     1
 73
     3
176
     1
 90
        0
176
     1
 40
0.6
176
     1
 41
30.0
176
     1
 62
     5
 63
     8
421
  8421504
176
     1
 74
     1
176
     1
 91
        4
176
     1
 64
     7
176
     1
 65
   257
176
     1
 75
     1
176
     1
175
     1
176
     1
 42
1.0
176
     1
 92
        8
176
     1
 66
     8
424
  8421504
176
     1
 43
1.0
176
     1
 76
     1
176
     1
 77
     6
176
     1
 78
     2
176
     1
 67
     7
176
     1
 79
     5
176
     1
170
     0
176
     1
171
     0
176
     1
290
     0
176
     1
 93
        1
176
     1
 44
0.0
176
     1
173
     0
176
     1
  0
VISUALSTYLE
  5
34
102
{ACAD_XDICTIONARY
360
191
102
}
102
{ACAD_REACTORS
330
2A
102
}
330
2A
100
AcDbVisualStyle
  2
Conceptual
 70
     9
177
     2
291
     0
 71
     3
176
     1
 72
     2
176
     1
 73
     0
176
     1
 90
        0
176
     1
 40
0.6
176
     1
 41
30.0
176
     1
 62
     5
 63
     7
421
 16777215
176
     1
 74
     2
176
     1
 91
        2
176
     1
 64
     7
176
     1
 65
   257
176
     1
 75
     1
176
     1
175
     1
176
     1
 42
179.0
176
     1
 92
        8
176
     1
 66
     7
176
     1
 43
1.0
176
     1
 76
     1
176
     1
 77
     6
176
     1
 78
     2
176
     1
 67
     7
176
     1
 79
     3
176
     1
170
     0
176
     1
171
     0
176
     1
290
     0
176
     1
 93
        1
176
     1
 44
0.0
176
     1
173
     0
176
     1
  0
VISUALSTYLE
  5
35
102
{ACAD_XDICTIONARY
360
193
102
}
102
{ACAD_REACTORS
330
2A
102
}
330
2A
100
AcDbVisualStyle
  2
Dim
 70
    11
177
     2
291
     1
 71
     2
176
     1
 72
     2
176
     1
 73
     0
176
     1
 90
        0
176
     1
 40
0.6
176
     1
 41
30.0
176
     1
 62
     5
 63
     7
421
 16777215
176
     1
 74
     1
176
     1
 91
        4
176
     1
 64
     7
176
     1
 65
   257
176
     1
 75
     1
176
     1
175
     1
176
     1
 42
1.0
176
     1
 92
        8
176
     1
 66
     7
176
     1
 43
1.0
176
     1
 76
     1
176
     1
 77
     6
176
     1
 78
     2
176
     1
 67
     7
176
     1
 79
     5
176
     1
170
     0
176
     1
171
     0
176
     1
290
     0
176
     1
 93
        1
176
     1
 44
-50.0
176
     1
173
     0
176
     1
  0
VISUALSTYLE
  5
3D
102
{ACAD_XDICTIONARY
360
1A3
102
}
102
{ACAD_REACTORS
330
2A
102
}
330
2A
100
AcDbVisualStyle
  2
EdgeColorOff
 70
    22
177
     2
291
     1
 71
     2
176
     0
 72
     2
176
     0
 73
     0
176
     0
 90
        0
176
     0
 40
0.6
176
     0
 41
30.0
176
     0
 62
     5
 63
     7
421
 16777215
176
     0
 74
     1
176
     0
 91
        4
176
     0
 64
     7
176
     0
 65
   257
176
     0
 75
     1
176
     0
175
     1
176
     0
 42
1.0
176
     0
 92
        8
176
     2
 66
     7
176
     0
 43
1.0
176
     0
 76
     1
176
     0
 77
     6
176
     0
 78
     2
176
     0
 67
     7
176
     0
 79
     5
176
     0
170
     0
176
     0
171
     0
176
     0
290
     0
176
     0
 93
        1
176
     0
 44
0.0
176
     0
173
     0
176
     0
  0
VISUALSTYLE
  5
39
102
{ACAD_XDICTIONARY
360
19B
102
}
102
{ACAD_REACTORS
330
2A
102
}
330
2A
100
AcDbVisualStyle
  2
Facepattern
 70
    15
177
     2
291
     1
 71
     2
176
     1
 72
     2
176
     1
 73
     0
176
     1
 90
        0
176
     1
 40
0.6
176
     1
 41
30.0
176
     1
 62
     5
 63
     7
421
 16777215
176
     1
 74
     1
176
     1
 91
        4
176
     1
 64
     7
176
     1
 65
   257
176
     1
 75
     1
176
     1
175
     1
176
     1
 42
1.0
176
     1
 92
        8
176
     1
 66
     7
176
     1
 43
1.0
176
     1
 76
     1
176
     1
 77
     6
176
     1
 78
     2
176
     1
 67
     7
176
     1
 79
     5
176
     1
170
     0
176
     1
171
     0
176
     1
290
     0
176
     1
 93
        1
176
     1
 44
0.0
176
     1
173
     0
176
     1
  0
VISUALSTYLE
  5
2B
102
{ACAD_XDICTIONARY
360
17F
102
}
102
{ACAD_REACTORS
330
2A
102
}
330
2A
100
AcDbVisualStyle
  2
Flat
 70
     0
177
     2
291
     1
 71
     2
176
     1
 72
     1
176
     1
 73
     1
176
     1
 90
        2
176
     1
 40
0.6
176
     1
 41
30.0
176
     1
 62
     5
 63
     7
421
 16777215
176
     1
 74
     0
176
     1
 91
        0
176
     1
 64
     7
176
     1
 65
   257
176
     1
 75
     1
176
     1
175
     1
176
     1
 42
1.0
176
     1
 92
        8
176
     1
 66
     7
176
     1
 43
1.0
176
     1
 76
     1
176
     1
 77
     6
176
     1
 78
     2
176
     1
 67
     7
176
     1
 79
     5
176
     1
170
     0
176
     1
171
     0
176
     1
290
     0
176
     1
 93
       13
176
     1
 44
0.0
176
     1
173
     0
176
     1
  0
VISUALSTYLE
  5
2C
102
{ACAD_XDICTIONARY
360
181
102
}
102
{ACAD_REACTORS
330
2A
102
}
330
2A
100
AcDbVisualStyle
  2
FlatWithEdges
 70
     1
177
     2
291
     1
 71
     2
176
     1
 72
     1
176
     1
 73
     1
176
     1
 90
        2
176
     1
 40
0.6
176
     1
 41
30.0
176
     1
 62
     5
 63
     7
421
 16777215
176
     1
 74
     1
176
     1
 91
        0
176
     1
 64
     7
176
     1
 65
   257
176
     1
 75
     1
176
     1
175
     1
176
     1
 42
1.0
176
     1
 92
        0
176
     1
 66
   257
176
     1
 43
1.0
176
     1
 76
     1
176
     1
 77
     6
176
     1
 78
     2
176
     1
 67
     7
176
     1
 79
     5
176
     1
170
     0
176
     1
171
     0
176
     1
290
     0
176
     1
 93
       13
176
     1
 44
0.0
176
     1
173
     0
176
     1
  0
VISUALSTYLE
  5
2D
102
{ACAD_XDICTIONARY
360
183
102
}
102
{ACAD_REACTORS
330
2A
102
}
330
2A
100
AcDbVisualStyle
  2
Gouraud
 70
     2
177
     2
291
     1
 71
     2
176
     1
 72
     2
176
     1
 73
     1
176
     1
 90
        2
176
     1
 40
0.6
176
     1
 41
30.0
176
     1
 62
     5
 63
     7
421
 16777215
176
     1
 74
     0
176
     1
 91
        0
176
     1
 64
     7
176
     1
 65
   257
176
     1
 75
     1
176
     1
175
     1
176
     1
 42
1.0
176
     1
 92
        0
176
     1
 66
     7
176
     1
 43
1.0
176
     1
 76
     1
176
     1
 77
     6
176
     1
 78
     2
176
     1
 67
     7
176
     1
 79
     5
176
     1
170
     0
176
     1
171
     0
176
     1
290
     0
176
     1
 93
       13
176
     1
 44
0.0
176
     1
173
     0
176
     1
  0
VISUALSTYLE
  5
2E
102
{ACAD_XDICTIONARY
360
185
102
}
102
{ACAD_REACTORS
330
2A
102
}
330
2A
100
AcDbVisualStyle
  2
GouraudWithEdges
 70
     3
177
     2
291
     1
 71
     2
176
     1
 72
     2
176
     1
 73
     1
176
     1
 90
        2
176
     1
 40
0.6
176
     1
 41
30.0
176
     1
 62
     5
 63
     7
421
 16777215
176
     1
 74
     1
176
     1
 91
        0
176
     1
 64
     7
176
     1
 65
   257
176
     1
 75
     1
176
     1
175
     1
176
     1
 42
1.0
176
     1
 92
        0
176
     1
 66
   257
176
     1
 43
1.0
176
     1
 76
     1
176
     1
 77
     6
176
     1
 78
     2
176
     1
 67
     7
176
     1
 79
     5
176
     1
170
     0
176
     1
171
     0
176
     1
290
     0
176
     1
 93
       13
176
     1
 44
0.0
176
     1
173
     0
176
     1
  0
VISUALSTYLE
  5
31
102
{ACAD_XDICTIONARY
360
18B
102
}
102
{ACAD_REACTORS
330
2A
102
}
330
2A
100
AcDbVisualStyle
  2
Hidden
 70
     6
177
     2
291
     0
 71
     1
176
     1
 72
     2
176
     1
 73
     2
176
     1
 90
        0
176
     1
 40
0.6
176
     1
 41
30.0
176
     1
 62
     5
 63
     7
421
 16777215
176
     1
 74
     2
176
     1
 91
        2
176
     1
 64
     7
176
     1
 65
   257
176
     1
 75
     2
176
     1
175
     1
176
     1
 42
40.0
176
     1
 92
        0
176
     1
 66
   257
176
     1
 43
1.0
176
     1
 76
     1
176
     1
 77
     6
176
     1
 78
     2
176
     1
 67
     7
176
     1
 79
     3
176
     1
170
     0
176
     1
171
     0
176
     1
290
     0
176
     1
 93
        1
176
     1
 44
0.0
176
     1
173
     0
176
     1
  0
VISUALSTYLE
  5
3B
102
{ACAD_XDICTIONARY
360
19F
102
}
102
{ACAD_REACTORS
330
2A
102
}
330
2A
100
AcDbVisualStyle
  2
JitterOff
 70
    20
177
     2
291
     1
 71
     2
176
     0
 72
     2
176
     0
 73
     0
176
     0
 90
        0
176
     0
 40
0.6
176
     0
 41
30.0
176
     0
 62
     5
 63
     7
421
 16777215
176
     0
 74
     1
176
     0
 91
        4
176
     0
 64
     7
176
     0
 65
   257
176
     0
 75
     1
176
     0
175
     1
176
     0
 42
1.0
176
     0
 92
       10
176
     2
 66
     7
176
     0
 43
1.0
176
     0
 76
     1
176
     0
 77
     6
176
     0
 78
     2
176
     0
 67
     7
176
     0
 79
     5
176
     0
170
     0
176
     0
171
     0
176
     0
290
     0
176
     0
 93
        1
176
     0
 44
0.0
176
     0
173
     0
176
     0
  0
VISUALSTYLE
  5
38
102
{ACAD_XDICTIONARY
360
199
102
}
102
{ACAD_REACTORS
330
2A
102
}
330
2A
100
AcDbVisualStyle
  2
Linepattern
 70
    14
177
     2
291
     1
 71
     2
176
     1
 72
     2
176
     1
 73
     0
176
     1
 90
        0
176
     1
 40
0.6
176
     1
 41
30.0
176
     1
 62
     5
 63
     7
421
 16777215
176
     1
 74
     1
176
     1
 91
        4
176
     1
 64
     7
176
     1
 65
   257
176
     1
 75
     7
176
     1
175
     7
176
     1
 42
1.0
176
     1
 92
        8
176
     1
 66
     7
176
     1
 43
1.0
176
     1
 76
     1
176
     1
 77
     6
176
     1
 78
     2
176
     1
 67
     7
176
     1
 79
     5
176
     1
170
     0
176
     1
171
     0
176
     1
290
     0
176
     1
 93
        1
176
     1
 44
0.0
176
     1
173
     0
176
     1
  0
VISUALSTYLE
  5
3C
102
{ACAD_XDICTIONARY
360
1A1
102
}
102
{ACAD_REACTORS
330
2A
102
}
330
2A
100
AcDbVisualStyle
  2
OverhangOff
 70
    21
177
     2
291
     1
 71
     2
176
     0
 72
     2
176
     0
 73
     0
176
     0
 90
        0
176
     0
 40
0.6
176
     0
 41
30.0
176
     0
 62
     5
 63
     7
421
 16777215
176
     0
 74
     1
176
     0
 91
        4
176
     0
 64
     7
176
     0
 65
   257
176
     0
 75
     1
176
     0
175
     1
176
     0
 42
1.0
176
     0
 92
        9
176
     2
 66
     7
176
     0
 43
1.0
176
     0
 76
     1
176
     0
 77
     6
176
     0
 78
     2
176
     0
 67
     7
176
     0
 79
     5
176
     0
170
     0
176
     0
171
     0
176
     0
290
     0
176
     0
 93
        1
176
     0
 44
0.0
176
     0
173
     0
176
     0
  0
VISUALSTYLE
  5
33
102
{ACAD_XDICTIONARY
360
18F
102
}
102
{ACAD_REACTORS
330
2A
102
}
330
2A
100
AcDbVisualStyle
  2
Realistic
 70
     8
177
     2
291
     0
 71
     2
176
     1
 72
     3
176
     1
 73
     0
176
     1
 90
        2
176
     1
 40
0.6
176
     1
 41
30.0
176
     1
 62
     5
 63
     7
421
 16777215
176
     1
 74
     0
176
     1
 91
        0
176
     1
 64
     7
176
     1
 65
   257
176
     1
 75
     1
176
     1
175
     1
176
     1
 42
1.0
176
     1
 92
        8
176
     1
 66
   257
176
     1
 43
1.0
176
     1
 76
     1
176
     1
 77
     6
176
     1
 78
     2
176
     1
 67
     7
176
     1
 79
     3
176
     1
170
     0
176
     1
171
     0
176
     1
290
     0
176
     1
 93
       13
176
     1
 44
0.0
176
     1
173
     0
176
     1
  0
VISUALSTYLE
  5
42
102
{ACAD_XDICTIONARY
360
1AD
102
}
102
{ACAD_REACTORS
330
2A
102
}
330
2A
100
AcDbVisualStyle
  2
Shaded
 70
    27
177
     2
291
     0
 71
     2
176
     1
 72
     2
176
     1
 73
     1
176
     1
 90
        2
176
     1
 40
0.6
176
     1
 41
30.0
176
     1
 62
     5
 63
     7
421
 16777215
176
     1
 74
     0
176
     1
 91
        4
176
     1
 64
     7
176
     1
 65
   257
176
     1
 75
     1
176
     1
175
     1
176
     1
 42
1.0
176
     1
 92
        8
176
     1
 66
   257
176
     1
 43
1.0
176
     1
 76
     1
176
     1
 77
     6
176
     1
 78
     2
176
     1
 67
     8
425
  7895160
176
     1
 79
     3
176
     1
170
     0
176
     1
171
     0
176
     1
290
     0
176
     1
 93
        5
176
     1
 44
0.0
176
     1
173
     0
176
     1
  0
VISUALSTYLE
  5
41
102
{ACAD_XDICTIONARY
360
1AB
102
}
102
{ACAD_REACTORS
330
2A
102
}
330
2A
100
AcDbVisualStyle
  2
Shaded with edges
 70
    26
177
     2
291
     0
 71
     2
176
     1
 72
     2
176
     1
 73
     1
176
     1
 90
        2
176
     1
 40
0.6
176
     1
 41
30.0
176
     1
 62
     5
 63
     7
421
 16777215
176
     1
 74
     1
176
     1
 91
       10
176
     1
 64
     7
176
     1
 65
   257
176
     1
 75
     2
176
     1
175
     1
176
     1
 42
1.0
176
     1
 92
        8
176
     1
 66
   257
176
     1
 43
1.0
176
     1
 76
     1
176
     1
 77
     6
176
     1
 78
     2
176
     1
 67
     7
176
     1
 79
     3
176
     1
170
     0
176
     1
171
     0
176
     1
290
     0
176
     1
 93
        5
176
     1
 44
0.0
176
     1
173
     0
176
     1
  0
VISUALSTYLE
  5
3E
102
{ACAD_XDICTIONARY
360
1A5
102
}
102
{ACAD_REACTORS
330
2A
102
}
330
2A
100
AcDbVisualStyle
  2
Shades of Gray
 70
    23
177
     2
291
     0
 71
     2
176
     1
 72
     2
176
     1
 73
     3
176
     1
 90
        0
176
     1
 40
0.6
176
     1
 41
30.0
176
     1
 62
     5
 63
     7
421
 16777215
176
     1
 74
     2
176
     1
 91
        2
176
     1
 64
     7
176
     1
 65
     7
176
     1
 75
     1
176
     1
175
     1
176
     1
 42
40.0
176
     1
 92
        8
176
     1
 66
     7
176
     1
 43
1.0
176
     1
 76
     1
176
     1
 77
     6
176
     1
 78
     2
176
     1
 67
     7
176
     1
 79
     3
176
     1
170
     0
176
     1
171
     0
176
     1
290
     0
176
     1
 93
        1
176
     1
 44
0.0
176
     1
173
     0
176
     1
  0
VISUALSTYLE
  5
3F
102
{ACAD_XDICTIONARY
360
1A7
102
}
102
{ACAD_REACTORS
330
2A
102
}
330
2A
100
AcDbVisualStyle
  2
Sketchy
 70
    24
177
     2
291
     0
 71
     1
176
     1
 72
     2
176
     1
 73
     2
176
     1
 90
        0
176
     1
 40
0.6
176
     1
 41
30.0
176
     1
 62
     5
 63
     7
421
 16777215
176
     1
 74
     2
176
     1
 91
        2
176
     1
 64
     7
176
     1
 65
     7
176
     1
 75
     1
176
     1
175
     1
176
     1
 42
40.0
176
     1
 92
       11
176
     1
 66
     7
176
     1
 43
1.0
176
     1
 76
     1
176
     1
 77
     6
176
     1
 78
     2
176
     1
 67
     7
176
     1
 79
     6
176
     1
170
     0
176
     1
171
     0
176
     1
290
     0
176
     1
 93
        1
176
     1
 44
0.0
176
     1
173
     0
176
     1
  0
VISUALSTYLE
  5
37
102
{ACAD_XDICTIONARY
360
197
102
}
102
{ACAD_REACTORS
330
2A
102
}
330
2A
100
AcDbVisualStyle
  2
Thicken
 70
    13
177
     2
291
     1
 71
     2
176
     1
 72
     2
176
     1
 73
     0
176
     1
 90
        0
176
     1
 40
0.6
176
     1
 41
30.0
176
     1
 62
     5
 63
     7
421
 16777215
176
     1
 74
     1
176
     1
 91
        4
176
     1
 64
     7
176
     1
 65
   257
176
     1
 75
     1
176
     1
175
     1
176
     1
 42
1.0
176
     1
 92
       12
176
     1
 66
     7
176
     1
 43
1.0
176
     1
 76
     1
176
     1
 77
     6
176
     1
 78
     2
176
     1
 67
     7
176
     1
 79
     5
176
     1
170
     0
176
     1
171
     0
176
     1
290
     0
176
     1
 93
        1
176
     1
 44
0.0
176
     1
173
     0
176
     1
  0
VISUALSTYLE
  5
30
102
{ACAD_XDICTIONARY
360
189
102
}
102
{ACAD_REACTORS
330
2A
102
}
330
2A
100
AcDbVisualStyle
  2
Wireframe
 70
     5
177
     2
291
     0
 71
     0
176
     1
 72
     2
176
     1
 73
     0
176
     1
 90
        0
176
     1
 40
0.6
176
     1
 41
30.0
176
     1
 62
     5
 63
     7
421
 16777215
176
     1
 74
     1
176
     1
 91
        4
176
     1
 64
     7
176
     1
 65
   257
176
     1
 75
     1
176
     1
175
     1
176
     1
 42
1.0
176
     1
 92
        0
176
     1
 66
   257
176
     1
 43
1.0
176
     1
 76
     1
176
     1
 77
     6
176
     1
 78
     2
176
     1
 67
     7
176
     1
 79
     3
176
     1
170
     0
176
     1
171
     0
176
     1
290
     0
176
     1
 93
        1
176
     1
 44
0.0
176
     1
173
     0
176
     1
  0
VISUALSTYLE
  5
40
102
{ACAD_XDICTIONARY
360
1A9
102
}
102
{ACAD_REACTORS
330
2A
102
}
330
2A
100
AcDbVisualStyle
  2
X-Ray
 70
    25
177
     2
291
     0
 71
     2
176
     1
 72
     2
176
     1
 73
     1
176
     1
 90
        1
176
     1
 40
0.5
176
     1
 41
30.0
176
     1
 62
     5
 63
     7
421
 16777215
176
     1
 74
     1
176
     1
 91
        0
176
     1
 64
     7
176
     1
 65
   257
176
     1
 75
     1
176
     1
175
     1
176
     1
 42
1.0
176
     1
 92
        8
176
     1
 66
     7
176
     1
 43
1.0
176
     1
 76
     1
176
     1
 77
     6
176
     1
 78
     2
176
     1
 67
     7
176
     1
 79
     3
176
     1
170
     0
176
     1
171
     0
176
     1
290
     0
176
     1
 93
       13
176
     1
 44
0.0
176
     1
173
     0
176
     1
  0
DICTIONARYVAR
  5
17D
102
{ACAD_REACTORS
330
17C
102
}
330
17C
100
DictionaryVariables
280
     0
  1
1:1
  0
DICTIONARYVAR
  5
1BA
102
{ACAD_REACTORS
330
17C
102
}
330
17C
100
DictionaryVariables
280
     0
  1
3.500000
  0
DICTIONARYVAR
  5
1BB
102
{ACAD_REACTORS
330
17C
102
}
330
17C
100
DictionaryVariables
280
     0
  1
acadiso.lin
  0
DICTIONARYVAR
  5
1B6
102
{ACAD_REACTORS
330
17C
102
}
330
17C
100
DictionaryVariables
280
     0
  1
Standard
  0
DICTIONARYVAR
  5
1B5
102
{ACAD_REACTORS
330
17C
102
}
330
17C
100
DictionaryVariables
280
     0
  1
Standard
  0
DICTIONARYVAR
  5
1C5
102
{ACAD_REACTORS
330
17C
102
}
330
17C
100
DictionaryVariables
280
     0
  1
2
  0
DICTIONARYVAR
  5
1B9
102
{ACAD_REACTORS
330
17C
102
}
330
17C
100
DictionaryVariables
280
     0
  1
0
  0
DICTIONARY
  5
1AF
330
5A
100
AcDbDictionary
280
     1
281
     1
  3
ACAD_ROUNDTRIP_2008_TABLESTYLE_CELLSTYLEMAP
360
1C6
  0
DICTIONARY
  5
187
330
2F
100
AcDbDictionary
280
     1
281
     1
  3
ACAD_XREC_ROUNDTRIP
360
1C7
  0
DICTIONARY
  5
18D
330
32
100
AcDbDictionary
280
     1
281
     1
  3
ACAD_XREC_ROUNDTRIP
360
1C8
  0
DICTIONARY
  5
195
330
36
100
AcDbDictionary
280
     1
281
     1
  3
ACAD_XREC_ROUNDTRIP
360
1C9
  0
DICTIONARY
  5
19D
330
3A
100
AcDbDictionary
280
     1
281
     1
  3
ACAD_XREC_ROUNDTRIP
360
1CA
  0
DICTIONARY
  5
191
330
34
100
AcDbDictionary
280
     1
281
     1
  3
ACAD_XREC_ROUNDTRIP
360
1CB
  0
DICTIONARY
  5
193
330
35
100
AcDbDictionary
280
     1
281
     1
  3
ACAD_XREC_ROUNDTRIP
360
1CC
  0
DICTIONARY
  5
1A3
330
3D
100
AcDbDictionary
280
     1
281
     1
  3
ACAD_XREC_ROUNDTRIP
360
1CD
  0
DICTIONARY
  5
19B
330
39
100
AcDbDictionary
280
     1
281
     1
  3
ACAD_XREC_ROUNDTRIP
360
1CE
  0
DICTIONARY
  5
17F
330
2B
100
AcDbDictionary
280
     1
281
     1
  3
ACAD_XREC_ROUNDTRIP
360
1CF
  0
DICTIONARY
  5
181
330
2C
100
AcDbDictionary
280
     1
281
     1
  3
ACAD_XREC_ROUNDTRIP
360
1D0
  0
DICTIONARY
  5
183
330
2D
100
AcDbDictionary
280
     1
281
     1
  3
ACAD_XREC_ROUNDTRIP
360
1D1
  0
DICTIONARY
  5
185
330
2E
100
AcDbDictionary
280
     1
281
     1
  3
ACAD_XREC_ROUNDTRIP
360
1D2
  0
DICTIONARY
  5
18B
330
31
100
AcDbDictionary
280
     1
281
     1
  3
ACAD_XREC_ROUNDTRIP
360
1D3
  0
DICTIONARY
  5
19F
330
3B
100
AcDbDictionary
280
     1
281
     1
  3
ACAD_XREC_ROUNDTRIP
360
1D4
  0
DICTIONARY
  5
199
330
38
100
AcDbDictionary
280
     1
281
     1
  3
ACAD_XREC_ROUNDTRIP
360
1D5
  0
DICTIONARY
  5
1A1
330
3C
100
AcDbDictionary
280
     1
281
     1
  3
ACAD_XREC_ROUNDTRIP
360
1D6
  0
DICTIONARY
  5
18F
330
33
100
AcDbDictionary
280
     1
281
     1
  3
ACAD_XREC_ROUNDTRIP
360
1D7
  0
DICTIONARY
  5
1AD
330
42
100
AcDbDictionary
280
     1
281
     1
  3
ACAD_XREC_ROUNDTRIP
360
1D8
  0
DICTIONARY
  5
1AB
330
41
100
AcDbDictionary
280
     1
281
     1
  3
ACAD_XREC_ROUNDTRIP
360
1D9
  0
DICTIONARY
  5
1A5
330
3E
100
AcDbDictionary
280
     1
281
     1
  3
ACAD_XREC_ROUNDTRIP
360
1DA
  0
DICTIONARY
  5
1A7
330
3F
100
AcDbDictionary
280
     1
281
     1
  3
ACAD_XREC_ROUNDTRIP
360
1DB
  0
DICTIONARY
  5
197
330
37
100
AcDbDictionary
280
     1
281
     1
  3
ACAD_XREC_ROUNDTRIP
360
1DC
  0
DICTIONARY
  5
189
330
30
100
AcDbDictionary
280
     1
281
     1
  3
ACAD_XREC_ROUNDTRIP
360
1DD
  0
DICTIONARY
  5
1A9
330
40
100
AcDbDictionary
280
     1
281
     1
  3
ACAD_XREC_ROUNDTRIP
360
1DE
  0
CELLSTYLEMAP
  5
1C6
102
{ACAD_REACTORS
330
1AF
102
}
330
1AF
100
AcDbCellStyleMap
 90
        3
300
CELLSTYLE
  1
TABLEFORMAT_BEGIN
 90
        5
170
     1
 91
        0
 92
    32768
 62
   257
 93
        1
300
CONTENTFORMAT
  1
CONTENTFORMAT_BEGIN
 90
        0
 91
        0
 92
        4
 93
        0
300

 40
0.0
140
1.0
 94
        5
 62
     0
340
11
144
6.0
309
CONTENTFORMAT_END
171
     1
301
MARGIN
  1
CELLMARGIN_BEGIN
 40
1.5
 40
1.5
 40
1.5
 40
1.5
 40
1.5
 40
1.5
309
CELLMARGIN_END
 94
        6
 95
        1
302
GRIDFORMAT
  1
GRIDFORMAT_BEGIN
 90
        0
 91
        1
 62
     0
 92
       -2
340
14
 93
        0
 40
0.045
309
GRIDFORMAT_END
 95
        2
302
GRIDFORMAT
  1
GRIDFORMAT_BEGIN
 90
        0
 91
        1
 62
     0
 92
       -2
340
14
 93
        0
 40
0.045
309
GRIDFORMAT_END
 95
        4
302
GRIDFORMAT
  1
GRIDFORMAT_BEGIN
 90
        0
 91
        1
 62
     0
 92
       -2
340
14
 93
        0
 40
0.045
309
GRIDFORMAT_END
 95
        8
302
GRIDFORMAT
  1
GRIDFORMAT_BEGIN
 90
        0
 91
        1
 62
     0
 92
       -2
340
14
 93
        0
 40
0.045
309
GRIDFORMAT_END
 95
       16
302
GRIDFORMAT
  1
GRIDFORMAT_BEGIN
 90
        0
 91
        1
 62
     0
 92
       -2
340
14
 93
        0
 40
0.045
309
GRIDFORMAT_END
 95
       32
302
GRIDFORMAT
  1
GRIDFORMAT_BEGIN
 90
        0
 91
        1
 62
     0
 92
       -2
340
14
 93
        0
 40
0.045
309
GRIDFORMAT_END
309
TABLEFORMAT_END
  1
CELLSTYLE_BEGIN
 90
        1
 91
        1
300
_TITLE
309
CELLSTYLE_END
300
CELLSTYLE
  1
TABLEFORMAT_BEGIN
 90
        5
170
     1
 91
        0
 92
        0
 62
   257
 93
        1
300
CONTENTFORMAT
  1
CONTENTFORMAT_BEGIN
 90
        0
 91
        0
 92
        4
 93
        0
300

 40
0.0
140
1.0
 94
        5
 62
     0
340
11
144
4.5
309
CONTENTFORMAT_END
171
     1
301
MARGIN
  1
CELLMARGIN_BEGIN
 40
1.5
 40
1.5
 40
1.5
 40
1.5
 40
1.5
 40
1.5
309
CELLMARGIN_END
 94
        6
 95
        1
302
GRIDFORMAT
  1
GRIDFORMAT_BEGIN
 90
        0
 91
        1
 62
     0
 92
       -2
340
14
 93
        0
 40
0.045
309
GRIDFORMAT_END
 95
        2
302
GRIDFORMAT
  1
GRIDFORMAT_BEGIN
 90
        0
 91
        1
 62
     0
 92
       -2
340
14
 93
        0
 40
0.045
309
GRIDFORMAT_END
 95
        4
302
GRIDFORMAT
  1
GRIDFORMAT_BEGIN
 90
        0
 91
        1
 62
     0
 92
       -2
340
14
 93
        0
 40
0.045
309
GRIDFORMAT_END
 95
        8
302
GRIDFORMAT
  1
GRIDFORMAT_BEGIN
 90
        0
 91
        1
 62
     0
 92
       -2
340
14
 93
        0
 40
0.045
309
GRIDFORMAT_END
 95
       16
302
GRIDFORMAT
  1
GRIDFORMAT_BEGIN
 90
        0
 91
        1
 62
     0
 92
       -2
340
14
 93
        0
 40
0.045
309
GRIDFORMAT_END
 95
       32
302
GRIDFORMAT
  1
GRIDFORMAT_BEGIN
 90
        0
 91
        1
 62
     0
 92
       -2
340
14
 93
        0
 40
0.045
309
GRIDFORMAT_END
309
TABLEFORMAT_END
  1
CELLSTYLE_BEGIN
 90
        2
 91
        1
300
_HEADER
309
CELLSTYLE_END
300
CELLSTYLE
  1
TABLEFORMAT_BEGIN
 90
        5
170
     1
 91
        0
 92
        0
 62
   257
 93
        1
300
CONTENTFORMAT
  1
CONTENTFORMAT_BEGIN
 90
        0
 91
        0
 92
        4
 93
        0
300

 40
0.0
140
1.0
 94
        2
 62
     0
340
11
144
4.5
309
CONTENTFORMAT_END
171
     1
301
MARGIN
  1
CELLMARGIN_BEGIN
 40
1.5
 40
1.5
 40
1.5
 40
1.5
 40
1.5
 40
1.5
309
CELLMARGIN_END
 94
        6
 95
        1
302
GRIDFORMAT
  1
GRIDFORMAT_BEGIN
 90
        0
 91
        1
 62
     0
 92
       -2
340
14
 93
        0
 40
0.045
309
GRIDFORMAT_END
 95
        2
302
GRIDFORMAT
  1
GRIDFORMAT_BEGIN
 90
        0
 91
        1
 62
     0
 92
       -2
340
14
 93
        0
 40
0.045
309
GRIDFORMAT_END
 95
        4
302
GRIDFORMAT
  1
GRIDFORMAT_BEGIN
 90
        0
 91
        1
 62
     0
 92
       -2
340
14
 93
        0
 40
0.045
309
GRIDFORMAT_END
 95
        8
302
GRIDFORMAT
  1
GRIDFORMAT_BEGIN
 90
        0
 91
        1
 62
     0
 92
       -2
340
14
 93
        0
 40
0.045
309
GRIDFORMAT_END
 95
       16
302
GRIDFORMAT
  1
GRIDFORMAT_BEGIN
 90
        0
 91
        1
 62
     0
 92
       -2
340
14
 93
        0
 40
0.045
309
GRIDFORMAT_END
 95
       32
302
GRIDFORMAT
  1
GRIDFORMAT_BEGIN
 90
        0
 91
        1
 62
     0
 92
       -2
340
14
 93
        0
 40
0.045
309
GRIDFORMAT_END
309
TABLEFORMAT_END
  1
CELLSTYLE_BEGIN
 90
        3
 91
        2
300
_DATA
309
CELLSTYLE_END
  0
XRECORD
  5
1C7
102
{ACAD_REACTORS
330
187
102
}
330
187
100
AcDbXrecord
280
     1
102
RTVSPost2010Prop28
280
     1
102
RTVSPost2010PropOp28
 70
     1
102
RTVSPost2010Prop29
280
     1
102
RTVSPost2010PropOp29
 70
     1
102
RTVSPost2010Prop30
280
     0
102
RTVSPost2010PropOp30
 70
     1
102
RTVSPost2010Prop31
280
     0
102
RTVSPost2010PropOp31
 70
     1
102
RTVSPost2010Prop32
280
     0
102
RTVSPost2010PropOp32
 70
     1
102
RTVSPost2010Prop33
280
     0
102
RTVSPost2010PropOp33
 70
     1
102
RTVSPost2010Prop34
280
     0
102
RTVSPost2010PropOp34
 70
     1
102
RTVSPost2010Prop35
280
     0
102
RTVSPost2010PropOp35
 70
     1
102
RTVSPost2010Prop36
280
     0
102
RTVSPost2010PropOp36
 70
     1
102
RTVSPost2010Prop37
 90
       50
102
RTVSPost2010PropOp37
 70
     1
102
RTVSPost2010Prop38
140
0.0
102
RTVSPost2010PropOp38
 70
     1
102
RTVSPost2010Prop39
140
1.0
102
RTVSPost2010PropOp39
 70
     1
102
RTVSPost2010Prop40
 90
        0
102
RTVSPost2010PropOp40
 70
     1
102
RTVSPost2010Prop41ColorIndex
 90
       18
102
RTVSPost2010Prop41ColorRGB
 90
        0
102
RTVSPost2010PropOp41
 70
     1
102
RTVSPost2010Prop42
 90
       50
102
RTVSPost2010PropOp42
 70
     1
102
RTVSPost2010Prop43
 90
        3
102
RTVSPost2010PropOp43
 70
     1
102
RTVSPost2010Prop44ColorIndex
 90
        5
102
RTVSPost2010Prop44ColorRGB
 90
      255
102
RTVSPost2010PropOp44
 70
     1
102
RTVSPost2010Prop45
280
     0
102
RTVSPost2010PropOp45
 70
     1
102
RTVSPost2010Prop46
 90
       50
102
RTVSPost2010PropOp46
 70
     1
102
RTVSPost2010Prop47
 90
       50
102
RTVSPost2010PropOp47
 70
     1
102
RTVSPost2010Prop48
 90
       50
102
RTVSPost2010PropOp48
 70
     1
102
RTVSPost2010Prop49
280
     0
102
RTVSPost2010PropOp49
 70
     1
102
RTVSPost2010Prop50
 90
       50
102
RTVSPost2010PropOp50
 70
     1
102
RTVSPost2010Prop51ColorIndex
 90
      256
102
RTVSPost2010Prop51ColorRGB
 90
-16777216
102
RTVSPost2010PropOp51
 70
     0
102
RTVSPost2010Prop52
140
1.0
102
RTVSPost2010PropOp52
 70
     0
102
RTVSPost2010Prop53
 90
        2
102
RTVSPost2010PropOp53
 70
     1
102
RTVSPost2010Prop54
  1
strokes_ogs.tif
102
RTVSPost2010PropOp54
 70
     1
102
RTVSPost2010Prop55
280
     0
102
RTVSPost2010PropOp55
 70
     1
102
RTVSPost2010Prop56
140
1.0
102
RTVSPost2010PropOp56
 70
     1
102
RTVSPost2010Prop57
140
1.0
102
RTVSPost2010PropOp57
 70
     1
  0
XRECORD
  5
1C8
102
{ACAD_REACTORS
330
18D
102
}
330
18D
100
AcDbXrecord
280
     1
102
RTVSPost2010Prop28
280
     0
102
RTVSPost2010PropOp28
 70
     1
102
RTVSPost2010Prop29
280
     1
102
RTVSPost2010PropOp29
 70
     1
102
RTVSPost2010Prop30
280
     1
102
RTVSPost2010PropOp30
 70
     1
102
RTVSPost2010Prop31
280
     0
102
RTVSPost2010PropOp31
 70
     1
102
RTVSPost2010Prop32
280
     0
102
RTVSPost2010PropOp32
 70
     1
102
RTVSPost2010Prop33
280
     0
102
RTVSPost2010PropOp33
 70
     1
102
RTVSPost2010Prop34
280
     0
102
RTVSPost2010PropOp34
 70
     1
102
RTVSPost2010Prop35
280
     0
102
RTVSPost2010PropOp35
 70
     1
102
RTVSPost2010Prop36
280
     0
102
RTVSPost2010PropOp36
 70
     1
102
RTVSPost2010Prop37
 90
       50
102
RTVSPost2010PropOp37
 70
     1
102
RTVSPost2010Prop38
140
0.0
102
RTVSPost2010PropOp38
 70
     1
102
RTVSPost2010Prop39
140
1.0
102
RTVSPost2010PropOp39
 70
     1
102
RTVSPost2010Prop40
 90
        0
102
RTVSPost2010PropOp40
 70
     1
102
RTVSPost2010Prop41ColorIndex
 90
       18
102
RTVSPost2010Prop41ColorRGB
 90
        0
102
RTVSPost2010PropOp41
 70
     1
102
RTVSPost2010Prop42
 90
       50
102
RTVSPost2010PropOp42
 70
     1
102
RTVSPost2010Prop43
 90
        3
102
RTVSPost2010PropOp43
 70
     1
102
RTVSPost2010Prop44ColorIndex
 90
        5
102
RTVSPost2010Prop44ColorRGB
 90
      255
102
RTVSPost2010PropOp44
 70
     1
102
RTVSPost2010Prop45
280
     0
102
RTVSPost2010PropOp45
 70
     1
102
RTVSPost2010Prop46
 90
       50
102
RTVSPost2010PropOp46
 70
     1
102
RTVSPost2010Prop47
 90
       50
102
RTVSPost2010PropOp47
 70
     1
102
RTVSPost2010Prop48
 90
       50
102
RTVSPost2010PropOp48
 70
     1
102
RTVSPost2010Prop49
280
     0
102
RTVSPost2010PropOp49
 70
     1
102
RTVSPost2010Prop50
 90
       50
102
RTVSPost2010PropOp50
 70
     1
102
RTVSPost2010Prop51ColorIndex
 90
      256
102
RTVSPost2010Prop51ColorRGB
 90
-16777216
102
RTVSPost2010PropOp51
 70
     0
102
RTVSPost2010Prop52
140
1.0
102
RTVSPost2010PropOp52
 70
     0
102
RTVSPost2010Prop53
 90
        2
102
RTVSPost2010PropOp53
 70
     1
102
RTVSPost2010Prop54
  1
strokes_ogs.tif
102
RTVSPost2010PropOp54
 70
     1
102
RTVSPost2010Prop55
280
     0
102
RTVSPost2010PropOp55
 70
     1
102
RTVSPost2010Prop56
140
1.0
102
RTVSPost2010PropOp56
 70
     1
102
RTVSPost2010Prop57
140
1.0
102
RTVSPost2010PropOp57
 70
     1
  0
XRECORD
  5
1C9
102
{ACAD_REACTORS
330
195
102
}
330
195
100
AcDbXrecord
280
     1
102
RTVSPost2010Prop28
280
     0
102
RTVSPost2010PropOp28
 70
     1
102
RTVSPost2010Prop29
280
     1
102
RTVSPost2010PropOp29
 70
     1
102
RTVSPost2010Prop30
280
     1
102
RTVSPost2010PropOp30
 70
     1
102
RTVSPost2010Prop31
280
     0
102
RTVSPost2010PropOp31
 70
     1
102
RTVSPost2010Prop32
280
     0
102
RTVSPost2010PropOp32
 70
     1
102
RTVSPost2010Prop33
280
     0
102
RTVSPost2010PropOp33
 70
     1
102
RTVSPost2010Prop34
280
     0
102
RTVSPost2010PropOp34
 70
     1
102
RTVSPost2010Prop35
280
     0
102
RTVSPost2010PropOp35
 70
     1
102
RTVSPost2010Prop36
280
     0
102
RTVSPost2010PropOp36
 70
     1
102
RTVSPost2010Prop37
 90
       50
102
RTVSPost2010PropOp37
 70
     1
102
RTVSPost2010Prop38
140
0.0
102
RTVSPost2010PropOp38
 70
     1
102
RTVSPost2010Prop39
140
1.0
102
RTVSPost2010PropOp39
 70
     1
102
RTVSPost2010Prop40
 90
        0
102
RTVSPost2010PropOp40
 70
     1
102
RTVSPost2010Prop41ColorIndex
 90
       18
102
RTVSPost2010Prop41ColorRGB
 90
        0
102
RTVSPost2010PropOp41
 70
     1
102
RTVSPost2010Prop42
 90
       50
102
RTVSPost2010PropOp42
 70
     1
102
RTVSPost2010Prop43
 90
        3
102
RTVSPost2010PropOp43
 70
     1
102
RTVSPost2010Prop44ColorIndex
 90
        5
102
RTVSPost2010Prop44ColorRGB
 90
      255
102
RTVSPost2010PropOp44
 70
     1
102
RTVSPost2010Prop45
280
     0
102
RTVSPost2010PropOp45
 70
     1
102
RTVSPost2010Prop46
 90
       50
102
RTVSPost2010PropOp46
 70
     1
102
RTVSPost2010Prop47
 90
       50
102
RTVSPost2010PropOp47
 70
     1
102
RTVSPost2010Prop48
 90
       50
102
RTVSPost2010PropOp48
 70
     1
102
RTVSPost2010Prop49
280
     0
102
RTVSPost2010PropOp49
 70
     1
102
RTVSPost2010Prop50
 90
       50
102
RTVSPost2010PropOp50
 70
     1
102
RTVSPost2010Prop51ColorIndex
 90
      256
102
RTVSPost2010Prop51ColorRGB
 90
-16777216
102
RTVSPost2010PropOp51
 70
     0
102
RTVSPost2010Prop52
140
1.0
102
RTVSPost2010PropOp52
 70
     0
102
RTVSPost2010Prop53
 90
        2
102
RTVSPost2010PropOp53
 70
     1
102
RTVSPost2010Prop54
  1
strokes_ogs.tif
102
RTVSPost2010PropOp54
 70
     1
102
RTVSPost2010Prop55
280
     0
102
RTVSPost2010PropOp55
 70
     1
102
RTVSPost2010Prop56
140
1.0
102
RTVSPost2010PropOp56
 70
     1
102
RTVSPost2010Prop57
140
1.0
102
RTVSPost2010PropOp57
 70
     1
  0
XRECORD
  5
1CA
102
{ACAD_REACTORS
330
19D
102
}
330
19D
100
AcDbXrecord
280
     1
102
RTVSPost2010Prop28
280
     0
102
RTVSPost2010PropOp28
 70
     1
102
RTVSPost2010Prop29
280
     1
102
RTVSPost2010PropOp29
 70
     1
102
RTVSPost2010Prop30
280
     1
102
RTVSPost2010PropOp30
 70
     1
102
RTVSPost2010Prop31
280
     0
102
RTVSPost2010PropOp31
 70
     1
102
RTVSPost2010Prop32
280
     0
102
RTVSPost2010PropOp32
 70
     1
102
RTVSPost2010Prop33
280
     0
102
RTVSPost2010PropOp33
 70
     1
102
RTVSPost2010Prop34
280
     0
102
RTVSPost2010PropOp34
 70
     1
102
RTVSPost2010Prop35
280
     0
102
RTVSPost2010PropOp35
 70
     1
102
RTVSPost2010Prop36
280
     0
102
RTVSPost2010PropOp36
 70
     1
102
RTVSPost2010Prop37
 90
       50
102
RTVSPost2010PropOp37
 70
     1
102
RTVSPost2010Prop38
140
0.0
102
RTVSPost2010PropOp38
 70
     1
102
RTVSPost2010Prop39
140
1.0
102
RTVSPost2010PropOp39
 70
     1
102
RTVSPost2010Prop40
 90
        0
102
RTVSPost2010PropOp40
 70
     1
102
RTVSPost2010Prop41ColorIndex
 90
       18
102
RTVSPost2010Prop41ColorRGB
 90
        0
102
RTVSPost2010PropOp41
 70
     1
102
RTVSPost2010Prop42
 90
       50
102
RTVSPost2010PropOp42
 70
     1
102
RTVSPost2010Prop43
 90
        3
102
RTVSPost2010PropOp43
 70
     1
102
RTVSPost2010Prop44ColorIndex
 90
        5
102
RTVSPost2010Prop44ColorRGB
 90
      255
102
RTVSPost2010PropOp44
 70
     1
102
RTVSPost2010Prop45
280
     0
102
RTVSPost2010PropOp45
 70
     1
102
RTVSPost2010Prop46
 90
       50
102
RTVSPost2010PropOp46
 70
     1
102
RTVSPost2010Prop47
 90
       50
102
RTVSPost2010PropOp47
 70
     1
102
RTVSPost2010Prop48
 90
       50
102
RTVSPost2010PropOp48
 70
     1
102
RTVSPost2010Prop49
280
     0
102
RTVSPost2010PropOp49
 70
     1
102
RTVSPost2010Prop50
 90
       50
102
RTVSPost2010PropOp50
 70
     1
102
RTVSPost2010Prop51ColorIndex
 90
      256
102
RTVSPost2010Prop51ColorRGB
 90
-16777216
102
RTVSPost2010PropOp51
 70
     0
102
RTVSPost2010Prop52
140
1.0
102
RTVSPost2010PropOp52
 70
     0
102
RTVSPost2010Prop53
 90
        2
102
RTVSPost2010PropOp53
 70
     1
102
RTVSPost2010Prop54
  1
strokes_ogs.tif
102
RTVSPost2010PropOp54
 70
     1
102
RTVSPost2010Prop55
280
     0
102
RTVSPost2010PropOp55
 70
     1
102
RTVSPost2010Prop56
140
1.0
102
RTVSPost2010PropOp56
 70
     1
102
RTVSPost2010Prop57
140
1.0
102
RTVSPost2010PropOp57
 70
     1
  0
XRECORD
  5
1CB
102
{ACAD_REACTORS
330
191
102
}
330
191
100
AcDbXrecord
280
     1
102
RTVSPost2010Prop28
280
     0
102
RTVSPost2010PropOp28
 70
     1
102
RTVSPost2010Prop29
280
     1
102
RTVSPost2010PropOp29
 70
     1
102
RTVSPost2010Prop30
280
     1
102
RTVSPost2010PropOp30
 70
     1
102
RTVSPost2010Prop31
280
     0
102
RTVSPost2010PropOp31
 70
     1
102
RTVSPost2010Prop32
280
     0
102
RTVSPost2010PropOp32
 70
     1
102
RTVSPost2010Prop33
280
     0
102
RTVSPost2010PropOp33
 70
     1
102
RTVSPost2010Prop34
280
     0
102
RTVSPost2010PropOp34
 70
     1
102
RTVSPost2010Prop35
280
     0
102
RTVSPost2010PropOp35
 70
     1
102
RTVSPost2010Prop36
280
     0
102
RTVSPost2010PropOp36
 70
     1
102
RTVSPost2010Prop37
 90
       50
102
RTVSPost2010PropOp37
 70
     1
102
RTVSPost2010Prop38
140
0.0
102
RTVSPost2010PropOp38
 70
     1
102
RTVSPost2010Prop39
140
1.0
102
RTVSPost2010PropOp39
 70
     1
102
RTVSPost2010Prop40
 90
        0
102
RTVSPost2010PropOp40
 70
     1
102
RTVSPost2010Prop41ColorIndex
 90
       18
102
RTVSPost2010Prop41ColorRGB
 90
        0
102
RTVSPost2010PropOp41
 70
     1
102
RTVSPost2010Prop42
 90
       50
102
RTVSPost2010PropOp42
 70
     1
102
RTVSPost2010Prop43
 90
        3
102
RTVSPost2010PropOp43
 70
     1
102
RTVSPost2010Prop44ColorIndex
 90
        5
102
RTVSPost2010Prop44ColorRGB
 90
      255
102
RTVSPost2010PropOp44
 70
     1
102
RTVSPost2010Prop45
280
     0
102
RTVSPost2010PropOp45
 70
     1
102
RTVSPost2010Prop46
 90
       50
102
RTVSPost2010PropOp46
 70
     1
102
RTVSPost2010Prop47
 90
       50
102
RTVSPost2010PropOp47
 70
     1
102
RTVSPost2010Prop48
 90
       50
102
RTVSPost2010PropOp48
 70
     1
102
RTVSPost2010Prop49
280
     0
102
RTVSPost2010PropOp49
 70
     1
102
RTVSPost2010Prop50
 90
       50
102
RTVSPost2010PropOp50
 70
     1
102
RTVSPost2010Prop51ColorIndex
 90
      256
102
RTVSPost2010Prop51ColorRGB
 90
-16777216
102
RTVSPost2010PropOp51
 70
     0
102
RTVSPost2010Prop52
140
1.0
102
RTVSPost2010PropOp52
 70
     0
102
RTVSPost2010Prop53
 90
        2
102
RTVSPost2010PropOp53
 70
     1
102
RTVSPost2010Prop54
  1
strokes_ogs.tif
102
RTVSPost2010PropOp54
 70
     1
102
RTVSPost2010Prop55
280
     0
102
RTVSPost2010PropOp55
 70
     1
102
RTVSPost2010Prop56
140
1.0
102
RTVSPost2010PropOp56
 70
     1
102
RTVSPost2010Prop57
140
1.0
102
RTVSPost2010PropOp57
 70
     1
  0
XRECORD
  5
1CC
102
{ACAD_REACTORS
330
193
102
}
330
193
100
AcDbXrecord
280
     1
102
RTVSPost2010Prop28
280
     0
102
RTVSPost2010PropOp28
 70
     1
102
RTVSPost2010Prop29
280
     1
102
RTVSPost2010PropOp29
 70
     1
102
RTVSPost2010Prop30
280
     1
102
RTVSPost2010PropOp30
 70
     1
102
RTVSPost2010Prop31
280
     0
102
RTVSPost2010PropOp31
 70
     1
102
RTVSPost2010Prop32
280
     0
102
RTVSPost2010PropOp32
 70
     1
102
RTVSPost2010Prop33
280
     0
102
RTVSPost2010PropOp33
 70
     1
102
RTVSPost2010Prop34
280
     0
102
RTVSPost2010PropOp34
 70
     1
102
RTVSPost2010Prop35
280
     0
102
RTVSPost2010PropOp35
 70
     1
102
RTVSPost2010Prop36
280
     0
102
RTVSPost2010PropOp36
 70
     1
102
RTVSPost2010Prop37
 90
       50
102
RTVSPost2010PropOp37
 70
     1
102
RTVSPost2010Prop38
140
0.0
102
RTVSPost2010PropOp38
 70
     1
102
RTVSPost2010Prop39
140
1.0
102
RTVSPost2010PropOp39
 70
     1
102
RTVSPost2010Prop40
 90
        0
102
RTVSPost2010PropOp40
 70
     1
102
RTVSPost2010Prop41ColorIndex
 90
       18
102
RTVSPost2010Prop41ColorRGB
 90
        0
102
RTVSPost2010PropOp41
 70
     1
102
RTVSPost2010Prop42
 90
       50
102
RTVSPost2010PropOp42
 70
     1
102
RTVSPost2010Prop43
 90
        3
102
RTVSPost2010PropOp43
 70
     1
102
RTVSPost2010Prop44ColorIndex
 90
        5
102
RTVSPost2010Prop44ColorRGB
 90
      255
102
RTVSPost2010PropOp44
 70
     1
102
RTVSPost2010Prop45
280
     0
102
RTVSPost2010PropOp45
 70
     1
102
RTVSPost2010Prop46
 90
       50
102
RTVSPost2010PropOp46
 70
     1
102
RTVSPost2010Prop47
 90
       50
102
RTVSPost2010PropOp47
 70
     1
102
RTVSPost2010Prop48
 90
       50
102
RTVSPost2010PropOp48
 70
     1
102
RTVSPost2010Prop49
280
     0
102
RTVSPost2010PropOp49
 70
     1
102
RTVSPost2010Prop50
 90
       50
102
RTVSPost2010PropOp50
 70
     1
102
RTVSPost2010Prop51ColorIndex
 90
      256
102
RTVSPost2010Prop51ColorRGB
 90
-16777216
102
RTVSPost2010PropOp51
 70
     0
102
RTVSPost2010Prop52
140
1.0
102
RTVSPost2010PropOp52
 70
     0
102
RTVSPost2010Prop53
 90
        2
102
RTVSPost2010PropOp53
 70
     1
102
RTVSPost2010Prop54
  1
strokes_ogs.tif
102
RTVSPost2010PropOp54
 70
     1
102
RTVSPost2010Prop55
280
     0
102
RTVSPost2010PropOp55
 70
     1
102
RTVSPost2010Prop56
140
1.0
102
RTVSPost2010PropOp56
 70
     1
102
RTVSPost2010Prop57
140
1.0
102
RTVSPost2010PropOp57
 70
     1
  0
XRECORD
  5
1CD
102
{ACAD_REACTORS
330
1A3
102
}
330
1A3
100
AcDbXrecord
280
     1
102
RTVSPost2010Prop28
280
     0
102
RTVSPost2010PropOp28
 70
     0
102
RTVSPost2010Prop29
280
     1
102
RTVSPost2010PropOp29
 70
     0
102
RTVSPost2010Prop30
280
     1
102
RTVSPost2010PropOp30
 70
     0
102
RTVSPost2010Prop31
280
     0
102
RTVSPost2010PropOp31
 70
     0
102
RTVSPost2010Prop32
280
     0
102
RTVSPost2010PropOp32
 70
     0
102
RTVSPost2010Prop33
280
     0
102
RTVSPost2010PropOp33
 70
     0
102
RTVSPost2010Prop34
280
     0
102
RTVSPost2010PropOp34
 70
     0
102
RTVSPost2010Prop35
280
     0
102
RTVSPost2010PropOp35
 70
     0
102
RTVSPost2010Prop36
280
     0
102
RTVSPost2010PropOp36
 70
     0
102
RTVSPost2010Prop37
 90
       50
102
RTVSPost2010PropOp37
 70
     0
102
RTVSPost2010Prop38
140
0.0
102
RTVSPost2010PropOp38
 70
     0
102
RTVSPost2010Prop39
140
1.0
102
RTVSPost2010PropOp39
 70
     0
102
RTVSPost2010Prop40
 90
        0
102
RTVSPost2010PropOp40
 70
     0
102
RTVSPost2010Prop41ColorIndex
 90
       18
102
RTVSPost2010Prop41ColorRGB
 90
        0
102
RTVSPost2010PropOp41
 70
     0
102
RTVSPost2010Prop42
 90
       50
102
RTVSPost2010PropOp42
 70
     0
102
RTVSPost2010Prop43
 90
        3
102
RTVSPost2010PropOp43
 70
     0
102
RTVSPost2010Prop44ColorIndex
 90
        5
102
RTVSPost2010Prop44ColorRGB
 90
      255
102
RTVSPost2010PropOp44
 70
     0
102
RTVSPost2010Prop45
280
     0
102
RTVSPost2010PropOp45
 70
     0
102
RTVSPost2010Prop46
 90
       50
102
RTVSPost2010PropOp46
 70
     0
102
RTVSPost2010Prop47
 90
       50
102
RTVSPost2010PropOp47
 70
     0
102
RTVSPost2010Prop48
 90
       50
102
RTVSPost2010PropOp48
 70
     0
102
RTVSPost2010Prop49
280
     0
102
RTVSPost2010PropOp49
 70
     0
102
RTVSPost2010Prop50
 90
       50
102
RTVSPost2010PropOp50
 70
     0
102
RTVSPost2010Prop51ColorIndex
 90
      256
102
RTVSPost2010Prop51ColorRGB
 90
-16777216
102
RTVSPost2010PropOp51
 70
     0
102
RTVSPost2010Prop52
140
1.0
102
RTVSPost2010PropOp52
 70
     0
102
RTVSPost2010Prop53
 90
        2
102
RTVSPost2010PropOp53
 70
     0
102
RTVSPost2010Prop54
  1
strokes_ogs.tif
102
RTVSPost2010PropOp54
 70
     0
102
RTVSPost2010Prop55
280
     0
102
RTVSPost2010PropOp55
 70
     0
102
RTVSPost2010Prop56
140
1.0
102
RTVSPost2010PropOp56
 70
     0
102
RTVSPost2010Prop57
140
1.0
102
RTVSPost2010PropOp57
 70
     0
  0
XRECORD
  5
1CE
102
{ACAD_REACTORS
330
19B
102
}
330
19B
100
AcDbXrecord
280
     1
102
RTVSPost2010Prop28
280
     0
102
RTVSPost2010PropOp28
 70
     1
102
RTVSPost2010Prop29
280
     1
102
RTVSPost2010PropOp29
 70
     1
102
RTVSPost2010Prop30
280
     1
102
RTVSPost2010PropOp30
 70
     1
102
RTVSPost2010Prop31
280
     0
102
RTVSPost2010PropOp31
 70
     1
102
RTVSPost2010Prop32
280
     0
102
RTVSPost2010PropOp32
 70
     1
102
RTVSPost2010Prop33
280
     0
102
RTVSPost2010PropOp33
 70
     1
102
RTVSPost2010Prop34
280
     0
102
RTVSPost2010PropOp34
 70
     1
102
RTVSPost2010Prop35
280
     0
102
RTVSPost2010PropOp35
 70
     1
102
RTVSPost2010Prop36
280
     0
102
RTVSPost2010PropOp36
 70
     1
102
RTVSPost2010Prop37
 90
       50
102
RTVSPost2010PropOp37
 70
     1
102
RTVSPost2010Prop38
140
0.0
102
RTVSPost2010PropOp38
 70
     1
102
RTVSPost2010Prop39
140
1.0
102
RTVSPost2010PropOp39
 70
     1
102
RTVSPost2010Prop40
 90
        0
102
RTVSPost2010PropOp40
 70
     1
102
RTVSPost2010Prop41ColorIndex
 90
       18
102
RTVSPost2010Prop41ColorRGB
 90
        0
102
RTVSPost2010PropOp41
 70
     1
102
RTVSPost2010Prop42
 90
       50
102
RTVSPost2010PropOp42
 70
     1
102
RTVSPost2010Prop43
 90
        3
102
RTVSPost2010PropOp43
 70
     1
102
RTVSPost2010Prop44ColorIndex
 90
        5
102
RTVSPost2010Prop44ColorRGB
 90
      255
102
RTVSPost2010PropOp44
 70
     1
102
RTVSPost2010Prop45
280
     0
102
RTVSPost2010PropOp45
 70
     1
102
RTVSPost2010Prop46
 90
       50
102
RTVSPost2010PropOp46
 70
     1
102
RTVSPost2010Prop47
 90
       50
102
RTVSPost2010PropOp47
 70
     1
102
RTVSPost2010Prop48
 90
       50
102
RTVSPost2010PropOp48
 70
     1
102
RTVSPost2010Prop49
280
     0
102
RTVSPost2010PropOp49
 70
     1
102
RTVSPost2010Prop50
 90
       50
102
RTVSPost2010PropOp50
 70
     1
102
RTVSPost2010Prop51ColorIndex
 90
      256
102
RTVSPost2010Prop51ColorRGB
 90
-16777216
102
RTVSPost2010PropOp51
 70
     0
102
RTVSPost2010Prop52
140
1.0
102
RTVSPost2010PropOp52
 70
     0
102
RTVSPost2010Prop53
 90
        2
102
RTVSPost2010PropOp53
 70
     1
102
RTVSPost2010Prop54
  1
strokes_ogs.tif
102
RTVSPost2010PropOp54
 70
     1
102
RTVSPost2010Prop55
280
     0
102
RTVSPost2010PropOp55
 70
     1
102
RTVSPost2010Prop56
140
1.0
102
RTVSPost2010PropOp56
 70
     1
102
RTVSPost2010Prop57
140
1.0
102
RTVSPost2010PropOp57
 70
     1
  0
XRECORD
  5
1CF
102
{ACAD_REACTORS
330
17F
102
}
330
17F
100
AcDbXrecord
280
     1
102
RTVSPost2010Prop28
280
     0
102
RTVSPost2010PropOp28
 70
     1
102
RTVSPost2010Prop29
280
     1
102
RTVSPost2010PropOp29
 70
     1
102
RTVSPost2010Prop30
280
     1
102
RTVSPost2010PropOp30
 70
     1
102
RTVSPost2010Prop31
280
     0
102
RTVSPost2010PropOp31
 70
     1
102
RTVSPost2010Prop32
280
     0
102
RTVSPost2010PropOp32
 70
     1
102
RTVSPost2010Prop33
280
     0
102
RTVSPost2010PropOp33
 70
     1
102
RTVSPost2010Prop34
280
     0
102
RTVSPost2010PropOp34
 70
     1
102
RTVSPost2010Prop35
280
     0
102
RTVSPost2010PropOp35
 70
     1
102
RTVSPost2010Prop36
280
     0
102
RTVSPost2010PropOp36
 70
     1
102
RTVSPost2010Prop37
 90
       50
102
RTVSPost2010PropOp37
 70
     1
102
RTVSPost2010Prop38
140
0.0
102
RTVSPost2010PropOp38
 70
     1
102
RTVSPost2010Prop39
140
1.0
102
RTVSPost2010PropOp39
 70
     1
102
RTVSPost2010Prop40
 90
        0
102
RTVSPost2010PropOp40
 70
     1
102
RTVSPost2010Prop41ColorIndex
 90
       18
102
RTVSPost2010Prop41ColorRGB
 90
        0
102
RTVSPost2010PropOp41
 70
     1
102
RTVSPost2010Prop42
 90
       50
102
RTVSPost2010PropOp42
 70
     1
102
RTVSPost2010Prop43
 90
        3
102
RTVSPost2010PropOp43
 70
     1
102
RTVSPost2010Prop44ColorIndex
 90
        5
102
RTVSPost2010Prop44ColorRGB
 90
      255
102
RTVSPost2010PropOp44
 70
     1
102
RTVSPost2010Prop45
280
     0
102
RTVSPost2010PropOp45
 70
     1
102
RTVSPost2010Prop46
 90
       50
102
RTVSPost2010PropOp46
 70
     1
102
RTVSPost2010Prop47
 90
       50
102
RTVSPost2010PropOp47
 70
     1
102
RTVSPost2010Prop48
 90
       50
102
RTVSPost2010PropOp48
 70
     1
102
RTVSPost2010Prop49
280
     0
102
RTVSPost2010PropOp49
 70
     1
102
RTVSPost2010Prop50
 90
       50
102
RTVSPost2010PropOp50
 70
     1
102
RTVSPost2010Prop51ColorIndex
 90
      256
102
RTVSPost2010Prop51ColorRGB
 90
-16777216
102
RTVSPost2010PropOp51
 70
     0
102
RTVSPost2010Prop52
140
1.0
102
RTVSPost2010PropOp52
 70
     0
102
RTVSPost2010Prop53
 90
        2
102
RTVSPost2010PropOp53
 70
     1
102
RTVSPost2010Prop54
  1
strokes_ogs.tif
102
RTVSPost2010PropOp54
 70
     1
102
RTVSPost2010Prop55
280
     0
102
RTVSPost2010PropOp55
 70
     1
102
RTVSPost2010Prop56
140
1.0
102
RTVSPost2010PropOp56
 70
     1
102
RTVSPost2010Prop57
140
1.0
102
RTVSPost2010PropOp57
 70
     1
  0
XRECORD
  5
1D0
102
{ACAD_REACTORS
330
181
102
}
330
181
100
AcDbXrecord
280
     1
102
RTVSPost2010Prop28
280
     0
102
RTVSPost2010PropOp28
 70
     1
102
RTVSPost2010Prop29
280
     1
102
RTVSPost2010PropOp29
 70
     1
102
RTVSPost2010Prop30
280
     1
102
RTVSPost2010PropOp30
 70
     1
102
RTVSPost2010Prop31
280
     0
102
RTVSPost2010PropOp31
 70
     1
102
RTVSPost2010Prop32
280
     0
102
RTVSPost2010PropOp32
 70
     1
102
RTVSPost2010Prop33
280
     0
102
RTVSPost2010PropOp33
 70
     1
102
RTVSPost2010Prop34
280
     0
102
RTVSPost2010PropOp34
 70
     1
102
RTVSPost2010Prop35
280
     0
102
RTVSPost2010PropOp35
 70
     1
102
RTVSPost2010Prop36
280
     0
102
RTVSPost2010PropOp36
 70
     1
102
RTVSPost2010Prop37
 90
       50
102
RTVSPost2010PropOp37
 70
     1
102
RTVSPost2010Prop38
140
0.0
102
RTVSPost2010PropOp38
 70
     1
102
RTVSPost2010Prop39
140
1.0
102
RTVSPost2010PropOp39
 70
     1
102
RTVSPost2010Prop40
 90
        0
102
RTVSPost2010PropOp40
 70
     1
102
RTVSPost2010Prop41ColorIndex
 90
       18
102
RTVSPost2010Prop41ColorRGB
 90
        0
102
RTVSPost2010PropOp41
 70
     1
102
RTVSPost2010Prop42
 90
       50
102
RTVSPost2010PropOp42
 70
     1
102
RTVSPost2010Prop43
 90
        3
102
RTVSPost2010PropOp43
 70
     1
102
RTVSPost2010Prop44ColorIndex
 90
        5
102
RTVSPost2010Prop44ColorRGB
 90
      255
102
RTVSPost2010PropOp44
 70
     1
102
RTVSPost2010Prop45
280
     0
102
RTVSPost2010PropOp45
 70
     1
102
RTVSPost2010Prop46
 90
       50
102
RTVSPost2010PropOp46
 70
     1
102
RTVSPost2010Prop47
 90
       50
102
RTVSPost2010PropOp47
 70
     1
102
RTVSPost2010Prop48
 90
       50
102
RTVSPost2010PropOp48
 70
     1
102
RTVSPost2010Prop49
280
     0
102
RTVSPost2010PropOp49
 70
     1
102
RTVSPost2010Prop50
 90
       50
102
RTVSPost2010PropOp50
 70
     1
102
RTVSPost2010Prop51ColorIndex
 90
      256
102
RTVSPost2010Prop51ColorRGB
 90
-16777216
102
RTVSPost2010PropOp51
 70
     0
102
RTVSPost2010Prop52
140
1.0
102
RTVSPost2010PropOp52
 70
     0
102
RTVSPost2010Prop53
 90
        2
102
RTVSPost2010PropOp53
 70
     1
102
RTVSPost2010Prop54
  1
strokes_ogs.tif
102
RTVSPost2010PropOp54
 70
     1
102
RTVSPost2010Prop55
280
     0
102
RTVSPost2010PropOp55
 70
     1
102
RTVSPost2010Prop56
140
1.0
102
RTVSPost2010PropOp56
 70
     1
102
RTVSPost2010Prop57
140
1.0
102
RTVSPost2010PropOp57
 70
     1
  0
XRECORD
  5
1D1
102
{ACAD_REACTORS
330
183
102
}
330
183
100
AcDbXrecord
280
     1
102
RTVSPost2010Prop28
280
     0
102
RTVSPost2010PropOp28
 70
     1
102
RTVSPost2010Prop29
280
     1
102
RTVSPost2010PropOp29
 70
     1
102
RTVSPost2010Prop30
280
     1
102
RTVSPost2010PropOp30
 70
     1
102
RTVSPost2010Prop31
280
     0
102
RTVSPost2010PropOp31
 70
     1
102
RTVSPost2010Prop32
280
     0
102
RTVSPost2010PropOp32
 70
     1
102
RTVSPost2010Prop33
280
     0
102
RTVSPost2010PropOp33
 70
     1
102
RTVSPost2010Prop34
280
     0
102
RTVSPost2010PropOp34
 70
     1
102
RTVSPost2010Prop35
280
     0
102
RTVSPost2010PropOp35
 70
     1
102
RTVSPost2010Prop36
280
     0
102
RTVSPost2010PropOp36
 70
     1
102
RTVSPost2010Prop37
 90
       50
102
RTVSPost2010PropOp37
 70
     1
102
RTVSPost2010Prop38
140
0.0
102
RTVSPost2010PropOp38
 70
     1
102
RTVSPost2010Prop39
140
1.0
102
RTVSPost2010PropOp39
 70
     1
102
RTVSPost2010Prop40
 90
        0
102
RTVSPost2010PropOp40
 70
     1
102
RTVSPost2010Prop41ColorIndex
 90
       18
102
RTVSPost2010Prop41ColorRGB
 90
        0
102
RTVSPost2010PropOp41
 70
     1
102
RTVSPost2010Prop42
 90
       50
102
RTVSPost2010PropOp42
 70
     1
102
RTVSPost2010Prop43
 90
        3
102
RTVSPost2010PropOp43
 70
     1
102
RTVSPost2010Prop44ColorIndex
 90
        5
102
RTVSPost2010Prop44ColorRGB
 90
      255
102
RTVSPost2010PropOp44
 70
     1
102
RTVSPost2010Prop45
280
     0
102
RTVSPost2010PropOp45
 70
     1
102
RTVSPost2010Prop46
 90
       50
102
RTVSPost2010PropOp46
 70
     1
102
RTVSPost2010Prop47
 90
       50
102
RTVSPost2010PropOp47
 70
     1
102
RTVSPost2010Prop48
 90
       50
102
RTVSPost2010PropOp48
 70
     1
102
RTVSPost2010Prop49
280
     0
102
RTVSPost2010PropOp49
 70
     1
102
RTVSPost2010Prop50
 90
       50
102
RTVSPost2010PropOp50
 70
     1
102
RTVSPost2010Prop51ColorIndex
 90
      256
102
RTVSPost2010Prop51ColorRGB
 90
-16777216
102
RTVSPost2010PropOp51
 70
     0
102
RTVSPost2010Prop52
140
1.0
102
RTVSPost2010PropOp52
 70
     0
102
RTVSPost2010Prop53
 90
        2
102
RTVSPost2010PropOp53
 70
     1
102
RTVSPost2010Prop54
  1
strokes_ogs.tif
102
RTVSPost2010PropOp54
 70
     1
102
RTVSPost2010Prop55
280
     0
102
RTVSPost2010PropOp55
 70
     1
102
RTVSPost2010Prop56
140
1.0
102
RTVSPost2010PropOp56
 70
     1
102
RTVSPost2010Prop57
140
1.0
102
RTVSPost2010PropOp57
 70
     1
  0
XRECORD
  5
1D2
102
{ACAD_REACTORS
330
185
102
}
330
185
100
AcDbXrecord
280
     1
102
RTVSPost2010Prop28
280
     0
102
RTVSPost2010PropOp28
 70
     1
102
RTVSPost2010Prop29
280
     1
102
RTVSPost2010PropOp29
 70
     1
102
RTVSPost2010Prop30
280
     1
102
RTVSPost2010PropOp30
 70
     1
102
RTVSPost2010Prop31
280
     0
102
RTVSPost2010PropOp31
 70
     1
102
RTVSPost2010Prop32
280
     0
102
RTVSPost2010PropOp32
 70
     1
102
RTVSPost2010Prop33
280
     0
102
RTVSPost2010PropOp33
 70
     1
102
RTVSPost2010Prop34
280
     0
102
RTVSPost2010PropOp34
 70
     1
102
RTVSPost2010Prop35
280
     0
102
RTVSPost2010PropOp35
 70
     1
102
RTVSPost2010Prop36
280
     0
102
RTVSPost2010PropOp36
 70
     1
102
RTVSPost2010Prop37
 90
       50
102
RTVSPost2010PropOp37
 70
     1
102
RTVSPost2010Prop38
140
0.0
102
RTVSPost2010PropOp38
 70
     1
102
RTVSPost2010Prop39
140
1.0
102
RTVSPost2010PropOp39
 70
     1
102
RTVSPost2010Prop40
 90
        0
102
RTVSPost2010PropOp40
 70
     1
102
RTVSPost2010Prop41ColorIndex
 90
       18
102
RTVSPost2010Prop41ColorRGB
 90
        0
102
RTVSPost2010PropOp41
 70
     1
102
RTVSPost2010Prop42
 90
       50
102
RTVSPost2010PropOp42
 70
     1
102
RTVSPost2010Prop43
 90
        3
102
RTVSPost2010PropOp43
 70
     1
102
RTVSPost2010Prop44ColorIndex
 90
        5
102
RTVSPost2010Prop44ColorRGB
 90
      255
102
RTVSPost2010PropOp44
 70
     1
102
RTVSPost2010Prop45
280
     0
102
RTVSPost2010PropOp45
 70
     1
102
RTVSPost2010Prop46
 90
       50
102
RTVSPost2010PropOp46
 70
     1
102
RTVSPost2010Prop47
 90
       50
102
RTVSPost2010PropOp47
 70
     1
102
RTVSPost2010Prop48
 90
       50
102
RTVSPost2010PropOp48
 70
     1
102
RTVSPost2010Prop49
280
     0
102
RTVSPost2010PropOp49
 70
     1
102
RTVSPost2010Prop50
 90
       50
102
RTVSPost2010PropOp50
 70
     1
102
RTVSPost2010Prop51ColorIndex
 90
      256
102
RTVSPost2010Prop51ColorRGB
 90
-16777216
102
RTVSPost2010PropOp51
 70
     0
102
RTVSPost2010Prop52
140
1.0
102
RTVSPost2010PropOp52
 70
     0
102
RTVSPost2010Prop53
 90
        2
102
RTVSPost2010PropOp53
 70
     1
102
RTVSPost2010Prop54
  1
strokes_ogs.tif
102
RTVSPost2010PropOp54
 70
     1
102
RTVSPost2010Prop55
280
     0
102
RTVSPost2010PropOp55
 70
     1
102
RTVSPost2010Prop56
140
1.0
102
RTVSPost2010PropOp56
 70
     1
102
RTVSPost2010Prop57
140
1.0
102
RTVSPost2010PropOp57
 70
     1
  0
XRECORD
  5
1D3
102
{ACAD_REACTORS
330
18B
102
}
330
18B
100
AcDbXrecord
280
     1
102
RTVSPost2010Prop28
280
     0
102
RTVSPost2010PropOp28
 70
     1
102
RTVSPost2010Prop29
280
     1
102
RTVSPost2010PropOp29
 70
     1
102
RTVSPost2010Prop30
280
     1
102
RTVSPost2010PropOp30
 70
     1
102
RTVSPost2010Prop31
280
     0
102
RTVSPost2010PropOp31
 70
     1
102
RTVSPost2010Prop32
280
     0
102
RTVSPost2010PropOp32
 70
     1
102
RTVSPost2010Prop33
280
     0
102
RTVSPost2010PropOp33
 70
     1
102
RTVSPost2010Prop34
280
     0
102
RTVSPost2010PropOp34
 70
     1
102
RTVSPost2010Prop35
280
     0
102
RTVSPost2010PropOp35
 70
     1
102
RTVSPost2010Prop36
280
     0
102
RTVSPost2010PropOp36
 70
     1
102
RTVSPost2010Prop37
 90
       50
102
RTVSPost2010PropOp37
 70
     1
102
RTVSPost2010Prop38
140
0.0
102
RTVSPost2010PropOp38
 70
     1
102
RTVSPost2010Prop39
140
1.0
102
RTVSPost2010PropOp39
 70
     1
102
RTVSPost2010Prop40
 90
        0
102
RTVSPost2010PropOp40
 70
     1
102
RTVSPost2010Prop41ColorIndex
 90
       18
102
RTVSPost2010Prop41ColorRGB
 90
        0
102
RTVSPost2010PropOp41
 70
     1
102
RTVSPost2010Prop42
 90
       50
102
RTVSPost2010PropOp42
 70
     1
102
RTVSPost2010Prop43
 90
        3
102
RTVSPost2010PropOp43
 70
     1
102
RTVSPost2010Prop44ColorIndex
 90
        5
102
RTVSPost2010Prop44ColorRGB
 90
      255
102
RTVSPost2010PropOp44
 70
     1
102
RTVSPost2010Prop45
280
     0
102
RTVSPost2010PropOp45
 70
     1
102
RTVSPost2010Prop46
 90
       50
102
RTVSPost2010PropOp46
 70
     1
102
RTVSPost2010Prop47
 90
       50
102
RTVSPost2010PropOp47
 70
     1
102
RTVSPost2010Prop48
 90
       50
102
RTVSPost2010PropOp48
 70
     1
102
RTVSPost2010Prop49
280
     0
102
RTVSPost2010PropOp49
 70
     1
102
RTVSPost2010Prop50
 90
       50
102
RTVSPost2010PropOp50
 70
     1
102
RTVSPost2010Prop51ColorIndex
 90
      256
102
RTVSPost2010Prop51ColorRGB
 90
-16777216
102
RTVSPost2010PropOp51
 70
     0
102
RTVSPost2010Prop52
140
1.0
102
RTVSPost2010PropOp52
 70
     0
102
RTVSPost2010Prop53
 90
        2
102
RTVSPost2010PropOp53
 70
     1
102
RTVSPost2010Prop54
  1
strokes_ogs.tif
102
RTVSPost2010PropOp54
 70
     1
102
RTVSPost2010Prop55
280
     0
102
RTVSPost2010PropOp55
 70
     1
102
RTVSPost2010Prop56
140
1.0
102
RTVSPost2010PropOp56
 70
     1
102
RTVSPost2010Prop57
140
1.0
102
RTVSPost2010PropOp57
 70
     1
  0
XRECORD
  5
1D4
102
{ACAD_REACTORS
330
19F
102
}
330
19F
100
AcDbXrecord
280
     1
102
RTVSPost2010Prop28
280
     0
102
RTVSPost2010PropOp28
 70
     0
102
RTVSPost2010Prop29
280
     1
102
RTVSPost2010PropOp29
 70
     0
102
RTVSPost2010Prop30
280
     1
102
RTVSPost2010PropOp30
 70
     0
102
RTVSPost2010Prop31
280
     0
102
RTVSPost2010PropOp31
 70
     0
102
RTVSPost2010Prop32
280
     0
102
RTVSPost2010PropOp32
 70
     0
102
RTVSPost2010Prop33
280
     0
102
RTVSPost2010PropOp33
 70
     0
102
RTVSPost2010Prop34
280
     0
102
RTVSPost2010PropOp34
 70
     0
102
RTVSPost2010Prop35
280
     0
102
RTVSPost2010PropOp35
 70
     0
102
RTVSPost2010Prop36
280
     0
102
RTVSPost2010PropOp36
 70
     0
102
RTVSPost2010Prop37
 90
       50
102
RTVSPost2010PropOp37
 70
     0
102
RTVSPost2010Prop38
140
0.0
102
RTVSPost2010PropOp38
 70
     0
102
RTVSPost2010Prop39
140
1.0
102
RTVSPost2010PropOp39
 70
     0
102
RTVSPost2010Prop40
 90
        0
102
RTVSPost2010PropOp40
 70
     0
102
RTVSPost2010Prop41ColorIndex
 90
       18
102
RTVSPost2010Prop41ColorRGB
 90
        0
102
RTVSPost2010PropOp41
 70
     0
102
RTVSPost2010Prop42
 90
       50
102
RTVSPost2010PropOp42
 70
     0
102
RTVSPost2010Prop43
 90
        3
102
RTVSPost2010PropOp43
 70
     0
102
RTVSPost2010Prop44ColorIndex
 90
        5
102
RTVSPost2010Prop44ColorRGB
 90
      255
102
RTVSPost2010PropOp44
 70
     0
102
RTVSPost2010Prop45
280
     0
102
RTVSPost2010PropOp45
 70
     0
102
RTVSPost2010Prop46
 90
       50
102
RTVSPost2010PropOp46
 70
     0
102
RTVSPost2010Prop47
 90
       50
102
RTVSPost2010PropOp47
 70
     0
102
RTVSPost2010Prop48
 90
       50
102
RTVSPost2010PropOp48
 70
     0
102
RTVSPost2010Prop49
280
     0
102
RTVSPost2010PropOp49
 70
     0
102
RTVSPost2010Prop50
 90
       50
102
RTVSPost2010PropOp50
 70
     0
102
RTVSPost2010Prop51ColorIndex
 90
      256
102
RTVSPost2010Prop51ColorRGB
 90
-16777216
102
RTVSPost2010PropOp51
 70
     0
102
RTVSPost2010Prop52
140
1.0
102
RTVSPost2010PropOp52
 70
     0
102
RTVSPost2010Prop53
 90
        2
102
RTVSPost2010PropOp53
 70
     0
102
RTVSPost2010Prop54
  1
strokes_ogs.tif
102
RTVSPost2010PropOp54
 70
     0
102
RTVSPost2010Prop55
280
     0
102
RTVSPost2010PropOp55
 70
     0
102
RTVSPost2010Prop56
140
1.0
102
RTVSPost2010PropOp56
 70
     0
102
RTVSPost2010Prop57
140
1.0
102
RTVSPost2010PropOp57
 70
     0
  0
XRECORD
  5
1D5
102
{ACAD_REACTORS
330
199
102
}
330
199
100
AcDbXrecord
280
     1
102
RTVSPost2010Prop28
280
     0
102
RTVSPost2010PropOp28
 70
     1
102
RTVSPost2010Prop29
280
     1
102
RTVSPost2010PropOp29
 70
     1
102
RTVSPost2010Prop30
280
     1
102
RTVSPost2010PropOp30
 70
     1
102
RTVSPost2010Prop31
280
     0
102
RTVSPost2010PropOp31
 70
     1
102
RTVSPost2010Prop32
280
     0
102
RTVSPost2010PropOp32
 70
     1
102
RTVSPost2010Prop33
280
     0
102
RTVSPost2010PropOp33
 70
     1
102
RTVSPost2010Prop34
280
     0
102
RTVSPost2010PropOp34
 70
     1
102
RTVSPost2010Prop35
280
     0
102
RTVSPost2010PropOp35
 70
     1
102
RTVSPost2010Prop36
280
     0
102
RTVSPost2010PropOp36
 70
     1
102
RTVSPost2010Prop37
 90
       50
102
RTVSPost2010PropOp37
 70
     1
102
RTVSPost2010Prop38
140
0.0
102
RTVSPost2010PropOp38
 70
     1
102
RTVSPost2010Prop39
140
1.0
102
RTVSPost2010PropOp39
 70
     1
102
RTVSPost2010Prop40
 90
        0
102
RTVSPost2010PropOp40
 70
     1
102
RTVSPost2010Prop41ColorIndex
 90
       18
102
RTVSPost2010Prop41ColorRGB
 90
        0
102
RTVSPost2010PropOp41
 70
     1
102
RTVSPost2010Prop42
 90
       50
102
RTVSPost2010PropOp42
 70
     1
102
RTVSPost2010Prop43
 90
        3
102
RTVSPost2010PropOp43
 70
     1
102
RTVSPost2010Prop44ColorIndex
 90
        5
102
RTVSPost2010Prop44ColorRGB
 90
      255
102
RTVSPost2010PropOp44
 70
     1
102
RTVSPost2010Prop45
280
     0
102
RTVSPost2010PropOp45
 70
     1
102
RTVSPost2010Prop46
 90
       50
102
RTVSPost2010PropOp46
 70
     1
102
RTVSPost2010Prop47
 90
       50
102
RTVSPost2010PropOp47
 70
     1
102
RTVSPost2010Prop48
 90
       50
102
RTVSPost2010PropOp48
 70
     1
102
RTVSPost2010Prop49
280
     0
102
RTVSPost2010PropOp49
 70
     1
102
RTVSPost2010Prop50
 90
       50
102
RTVSPost2010PropOp50
 70
     1
102
RTVSPost2010Prop51ColorIndex
 90
      256
102
RTVSPost2010Prop51ColorRGB
 90
-16777216
102
RTVSPost2010PropOp51
 70
     0
102
RTVSPost2010Prop52
140
1.0
102
RTVSPost2010PropOp52
 70
     0
102
RTVSPost2010Prop53
 90
        2
102
RTVSPost2010PropOp53
 70
     1
102
RTVSPost2010Prop54
  1
strokes_ogs.tif
102
RTVSPost2010PropOp54
 70
     1
102
RTVSPost2010Prop55
280
     0
102
RTVSPost2010PropOp55
 70
     1
102
RTVSPost2010Prop56
140
1.0
102
RTVSPost2010PropOp56
 70
     1
102
RTVSPost2010Prop57
140
1.0
102
RTVSPost2010PropOp57
 70
     1
  0
XRECORD
  5
1D6
102
{ACAD_REACTORS
330
1A1
102
}
330
1A1
100
AcDbXrecord
280
     1
102
RTVSPost2010Prop28
280
     0
102
RTVSPost2010PropOp28
 70
     0
102
RTVSPost2010Prop29
280
     1
102
RTVSPost2010PropOp29
 70
     0
102
RTVSPost2010Prop30
280
     1
102
RTVSPost2010PropOp30
 70
     0
102
RTVSPost2010Prop31
280
     0
102
RTVSPost2010PropOp31
 70
     0
102
RTVSPost2010Prop32
280
     0
102
RTVSPost2010PropOp32
 70
     0
102
RTVSPost2010Prop33
280
     0
102
RTVSPost2010PropOp33
 70
     0
102
RTVSPost2010Prop34
280
     0
102
RTVSPost2010PropOp34
 70
     0
102
RTVSPost2010Prop35
280
     0
102
RTVSPost2010PropOp35
 70
     0
102
RTVSPost2010Prop36
280
     0
102
RTVSPost2010PropOp36
 70
     0
102
RTVSPost2010Prop37
 90
       50
102
RTVSPost2010PropOp37
 70
     0
102
RTVSPost2010Prop38
140
0.0
102
RTVSPost2010PropOp38
 70
     0
102
RTVSPost2010Prop39
140
1.0
102
RTVSPost2010PropOp39
 70
     0
102
RTVSPost2010Prop40
 90
        0
102
RTVSPost2010PropOp40
 70
     0
102
RTVSPost2010Prop41ColorIndex
 90
       18
102
RTVSPost2010Prop41ColorRGB
 90
        0
102
RTVSPost2010PropOp41
 70
     0
102
RTVSPost2010Prop42
 90
       50
102
RTVSPost2010PropOp42
 70
     0
102
RTVSPost2010Prop43
 90
        3
102
RTVSPost2010PropOp43
 70
     0
102
RTVSPost2010Prop44ColorIndex
 90
        5
102
RTVSPost2010Prop44ColorRGB
 90
      255
102
RTVSPost2010PropOp44
 70
     0
102
RTVSPost2010Prop45
280
     0
102
RTVSPost2010PropOp45
 70
     0
102
RTVSPost2010Prop46
 90
       50
102
RTVSPost2010PropOp46
 70
     0
102
RTVSPost2010Prop47
 90
       50
102
RTVSPost2010PropOp47
 70
     0
102
RTVSPost2010Prop48
 90
       50
102
RTVSPost2010PropOp48
 70
     0
102
RTVSPost2010Prop49
280
     0
102
RTVSPost2010PropOp49
 70
     0
102
RTVSPost2010Prop50
 90
       50
102
RTVSPost2010PropOp50
 70
     0
102
RTVSPost2010Prop51ColorIndex
 90
      256
102
RTVSPost2010Prop51ColorRGB
 90
-16777216
102
RTVSPost2010PropOp51
 70
     0
102
RTVSPost2010Prop52
140
1.0
102
RTVSPost2010PropOp52
 70
     0
102
RTVSPost2010Prop53
 90
        2
102
RTVSPost2010PropOp53
 70
     0
102
RTVSPost2010Prop54
  1
strokes_ogs.tif
102
RTVSPost2010PropOp54
 70
     0
102
RTVSPost2010Prop55
280
     0
102
RTVSPost2010PropOp55
 70
     0
102
RTVSPost2010Prop56
140
1.0
102
RTVSPost2010PropOp56
 70
     0
102
RTVSPost2010Prop57
140
1.0
102
RTVSPost2010PropOp57
 70
     0
  0
XRECORD
  5
1D7
102
{ACAD_REACTORS
330
18F
102
}
330
18F
100
AcDbXrecord
280
     1
102
RTVSPost2010Prop28
280
     0
102
RTVSPost2010PropOp28
 70
     1
102
RTVSPost2010Prop29
280
     1
102
RTVSPost2010PropOp29
 70
     1
102
RTVSPost2010Prop30
280
     1
102
RTVSPost2010PropOp30
 70
     1
102
RTVSPost2010Prop31
280
     0
102
RTVSPost2010PropOp31
 70
     1
102
RTVSPost2010Prop32
280
     0
102
RTVSPost2010PropOp32
 70
     1
102
RTVSPost2010Prop33
280
     0
102
RTVSPost2010PropOp33
 70
     1
102
RTVSPost2010Prop34
280
     0
102
RTVSPost2010PropOp34
 70
     1
102
RTVSPost2010Prop35
280
     0
102
RTVSPost2010PropOp35
 70
     1
102
RTVSPost2010Prop36
280
     0
102
RTVSPost2010PropOp36
 70
     1
102
RTVSPost2010Prop37
 90
       50
102
RTVSPost2010PropOp37
 70
     1
102
RTVSPost2010Prop38
140
0.0
102
RTVSPost2010PropOp38
 70
     1
102
RTVSPost2010Prop39
140
1.0
102
RTVSPost2010PropOp39
 70
     1
102
RTVSPost2010Prop40
 90
        0
102
RTVSPost2010PropOp40
 70
     1
102
RTVSPost2010Prop41ColorIndex
 90
       18
102
RTVSPost2010Prop41ColorRGB
 90
        0
102
RTVSPost2010PropOp41
 70
     1
102
RTVSPost2010Prop42
 90
       50
102
RTVSPost2010PropOp42
 70
     1
102
RTVSPost2010Prop43
 90
        3
102
RTVSPost2010PropOp43
 70
     1
102
RTVSPost2010Prop44ColorIndex
 90
        5
102
RTVSPost2010Prop44ColorRGB
 90
      255
102
RTVSPost2010PropOp44
 70
     1
102
RTVSPost2010Prop45
280
     0
102
RTVSPost2010PropOp45
 70
     1
102
RTVSPost2010Prop46
 90
       50
102
RTVSPost2010PropOp46
 70
     1
102
RTVSPost2010Prop47
 90
       50
102
RTVSPost2010PropOp47
 70
     1
102
RTVSPost2010Prop48
 90
       50
102
RTVSPost2010PropOp48
 70
     1
102
RTVSPost2010Prop49
280
     0
102
RTVSPost2010PropOp49
 70
     1
102
RTVSPost2010Prop50
 90
       50
102
RTVSPost2010PropOp50
 70
     1
102
RTVSPost2010Prop51ColorIndex
 90
      256
102
RTVSPost2010Prop51ColorRGB
 90
-16777216
102
RTVSPost2010PropOp51
 70
     0
102
RTVSPost2010Prop52
140
1.0
102
RTVSPost2010PropOp52
 70
     0
102
RTVSPost2010Prop53
 90
        2
102
RTVSPost2010PropOp53
 70
     1
102
RTVSPost2010Prop54
  1
strokes_ogs.tif
102
RTVSPost2010PropOp54
 70
     1
102
RTVSPost2010Prop55
280
     0
102
RTVSPost2010PropOp55
 70
     1
102
RTVSPost2010Prop56
140
1.0
102
RTVSPost2010PropOp56
 70
     1
102
RTVSPost2010Prop57
140
1.0
102
RTVSPost2010PropOp57
 70
     1
  0
XRECORD
  5
1D8
102
{ACAD_REACTORS
330
1AD
102
}
330
1AD
100
AcDbXrecord
280
     1
102
RTVSPost2010Prop28
280
     0
102
RTVSPost2010PropOp28
 70
     1
102
RTVSPost2010Prop29
280
     1
102
RTVSPost2010PropOp29
 70
     1
102
RTVSPost2010Prop30
280
     1
102
RTVSPost2010PropOp30
 70
     1
102
RTVSPost2010Prop31
280
     0
102
RTVSPost2010PropOp31
 70
     1
102
RTVSPost2010Prop32
280
     0
102
RTVSPost2010PropOp32
 70
     1
102
RTVSPost2010Prop33
280
     0
102
RTVSPost2010PropOp33
 70
     1
102
RTVSPost2010Prop34
280
     0
102
RTVSPost2010PropOp34
 70
     1
102
RTVSPost2010Prop35
280
     0
102
RTVSPost2010PropOp35
 70
     1
102
RTVSPost2010Prop36
280
     0
102
RTVSPost2010PropOp36
 70
     1
102
RTVSPost2010Prop37
 90
       50
102
RTVSPost2010PropOp37
 70
     1
102
RTVSPost2010Prop38
140
0.0
102
RTVSPost2010PropOp38
 70
     1
102
RTVSPost2010Prop39
140
1.0
102
RTVSPost2010PropOp39
 70
     1
102
RTVSPost2010Prop40
 90
        0
102
RTVSPost2010PropOp40
 70
     1
102
RTVSPost2010Prop41ColorIndex
 90
       18
102
RTVSPost2010Prop41ColorRGB
 90
        0
102
RTVSPost2010PropOp41
 70
     1
102
RTVSPost2010Prop42
 90
       50
102
RTVSPost2010PropOp42
 70
     1
102
RTVSPost2010Prop43
 90
        3
102
RTVSPost2010PropOp43
 70
     1
102
RTVSPost2010Prop44ColorIndex
 90
        5
102
RTVSPost2010Prop44ColorRGB
 90
      255
102
RTVSPost2010PropOp44
 70
     1
102
RTVSPost2010Prop45
280
     0
102
RTVSPost2010PropOp45
 70
     1
102
RTVSPost2010Prop46
 90
       50
102
RTVSPost2010PropOp46
 70
     1
102
RTVSPost2010Prop47
 90
       50
102
RTVSPost2010PropOp47
 70
     1
102
RTVSPost2010Prop48
 90
       50
102
RTVSPost2010PropOp48
 70
     1
102
RTVSPost2010Prop49
280
     0
102
RTVSPost2010PropOp49
 70
     1
102
RTVSPost2010Prop50
 90
       50
102
RTVSPost2010PropOp50
 70
     1
102
RTVSPost2010Prop51ColorIndex
 90
      256
102
RTVSPost2010Prop51ColorRGB
 90
-16777216
102
RTVSPost2010PropOp51
 70
     0
102
RTVSPost2010Prop52
140
1.0
102
RTVSPost2010PropOp52
 70
     0
102
RTVSPost2010Prop53
 90
        2
102
RTVSPost2010PropOp53
 70
     1
102
RTVSPost2010Prop54
  1
strokes_ogs.tif
102
RTVSPost2010PropOp54
 70
     1
102
RTVSPost2010Prop55
280
     0
102
RTVSPost2010PropOp55
 70
     1
102
RTVSPost2010Prop56
140
1.0
102
RTVSPost2010PropOp56
 70
     1
102
RTVSPost2010Prop57
140
1.0
102
RTVSPost2010PropOp57
 70
     1
  0
XRECORD
  5
1D9
102
{ACAD_REACTORS
330
1AB
102
}
330
1AB
100
AcDbXrecord
280
     1
102
RTVSPost2010Prop28
280
     0
102
RTVSPost2010PropOp28
 70
     1
102
RTVSPost2010Prop29
280
     1
102
RTVSPost2010PropOp29
 70
     1
102
RTVSPost2010Prop30
280
     1
102
RTVSPost2010PropOp30
 70
     1
102
RTVSPost2010Prop31
280
     0
102
RTVSPost2010PropOp31
 70
     1
102
RTVSPost2010Prop32
280
     0
102
RTVSPost2010PropOp32
 70
     1
102
RTVSPost2010Prop33
280
     0
102
RTVSPost2010PropOp33
 70
     1
102
RTVSPost2010Prop34
280
     0
102
RTVSPost2010PropOp34
 70
     1
102
RTVSPost2010Prop35
280
     0
102
RTVSPost2010PropOp35
 70
     1
102
RTVSPost2010Prop36
280
     0
102
RTVSPost2010PropOp36
 70
     1
102
RTVSPost2010Prop37
 90
       50
102
RTVSPost2010PropOp37
 70
     1
102
RTVSPost2010Prop38
140
0.0
102
RTVSPost2010PropOp38
 70
     1
102
RTVSPost2010Prop39
140
1.0
102
RTVSPost2010PropOp39
 70
     1
102
RTVSPost2010Prop40
 90
        0
102
RTVSPost2010PropOp40
 70
     1
102
RTVSPost2010Prop41ColorIndex
 90
       18
102
RTVSPost2010Prop41ColorRGB
 90
        0
102
RTVSPost2010PropOp41
 70
     1
102
RTVSPost2010Prop42
 90
       50
102
RTVSPost2010PropOp42
 70
     1
102
RTVSPost2010Prop43
 90
        3
102
RTVSPost2010PropOp43
 70
     1
102
RTVSPost2010Prop44ColorIndex
 90
        5
102
RTVSPost2010Prop44ColorRGB
 90
      255
102
RTVSPost2010PropOp44
 70
     1
102
RTVSPost2010Prop45
280
     0
102
RTVSPost2010PropOp45
 70
     1
102
RTVSPost2010Prop46
 90
       50
102
RTVSPost2010PropOp46
 70
     1
102
RTVSPost2010Prop47
 90
       50
102
RTVSPost2010PropOp47
 70
     1
102
RTVSPost2010Prop48
 90
       50
102
RTVSPost2010PropOp48
 70
     1
102
RTVSPost2010Prop49
280
     0
102
RTVSPost2010PropOp49
 70
     1
102
RTVSPost2010Prop50
 90
       50
102
RTVSPost2010PropOp50
 70
     1
102
RTVSPost2010Prop51ColorIndex
 90
      256
102
RTVSPost2010Prop51ColorRGB
 90
-16777216
102
RTVSPost2010PropOp51
 70
     0
102
RTVSPost2010Prop52
140
1.0
102
RTVSPost2010PropOp52
 70
     0
102
RTVSPost2010Prop53
 90
        2
102
RTVSPost2010PropOp53
 70
     1
102
RTVSPost2010Prop54
  1
strokes_ogs.tif
102
RTVSPost2010PropOp54
 70
     1
102
RTVSPost2010Prop55
280
     0
102
RTVSPost2010PropOp55
 70
     1
102
RTVSPost2010Prop56
140
1.0
102
RTVSPost2010PropOp56
 70
     1
102
RTVSPost2010Prop57
140
1.0
102
RTVSPost2010PropOp57
 70
     1
  0
XRECORD
  5
1DA
102
{ACAD_REACTORS
330
1A5
102
}
330
1A5
100
AcDbXrecord
280
     1
102
RTVSPost2010Prop28
280
     0
102
RTVSPost2010PropOp28
 70
     1
102
RTVSPost2010Prop29
280
     1
102
RTVSPost2010PropOp29
 70
     1
102
RTVSPost2010Prop30
280
     1
102
RTVSPost2010PropOp30
 70
     1
102
RTVSPost2010Prop31
280
     0
102
RTVSPost2010PropOp31
 70
     1
102
RTVSPost2010Prop32
280
     0
102
RTVSPost2010PropOp32
 70
     1
102
RTVSPost2010Prop33
280
     0
102
RTVSPost2010PropOp33
 70
     1
102
RTVSPost2010Prop34
280
     0
102
RTVSPost2010PropOp34
 70
     1
102
RTVSPost2010Prop35
280
     0
102
RTVSPost2010PropOp35
 70
     1
102
RTVSPost2010Prop36
280
     0
102
RTVSPost2010PropOp36
 70
     1
102
RTVSPost2010Prop37
 90
       50
102
RTVSPost2010PropOp37
 70
     1
102
RTVSPost2010Prop38
140
0.0
102
RTVSPost2010PropOp38
 70
     1
102
RTVSPost2010Prop39
140
1.0
102
RTVSPost2010PropOp39
 70
     1
102
RTVSPost2010Prop40
 90
        0
102
RTVSPost2010PropOp40
 70
     1
102
RTVSPost2010Prop41ColorIndex
 90
       18
102
RTVSPost2010Prop41ColorRGB
 90
        0
102
RTVSPost2010PropOp41
 70
     1
102
RTVSPost2010Prop42
 90
       50
102
RTVSPost2010PropOp42
 70
     1
102
RTVSPost2010Prop43
 90
        3
102
RTVSPost2010PropOp43
 70
     1
102
RTVSPost2010Prop44ColorIndex
 90
        5
102
RTVSPost2010Prop44ColorRGB
 90
      255
102
RTVSPost2010PropOp44
 70
     1
102
RTVSPost2010Prop45
280
     0
102
RTVSPost2010PropOp45
 70
     1
102
RTVSPost2010Prop46
 90
       50
102
RTVSPost2010PropOp46
 70
     1
102
RTVSPost2010Prop47
 90
       50
102
RTVSPost2010PropOp47
 70
     1
102
RTVSPost2010Prop48
 90
       50
102
RTVSPost2010PropOp48
 70
     1
102
RTVSPost2010Prop49
280
     0
102
RTVSPost2010PropOp49
 70
     1
102
RTVSPost2010Prop50
 90
       50
102
RTVSPost2010PropOp50
 70
     1
102
RTVSPost2010Prop51ColorIndex
 90
      256
102
RTVSPost2010Prop51ColorRGB
 90
-16777216
102
RTVSPost2010PropOp51
 70
     0
102
RTVSPost2010Prop52
140
1.0
102
RTVSPost2010PropOp52
 70
     0
102
RTVSPost2010Prop53
 90
        2
102
RTVSPost2010PropOp53
 70
     1
102
RTVSPost2010Prop54
  1
strokes_ogs.tif
102
RTVSPost2010PropOp54
 70
     1
102
RTVSPost2010Prop55
280
     0
102
RTVSPost2010PropOp55
 70
     1
102
RTVSPost2010Prop56
140
1.0
102
RTVSPost2010PropOp56
 70
     1
102
RTVSPost2010Prop57
140
1.0
102
RTVSPost2010PropOp57
 70
     1
  0
XRECORD
  5
1DB
102
{ACAD_REACTORS
330
1A7
102
}
330
1A7
100
AcDbXrecord
280
     1
102
RTVSPost2010Prop28
280
     0
102
RTVSPost2010PropOp28
 70
     1
102
RTVSPost2010Prop29
280
     1
102
RTVSPost2010PropOp29
 70
     1
102
RTVSPost2010Prop30
280
     1
102
RTVSPost2010PropOp30
 70
     1
102
RTVSPost2010Prop31
280
     0
102
RTVSPost2010PropOp31
 70
     1
102
RTVSPost2010Prop32
280
     0
102
RTVSPost2010PropOp32
 70
     1
102
RTVSPost2010Prop33
280
     0
102
RTVSPost2010PropOp33
 70
     1
102
RTVSPost2010Prop34
280
     0
102
RTVSPost2010PropOp34
 70
     1
102
RTVSPost2010Prop35
280
     0
102
RTVSPost2010PropOp35
 70
     1
102
RTVSPost2010Prop36
280
     0
102
RTVSPost2010PropOp36
 70
     1
102
RTVSPost2010Prop37
 90
       50
102
RTVSPost2010PropOp37
 70
     1
102
RTVSPost2010Prop38
140
0.0
102
RTVSPost2010PropOp38
 70
     1
102
RTVSPost2010Prop39
140
1.0
102
RTVSPost2010PropOp39
 70
     1
102
RTVSPost2010Prop40
 90
        0
102
RTVSPost2010PropOp40
 70
     1
102
RTVSPost2010Prop41ColorIndex
 90
       18
102
RTVSPost2010Prop41ColorRGB
 90
        0
102
RTVSPost2010PropOp41
 70
     1
102
RTVSPost2010Prop42
 90
       50
102
RTVSPost2010PropOp42
 70
     1
102
RTVSPost2010Prop43
 90
        3
102
RTVSPost2010PropOp43
 70
     1
102
RTVSPost2010Prop44ColorIndex
 90
        5
102
RTVSPost2010Prop44ColorRGB
 90
      255
102
RTVSPost2010PropOp44
 70
     1
102
RTVSPost2010Prop45
280
     0
102
RTVSPost2010PropOp45
 70
     1
102
RTVSPost2010Prop46
 90
       50
102
RTVSPost2010PropOp46
 70
     1
102
RTVSPost2010Prop47
 90
       50
102
RTVSPost2010PropOp47
 70
     1
102
RTVSPost2010Prop48
 90
       50
102
RTVSPost2010PropOp48
 70
     1
102
RTVSPost2010Prop49
280
     0
102
RTVSPost2010PropOp49
 70
     1
102
RTVSPost2010Prop50
 90
       50
102
RTVSPost2010PropOp50
 70
     1
102
RTVSPost2010Prop51ColorIndex
 90
      256
102
RTVSPost2010Prop51ColorRGB
 90
-16777216
102
RTVSPost2010PropOp51
 70
     0
102
RTVSPost2010Prop52
140
1.0
102
RTVSPost2010PropOp52
 70
     0
102
RTVSPost2010Prop53
 90
        2
102
RTVSPost2010PropOp53
 70
     1
102
RTVSPost2010Prop54
  1
strokes_ogs.tif
102
RTVSPost2010PropOp54
 70
     1
102
RTVSPost2010Prop55
280
     0
102
RTVSPost2010PropOp55
 70
     1
102
RTVSPost2010Prop56
140
1.0
102
RTVSPost2010PropOp56
 70
     1
102
RTVSPost2010Prop57
140
1.0
102
RTVSPost2010PropOp57
 70
     1
  0
XRECORD
  5
1DC
102
{ACAD_REACTORS
330
197
102
}
330
197
100
AcDbXrecord
280
     1
102
RTVSPost2010Prop28
280
     0
102
RTVSPost2010PropOp28
 70
     1
102
RTVSPost2010Prop29
280
     1
102
RTVSPost2010PropOp29
 70
     1
102
RTVSPost2010Prop30
280
     1
102
RTVSPost2010PropOp30
 70
     1
102
RTVSPost2010Prop31
280
     0
102
RTVSPost2010PropOp31
 70
     1
102
RTVSPost2010Prop32
280
     0
102
RTVSPost2010PropOp32
 70
     1
102
RTVSPost2010Prop33
280
     0
102
RTVSPost2010PropOp33
 70
     1
102
RTVSPost2010Prop34
280
     0
102
RTVSPost2010PropOp34
 70
     1
102
RTVSPost2010Prop35
280
     0
102
RTVSPost2010PropOp35
 70
     1
102
RTVSPost2010Prop36
280
     0
102
RTVSPost2010PropOp36
 70
     1
102
RTVSPost2010Prop37
 90
       50
102
RTVSPost2010PropOp37
 70
     1
102
RTVSPost2010Prop38
140
0.0
102
RTVSPost2010PropOp38
 70
     1
102
RTVSPost2010Prop39
140
1.0
102
RTVSPost2010PropOp39
 70
     1
102
RTVSPost2010Prop40
 90
        0
102
RTVSPost2010PropOp40
 70
     1
102
RTVSPost2010Prop41ColorIndex
 90
       18
102
RTVSPost2010Prop41ColorRGB
 90
        0
102
RTVSPost2010PropOp41
 70
     1
102
RTVSPost2010Prop42
 90
       50
102
RTVSPost2010PropOp42
 70
     1
102
RTVSPost2010Prop43
 90
        3
102
RTVSPost2010PropOp43
 70
     1
102
RTVSPost2010Prop44ColorIndex
 90
        5
102
RTVSPost2010Prop44ColorRGB
 90
      255
102
RTVSPost2010PropOp44
 70
     1
102
RTVSPost2010Prop45
280
     0
102
RTVSPost2010PropOp45
 70
     1
102
RTVSPost2010Prop46
 90
       50
102
RTVSPost2010PropOp46
 70
     1
102
RTVSPost2010Prop47
 90
       50
102
RTVSPost2010PropOp47
 70
     1
102
RTVSPost2010Prop48
 90
       50
102
RTVSPost2010PropOp48
 70
     1
102
RTVSPost2010Prop49
280
     0
102
RTVSPost2010PropOp49
 70
     1
102
RTVSPost2010Prop50
 90
       50
102
RTVSPost2010PropOp50
 70
     1
102
RTVSPost2010Prop51ColorIndex
 90
      256
102
RTVSPost2010Prop51ColorRGB
 90
-16777216
102
RTVSPost2010PropOp51
 70
     0
102
RTVSPost2010Prop52
140
1.0
102
RTVSPost2010PropOp52
 70
     0
102
RTVSPost2010Prop53
 90
        2
102
RTVSPost2010PropOp53
 70
     1
102
RTVSPost2010Prop54
  1
strokes_ogs.tif
102
RTVSPost2010PropOp54
 70
     1
102
RTVSPost2010Prop55
280
     0
102
RTVSPost2010PropOp55
 70
     1
102
RTVSPost2010Prop56
140
1.0
102
RTVSPost2010PropOp56
 70
     1
102
RTVSPost2010Prop57
140
1.0
102
RTVSPost2010PropOp57
 70
     1
  0
XRECORD
  5
1DD
102
{ACAD_REACTORS
330
189
102
}
330
189
100
AcDbXrecord
280
     1
102
RTVSPost2010Prop28
280
     0
102
RTVSPost2010PropOp28
 70
     1
102
RTVSPost2010Prop29
280
     1
102
RTVSPost2010PropOp29
 70
     1
102
RTVSPost2010Prop30
280
     1
102
RTVSPost2010PropOp30
 70
     1
102
RTVSPost2010Prop31
280
     0
102
RTVSPost2010PropOp31
 70
     1
102
RTVSPost2010Prop32
280
     0
102
RTVSPost2010PropOp32
 70
     1
102
RTVSPost2010Prop33
280
     0
102
RTVSPost2010PropOp33
 70
     1
102
RTVSPost2010Prop34
280
     0
102
RTVSPost2010PropOp34
 70
     1
102
RTVSPost2010Prop35
280
     0
102
RTVSPost2010PropOp35
 70
     1
102
RTVSPost2010Prop36
280
     0
102
RTVSPost2010PropOp36
 70
     1
102
RTVSPost2010Prop37
 90
       50
102
RTVSPost2010PropOp37
 70
     1
102
RTVSPost2010Prop38
140
0.0
102
RTVSPost2010PropOp38
 70
     1
102
RTVSPost2010Prop39
140
1.0
102
RTVSPost2010PropOp39
 70
     1
102
RTVSPost2010Prop40
 90
        0
102
RTVSPost2010PropOp40
 70
     1
102
RTVSPost2010Prop41ColorIndex
 90
       18
102
RTVSPost2010Prop41ColorRGB
 90
        0
102
RTVSPost2010PropOp41
 70
     1
102
RTVSPost2010Prop42
 90
       50
102
RTVSPost2010PropOp42
 70
     1
102
RTVSPost2010Prop43
 90
        3
102
RTVSPost2010PropOp43
 70
     1
102
RTVSPost2010Prop44ColorIndex
 90
        5
102
RTVSPost2010Prop44ColorRGB
 90
      255
102
RTVSPost2010PropOp44
 70
     1
102
RTVSPost2010Prop45
280
     0
102
RTVSPost2010PropOp45
 70
     1
102
RTVSPost2010Prop46
 90
       50
102
RTVSPost2010PropOp46
 70
     1
102
RTVSPost2010Prop47
 90
       50
102
RTVSPost2010PropOp47
 70
     1
102
RTVSPost2010Prop48
 90
       50
102
RTVSPost2010PropOp48
 70
     1
102
RTVSPost2010Prop49
280
     0
102
RTVSPost2010PropOp49
 70
     1
102
RTVSPost2010Prop50
 90
       50
102
RTVSPost2010PropOp50
 70
     1
102
RTVSPost2010Prop51ColorIndex
 90
      256
102
RTVSPost2010Prop51ColorRGB
 90
-16777216
102
RTVSPost2010PropOp51
 70
     0
102
RTVSPost2010Prop52
140
1.0
102
RTVSPost2010PropOp52
 70
     0
102
RTVSPost2010Prop53
 90
        2
102
RTVSPost2010PropOp53
 70
     1
102
RTVSPost2010Prop54
  1
strokes_ogs.tif
102
RTVSPost2010PropOp54
 70
     1
102
RTVSPost2010Prop55
280
     0
102
RTVSPost2010PropOp55
 70
     1
102
RTVSPost2010Prop56
140
1.0
102
RTVSPost2010PropOp56
 70
     1
102
RTVSPost2010Prop57
140
1.0
102
RTVSPost2010PropOp57
 70
     1
  0
XRECORD
  5
1DE
102
{ACAD_REACTORS
330
1A9
102
}
330
1A9
100
AcDbXrecord
280
     1
102
RTVSPost2010Prop28
280
     0
102
RTVSPost2010PropOp28
 70
     1
102
RTVSPost2010Prop29
280
     1
102
RTVSPost2010PropOp29
 70
     1
102
RTVSPost2010Prop30
280
     1
102
RTVSPost2010PropOp30
 70
     1
102
RTVSPost2010Prop31
280
     0
102
RTVSPost2010PropOp31
 70
     1
102
RTVSPost2010Prop32
280
     0
102
RTVSPost2010PropOp32
 70
     1
102
RTVSPost2010Prop33
280
     0
102
RTVSPost2010PropOp33
 70
     1
102
RTVSPost2010Prop34
280
     0
102
RTVSPost2010PropOp34
 70
     1
102
RTVSPost2010Prop35
280
     0
102
RTVSPost2010PropOp35
 70
     1
102
RTVSPost2010Prop36
280
     0
102
RTVSPost2010PropOp36
 70
     1
102
RTVSPost2010Prop37
 90
       50
102
RTVSPost2010PropOp37
 70
     1
102
RTVSPost2010Prop38
140
0.0
102
RTVSPost2010PropOp38
 70
     1
102
RTVSPost2010Prop39
140
1.0
102
RTVSPost2010PropOp39
 70
     1
102
RTVSPost2010Prop40
 90
        0
102
RTVSPost2010PropOp40
 70
     1
102
RTVSPost2010Prop41ColorIndex
 90
       18
102
RTVSPost2010Prop41ColorRGB
 90
        0
102
RTVSPost2010PropOp41
 70
     1
102
RTVSPost2010Prop42
 90
       50
102
RTVSPost2010PropOp42
 70
     1
102
RTVSPost2010Prop43
 90
        3
102
RTVSPost2010PropOp43
 70
     1
102
RTVSPost2010Prop44ColorIndex
 90
        5
102
RTVSPost2010Prop44ColorRGB
 90
      255
102
RTVSPost2010PropOp44
 70
     1
102
RTVSPost2010Prop45
280
     0
102
RTVSPost2010PropOp45
 70
     1
102
RTVSPost2010Prop46
 90
       50
102
RTVSPost2010PropOp46
 70
     1
102
RTVSPost2010Prop47
 90
       50
102
RTVSPost2010PropOp47
 70
     1
102
RTVSPost2010Prop48
 90
       50
102
RTVSPost2010PropOp48
 70
     1
102
RTVSPost2010Prop49
280
     0
102
RTVSPost2010PropOp49
 70
     1
102
RTVSPost2010Prop50
 90
       50
102
RTVSPost2010PropOp50
 70
     1
102
RTVSPost2010Prop51ColorIndex
 90
      256
102
RTVSPost2010Prop51ColorRGB
 90
-16777216
102
RTVSPost2010PropOp51
 70
     0
102
RTVSPost2010Prop52
140
1.0
102
RTVSPost2010PropOp52
 70
     0
102
RTVSPost2010Prop53
 90
        2
102
RTVSPost2010PropOp53
 70
     1
102
RTVSPost2010Prop54
  1
strokes_ogs.tif
102
RTVSPost2010PropOp54
 70
     1
102
RTVSPost2010Prop55
280
     0
102
RTVSPost2010PropOp55
 70
     1
102
RTVSPost2010Prop56
140
1.0
102
RTVSPost2010PropOp56
 70
     1
102
RTVSPost2010Prop57
140
1.0
102
RTVSPost2010PropOp57
 70
     1
  0
ENDSEC
  0
EOF
