  0
SECTION
  2
HEADER
  9
$ACADVER
  1
AC1027
  9
$ACADMAINTVER
 70
   125
  9
$DWGCODEPAGE
  3
ANSI_1251
  9
$LASTSAVEDBY
  1
MikhailShapovalov
  9
$REQUIREDVERSIONS
160
                 0
  9
$INSBASE
 10
0.0
 20
0.0
 30
0.0
  9
$EXTMIN
 10
-15625.68212391106
 20
-2460.396926342531
 30
-0.0000000000002274
  9
$EXTMAX
 10
5368.911896406748
 20
3591.561252912375
 30
0.0000000000001421
  9
$LIMMIN
 10
0.0
 20
0.0
  9
$LIMMAX
 10
12.0
 20
9.0
  9
$ORTHOMODE
 70
     0
  9
$REGENMODE
 70
     1
  9
$FILLMODE
 70
     1
  9
$QTEXTMODE
 70
     0
  9
$MIRRTEXT
 70
     0
  9
$LTSCALE
 40
1.0
  9
$ATTMODE
 70
     1
  9
$TEXTSIZE
 40
0.2
  9
$TRACEWID
 40
0.05
  9
$TEXTSTYLE
  7
Standard
  9
$CLAYER
  8
0
  9
$CELTYPE
  6
ByLayer
  9
$CECOLOR
 62
   256
  9
$CELTSCALE
 40
4.0
  9
$DISPSILH
 70
     0
  9
$DIMSCALE
 40
50.0
  9
$DIMASZ
 40
0.18
  9
$DIMEXO
 40
0.0625
  9
$DIMDLI
 40
0.38
  9
$DIMRND
 40
0.0
  9
$DIMDLE
 40
0.0
  9
$DIMEXE
 40
0.18
  9
$DIMTP
 40
0.0
  9
$DIMTM
 40
0.0
  9
$DIMTXT
 40
0.18
  9
$DIMCEN
 40
0.09
  9
$DIMTSZ
 40
0.0
  9
$DIMTOL
 70
     0
  9
$DIMLIM
 70
     0
  9
$DIMTIH
 70
     0
  9
$DIMTOH
 70
     0
  9
$DIMSE1
 70
     0
  9
$DIMSE2
 70
     0
  9
$DIMTAD
 70
     1
  9
$DIMZIN
 70
     0
  9
$DIMBLK
  1

  9
$DIMASO
 70
     1
  9
$DIMSHO
 70
     1
  9
$DIMPOST
  1

  9
$DIMAPOST
  1

  9
$DIMALT
 70
     0
  9
$DIMALTD
 70
     2
  9
$DIMALTF
 40
25.4
  9
$DIMLFAC
 40
1.0
  9
$DIMTOFL
 70
     0
  9
$DIMTVP
 40
0.0
  9
$DIMTIX
 70
     0
  9
$DIMSOXD
 70
     0
  9
$DIMSAH
 70
     0
  9
$DIMBLK1
  1

  9
$DIMBLK2
  1

  9
$DIMSTYLE
  2
Standard
  9
$DIMCLRD
 70
     0
  9
$DIMCLRE
 70
     0
  9
$DIMCLRT
 70
     0
  9
$DIMTFAC
 40
1.0
  9
$DIMGAP
 40
0.09
  9
$DIMJUST
 70
     0
  9
$DIMSD1
 70
     0
  9
$DIMSD2
 70
     0
  9
$DIMTOLJ
 70
     1
  9
$DIMTZIN
 70
     0
  9
$DIMALTZ
 70
     0
  9
$DIMALTTZ
 70
     0
  9
$DIMUPT
 70
     0
  9
$DIMDEC
 70
     1
  9
$DIMTDEC
 70
     1
  9
$DIMALTU
 70
     2
  9
$DIMALTTD
 70
     2
  9
$DIMTXSTY
  7
Standard
  9
$DIMAUNIT
 70
     0
  9
$DIMADEC
 70
     1
  9
$DIMALTRND
 40
0.0
  9
$DIMAZIN
 70
     0
  9
$DIMDSEP
 70
    46
  9
$DIMATFIT
 70
     3
  9
$DIMFRAC
 70
     0
  9
$DIMLDRBLK
  1

  9
$DIMLUNIT
 70
     2
  9
$DIMLWD
 70
    -2
  9
$DIMLWE
 70
    -2
  9
$DIMTMOVE
 70
     0
  9
$DIMFXL
 40
1.0
  9
$DIMFXLON
 70
     0
  9
$DIMJOGANG
 40
0.7853981633974483
  9
$DIMTFILL
 70
     0
  9
$DIMTFILLCLR
 70
     0
  9
$DIMARCSYM
 70
     0
  9
$DIMLTYPE
  6

  9
$DIMLTEX1
  6

  9
$DIMLTEX2
  6

  9
$DIMTXTDIRECTION
 70
     0
  9
$LUNITS
 70
     2
  9
$LUPREC
 70
     4
  9
$SKETCHINC
 40
0.1
  9
$FILLETRAD
 40
1000.0
  9
$AUNITS
 70
     0
  9
$AUPREC
 70
     0
  9
$MENU
  1
.
  9
$ELEVATION
 40
0.0
  9
$PELEVATION
 40
0.0
  9
$THICKNESS
 40
0.0
  9
$LIMCHECK
 70
     0
  9
$CHAMFERA
 40
0.0
  9
$CHAMFERB
 40
0.0
  9
$CHAMFERC
 40
0.0
  9
$CHAMFERD
 40
0.0
  9
$SKPOLY
 70
     0
  9
$TDCREATE
 40
2461167.583680555
  9
$TDUCREATE
 40
2461167.458680556
  9
$TDUPDATE
 40
2461167.584618056
  9
$TDUUPDATE
 40
2461167.459618056
  9
$TDINDWG
 40
0.0009375000
  9
$TDUSRTIMER
 40
0.0009375000
  9
$USRTIMER
 70
     1
  9
$ANGBASE
 50
0.0
  9
$ANGDIR
 70
     0
  9
$PDMODE
 70
     0
  9
$PDSIZE
 40
0.0
  9
$PLINEWID
 40
0.0
  9
$SPLFRAME
 70
     0
  9
$SPLINETYPE
 70
     6
  9
$SPLINESEGS
 70
     8
  9
$HANDSEED
  5
21D3
  9
$SURFTAB1
 70
     6
  9
$SURFTAB2
 70
     6
  9
$SURFTYPE
 70
     6
  9
$SURFU
 70
     6
  9
$SURFV
 70
     6
  9
$UCSBASE
  2

  9
$UCSNAME
  2

  9
$UCSORG
 10
0.0
 20
0.0
 30
0.0
  9
$UCSXDIR
 10
1.0
 20
0.0
 30
0.0
  9
$UCSYDIR
 10
0.0
 20
1.0
 30
0.0
  9
$UCSORTHOREF
  2

  9
$UCSORTHOVIEW
 70
     0
  9
$UCSORGTOP
 10
0.0
 20
0.0
 30
0.0
  9
$UCSORGBOTTOM
 10
0.0
 20
0.0
 30
0.0
  9
$UCSORGLEFT
 10
0.0
 20
0.0
 30
0.0
  9
$UCSORGRIGHT
 10
0.0
 20
0.0
 30
0.0
  9
$UCSORGFRONT
 10
0.0
 20
0.0
 30
0.0
  9
$UCSORGBACK
 10
0.0
 20
0.0
 30
0.0
  9
$PUCSBASE
  2

  9
$PUCSNAME
  2

  9
$PUCSORG
 10
0.0
 20
0.0
 30
0.0
  9
$PUCSXDIR
 10
1.0
 20
0.0
 30
0.0
  9
$PUCSYDIR
 10
0.0
 20
1.0
 30
0.0
  9
$PUCSORTHOREF
  2

  9
$PUCSORTHOVIEW
 70
     0
  9
$PUCSORGTOP
 10
0.0
 20
0.0
 30
0.0
  9
$PUCSORGBOTTOM
 10
0.0
 20
0.0
 30
0.0
  9
$PUCSORGLEFT
 10
0.0
 20
0.0
 30
0.0
  9
$PUCSORGRIGHT
 10
0.0
 20
0.0
 30
0.0
  9
$PUCSORGFRONT
 10
0.0
 20
0.0
 30
0.0
  9
$PUCSORGBACK
 10
0.0
 20
0.0
 30
0.0
  9
$USERI1
 70
     0
  9
$USERI2
 70
     0
  9
$USERI3
 70
     0
  9
$USERI4
 70
     0
  9
$USERI5
 70
     0
  9
$USERR1
 40
0.0
  9
$USERR2
 40
0.0
  9
$USERR3
 40
0.0
  9
$USERR4
 40
0.0
  9
$USERR5
 40
0.0
  9
$WORLDVIEW
 70
     1
  9
$SHADEDGE
 70
     3
  9
$SHADEDIF
 70
    70
  9
$TILEMODE
 70
     1
  9
$MAXACTVP
 70
    64
  9
$PINSBASE
 10
0.0
 20
0.0
 30
0.0
  9
$PLIMCHECK
 70
     0
  9
$PEXTMIN
 10
0.0
 20
0.0
 30
0.0
  9
$PEXTMAX
 10
0.0
 20
0.0
 30
0.0
  9
$PLIMMIN
 10
0.0
 20
0.0
  9
$PLIMMAX
 10
12.0
 20
9.0
  9
$UNITMODE
 70
     0
  9
$VISRETAIN
 70
     1
  9
$PLINEGEN
 70
     0
  9
$PSLTSCALE
 70
     1
  9
$TREEDEPTH
 70
  3020
  9
$CMLSTYLE
  2
Standard
  9
$CMLJUST
 70
     0
  9
$CMLSCALE
 40
1.0
  9
$PROXYGRAPHICS
 70
     1
  9
$MEASUREMENT
 70
     1
  9
$CELWEIGHT
370
    -1
  9
$ENDCAPS
280
     0
  9
$JOINSTYLE
280
     0
  9
$LWDISPLAY
290
     0
  9
$INSUNITS
 70
     1
  9
$HYPERLINKBASE
  1

  9
$STYLESHEET
  1

  9
$XEDIT
290
     1
  9
$CEPSNTYPE
380
     0
  9
$PSTYLEMODE
290
     1
  9
$FINGERPRINTGUID
  2
{0A86CE15-BB67-6442-92CF-E0901AFE2824}
  9
$VERSIONGUID
  2
{FB6024CC-2544-7E4A-A9A7-6F554243DA60}
  9
$EXTNAMES
290
     1
  9
$PSVPSCALE
 40
0.0
  9
$OLESTARTUP
290
     0
  9
$SORTENTS
280
   127
  9
$INDEXCTL
280
     0
  9
$HIDETEXT
280
     1
  9
$XCLIPFRAME
280
     2
  9
$HALOGAP
280
     0
  9
$OBSCOLOR
 70
   257
  9
$OBSLTYPE
280
     0
  9
$INTERSECTIONDISPLAY
280
     0
  9
$INTERSECTIONCOLOR
 70
   257
  9
$DIMASSOC
280
     2
  9
$PROJECTNAME
  1

  9
$CAMERADISPLAY
290
     0
  9
$LENSLENGTH
 40
50.0
  9
$CAMERAHEIGHT
 40
0.0
  9
$STEPSPERSEC
 40
2.0
  9
$STEPSIZE
 40
6.0
  9
$3DDWFPREC
 40
2.0
  9
$PSOLWIDTH
 40
0.25
  9
$PSOLHEIGHT
 40
4.0
  9
$LOFTANG1
 40
1.570796326794896
  9
$LOFTANG2
 40
1.570796326794896
  9
$LOFTMAG1
 40
0.0
  9
$LOFTMAG2
 40
0.0
  9
$LOFTPARAM
 70
     7
  9
$LOFTNORMALS
280
     1
  9
$LATITUDE
 40
37.795
  9
$LONGITUDE
 40
-122.394
  9
$NORTHDIRECTION
 40
0.0
  9
$TIMEZONE
 70
 -8000
  9
$LIGHTGLYPHDISPLAY
280
     1
  9
$TILEMODELIGHTSYNCH
280
     1
  9
$CMATERIAL
347
96
  9
$SOLIDHIST
280
     0
  9
$SHOWHIST
280
     1
  9
$DWFFRAME
280
     2
  9
$DGNFRAME
280
     0
  9
$REALWORLDSCALE
290
     1
  9
$INTERFERECOLOR
 62
     1
  9
$INTERFEREOBJVS
345
A3
  9
$INTERFEREVPVS
346
A0
  9
$CSHADOW
280
     0
  9
$SHADOWPLANELOCATION
 40
0.0
  0
ENDSEC
  0
SECTION
  2
CLASSES
  0
CLASS
  1
ACDBDICTIONARYWDFLT
  2
AcDbDictionaryWithDefault
  3
ObjectDBX Classes
 90
        0
 91
        1
280
     0
281
     0
  0
CLASS
  1
DICTIONARYVAR
  2
AcDbDictionaryVar
  3
ObjectDBX Classes
 90
        0
 91
       11
280
     0
281
     0
  0
CLASS
  1
TABLESTYLE
  2
AcDbTableStyle
  3
ObjectDBX Classes
 90
     4095
 91
        1
280
     0
281
     0
  0
CLASS
  1
MATERIAL
  2
AcDbMaterial
  3
ObjectDBX Classes
 90
     1153
 91
        3
280
     0
281
     0
  0
CLASS
  1
VISUALSTYLE
  2
AcDbVisualStyle
  3
ObjectDBX Classes
 90
     4095
 91
       24
280
     0
281
     0
  0
CLASS
  1
SCALE
  2
AcDbScale
  3
ObjectDBX Classes
 90
     1153
 91
       33
280
     0
281
     0
  0
CLASS
  1
MLEADERSTYLE
  2
AcDbMLeaderStyle
  3
ACDB_MLEADERSTYLE_CLASS
 90
     4095
 91
        2
280
     0
281
     0
  0
CLASS
  1
CELLSTYLEMAP
  2
AcDbCellStyleMap
  3
ObjectDBX Classes
 90
     1152
 91
        1
280
     0
281
     0
  0
CLASS
  1
EXACXREFPANELOBJECT
  2
ExAcXREFPanelObject
  3
EXAC_ESW
 90
     1025
 91
        0
280
     0
281
     0
  0
CLASS
  1
NPOCOLLECTION
  2
AcDbImpNonPersistentObjectsCollection
  3
ObjectDBX Classes
 90
     1153
 91
        0
280
     0
281
     0
  0
CLASS
  1
LAYER_INDEX
  2
AcDbLayerIndex
  3
ObjectDBX Classes
 90
        0
 91
        0
280
     0
281
     0
  0
CLASS
  1
SPATIAL_INDEX
  2
AcDbSpatialIndex
  3
ObjectDBX Classes
 90
        0
 91
        0
280
     0
281
     0
  0
CLASS
  1
IDBUFFER
  2
AcDbIdBuffer
  3
ObjectDBX Classes
 90
        0
 91
        0
280
     0
281
     0
  0
CLASS
  1
ACDBSECTIONVIEWSTYLE
  2
AcDbSectionViewStyle
  3
ObjectDBX Classes
 90
     1025
 91
        2
280
     0
281
     0
  0
CLASS
  1
ACDBDETAILVIEWSTYLE
  2
AcDbDetailViewStyle
  3
ObjectDBX Classes
 90
     1025
 91
        2
280
     0
281
     0
  0
CLASS
  1
SORTENTSTABLE
  2
AcDbSortentsTable
  3
ObjectDBX Classes
 90
        0
 91
        3
280
     0
281
     0
  0
CLASS
  1
ACDBASSOCPERSSUBENTMANAGER
  2
AcDbAssocPersSubentManager
  3
ObjectDBX Classes
 90
     1024
 91
        1
280
     0
281
     0
  0
CLASS
  1
ACDBPERSSUBENTMANAGER
  2
AcDbPersSubentManager
  3
AcDbPersSubentManager
 90
     1024
 91
        1
280
     0
281
     0
  0
CLASS
  1
DIMASSOC
  2
AcDbDimAssoc
  3
"AcDbDimAssoc|Product Desc:     AcDim ARX App For Dimension|Company:          Autodesk, Inc.|WEB Address:      www.autodesk.com"
 90
        0
 91
      135
280
     0
281
     0
  0
CLASS
  1
RAPIDRTRENDERSETTINGS
  2
AcDbRapidRTRenderSettings
  3
ObjectDBX Classes
 90
     1024
 91
        6
280
     0
281
     0
  0
CLASS
  1
PLOTSETTINGS
  2
AcDbPlotSettings
  3
ObjectDBX Classes
 90
        0
 91
        2
280
     0
281
     0
  0
CLASS
  1
MULTILEADER
  2
AcDbMLeader
  3
ACDB_MLEADER_CLASS
 90
     1025
 91
        0
280
     0
281
     1
  0
CLASS
  1
RASTERVARIABLES
  2
AcDbRasterVariables
  3
ISM
 90
        0
 91
        1
280
     0
281
     0
  0
CLASS
  1
ACDBASSOCNETWORK
  2
AcDbAssocNetwork
  3
ObjectDBX Classes
 90
     1025
 91
        0
280
     0
281
     0
  0
CLASS
  1
ACDBASSOC2DCONSTRAINTGROUP
  2
AcDbAssoc2dConstraintGroup
  3
ObjectDBX Classes
 90
     1025
 91
        0
280
     0
281
     0
  0
CLASS
  1
ACDBASSOCGEOMDEPENDENCY
  2
AcDbAssocGeomDependency
  3
ObjectDBX Classes
 90
     1025
 91
        0
280
     0
281
     0
  0
ENDSEC
  0
SECTION
  2
TABLES
  0
TABLE
  2
VPORT
  5
8
330
0
100
AcDbSymbolTable
 70
     1
1001
ACAD
1000
DbSaveVer
1071
      310
  0
VPORT
  5
94
330
8
100
AcDbSymbolTableRecord
100
AcDbViewportTableRecord
  2
*Active
 70
     0
 10
0.0
 20
0.0
 11
1.0
 21
1.0
 12
-2952.746821617333
 22
-2468.398775016713
 13
0.0
 23
0.0
 14
0.5
 24
0.5
 15
0.5
 25
0.5
 16
0.0
 26
0.0
 36
1.0
 17
0.0
 27
0.0
 37
0.0
 40
29352.39133772915
 41
1.69171974522293
 42
50.0
 43
0.0
 44
0.0
 50
0.0
 51
0.0
 71
     0
 72
  1000
 73
     1
 74
     3
 75
     0
 76
     1
 77
     0
 78
     0
281
     0
 65
     1
110
0.0
120
0.0
130
0.0
111
1.0
121
0.0
131
0.0
112
0.0
122
1.0
132
0.0
 79
     0
146
0.0
348
9F
 60
     3
 61
     5
292
     1
282
     1
141
0.0
142
0.0
 63
   250
421
  3355443
1001
ACAD_NAV_VCDISPLAY
1070
     3
  0
ENDTAB
  0
TABLE
  2
LTYPE
  5
5
330
0
100
AcDbSymbolTable
 70
     3
  0
LTYPE
  5
14
330
5
100
AcDbSymbolTableRecord
100
AcDbLinetypeTableRecord
  2
ByBlock
 70
     0
  3

 72
    65
 73
     0
 40
0.0
  0
LTYPE
  5
15
330
5
100
AcDbSymbolTableRecord
100
AcDbLinetypeTableRecord
  2
ByLayer
 70
     0
  3

 72
    65
 73
     0
 40
0.0
  0
LTYPE
  5
16
330
5
100
AcDbSymbolTableRecord
100
AcDbLinetypeTableRecord
  2
Continuous
 70
     0
  3
Solid line
 72
    65
 73
     0
 40
0.0
  0
LTYPE
  5
20E
330
5
100
AcDbSymbolTableRecord
100
AcDbLinetypeTableRecord
  2
ACAD_ISO04W100
 70
     0
  3
ISO ш/пункт. (дл. штрихи) ____ . ____ . ____ . 
 72
    65
 73
     4
 40
30.0
 49
24.0
 74
     0
 49
-3.0
 74
     0
 49
0.0
 74
     0
 49
-3.0
 74
     0
  0
LTYPE
  5
95E
330
5
100
AcDbSymbolTableRecord
100
AcDbLinetypeTableRecord
  2
ACAD_ISO03W100
 70
     0
  3
ISO dash space __    __    __    __    __    __
 72
    65
 73
     2
 40
30.0
 49
12.0
 74
     0
 49
-18.0
 74
     0
  0
ENDTAB
  0
TABLE
  2
LAYER
  5
2
102
{ACAD_XDICTIONARY
360
18E
102
}
330
0
100
AcDbSymbolTable
 70
     7
  0
LAYER
  5
10
102
{ACAD_XDICTIONARY
360
E6
102
}
330
2
100
AcDbSymbolTableRecord
100
AcDbLayerTableRecord
  2
0
 70
     0
 62
     7
  6
Continuous
370
    25
390
F
347
98
348
0
  0
LAYER
  5
1F9
330
2
100
AcDbSymbolTableRecord
100
AcDbLayerTableRecord
  2
Размеры
 70
     0
 62
     7
  6
Continuous
370
     5
390
F
347
98
348
0
1001
AcAecLayerStandard
1000

1000

1001
AcCmTransparency
1071
        0
  0
LAYER
  5
1FC
330
2
100
AcDbSymbolTableRecord
100
AcDbLayerTableRecord
  2
Оси
 70
     0
 62
    42
  6
ACAD_ISO04W100
370
     5
390
F
347
98
348
0
1001
AcAecLayerStandard
1000

1000

1001
AcCmTransparency
1071
        0
  0
LAYER
  5
223
330
2
100
AcDbSymbolTableRecord
100
AcDbLayerTableRecord
  2
Defpoints
 70
     0
 62
     7
  6
Continuous
290
     0
370
    -3
390
F
347
98
348
0
  0
LAYER
  5
EBD
102
{ACAD_XDICTIONARY
360
EBE
102
}
330
2
100
AcDbSymbolTableRecord
100
AcDbLayerTableRecord
  2
ОПИСАНИЕ
 70
     0
 62
   220
  6
Continuous
370
    -3
390
F
347
98
348
0
  0
LAYER
  5
144D
330
2
100
AcDbSymbolTableRecord
100
AcDbLayerTableRecord
  2
LAYER01
 70
     0
 62
     7
  6
Continuous
370
    -3
390
F
347
98
348
0
  0
LAYER
  5
144E
330
2
100
AcDbSymbolTableRecord
100
AcDbLayerTableRecord
  2
7
 70
     0
 62
     7
  6
Continuous
370
    -3
390
F
347
98
348
0
  0
ENDTAB
  0
TABLE
  2
STYLE
  5
3
330
0
100
AcDbSymbolTable
 70
     4
  0
STYLE
  5
11
330
3
100
AcDbSymbolTableRecord
100
AcDbTextStyleTableRecord
  2
Standard
 70
     0
 40
0.0
 41
1.0
 50
0.0
 71
     0
 42
0.2
  3
Arial.ttf
  4

1001
ACAD
1000
Arial
1071
       34
  0
STYLE
  5
DC
330
3
100
AcDbSymbolTableRecord
100
AcDbTextStyleTableRecord
  2
Аннотативный
 70
     0
 40
0.0
 41
1.0
 50
0.0
 71
     0
 42
0.2
  3
Arial.ttf
  4

1001
AcadAnnotative
1000
AnnotativeData
1002
{
1070
     1
1070
     1
1002
}
1001
ACAD
1000
Arial
1071
       34
  0
STYLE
  5
20D
330
3
100
AcDbSymbolTableRecord
100
AcDbTextStyleTableRecord
  2

 70
     1
 40
0.0
 41
1.0
 50
0.0
 71
     0
 42
0.2
  3
ltypeshp.shx
  4

  0
STYLE
  5
EBF
330
3
100
AcDbSymbolTableRecord
100
AcDbTextStyleTableRecord
  2
ОФОРМИТЕЛЬ
 70
     0
 40
25.0
 41
1.0
 50
0.0
 71
     0
 42
25.0
  3
txt
  4

  0
ENDTAB
  0
TABLE
  2
VIEW
  5
6
330
0
100
AcDbSymbolTable
 70
     1
  0
ENDTAB
  0
TABLE
  2
UCS
  5
7
330
0
100
AcDbSymbolTable
 70
     0
  0
ENDTAB
  0
TABLE
  2
APPID
  5
9
330
0
100
AcDbSymbolTable
 70
    14
  0
APPID
  5
12
330
9
100
AcDbSymbolTableRecord
100
AcDbRegAppTableRecord
  2
ACAD
 70
     0
  0
APPID
  5
DD
330
9
100
AcDbSymbolTableRecord
100
AcDbRegAppTableRecord
  2
AcadAnnoPO
 70
     0
  0
APPID
  5
DE
330
9
100
AcDbSymbolTableRecord
100
AcDbRegAppTableRecord
  2
AcadAnnotative
 70
     0
  0
APPID
  5
DF
330
9
100
AcDbSymbolTableRecord
100
AcDbRegAppTableRecord
  2
ACAD_DSTYLE_DIMJAG
 70
     0
  0
APPID
  5
E0
330
9
100
AcDbSymbolTableRecord
100
AcDbRegAppTableRecord
  2
ACAD_DSTYLE_DIMTALN
 70
     0
  0
APPID
  5
107
330
9
100
AcDbSymbolTableRecord
100
AcDbRegAppTableRecord
  2
ACAD_MLEADERVER
 70
     0
  0
APPID
  5
1A6
330
9
100
AcDbSymbolTableRecord
100
AcDbRegAppTableRecord
  2
ACAD_NAV_VCDISPLAY
 70
     0
  0
APPID
  5
1EE
330
9
100
AcDbSymbolTableRecord
100
AcDbRegAppTableRecord
  2
ACAD_EXEMPT_FROM_CAD_STANDARDS
 70
     0
  0
APPID
  5
1FA
330
9
100
AcDbSymbolTableRecord
100
AcDbRegAppTableRecord
  2
AcAecLayerStandard
 70
     0
  0
APPID
  5
1FB
330
9
100
AcDbSymbolTableRecord
100
AcDbRegAppTableRecord
  2
AcCmTransparency
 70
     0
  0
APPID
  5
2C2
330
9
100
AcDbSymbolTableRecord
100
AcDbRegAppTableRecord
  2
ACAD_DSTYLE_DIMRADIAL_EXTENSION
 70
     0
  0
APPID
  5
2E9
330
9
100
AcDbSymbolTableRecord
100
AcDbRegAppTableRecord
  2
AcadAnnoMonitorAlertIconDisabled
 70
     0
  0
APPID
  5
8A2
330
9
100
AcDbSymbolTableRecord
100
AcDbRegAppTableRecord
  2
ACAD_PSEXT
 70
     0
  0
APPID
  5
961
330
9
100
AcDbSymbolTableRecord
100
AcDbRegAppTableRecord
  2
ACAD_DSTYLE_DIMBREAK
 70
     0
  0
ENDTAB
  0
TABLE
  2
DIMSTYLE
  5
A
330
0
100
AcDbSymbolTable
 70
     6
100
AcDbDimStyleTable
 71
     2
340
27
340
E1
  0
DIMSTYLE
105
27
330
A
100
AcDbSymbolTableRecord
100
AcDbDimStyleTableRecord
  2
Standard
 70
     0
 40
50.0
 73
     0
 74
     0
 77
     1
179
     1
271
     1
272
     1
340
11
1001
ACAD_DSTYLE_DIMJAG
1070
   388
1040
1.5
1001
ACAD_DSTYLE_DIMBREAK
1070
   391
1040
3.75
1001
ACAD_DSTYLE_DIMTALN
1070
   392
1070
     0
  0
DIMSTYLE
105
E1
330
A
100
AcDbSymbolTableRecord
100
AcDbDimStyleTableRecord
  2
Аннотативный
 70
     0
 40
0.0
340
11
1001
AcadAnnotative
1000
AnnotativeData
1002
{
1070
     1
1070
     1
1002
}
1001
ACAD_DSTYLE_DIMJAG
1070
   388
1040
1.5
1001
ACAD_DSTYLE_DIMTALN
1070
   392
1070
     0
  0
DIMSTYLE
105
95F
330
A
100
AcDbSymbolTableRecord
100
AcDbDimStyleTableRecord
  2
Annotative
 70
     0
 40
0.0
340
11
1001
AcadAnnotative
1000
AnnotativeData
1002
{
1070
     1
1070
     1
1002
}
1001
ACAD_DSTYLE_DIMJAG
1070
   388
1040
1.5
1001
ACAD_DSTYLE_DIMTALN
1070
   392
1070
     0
  0
DIMSTYLE
105
960
102
{ACAD_REACTORS
330
96F
330
972
330
975
330
978
330
97B
330
97C
330
97D
330
980
330
983
330
986
330
989
330
98C
102
}
330
A
100
AcDbSymbolTableRecord
100
AcDbDimStyleTableRecord
  2
Copy of Standard
 70
     0
 40
200.0
 73
     0
 74
     0
 77
     1
271
     0
272
     0
340
11
1001
ACAD_DSTYLE_DIMJAG
1070
   388
1040
1.5
1001
ACAD_DSTYLE_DIMBREAK
1070
   391
1040
0.125
1001
ACAD_DSTYLE_DIMTALN
1070
   392
1070
     0
  0
DIMSTYLE
105
EC0
330
A
100
AcDbSymbolTableRecord
100
AcDbDimStyleTableRecord
  2
ОФОРМИТЕЛЬ
 70
     0
 41
25.0
 42
10.0
 44
10.0
140
25.0
147
3.0
176
   256
177
   256
178
   256
279
     2
340
EBF
  0
DIMSTYLE
105
1C16
102
{ACAD_REACTORS
330
1E05
330
1E08
330
1E0B
330
1E0E
330
1E11
330
1E14
330
1E17
330
1E1A
330
1E1D
330
1E20
330
1E23
330
1E26
330
1E29
330
1E2C
330
1E2F
330
1E32
330
1E35
330
1E38
330
1E3B
330
1E3E
330
1E4A
330
1E4D
330
1E50
330
1E53
330
1E56
330
1E59
330
1E5C
330
1E5F
330
1E7F
330
1E82
330
1E85
330
1E88
330
1E8B
330
1E8E
330
1E91
330
1E94
330
1E97
330
1E9E
330
1EA1
330
1EA4
330
1EA7
330
1EAA
330
1EAD
330
1EB0
330
1EB3
330
1EE9
330
1EEC
330
1EEF
330
1EF2
330
1EF5
330
1EF8
330
1EFB
330
1EFE
102
}
330
A
100
AcDbSymbolTableRecord
100
AcDbDimStyleTableRecord
  2
ISO-25
 70
     0
 41
20.0
 42
0.625
 43
3.75
 44
1.25
 73
     0
 74
     0
 77
     1
 78
     8
140
25.0
141
2.5
143
0.03937007874016
147
0.625
171
     3
172
     1
271
     2
272
     2
274
     3
278
    44
283
     0
284
     8
340
11
1001
ACAD_DSTYLE_DIMJAG
1070
   388
1040
1.5
1001
ACAD_DSTYLE_DIMTALN
1070
   392
1070
     0
  0
ENDTAB
  0
TABLE
  2
BLOCK_RECORD
  5
1
330
0
100
AcDbSymbolTable
 70
   142
  0
BLOCK_RECORD
  5
1F
102
{ACAD_XDICTIONARY
360
15D
102
}
330
1
100
AcDbSymbolTableRecord
100
AcDbBlockTableRecord
  2
*Model_Space
340
22
 70
     0
280
     1
281
     0
  0
BLOCK_RECORD
  5
58
330
1
100
AcDbSymbolTableRecord
100
AcDbBlockTableRecord
  2
*Paper_Space
340
59
 70
     0
280
     1
281
     0
  0
BLOCK_RECORD
  5
5D
330
1
100
AcDbSymbolTableRecord
100
AcDbBlockTableRecord
  2
*Paper_Space0
340
5E
 70
     0
280
     1
281
     0
  0
BLOCK_RECORD
  5
8CE
330
1
100
AcDbSymbolTableRecord
100
AcDbBlockTableRecord
  2
*D1
340
0
 70
     0
280
     1
281
     0
  0
BLOCK_RECORD
  5
8DA
330
1
100
AcDbSymbolTableRecord
100
AcDbBlockTableRecord
  2
*D2
340
0
 70
     0
280
     1
281
     0
  0
BLOCK_RECORD
  5
8E6
330
1
100
AcDbSymbolTableRecord
100
AcDbBlockTableRecord
  2
*D3
340
0
 70
     0
280
     1
281
     0
  0
BLOCK_RECORD
  5
8F2
330
1
100
AcDbSymbolTableRecord
100
AcDbBlockTableRecord
  2
*D4
340
0
 70
     0
280
     1
281
     0
  0
BLOCK_RECORD
  5
8FF
330
1
100
AcDbSymbolTableRecord
100
AcDbBlockTableRecord
  2
*D5
340
0
 70
     0
280
     1
281
     0
  0
BLOCK_RECORD
  5
90C
330
1
100
AcDbSymbolTableRecord
100
AcDbBlockTableRecord
  2
*D6
340
0
 70
     0
280
     1
281
     0
  0
BLOCK_RECORD
  5
918
330
1
100
AcDbSymbolTableRecord
100
AcDbBlockTableRecord
  2
*D7
340
0
 70
     0
280
     1
281
     0
  0
BLOCK_RECORD
  5
924
330
1
100
AcDbSymbolTableRecord
100
AcDbBlockTableRecord
  2
*D8
340
0
 70
     0
280
     1
281
     0
  0
BLOCK_RECORD
  5
930
330
1
100
AcDbSymbolTableRecord
100
AcDbBlockTableRecord
  2
*D9
340
0
 70
     0
280
     1
281
     0
  0
BLOCK_RECORD
  5
93A
330
1
100
AcDbSymbolTableRecord
100
AcDbBlockTableRecord
  2
*D10
340
0
 70
     0
280
     1
281
     0
  0
BLOCK_RECORD
  5
946
330
1
100
AcDbSymbolTableRecord
100
AcDbBlockTableRecord
  2
*D11
340
0
 70
     0
280
     1
281
     0
  0
BLOCK_RECORD
  5
952
330
1
100
AcDbSymbolTableRecord
100
AcDbBlockTableRecord
  2
*D12
340
0
 70
     0
280
     1
281
     0
  0
BLOCK_RECORD
  5
962
102
{ACAD_XDICTIONARY
360
98F
102
}
330
1
100
AcDbSymbolTableRecord
100
AcDbBlockTableRecord
  2
A$C9622438a
340
0
 70
     1
280
     1
281
     0
  0
BLOCK_RECORD
  5
E8B
330
1
100
AcDbSymbolTableRecord
100
AcDbBlockTableRecord
  2
_DetailCallout
340
0
 70
     1
280
     1
281
     0
  0
BLOCK_RECORD
  5
E93
330
1
100
AcDbSymbolTableRecord
100
AcDbBlockTableRecord
  2
_CLOSEDBLANK
340
0
 70
     0
280
     1
281
     0
  0
BLOCK_RECORD
  5
1460
330
1
100
AcDbSymbolTableRecord
100
AcDbBlockTableRecord
  2
*D16
340
0
 70
     0
280
     1
281
     0
  0
BLOCK_RECORD
  5
15EE
330
1
100
AcDbSymbolTableRecord
100
AcDbBlockTableRecord
  2
*D17
340
0
 70
     0
280
     1
281
     0
  0
BLOCK_RECORD
  5
1608
330
1
100
AcDbSymbolTableRecord
100
AcDbBlockTableRecord
  2
*D18
340
0
 70
     0
280
     1
281
     0
  0
BLOCK_RECORD
  5
165C
330
1
100
AcDbSymbolTableRecord
100
AcDbBlockTableRecord
  2
*D19
340
0
 70
     0
280
     1
281
     0
  0
BLOCK_RECORD
  5
16D6
330
1
100
AcDbSymbolTableRecord
100
AcDbBlockTableRecord
  2
*D20
340
0
 70
     0
280
     1
281
     0
  0
BLOCK_RECORD
  5
1732
330
1
100
AcDbSymbolTableRecord
100
AcDbBlockTableRecord
  2
*D21
340
0
 70
     0
280
     1
281
     0
  0
BLOCK_RECORD
  5
1794
330
1
100
AcDbSymbolTableRecord
100
AcDbBlockTableRecord
  2
*D22
340
0
 70
     0
280
     1
281
     0
  0
BLOCK_RECORD
  5
17A8
330
1
100
AcDbSymbolTableRecord
100
AcDbBlockTableRecord
  2
*D23
340
0
 70
     0
280
     1
281
     0
  0
BLOCK_RECORD
  5
17BE
330
1
100
AcDbSymbolTableRecord
100
AcDbBlockTableRecord
  2
*D24
340
0
 70
     0
280
     1
281
     0
  0
BLOCK_RECORD
  5
180A
330
1
100
AcDbSymbolTableRecord
100
AcDbBlockTableRecord
  2
*D25
340
0
 70
     0
280
     1
281
     0
  0
BLOCK_RECORD
  5
1832
330
1
100
AcDbSymbolTableRecord
100
AcDbBlockTableRecord
  2
*D26
340
0
 70
     0
280
     1
281
     0
  0
BLOCK_RECORD
  5
196A
330
1
100
AcDbSymbolTableRecord
100
AcDbBlockTableRecord
  2
*D27
340
0
 70
     0
280
     1
281
     0
  0
BLOCK_RECORD
  5
1976
330
1
100
AcDbSymbolTableRecord
100
AcDbBlockTableRecord
  2
*D28
340
0
 70
     0
280
     1
281
     0
  0
BLOCK_RECORD
  5
1982
330
1
100
AcDbSymbolTableRecord
100
AcDbBlockTableRecord
  2
*D29
340
0
 70
     0
280
     1
281
     0
  0
BLOCK_RECORD
  5
198E
330
1
100
AcDbSymbolTableRecord
100
AcDbBlockTableRecord
  2
*D30
340
0
 70
     0
280
     1
281
     0
  0
BLOCK_RECORD
  5
199A
330
1
100
AcDbSymbolTableRecord
100
AcDbBlockTableRecord
  2
*D31
340
0
 70
     0
280
     1
281
     0
  0
BLOCK_RECORD
  5
19A6
330
1
100
AcDbSymbolTableRecord
100
AcDbBlockTableRecord
  2
*D32
340
0
 70
     0
280
     1
281
     0
  0
BLOCK_RECORD
  5
19B2
330
1
100
AcDbSymbolTableRecord
100
AcDbBlockTableRecord
  2
*D33
340
0
 70
     0
280
     1
281
     0
  0
BLOCK_RECORD
  5
19BE
330
1
100
AcDbSymbolTableRecord
100
AcDbBlockTableRecord
  2
*D34
340
0
 70
     0
280
     1
281
     0
  0
BLOCK_RECORD
  5
19CA
330
1
100
AcDbSymbolTableRecord
100
AcDbBlockTableRecord
  2
*D35
340
0
 70
     0
280
     1
281
     0
  0
BLOCK_RECORD
  5
19D6
330
1
100
AcDbSymbolTableRecord
100
AcDbBlockTableRecord
  2
*D36
340
0
 70
     0
280
     1
281
     0
  0
BLOCK_RECORD
  5
19E2
330
1
100
AcDbSymbolTableRecord
100
AcDbBlockTableRecord
  2
*D37
340
0
 70
     0
280
     1
281
     0
  0
BLOCK_RECORD
  5
19EE
330
1
100
AcDbSymbolTableRecord
100
AcDbBlockTableRecord
  2
*D38
340
0
 70
     0
280
     1
281
     0
  0
BLOCK_RECORD
  5
19FA
330
1
100
AcDbSymbolTableRecord
100
AcDbBlockTableRecord
  2
*D39
340
0
 70
     0
280
     1
281
     0
  0
BLOCK_RECORD
  5
1A06
330
1
100
AcDbSymbolTableRecord
100
AcDbBlockTableRecord
  2
*D40
340
0
 70
     0
280
     1
281
     0
  0
BLOCK_RECORD
  5
1A12
330
1
100
AcDbSymbolTableRecord
100
AcDbBlockTableRecord
  2
*D41
340
0
 70
     0
280
     1
281
     0
  0
BLOCK_RECORD
  5
1A1E
330
1
100
AcDbSymbolTableRecord
100
AcDbBlockTableRecord
  2
*D42
340
0
 70
     0
280
     1
281
     0
  0
BLOCK_RECORD
  5
1A2A
330
1
100
AcDbSymbolTableRecord
100
AcDbBlockTableRecord
  2
*D43
340
0
 70
     0
280
     1
281
     0
  0
BLOCK_RECORD
  5
1A36
330
1
100
AcDbSymbolTableRecord
100
AcDbBlockTableRecord
  2
*D44
340
0
 70
     0
280
     1
281
     0
  0
BLOCK_RECORD
  5
1A42
330
1
100
AcDbSymbolTableRecord
100
AcDbBlockTableRecord
  2
*D45
340
0
 70
     0
280
     1
281
     0
  0
BLOCK_RECORD
  5
1A4E
330
1
100
AcDbSymbolTableRecord
100
AcDbBlockTableRecord
  2
*D46
340
0
 70
     0
280
     1
281
     0
  0
BLOCK_RECORD
  5
1A5A
330
1
100
AcDbSymbolTableRecord
100
AcDbBlockTableRecord
  2
*D47
340
0
 70
     0
280
     1
281
     0
  0
BLOCK_RECORD
  5
1A66
330
1
100
AcDbSymbolTableRecord
100
AcDbBlockTableRecord
  2
*D48
340
0
 70
     0
280
     1
281
     0
  0
BLOCK_RECORD
  5
1A72
330
1
100
AcDbSymbolTableRecord
100
AcDbBlockTableRecord
  2
*D49
340
0
 70
     0
280
     1
281
     0
  0
BLOCK_RECORD
  5
1A7E
330
1
100
AcDbSymbolTableRecord
100
AcDbBlockTableRecord
  2
*D50
340
0
 70
     0
280
     1
281
     0
  0
BLOCK_RECORD
  5
1A8A
330
1
100
AcDbSymbolTableRecord
100
AcDbBlockTableRecord
  2
*D51
340
0
 70
     0
280
     1
281
     0
  0
BLOCK_RECORD
  5
1A96
330
1
100
AcDbSymbolTableRecord
100
AcDbBlockTableRecord
  2
*D52
340
0
 70
     0
280
     1
281
     0
  0
BLOCK_RECORD
  5
1AA2
330
1
100
AcDbSymbolTableRecord
100
AcDbBlockTableRecord
  2
*D53
340
0
 70
     0
280
     1
281
     0
  0
BLOCK_RECORD
  5
1AAE
330
1
100
AcDbSymbolTableRecord
100
AcDbBlockTableRecord
  2
*D54
340
0
 70
     0
280
     1
281
     0
  0
BLOCK_RECORD
  5
1ABA
330
1
100
AcDbSymbolTableRecord
100
AcDbBlockTableRecord
  2
*D55
340
0
 70
     0
280
     1
281
     0
  0
BLOCK_RECORD
  5
1AC6
330
1
100
AcDbSymbolTableRecord
100
AcDbBlockTableRecord
  2
*D56
340
0
 70
     0
280
     1
281
     0
  0
BLOCK_RECORD
  5
1AD2
330
1
100
AcDbSymbolTableRecord
100
AcDbBlockTableRecord
  2
*D57
340
0
 70
     0
280
     1
281
     0
  0
BLOCK_RECORD
  5
1ADE
330
1
100
AcDbSymbolTableRecord
100
AcDbBlockTableRecord
  2
*D58
340
0
 70
     0
280
     1
281
     0
  0
BLOCK_RECORD
  5
1AEA
330
1
100
AcDbSymbolTableRecord
100
AcDbBlockTableRecord
  2
*D59
340
0
 70
     0
280
     1
281
     0
  0
BLOCK_RECORD
  5
1AF6
330
1
100
AcDbSymbolTableRecord
100
AcDbBlockTableRecord
  2
*D60
340
0
 70
     0
280
     1
281
     0
  0
BLOCK_RECORD
  5
1B02
330
1
100
AcDbSymbolTableRecord
100
AcDbBlockTableRecord
  2
*D61
340
0
 70
     0
280
     1
281
     0
  0
BLOCK_RECORD
  5
1B0E
330
1
100
AcDbSymbolTableRecord
100
AcDbBlockTableRecord
  2
*D62
340
0
 70
     0
280
     1
281
     0
  0
BLOCK_RECORD
  5
1B1A
330
1
100
AcDbSymbolTableRecord
100
AcDbBlockTableRecord
  2
*D63
340
0
 70
     0
280
     1
281
     0
  0
BLOCK_RECORD
  5
1B26
330
1
100
AcDbSymbolTableRecord
100
AcDbBlockTableRecord
  2
*D64
340
0
 70
     0
280
     1
281
     0
  0
BLOCK_RECORD
  5
1B32
330
1
100
AcDbSymbolTableRecord
100
AcDbBlockTableRecord
  2
*D65
340
0
 70
     0
280
     1
281
     0
  0
BLOCK_RECORD
  5
1B3E
330
1
100
AcDbSymbolTableRecord
100
AcDbBlockTableRecord
  2
*D66
340
0
 70
     0
280
     1
281
     0
  0
BLOCK_RECORD
  5
1B4A
330
1
100
AcDbSymbolTableRecord
100
AcDbBlockTableRecord
  2
*D67
340
0
 70
     0
280
     1
281
     0
  0
BLOCK_RECORD
  5
1B56
330
1
100
AcDbSymbolTableRecord
100
AcDbBlockTableRecord
  2
*D68
340
0
 70
     0
280
     1
281
     0
  0
BLOCK_RECORD
  5
1B62
330
1
100
AcDbSymbolTableRecord
100
AcDbBlockTableRecord
  2
*D69
340
0
 70
     0
280
     1
281
     0
  0
BLOCK_RECORD
  5
1B6E
330
1
100
AcDbSymbolTableRecord
100
AcDbBlockTableRecord
  2
*D70
340
0
 70
     0
280
     1
281
     0
  0
BLOCK_RECORD
  5
1B7A
330
1
100
AcDbSymbolTableRecord
100
AcDbBlockTableRecord
  2
*D71
340
0
 70
     0
280
     1
281
     0
  0
BLOCK_RECORD
  5
1B86
330
1
100
AcDbSymbolTableRecord
100
AcDbBlockTableRecord
  2
*D72
340
0
 70
     0
280
     1
281
     0
  0
BLOCK_RECORD
  5
1B92
330
1
100
AcDbSymbolTableRecord
100
AcDbBlockTableRecord
  2
*D73
340
0
 70
     0
280
     1
281
     0
  0
BLOCK_RECORD
  5
1B9E
330
1
100
AcDbSymbolTableRecord
100
AcDbBlockTableRecord
  2
*D74
340
0
 70
     0
280
     1
281
     0
  0
BLOCK_RECORD
  5
1BAA
330
1
100
AcDbSymbolTableRecord
100
AcDbBlockTableRecord
  2
*D75
340
0
 70
     0
280
     1
281
     0
  0
BLOCK_RECORD
  5
1BB6
330
1
100
AcDbSymbolTableRecord
100
AcDbBlockTableRecord
  2
*D76
340
0
 70
     0
280
     1
281
     0
  0
BLOCK_RECORD
  5
1BC2
330
1
100
AcDbSymbolTableRecord
100
AcDbBlockTableRecord
  2
*D77
340
0
 70
     0
280
     1
281
     0
  0
BLOCK_RECORD
  5
1BCE
330
1
100
AcDbSymbolTableRecord
100
AcDbBlockTableRecord
  2
*D78
340
0
 70
     0
280
     1
281
     0
  0
BLOCK_RECORD
  5
1BDA
330
1
100
AcDbSymbolTableRecord
100
AcDbBlockTableRecord
  2
*D79
340
0
 70
     0
280
     1
281
     0
  0
BLOCK_RECORD
  5
1BE6
330
1
100
AcDbSymbolTableRecord
100
AcDbBlockTableRecord
  2
*D80
340
0
 70
     0
280
     1
281
     0
  0
BLOCK_RECORD
  5
1BF2
330
1
100
AcDbSymbolTableRecord
100
AcDbBlockTableRecord
  2
*D81
340
0
 70
     0
280
     1
281
     0
  0
BLOCK_RECORD
  5
1BFE
330
1
100
AcDbSymbolTableRecord
100
AcDbBlockTableRecord
  2
*D82
340
0
 70
     0
280
     1
281
     0
  0
BLOCK_RECORD
  5
1C0A
330
1
100
AcDbSymbolTableRecord
100
AcDbBlockTableRecord
  2
*D83
340
0
 70
     0
280
     1
281
     0
  0
BLOCK_RECORD
  5
1F0E
330
1
100
AcDbSymbolTableRecord
100
AcDbBlockTableRecord
  2
*D85
340
0
 70
     0
280
     1
281
     0
  0
BLOCK_RECORD
  5
1F1A
330
1
100
AcDbSymbolTableRecord
100
AcDbBlockTableRecord
  2
*D86
340
0
 70
     0
280
     1
281
     0
  0
BLOCK_RECORD
  5
1F26
330
1
100
AcDbSymbolTableRecord
100
AcDbBlockTableRecord
  2
*D87
340
0
 70
     0
280
     1
281
     0
  0
BLOCK_RECORD
  5
1F32
330
1
100
AcDbSymbolTableRecord
100
AcDbBlockTableRecord
  2
*D88
340
0
 70
     0
280
     1
281
     0
  0
BLOCK_RECORD
  5
1F3E
330
1
100
AcDbSymbolTableRecord
100
AcDbBlockTableRecord
  2
*D89
340
0
 70
     0
280
     1
281
     0
  0
BLOCK_RECORD
  5
1F4A
330
1
100
AcDbSymbolTableRecord
100
AcDbBlockTableRecord
  2
*D90
340
0
 70
     0
280
     1
281
     0
  0
BLOCK_RECORD
  5
1F56
330
1
100
AcDbSymbolTableRecord
100
AcDbBlockTableRecord
  2
*D91
340
0
 70
     0
280
     1
281
     0
  0
BLOCK_RECORD
  5
1F62
330
1
100
AcDbSymbolTableRecord
100
AcDbBlockTableRecord
  2
*D92
340
0
 70
     0
280
     1
281
     0
  0
BLOCK_RECORD
  5
1F6E
330
1
100
AcDbSymbolTableRecord
100
AcDbBlockTableRecord
  2
*D93
340
0
 70
     0
280
     1
281
     0
  0
BLOCK_RECORD
  5
1F7A
330
1
100
AcDbSymbolTableRecord
100
AcDbBlockTableRecord
  2
*D94
340
0
 70
     0
280
     1
281
     0
  0
BLOCK_RECORD
  5
1F86
330
1
100
AcDbSymbolTableRecord
100
AcDbBlockTableRecord
  2
*D95
340
0
 70
     0
280
     1
281
     0
  0
BLOCK_RECORD
  5
1F92
330
1
100
AcDbSymbolTableRecord
100
AcDbBlockTableRecord
  2
*D96
340
0
 70
     0
280
     1
281
     0
  0
BLOCK_RECORD
  5
1F9E
330
1
100
AcDbSymbolTableRecord
100
AcDbBlockTableRecord
  2
*D97
340
0
 70
     0
280
     1
281
     0
  0
BLOCK_RECORD
  5
1FAA
330
1
100
AcDbSymbolTableRecord
100
AcDbBlockTableRecord
  2
*D98
340
0
 70
     0
280
     1
281
     0
  0
BLOCK_RECORD
  5
1FB6
330
1
100
AcDbSymbolTableRecord
100
AcDbBlockTableRecord
  2
*D99
340
0
 70
     0
280
     1
281
     0
  0
BLOCK_RECORD
  5
1FC2
330
1
100
AcDbSymbolTableRecord
100
AcDbBlockTableRecord
  2
*D100
340
0
 70
     0
280
     1
281
     0
  0
BLOCK_RECORD
  5
1FCE
330
1
100
AcDbSymbolTableRecord
100
AcDbBlockTableRecord
  2
*D101
340
0
 70
     0
280
     1
281
     0
  0
BLOCK_RECORD
  5
1FDA
330
1
100
AcDbSymbolTableRecord
100
AcDbBlockTableRecord
  2
*D102
340
0
 70
     0
280
     1
281
     0
  0
BLOCK_RECORD
  5
1FE6
330
1
100
AcDbSymbolTableRecord
100
AcDbBlockTableRecord
  2
*D103
340
0
 70
     0
280
     1
281
     0
  0
BLOCK_RECORD
  5
1FF2
330
1
100
AcDbSymbolTableRecord
100
AcDbBlockTableRecord
  2
*D104
340
0
 70
     0
280
     1
281
     0
  0
BLOCK_RECORD
  5
1FFE
330
1
100
AcDbSymbolTableRecord
100
AcDbBlockTableRecord
  2
*D105
340
0
 70
     0
280
     1
281
     0
  0
BLOCK_RECORD
  5
200A
330
1
100
AcDbSymbolTableRecord
100
AcDbBlockTableRecord
  2
*D106
340
0
 70
     0
280
     1
281
     0
  0
BLOCK_RECORD
  5
2016
330
1
100
AcDbSymbolTableRecord
100
AcDbBlockTableRecord
  2
*D107
340
0
 70
     0
280
     1
281
     0
  0
BLOCK_RECORD
  5
2022
330
1
100
AcDbSymbolTableRecord
100
AcDbBlockTableRecord
  2
*D108
340
0
 70
     0
280
     1
281
     0
  0
BLOCK_RECORD
  5
202E
330
1
100
AcDbSymbolTableRecord
100
AcDbBlockTableRecord
  2
*D109
340
0
 70
     0
280
     1
281
     0
  0
BLOCK_RECORD
  5
203A
330
1
100
AcDbSymbolTableRecord
100
AcDbBlockTableRecord
  2
*D110
340
0
 70
     0
280
     1
281
     0
  0
BLOCK_RECORD
  5
2046
330
1
100
AcDbSymbolTableRecord
100
AcDbBlockTableRecord
  2
*D111
340
0
 70
     0
280
     1
281
     0
  0
BLOCK_RECORD
  5
2052
330
1
100
AcDbSymbolTableRecord
100
AcDbBlockTableRecord
  2
*D112
340
0
 70
     0
280
     1
281
     0
  0
BLOCK_RECORD
  5
205E
330
1
100
AcDbSymbolTableRecord
100
AcDbBlockTableRecord
  2
*D113
340
0
 70
     0
280
     1
281
     0
  0
BLOCK_RECORD
  5
206A
330
1
100
AcDbSymbolTableRecord
100
AcDbBlockTableRecord
  2
*D114
340
0
 70
     0
280
     1
281
     0
  0
BLOCK_RECORD
  5
2076
330
1
100
AcDbSymbolTableRecord
100
AcDbBlockTableRecord
  2
*D115
340
0
 70
     0
280
     1
281
     0
  0
BLOCK_RECORD
  5
2082
330
1
100
AcDbSymbolTableRecord
100
AcDbBlockTableRecord
  2
*D116
340
0
 70
     0
280
     1
281
     0
  0
BLOCK_RECORD
  5
208E
330
1
100
AcDbSymbolTableRecord
100
AcDbBlockTableRecord
  2
*D117
340
0
 70
     0
280
     1
281
     0
  0
BLOCK_RECORD
  5
209A
330
1
100
AcDbSymbolTableRecord
100
AcDbBlockTableRecord
  2
*D118
340
0
 70
     0
280
     1
281
     0
  0
BLOCK_RECORD
  5
20A6
330
1
100
AcDbSymbolTableRecord
100
AcDbBlockTableRecord
  2
*D119
340
0
 70
     0
280
     1
281
     0
  0
BLOCK_RECORD
  5
20B2
330
1
100
AcDbSymbolTableRecord
100
AcDbBlockTableRecord
  2
*D120
340
0
 70
     0
280
     1
281
     0
  0
BLOCK_RECORD
  5
20BE
330
1
100
AcDbSymbolTableRecord
100
AcDbBlockTableRecord
  2
*D121
340
0
 70
     0
280
     1
281
     0
  0
BLOCK_RECORD
  5
20CA
330
1
100
AcDbSymbolTableRecord
100
AcDbBlockTableRecord
  2
*D122
340
0
 70
     0
280
     1
281
     0
  0
BLOCK_RECORD
  5
20D6
330
1
100
AcDbSymbolTableRecord
100
AcDbBlockTableRecord
  2
*D123
340
0
 70
     0
280
     1
281
     0
  0
BLOCK_RECORD
  5
20E2
330
1
100
AcDbSymbolTableRecord
100
AcDbBlockTableRecord
  2
*D124
340
0
 70
     0
280
     1
281
     0
  0
BLOCK_RECORD
  5
20EE
330
1
100
AcDbSymbolTableRecord
100
AcDbBlockTableRecord
  2
*D125
340
0
 70
     0
280
     1
281
     0
  0
BLOCK_RECORD
  5
20FA
330
1
100
AcDbSymbolTableRecord
100
AcDbBlockTableRecord
  2
*D126
340
0
 70
     0
280
     1
281
     0
  0
BLOCK_RECORD
  5
2106
330
1
100
AcDbSymbolTableRecord
100
AcDbBlockTableRecord
  2
*D127
340
0
 70
     0
280
     1
281
     0
  0
BLOCK_RECORD
  5
2112
330
1
100
AcDbSymbolTableRecord
100
AcDbBlockTableRecord
  2
*D128
340
0
 70
     0
280
     1
281
     0
  0
BLOCK_RECORD
  5
211E
330
1
100
AcDbSymbolTableRecord
100
AcDbBlockTableRecord
  2
*D129
340
0
 70
     0
280
     1
281
     0
  0
BLOCK_RECORD
  5
212A
330
1
100
AcDbSymbolTableRecord
100
AcDbBlockTableRecord
  2
*D130
340
0
 70
     0
280
     1
281
     0
  0
BLOCK_RECORD
  5
2136
330
1
100
AcDbSymbolTableRecord
100
AcDbBlockTableRecord
  2
*D131
340
0
 70
     0
280
     1
281
     0
  0
BLOCK_RECORD
  5
2142
330
1
100
AcDbSymbolTableRecord
100
AcDbBlockTableRecord
  2
*D132
340
0
 70
     0
280
     1
281
     0
  0
BLOCK_RECORD
  5
214E
330
1
100
AcDbSymbolTableRecord
100
AcDbBlockTableRecord
  2
*D133
340
0
 70
     0
280
     1
281
     0
  0
BLOCK_RECORD
  5
215A
330
1
100
AcDbSymbolTableRecord
100
AcDbBlockTableRecord
  2
*D134
340
0
 70
     0
280
     1
281
     0
  0
BLOCK_RECORD
  5
2166
330
1
100
AcDbSymbolTableRecord
100
AcDbBlockTableRecord
  2
*D135
340
0
 70
     0
280
     1
281
     0
  0
BLOCK_RECORD
  5
2172
330
1
100
AcDbSymbolTableRecord
100
AcDbBlockTableRecord
  2
*D136
340
0
 70
     0
280
     1
281
     0
  0
BLOCK_RECORD
  5
217E
330
1
100
AcDbSymbolTableRecord
100
AcDbBlockTableRecord
  2
*D137
340
0
 70
     0
280
     1
281
     0
  0
BLOCK_RECORD
  5
218A
330
1
100
AcDbSymbolTableRecord
100
AcDbBlockTableRecord
  2
*D138
340
0
 70
     0
280
     1
281
     0
  0
BLOCK_RECORD
  5
2196
330
1
100
AcDbSymbolTableRecord
100
AcDbBlockTableRecord
  2
*D139
340
0
 70
     0
280
     1
281
     0
  0
BLOCK_RECORD
  5
21A2
330
1
100
AcDbSymbolTableRecord
100
AcDbBlockTableRecord
  2
*D140
340
0
 70
     0
280
     1
281
     0
  0
BLOCK_RECORD
  5
21AE
330
1
100
AcDbSymbolTableRecord
100
AcDbBlockTableRecord
  2
*D141
340
0
 70
     0
280
     1
281
     0
  0
ENDTAB
  0
ENDSEC
  0
SECTION
  2
BLOCKS
  0
BLOCK
  5
20
330
1F
100
AcDbEntity
  8
0
100
AcDbBlockBegin
  2
*Model_Space
 70
     0
 10
0.0
 20
0.0
 30
0.0
  3
*Model_Space
  1

  0
ENDBLK
  5
21
330
1F
100
AcDbEntity
  8
0
100
AcDbBlockEnd
  0
BLOCK
  5
5A
330
58
100
AcDbEntity
 67
     1
  8
0
100
AcDbBlockBegin
  2
*Paper_Space
 70
     0
 10
0.0
 20
0.0
 30
0.0
  3
*Paper_Space
  1

  0
ENDBLK
  5
5B
330
58
100
AcDbEntity
 67
     1
  8
0
100
AcDbBlockEnd
  0
BLOCK
  5
5F
330
5D
100
AcDbEntity
 67
     1
  8
0
100
AcDbBlockBegin
  2
*Paper_Space0
 70
     0
 10
0.0
 20
0.0
 30
0.0
  3
*Paper_Space0
  1

  0
ENDBLK
  5
60
330
5D
100
AcDbEntity
 67
     1
  8
0
100
AcDbBlockEnd
  0
BLOCK
  5
8CF
330
8CE
100
AcDbEntity
  8
0
100
AcDbBlockBegin
  2
*D1
 70
     1
 10
0.0
 20
0.0
 30
0.0
  3
*D1
  1

  0
LINE
  5
8D0
330
8CE
100
AcDbEntity
  8
0
 62
     0
440
 16777216
370
    -2
100
AcDbLine
 10
386.6613009444592
 20
226.4288717929858
 30
0.0
 11
386.6613009444592
 21
459.0060514949145
 31
0.0
  0
LINE
  5
8D1
330
8CE
100
AcDbEntity
  8
0
 62
     0
440
 16777216
370
    -2
100
AcDbLine
 10
186.6613009444591
 20
226.4288717929858
 30
0.0
 11
186.6613009444592
 21
459.0060514949145
 31
0.0
  0
LINE
  5
8D2
330
8CE
100
AcDbEntity
  8
0
 62
     0
440
 16777216
370
    -2
100
AcDbLine
 10
350.6613009444592
 20
423.0060514949145
 30
0.0
 11
222.6613009444592
 21
423.0060514949145
 31
0.0
  0
SOLID
  5
8D3
330
8CE
100
AcDbEntity
  8
0
 62
     0
440
 16777216
100
AcDbTrace
 10
350.6613009444592
 20
429.0060514949145
 30
0.0
 11
350.6613009444592
 21
417.0060514949145
 31
0.0
 12
386.6613009444592
 22
423.0060514949145
 32
0.0
 13
386.6613009444592
 23
423.0060514949145
 33
0.0
  0
SOLID
  5
8D4
330
8CE
100
AcDbEntity
  8
0
 62
     0
440
 16777216
100
AcDbTrace
 10
222.6613009444592
 20
429.0060514949145
 30
0.0
 11
222.6613009444592
 21
417.0060514949145
 31
0.0
 12
186.6613009444591
 22
423.0060514949145
 32
0.0
 13
186.6613009444591
 23
423.0060514949145
 33
0.0
  0
MTEXT
  5
8D5
330
8CE
100
AcDbEntity
  8
0
 62
     0
440
 16777216
370
    13
100
AcDbMText
 10
286.6613009444592
 20
459.3866790528955
 30
0.0
 40
36.0
 41
0.0
 46
0.0
 71
     5
 72
     1
  1
\A1;200
 73
     1
 44
1.0
  0
POINT
  5
8D6
330
8CE
100
AcDbEntity
  8
Defpoints
 62
     0
440
 16777216
100
AcDbPoint
 10
386.6613009444592
 20
213.9288717929858
 30
0.0
  0
POINT
  5
8D7
330
8CE
100
AcDbEntity
  8
Defpoints
 62
     0
440
 16777216
100
AcDbPoint
 10
186.6613009444591
 20
213.9288717929858
 30
0.0
  0
POINT
  5
8D8
330
8CE
100
AcDbEntity
  8
Defpoints
 62
     0
440
 16777216
100
AcDbPoint
 10
186.6613009444591
 20
423.0060514949145
 30
0.0
  0
ENDBLK
  5
8D9
330
8CE
100
AcDbEntity
  8
0
100
AcDbBlockEnd
  0
BLOCK
  5
8DB
330
8DA
100
AcDbEntity
  8
0
100
AcDbBlockBegin
  2
*D2
 70
     1
 10
0.0
 20
0.0
 30
0.0
  3
*D2
  1

  0
LINE
  5
8DC
330
8DA
100
AcDbEntity
  8
0
 62
     0
440
 16777216
370
    -2
100
AcDbLine
 10
386.6613009444592
 20
226.4288717929858
 30
0.0
 11
386.6613009444592
 21
459.0060514949145
 31
0.0
  0
LINE
  5
8DD
330
8DA
100
AcDbEntity
  8
0
 62
     0
440
 16777216
370
    -2
100
AcDbLine
 10
836.661300944459
 20
226.4288717929858
 30
0.0
 11
836.661300944459
 21
459.0060514949145
 31
0.0
  0
LINE
  5
8DE
330
8DA
100
AcDbEntity
  8
0
 62
     0
440
 16777216
370
    -2
100
AcDbLine
 10
422.6613009444592
 20
423.0060514949145
 30
0.0
 11
800.6613009444588
 21
423.0060514949145
 31
0.0
  0
SOLID
  5
8DF
330
8DA
100
AcDbEntity
  8
0
 62
     0
440
 16777216
100
AcDbTrace
 10
422.6613009444592
 20
429.0060514949145
 30
0.0
 11
422.6613009444592
 21
417.0060514949145
 31
0.0
 12
386.6613009444592
 22
423.0060514949145
 32
0.0
 13
386.6613009444592
 23
423.0060514949145
 33
0.0
  0
SOLID
  5
8E0
330
8DA
100
AcDbEntity
  8
0
 62
     0
440
 16777216
100
AcDbTrace
 10
800.6613009444588
 20
429.0060514949145
 30
0.0
 11
800.6613009444588
 21
417.0060514949145
 31
0.0
 12
836.661300944459
 22
423.0060514949145
 32
0.0
 13
836.661300944459
 23
423.0060514949145
 33
0.0
  0
MTEXT
  5
8E1
330
8DA
100
AcDbEntity
  8
0
 62
     0
440
 16777216
370
    13
100
AcDbMText
 10
611.661300944459
 20
459.3866790528955
 30
0.0
 40
36.0
 41
0.0
 46
0.0
 71
     5
 72
     1
  1
\A1;450
 73
     1
 44
1.0
  0
POINT
  5
8E2
330
8DA
100
AcDbEntity
  8
Defpoints
 62
     0
440
 16777216
100
AcDbPoint
 10
386.6613009444592
 20
213.9288717929858
 30
0.0
  0
POINT
  5
8E3
330
8DA
100
AcDbEntity
  8
Defpoints
 62
     0
440
 16777216
100
AcDbPoint
 10
836.661300944459
 20
213.9288717929858
 30
0.0
  0
POINT
  5
8E4
330
8DA
100
AcDbEntity
  8
Defpoints
 62
     0
440
 16777216
100
AcDbPoint
 10
836.661300944459
 20
423.0060514949145
 30
0.0
  0
ENDBLK
  5
8E5
330
8DA
100
AcDbEntity
  8
0
100
AcDbBlockEnd
  0
BLOCK
  5
8E7
330
8E6
100
AcDbEntity
  8
0
100
AcDbBlockBegin
  2
*D3
 70
     1
 10
0.0
 20
0.0
 30
0.0
  3
*D3
  1

  0
LINE
  5
8E8
330
8E6
100
AcDbEntity
  8
0
 62
     0
440
 16777216
370
    -2
100
AcDbLine
 10
836.661300944459
 20
226.4288717929858
 30
0.0
 11
836.661300944459
 21
455.3262491519708
 31
0.0
  0
LINE
  5
8E9
330
8E6
100
AcDbEntity
  8
0
 62
     0
440
 16777216
370
    -2
100
AcDbLine
 10
1286.293964045175
 20
226.4288717929857
 30
0.0
 11
1286.293964045175
 21
455.3262491519708
 31
0.0
  0
LINE
  5
8EA
330
8E6
100
AcDbEntity
  8
0
 62
     0
440
 16777216
370
    -2
100
AcDbLine
 10
872.6613009444589
 20
419.3262491519708
 30
0.0
 11
1250.293964045175
 21
419.3262491519708
 31
0.0
  0
SOLID
  5
8EB
330
8E6
100
AcDbEntity
  8
0
 62
     0
440
 16777216
100
AcDbTrace
 10
872.6613009444589
 20
425.3262491519708
 30
0.0
 11
872.6613009444589
 21
413.3262491519708
 31
0.0
 12
836.661300944459
 22
419.3262491519708
 32
0.0
 13
836.661300944459
 23
419.3262491519708
 33
0.0
  0
SOLID
  5
8EC
330
8E6
100
AcDbEntity
  8
0
 62
     0
440
 16777216
100
AcDbTrace
 10
1250.293964045175
 20
425.3262491519708
 30
0.0
 11
1250.293964045175
 21
413.3262491519708
 31
0.0
 12
1286.293964045175
 22
419.3262491519708
 32
0.0
 13
1286.293964045175
 23
419.3262491519708
 33
0.0
  0
MTEXT
  5
8ED
330
8E6
100
AcDbEntity
  8
0
 62
     0
440
 16777216
370
    13
100
AcDbMText
 10
1061.477632494817
 20
455.7068767099517
 30
0.0
 40
36.0
 41
0.0
 46
0.0
 71
     5
 72
     1
  1
\A1;450
 73
     1
 44
1.0
  0
POINT
  5
8EE
330
8E6
100
AcDbEntity
  8
Defpoints
 62
     0
440
 16777216
100
AcDbPoint
 10
836.661300944459
 20
213.9288717929858
 30
0.0
  0
POINT
  5
8EF
330
8E6
100
AcDbEntity
  8
Defpoints
 62
     0
440
 16777216
100
AcDbPoint
 10
1286.293964045175
 20
213.9288717929857
 30
0.0
  0
POINT
  5
8F0
330
8E6
100
AcDbEntity
  8
Defpoints
 62
     0
440
 16777216
100
AcDbPoint
 10
1286.293964045175
 20
419.3262491519708
 30
0.0
  0
ENDBLK
  5
8F1
330
8E6
100
AcDbEntity
  8
0
100
AcDbBlockEnd
  0
BLOCK
  5
8F3
330
8F2
100
AcDbEntity
  8
0
100
AcDbBlockBegin
  2
*D4
 70
     1
 10
0.0
 20
0.0
 30
0.0
  3
*D4
  1

  0
LINE
  5
8F4
330
8F2
100
AcDbEntity
  8
0
 62
     0
440
 16777216
370
    -2
100
AcDbLine
 10
291.5910044537924
 20
113.9288717929858
 30
0.0
 11
-124.338799784964
 21
113.9288717929859
 31
0.0
  0
LINE
  5
8F5
330
8F2
100
AcDbEntity
  8
0
 62
     0
440
 16777216
370
    -2
100
AcDbLine
 10
291.5910044537924
 20
13.92887179298577
 30
0.0
 11
-124.338799784964
 21
13.92887179298589
 31
0.0
  0
LINE
  5
8F6
330
8F2
100
AcDbEntity
  8
0
 62
     0
440
 16777216
370
    -2
100
AcDbLine
 10
-88.33879978496405
 20
149.9288717929859
 30
0.0
 11
-88.33879978496403
 21
185.9288717929859
 31
0.0
  0
LINE
  5
8F7
330
8F2
100
AcDbEntity
  8
0
 62
     0
440
 16777216
370
    -2
100
AcDbLine
 10
-88.33879978496408
 20
-22.07112820701411
 30
0.0
 11
-88.33879978496412
 21
-170.0984133366185
 31
0.0
  0
SOLID
  5
8F8
330
8F2
100
AcDbEntity
  8
0
 62
     0
440
 16777216
100
AcDbTrace
 10
-94.33879978496404
 20
149.9288717929859
 30
0.0
 11
-82.33879978496405
 21
149.9288717929859
 31
0.0
 12
-88.33879978496405
 22
113.9288717929859
 32
0.0
 13
-88.33879978496405
 23
113.9288717929859
 33
0.0
  0
SOLID
  5
8F9
330
8F2
100
AcDbEntity
  8
0
 62
     0
440
 16777216
100
AcDbTrace
 10
-94.33879978496408
 20
-22.07112820701411
 30
0.0
 11
-82.33879978496409
 21
-22.07112820701412
 31
0.0
 12
-88.33879978496408
 22
13.92887179298588
 32
0.0
 13
-88.33879978496408
 23
13.92887179298588
 33
0.0
  0
MTEXT
  5
8FA
330
8F2
100
AcDbEntity
  8
0
 62
     0
440
 16777216
370
    13
100
AcDbMText
 10
-124.719427342945
 20
-114.0847707718163
 30
0.0
 40
36.0
 41
0.0
 46
0.0
 71
     5
 72
     1
  1
\A1;100
 11
0.0000000000000001
 21
1.0
 31
0.0
 73
     1
 44
1.0
  0
POINT
  5
8FB
330
8F2
100
AcDbEntity
  8
Defpoints
 62
     0
440
 16777216
100
AcDbPoint
 10
304.0910044537924
 20
113.9288717929858
 30
0.0
  0
POINT
  5
8FC
330
8F2
100
AcDbEntity
  8
Defpoints
 62
     0
440
 16777216
100
AcDbPoint
 10
304.0910044537924
 20
13.92887179298577
 30
0.0
  0
POINT
  5
8FD
330
8F2
100
AcDbEntity
  8
Defpoints
 62
     0
440
 16777216
100
AcDbPoint
 10
-88.33879978496408
 20
13.92887179298588
 30
0.0
  0
ENDBLK
  5
8FE
330
8F2
100
AcDbEntity
  8
0
100
AcDbBlockEnd
  0
BLOCK
  5
900
330
8FF
100
AcDbEntity
  8
0
100
AcDbBlockBegin
  2
*D5
 70
     1
 10
0.0
 20
0.0
 30
0.0
  3
*D5
  1

  0
LINE
  5
901
330
8FF
100
AcDbEntity
  8
0
 62
     0
440
 16777216
370
    -2
100
AcDbLine
 10
174.1613009444591
 20
213.9288717929858
 30
0.0
 11
-160.338799784964
 21
213.9288717929859
 31
0.0
  0
LINE
  5
902
330
8FF
100
AcDbEntity
  8
0
 62
     0
440
 16777216
370
    -2
100
AcDbLine
 10
91.59100445379243
 20
113.9288717929858
 30
0.0
 11
-160.338799784964
 21
113.9288717929858
 31
0.0
  0
LINE
  5
903
330
8FF
100
AcDbEntity
  8
0
 62
     0
440
 16777216
370
    -2
100
AcDbLine
 10
-124.338799784964
 20
77.92887179298585
 30
0.0
 11
-124.338799784964
 21
41.92887179298584
 31
0.0
  0
LINE
  5
904
330
8FF
100
AcDbEntity
  8
0
 62
     0
440
 16777216
370
    -2
100
AcDbLine
 10
-124.338799784964
 20
249.9288717929859
 30
0.0
 11
-124.338799784964
 21
397.9561569225902
 31
0.0
  0
SOLID
  5
905
330
8FF
100
AcDbEntity
  8
0
 62
     0
440
 16777216
100
AcDbTrace
 10
-130.338799784964
 20
77.92887179298585
 30
0.0
 11
-118.338799784964
 21
77.92887179298585
 31
0.0
 12
-124.338799784964
 22
113.9288717929858
 32
0.0
 13
-124.338799784964
 23
113.9288717929858
 33
0.0
  0
SOLID
  5
906
330
8FF
100
AcDbEntity
  8
0
 62
     0
440
 16777216
100
AcDbTrace
 10
-130.338799784964
 20
249.9288717929859
 30
0.0
 11
-118.338799784964
 21
249.9288717929859
 31
0.0
 12
-124.338799784964
 22
213.9288717929859
 32
0.0
 13
-124.338799784964
 23
213.9288717929859
 33
0.0
  0
MTEXT
  5
907
330
8FF
100
AcDbEntity
  8
0
 62
     0
440
 16777216
370
    13
100
AcDbMText
 10
-160.7194273429449
 20
341.942514357788
 30
0.0
 40
36.0
 41
0.0
 46
0.0
 71
     5
 72
     1
  1
\A1;100
 11
0.0000000000000001
 21
1.0
 31
0.0
 73
     1
 44
1.0
  0
POINT
  5
908
330
8FF
100
AcDbEntity
  8
Defpoints
 62
     0
440
 16777216
100
AcDbPoint
 10
186.6613009444591
 20
213.9288717929858
 30
0.0
  0
POINT
  5
909
330
8FF
100
AcDbEntity
  8
Defpoints
 62
     0
440
 16777216
100
AcDbPoint
 10
104.0910044537924
 20
113.9288717929858
 30
0.0
  0
POINT
  5
90A
330
8FF
100
AcDbEntity
  8
Defpoints
 62
     0
440
 16777216
100
AcDbPoint
 10
-124.338799784964
 20
113.9288717929858
 30
0.0
  0
ENDBLK
  5
90B
330
8FF
100
AcDbEntity
  8
0
100
AcDbBlockEnd
  0
BLOCK
  5
90D
330
90C
100
AcDbEntity
  8
0
100
AcDbBlockBegin
  2
*D6
 70
     1
 10
0.0
 20
0.0
 30
0.0
  3
*D6
  1

  0
LINE
  5
90E
330
90C
100
AcDbEntity
  8
0
 62
     0
440
 16777216
370
    -2
100
AcDbLine
 10
104.0910044537924
 20
101.4288717929858
 30
0.0
 11
104.0910044537924
 21
14.52102955386726
 31
0.0
  0
LINE
  5
90F
330
90C
100
AcDbEntity
  8
0
 62
     0
440
 16777216
370
    -2
100
AcDbLine
 10
304.0910044537924
 20
101.4288717929858
 30
0.0
 11
304.0910044537924
 21
14.52102955386726
 31
0.0
  0
LINE
  5
910
330
90C
100
AcDbEntity
  8
0
 62
     0
440
 16777216
370
    -2
100
AcDbLine
 10
140.0910044537924
 20
50.52102955386726
 30
0.0
 11
268.0910044537924
 21
50.52102955386726
 31
0.0
  0
SOLID
  5
911
330
90C
100
AcDbEntity
  8
0
 62
     0
440
 16777216
100
AcDbTrace
 10
140.0910044537924
 20
56.52102955386727
 30
0.0
 11
140.0910044537924
 21
44.52102955386727
 31
0.0
 12
104.0910044537924
 22
50.52102955386726
 32
0.0
 13
104.0910044537924
 23
50.52102955386726
 33
0.0
  0
SOLID
  5
912
330
90C
100
AcDbEntity
  8
0
 62
     0
440
 16777216
100
AcDbTrace
 10
268.0910044537924
 20
56.52102955386727
 30
0.0
 11
268.0910044537924
 21
44.52102955386727
 31
0.0
 12
304.0910044537924
 22
50.52102955386726
 32
0.0
 13
304.0910044537924
 23
50.52102955386726
 33
0.0
  0
MTEXT
  5
913
330
90C
100
AcDbEntity
  8
0
 62
     0
440
 16777216
370
    13
100
AcDbMText
 10
204.0910044537925
 20
86.90165711184816
 30
0.0
 40
36.0
 41
0.0
 46
0.0
 71
     5
 72
     1
  1
\A1;200
 73
     1
 44
1.0
  0
POINT
  5
914
330
90C
100
AcDbEntity
  8
Defpoints
 62
     0
440
 16777216
100
AcDbPoint
 10
104.0910044537924
 20
113.9288717929858
 30
0.0
  0
POINT
  5
915
330
90C
100
AcDbEntity
  8
Defpoints
 62
     0
440
 16777216
100
AcDbPoint
 10
304.0910044537924
 20
113.9288717929858
 30
0.0
  0
POINT
  5
916
330
90C
100
AcDbEntity
  8
Defpoints
 62
     0
440
 16777216
100
AcDbPoint
 10
304.0910044537924
 20
50.52102955386726
 30
0.0
  0
ENDBLK
  5
917
330
90C
100
AcDbEntity
  8
0
100
AcDbBlockEnd
  0
BLOCK
  5
919
330
918
100
AcDbEntity
  8
0
100
AcDbBlockBegin
  2
*D7
 70
     1
 10
0.0
 20
0.0
 30
0.0
  3
*D7
  1

  0
LINE
  5
91A
330
918
100
AcDbEntity
  8
0
 62
     0
440
 16777216
370
    -2
100
AcDbLine
 10
304.0910044537924
 20
101.4288717929858
 30
0.0
 11
304.0910044537924
 21
15.34699305890535
 31
0.0
  0
LINE
  5
91B
330
918
100
AcDbEntity
  8
0
 62
     0
440
 16777216
370
    -2
100
AcDbLine
 10
754.0910044537923
 20
101.4288717929858
 30
0.0
 11
754.0910044537923
 21
15.34699305890535
 31
0.0
  0
LINE
  5
91C
330
918
100
AcDbEntity
  8
0
 62
     0
440
 16777216
370
    -2
100
AcDbLine
 10
340.0910044537925
 20
51.34699305890535
 30
0.0
 11
718.0910044537924
 21
51.34699305890535
 31
0.0
  0
SOLID
  5
91D
330
918
100
AcDbEntity
  8
0
 62
     0
440
 16777216
100
AcDbTrace
 10
340.0910044537925
 20
57.34699305890536
 30
0.0
 11
340.0910044537925
 21
45.34699305890535
 31
0.0
 12
304.0910044537924
 22
51.34699305890535
 32
0.0
 13
304.0910044537924
 23
51.34699305890535
 33
0.0
  0
SOLID
  5
91E
330
918
100
AcDbEntity
  8
0
 62
     0
440
 16777216
100
AcDbTrace
 10
718.0910044537924
 20
57.34699305890536
 30
0.0
 11
718.0910044537924
 21
45.34699305890535
 31
0.0
 12
754.0910044537923
 22
51.34699305890535
 32
0.0
 13
754.0910044537923
 23
51.34699305890535
 33
0.0
  0
MTEXT
  5
91F
330
918
100
AcDbEntity
  8
0
 62
     0
440
 16777216
370
    13
100
AcDbMText
 10
529.0910044537923
 20
87.72762061688625
 30
0.0
 40
36.0
 41
0.0
 46
0.0
 71
     5
 72
     1
  1
\A1;450
 73
     1
 44
1.0
  0
POINT
  5
920
330
918
100
AcDbEntity
  8
Defpoints
 62
     0
440
 16777216
100
AcDbPoint
 10
304.0910044537924
 20
113.9288717929858
 30
0.0
  0
POINT
  5
921
330
918
100
AcDbEntity
  8
Defpoints
 62
     0
440
 16777216
100
AcDbPoint
 10
754.0910044537923
 20
113.9288717929858
 30
0.0
  0
POINT
  5
922
330
918
100
AcDbEntity
  8
Defpoints
 62
     0
440
 16777216
100
AcDbPoint
 10
754.0910044537923
 20
51.34699305890535
 30
0.0
  0
ENDBLK
  5
923
330
918
100
AcDbEntity
  8
0
100
AcDbBlockEnd
  0
BLOCK
  5
925
330
924
100
AcDbEntity
  8
0
100
AcDbBlockBegin
  2
*D8
 70
     1
 10
0.0
 20
0.0
 30
0.0
  3
*D8
  1

  0
LINE
  5
926
330
924
100
AcDbEntity
  8
0
 62
     0
440
 16777216
370
    -2
100
AcDbLine
 10
754.0910044537922
 20
101.4288717929858
 30
0.0
 11
754.0910044537922
 21
13.50710252005956
 31
0.0
  0
LINE
  5
927
330
924
100
AcDbEntity
  8
0
 62
     0
440
 16777216
370
    -2
100
AcDbLine
 10
1203.723667554508
 20
101.4288717929857
 30
0.0
 11
1203.723667554508
 21
13.50710252005956
 31
0.0
  0
LINE
  5
928
330
924
100
AcDbEntity
  8
0
 62
     0
440
 16777216
370
    -2
100
AcDbLine
 10
790.0910044537923
 20
49.50710252005956
 30
0.0
 11
1167.723667554508
 21
49.50710252005956
 31
0.0
  0
SOLID
  5
929
330
924
100
AcDbEntity
  8
0
 62
     0
440
 16777216
100
AcDbTrace
 10
790.0910044537923
 20
55.50710252005956
 30
0.0
 11
790.0910044537923
 21
43.50710252005955
 31
0.0
 12
754.0910044537922
 22
49.50710252005956
 32
0.0
 13
754.0910044537922
 23
49.50710252005956
 33
0.0
  0
SOLID
  5
92A
330
924
100
AcDbEntity
  8
0
 62
     0
440
 16777216
100
AcDbTrace
 10
1167.723667554508
 20
55.50710252005956
 30
0.0
 11
1167.723667554508
 21
43.50710252005955
 31
0.0
 12
1203.723667554508
 22
49.50710252005956
 32
0.0
 13
1203.723667554508
 23
49.50710252005956
 33
0.0
  0
MTEXT
  5
92B
330
924
100
AcDbEntity
  8
0
 62
     0
440
 16777216
370
    13
100
AcDbMText
 10
978.9073360041504
 20
85.88773007804046
 30
0.0
 40
36.0
 41
0.0
 46
0.0
 71
     5
 72
     1
  1
\A1;450
 73
     1
 44
1.0
  0
POINT
  5
92C
330
924
100
AcDbEntity
  8
Defpoints
 62
     0
440
 16777216
100
AcDbPoint
 10
754.0910044537922
 20
113.9288717929858
 30
0.0
  0
POINT
  5
92D
330
924
100
AcDbEntity
  8
Defpoints
 62
     0
440
 16777216
100
AcDbPoint
 10
1203.723667554508
 20
113.9288717929857
 30
0.0
  0
POINT
  5
92E
330
924
100
AcDbEntity
  8
Defpoints
 62
     0
440
 16777216
100
AcDbPoint
 10
1203.723667554508
 20
49.50710252005956
 30
0.0
  0
ENDBLK
  5
92F
330
924
100
AcDbEntity
  8
0
100
AcDbBlockEnd
  0
BLOCK
  5
931
330
930
100
AcDbEntity
  8
0
100
AcDbBlockBegin
  2
*D9
 70
     1
 10
0.0
 20
0.0
 30
0.0
  3
*D9
  1

  0
LINE
  5
932
330
930
100
AcDbEntity
  8
0
 62
     0
440
 16777216
370
    -2
100
AcDbLine
 10
1166.702415021126
 20
350.1133648913237
 30
0.0
 11
879.1835445477275
 21
231.4747772681744
 31
0.0
  0
MTEXT
  5
933
330
930
100
AcDbEntity
  8
0
 62
     0
440
 16777216
370
    13
100
AcDbMText
 10
1025.321321991971
 20
332.2206907721159
 30
0.0
 40
36.0
 41
0.0
 46
0.0
 71
     5
 72
     1
  1
\A1;∅20 -6{\fArial|b0|i0|c204|p34;отв.}
 11
0.9243966000710623
 21
0.3814327277214955
 31
0.0
 73
     1
 44
1.0
  0
SOLID
  5
934
330
930
100
AcDbEntity
  8
0
 62
     0
440
 16777216
100
AcDbTrace
 10
876.8949481813985
 20
237.0211568686008
 30
0.0
 11
881.4721409140565
 21
225.928397667748
 31
0.0
 12
845.9052669451692
 22
217.7431990702006
 32
0.0
 13
845.9052669451692
 23
217.7431990702006
 33
0.0
  0
LINE
  5
935
330
930
100
AcDbEntity
  8
0
 62
     0
440
 16777216
370
    -2
100
AcDbLine
 10
818.6613009444588
 20
213.9288717929857
 30
0.0
 11
854.6613009444589
 21
213.9288717929856
 31
0.0
  0
LINE
  5
936
330
930
100
AcDbEntity
  8
0
 62
     0
440
 16777216
370
    -2
100
AcDbLine
 10
836.6613009444588
 20
195.9288717929856
 30
0.0
 11
836.6613009444588
 21
231.9288717929857
 31
0.0
  0
POINT
  5
937
330
930
100
AcDbEntity
  8
Defpoints
 62
     0
440
 16777216
100
AcDbPoint
 10
845.9052669451692
 20
217.7431990702006
 30
0.0
  0
POINT
  5
938
330
930
100
AcDbEntity
  8
Defpoints
 62
     0
440
 16777216
100
AcDbPoint
 10
827.4173349437482
 20
210.1145445157707
 30
0.0
  0
ENDBLK
  5
939
330
930
100
AcDbEntity
  8
0
100
AcDbBlockEnd
  0
BLOCK
  5
93B
330
93A
100
AcDbEntity
  8
0
100
AcDbBlockBegin
  2
*D10
 70
     1
 10
0.0
 20
0.0
 30
0.0
  3
*D10
  1

  0
LINE
  5
93C
330
93A
100
AcDbEntity
  8
0
 62
     0
440
 16777216
370
    -2
100
AcDbLine
 10
1334.020707963126
 20
13.92887179298577
 30
0.0
 11
2592.334316246089
 21
13.92887179298541
 31
0.0
  0
LINE
  5
93D
330
93A
100
AcDbEntity
  8
0
 62
     0
440
 16777216
370
    -2
100
AcDbLine
 10
2242.293969360459
 20
1113.928871792985
 30
0.0
 11
2592.334316246089
 21
1113.928871792985
 31
0.0
  0
LINE
  5
93E
330
93A
100
AcDbEntity
  8
0
 62
     0
440
 16777216
370
    -2
100
AcDbLine
 10
2556.334316246089
 20
49.92887179298541
 30
0.0
 11
2556.334316246089
 21
1077.928871792985
 31
0.0
  0
SOLID
  5
93F
330
93A
100
AcDbEntity
  8
0
 62
     0
440
 16777216
100
AcDbTrace
 10
2550.334316246089
 20
49.92887179298541
 30
0.0
 11
2562.334316246089
 21
49.92887179298541
 31
0.0
 12
2556.334316246089
 22
13.92887179298542
 32
0.0
 13
2556.334316246089
 23
13.92887179298542
 33
0.0
  0
SOLID
  5
940
330
93A
100
AcDbEntity
  8
0
 62
     0
440
 16777216
100
AcDbTrace
 10
2550.33431624609
 20
1077.928871792985
 30
0.0
 11
2562.334316246089
 21
1077.928871792985
 31
0.0
 12
2556.334316246089
 22
1113.928871792985
 32
0.0
 13
2556.334316246089
 23
1113.928871792985
 33
0.0
  0
MTEXT
  5
941
330
93A
100
AcDbEntity
  8
0
 62
     0
440
 16777216
370
    13
100
AcDbMText
 10
2519.953688688108
 20
563.9288717929859
 30
0.0
 40
36.0
 41
0.0
 46
0.0
 71
     5
 72
     1
  1
\A1;1100
 11
0.0000000000000001
 21
1.0
 31
0.0
 73
     1
 44
1.0
  0
POINT
  5
942
330
93A
100
AcDbEntity
  8
Defpoints
 62
     0
440
 16777216
100
AcDbPoint
 10
1321.520707963126
 20
13.92887179298577
 30
0.0
  0
POINT
  5
943
330
93A
100
AcDbEntity
  8
Defpoints
 62
     0
440
 16777216
100
AcDbPoint
 10
2229.793969360459
 20
1113.928871792985
 30
0.0
  0
POINT
  5
944
330
93A
100
AcDbEntity
  8
Defpoints
 62
     0
440
 16777216
100
AcDbPoint
 10
2556.334316246089
 20
1113.928871792985
 30
0.0
  0
ENDBLK
  5
945
330
93A
100
AcDbEntity
  8
0
100
AcDbBlockEnd
  0
BLOCK
  5
947
330
946
100
AcDbEntity
  8
0
100
AcDbBlockBegin
  2
*D11
 70
     1
 10
0.0
 20
0.0
 30
0.0
  3
*D11
  1

  0
LINE
  5
948
330
946
100
AcDbEntity
  8
0
 62
     0
440
 16777216
370
    -2
100
AcDbLine
 10
21.52070796312571
 20
1.428871792985773
 30
0.0
 11
21.52070796312568
 21
-337.899996799988
 31
0.0
  0
LINE
  5
949
330
946
100
AcDbEntity
  8
0
 62
     0
440
 16777216
370
    -2
100
AcDbLine
 10
2229.793969360459
 20
1101.428871792985
 30
0.0
 11
2229.793969360459
 21
-337.899996799988
 31
0.0
  0
LINE
  5
94A
330
946
100
AcDbEntity
  8
0
 62
     0
440
 16777216
370
    -2
100
AcDbLine
 10
57.52070796312569
 20
-301.899996799988
 30
0.0
 11
2193.793969360459
 21
-301.899996799988
 31
0.0
  0
SOLID
  5
94B
330
946
100
AcDbEntity
  8
0
 62
     0
440
 16777216
100
AcDbTrace
 10
57.52070796312569
 20
-295.899996799988
 30
0.0
 11
57.52070796312569
 21
-307.899996799988
 31
0.0
 12
21.52070796312569
 22
-301.899996799988
 32
0.0
 13
21.52070796312569
 23
-301.899996799988
 33
0.0
  0
SOLID
  5
94C
330
946
100
AcDbEntity
  8
0
 62
     0
440
 16777216
100
AcDbTrace
 10
2193.793969360459
 20
-295.899996799988
 30
0.0
 11
2193.793969360459
 21
-307.899996799988
 31
0.0
 12
2229.793969360459
 22
-301.899996799988
 32
0.0
 13
2229.793969360459
 23
-301.899996799988
 33
0.0
  0
MTEXT
  5
94D
330
946
100
AcDbEntity
  8
0
 62
     0
440
 16777216
370
    13
100
AcDbMText
 10
1125.657338661792
 20
-265.5193692420071
 30
0.0
 40
36.0
 41
0.0
 46
0.0
 71
     5
 72
     1
  1
\A1;2208
 73
     1
 44
1.0
  0
POINT
  5
94E
330
946
100
AcDbEntity
  8
Defpoints
 62
     0
440
 16777216
100
AcDbPoint
 10
21.52070796312571
 20
13.92887179298577
 30
0.0
  0
POINT
  5
94F
330
946
100
AcDbEntity
  8
Defpoints
 62
     0
440
 16777216
100
AcDbPoint
 10
2229.793969360459
 20
1113.928871792985
 30
0.0
  0
POINT
  5
950
330
946
100
AcDbEntity
  8
Defpoints
 62
     0
440
 16777216
100
AcDbPoint
 10
2229.793969360459
 20
-301.899996799988
 30
0.0
  0
ENDBLK
  5
951
330
946
100
AcDbEntity
  8
0
100
AcDbBlockEnd
  0
BLOCK
  5
953
330
952
100
AcDbEntity
  8
0
100
AcDbBlockBegin
  2
*D12
 70
     1
 10
0.0
 20
0.0
 30
0.0
  3
*D12
  1

  0
LINE
  5
954
330
952
100
AcDbEntity
  8
0
 62
     0
440
 16777216
370
    -2
100
AcDbLine
 10
21.52070796312571
 20
1.428871792985773
 30
0.0
 11
21.52070796312569
 21
-216.7919628411473
 31
0.0
  0
LINE
  5
955
330
952
100
AcDbEntity
  8
0
 62
     0
440
 16777216
370
    -2
100
AcDbLine
 10
1321.520707963126
 20
1.428871792985773
 30
0.0
 11
1321.520707963126
 21
-216.7919628411473
 31
0.0
  0
LINE
  5
956
330
952
100
AcDbEntity
  8
0
 62
     0
440
 16777216
370
    -2
100
AcDbLine
 10
57.52070796312569
 20
-180.7919628411473
 30
0.0
 11
1285.520707963125
 21
-180.7919628411473
 31
0.0
  0
SOLID
  5
957
330
952
100
AcDbEntity
  8
0
 62
     0
440
 16777216
100
AcDbTrace
 10
57.52070796312569
 20
-174.7919628411473
 30
0.0
 11
57.52070796312569
 21
-186.7919628411473
 31
0.0
 12
21.52070796312569
 22
-180.7919628411473
 32
0.0
 13
21.52070796312569
 23
-180.7919628411473
 33
0.0
  0
SOLID
  5
958
330
952
100
AcDbEntity
  8
0
 62
     0
440
 16777216
100
AcDbTrace
 10
1285.520707963125
 20
-174.7919628411473
 30
0.0
 11
1285.520707963125
 21
-186.7919628411473
 31
0.0
 12
1321.520707963126
 22
-180.7919628411473
 32
0.0
 13
1321.520707963126
 23
-180.7919628411473
 33
0.0
  0
MTEXT
  5
959
330
952
100
AcDbEntity
  8
0
 62
     0
440
 16777216
370
    13
100
AcDbMText
 10
671.5207079631256
 20
-144.3990569748444
 30
0.0
 40
36.0
 41
0.0
 46
0.0
 71
     5
 72
     1
  1
\A1;1300
 73
     1
 44
1.0
  0
POINT
  5
95A
330
952
100
AcDbEntity
  8
Defpoints
 62
     0
440
 16777216
100
AcDbPoint
 10
21.52070796312571
 20
13.92887179298577
 30
0.0
  0
POINT
  5
95B
330
952
100
AcDbEntity
  8
Defpoints
 62
     0
440
 16777216
100
AcDbPoint
 10
1321.520707963126
 20
13.92887179298577
 30
0.0
  0
POINT
  5
95C
330
952
100
AcDbEntity
  8
Defpoints
 62
     0
440
 16777216
100
AcDbPoint
 10
1321.520707963126
 20
-180.7919628411473
 30
0.0
  0
ENDBLK
  5
95D
330
952
100
AcDbEntity
  8
0
100
AcDbBlockEnd
  0
BLOCK
  5
991
330
962
100
AcDbEntity
  8
0
 48
4.0
100
AcDbBlockBegin
  2
A$C9622438a
 70
     0
 10
0.0
 20
0.0
 30
0.0
  3
A$C9622438a
  1

  0
LINE
  5
963
102
{ACAD_REACTORS
330
971
330
98B
330
98E
102
}
330
962
100
AcDbEntity
  8
0
370
    25
100
AcDbLine
 10
0.0000000000000178
 20
0.0
 30
0.0
 11
908.2732613973341
 21
1100.0
 31
0.0
  0
LINE
  5
964
330
962
100
AcDbEntity
  8
0
370
    25
100
AcDbLine
 10
908.2732613973337
 20
1100.0
 30
0.0
 11
2208.273261397334
 21
1100.0
 31
0.0
  0
LINE
  5
965
102
{ACAD_REACTORS
330
97A
102
}
330
962
100
AcDbEntity
  8
0
370
    25
100
AcDbLine
 10
0.0
 20
0.0
 30
0.0
 11
1300.0
 21
0.0
 31
0.0
  0
LINE
  5
966
102
{ACAD_REACTORS
330
97F
102
}
330
962
100
AcDbEntity
  8
0
  6
ACAD_ISO03W100
 48
5.0
370
    13
100
AcDbLine
 10
82.57029649066671
 20
100.0
 30
0.0
 11
1382.570296490666
 21
100.0
 31
0.0
  0
LINE
  5
967
102
{ACAD_REACTORS
330
971
330
974
330
977
102
}
330
962
100
AcDbEntity
  8
0
  6
ACAD_ISO03W100
 48
5.0
370
    13
100
AcDbLine
 10
165.1405929813334
 20
200.0
 30
0.0
 11
1465.140592981333
 21
200.0
 31
0.0
  0
LINE
  5
968
102
{ACAD_REACTORS
330
988
330
98B
330
98E
102
}
330
962
100
AcDbEntity
  8
0
370
    25
100
AcDbLine
 10
2208.273261397334
 20
1100.0
 30
0.0
 11
1300.0
 21
0.0
 31
0.0
  0
CIRCLE
  5
969
102
{ACAD_REACTORS
330
971
330
974
102
}
330
962
100
AcDbEntity
  8
0
370
    25
100
AcDbCircle
 10
365.1405929813335
 20
200.0
 30
0.0
 40
10.0
  0
CIRCLE
  5
96A
102
{ACAD_REACTORS
330
97A
330
97F
102
}
330
962
100
AcDbEntity
  8
0
370
    25
100
AcDbCircle
 10
282.5702964906668
 20
100.0
 30
0.0
 40
10.0
  0
CIRCLE
  5
96B
102
{ACAD_REACTORS
330
977
102
}
330
962
100
AcDbEntity
  8
0
370
    25
100
AcDbCircle
 10
1264.773256082049
 20
200.0
 30
0.0
 40
10.0
  0
CIRCLE
  5
96C
102
{ACAD_REACTORS
330
982
102
}
330
962
100
AcDbEntity
  8
0
370
    25
100
AcDbCircle
 10
1182.202959591382
 20
99.99999999999998
 30
0.0
 40
10.0
  0
CIRCLE
  5
96D
102
{ACAD_REACTORS
330
985
102
}
330
962
100
AcDbEntity
  8
0
370
    25
100
AcDbCircle
 10
815.1405929813332
 20
200.0
 30
0.0
 40
10.0
  0
CIRCLE
  5
96E
102
{ACAD_REACTORS
330
982
102
}
330
962
100
AcDbEntity
  8
0
370
    25
100
AcDbCircle
 10
732.5702964906666
 20
100.0
 30
0.0
 40
10.0
  0
DIMENSION
  5
96F
102
{ACAD_XDICTIONARY
360
970
102
}
102
{ACAD_REACTORS
330
971
102
}
330
962
100
AcDbEntity
  8
0
370
    13
100
AcDbDimension
280
     0
  2
*D1
 10
165.1405929813335
 20
409.0771797019288
 30
0.0
 11
265.1405929813335
 21
409.0771797019288
 31
0.0
 12
-21.52070796312569
 22
-13.92887179298577
 32
0.0
 70
   128
 71
     5
 42
200.0
 73
     0
 74
     0
 75
     0
  3
Copy of Standard
100
AcDbAlignedDimension
 13
365.1405929813335
 23
200.0
 33
0.0
 14
165.1405929813335
 24
200.0
 34
0.0
100
AcDbRotatedDimension
1001
ACAD
1000
DSTYLE
1002
{
1070
    40
1040
200.0
1002
}
  0
DIMENSION
  5
972
102
{ACAD_XDICTIONARY
360
973
102
}
102
{ACAD_REACTORS
330
974
102
}
330
962
100
AcDbEntity
  8
0
370
    13
100
AcDbDimension
280
     0
  2
*D2
 10
815.1405929813332
 20
409.0771797019288
 30
0.0
 11
590.1405929813334
 21
409.0771797019288
 31
0.0
 12
-21.52070796312569
 22
-13.92887179298577
 32
0.0
 70
   128
 71
     5
 42
449.9999999999998
 73
     0
 74
     0
 75
     0
  3
Copy of Standard
100
AcDbAlignedDimension
 13
365.1405929813335
 23
200.0
 33
0.0
 14
815.1405929813332
 24
200.0
 34
0.0
100
AcDbRotatedDimension
1001
ACAD
1000
DSTYLE
1002
{
1070
    40
1040
200.0
1002
}
  0
DIMENSION
  5
975
102
{ACAD_XDICTIONARY
360
976
102
}
102
{ACAD_REACTORS
330
977
102
}
330
962
100
AcDbEntity
  8
0
370
    13
100
AcDbDimension
280
     0
  2
*D3
 10
1264.773256082049
 20
405.397377358985
 30
0.0
 11
1039.956924531691
 21
405.397377358985
 31
0.0
 12
-21.52070796312569
 22
-13.92887179298577
 32
0.0
 70
   128
 71
     5
 42
449.6326631007162
 73
     0
 74
     0
 75
     0
  3
Copy of Standard
100
AcDbAlignedDimension
 13
815.1405929813332
 23
200.0
 33
0.0
 14
1264.773256082049
 24
200.0
 34
0.0
100
AcDbRotatedDimension
1001
ACAD
1000
DSTYLE
1002
{
1070
    40
1040
200.0
1002
}
  0
DIMENSION
  5
978
102
{ACAD_XDICTIONARY
360
979
102
}
102
{ACAD_REACTORS
330
97A
102
}
330
962
100
AcDbEntity
  8
0
370
    13
100
AcDbDimension
280
     0
  2
*D4
 10
-109.8595077480897
 20
0.0000000000001119
 30
0.0
 11
-109.8595077480897
 21
-128.0136425648021
 31
0.0
 12
-21.52070796312569
 22
-13.92887179298577
 32
0.0
 70
   128
 71
     5
 42
100.0
 73
     0
 74
     0
 75
     0
  3
Copy of Standard
100
AcDbAlignedDimension
 13
282.5702964906668
 23
100.0
 33
0.0
 14
282.5702964906668
 24
0.0
 34
0.0
 50
90.0
100
AcDbRotatedDimension
  0
DIMENSION
  5
97B
330
962
100
AcDbEntity
  8
0
370
    13
100
AcDbDimension
280
     0
  2
*D5
 10
-145.8595077480897
 20
100.0
 30
0.0
 11
-145.8595077480897
 21
328.0136425648022
 31
0.0
 12
-21.52070796312569
 22
-13.92887179298577
 32
0.0
 70
   128
 71
     5
 42
100.0
 73
     0
 74
     0
 75
     0
  3
Copy of Standard
100
AcDbAlignedDimension
 13
165.1405929813335
 23
200.0
 33
0.0
 14
82.57029649066673
 24
100.0
 34
0.0
 50
90.0
100
AcDbRotatedDimension
  0
DIMENSION
  5
97C
330
962
100
AcDbEntity
  8
0
370
    13
100
AcDbDimension
280
     0
  2
*D6
 10
282.5702964906668
 20
36.59215776088149
 30
0.0
 11
182.5702964906668
 21
36.59215776088149
 31
0.0
 12
-21.52070796312569
 22
-13.92887179298577
 32
0.0
 70
   128
 71
     5
 42
200.0
 73
     0
 74
     0
 75
     0
  3
Copy of Standard
100
AcDbAlignedDimension
 13
82.57029649066675
 23
100.0
 33
0.0
 14
282.5702964906668
 24
100.0
 34
0.0
100
AcDbRotatedDimension
  0
DIMENSION
  5
97D
102
{ACAD_XDICTIONARY
360
97E
102
}
102
{ACAD_REACTORS
330
97F
102
}
330
962
100
AcDbEntity
  8
0
370
    13
100
AcDbDimension
280
     0
  2
*D7
 10
732.5702964906667
 20
37.41812126591958
 30
0.0
 11
507.5702964906667
 21
73.79874882390048
 31
0.0
 12
-21.52070796312569
 22
-13.92887179298577
 32
0.0
 71
     5
 42
449.9999999999999
 73
     0
 74
     0
 75
     0
  3
Copy of Standard
100
AcDbAlignedDimension
 13
282.5702964906668
 23
100.0
 33
0.0
 14
732.5702964906667
 24
100.0
 34
0.0
100
AcDbRotatedDimension
  0
DIMENSION
  5
980
102
{ACAD_XDICTIONARY
360
981
102
}
102
{ACAD_REACTORS
330
982
102
}
330
962
100
AcDbEntity
  8
0
370
    13
100
AcDbDimension
280
     0
  2
*D8
 10
1182.202959591382
 20
35.57823072707379
 30
0.0
 11
957.3866280410246
 21
71.95885828505469
 31
0.0
 12
-21.52070796312569
 22
-13.92887179298577
 32
0.0
 71
     5
 42
449.6326631007161
 73
     0
 74
     0
 75
     0
  3
Copy of Standard
100
AcDbAlignedDimension
 13
732.5702964906666
 23
100.0
 33
0.0
 14
1182.202959591382
 24
99.99999999999998
 34
0.0
100
AcDbRotatedDimension
  0
DIMENSION
  5
983
102
{ACAD_XDICTIONARY
360
984
102
}
102
{ACAD_REACTORS
330
985
102
}
330
962
100
AcDbEntity
  8
0
370
    13
100
AcDbDimension
280
     0
  2
*D9
 10
805.8966269806226
 20
196.1856727227849
 30
0.0
 11
1018.06141062258
 21
283.7309883857502
 31
0.0
 12
-21.52070796312569
 22
-13.92887179298577
 32
0.0
 70
     3
  1
<> -6{\fArial|b0|i0|c204|p34;отв.}
 71
     5
 42
19.99999999999966
 73
     0
 74
     0
 75
     0
  3
Copy of Standard
100
AcDbDiametricDimension
 15
824.3845589820436
 25
203.8143272772148
 35
0.0
 40
0.0
1001
ACAD_DSTYLE_DIMRADIAL_EXTENSION
1070
   387
1070
     1
1070
   388
1040
0.0
1070
   390
1040
0.0
1001
ACAD
1000
DSTYLE
1002
{
1070
   288
1070
     1
1002
}
  0
DIMENSION
  5
986
102
{ACAD_XDICTIONARY
360
987
102
}
102
{ACAD_REACTORS
330
988
102
}
330
962
100
AcDbEntity
  8
0
370
    13
100
AcDbDimension
280
     0
  2
*D10
 10
2534.813608282963
 20
1100.0
 30
0.0
 11
2498.432980724983
 21
550.0
 31
0.0
 12
-21.52070796312569
 22
-13.92887179298577
 32
0.0
 71
     5
 42
1100.0
 73
     0
 74
     0
 75
     0
  3
Copy of Standard
100
AcDbAlignedDimension
 13
1300.0
 23
0.0
 33
0.0
 14
2208.273261397334
 24
1100.0
 34
0.0
 50
90.0
100
AcDbRotatedDimension
1001
ACAD
1000
DSTYLE
1002
{
1070
    40
1040
200.0
1002
}
  0
DIMENSION
  5
989
102
{ACAD_XDICTIONARY
360
98A
102
}
102
{ACAD_REACTORS
330
98B
102
}
330
962
100
AcDbEntity
  8
0
370
    13
100
AcDbDimension
280
     0
  2
*D11
 10
2208.273261397334
 20
-315.8288685929738
 30
0.0
 11
1104.136630698667
 21
-315.8288685929738
 31
0.0
 12
-21.52070796312569
 22
-13.92887179298577
 32
0.0
 70
   128
 71
     5
 42
2208.273261397334
 73
     0
 74
     0
 75
     0
  3
Copy of Standard
100
AcDbAlignedDimension
 13
0.0000000000000178
 23
0.0
 33
0.0
 14
2208.273261397334
 24
1100.0
 34
0.0
100
AcDbRotatedDimension
1001
ACAD
1000
DSTYLE
1002
{
1070
    40
1040
200.0
1002
}
  0
DIMENSION
  5
98C
102
{ACAD_XDICTIONARY
360
98D
102
}
102
{ACAD_REACTORS
330
98E
102
}
330
962
100
AcDbEntity
  8
0
370
    13
100
AcDbDimension
280
     0
  2
*D12
 10
1300.0
 20
-194.7208346341331
 30
0.0
 11
650.0
 21
-194.7208346341331
 31
0.0
 12
-21.52070796312569
 22
-13.92887179298577
 32
0.0
 70
   128
 71
     5
 42
1300.0
 73
     0
 74
     0
 75
     0
  3
Copy of Standard
100
AcDbAlignedDimension
 13
0.0000000000000178
 23
0.0
 33
0.0
 14
1300.0
 24
0.0
 34
0.0
100
AcDbRotatedDimension
  0
ENDBLK
  5
992
330
962
100
AcDbEntity
  8
0
 48
4.0
100
AcDbBlockEnd
  0
BLOCK
  5
E90
330
E8B
100
AcDbEntity
  8
0
 48
4.0
100
AcDbBlockBegin
  2
_DetailCallout
 70
     2
 10
0.0
 20
0.0
 30
0.0
  3
_DetailCallout
  1

  0
CIRCLE
  5
E8C
330
E8B
100
AcDbEntity
  8
0
  6
ByBlock
 62
     0
370
    -2
100
AcDbCircle
 10
0.0
 20
0.0
 30
0.0
 40
0.25
  0
LINE
  5
E8D
330
E8B
100
AcDbEntity
  8
0
  6
ByBlock
 62
     0
370
    -2
100
AcDbLine
 10
0.25
 20
0.0
 30
0.0
 11
-0.25
 21
0.0
 31
0.0
  0
ATTDEF
  5
E8E
330
E8B
100
AcDbEntity
  8
0
 62
     0
100
AcDbText
 10
-0.4511319065484311
 20
0.0208333333333333
 30
0.0
 40
0.09375
  1
VIEWNUMBER
 72
     1
 11
0.0
 21
0.0208333333333333
 31
0.0
100
AcDbAttributeDefinition
280
     0
  3
Enter view number
  2
VIEWNUMBER
 70
     0
280
     0
  0
ATTDEF
  5
E8F
330
E8B
100
AcDbEntity
  8
0
 62
     0
100
AcDbText
 10
-0.5020996759890859
 20
-0.15625
 30
0.0
 40
0.09375
  1
SHEETNUMBER
 72
     1
 11
0.0
 21
-0.15625
 31
0.0
100
AcDbAttributeDefinition
280
     0
  3
Enter sheet number
  2
SHEETNUMBER
 70
     0
280
     0
  0
ENDBLK
  5
E91
330
E8B
100
AcDbEntity
  8
0
 48
4.0
100
AcDbBlockEnd
  0
BLOCK
  5
E94
330
E93
100
AcDbEntity
  8
0
100
AcDbBlockBegin
  2
_CLOSEDBLANK
 70
     0
 10
0.0
 20
0.0
 30
0.0
  3
_CLOSEDBLANK
  1

  0
LINE
  5
E95
330
E93
100
AcDbEntity
  8
0
 62
     0
100
AcDbLine
 10
-1.0
 20
0.166667
 30
0.0
 11
0.0
 21
0.0
 31
0.0
  0
LINE
  5
E96
330
E93
100
AcDbEntity
  8
0
 62
     0
100
AcDbLine
 10
0.0
 20
0.0
 30
0.0
 11
-1.0
 21
-0.166667
 31
0.0
  0
LINE
  5
E97
330
E93
100
AcDbEntity
  8
0
 62
     0
100
AcDbLine
 10
-1.0
 20
0.166667
 30
0.0
 11
-1.0
 21
-0.166667
 31
0.0
  0
ENDBLK
  5
E98
330
E93
100
AcDbEntity
  8
0
100
AcDbBlockEnd
  0
BLOCK
  5
1461
330
1460
100
AcDbEntity
  8
0
 48
4.0
100
AcDbBlockBegin
  2
*D16
 70
     1
 10
0.0
 20
0.0
 30
0.0
  3
*D16
  1

  0
LINE
  5
189B
330
1460
100
AcDbEntity
  8
0
 62
     0
440
 16777216
 48
4.0
370
    -2
100
AcDbLine
 10
3842.716256520166
 20
1308.983727908631
 30
0.0
 11
3842.716256520166
 21
1235.316646309638
 31
0.0
  0
LINE
  5
189C
330
1460
100
AcDbEntity
  8
0
 62
     0
440
 16777216
 48
4.0
370
    -2
100
AcDbLine
 10
4042.704256520164
 20
1308.983727908631
 30
0.0
 11
4042.704256520164
 21
1235.316646309638
 31
0.0
  0
LINE
  5
189D
330
1460
100
AcDbEntity
  8
0
 62
     0
440
 16777216
 48
4.0
370
    -2
100
AcDbLine
 10
3851.716256520165
 20
1244.316646309638
 30
0.0
 11
4033.704256520165
 21
1244.316646309638
 31
0.0
  0
SOLID
  5
189E
330
1460
100
AcDbEntity
  8
0
 62
     0
440
 16777216
 48
4.0
100
AcDbTrace
 10
3851.716256520165
 20
1245.816646309638
 30
0.0
 11
3851.716256520165
 21
1242.816646309638
 31
0.0
 12
3842.716256520166
 22
1244.316646309638
 32
0.0
 13
3842.716256520166
 23
1244.316646309638
 33
0.0
  0
SOLID
  5
189F
330
1460
100
AcDbEntity
  8
0
 62
     0
440
 16777216
 48
4.0
100
AcDbTrace
 10
4033.704256520165
 20
1245.816646309638
 30
0.0
 11
4033.704256520165
 21
1242.816646309638
 31
0.0
 12
4042.704256520164
 22
1244.316646309638
 32
0.0
 13
4042.704256520164
 23
1244.316646309638
 33
0.0
  0
MTEXT
  5
18A0
330
1460
100
AcDbEntity
  8
0
 62
     0
440
 16777216
 48
4.0
100
AcDbMText
 10
3942.710256520165
 20
1253.411803199133
 30
0.0
 40
9.0
 41
0.0
 46
0.0
 71
     5
 72
     1
  1
\A1;200.0
 73
     1
 44
1.0
  0
POINT
  5
18A1
330
1460
100
AcDbEntity
  8
Defpoints
 62
     0
440
 16777216
 48
4.0
100
AcDbPoint
 10
3842.716256520166
 20
1312.108727908631
 30
0.0
  0
POINT
  5
18A2
330
1460
100
AcDbEntity
  8
Defpoints
 62
     0
440
 16777216
 48
4.0
100
AcDbPoint
 10
4042.704256520164
 20
1312.108727908631
 30
0.0
  0
POINT
  5
18A3
330
1460
100
AcDbEntity
  8
Defpoints
 62
     0
440
 16777216
 48
4.0
100
AcDbPoint
 10
4042.704256520164
 20
1244.316646309638
 30
0.0
  0
ENDBLK
  5
1462
330
1460
100
AcDbEntity
  8
0
 48
4.0
100
AcDbBlockEnd
  0
BLOCK
  5
15EF
330
15EE
100
AcDbEntity
  8
0
 48
4.0
100
AcDbBlockBegin
  2
*D17
 70
     1
 10
0.0
 20
0.0
 30
0.0
  3
*D17
  1

  0
LINE
  5
18A4
330
15EE
100
AcDbEntity
  8
0
 62
     0
440
 16777216
 48
4.0
370
    -2
100
AcDbLine
 10
4416.168152734398
 20
1373.002971166098
 30
0.0
 11
4416.168152734398
 21
1360.276965211516
 31
0.0
  0
LINE
  5
18A5
330
15EE
100
AcDbEntity
  8
0
 62
     0
440
 16777216
 48
4.0
370
    -2
100
AcDbLine
 10
4431.155910032648
 20
1372.870480557189
 30
0.0
 11
4431.155910032648
 21
1360.276965211516
 31
0.0
  0
LINE
  5
18A6
330
15EE
100
AcDbEntity
  8
0
 62
     0
440
 16777216
 48
4.0
370
    -2
100
AcDbLine
 10
4407.168152734398
 20
1369.276965211517
 30
0.0
 11
4398.168152734398
 21
1369.276965211517
 31
0.0
  0
LINE
  5
18A7
330
15EE
100
AcDbEntity
  8
0
 62
     0
440
 16777216
 48
4.0
370
    -2
100
AcDbLine
 10
4440.155910032649
 20
1369.276965211517
 30
0.0
 11
4480.655910032648
 21
1369.276965211517
 31
0.0
  0
SOLID
  5
18A8
330
15EE
100
AcDbEntity
  8
0
 62
     0
440
 16777216
 48
4.0
100
AcDbTrace
 10
4407.168152734398
 20
1370.776965211516
 30
0.0
 11
4407.168152734398
 21
1367.776965211517
 31
0.0
 12
4416.168152734398
 22
1369.276965211517
 32
0.0
 13
4416.168152734398
 23
1369.276965211517
 33
0.0
  0
SOLID
  5
18A9
330
15EE
100
AcDbEntity
  8
0
 62
     0
440
 16777216
 48
4.0
100
AcDbTrace
 10
4440.155910032649
 20
1370.776965211516
 30
0.0
 11
4440.155910032649
 21
1367.776965211517
 31
0.0
 12
4431.155910032648
 22
1369.276965211517
 32
0.0
 13
4431.155910032648
 23
1369.276965211517
 33
0.0
  0
MTEXT
  5
18AA
330
15EE
100
AcDbEntity
  8
0
 62
     0
440
 16777216
 48
4.0
100
AcDbMText
 10
4464.905910032649
 20
1378.372122101012
 30
0.0
 40
9.0
 41
0.0
 46
0.0
 71
     5
 72
     1
  1
\A1;15.0
 73
     1
 44
1.0
  0
POINT
  5
18AB
330
15EE
100
AcDbEntity
  8
Defpoints
 62
     0
440
 16777216
 48
4.0
100
AcDbPoint
 10
4416.168152734398
 20
1376.127971166098
 30
0.0
  0
POINT
  5
18AC
330
15EE
100
AcDbEntity
  8
Defpoints
 62
     0
440
 16777216
 48
4.0
100
AcDbPoint
 10
4431.155910032648
 20
1375.995480557189
 30
0.0
  0
POINT
  5
18AD
330
15EE
100
AcDbEntity
  8
Defpoints
 62
     0
440
 16777216
 48
4.0
100
AcDbPoint
 10
4431.155910032648
 20
1369.276965211517
 30
0.0
  0
ENDBLK
  5
15F0
330
15EE
100
AcDbEntity
  8
0
 48
4.0
100
AcDbBlockEnd
  0
BLOCK
  5
1609
330
1608
100
AcDbEntity
  8
0
 48
4.0
100
AcDbBlockBegin
  2
*D18
 70
     1
 10
0.0
 20
0.0
 30
0.0
  3
*D18
  1

  0
LINE
  5
18AE
330
1608
100
AcDbEntity
  8
0
 62
     0
440
 16777216
 48
4.0
370
    -2
100
AcDbLine
 10
4416.600981292537
 20
1386.21045875753
 30
0.0
 11
4416.600981292537
 21
1378.356647405098
 31
0.0
  0
LINE
  5
18AF
330
1608
100
AcDbEntity
  8
0
 62
     0
440
 16777216
 48
4.0
370
    -2
100
AcDbLine
 10
4432.065471661558
 20
1386.213178506098
 30
0.0
 11
4432.065471661558
 21
1378.356647405098
 31
0.0
  0
LINE
  5
18B0
330
1608
100
AcDbEntity
  8
0
 62
     0
440
 16777216
 48
4.0
370
    -2
100
AcDbLine
 10
4407.600981292538
 20
1387.356647405098
 30
0.0
 11
4398.600981292537
 21
1387.356647405098
 31
0.0
  0
LINE
  5
18B1
330
1608
100
AcDbEntity
  8
0
 62
     0
440
 16777216
 48
4.0
370
    -2
100
AcDbLine
 10
4441.065471661558
 20
1387.356647405098
 30
0.0
 11
4481.663698128133
 21
1387.356647405098
 31
0.0
  0
SOLID
  5
18B2
330
1608
100
AcDbEntity
  8
0
 62
     0
440
 16777216
 48
4.0
100
AcDbTrace
 10
4407.600981292538
 20
1388.856647405098
 30
0.0
 11
4407.600981292538
 21
1385.856647405099
 31
0.0
 12
4416.600981292537
 22
1387.356647405098
 32
0.0
 13
4416.600981292537
 23
1387.356647405098
 33
0.0
  0
SOLID
  5
18B3
330
1608
100
AcDbEntity
  8
0
 62
     0
440
 16777216
 48
4.0
100
AcDbTrace
 10
4441.065471661558
 20
1388.856647405098
 30
0.0
 11
4441.065471661558
 21
1385.856647405099
 31
0.0
 12
4432.065471661558
 22
1387.356647405098
 32
0.0
 13
4432.065471661558
 23
1387.356647405098
 33
0.0
  0
MTEXT
  5
18B4
330
1608
100
AcDbEntity
  8
0
 62
     0
440
 16777216
 48
4.0
100
AcDbMText
 10
4465.864584894847
 20
1396.451804294594
 30
0.0
 40
9.0
 41
0.0
 46
0.0
 71
     5
 72
     1
  1
\A1;15.5
 73
     1
 44
1.0
  0
POINT
  5
18B5
330
1608
100
AcDbEntity
  8
Defpoints
 62
     0
440
 16777216
 48
4.0
100
AcDbPoint
 10
4416.600981292537
 20
1389.335458757529
 30
0.0
  0
POINT
  5
18B6
330
1608
100
AcDbEntity
  8
Defpoints
 62
     0
440
 16777216
 48
4.0
100
AcDbPoint
 10
4432.065471661558
 20
1389.338178506098
 30
0.0
  0
POINT
  5
18B7
330
1608
100
AcDbEntity
  8
Defpoints
 62
     0
440
 16777216
 48
4.0
100
AcDbPoint
 10
4432.065471661558
 20
1387.356647405098
 30
0.0
  0
ENDBLK
  5
160A
330
1608
100
AcDbEntity
  8
0
 48
4.0
100
AcDbBlockEnd
  0
BLOCK
  5
165D
330
165C
100
AcDbEntity
  8
0
 48
4.0
100
AcDbBlockBegin
  2
*D19
 70
     1
 10
0.0
 20
0.0
 30
0.0
  3
*D19
  1

  0
LINE
  5
18B8
330
165C
100
AcDbEntity
  8
0
 62
     0
440
 16777216
 48
4.0
370
    -2
100
AcDbLine
 10
4178.209737616231
 20
1108.326537584641
 30
0.0
 11
4178.209737616231
 21
1071.733692008299
 31
0.0
  0
LINE
  5
18B9
330
165C
100
AcDbEntity
  8
0
 62
     0
440
 16777216
 48
4.0
370
    -2
100
AcDbLine
 10
4180.994259862856
 20
1109.309407808704
 30
0.0
 11
4180.994259862856
 21
1071.733692008299
 31
0.0
  0
LINE
  5
18BA
330
165C
100
AcDbEntity
  8
0
 62
     0
440
 16777216
 48
4.0
370
    -2
100
AcDbLine
 10
4169.20973761623
 20
1080.733692008299
 30
0.0
 11
4160.20973761623
 21
1080.733692008299
 31
0.0
  0
LINE
  5
18BB
330
165C
100
AcDbEntity
  8
0
 62
     0
440
 16777216
 48
4.0
370
    -2
100
AcDbLine
 10
4189.994259862857
 20
1080.733692008299
 30
0.0
 11
4224.551558635026
 21
1080.733692008299
 31
0.0
  0
SOLID
  5
18BC
330
165C
100
AcDbEntity
  8
0
 62
     0
440
 16777216
 48
4.0
100
AcDbTrace
 10
4169.20973761623
 20
1082.233692008299
 30
0.0
 11
4169.20973761623
 21
1079.233692008299
 31
0.0
 12
4178.209737616231
 22
1080.733692008299
 32
0.0
 13
4178.209737616231
 23
1080.733692008299
 33
0.0
  0
SOLID
  5
18BD
330
165C
100
AcDbEntity
  8
0
 62
     0
440
 16777216
 48
4.0
100
AcDbTrace
 10
4189.994259862857
 20
1082.233692008299
 30
0.0
 11
4189.994259862857
 21
1079.233692008299
 31
0.0
 12
4180.994259862856
 22
1080.733692008299
 32
0.0
 13
4180.994259862856
 23
1080.733692008299
 33
0.0
  0
MTEXT
  5
18BE
330
165C
100
AcDbEntity
  8
0
 62
     0
440
 16777216
 48
4.0
100
AcDbMText
 10
4211.772909248941
 20
1089.828848897794
 30
0.0
 40
9.0
 41
0.0
 46
0.0
 71
     5
 72
     1
  1
\A1;2.8
 73
     1
 44
1.0
  0
POINT
  5
18BF
330
165C
100
AcDbEntity
  8
Defpoints
 62
     0
440
 16777216
 48
4.0
100
AcDbPoint
 10
4178.209737616231
 20
1111.451537584641
 30
0.0
  0
POINT
  5
18C0
330
165C
100
AcDbEntity
  8
Defpoints
 62
     0
440
 16777216
 48
4.0
100
AcDbPoint
 10
4180.994259862856
 20
1112.434407808704
 30
0.0
  0
POINT
  5
18C1
330
165C
100
AcDbEntity
  8
Defpoints
 62
     0
440
 16777216
 48
4.0
100
AcDbPoint
 10
4180.994259862856
 20
1080.733692008299
 30
0.0
  0
ENDBLK
  5
165E
330
165C
100
AcDbEntity
  8
0
 48
4.0
100
AcDbBlockEnd
  0
BLOCK
  5
16D7
330
16D6
100
AcDbEntity
  8
0
 48
4.0
100
AcDbBlockBegin
  2
*D20
 70
     1
 10
0.0
 20
0.0
 30
0.0
  3
*D20
  1

  0
ARC
  5
18C2
330
16D6
100
AcDbEntity
  8
0
 62
     0
440
 16777216
 48
4.0
370
    -2
100
AcDbCircle
 10
4046.005234025208
 20
1312.108727908631
 30
0.0
 40
105.7911914613576
100
AcDbArc
 50
170.23952643535
 51
179.9999999999999
  0
LINE
  5
18C3
330
16D6
100
AcDbEntity
  8
0
 62
     0
440
 16777216
 48
4.0
370
    -2
100
AcDbLine
 10
3941.745360982351
 20
1330.043472509577
 30
0.0
 11
3946.882595338479
 21
1359.907706078476
 31
0.0
  0
ARC
  5
18C4
330
16D6
100
AcDbEntity
  8
0
 62
     0
440
 16777216
 48
4.0
370
    -2
100
AcDbCircle
 10
4046.005234025208
 20
1312.108727908631
 30
0.0
 40
105.7911914613576
100
AcDbArc
 50
170.2483819560637
 51
175.1241909780318
  0
ARC
  5
18C5
330
16D6
100
AcDbEntity
  8
0
 62
     0
440
 16777216
 48
4.0
370
    -2
100
AcDbCircle
 10
4046.005234025208
 20
1312.108727908631
 30
0.0
 40
105.7911914613576
100
AcDbArc
 50
186.9564481377463
 51
191.8322571597144
  0
SOLID
  5
18C6
330
16D6
100
AcDbEntity
  8
0
 62
     0
440
 16777216
 48
4.0
100
AcDbTrace
 10
3942.095514530876
 20
1321.036777148935
 30
0.0
 11
3939.098229806074
 21
1321.164387017144
 31
0.0
 12
3940.21404256385
 22
1312.108727908631
 32
0.0
 13
3940.21404256385
 23
1312.108727908631
 33
0.0
  0
SOLID
  5
18C7
330
16D6
100
AcDbEntity
  8
0
 62
     0
440
 16777216
 48
4.0
100
AcDbTrace
 10
3939.49748652041
 20
1299.177670935061
 30
0.0
 11
3942.48816218574
 21
1299.414016158836
 31
0.0
 12
3940.283788681749
 22
1308.267870542939
 32
0.0
 13
3940.283788681749
 23
1308.267870542939
 33
0.0
  0
MTEXT
  5
18C8
330
16D6
100
AcDbEntity
  8
0
 62
     0
440
 16777216
 48
4.0
100
AcDbMText
 10
3953.201854803995
 20
1343.446700057975
 30
0.0
 40
9.0
 41
0.0
 46
0.0
 71
     5
 72
     1
  1
\A1;2.1\U+00B0
 11
-0.1695296588799353
 21
-0.9855250858096169
 31
0.0
 73
     1
 44
1.0
  0
POINT
  5
18C9
330
16D6
100
AcDbEntity
  8
Defpoints
 62
     0
440
 16777216
 48
4.0
100
AcDbPoint
 10
3940.245042731043
 20
1309.54784364041
 30
0.0
  0
POINT
  5
18CA
330
16D6
100
AcDbEntity
  8
Defpoints
 62
     0
440
 16777216
 48
4.0
100
AcDbPoint
 10
3842.716256520166
 20
1312.108727908631
 30
0.0
  0
POINT
  5
18CB
330
16D6
100
AcDbEntity
  8
Defpoints
 62
     0
440
 16777216
 48
4.0
100
AcDbPoint
 10
4042.698374520165
 20
1311.988589788631
 30
0.0
  0
POINT
  5
18CC
330
16D6
100
AcDbEntity
  8
Defpoints
 62
     0
440
 16777216
 48
4.0
100
AcDbPoint
 10
3882.707974520165
 20
1306.176142708631
 30
0.0
  0
POINT
  5
18CD
330
16D6
100
AcDbEntity
  8
Defpoints
 62
     0
440
 16777216
 48
4.0
100
AcDbPoint
 10
4042.704256520165
 20
1312.108727908631
 30
0.0
  0
ENDBLK
  5
16D8
330
16D6
100
AcDbEntity
  8
0
 48
4.0
100
AcDbBlockEnd
  0
BLOCK
  5
1733
330
1732
100
AcDbEntity
  8
0
 48
4.0
100
AcDbBlockBegin
  2
*D21
 70
     1
 10
0.0
 20
0.0
 30
0.0
  3
*D21
  1

  0
LINE
  5
18CE
330
1732
100
AcDbEntity
  8
0
 62
     0
440
 16777216
 48
4.0
370
    -2
100
AcDbLine
 10
3879.163076904484
 20
1694.082106844953
 30
0.0
 11
3879.163076904484
 21
1775.878903621357
 31
0.0
  0
LINE
  5
18CF
330
1732
100
AcDbEntity
  8
0
 62
     0
440
 16777216
 48
4.0
370
    -2
100
AcDbLine
 10
3746.863076904483
 20
1629.522175132974
 30
0.0
 11
3746.863076904483
 21
1775.878903621357
 31
0.0
  0
LINE
  5
18D0
330
1732
100
AcDbEntity
  8
0
 62
     0
440
 16777216
 48
4.0
370
    -2
100
AcDbLine
 10
3870.163076904484
 20
1766.878903621357
 30
0.0
 11
3755.863076904483
 21
1766.878903621357
 31
0.0
  0
SOLID
  5
18D1
330
1732
100
AcDbEntity
  8
0
 62
     0
440
 16777216
 48
4.0
100
AcDbTrace
 10
3870.163076904484
 20
1768.378903621356
 30
0.0
 11
3870.163076904484
 21
1765.378903621356
 31
0.0
 12
3879.163076904484
 22
1766.878903621357
 32
0.0
 13
3879.163076904484
 23
1766.878903621357
 33
0.0
  0
SOLID
  5
18D2
330
1732
100
AcDbEntity
  8
0
 62
     0
440
 16777216
 48
4.0
100
AcDbTrace
 10
3755.863076904483
 20
1768.378903621356
 30
0.0
 11
3755.863076904483
 21
1765.378903621356
 31
0.0
 12
3746.863076904483
 22
1766.878903621357
 32
0.0
 13
3746.863076904483
 23
1766.878903621357
 33
0.0
  0
MTEXT
  5
18D3
330
1732
100
AcDbEntity
  8
0
 62
     0
440
 16777216
 48
4.0
100
AcDbMText
 10
3813.013076904483
 20
1775.977130087932
 30
0.0
 40
9.0
 41
0.0
 46
0.0
 71
     5
 72
     1
  1
\A1;132.3
 73
     1
 44
1.0
  0
POINT
  5
18D4
330
1732
100
AcDbEntity
  8
Defpoints
 62
     0
440
 16777216
 48
4.0
100
AcDbPoint
 10
3879.163076904484
 20
1690.957106844953
 30
0.0
  0
POINT
  5
18D5
330
1732
100
AcDbEntity
  8
Defpoints
 62
     0
440
 16777216
 48
4.0
100
AcDbPoint
 10
3746.863076904483
 20
1626.397175132973
 30
0.0
  0
POINT
  5
18D6
330
1732
100
AcDbEntity
  8
Defpoints
 62
     0
440
 16777216
 48
4.0
100
AcDbPoint
 10
3746.863076904483
 20
1766.878903621357
 30
0.0
  0
ENDBLK
  5
1734
330
1732
100
AcDbEntity
  8
0
 48
4.0
100
AcDbBlockEnd
  0
BLOCK
  5
1795
330
1794
100
AcDbEntity
  8
0
 48
4.0
100
AcDbBlockBegin
  2
*D22
 70
     1
 10
0.0
 20
0.0
 30
0.0
  3
*D22
  1

  0
LINE
  5
18D7
330
1794
100
AcDbEntity
  8
0
 62
     0
440
 16777216
 48
4.0
370
    -2
100
AcDbLine
 10
3641.848537281343
 20
1716.278683791722
 30
0.0
 11
3684.147817444625
 21
1680.074905439709
 31
0.0
  0
MTEXT
  5
18D8
330
1794
100
AcDbEntity
  8
0
 62
     0
440
 16777216
 48
4.0
100
AcDbMText
 10
3663.333266380367
 20
1709.865684739517
 30
0.0
 40
9.0
 41
0.0
 46
0.0
 71
     5
 72
     1
  1
\A1;R73.6
 11
0.7597245240443206
 21
-0.6502450673135712
 31
0.0
 73
     1
 44
1.0
  0
SOLID
  5
18D9
330
1794
100
AcDbEntity
  8
0
 62
     0
440
 16777216
 48
4.0
100
AcDbTrace
 10
3685.123185045596
 20
1681.214492225776
 30
0.0
 11
3683.172449843655
 21
1678.935318653643
 31
0.0
 12
3690.985338161024
 22
1674.222699833887
 32
0.0
 13
3690.985338161024
 23
1674.222699833887
 33
0.0
  0
LINE
  5
18DA
330
1794
100
AcDbEntity
  8
0
 62
     0
440
 16777216
 48
4.0
370
    -2
100
AcDbLine
 10
3742.363076904484
 20
1626.397175132973
 30
0.0
 11
3751.363076904484
 21
1626.397175132973
 31
0.0
  0
LINE
  5
18DB
330
1794
100
AcDbEntity
  8
0
 62
     0
440
 16777216
 48
4.0
370
    -2
100
AcDbLine
 10
3746.863076904484
 20
1621.897175132973
 30
0.0
 11
3746.863076904484
 21
1630.897175132973
 31
0.0
  0
POINT
  5
18DC
330
1794
100
AcDbEntity
  8
Defpoints
 62
     0
440
 16777216
 48
4.0
100
AcDbPoint
 10
3690.985338161024
 20
1674.222699833887
 30
0.0
  0
POINT
  5
18DD
330
1794
100
AcDbEntity
  8
Defpoints
 62
     0
440
 16777216
 48
4.0
100
AcDbPoint
 10
3746.863076904484
 20
1626.397175132973
 30
0.0
  0
ENDBLK
  5
1796
330
1794
100
AcDbEntity
  8
0
 48
4.0
100
AcDbBlockEnd
  0
BLOCK
  5
17A9
330
17A8
100
AcDbEntity
  8
0
 48
4.0
100
AcDbBlockBegin
  2
*D23
 70
     1
 10
0.0
 20
0.0
 30
0.0
  3
*D23
  1

  0
LINE
  5
18DE
330
17A8
100
AcDbEntity
  8
0
 62
     0
440
 16777216
 48
4.0
370
    -2
100
AcDbLine
 10
3610.807392704725
 20
1654.732523058482
 30
0.0
 11
3666.047106499498
 21
1643.228141459972
 31
0.0
  0
MTEXT
  5
18DF
330
17A8
100
AcDbEntity
  8
0
 62
     0
440
 16777216
 48
4.0
100
AcDbMText
 10
3635.927490138741
 20
1659.04835271013
 30
0.0
 40
9.0
 41
0.0
 46
0.0
 71
     5
 72
     1
  1
\A1;∅147.1
 11
0.9789941902481555
 21
-0.2038881444821109
 31
0.0
 73
     1
 44
1.0
  0
SOLID
  5
18E0
330
17A8
100
AcDbEntity
  8
0
 62
     0
440
 16777216
 48
4.0
100
AcDbTrace
 10
3666.352938716221
 20
1644.696632745344
 30
0.0
 11
3665.741274282775
 21
1641.7596501746
 31
0.0
 12
3674.858054211731
 22
1641.393148159633
 32
0.0
 13
3674.858054211731
 23
1641.393148159633
 33
0.0
  0
LINE
  5
18E1
330
17A8
100
AcDbEntity
  8
0
 62
     0
440
 16777216
 48
4.0
370
    -2
100
AcDbLine
 10
3742.363076904484
 20
1626.397175132973
 30
0.0
 11
3751.363076904484
 21
1626.397175132973
 31
0.0
  0
LINE
  5
18E2
330
17A8
100
AcDbEntity
  8
0
 62
     0
440
 16777216
 48
4.0
370
    -2
100
AcDbLine
 10
3746.863076904484
 20
1621.897175132973
 30
0.0
 11
3746.863076904484
 21
1630.897175132974
 31
0.0
  0
POINT
  5
18E3
330
17A8
100
AcDbEntity
  8
Defpoints
 62
     0
440
 16777216
 48
4.0
100
AcDbPoint
 10
3674.858054211731
 20
1641.393148159633
 30
0.0
  0
POINT
  5
18E4
330
17A8
100
AcDbEntity
  8
Defpoints
 62
     0
440
 16777216
 48
4.0
100
AcDbPoint
 10
3818.868099597236
 20
1611.401202106314
 30
0.0
  0
ENDBLK
  5
17AA
330
17A8
100
AcDbEntity
  8
0
 48
4.0
100
AcDbBlockEnd
  0
BLOCK
  5
17BF
330
17BE
100
AcDbEntity
  8
0
 48
4.0
100
AcDbBlockBegin
  2
*D24
 70
     1
 10
0.0
 20
0.0
 30
0.0
  3
*D24
  1

  0
LINE
  5
18E5
330
17BE
100
AcDbEntity
  8
0
 62
     0
440
 16777216
 48
4.0
370
    -2
100
AcDbLine
 10
4144.052441599199
 20
1334.79293130278
 30
0.0
 11
4120.934332787729
 21
1334.79293130278
 31
0.0
  0
LINE
  5
18E6
330
17BE
100
AcDbEntity
  8
0
 62
     0
440
 16777216
 48
4.0
370
    -2
100
AcDbLine
 10
4144.052441599199
 20
1480.24420370278
 30
0.0
 11
4120.934332787729
 21
1480.24420370278
 31
0.0
  0
LINE
  5
18E7
330
17BE
100
AcDbEntity
  8
0
 62
     0
440
 16777216
 48
4.0
370
    -2
100
AcDbLine
 10
4129.934332787729
 20
1343.79293130278
 30
0.0
 11
4129.934332787729
 21
1471.24420370278
 31
0.0
  0
SOLID
  5
18E8
330
17BE
100
AcDbEntity
  8
0
 62
     0
440
 16777216
 48
4.0
100
AcDbTrace
 10
4128.434332787729
 20
1343.79293130278
 30
0.0
 11
4131.434332787729
 21
1343.79293130278
 31
0.0
 12
4129.934332787729
 22
1334.79293130278
 32
0.0
 13
4129.934332787729
 23
1334.79293130278
 33
0.0
  0
SOLID
  5
18E9
330
17BE
100
AcDbEntity
  8
0
 62
     0
440
 16777216
 48
4.0
100
AcDbTrace
 10
4128.434332787729
 20
1471.24420370278
 30
0.0
 11
4131.434332787729
 21
1471.24420370278
 31
0.0
 12
4129.934332787729
 22
1480.24420370278
 32
0.0
 13
4129.934332787729
 23
1480.24420370278
 33
0.0
  0
MTEXT
  5
18EA
330
17BE
100
AcDbEntity
  8
0
 62
     0
440
 16777216
 48
4.0
100
AcDbMText
 10
4120.839175898233
 20
1407.518567502781
 30
0.0
 40
9.0
 41
0.0
 46
0.0
 71
     5
 72
     1
  1
\A1;145.5
 11
0.0000000000000001
 21
1.0
 31
0.0
 73
     1
 44
1.0
  0
POINT
  5
18EB
330
17BE
100
AcDbEntity
  8
Defpoints
 62
     0
440
 16777216
 48
4.0
100
AcDbPoint
 10
4147.177441599199
 20
1334.79293130278
 30
0.0
  0
POINT
  5
18EC
330
17BE
100
AcDbEntity
  8
Defpoints
 62
     0
440
 16777216
 48
4.0
100
AcDbPoint
 10
4147.177441599199
 20
1480.24420370278
 30
0.0
  0
POINT
  5
18ED
330
17BE
100
AcDbEntity
  8
Defpoints
 62
     0
440
 16777216
 48
4.0
100
AcDbPoint
 10
4129.934332787729
 20
1480.24420370278
 30
0.0
  0
ENDBLK
  5
17C0
330
17BE
100
AcDbEntity
  8
0
 48
4.0
100
AcDbBlockEnd
  0
BLOCK
  5
180B
330
180A
100
AcDbEntity
  8
0
 48
4.0
100
AcDbBlockBegin
  2
*D25
 70
     1
 10
0.0
 20
0.0
 30
0.0
  3
*D25
  1

  0
LINE
  5
18EE
330
180A
100
AcDbEntity
  8
0
 62
     0
440
 16777216
 48
4.0
370
    -2
100
AcDbLine
 10
3793.192440755316
 20
1330.387631108631
 30
0.0
 11
3787.317440755316
 21
1330.387631108631
 31
0.0
  0
LINE
  5
18EF
330
180A
100
AcDbEntity
  8
0
 62
     0
440
 16777216
 48
4.0
370
    -2
100
AcDbLine
 10
3793.192440755316
 20
1306.053797108631
 30
0.0
 11
3787.317440755316
 21
1306.053797108631
 31
0.0
  0
LINE
  5
18F0
330
180A
100
AcDbEntity
  8
0
 62
     0
440
 16777216
 48
4.0
370
    -2
100
AcDbLine
 10
3796.317440755316
 20
1339.387631108631
 30
0.0
 11
3796.317440755316
 21
1348.387631108631
 31
0.0
  0
LINE
  5
18F1
330
180A
100
AcDbEntity
  8
0
 62
     0
440
 16777216
 48
4.0
370
    -2
100
AcDbLine
 10
3796.317440755316
 20
1297.053797108631
 30
0.0
 11
3796.317440755316
 21
1255.522419209586
 31
0.0
  0
SOLID
  5
18F2
330
180A
100
AcDbEntity
  8
0
 62
     0
440
 16777216
 48
4.0
100
AcDbTrace
 10
3794.817440755316
 20
1339.387631108631
 30
0.0
 11
3797.817440755316
 21
1339.387631108631
 31
0.0
 12
3796.317440755316
 22
1330.387631108631
 32
0.0
 13
3796.317440755316
 23
1330.387631108631
 33
0.0
  0
SOLID
  5
18F3
330
180A
100
AcDbEntity
  8
0
 62
     0
440
 16777216
 48
4.0
100
AcDbTrace
 10
3794.817440755316
 20
1297.053797108631
 30
0.0
 11
3797.817440755316
 21
1297.053797108631
 31
0.0
 12
3796.317440755316
 22
1306.053797108631
 32
0.0
 13
3796.317440755316
 23
1306.053797108631
 33
0.0
  0
MTEXT
  5
18F4
330
180A
100
AcDbEntity
  8
0
 62
     0
440
 16777216
 48
4.0
100
AcDbMText
 10
3787.21921428874
 20
1271.788108159109
 30
0.0
 40
9.0
 41
0.0
 46
0.0
 71
     5
 72
     1
  1
\A1;24.3
 11
0.0000000000000001
 21
1.0
 31
0.0
 73
     1
 44
1.0
  0
POINT
  5
18F5
330
180A
100
AcDbEntity
  8
Defpoints
 62
     0
440
 16777216
 48
4.0
100
AcDbPoint
 10
3796.317440755316
 20
1330.387631108631
 30
0.0
  0
POINT
  5
18F6
330
180A
100
AcDbEntity
  8
Defpoints
 62
     0
440
 16777216
 48
4.0
100
AcDbPoint
 10
3796.317440755316
 20
1306.053797108631
 30
0.0
  0
POINT
  5
18F7
330
180A
100
AcDbEntity
  8
Defpoints
 62
     0
440
 16777216
 48
4.0
100
AcDbPoint
 10
3796.317440755316
 20
1306.053797108631
 30
0.0
  0
ENDBLK
  5
180C
330
180A
100
AcDbEntity
  8
0
 48
4.0
100
AcDbBlockEnd
  0
BLOCK
  5
1833
330
1832
100
AcDbEntity
  8
0
 48
4.0
100
AcDbBlockBegin
  2
*D26
 70
     1
 10
0.0
 20
0.0
 30
0.0
  3
*D26
  1

  0
LINE
  5
18F8
330
1832
100
AcDbEntity
  8
0
 62
     0
440
 16777216
 48
4.0
370
    -2
100
AcDbLine
 10
1960.565815461931
 20
1347.312338275947
 30
0.0
 11
1960.565815461931
 21
1310.987649550705
 31
0.0
  0
LINE
  5
18F9
330
1832
100
AcDbEntity
  8
0
 62
     0
440
 16777216
 48
4.0
370
    -2
100
AcDbLine
 10
2107.716985861932
 20
1347.312338275947
 30
0.0
 11
2107.716985861932
 21
1310.987649550705
 31
0.0
  0
LINE
  5
18FA
330
1832
100
AcDbEntity
  8
0
 62
     0
440
 16777216
 48
4.0
370
    -2
100
AcDbLine
 10
1969.565815461931
 20
1319.987649550705
 30
0.0
 11
2098.716985861932
 21
1319.987649550705
 31
0.0
  0
SOLID
  5
18FB
330
1832
100
AcDbEntity
  8
0
 62
     0
440
 16777216
 48
4.0
100
AcDbTrace
 10
1969.565815461931
 20
1321.487649550705
 30
0.0
 11
1969.565815461931
 21
1318.487649550705
 31
0.0
 12
1960.565815461931
 22
1319.987649550705
 32
0.0
 13
1960.565815461931
 23
1319.987649550705
 33
0.0
  0
SOLID
  5
18FC
330
1832
100
AcDbEntity
  8
0
 62
     0
440
 16777216
 48
4.0
100
AcDbTrace
 10
2098.716985861932
 20
1321.487649550705
 30
0.0
 11
2098.716985861932
 21
1318.487649550705
 31
0.0
 12
2107.716985861932
 22
1319.987649550705
 32
0.0
 13
2107.716985861932
 23
1319.987649550705
 33
0.0
  0
MTEXT
  5
18FD
330
1832
100
AcDbEntity
  8
0
 62
     0
440
 16777216
 48
4.0
100
AcDbMText
 10
2034.141400661932
 20
1329.006067013188
 30
0.0
 40
9.0
 41
0.0
 46
0.0
 71
     5
 72
     1
  1
\A1;147.2
 73
     1
 44
1.0
  0
POINT
  5
18FE
330
1832
100
AcDbEntity
  8
Defpoints
 62
     0
440
 16777216
 48
4.0
100
AcDbPoint
 10
1960.565815461931
 20
1350.437338275947
 30
0.0
  0
POINT
  5
18FF
330
1832
100
AcDbEntity
  8
Defpoints
 62
     0
440
 16777216
 48
4.0
100
AcDbPoint
 10
2107.716985861932
 20
1350.437338275947
 30
0.0
  0
POINT
  5
1900
330
1832
100
AcDbEntity
  8
Defpoints
 62
     0
440
 16777216
 48
4.0
100
AcDbPoint
 10
2107.716985861932
 20
1319.987649550705
 30
0.0
  0
ENDBLK
  5
1834
330
1832
100
AcDbEntity
  8
0
 48
4.0
100
AcDbBlockEnd
  0
BLOCK
  5
196B
330
196A
100
AcDbEntity
  8
0
100
AcDbBlockBegin
  2
*D27
 70
     1
 10
0.0
 20
0.0
 30
0.0
  3
*D27
  1

  0
LINE
  5
196C
330
196A
100
AcDbEntity
  8
0
 62
     0
440
 16777216
370
    -2
100
AcDbLine
 10
1002.87011778312
 20
14078.3003068072
 30
0.0
 11
1002.87011778312
 21
13997.869969407
 31
0.0
  0
LINE
  5
196D
330
196A
100
AcDbEntity
  8
0
 62
     0
440
 16777216
370
    -2
100
AcDbLine
 10
1288.370117783121
 20
14078.3003068072
 30
0.0
 11
1288.370117783121
 21
13997.869969407
 31
0.0
  0
LINE
  5
196E
330
196A
100
AcDbEntity
  8
0
 62
     0
440
 16777216
370
    -2
100
AcDbLine
 10
1022.87011778312
 20
13999.119969407
 30
0.0
 11
1268.370117783121
 21
13999.119969407
 31
0.0
  0
SOLID
  5
196F
330
196A
100
AcDbEntity
  8
0
 62
     0
440
 16777216
100
AcDbTrace
 10
1022.87011778312
 20
14002.45330274034
 30
0.0
 11
1022.87011778312
 21
13995.78663607367
 31
0.0
 12
1002.87011778312
 22
13999.119969407
 32
0.0
 13
1002.87011778312
 23
13999.119969407
 33
0.0
  0
SOLID
  5
1970
330
196A
100
AcDbEntity
  8
0
 62
     0
440
 16777216
100
AcDbTrace
 10
1268.370117783121
 20
14002.45330274034
 30
0.0
 11
1268.370117783121
 21
13995.78663607367
 31
0.0
 12
1288.370117783121
 22
13999.119969407
 32
0.0
 13
1288.370117783121
 23
13999.119969407
 33
0.0
  0
MTEXT
  5
1971
330
196A
100
AcDbEntity
  8
0
 62
     0
440
 16777216
100
AcDbMText
 10
1145.62011778312
 20
14014.76884389541
 30
0.0
 40
25.0
 41
0.0
 46
0.0
 71
     5
 72
     1
  1
285,5
 73
     1
 44
1.0
  0
POINT
  5
1972
330
196A
100
AcDbEntity
  8
Defpoints
 62
     0
440
 16777216
100
AcDbPoint
 10
1002.87011778312
 20
14078.9253068072
 30
0.0
  0
POINT
  5
1973
330
196A
100
AcDbEntity
  8
Defpoints
 62
     0
440
 16777216
100
AcDbPoint
 10
1288.370117783121
 20
14078.9253068072
 30
0.0
  0
POINT
  5
1974
330
196A
100
AcDbEntity
  8
Defpoints
 62
     0
440
 16777216
100
AcDbPoint
 10
1288.370117783121
 20
13999.119969407
 30
0.0
  0
ENDBLK
  5
1975
330
196A
100
AcDbEntity
  8
0
100
AcDbBlockEnd
  0
BLOCK
  5
1977
330
1976
100
AcDbEntity
  8
0
100
AcDbBlockBegin
  2
*D28
 70
     1
 10
0.0
 20
0.0
 30
0.0
  3
*D28
  1

  0
LINE
  5
1978
330
1976
100
AcDbEntity
  8
0
 62
     0
440
 16777216
370
    -2
100
AcDbLine
 10
1292.370117783121
 20
14070.3003068072
 30
0.0
 11
1292.370117783121
 21
13997.17993771408
 31
0.0
  0
LINE
  5
1979
330
1976
100
AcDbEntity
  8
0
 62
     0
440
 16777216
370
    -2
100
AcDbLine
 10
2192.370117783121
 20
14070.3003068072
 30
0.0
 11
2192.370117783121
 21
13997.17993771408
 31
0.0
  0
LINE
  5
197A
330
1976
100
AcDbEntity
  8
0
 62
     0
440
 16777216
370
    -2
100
AcDbLine
 10
1312.370117783121
 20
13998.42993771408
 30
0.0
 11
2172.370117783121
 21
13998.42993771408
 31
0.0
  0
SOLID
  5
197B
330
1976
100
AcDbEntity
  8
0
 62
     0
440
 16777216
100
AcDbTrace
 10
1312.370117783121
 20
14001.76327104742
 30
0.0
 11
1312.370117783121
 21
13995.09660438075
 31
0.0
 12
1292.370117783121
 22
13998.42993771408
 32
0.0
 13
1292.370117783121
 23
13998.42993771408
 33
0.0
  0
SOLID
  5
197C
330
1976
100
AcDbEntity
  8
0
 62
     0
440
 16777216
100
AcDbTrace
 10
2172.370117783121
 20
14001.76327104742
 30
0.0
 11
2172.370117783121
 21
13995.09660438075
 31
0.0
 12
2192.370117783121
 22
13998.42993771408
 32
0.0
 13
2192.370117783121
 23
13998.42993771408
 33
0.0
  0
MTEXT
  5
197D
330
1976
100
AcDbEntity
  8
0
 62
     0
440
 16777216
100
AcDbMText
 10
1742.370117783121
 20
14011.81926240712
 30
0.0
 40
25.0
 41
0.0
 46
0.0
 71
     5
 72
     1
  1
900
 73
     1
 44
1.0
  0
POINT
  5
197E
330
1976
100
AcDbEntity
  8
Defpoints
 62
     0
440
 16777216
100
AcDbPoint
 10
1292.370117783121
 20
14070.9253068072
 30
0.0
  0
POINT
  5
197F
330
1976
100
AcDbEntity
  8
Defpoints
 62
     0
440
 16777216
100
AcDbPoint
 10
2192.370117783121
 20
14070.9253068072
 30
-0.0000000000001421
  0
POINT
  5
1980
330
1976
100
AcDbEntity
  8
Defpoints
 62
     0
440
 16777216
100
AcDbPoint
 10
2192.370117783121
 20
13998.42993771408
 30
0.0
  0
ENDBLK
  5
1981
330
1976
100
AcDbEntity
  8
0
100
AcDbBlockEnd
  0
BLOCK
  5
1983
330
1982
100
AcDbEntity
  8
0
100
AcDbBlockBegin
  2
*D29
 70
     1
 10
0.0
 20
0.0
 30
0.0
  3
*D29
  1

  0
LINE
  5
1984
330
1982
100
AcDbEntity
  8
0
 62
     0
440
 16777216
370
    -2
100
AcDbLine
 10
2213.370117783121
 20
14078.3003068072
 30
0.0
 11
2213.370117783121
 21
13994.56171621239
 31
0.0
  0
LINE
  5
1985
330
1982
100
AcDbEntity
  8
0
 62
     0
440
 16777216
370
    -2
100
AcDbLine
 10
2481.87011778312
 20
14078.3003068072
 30
0.0
 11
2481.87011778312
 21
13994.56171621239
 31
0.0
  0
LINE
  5
1986
330
1982
100
AcDbEntity
  8
0
 62
     0
440
 16777216
370
    -2
100
AcDbLine
 10
2233.370117783121
 20
13995.81171621239
 30
0.0
 11
2461.87011778312
 21
13995.81171621239
 31
0.0
  0
SOLID
  5
1987
330
1982
100
AcDbEntity
  8
0
 62
     0
440
 16777216
100
AcDbTrace
 10
2233.370117783121
 20
13999.14504954573
 30
0.0
 11
2233.370117783121
 21
13992.47838287906
 31
0.0
 12
2213.370117783121
 22
13995.81171621239
 32
0.0
 13
2213.370117783121
 23
13995.81171621239
 33
0.0
  0
SOLID
  5
1988
330
1982
100
AcDbEntity
  8
0
 62
     0
440
 16777216
100
AcDbTrace
 10
2461.87011778312
 20
13999.14504954573
 30
0.0
 11
2461.87011778312
 21
13992.47838287906
 31
0.0
 12
2481.87011778312
 22
13995.81171621239
 32
0.0
 13
2481.87011778312
 23
13995.81171621239
 33
0.0
  0
MTEXT
  5
1989
330
1982
100
AcDbEntity
  8
0
 62
     0
440
 16777216
100
AcDbMText
 10
2347.620117783121
 20
14011.4605907008
 30
0.0
 40
25.0
 41
0.0
 46
0.0
 71
     5
 72
     1
  1
268,5
 73
     1
 44
1.0
  0
POINT
  5
198A
330
1982
100
AcDbEntity
  8
Defpoints
 62
     0
440
 16777216
100
AcDbPoint
 10
2213.370117783121
 20
14078.9253068072
 30
0.0
  0
POINT
  5
198B
330
1982
100
AcDbEntity
  8
Defpoints
 62
     0
440
 16777216
100
AcDbPoint
 10
2481.87011778312
 20
14078.9253068072
 30
0.0
  0
POINT
  5
198C
330
1982
100
AcDbEntity
  8
Defpoints
 62
     0
440
 16777216
100
AcDbPoint
 10
2481.87011778312
 20
13995.81171621239
 30
0.0
  0
ENDBLK
  5
198D
330
1982
100
AcDbEntity
  8
0
100
AcDbBlockEnd
  0
BLOCK
  5
198F
330
198E
100
AcDbEntity
  8
0
100
AcDbBlockBegin
  2
*D30
 70
     1
 10
0.0
 20
0.0
 30
0.0
  3
*D30
  1

  0
LINE
  5
1990
330
198E
100
AcDbEntity
  8
0
 62
     0
440
 16777216
370
    -2
100
AcDbLine
 10
1002.24511778312
 20
16390.9253068072
 30
0.0
 11
928.9298000426972
 21
16390.9253068072
 31
0.0
  0
LINE
  5
1991
330
198E
100
AcDbEntity
  8
0
 62
     0
440
 16777216
370
    -2
100
AcDbLine
 10
1002.24511778312
 20
14078.9253068072
 30
0.0
 11
928.9298000426967
 21
14078.9253068072
 31
0.0
  0
LINE
  5
1992
330
198E
100
AcDbEntity
  8
0
 62
     0
440
 16777216
370
    -2
100
AcDbLine
 10
930.1798000426972
 20
16370.9253068072
 30
0.0
 11
930.1798000426968
 21
14098.9253068072
 31
0.0
  0
SOLID
  5
1993
330
198E
100
AcDbEntity
  8
0
 62
     0
440
 16777216
100
AcDbTrace
 10
926.8464667093638
 20
16370.9253068072
 30
0.0
 11
933.5131333760307
 21
16370.9253068072
 31
0.0
 12
930.1798000426972
 22
16390.9253068072
 32
0.0
 13
930.1798000426972
 23
16390.9253068072
 33
0.0
  0
SOLID
  5
1994
330
198E
100
AcDbEntity
  8
0
 62
     0
440
 16777216
100
AcDbTrace
 10
926.8464667093635
 20
14098.9253068072
 30
0.0
 11
933.5131333760301
 21
14098.9253068072
 31
0.0
 12
930.1798000426966
 22
14078.9253068072
 32
0.0
 13
930.1798000426966
 23
14078.9253068072
 33
0.0
  0
MTEXT
  5
1995
330
198E
100
AcDbEntity
  8
0
 62
     0
440
 16777216
100
AcDbMText
 10
916.7819487466509
 20
15234.9253068072
 30
0.0
 40
25.0
 41
0.0
 46
0.0
 71
     5
 72
     1
  1
2312
 11
0.0000000000000001
 21
1.0
 31
0.0
 73
     1
 44
1.0
  0
POINT
  5
1996
330
198E
100
AcDbEntity
  8
Defpoints
 62
     0
440
 16777216
100
AcDbPoint
 10
1002.87011778312
 20
16390.9253068072
 30
0.0
  0
POINT
  5
1997
330
198E
100
AcDbEntity
  8
Defpoints
 62
     0
440
 16777216
100
AcDbPoint
 10
1002.87011778312
 20
14078.9253068072
 30
0.0
  0
POINT
  5
1998
330
198E
100
AcDbEntity
  8
Defpoints
 62
     0
440
 16777216
100
AcDbPoint
 10
930.1798000426966
 20
14078.9253068072
 30
0.0
  0
ENDBLK
  5
1999
330
198E
100
AcDbEntity
  8
0
100
AcDbBlockEnd
  0
BLOCK
  5
199B
330
199A
100
AcDbEntity
  8
0
100
AcDbBlockBegin
  2
*D31
 70
     1
 10
0.0
 20
0.0
 30
0.0
  3
*D31
  1

  0
LINE
  5
199C
330
199A
100
AcDbEntity
  8
0
 62
     0
440
 16777216
370
    -2
100
AcDbLine
 10
2482.49511778312
 20
16390.9253068072
 30
0.0
 11
2563.25918155276
 21
16390.9253068072
 31
0.0
  0
LINE
  5
199D
330
199A
100
AcDbEntity
  8
0
 62
     0
440
 16777216
370
    -2
100
AcDbLine
 10
2482.49511778312
 20
14078.9253068072
 30
0.0
 11
2563.259181552759
 21
14078.9253068072
 31
0.0
  0
LINE
  5
199E
330
199A
100
AcDbEntity
  8
0
 62
     0
440
 16777216
370
    -2
100
AcDbLine
 10
2562.00918155276
 20
16370.9253068072
 30
0.0
 11
2562.00918155276
 21
14098.9253068072
 31
0.0
  0
SOLID
  5
199F
330
199A
100
AcDbEntity
  8
0
 62
     0
440
 16777216
100
AcDbTrace
 10
2558.675848219426
 20
16370.9253068072
 30
0.0
 11
2565.342514886093
 21
16370.9253068072
 31
0.0
 12
2562.00918155276
 22
16390.9253068072
 32
0.0
 13
2562.00918155276
 23
16390.9253068072
 33
0.0
  0
SOLID
  5
19A0
330
199A
100
AcDbEntity
  8
0
 62
     0
440
 16777216
100
AcDbTrace
 10
2558.675848219426
 20
14098.9253068072
 30
0.0
 11
2565.342514886093
 21
14098.9253068072
 31
0.0
 12
2562.00918155276
 22
14078.9253068072
 32
0.0
 13
2562.00918155276
 23
14078.9253068072
 33
0.0
  0
MTEXT
  5
19A1
330
199A
100
AcDbEntity
  8
0
 62
     0
440
 16777216
100
AcDbMText
 10
2548.611330256714
 20
15234.9253068072
 30
0.0
 40
25.0
 41
0.0
 46
0.0
 71
     5
 72
     1
  1
2312
 11
0.0000000000000001
 21
1.0
 31
0.0
 73
     1
 44
1.0
  0
POINT
  5
19A2
330
199A
100
AcDbEntity
  8
Defpoints
 62
     0
440
 16777216
100
AcDbPoint
 10
2481.87011778312
 20
16390.9253068072
 30
0.0
  0
POINT
  5
19A3
330
199A
100
AcDbEntity
  8
Defpoints
 62
     0
440
 16777216
100
AcDbPoint
 10
2481.87011778312
 20
14078.9253068072
 30
0.0
  0
POINT
  5
19A4
330
199A
100
AcDbEntity
  8
Defpoints
 62
     0
440
 16777216
100
AcDbPoint
 10
2562.00918155276
 20
14078.9253068072
 30
0.0
  0
ENDBLK
  5
19A5
330
199A
100
AcDbEntity
  8
0
100
AcDbBlockEnd
  0
BLOCK
  5
19A7
330
19A6
100
AcDbEntity
  8
0
100
AcDbBlockBegin
  2
*D32
 70
     1
 10
0.0
 20
0.0
 30
0.0
  3
*D32
  1

  0
LINE
  5
19A8
330
19A6
100
AcDbEntity
  8
0
 62
     0
440
 16777216
370
    -2
100
AcDbLine
 10
3167.001579372398
 20
16390.9253068072
 30
0.0
 11
3088.78720655428
 21
16390.9253068072
 31
0.0
  0
LINE
  5
19A9
330
19A6
100
AcDbEntity
  8
0
 62
     0
440
 16777216
370
    -2
100
AcDbLine
 10
3167.001579372398
 20
14078.9253068072
 30
0.0
 11
3088.78720655428
 21
14078.9253068072
 31
0.0
  0
LINE
  5
19AA
330
19A6
100
AcDbEntity
  8
0
 62
     0
440
 16777216
370
    -2
100
AcDbLine
 10
3090.03720655428
 20
16370.9253068072
 30
0.0
 11
3090.03720655428
 21
14098.9253068072
 31
0.0
  0
SOLID
  5
19AB
330
19A6
100
AcDbEntity
  8
0
 62
     0
440
 16777216
100
AcDbTrace
 10
3086.703873220947
 20
16370.9253068072
 30
0.0
 11
3093.370539887614
 21
16370.9253068072
 31
0.0
 12
3090.03720655428
 22
16390.9253068072
 32
0.0
 13
3090.03720655428
 23
16390.9253068072
 33
0.0
  0
SOLID
  5
19AC
330
19A6
100
AcDbEntity
  8
0
 62
     0
440
 16777216
100
AcDbTrace
 10
3086.703873220946
 20
14098.9253068072
 30
0.0
 11
3093.370539887613
 21
14098.9253068072
 31
0.0
 12
3090.03720655428
 22
14078.9253068072
 32
0.0
 13
3090.03720655428
 23
14078.9253068072
 33
0.0
  0
MTEXT
  5
19AD
330
19A6
100
AcDbEntity
  8
0
 62
     0
440
 16777216
100
AcDbMText
 10
3076.639355258234
 20
15234.9253068072
 30
0.0
 40
25.0
 41
0.0
 46
0.0
 71
     5
 72
     1
  1
2312
 11
0.0000000000000001
 21
1.0
 31
0.0
 73
     1
 44
1.0
  0
POINT
  5
19AE
330
19A6
100
AcDbEntity
  8
Defpoints
 62
     0
440
 16777216
100
AcDbPoint
 10
3167.626579372398
 20
16390.9253068072
 30
0.0
  0
POINT
  5
19AF
330
19A6
100
AcDbEntity
  8
Defpoints
 62
     0
440
 16777216
100
AcDbPoint
 10
3167.626579372398
 20
14078.9253068072
 30
0.0
  0
POINT
  5
19B0
330
19A6
100
AcDbEntity
  8
Defpoints
 62
     0
440
 16777216
100
AcDbPoint
 10
3090.03720655428
 20
14078.9253068072
 30
0.0
  0
ENDBLK
  5
19B1
330
19A6
100
AcDbEntity
  8
0
100
AcDbBlockEnd
  0
BLOCK
  5
19B3
330
19B2
100
AcDbEntity
  8
0
100
AcDbBlockBegin
  2
*D33
 70
     1
 10
0.0
 20
0.0
 30
0.0
  3
*D33
  1

  0
LINE
  5
19B4
330
19B2
100
AcDbEntity
  8
0
 62
     0
440
 16777216
370
    -2
100
AcDbLine
 10
3167.626579372398
 20
14078.3003068072
 30
0.0
 11
3167.626579372398
 21
13982.85700537937
 31
0.0
  0
LINE
  5
19B5
330
19B2
100
AcDbEntity
  8
0
 62
     0
440
 16777216
370
    -2
100
AcDbLine
 10
3447.626579372399
 20
14078.3003068072
 30
0.0
 11
3447.626579372399
 21
13982.85700537937
 31
0.0
  0
LINE
  5
19B6
330
19B2
100
AcDbEntity
  8
0
 62
     0
440
 16777216
370
    -2
100
AcDbLine
 10
3187.626579372398
 20
13984.10700537937
 30
0.0
 11
3427.626579372398
 21
13984.10700537937
 31
0.0
  0
SOLID
  5
19B7
330
19B2
100
AcDbEntity
  8
0
 62
     0
440
 16777216
100
AcDbTrace
 10
3187.626579372398
 20
13987.44033871271
 30
0.0
 11
3187.626579372398
 21
13980.77367204604
 31
0.0
 12
3167.626579372398
 22
13984.10700537937
 32
0.0
 13
3167.626579372398
 23
13984.10700537937
 33
0.0
  0
SOLID
  5
19B8
330
19B2
100
AcDbEntity
  8
0
 62
     0
440
 16777216
100
AcDbTrace
 10
3427.626579372398
 20
13987.44033871271
 30
0.0
 11
3427.626579372398
 21
13980.77367204604
 31
0.0
 12
3447.626579372399
 22
13984.10700537937
 32
0.0
 13
3447.626579372399
 23
13984.10700537937
 33
0.0
  0
MTEXT
  5
19B9
330
19B2
100
AcDbEntity
  8
0
 62
     0
440
 16777216
100
AcDbMText
 10
3307.626579372398
 20
13997.49633007241
 30
0.0
 40
25.0
 41
0.0
 46
0.0
 71
     5
 72
     1
  1
280
 73
     1
 44
1.0
  0
POINT
  5
19BA
330
19B2
100
AcDbEntity
  8
Defpoints
 62
     0
440
 16777216
100
AcDbPoint
 10
3167.626579372398
 20
14078.9253068072
 30
0.0
  0
POINT
  5
19BB
330
19B2
100
AcDbEntity
  8
Defpoints
 62
     0
440
 16777216
100
AcDbPoint
 10
3447.626579372399
 20
14078.9253068072
 30
0.0
  0
POINT
  5
19BC
330
19B2
100
AcDbEntity
  8
Defpoints
 62
     0
440
 16777216
100
AcDbPoint
 10
3447.626579372399
 20
13984.10700537937
 30
0.0
  0
ENDBLK
  5
19BD
330
19B2
100
AcDbEntity
  8
0
100
AcDbBlockEnd
  0
BLOCK
  5
19BF
330
19BE
100
AcDbEntity
  8
0
100
AcDbBlockBegin
  2
*D34
 70
     1
 10
0.0
 20
0.0
 30
0.0
  3
*D34
  1

  0
LINE
  5
19C0
330
19BE
100
AcDbEntity
  8
0
 62
     0
440
 16777216
370
    -2
100
AcDbLine
 10
3451.626579372398
 20
14070.3003068072
 30
0.0
 11
3451.626579372398
 21
13982.98614511252
 31
0.0
  0
LINE
  5
19C1
330
19BE
100
AcDbEntity
  8
0
 62
     0
440
 16777216
370
    -2
100
AcDbLine
 10
4351.626579372398
 20
14070.3003068072
 30
0.0
 11
4351.626579372398
 21
13982.98614511252
 31
0.0
  0
LINE
  5
19C2
330
19BE
100
AcDbEntity
  8
0
 62
     0
440
 16777216
370
    -2
100
AcDbLine
 10
3471.626579372398
 20
13984.23614511252
 30
0.0
 11
4331.626579372398
 21
13984.23614511252
 31
0.0
  0
SOLID
  5
19C3
330
19BE
100
AcDbEntity
  8
0
 62
     0
440
 16777216
100
AcDbTrace
 10
3471.626579372398
 20
13987.56947844585
 30
0.0
 11
3471.626579372398
 21
13980.90281177919
 31
0.0
 12
3451.626579372398
 22
13984.23614511252
 32
0.0
 13
3451.626579372398
 23
13984.23614511252
 33
0.0
  0
SOLID
  5
19C4
330
19BE
100
AcDbEntity
  8
0
 62
     0
440
 16777216
100
AcDbTrace
 10
4331.626579372398
 20
13987.56947844585
 30
0.0
 11
4331.626579372398
 21
13980.90281177919
 31
0.0
 12
4351.626579372398
 22
13984.23614511252
 32
0.0
 13
4351.626579372398
 23
13984.23614511252
 33
0.0
  0
MTEXT
  5
19C5
330
19BE
100
AcDbEntity
  8
0
 62
     0
440
 16777216
100
AcDbMText
 10
3901.626579372398
 20
13997.62546980556
 30
0.0
 40
25.0
 41
0.0
 46
0.0
 71
     5
 72
     1
  1
900
 73
     1
 44
1.0
  0
POINT
  5
19C6
330
19BE
100
AcDbEntity
  8
Defpoints
 62
     0
440
 16777216
100
AcDbPoint
 10
3451.626579372398
 20
14070.9253068072
 30
0.0
  0
POINT
  5
19C7
330
19BE
100
AcDbEntity
  8
Defpoints
 62
     0
440
 16777216
100
AcDbPoint
 10
4351.626579372398
 20
14070.9253068072
 30
-0.0000000000001421
  0
POINT
  5
19C8
330
19BE
100
AcDbEntity
  8
Defpoints
 62
     0
440
 16777216
100
AcDbPoint
 10
4351.626579372398
 20
13984.23614511252
 30
0.0
  0
ENDBLK
  5
19C9
330
19BE
100
AcDbEntity
  8
0
100
AcDbBlockEnd
  0
BLOCK
  5
19CB
330
19CA
100
AcDbEntity
  8
0
100
AcDbBlockBegin
  2
*D35
 70
     1
 10
0.0
 20
0.0
 30
0.0
  3
*D35
  1

  0
LINE
  5
19CC
330
19CA
100
AcDbEntity
  8
0
 62
     0
440
 16777216
370
    -2
100
AcDbLine
 10
4372.626579372398
 20
14078.3003068072
 30
0.0
 11
4372.626579372398
 21
13983.58137537681
 31
0.0
  0
LINE
  5
19CD
330
19CA
100
AcDbEntity
  8
0
 62
     0
440
 16777216
370
    -2
100
AcDbLine
 10
4635.626579372398
 20
14078.3003068072
 30
0.0
 11
4635.626579372398
 21
13983.58137537681
 31
0.0
  0
LINE
  5
19CE
330
19CA
100
AcDbEntity
  8
0
 62
     0
440
 16777216
370
    -2
100
AcDbLine
 10
4392.626579372397
 20
13984.83137537681
 30
0.0
 11
4615.626579372398
 21
13984.83137537681
 31
0.0
  0
SOLID
  5
19CF
330
19CA
100
AcDbEntity
  8
0
 62
     0
440
 16777216
100
AcDbTrace
 10
4392.626579372397
 20
13988.16470871015
 30
0.0
 11
4392.626579372397
 21
13981.49804204348
 31
0.0
 12
4372.626579372398
 22
13984.83137537681
 32
0.0
 13
4372.626579372398
 23
13984.83137537681
 33
0.0
  0
SOLID
  5
19D0
330
19CA
100
AcDbEntity
  8
0
 62
     0
440
 16777216
100
AcDbTrace
 10
4615.626579372398
 20
13988.16470871015
 30
0.0
 11
4615.626579372398
 21
13981.49804204348
 31
0.0
 12
4635.626579372398
 22
13984.83137537681
 32
0.0
 13
4635.626579372398
 23
13984.83137537681
 33
0.0
  0
MTEXT
  5
19D1
330
19CA
100
AcDbEntity
  8
0
 62
     0
440
 16777216
100
AcDbMText
 10
4504.126579372398
 20
13998.22922667286
 30
0.0
 40
25.0
 41
0.0
 46
0.0
 71
     5
 72
     1
  1
263
 73
     1
 44
1.0
  0
POINT
  5
19D2
330
19CA
100
AcDbEntity
  8
Defpoints
 62
     0
440
 16777216
100
AcDbPoint
 10
4372.626579372398
 20
14078.9253068072
 30
0.0
  0
POINT
  5
19D3
330
19CA
100
AcDbEntity
  8
Defpoints
 62
     0
440
 16777216
100
AcDbPoint
 10
4635.626579372398
 20
14078.9253068072
 30
0.0
  0
POINT
  5
19D4
330
19CA
100
AcDbEntity
  8
Defpoints
 62
     0
440
 16777216
100
AcDbPoint
 10
4635.626579372398
 20
13984.83137537681
 30
0.0
  0
ENDBLK
  5
19D5
330
19CA
100
AcDbEntity
  8
0
100
AcDbBlockEnd
  0
BLOCK
  5
19D7
330
19D6
100
AcDbEntity
  8
0
100
AcDbBlockBegin
  2
*D36
 70
     1
 10
0.0
 20
0.0
 30
0.0
  3
*D36
  1

  0
LINE
  5
19D8
330
19D6
100
AcDbEntity
  8
0
 62
     0
440
 16777216
370
    -2
100
AcDbLine
 10
4636.251579372397
 20
16390.9253068072
 30
0.0
 11
4707.546930688044
 21
16390.9253068072
 31
0.0
  0
LINE
  5
19D9
330
19D6
100
AcDbEntity
  8
0
 62
     0
440
 16777216
370
    -2
100
AcDbLine
 10
4636.251579372397
 20
14078.9253068072
 30
0.0
 11
4707.546930688043
 21
14078.9253068072
 31
0.0
  0
LINE
  5
19DA
330
19D6
100
AcDbEntity
  8
0
 62
     0
440
 16777216
370
    -2
100
AcDbLine
 10
4706.296930688044
 20
16370.9253068072
 30
0.0
 11
4706.296930688043
 21
14098.9253068072
 31
0.0
  0
SOLID
  5
19DB
330
19D6
100
AcDbEntity
  8
0
 62
     0
440
 16777216
100
AcDbTrace
 10
4702.963597354711
 20
16370.9253068072
 30
0.0
 11
4709.630264021376
 21
16370.9253068072
 31
0.0
 12
4706.296930688044
 22
16390.9253068072
 32
0.0
 13
4706.296930688044
 23
16390.9253068072
 33
0.0
  0
SOLID
  5
19DC
330
19D6
100
AcDbEntity
  8
0
 62
     0
440
 16777216
100
AcDbTrace
 10
4702.96359735471
 20
14098.9253068072
 30
0.0
 11
4709.630264021376
 21
14098.9253068072
 31
0.0
 12
4706.296930688043
 22
14078.9253068072
 32
0.0
 13
4706.296930688043
 23
14078.9253068072
 33
0.0
  0
MTEXT
  5
19DD
330
19D6
100
AcDbEntity
  8
0
 62
     0
440
 16777216
100
AcDbMText
 10
4692.899079391997
 20
15234.9253068072
 30
0.0
 40
25.0
 41
0.0
 46
0.0
 71
     5
 72
     1
  1
2312
 11
0.0000000000000001
 21
1.0
 31
0.0
 73
     1
 44
1.0
  0
POINT
  5
19DE
330
19D6
100
AcDbEntity
  8
Defpoints
 62
     0
440
 16777216
100
AcDbPoint
 10
4635.626579372398
 20
16390.9253068072
 30
0.0
  0
POINT
  5
19DF
330
19D6
100
AcDbEntity
  8
Defpoints
 62
     0
440
 16777216
100
AcDbPoint
 10
4635.626579372398
 20
14078.9253068072
 30
0.0
  0
POINT
  5
19E0
330
19D6
100
AcDbEntity
  8
Defpoints
 62
     0
440
 16777216
100
AcDbPoint
 10
4706.296930688043
 20
14078.9253068072
 30
0.0
  0
ENDBLK
  5
19E1
330
19D6
100
AcDbEntity
  8
0
100
AcDbBlockEnd
  0
BLOCK
  5
19E3
330
19E2
100
AcDbEntity
  8
0
100
AcDbBlockBegin
  2
*D37
 70
     1
 10
0.0
 20
0.0
 30
0.0
  3
*D37
  1

  0
LINE
  5
19E4
330
19E2
100
AcDbEntity
  8
0
 62
     0
440
 16777216
370
    -2
100
AcDbLine
 10
12397.98838284139
 20
14378.30030680721
 30
0.0
 11
12397.98838284139
 21
14279.60111229129
 31
0.0
  0
LINE
  5
19E5
330
19E2
100
AcDbEntity
  8
0
 62
     0
440
 16777216
370
    -2
100
AcDbLine
 10
13272.98838284139
 20
14378.30030680721
 30
0.0
 11
13272.98838284139
 21
14279.60111229129
 31
0.0
  0
LINE
  5
19E6
330
19E2
100
AcDbEntity
  8
0
 62
     0
440
 16777216
370
    -2
100
AcDbLine
 10
12417.98838284139
 20
14280.85111229129
 30
0.0
 11
13252.98838284139
 21
14280.85111229129
 31
0.0
  0
SOLID
  5
19E7
330
19E2
100
AcDbEntity
  8
0
 62
     0
440
 16777216
100
AcDbTrace
 10
12417.98838284139
 20
14284.18444562462
 30
0.0
 11
12417.98838284139
 21
14277.51777895795
 31
0.0
 12
12397.98838284139
 22
14280.85111229129
 32
0.0
 13
12397.98838284139
 23
14280.85111229129
 33
0.0
  0
SOLID
  5
19E8
330
19E2
100
AcDbEntity
  8
0
 62
     0
440
 16777216
100
AcDbTrace
 10
13252.98838284139
 20
14284.18444562462
 30
0.0
 11
13252.98838284139
 21
14277.51777895795
 31
0.0
 12
13272.98838284139
 22
14280.85111229129
 32
0.0
 13
13272.98838284139
 23
14280.85111229129
 33
0.0
  0
MTEXT
  5
19E9
330
19E2
100
AcDbEntity
  8
0
 62
     0
440
 16777216
100
AcDbMText
 10
12835.48838284139
 20
14294.24043698433
 30
0.0
 40
25.0
 41
0.0
 46
0.0
 71
     5
 72
     1
  1
875
 73
     1
 44
1.0
  0
POINT
  5
19EA
330
19E2
100
AcDbEntity
  8
Defpoints
 62
     0
440
 16777216
100
AcDbPoint
 10
12397.98838284139
 20
14378.9253068072
 30
0.0
  0
POINT
  5
19EB
330
19E2
100
AcDbEntity
  8
Defpoints
 62
     0
440
 16777216
100
AcDbPoint
 10
13272.98838284139
 20
14378.9253068072
 30
0.0
  0
POINT
  5
19EC
330
19E2
100
AcDbEntity
  8
Defpoints
 62
     0
440
 16777216
100
AcDbPoint
 10
13272.98838284139
 20
14280.85111229129
 30
0.0
  0
ENDBLK
  5
19ED
330
19E2
100
AcDbEntity
  8
0
100
AcDbBlockEnd
  0
BLOCK
  5
19EF
330
19EE
100
AcDbEntity
  8
0
100
AcDbBlockBegin
  2
*D38
 70
     1
 10
0.0
 20
0.0
 30
0.0
  3
*D38
  1

  0
LINE
  5
19F0
330
19EE
100
AcDbEntity
  8
0
 62
     0
440
 16777216
370
    -2
100
AcDbLine
 10
13275.98838284139
 20
14378.30030680721
 30
0.0
 11
13275.98838284139
 21
14279.13294364949
 31
0.0
  0
LINE
  5
19F1
330
19EE
100
AcDbEntity
  8
0
 62
     0
440
 16777216
370
    -2
100
AcDbLine
 10
14109.98838284139
 20
14378.30030680721
 30
0.0
 11
14109.98838284139
 21
14279.13294364949
 31
0.0
  0
LINE
  5
19F2
330
19EE
100
AcDbEntity
  8
0
 62
     0
440
 16777216
370
    -2
100
AcDbLine
 10
13295.98838284139
 20
14280.38294364949
 30
0.0
 11
14089.98838284139
 21
14280.38294364949
 31
0.0
  0
SOLID
  5
19F3
330
19EE
100
AcDbEntity
  8
0
 62
     0
440
 16777216
100
AcDbTrace
 10
13295.98838284139
 20
14283.71627698283
 30
0.0
 11
13295.98838284139
 21
14277.04961031616
 31
0.0
 12
13275.98838284139
 22
14280.38294364949
 32
0.0
 13
13275.98838284139
 23
14280.38294364949
 33
0.0
  0
SOLID
  5
19F4
330
19EE
100
AcDbEntity
  8
0
 62
     0
440
 16777216
100
AcDbTrace
 10
14089.98838284139
 20
14283.71627698283
 30
0.0
 11
14089.98838284139
 21
14277.04961031616
 31
0.0
 12
14109.98838284139
 22
14280.38294364949
 32
0.0
 13
14109.98838284139
 23
14280.38294364949
 33
0.0
  0
MTEXT
  5
19F5
330
19EE
100
AcDbEntity
  8
0
 62
     0
440
 16777216
100
AcDbMText
 10
13692.98838284139
 20
14293.78079494554
 30
0.0
 40
25.0
 41
0.0
 46
0.0
 71
     5
 72
     1
  1
834
 73
     1
 44
1.0
  0
POINT
  5
19F6
330
19EE
100
AcDbEntity
  8
Defpoints
 62
     0
440
 16777216
100
AcDbPoint
 10
13275.98838284139
 20
14378.9253068072
 30
0.0
  0
POINT
  5
19F7
330
19EE
100
AcDbEntity
  8
Defpoints
 62
     0
440
 16777216
100
AcDbPoint
 10
14109.98838284139
 20
14378.9253068072
 30
0.0
  0
POINT
  5
19F8
330
19EE
100
AcDbEntity
  8
Defpoints
 62
     0
440
 16777216
100
AcDbPoint
 10
14109.98838284139
 20
14280.38294364949
 30
0.0
  0
ENDBLK
  5
19F9
330
19EE
100
AcDbEntity
  8
0
100
AcDbBlockEnd
  0
BLOCK
  5
19FB
330
19FA
100
AcDbEntity
  8
0
100
AcDbBlockBegin
  2
*D39
 70
     1
 10
0.0
 20
0.0
 30
0.0
  3
*D39
  1

  0
LINE
  5
19FC
330
19FA
100
AcDbEntity
  8
0
 62
     0
440
 16777216
370
    -2
100
AcDbLine
 10
12397.36338284139
 20
16390.9253068072
 30
0.0
 11
12343.84735393218
 21
16390.9253068072
 31
0.0
  0
LINE
  5
19FD
330
19FA
100
AcDbEntity
  8
0
 62
     0
440
 16777216
370
    -2
100
AcDbLine
 10
12397.36338284139
 20
14378.9253068072
 30
0.0
 11
12343.84735393218
 21
14378.9253068072
 31
0.0
  0
LINE
  5
19FE
330
19FA
100
AcDbEntity
  8
0
 62
     0
440
 16777216
370
    -2
100
AcDbLine
 10
12345.09735393217
 20
16370.9253068072
 30
0.0
 11
12345.09735393217
 21
14398.9253068072
 31
0.0
  0
SOLID
  5
19FF
330
19FA
100
AcDbEntity
  8
0
 62
     0
440
 16777216
100
AcDbTrace
 10
12341.76402059884
 20
16370.9253068072
 30
0.0
 11
12348.43068726551
 21
16370.9253068072
 31
0.0
 12
12345.09735393217
 22
16390.9253068072
 32
0.0
 13
12345.09735393217
 23
16390.9253068072
 33
0.0
  0
SOLID
  5
1A00
330
19FA
100
AcDbEntity
  8
0
 62
     0
440
 16777216
100
AcDbTrace
 10
12341.76402059884
 20
14398.9253068072
 30
0.0
 11
12348.43068726551
 21
14398.9253068072
 31
0.0
 12
12345.09735393217
 22
14378.9253068072
 32
0.0
 13
12345.09735393217
 23
14378.9253068072
 33
0.0
  0
MTEXT
  5
1A01
330
19FA
100
AcDbEntity
  8
0
 62
     0
440
 16777216
100
AcDbMText
 10
12331.70802923913
 20
15384.92530680721
 30
0.0
 40
25.0
 41
0.0
 46
0.0
 71
     5
 72
     1
  1
2012
 11
0.0000000000000001
 21
1.0
 31
0.0
 73
     1
 44
1.0
  0
POINT
  5
1A02
330
19FA
100
AcDbEntity
  8
Defpoints
 62
     0
440
 16777216
100
AcDbPoint
 10
12397.98838284139
 20
16390.9253068072
 30
0.0
  0
POINT
  5
1A03
330
19FA
100
AcDbEntity
  8
Defpoints
 62
     0
440
 16777216
100
AcDbPoint
 10
12397.98838284139
 20
14378.9253068072
 30
0.0
  0
POINT
  5
1A04
330
19FA
100
AcDbEntity
  8
Defpoints
 62
     0
440
 16777216
100
AcDbPoint
 10
12345.09735393217
 20
14378.9253068072
 30
0.0
  0
ENDBLK
  5
1A05
330
19FA
100
AcDbEntity
  8
0
100
AcDbBlockEnd
  0
BLOCK
  5
1A07
330
1A06
100
AcDbEntity
  8
0
100
AcDbBlockBegin
  2
*D40
 70
     1
 10
0.0
 20
0.0
 30
0.0
  3
*D40
  1

  0
LINE
  5
1A08
330
1A06
100
AcDbEntity
  8
0
 62
     0
440
 16777216
370
    -2
100
AcDbLine
 10
14716.39104484523
 20
14378.30030680721
 30
0.0
 11
14716.39104484523
 21
14312.83257550052
 31
0.0
  0
LINE
  5
1A09
330
1A06
100
AcDbEntity
  8
0
 62
     0
440
 16777216
370
    -2
100
AcDbLine
 10
14902.39104484523
 20
14378.30030680721
 30
0.0
 11
14902.39104484523
 21
14312.83257550052
 31
0.0
  0
LINE
  5
1A0A
330
1A06
100
AcDbEntity
  8
0
 62
     0
440
 16777216
370
    -2
100
AcDbLine
 10
14736.39104484523
 20
14314.08257550052
 30
0.0
 11
14882.39104484523
 21
14314.08257550052
 31
0.0
  0
SOLID
  5
1A0B
330
1A06
100
AcDbEntity
  8
0
 62
     0
440
 16777216
100
AcDbTrace
 10
14736.39104484523
 20
14317.41590883385
 30
0.0
 11
14736.39104484523
 21
14310.74924216718
 31
0.0
 12
14716.39104484523
 22
14314.08257550052
 32
0.0
 13
14716.39104484523
 23
14314.08257550052
 33
0.0
  0
SOLID
  5
1A0C
330
1A06
100
AcDbEntity
  8
0
 62
     0
440
 16777216
100
AcDbTrace
 10
14882.39104484523
 20
14317.41590883385
 30
0.0
 11
14882.39104484523
 21
14310.74924216718
 31
0.0
 12
14902.39104484523
 22
14314.08257550052
 32
0.0
 13
14902.39104484523
 23
14314.08257550052
 33
0.0
  0
MTEXT
  5
1A0D
330
1A06
100
AcDbEntity
  8
0
 62
     0
440
 16777216
100
AcDbMText
 10
14809.39104484523
 20
14327.47190019356
 30
0.0
 40
25.0
 41
0.0
 46
0.0
 71
     5
 72
     1
  1
186
 73
     1
 44
1.0
  0
POINT
  5
1A0E
330
1A06
100
AcDbEntity
  8
Defpoints
 62
     0
440
 16777216
100
AcDbPoint
 10
14716.39104484523
 20
14378.9253068072
 30
0.0
  0
POINT
  5
1A0F
330
1A06
100
AcDbEntity
  8
Defpoints
 62
     0
440
 16777216
100
AcDbPoint
 10
14902.39104484523
 20
14378.9253068072
 30
0.0
  0
POINT
  5
1A10
330
1A06
100
AcDbEntity
  8
Defpoints
 62
     0
440
 16777216
100
AcDbPoint
 10
14902.39104484523
 20
14314.08257550052
 30
0.0
  0
ENDBLK
  5
1A11
330
1A06
100
AcDbEntity
  8
0
100
AcDbBlockEnd
  0
BLOCK
  5
1A13
330
1A12
100
AcDbEntity
  8
0
100
AcDbBlockBegin
  2
*D41
 70
     1
 10
0.0
 20
0.0
 30
0.0
  3
*D41
  1

  0
LINE
  5
1A14
330
1A12
100
AcDbEntity
  8
0
 62
     0
440
 16777216
370
    -2
100
AcDbLine
 10
14715.76604484523
 20
14378.9253068072
 30
0.0
 11
14692.99952499041
 21
14378.9253068072
 31
0.0
  0
LINE
  5
1A15
330
1A12
100
AcDbEntity
  8
0
 62
     0
440
 16777216
370
    -2
100
AcDbLine
 10
14715.76604484523
 20
16390.9253068072
 30
0.0
 11
14692.99952499041
 21
16390.9253068072
 31
0.0
  0
LINE
  5
1A16
330
1A12
100
AcDbEntity
  8
0
 62
     0
440
 16777216
370
    -2
100
AcDbLine
 10
14694.24952499041
 20
14398.9253068072
 30
0.0
 11
14694.24952499041
 21
16370.9253068072
 31
0.0
  0
SOLID
  5
1A17
330
1A12
100
AcDbEntity
  8
0
 62
     0
440
 16777216
100
AcDbTrace
 10
14690.91619165707
 20
14398.9253068072
 30
0.0
 11
14697.58285832374
 21
14398.9253068072
 31
0.0
 12
14694.24952499041
 22
14378.9253068072
 32
0.0
 13
14694.24952499041
 23
14378.9253068072
 33
0.0
  0
SOLID
  5
1A18
330
1A12
100
AcDbEntity
  8
0
 62
     0
440
 16777216
100
AcDbTrace
 10
14690.91619165707
 20
16370.9253068072
 30
0.0
 11
14697.58285832374
 21
16370.9253068072
 31
0.0
 12
14694.24952499041
 22
16390.9253068072
 32
0.0
 13
14694.24952499041
 23
16390.9253068072
 33
0.0
  0
MTEXT
  5
1A19
330
1A12
100
AcDbEntity
  8
0
 62
     0
440
 16777216
100
AcDbMText
 10
14680.86020029736
 20
15384.92530680721
 30
0.0
 40
25.0
 41
0.0
 46
0.0
 71
     5
 72
     1
  1
2012
 11
0.0000000000000001
 21
1.0
 31
0.0
 73
     1
 44
1.0
  0
POINT
  5
1A1A
330
1A12
100
AcDbEntity
  8
Defpoints
 62
     0
440
 16777216
100
AcDbPoint
 10
14716.39104484523
 20
14378.9253068072
 30
0.0
  0
POINT
  5
1A1B
330
1A12
100
AcDbEntity
  8
Defpoints
 62
     0
440
 16777216
100
AcDbPoint
 10
14716.39104484523
 20
16390.9253068072
 30
0.0
  0
POINT
  5
1A1C
330
1A12
100
AcDbEntity
  8
Defpoints
 62
     0
440
 16777216
100
AcDbPoint
 10
14694.24952499041
 20
16390.9253068072
 30
0.0
  0
ENDBLK
  5
1A1D
330
1A12
100
AcDbEntity
  8
0
100
AcDbBlockEnd
  0
BLOCK
  5
1A1F
330
1A1E
100
AcDbEntity
  8
0
100
AcDbBlockBegin
  2
*D42
 70
     1
 10
0.0
 20
0.0
 30
0.0
  3
*D42
  1

  0
LINE
  5
1A20
330
1A1E
100
AcDbEntity
  8
0
 62
     0
440
 16777216
370
    -2
100
AcDbLine
 10
15710.16999630547
 20
16390.9253068072
 30
0.0
 11
15750.94091355992
 21
16390.9253068072
 31
0.0
  0
LINE
  5
1A21
330
1A1E
100
AcDbEntity
  8
0
 62
     0
440
 16777216
370
    -2
100
AcDbLine
 10
15710.16999630547
 20
14378.9253068072
 30
0.0
 11
15750.94091355992
 21
14378.9253068072
 31
0.0
  0
LINE
  5
1A22
330
1A1E
100
AcDbEntity
  8
0
 62
     0
440
 16777216
370
    -2
100
AcDbLine
 10
15749.69091355992
 20
16370.9253068072
 30
0.0
 11
15749.69091355992
 21
14398.9253068072
 31
0.0
  0
SOLID
  5
1A23
330
1A1E
100
AcDbEntity
  8
0
 62
     0
440
 16777216
100
AcDbTrace
 10
15746.35758022658
 20
16370.9253068072
 30
0.0
 11
15753.02424689325
 21
16370.9253068072
 31
0.0
 12
15749.69091355992
 22
16390.9253068072
 32
0.0
 13
15749.69091355992
 23
16390.9253068072
 33
0.0
  0
SOLID
  5
1A24
330
1A1E
100
AcDbEntity
  8
0
 62
     0
440
 16777216
100
AcDbTrace
 10
15746.35758022658
 20
14398.9253068072
 30
0.0
 11
15753.02424689325
 21
14398.9253068072
 31
0.0
 12
15749.69091355992
 22
14378.9253068072
 32
0.0
 13
15749.69091355992
 23
14378.9253068072
 33
0.0
  0
MTEXT
  5
1A25
330
1A1E
100
AcDbEntity
  8
0
 62
     0
440
 16777216
100
AcDbMText
 10
15736.30158886687
 20
15384.92530680721
 30
0.0
 40
25.0
 41
0.0
 46
0.0
 71
     5
 72
     1
  1
2012
 11
0.0000000000000001
 21
1.0
 31
0.0
 73
     1
 44
1.0
  0
POINT
  5
1A26
330
1A1E
100
AcDbEntity
  8
Defpoints
 62
     0
440
 16777216
100
AcDbPoint
 10
15709.54499630548
 20
16390.9253068072
 30
0.0
  0
POINT
  5
1A27
330
1A1E
100
AcDbEntity
  8
Defpoints
 62
     0
440
 16777216
100
AcDbPoint
 10
15709.54499630548
 20
14378.9253068072
 30
0.0
  0
POINT
  5
1A28
330
1A1E
100
AcDbEntity
  8
Defpoints
 62
     0
440
 16777216
100
AcDbPoint
 10
15749.69091355992
 20
14378.9253068072
 30
0.0
  0
ENDBLK
  5
1A29
330
1A1E
100
AcDbEntity
  8
0
100
AcDbBlockEnd
  0
BLOCK
  5
1A2B
330
1A2A
100
AcDbEntity
  8
0
100
AcDbBlockBegin
  2
*D43
 70
     1
 10
0.0
 20
0.0
 30
0.0
  3
*D43
  1

  0
LINE
  5
1A2C
330
1A2A
100
AcDbEntity
  8
0
 62
     0
440
 16777216
370
    -2
100
AcDbLine
 10
15523.54499630547
 20
14378.30030680721
 30
0.0
 11
15523.54499630547
 21
14304.70785556881
 31
0.0
  0
LINE
  5
1A2D
330
1A2A
100
AcDbEntity
  8
0
 62
     0
440
 16777216
370
    -2
100
AcDbLine
 10
15709.54499630548
 20
14378.30030680721
 30
0.0
 11
15709.54499630548
 21
14304.70785556881
 31
0.0
  0
LINE
  5
1A2E
330
1A2A
100
AcDbEntity
  8
0
 62
     0
440
 16777216
370
    -2
100
AcDbLine
 10
15543.54499630547
 20
14305.95785556882
 30
0.0
 11
15689.54499630548
 21
14305.95785556882
 31
0.0
  0
SOLID
  5
1A2F
330
1A2A
100
AcDbEntity
  8
0
 62
     0
440
 16777216
100
AcDbTrace
 10
15543.54499630547
 20
14309.29118890215
 30
0.0
 11
15543.54499630547
 21
14302.62452223548
 31
0.0
 12
15523.54499630547
 22
14305.95785556882
 32
0.0
 13
15523.54499630547
 23
14305.95785556882
 33
0.0
  0
SOLID
  5
1A30
330
1A2A
100
AcDbEntity
  8
0
 62
     0
440
 16777216
100
AcDbTrace
 10
15689.54499630548
 20
14309.29118890215
 30
0.0
 11
15689.54499630548
 21
14302.62452223548
 31
0.0
 12
15709.54499630548
 22
14305.95785556882
 32
0.0
 13
15709.54499630548
 23
14305.95785556882
 33
0.0
  0
MTEXT
  5
1A31
330
1A2A
100
AcDbEntity
  8
0
 62
     0
440
 16777216
100
AcDbMText
 10
15616.54499630547
 20
14319.34718026186
 30
0.0
 40
25.0
 41
0.0
 46
0.0
 71
     5
 72
     1
  1
186
 73
     1
 44
1.0
  0
POINT
  5
1A32
330
1A2A
100
AcDbEntity
  8
Defpoints
 62
     0
440
 16777216
100
AcDbPoint
 10
15523.54499630547
 20
14378.9253068072
 30
0.0
  0
POINT
  5
1A33
330
1A2A
100
AcDbEntity
  8
Defpoints
 62
     0
440
 16777216
100
AcDbPoint
 10
15709.54499630548
 20
14378.9253068072
 30
0.0
  0
POINT
  5
1A34
330
1A2A
100
AcDbEntity
  8
Defpoints
 62
     0
440
 16777216
100
AcDbPoint
 10
15709.54499630548
 20
14305.95785556882
 30
0.0
  0
ENDBLK
  5
1A35
330
1A2A
100
AcDbEntity
  8
0
100
AcDbBlockEnd
  0
BLOCK
  5
1A37
330
1A36
100
AcDbEntity
  8
0
100
AcDbBlockBegin
  2
*D44
 70
     1
 10
0.0
 20
0.0
 30
0.0
  3
*D44
  1

  0
LINE
  5
1A38
330
1A36
100
AcDbEntity
  8
0
 62
     0
440
 16777216
370
    -2
100
AcDbLine
 10
16205.54309643197
 20
14378.30030680721
 30
0.0
 11
16205.54309643197
 21
14309.60526966356
 31
0.0
  0
LINE
  5
1A39
330
1A36
100
AcDbEntity
  8
0
 62
     0
440
 16777216
370
    -2
100
AcDbLine
 10
16910.04309643197
 20
14378.30030680721
 30
0.0
 11
16910.04309643197
 21
14309.60526966356
 31
0.0
  0
LINE
  5
1A3A
330
1A36
100
AcDbEntity
  8
0
 62
     0
440
 16777216
370
    -2
100
AcDbLine
 10
16225.54309643197
 20
14310.85526966356
 30
0.0
 11
16890.04309643197
 21
14310.85526966356
 31
0.0
  0
SOLID
  5
1A3B
330
1A36
100
AcDbEntity
  8
0
 62
     0
440
 16777216
100
AcDbTrace
 10
16225.54309643197
 20
14314.18860299689
 30
0.0
 11
16225.54309643197
 21
14307.52193633022
 31
0.0
 12
16205.54309643197
 22
14310.85526966356
 32
0.0
 13
16205.54309643197
 23
14310.85526966356
 33
0.0
  0
SOLID
  5
1A3C
330
1A36
100
AcDbEntity
  8
0
 62
     0
440
 16777216
100
AcDbTrace
 10
16890.04309643197
 20
14314.18860299689
 30
0.0
 11
16890.04309643197
 21
14307.52193633022
 31
0.0
 12
16910.04309643197
 22
14310.85526966356
 32
0.0
 13
16910.04309643197
 23
14310.85526966356
 33
0.0
  0
MTEXT
  5
1A3D
330
1A36
100
AcDbEntity
  8
0
 62
     0
440
 16777216
100
AcDbMText
 10
16557.79309643197
 20
14326.50414415196
 30
0.0
 40
25.0
 41
0.0
 46
0.0
 71
     5
 72
     1
  1
704,5
 73
     1
 44
1.0
  0
POINT
  5
1A3E
330
1A36
100
AcDbEntity
  8
Defpoints
 62
     0
440
 16777216
100
AcDbPoint
 10
16205.54309643197
 20
14378.9253068072
 30
0.0
  0
POINT
  5
1A3F
330
1A36
100
AcDbEntity
  8
Defpoints
 62
     0
440
 16777216
100
AcDbPoint
 10
16910.04309643197
 20
14378.9253068072
 30
0.0
  0
POINT
  5
1A40
330
1A36
100
AcDbEntity
  8
Defpoints
 62
     0
440
 16777216
100
AcDbPoint
 10
16910.04309643197
 20
14310.85526966356
 30
0.0
  0
ENDBLK
  5
1A41
330
1A36
100
AcDbEntity
  8
0
100
AcDbBlockEnd
  0
BLOCK
  5
1A43
330
1A42
100
AcDbEntity
  8
0
100
AcDbBlockBegin
  2
*D45
 70
     1
 10
0.0
 20
0.0
 30
0.0
  3
*D45
  1

  0
LINE
  5
1A44
330
1A42
100
AcDbEntity
  8
0
 62
     0
440
 16777216
370
    -2
100
AcDbLine
 10
16913.04309643197
 20
14378.30030680721
 30
0.0
 11
16913.04309643197
 21
14308.19908145813
 31
0.0
  0
LINE
  5
1A45
330
1A42
100
AcDbEntity
  8
0
 62
     0
440
 16777216
370
    -2
100
AcDbLine
 10
17617.54309643197
 20
14378.30030680721
 30
0.0
 11
17617.54309643197
 21
14308.19908145813
 31
0.0
  0
LINE
  5
1A46
330
1A42
100
AcDbEntity
  8
0
 62
     0
440
 16777216
370
    -2
100
AcDbLine
 10
16933.04309643197
 20
14309.44908145813
 30
0.0
 11
17597.54309643197
 21
14309.44908145813
 31
0.0
  0
SOLID
  5
1A47
330
1A42
100
AcDbEntity
  8
0
 62
     0
440
 16777216
100
AcDbTrace
 10
16933.04309643197
 20
14312.78241479146
 30
0.0
 11
16933.04309643197
 21
14306.1157481248
 31
0.0
 12
16913.04309643197
 22
14309.44908145813
 32
0.0
 13
16913.04309643197
 23
14309.44908145813
 33
0.0
  0
SOLID
  5
1A48
330
1A42
100
AcDbEntity
  8
0
 62
     0
440
 16777216
100
AcDbTrace
 10
17597.54309643197
 20
14312.78241479146
 30
0.0
 11
17597.54309643197
 21
14306.1157481248
 31
0.0
 12
17617.54309643197
 22
14309.44908145813
 32
0.0
 13
17617.54309643197
 23
14309.44908145813
 33
0.0
  0
MTEXT
  5
1A49
330
1A42
100
AcDbEntity
  8
0
 62
     0
440
 16777216
100
AcDbMText
 10
17265.29309643197
 20
14325.09795594653
 30
0.0
 40
25.0
 41
0.0
 46
0.0
 71
     5
 72
     1
  1
704,5
 73
     1
 44
1.0
  0
POINT
  5
1A4A
330
1A42
100
AcDbEntity
  8
Defpoints
 62
     0
440
 16777216
100
AcDbPoint
 10
16913.04309643197
 20
14378.9253068072
 30
0.0
  0
POINT
  5
1A4B
330
1A42
100
AcDbEntity
  8
Defpoints
 62
     0
440
 16777216
100
AcDbPoint
 10
17617.54309643197
 20
14378.9253068072
 30
0.0
  0
POINT
  5
1A4C
330
1A42
100
AcDbEntity
  8
Defpoints
 62
     0
440
 16777216
100
AcDbPoint
 10
17617.54309643197
 20
14309.44908145813
 30
0.0
  0
ENDBLK
  5
1A4D
330
1A42
100
AcDbEntity
  8
0
100
AcDbBlockEnd
  0
BLOCK
  5
1A4F
330
1A4E
100
AcDbEntity
  8
0
100
AcDbBlockBegin
  2
*D46
 70
     1
 10
0.0
 20
0.0
 30
0.0
  3
*D46
  1

  0
LINE
  5
1A50
330
1A4E
100
AcDbEntity
  8
0
 62
     0
440
 16777216
370
    -2
100
AcDbLine
 10
16204.91809643197
 20
16390.9253068072
 30
0.0
 11
16087.87243308804
 21
16390.9253068072
 31
0.0
  0
LINE
  5
1A51
330
1A4E
100
AcDbEntity
  8
0
 62
     0
440
 16777216
370
    -2
100
AcDbLine
 10
16204.91809643197
 20
14378.9253068072
 30
0.0
 11
16087.87243308804
 21
14378.9253068072
 31
0.0
  0
LINE
  5
1A52
330
1A4E
100
AcDbEntity
  8
0
 62
     0
440
 16777216
370
    -2
100
AcDbLine
 10
16089.12243308804
 20
16370.9253068072
 30
0.0
 11
16089.12243308804
 21
14398.9253068072
 31
0.0
  0
SOLID
  5
1A53
330
1A4E
100
AcDbEntity
  8
0
 62
     0
440
 16777216
100
AcDbTrace
 10
16085.78909975471
 20
16370.9253068072
 30
0.0
 11
16092.45576642137
 21
16370.9253068072
 31
0.0
 12
16089.12243308804
 22
16390.9253068072
 32
0.0
 13
16089.12243308804
 23
16390.9253068072
 33
0.0
  0
SOLID
  5
1A54
330
1A4E
100
AcDbEntity
  8
0
 62
     0
440
 16777216
100
AcDbTrace
 10
16085.78909975471
 20
14398.9253068072
 30
0.0
 11
16092.45576642137
 21
14398.9253068072
 31
0.0
 12
16089.12243308804
 22
14378.9253068072
 32
0.0
 13
16089.12243308804
 23
14378.9253068072
 33
0.0
  0
MTEXT
  5
1A55
330
1A4E
100
AcDbEntity
  8
0
 62
     0
440
 16777216
100
AcDbMText
 10
16075.733108395
 20
15384.92530680721
 30
0.0
 40
25.0
 41
0.0
 46
0.0
 71
     5
 72
     1
  1
2012
 11
0.0000000000000001
 21
1.0
 31
0.0
 73
     1
 44
1.0
  0
POINT
  5
1A56
330
1A4E
100
AcDbEntity
  8
Defpoints
 62
     0
440
 16777216
100
AcDbPoint
 10
16205.54309643197
 20
16390.9253068072
 30
0.0
  0
POINT
  5
1A57
330
1A4E
100
AcDbEntity
  8
Defpoints
 62
     0
440
 16777216
100
AcDbPoint
 10
16205.54309643197
 20
14378.9253068072
 30
0.0
  0
POINT
  5
1A58
330
1A4E
100
AcDbEntity
  8
Defpoints
 62
     0
440
 16777216
100
AcDbPoint
 10
16089.12243308804
 20
14378.9253068072
 30
0.0
  0
ENDBLK
  5
1A59
330
1A4E
100
AcDbEntity
  8
0
100
AcDbBlockEnd
  0
BLOCK
  5
1A5B
330
1A5A
100
AcDbEntity
  8
0
100
AcDbBlockBegin
  2
*D47
 70
     1
 10
0.0
 20
0.0
 30
0.0
  3
*D47
  1

  0
LINE
  5
1A5C
330
1A5A
100
AcDbEntity
  8
0
 62
     0
440
 16777216
370
    -2
100
AcDbLine
 10
5621.74146681144
 20
14078.3003068072
 30
0.0
 11
5621.74146681144
 21
13991.67896011311
 31
0.0
  0
LINE
  5
1A5D
330
1A5A
100
AcDbEntity
  8
0
 62
     0
440
 16777216
370
    -2
100
AcDbLine
 10
5844.741466811438
 20
14078.3003068072
 30
0.0
 11
5844.741466811438
 21
13991.67896011311
 31
0.0
  0
LINE
  5
1A5E
330
1A5A
100
AcDbEntity
  8
0
 62
     0
440
 16777216
370
    -2
100
AcDbLine
 10
5641.741466811439
 20
13992.92896011311
 30
0.0
 11
5824.741466811438
 21
13992.92896011311
 31
0.0
  0
SOLID
  5
1A5F
330
1A5A
100
AcDbEntity
  8
0
 62
     0
440
 16777216
100
AcDbTrace
 10
5641.741466811439
 20
13996.26229344644
 30
0.0
 11
5641.741466811439
 21
13989.59562677977
 31
0.0
 12
5621.74146681144
 22
13992.92896011311
 32
0.0
 13
5621.74146681144
 23
13992.92896011311
 33
0.0
  0
SOLID
  5
1A60
330
1A5A
100
AcDbEntity
  8
0
 62
     0
440
 16777216
100
AcDbTrace
 10
5824.741466811438
 20
13996.26229344644
 30
0.0
 11
5824.741466811438
 21
13989.59562677977
 31
0.0
 12
5844.741466811438
 22
13992.92896011311
 32
0.0
 13
5844.741466811438
 23
13992.92896011311
 33
0.0
  0
MTEXT
  5
1A61
330
1A5A
100
AcDbEntity
  8
0
 62
     0
440
 16777216
100
AcDbMText
 10
5733.241466811438
 20
14006.32681140915
 30
0.0
 40
25.0
 41
0.0
 46
0.0
 71
     5
 72
     1
  1
223
 73
     1
 44
1.0
  0
POINT
  5
1A62
330
1A5A
100
AcDbEntity
  8
Defpoints
 62
     0
440
 16777216
100
AcDbPoint
 10
5621.74146681144
 20
14078.9253068072
 30
0.0
  0
POINT
  5
1A63
330
1A5A
100
AcDbEntity
  8
Defpoints
 62
     0
440
 16777216
100
AcDbPoint
 10
5844.741466811438
 20
14078.9253068072
 30
0.0
  0
POINT
  5
1A64
330
1A5A
100
AcDbEntity
  8
Defpoints
 62
     0
440
 16777216
100
AcDbPoint
 10
5844.741466811438
 20
13992.92896011311
 30
0.0
  0
ENDBLK
  5
1A65
330
1A5A
100
AcDbEntity
  8
0
100
AcDbBlockEnd
  0
BLOCK
  5
1A67
330
1A66
100
AcDbEntity
  8
0
100
AcDbBlockBegin
  2
*D48
 70
     1
 10
0.0
 20
0.0
 30
0.0
  3
*D48
  1

  0
LINE
  5
1A68
330
1A66
100
AcDbEntity
  8
0
 62
     0
440
 16777216
370
    -2
100
AcDbLine
 10
5621.116466811439
 20
16405.9253068072
 30
0.0
 11
5528.633870385228
 21
16405.9253068072
 31
0.0
  0
LINE
  5
1A69
330
1A66
100
AcDbEntity
  8
0
 62
     0
440
 16777216
370
    -2
100
AcDbLine
 10
5621.116466811439
 20
14078.9253068072
 30
0.0
 11
5528.633870385227
 21
14078.9253068072
 31
0.0
  0
LINE
  5
1A6A
330
1A66
100
AcDbEntity
  8
0
 62
     0
440
 16777216
370
    -2
100
AcDbLine
 10
5529.883870385226
 20
16385.9253068072
 30
0.0
 11
5529.883870385226
 21
14098.9253068072
 31
0.0
  0
SOLID
  5
1A6B
330
1A66
100
AcDbEntity
  8
0
 62
     0
440
 16777216
100
AcDbTrace
 10
5526.550537051894
 20
16385.9253068072
 30
0.0
 11
5533.21720371856
 21
16385.9253068072
 31
0.0
 12
5529.883870385226
 22
16405.9253068072
 32
0.0
 13
5529.883870385226
 23
16405.9253068072
 33
0.0
  0
SOLID
  5
1A6C
330
1A66
100
AcDbEntity
  8
0
 62
     0
440
 16777216
100
AcDbTrace
 10
5526.550537051893
 20
14098.9253068072
 30
0.0
 11
5533.217203718559
 21
14098.9253068072
 31
0.0
 12
5529.883870385226
 22
14078.9253068072
 32
0.0
 13
5529.883870385226
 23
14078.9253068072
 33
0.0
  0
MTEXT
  5
1A6D
330
1A66
100
AcDbEntity
  8
0
 62
     0
440
 16777216
100
AcDbMText
 10
5516.486019089181
 20
15242.4253068072
 30
0.0
 40
25.0
 41
0.0
 46
0.0
 71
     5
 72
     1
  1
2327
 11
0.0000000000000001
 21
1.0
 31
0.0
 73
     1
 44
1.0
  0
POINT
  5
1A6E
330
1A66
100
AcDbEntity
  8
Defpoints
 62
     0
440
 16777216
100
AcDbPoint
 10
5621.74146681144
 20
16405.9253068072
 30
0.0
  0
POINT
  5
1A6F
330
1A66
100
AcDbEntity
  8
Defpoints
 62
     0
440
 16777216
100
AcDbPoint
 10
5621.74146681144
 20
14078.9253068072
 30
0.0
  0
POINT
  5
1A70
330
1A66
100
AcDbEntity
  8
Defpoints
 62
     0
440
 16777216
100
AcDbPoint
 10
5529.883870385226
 20
14078.9253068072
 30
0.0
  0
ENDBLK
  5
1A71
330
1A66
100
AcDbEntity
  8
0
100
AcDbBlockEnd
  0
BLOCK
  5
1A73
330
1A72
100
AcDbEntity
  8
0
100
AcDbBlockBegin
  2
*D49
 70
     1
 10
0.0
 20
0.0
 30
0.0
  3
*D49
  1

  0
LINE
  5
1A74
330
1A72
100
AcDbEntity
  8
0
 62
     0
440
 16777216
370
    -2
100
AcDbLine
 10
6750.366466811438
 20
16422.92530680721
 30
0.0
 11
6811.97173492426
 21
16422.92530680721
 31
0.0
  0
LINE
  5
1A75
330
1A72
100
AcDbEntity
  8
0
 62
     0
440
 16777216
370
    -2
100
AcDbLine
 10
6750.366466811438
 20
14066.92530680721
 30
0.0
 11
6811.971734924259
 21
14066.92530680721
 31
0.0
  0
LINE
  5
1A76
330
1A72
100
AcDbEntity
  8
0
 62
     0
440
 16777216
370
    -2
100
AcDbLine
 10
6810.721734924261
 20
16402.92530680721
 30
0.0
 11
6810.721734924259
 21
14086.9253068072
 31
0.0
  0
SOLID
  5
1A77
330
1A72
100
AcDbEntity
  8
0
 62
     0
440
 16777216
100
AcDbTrace
 10
6807.388401590927
 20
16402.92530680721
 30
0.0
 11
6814.055068257593
 21
16402.92530680721
 31
0.0
 12
6810.721734924261
 22
16422.92530680721
 32
0.0
 13
6810.721734924261
 23
16422.92530680721
 33
0.0
  0
SOLID
  5
1A78
330
1A72
100
AcDbEntity
  8
0
 62
     0
440
 16777216
100
AcDbTrace
 10
6807.388401590926
 20
14086.9253068072
 30
0.0
 11
6814.055068257592
 21
14086.9253068072
 31
0.0
 12
6810.721734924259
 22
14066.92530680721
 32
0.0
 13
6810.721734924259
 23
14066.92530680721
 33
0.0
  0
MTEXT
  5
1A79
330
1A72
100
AcDbEntity
  8
0
 62
     0
440
 16777216
100
AcDbMText
 10
6797.323883628213
 20
15244.9253068072
 30
0.0
 40
25.0
 41
0.0
 46
0.0
 71
     5
 72
     1
  1
2356
 11
0.0000000000000001
 21
1.0
 31
0.0
 73
     1
 44
1.0
  0
POINT
  5
1A7A
330
1A72
100
AcDbEntity
  8
Defpoints
 62
     0
440
 16777216
100
AcDbPoint
 10
6749.741466811437
 20
16422.92530680721
 30
0.0
  0
POINT
  5
1A7B
330
1A72
100
AcDbEntity
  8
Defpoints
 62
     0
440
 16777216
100
AcDbPoint
 10
6749.741466811437
 20
14066.92530680721
 30
0.0
  0
POINT
  5
1A7C
330
1A72
100
AcDbEntity
  8
Defpoints
 62
     0
440
 16777216
100
AcDbPoint
 10
6810.721734924259
 20
14066.92530680721
 30
0.0
  0
ENDBLK
  5
1A7D
330
1A72
100
AcDbEntity
  8
0
100
AcDbBlockEnd
  0
BLOCK
  5
1A7F
330
1A7E
100
AcDbEntity
  8
0
100
AcDbBlockBegin
  2
*D50
 70
     1
 10
0.0
 20
0.0
 30
0.0
  3
*D50
  1

  0
LINE
  5
1A80
330
1A7E
100
AcDbEntity
  8
0
 62
     0
440
 16777216
370
    -2
100
AcDbLine
 10
8108.332139173276
 20
14078.3003068072
 30
0.0
 11
8108.332139173276
 21
13997.41123810336
 31
0.0
  0
LINE
  5
1A81
330
1A7E
100
AcDbEntity
  8
0
 62
     0
440
 16777216
370
    -2
100
AcDbLine
 10
8324.332139173279
 20
14078.3003068072
 30
0.0
 11
8324.332139173279
 21
13997.41123810336
 31
0.0
  0
LINE
  5
1A82
330
1A7E
100
AcDbEntity
  8
0
 62
     0
440
 16777216
370
    -2
100
AcDbLine
 10
8128.332139173277
 20
13998.66123810336
 30
0.0
 11
8304.332139173279
 21
13998.66123810336
 31
0.0
  0
SOLID
  5
1A83
330
1A7E
100
AcDbEntity
  8
0
 62
     0
440
 16777216
100
AcDbTrace
 10
8128.332139173277
 20
14001.9945714367
 30
0.0
 11
8128.332139173277
 21
13995.32790477003
 31
0.0
 12
8108.332139173276
 22
13998.66123810336
 32
0.0
 13
8108.332139173276
 23
13998.66123810336
 33
0.0
  0
SOLID
  5
1A84
330
1A7E
100
AcDbEntity
  8
0
 62
     0
440
 16777216
100
AcDbTrace
 10
8304.332139173279
 20
14001.9945714367
 30
0.0
 11
8304.332139173279
 21
13995.32790477003
 31
0.0
 12
8324.332139173279
 22
13998.66123810336
 32
0.0
 13
8324.332139173279
 23
13998.66123810336
 33
0.0
  0
MTEXT
  5
1A85
330
1A7E
100
AcDbEntity
  8
0
 62
     0
440
 16777216
100
AcDbMText
 10
8216.33213917328
 20
14012.0505627964
 30
0.0
 40
25.0
 41
0.0
 46
0.0
 71
     5
 72
     1
  1
216
 73
     1
 44
1.0
  0
POINT
  5
1A86
330
1A7E
100
AcDbEntity
  8
Defpoints
 62
     0
440
 16777216
100
AcDbPoint
 10
8108.332139173276
 20
14078.9253068072
 30
0.0
  0
POINT
  5
1A87
330
1A7E
100
AcDbEntity
  8
Defpoints
 62
     0
440
 16777216
100
AcDbPoint
 10
8324.332139173279
 20
14078.9253068072
 30
0.0
  0
POINT
  5
1A88
330
1A7E
100
AcDbEntity
  8
Defpoints
 62
     0
440
 16777216
100
AcDbPoint
 10
8324.332139173279
 20
13998.66123810336
 30
0.0
  0
ENDBLK
  5
1A89
330
1A7E
100
AcDbEntity
  8
0
100
AcDbBlockEnd
  0
BLOCK
  5
1A8B
330
1A8A
100
AcDbEntity
  8
0
100
AcDbBlockBegin
  2
*D51
 70
     1
 10
0.0
 20
0.0
 30
0.0
  3
*D51
  1

  0
LINE
  5
1A8C
330
1A8A
100
AcDbEntity
  8
0
 62
     0
440
 16777216
370
    -2
100
AcDbLine
 10
8324.957139173278
 20
16405.9253068072
 30
0.0
 11
8407.433051391784
 21
16405.9253068072
 31
0.0
  0
LINE
  5
1A8D
330
1A8A
100
AcDbEntity
  8
0
 62
     0
440
 16777216
370
    -2
100
AcDbLine
 10
8324.957139173278
 20
14078.9253068072
 30
0.0
 11
8407.433051391784
 21
14078.9253068072
 31
0.0
  0
LINE
  5
1A8E
330
1A8A
100
AcDbEntity
  8
0
 62
     0
440
 16777216
370
    -2
100
AcDbLine
 10
8406.183051391785
 20
16385.9253068072
 30
0.0
 11
8406.183051391785
 21
14098.9253068072
 31
0.0
  0
SOLID
  5
1A8F
330
1A8A
100
AcDbEntity
  8
0
 62
     0
440
 16777216
100
AcDbTrace
 10
8402.849718058451
 20
16385.9253068072
 30
0.0
 11
8409.516384725119
 21
16385.9253068072
 31
0.0
 12
8406.183051391785
 22
16405.9253068072
 32
0.0
 13
8406.183051391785
 23
16405.9253068072
 33
0.0
  0
SOLID
  5
1A90
330
1A8A
100
AcDbEntity
  8
0
 62
     0
440
 16777216
100
AcDbTrace
 10
8402.849718058451
 20
14098.9253068072
 30
0.0
 11
8409.516384725119
 21
14098.9253068072
 31
0.0
 12
8406.183051391785
 22
14078.9253068072
 32
0.0
 13
8406.183051391785
 23
14078.9253068072
 33
0.0
  0
MTEXT
  5
1A91
330
1A8A
100
AcDbEntity
  8
0
 62
     0
440
 16777216
100
AcDbMText
 10
8392.785200095739
 20
15242.42530680721
 30
0.0
 40
25.0
 41
0.0
 46
0.0
 71
     5
 72
     1
  1
2327
 11
0.0000000000000001
 21
1.0
 31
0.0
 73
     1
 44
1.0
  0
POINT
  5
1A92
330
1A8A
100
AcDbEntity
  8
Defpoints
 62
     0
440
 16777216
100
AcDbPoint
 10
8324.332139173279
 20
16405.9253068072
 30
0.0
  0
POINT
  5
1A93
330
1A8A
100
AcDbEntity
  8
Defpoints
 62
     0
440
 16777216
100
AcDbPoint
 10
8324.332139173279
 20
14078.9253068072
 30
0.0
  0
POINT
  5
1A94
330
1A8A
100
AcDbEntity
  8
Defpoints
 62
     0
440
 16777216
100
AcDbPoint
 10
8406.183051391785
 20
14078.9253068072
 30
0.0
  0
ENDBLK
  5
1A95
330
1A8A
100
AcDbEntity
  8
0
100
AcDbBlockEnd
  0
BLOCK
  5
1A97
330
1A96
100
AcDbEntity
  8
0
100
AcDbBlockBegin
  2
*D52
 70
     1
 10
0.0
 20
0.0
 30
0.0
  3
*D52
  1

  0
LINE
  5
1A98
330
1A96
100
AcDbEntity
  8
0
 62
     0
440
 16777216
370
    -2
100
AcDbLine
 10
8956.776336421274
 20
16432.9253068072
 30
0.0
 11
9053.505490777714
 21
16432.9253068072
 31
0.0
  0
LINE
  5
1A99
330
1A96
100
AcDbEntity
  8
0
 62
     0
440
 16777216
370
    -2
100
AcDbLine
 10
8957.935514819173
 20
14066.92530680721
 30
0.0
 11
9053.505490777714
 21
14066.92530680721
 31
0.0
  0
LINE
  5
1A9A
330
1A96
100
AcDbEntity
  8
0
 62
     0
440
 16777216
370
    -2
100
AcDbLine
 10
9052.255490777714
 20
16412.9253068072
 30
0.0
 11
9052.255490777714
 21
14086.9253068072
 31
0.0
  0
SOLID
  5
1A9B
330
1A96
100
AcDbEntity
  8
0
 62
     0
440
 16777216
100
AcDbTrace
 10
9048.92215744438
 20
16412.9253068072
 30
0.0
 11
9055.588824111048
 21
16412.9253068072
 31
0.0
 12
9052.255490777714
 22
16432.9253068072
 32
0.0
 13
9052.255490777714
 23
16432.9253068072
 33
0.0
  0
SOLID
  5
1A9C
330
1A96
100
AcDbEntity
  8
0
 62
     0
440
 16777216
100
AcDbTrace
 10
9048.92215744438
 20
14086.9253068072
 30
0.0
 11
9055.588824111048
 21
14086.9253068072
 31
0.0
 12
9052.255490777714
 22
14066.92530680721
 32
0.0
 13
9052.255490777714
 23
14066.92530680721
 33
0.0
  0
MTEXT
  5
1A9D
330
1A96
100
AcDbEntity
  8
0
 62
     0
440
 16777216
100
AcDbMText
 10
9038.857639481667
 20
15249.92530680721
 30
0.0
 40
25.0
 41
0.0
 46
0.0
 71
     5
 72
     1
  1
2366
 11
0.0000000000000001
 21
1.0
 31
0.0
 73
     1
 44
1.0
  0
POINT
  5
1A9E
330
1A96
100
AcDbEntity
  8
Defpoints
 62
     0
440
 16777216
100
AcDbPoint
 10
8956.151336421273
 20
16432.9253068072
 30
0.0
  0
POINT
  5
1A9F
330
1A96
100
AcDbEntity
  8
Defpoints
 62
     0
440
 16777216
100
AcDbPoint
 10
8957.310514819171
 20
14066.92530680721
 30
0.0
  0
POINT
  5
1AA0
330
1A96
100
AcDbEntity
  8
Defpoints
 62
     0
440
 16777216
100
AcDbPoint
 10
9052.255490777714
 20
14066.92530680721
 30
0.0
  0
ENDBLK
  5
1AA1
330
1A96
100
AcDbEntity
  8
0
100
AcDbBlockEnd
  0
BLOCK
  5
1AA3
330
1AA2
100
AcDbEntity
  8
0
100
AcDbBlockBegin
  2
*D53
 70
     1
 10
0.0
 20
0.0
 30
0.0
  3
*D53
  1

  0
LINE
  5
1AA4
330
1AA2
100
AcDbEntity
  8
0
 62
     0
440
 16777216
370
    -2
100
AcDbLine
 10
10054.93551481917
 20
16415.9253068072
 30
0.0
 11
10165.5921502807
 21
16415.9253068072
 31
0.0
  0
LINE
  5
1AA5
330
1AA2
100
AcDbEntity
  8
0
 62
     0
440
 16777216
370
    -2
100
AcDbLine
 10
10054.93551481917
 20
14078.9253068072
 30
0.0
 11
10165.5921502807
 21
14078.9253068072
 31
0.0
  0
LINE
  5
1AA6
330
1AA2
100
AcDbEntity
  8
0
 62
     0
440
 16777216
370
    -2
100
AcDbLine
 10
10164.3421502807
 20
16395.9253068072
 30
0.0
 11
10164.3421502807
 21
14098.9253068072
 31
0.0
  0
SOLID
  5
1AA7
330
1AA2
100
AcDbEntity
  8
0
 62
     0
440
 16777216
100
AcDbTrace
 10
10161.00881694737
 20
16395.9253068072
 30
0.0
 11
10167.67548361404
 21
16395.9253068072
 31
0.0
 12
10164.3421502807
 22
16415.9253068072
 32
0.0
 13
10164.3421502807
 23
16415.9253068072
 33
0.0
  0
SOLID
  5
1AA8
330
1AA2
100
AcDbEntity
  8
0
 62
     0
440
 16777216
100
AcDbTrace
 10
10161.00881694737
 20
14098.9253068072
 30
0.0
 11
10167.67548361404
 21
14098.9253068072
 31
0.0
 12
10164.3421502807
 22
14078.9253068072
 32
0.0
 13
10164.3421502807
 23
14078.9253068072
 33
0.0
  0
MTEXT
  5
1AA9
330
1AA2
100
AcDbEntity
  8
0
 62
     0
440
 16777216
100
AcDbMText
 10
10150.94429898466
 20
15247.42530680721
 30
0.0
 40
25.0
 41
0.0
 46
0.0
 71
     5
 72
     1
  1
2337
 11
0.0000000000000001
 21
1.0
 31
0.0
 73
     1
 44
1.0
  0
POINT
  5
1AAA
330
1AA2
100
AcDbEntity
  8
Defpoints
 62
     0
440
 16777216
100
AcDbPoint
 10
10054.31051481917
 20
16415.9253068072
 30
0.0
  0
POINT
  5
1AAB
330
1AA2
100
AcDbEntity
  8
Defpoints
 62
     0
440
 16777216
100
AcDbPoint
 10
10054.31051481917
 20
14078.9253068072
 30
0.0
  0
POINT
  5
1AAC
330
1AA2
100
AcDbEntity
  8
Defpoints
 62
     0
440
 16777216
100
AcDbPoint
 10
10164.3421502807
 20
14078.9253068072
 30
0.0
  0
ENDBLK
  5
1AAD
330
1AA2
100
AcDbEntity
  8
0
100
AcDbBlockEnd
  0
BLOCK
  5
1AAF
330
1AAE
100
AcDbEntity
  8
0
100
AcDbBlockBegin
  2
*D54
 70
     1
 10
0.0
 20
0.0
 30
0.0
  3
*D54
  1

  0
LINE
  5
1AB0
330
1AAE
100
AcDbEntity
  8
0
 62
     0
440
 16777216
370
    -2
100
AcDbLine
 10
9701.310514819171
 20
14078.3003068072
 30
0.0
 11
9701.310514819171
 21
14002.92631945065
 31
0.0
  0
LINE
  5
1AB1
330
1AAE
100
AcDbEntity
  8
0
 62
     0
440
 16777216
370
    -2
100
AcDbLine
 10
10054.31051481917
 20
14078.3003068072
 30
0.0
 11
10054.31051481917
 21
14002.92631945065
 31
0.0
  0
LINE
  5
1AB2
330
1AAE
100
AcDbEntity
  8
0
 62
     0
440
 16777216
370
    -2
100
AcDbLine
 10
9721.310514819172
 20
14004.17631945065
 30
0.0
 11
10034.31051481917
 21
14004.17631945065
 31
0.0
  0
SOLID
  5
1AB3
330
1AAE
100
AcDbEntity
  8
0
 62
     0
440
 16777216
100
AcDbTrace
 10
9721.310514819172
 20
14007.50965278399
 30
0.0
 11
9721.310514819172
 21
14000.84298611732
 31
0.0
 12
9701.310514819171
 22
14004.17631945065
 32
0.0
 13
9701.310514819171
 23
14004.17631945065
 33
0.0
  0
SOLID
  5
1AB4
330
1AAE
100
AcDbEntity
  8
0
 62
     0
440
 16777216
100
AcDbTrace
 10
10034.31051481917
 20
14007.50965278399
 30
0.0
 11
10034.31051481917
 21
14000.84298611732
 31
0.0
 12
10054.31051481917
 22
14004.17631945065
 32
0.0
 13
10054.31051481917
 23
14004.17631945065
 33
0.0
  0
MTEXT
  5
1AB5
330
1AAE
100
AcDbEntity
  8
0
 62
     0
440
 16777216
100
AcDbMText
 10
9877.810514819172
 20
14017.5741707467
 30
0.0
 40
25.0
 41
0.0
 46
0.0
 71
     5
 72
     1
  1
353
 73
     1
 44
1.0
  0
POINT
  5
1AB6
330
1AAE
100
AcDbEntity
  8
Defpoints
 62
     0
440
 16777216
100
AcDbPoint
 10
9701.310514819171
 20
14078.9253068072
 30
0.0
  0
POINT
  5
1AB7
330
1AAE
100
AcDbEntity
  8
Defpoints
 62
     0
440
 16777216
100
AcDbPoint
 10
10054.31051481917
 20
14078.9253068072
 30
0.0
  0
POINT
  5
1AB8
330
1AAE
100
AcDbEntity
  8
Defpoints
 62
     0
440
 16777216
100
AcDbPoint
 10
10054.31051481917
 20
14004.17631945065
 30
0.0
  0
ENDBLK
  5
1AB9
330
1AAE
100
AcDbEntity
  8
0
100
AcDbBlockEnd
  0
BLOCK
  5
1ABB
330
1ABA
100
AcDbEntity
  8
0
100
AcDbBlockBegin
  2
*D55
 70
     1
 10
0.0
 20
0.0
 30
0.0
  3
*D55
  1

  0
LINE
  5
1ABC
330
1ABA
100
AcDbEntity
  8
0
 62
     0
440
 16777216
370
    -2
100
AcDbLine
 10
9673.051147772541
 20
19416.50211807337
 30
0.0
 11
9673.051147772541
 21
19352.48430535725
 31
0.0
  0
LINE
  5
1ABD
330
1ABA
100
AcDbEntity
  8
0
 62
     0
440
 16777216
370
    -2
100
AcDbLine
 10
10573.05114777254
 20
17372.75211807337
 30
0.0
 11
10573.05114777254
 21
19354.98430535725
 31
0.0
  0
LINE
  5
1ABE
330
1ABA
100
AcDbEntity
  8
0
 62
     0
440
 16777216
370
    -2
100
AcDbLine
 10
9693.051147772543
 20
19353.73430535725
 30
0.0
 11
10553.05114777254
 21
19353.73430535725
 31
0.0
  0
SOLID
  5
1ABF
330
1ABA
100
AcDbEntity
  8
0
 62
     0
440
 16777216
100
AcDbTrace
 10
9693.051147772543
 20
19357.06763869058
 30
0.0
 11
9693.051147772543
 21
19350.40097202392
 31
0.0
 12
9673.051147772541
 22
19353.73430535725
 32
0.0
 13
9673.051147772541
 23
19353.73430535725
 33
0.0
  0
SOLID
  5
1AC0
330
1ABA
100
AcDbEntity
  8
0
 62
     0
440
 16777216
100
AcDbTrace
 10
10553.05114777254
 20
19357.06763869058
 30
0.0
 11
10553.05114777254
 21
19350.40097202392
 31
0.0
 12
10573.05114777254
 22
19353.73430535725
 32
0.0
 13
10573.05114777254
 23
19353.73430535725
 33
0.0
  0
MTEXT
  5
1AC1
330
1ABA
100
AcDbEntity
  8
0
 62
     0
440
 16777216
100
AcDbMText
 10
10123.05114777254
 20
19367.12363005029
 30
0.0
 40
25.0
 41
0.0
 46
0.0
 71
     5
 72
     1
  1
900
 73
     1
 44
1.0
  0
POINT
  5
1AC2
330
1ABA
100
AcDbEntity
  8
Defpoints
 62
     0
440
 16777216
100
AcDbPoint
 10
9673.051147772541
 20
19417.12711807337
 30
0.0
  0
POINT
  5
1AC3
330
1ABA
100
AcDbEntity
  8
Defpoints
 62
     0
440
 16777216
100
AcDbPoint
 10
10573.05114777254
 20
17372.12711807337
 30
0.0
  0
POINT
  5
1AC4
330
1ABA
100
AcDbEntity
  8
Defpoints
 62
     0
440
 16777216
100
AcDbPoint
 10
10573.05114777254
 20
19353.73430535725
 30
0.0
  0
ENDBLK
  5
1AC5
330
1ABA
100
AcDbEntity
  8
0
100
AcDbBlockEnd
  0
BLOCK
  5
1AC7
330
1AC6
100
AcDbEntity
  8
0
100
AcDbBlockBegin
  2
*D56
 70
     1
 10
0.0
 20
0.0
 30
0.0
  3
*D56
  1

  0
LINE
  5
1AC8
330
1AC6
100
AcDbEntity
  8
0
 62
     0
440
 16777216
370
    -2
100
AcDbLine
 10
10578.05114777254
 20
17383.50211807337
 30
0.0
 11
10578.05114777254
 21
17304.54593294153
 31
0.0
  0
LINE
  5
1AC9
330
1AC6
100
AcDbEntity
  8
0
 62
     0
440
 16777216
370
    -2
100
AcDbLine
 10
11168.05114777254
 20
17383.50211807337
 30
0.0
 11
11168.05114777254
 21
17304.54593294153
 31
0.0
  0
LINE
  5
1ACA
330
1AC6
100
AcDbEntity
  8
0
 62
     0
440
 16777216
370
    -2
100
AcDbLine
 10
10598.05114777254
 20
17305.79593294153
 30
0.0
 11
11148.05114777254
 21
17305.79593294153
 31
0.0
  0
SOLID
  5
1ACB
330
1AC6
100
AcDbEntity
  8
0
 62
     0
440
 16777216
100
AcDbTrace
 10
10598.05114777254
 20
17309.12926627486
 30
0.0
 11
10598.05114777254
 21
17302.46259960819
 31
0.0
 12
10578.05114777254
 22
17305.79593294153
 32
0.0
 13
10578.05114777254
 23
17305.79593294153
 33
0.0
  0
SOLID
  5
1ACC
330
1AC6
100
AcDbEntity
  8
0
 62
     0
440
 16777216
100
AcDbTrace
 10
11148.05114777254
 20
17309.12926627486
 30
0.0
 11
11148.05114777254
 21
17302.46259960819
 31
0.0
 12
11168.05114777254
 22
17305.79593294153
 32
0.0
 13
11168.05114777254
 23
17305.79593294153
 33
0.0
  0
MTEXT
  5
1ACD
330
1AC6
100
AcDbEntity
  8
0
 62
     0
440
 16777216
100
AcDbMText
 10
10873.05114777254
 20
17319.18525763457
 30
0.0
 40
25.0
 41
0.0
 46
0.0
 71
     5
 72
     1
  1
590
 73
     1
 44
1.0
  0
POINT
  5
1ACE
330
1AC6
100
AcDbEntity
  8
Defpoints
 62
     0
440
 16777216
100
AcDbPoint
 10
10578.05114777254
 20
17384.12711807337
 30
0.0
  0
POINT
  5
1ACF
330
1AC6
100
AcDbEntity
  8
Defpoints
 62
     0
440
 16777216
100
AcDbPoint
 10
11168.05114777254
 20
17384.12711807337
 30
0.0
  0
POINT
  5
1AD0
330
1AC6
100
AcDbEntity
  8
Defpoints
 62
     0
440
 16777216
100
AcDbPoint
 10
11168.05114777254
 20
17305.79593294153
 30
0.0
  0
ENDBLK
  5
1AD1
330
1AC6
100
AcDbEntity
  8
0
100
AcDbBlockEnd
  0
BLOCK
  5
1AD3
330
1AD2
100
AcDbEntity
  8
0
100
AcDbBlockBegin
  2
*D57
 70
     1
 10
0.0
 20
0.0
 30
0.0
  3
*D57
  1

  0
LINE
  5
1AD4
330
1AD2
100
AcDbEntity
  8
0
 62
     0
440
 16777216
370
    -2
100
AcDbLine
 10
11168.67614777254
 20
19436.12711807337
 30
0.0
 11
11282.5825291585
 21
19436.12711807337
 31
0.0
  0
LINE
  5
1AD5
330
1AD2
100
AcDbEntity
  8
0
 62
     0
440
 16777216
370
    -2
100
AcDbLine
 10
11168.67614777254
 20
17384.12711807337
 30
0.0
 11
11282.5825291585
 21
17384.12711807337
 31
0.0
  0
LINE
  5
1AD6
330
1AD2
100
AcDbEntity
  8
0
 62
     0
440
 16777216
370
    -2
100
AcDbLine
 10
11281.33252915849
 20
19416.12711807337
 30
0.0
 11
11281.33252915849
 21
17404.12711807337
 31
0.0
  0
SOLID
  5
1AD7
330
1AD2
100
AcDbEntity
  8
0
 62
     0
440
 16777216
100
AcDbTrace
 10
11277.99919582516
 20
19416.12711807337
 30
0.0
 11
11284.66586249183
 21
19416.12711807337
 31
0.0
 12
11281.33252915849
 22
19436.12711807337
 32
0.0
 13
11281.33252915849
 23
19436.12711807337
 33
0.0
  0
SOLID
  5
1AD8
330
1AD2
100
AcDbEntity
  8
0
 62
     0
440
 16777216
100
AcDbTrace
 10
11277.99919582516
 20
17404.12711807337
 30
0.0
 11
11284.66586249183
 21
17404.12711807337
 31
0.0
 12
11281.33252915849
 22
17384.12711807337
 32
0.0
 13
11281.33252915849
 23
17384.12711807337
 33
0.0
  0
MTEXT
  5
1AD9
330
1AD2
100
AcDbEntity
  8
0
 62
     0
440
 16777216
100
AcDbMText
 10
11267.94320446545
 20
18410.12711807337
 30
0.0
 40
25.0
 41
0.0
 46
0.0
 71
     5
 72
     1
  1
2052
 11
0.0000000000000001
 21
1.0
 31
0.0
 73
     1
 44
1.0
  0
POINT
  5
1ADA
330
1AD2
100
AcDbEntity
  8
Defpoints
 62
     0
440
 16777216
100
AcDbPoint
 10
11168.05114777254
 20
19436.12711807337
 30
0.0
  0
POINT
  5
1ADB
330
1AD2
100
AcDbEntity
  8
Defpoints
 62
     0
440
 16777216
100
AcDbPoint
 10
11168.05114777254
 20
17384.12711807337
 30
0.0
  0
POINT
  5
1ADC
330
1AD2
100
AcDbEntity
  8
Defpoints
 62
     0
440
 16777216
100
AcDbPoint
 10
11281.33252915849
 20
17384.12711807337
 30
0.0
  0
ENDBLK
  5
1ADD
330
1AD2
100
AcDbEntity
  8
0
100
AcDbBlockEnd
  0
BLOCK
  5
1ADF
330
1ADE
100
AcDbEntity
  8
0
100
AcDbBlockBegin
  2
*D58
 70
     1
 10
0.0
 20
0.0
 30
0.0
  3
*D58
  1

  0
LINE
  5
1AE0
330
1ADE
100
AcDbEntity
  8
0
 62
     0
440
 16777216
370
    -2
100
AcDbLine
 10
11439.3419012883
 20
14078.3003068072
 30
0.0
 11
11439.3419012883
 21
13991.67870970797
 31
0.0
  0
LINE
  5
1AE1
330
1ADE
100
AcDbEntity
  8
0
 62
     0
440
 16777216
370
    -2
100
AcDbLine
 10
11760.3419012883
 20
14078.3003068072
 30
0.0
 11
11760.3419012883
 21
13991.67870970797
 31
0.0
  0
LINE
  5
1AE2
330
1ADE
100
AcDbEntity
  8
0
 62
     0
440
 16777216
370
    -2
100
AcDbLine
 10
11459.3419012883
 20
13992.92870970798
 30
0.0
 11
11740.3419012883
 21
13992.92870970798
 31
0.0
  0
SOLID
  5
1AE3
330
1ADE
100
AcDbEntity
  8
0
 62
     0
440
 16777216
100
AcDbTrace
 10
11459.3419012883
 20
13996.26204304131
 30
0.0
 11
11459.3419012883
 21
13989.59537637464
 31
0.0
 12
11439.3419012883
 22
13992.92870970798
 32
0.0
 13
11439.3419012883
 23
13992.92870970798
 33
0.0
  0
SOLID
  5
1AE4
330
1ADE
100
AcDbEntity
  8
0
 62
     0
440
 16777216
100
AcDbTrace
 10
11740.3419012883
 20
13996.26204304131
 30
0.0
 11
11740.3419012883
 21
13989.59537637464
 31
0.0
 12
11760.3419012883
 22
13992.92870970798
 32
0.0
 13
11760.3419012883
 23
13992.92870970798
 33
0.0
  0
MTEXT
  5
1AE5
330
1ADE
100
AcDbEntity
  8
0
 62
     0
440
 16777216
100
AcDbMText
 10
11599.8419012883
 20
14006.32656100402
 30
0.0
 40
25.0
 41
0.0
 46
0.0
 71
     5
 72
     1
  1
321
 73
     1
 44
1.0
  0
POINT
  5
1AE6
330
1ADE
100
AcDbEntity
  8
Defpoints
 62
     0
440
 16777216
100
AcDbPoint
 10
11439.3419012883
 20
14078.9253068072
 30
0.0
  0
POINT
  5
1AE7
330
1ADE
100
AcDbEntity
  8
Defpoints
 62
     0
440
 16777216
100
AcDbPoint
 10
11760.3419012883
 20
14078.9253068072
 30
0.0
  0
POINT
  5
1AE8
330
1ADE
100
AcDbEntity
  8
Defpoints
 62
     0
440
 16777216
100
AcDbPoint
 10
11760.3419012883
 20
13992.92870970798
 30
0.0
  0
ENDBLK
  5
1AE9
330
1ADE
100
AcDbEntity
  8
0
100
AcDbBlockEnd
  0
BLOCK
  5
1AEB
330
1AEA
100
AcDbEntity
  8
0
100
AcDbBlockBegin
  2
*D59
 70
     1
 10
0.0
 20
0.0
 30
0.0
  3
*D59
  1

  0
LINE
  5
1AEC
330
1AEA
100
AcDbEntity
  8
0
 62
     0
440
 16777216
370
    -2
100
AcDbLine
 10
10694.8077228904
 20
16423.9253068072
 30
0.0
 11
10805.54910048748
 21
16423.9253068072
 31
0.0
  0
LINE
  5
1AED
330
1AEA
100
AcDbEntity
  8
0
 62
     0
440
 16777216
370
    -2
100
AcDbLine
 10
10695.9669012883
 20
14066.92530680721
 30
0.0
 11
10805.54910048748
 21
14066.92530680721
 31
0.0
  0
LINE
  5
1AEE
330
1AEA
100
AcDbEntity
  8
0
 62
     0
440
 16777216
370
    -2
100
AcDbLine
 10
10804.29910048748
 20
16403.9253068072
 30
0.0
 11
10804.29910048748
 21
14086.9253068072
 31
0.0
  0
SOLID
  5
1AEF
330
1AEA
100
AcDbEntity
  8
0
 62
     0
440
 16777216
100
AcDbTrace
 10
10800.96576715415
 20
16403.9253068072
 30
0.0
 11
10807.63243382081
 21
16403.9253068072
 31
0.0
 12
10804.29910048748
 22
16423.9253068072
 32
0.0
 13
10804.29910048748
 23
16423.9253068072
 33
0.0
  0
SOLID
  5
1AF0
330
1AEA
100
AcDbEntity
  8
0
 62
     0
440
 16777216
100
AcDbTrace
 10
10800.96576715415
 20
14086.9253068072
 30
0.0
 11
10807.63243382081
 21
14086.9253068072
 31
0.0
 12
10804.29910048748
 22
14066.92530680721
 32
0.0
 13
10804.29910048748
 23
14066.92530680721
 33
0.0
  0
MTEXT
  5
1AF1
330
1AEA
100
AcDbEntity
  8
0
 62
     0
440
 16777216
100
AcDbMText
 10
10790.90124919144
 20
15245.42530680721
 30
0.0
 40
25.0
 41
0.0
 46
0.0
 71
     5
 72
     1
  1
2357
 11
0.0000000000000001
 21
1.0
 31
0.0
 73
     1
 44
1.0
  0
POINT
  5
1AF2
330
1AEA
100
AcDbEntity
  8
Defpoints
 62
     0
440
 16777216
100
AcDbPoint
 10
10694.1827228904
 20
16423.9253068072
 30
0.0
  0
POINT
  5
1AF3
330
1AEA
100
AcDbEntity
  8
Defpoints
 62
     0
440
 16777216
100
AcDbPoint
 10
10695.3419012883
 20
14066.92530680721
 30
0.0
  0
POINT
  5
1AF4
330
1AEA
100
AcDbEntity
  8
Defpoints
 62
     0
440
 16777216
100
AcDbPoint
 10
10804.29910048748
 20
14066.92530680721
 30
0.0
  0
ENDBLK
  5
1AF5
330
1AEA
100
AcDbEntity
  8
0
100
AcDbBlockEnd
  0
BLOCK
  5
1AF7
330
1AF6
100
AcDbEntity
  8
0
100
AcDbBlockBegin
  2
*D60
 70
     1
 10
0.0
 20
0.0
 30
0.0
  3
*D60
  1

  0
LINE
  5
1AF8
330
1AF6
100
AcDbEntity
  8
0
 62
     0
440
 16777216
370
    -2
100
AcDbLine
 10
11760.9669012883
 20
16406.92530680721
 30
0.0
 11
11843.19986223405
 21
16406.92530680721
 31
0.0
  0
LINE
  5
1AF9
330
1AF6
100
AcDbEntity
  8
0
 62
     0
440
 16777216
370
    -2
100
AcDbLine
 10
11760.9669012883
 20
14078.9253068072
 30
0.0
 11
11843.19986223405
 21
14078.9253068072
 31
0.0
  0
LINE
  5
1AFA
330
1AF6
100
AcDbEntity
  8
0
 62
     0
440
 16777216
370
    -2
100
AcDbLine
 10
11841.94986223405
 20
16386.9253068072
 30
0.0
 11
11841.94986223405
 21
14098.9253068072
 31
0.0
  0
SOLID
  5
1AFB
330
1AF6
100
AcDbEntity
  8
0
 62
     0
440
 16777216
100
AcDbTrace
 10
11838.61652890072
 20
16386.9253068072
 30
0.0
 11
11845.28319556738
 21
16386.9253068072
 31
0.0
 12
11841.94986223405
 22
16406.92530680721
 32
0.0
 13
11841.94986223405
 23
16406.92530680721
 33
0.0
  0
SOLID
  5
1AFC
330
1AF6
100
AcDbEntity
  8
0
 62
     0
440
 16777216
100
AcDbTrace
 10
11838.61652890072
 20
14098.9253068072
 30
0.0
 11
11845.28319556738
 21
14098.9253068072
 31
0.0
 12
11841.94986223405
 22
14078.9253068072
 32
0.0
 13
11841.94986223405
 23
14078.9253068072
 33
0.0
  0
MTEXT
  5
1AFD
330
1AF6
100
AcDbEntity
  8
0
 62
     0
440
 16777216
100
AcDbMText
 10
11828.552010938
 20
15242.92530680721
 30
0.0
 40
25.0
 41
0.0
 46
0.0
 71
     5
 72
     1
  1
2328
 11
0.0000000000000001
 21
1.0
 31
0.0
 73
     1
 44
1.0
  0
POINT
  5
1AFE
330
1AF6
100
AcDbEntity
  8
Defpoints
 62
     0
440
 16777216
100
AcDbPoint
 10
11760.3419012883
 20
16406.92530680721
 30
0.0
  0
POINT
  5
1AFF
330
1AF6
100
AcDbEntity
  8
Defpoints
 62
     0
440
 16777216
100
AcDbPoint
 10
11760.3419012883
 20
14078.9253068072
 30
0.0
  0
POINT
  5
1B00
330
1AF6
100
AcDbEntity
  8
Defpoints
 62
     0
440
 16777216
100
AcDbPoint
 10
11841.94986223405
 20
14078.9253068072
 30
0.0
  0
ENDBLK
  5
1B01
330
1AF6
100
AcDbEntity
  8
0
100
AcDbBlockEnd
  0
BLOCK
  5
1B03
330
1B02
100
AcDbEntity
  8
0
100
AcDbBlockBegin
  2
*D61
 70
     1
 10
0.0
 20
0.0
 30
0.0
  3
*D61
  1

  0
LINE
  5
1B04
330
1B02
100
AcDbEntity
  8
0
 62
     0
440
 16777216
370
    -2
100
AcDbLine
 10
983.8701177831199
 20
17464.50211807337
 30
0.0
 11
983.8701177831199
 21
17392.10828179064
 31
0.0
  0
LINE
  5
1B05
330
1B02
100
AcDbEntity
  8
0
 62
     0
440
 16777216
370
    -2
100
AcDbLine
 10
1853.87011778312
 20
17464.50211807337
 30
0.0
 11
1853.87011778312
 21
17392.10828179064
 31
0.0
  0
LINE
  5
1B06
330
1B02
100
AcDbEntity
  8
0
 62
     0
440
 16777216
370
    -2
100
AcDbLine
 10
1003.87011778312
 20
17393.35828179064
 30
0.0
 11
1833.87011778312
 21
17393.35828179064
 31
0.0
  0
SOLID
  5
1B07
330
1B02
100
AcDbEntity
  8
0
 62
     0
440
 16777216
100
AcDbTrace
 10
1003.87011778312
 20
17396.69161512397
 30
0.0
 11
1003.87011778312
 21
17390.0249484573
 31
0.0
 12
983.8701177831199
 22
17393.35828179064
 32
0.0
 13
983.8701177831199
 23
17393.35828179064
 33
0.0
  0
SOLID
  5
1B08
330
1B02
100
AcDbEntity
  8
0
 62
     0
440
 16777216
100
AcDbTrace
 10
1833.87011778312
 20
17396.69161512397
 30
0.0
 11
1833.87011778312
 21
17390.0249484573
 31
0.0
 12
1853.87011778312
 22
17393.35828179064
 32
0.0
 13
1853.87011778312
 23
17393.35828179064
 33
0.0
  0
MTEXT
  5
1B09
330
1B02
100
AcDbEntity
  8
0
 62
     0
440
 16777216
100
AcDbMText
 10
1418.87011778312
 20
17406.74760648368
 30
0.0
 40
25.0
 41
0.0
 46
0.0
 71
     5
 72
     1
  1
870
 73
     1
 44
1.0
  0
POINT
  5
1B0A
330
1B02
100
AcDbEntity
  8
Defpoints
 62
     0
440
 16777216
100
AcDbPoint
 10
983.8701177831199
 20
17465.12711807337
 30
0.0
  0
POINT
  5
1B0B
330
1B02
100
AcDbEntity
  8
Defpoints
 62
     0
440
 16777216
100
AcDbPoint
 10
1853.87011778312
 20
17465.12711807337
 30
0.0
  0
POINT
  5
1B0C
330
1B02
100
AcDbEntity
  8
Defpoints
 62
     0
440
 16777216
100
AcDbPoint
 10
1853.87011778312
 20
17393.35828179064
 30
0.0
  0
ENDBLK
  5
1B0D
330
1B02
100
AcDbEntity
  8
0
100
AcDbBlockEnd
  0
BLOCK
  5
1B0F
330
1B0E
100
AcDbEntity
  8
0
100
AcDbBlockBegin
  2
*D62
 70
     1
 10
0.0
 20
0.0
 30
0.0
  3
*D62
  1

  0
LINE
  5
1B10
330
1B0E
100
AcDbEntity
  8
0
 62
     0
440
 16777216
370
    -2
100
AcDbLine
 10
983.2451177831208
 20
19460.12711807337
 30
0.0
 11
869.272094232136
 21
19460.12711807337
 31
0.0
  0
LINE
  5
1B11
330
1B0E
100
AcDbEntity
  8
0
 62
     0
440
 16777216
370
    -2
100
AcDbLine
 10
983.2451177831208
 20
17465.12711807337
 30
0.0
 11
869.2720942321354
 21
17465.12711807337
 31
0.0
  0
LINE
  5
1B12
330
1B0E
100
AcDbEntity
  8
0
 62
     0
440
 16777216
370
    -2
100
AcDbLine
 10
870.5220942321359
 20
19440.12711807337
 30
0.0
 11
870.5220942321355
 21
17485.12711807337
 31
0.0
  0
SOLID
  5
1B13
330
1B0E
100
AcDbEntity
  8
0
 62
     0
440
 16777216
100
AcDbTrace
 10
867.1887608988026
 20
19440.12711807337
 30
0.0
 11
873.8554275654692
 21
19440.12711807337
 31
0.0
 12
870.5220942321359
 22
19460.12711807337
 32
0.0
 13
870.5220942321359
 23
19460.12711807337
 33
0.0
  0
SOLID
  5
1B14
330
1B0E
100
AcDbEntity
  8
0
 62
     0
440
 16777216
100
AcDbTrace
 10
867.188760898802
 20
17485.12711807337
 30
0.0
 11
873.8554275654689
 21
17485.12711807337
 31
0.0
 12
870.5220942321355
 22
17465.12711807337
 32
0.0
 13
870.5220942321355
 23
17465.12711807337
 33
0.0
  0
MTEXT
  5
1B15
330
1B0E
100
AcDbEntity
  8
0
 62
     0
440
 16777216
100
AcDbMText
 10
857.1327695390904
 20
18462.62711807337
 30
0.0
 40
25.0
 41
0.0
 46
0.0
 71
     5
 72
     1
  1
1995
 11
0.0000000000000001
 21
1.0
 31
0.0
 73
     1
 44
1.0
  0
POINT
  5
1B16
330
1B0E
100
AcDbEntity
  8
Defpoints
 62
     0
440
 16777216
100
AcDbPoint
 10
983.8701177831207
 20
19460.12711807337
 30
0.0
  0
POINT
  5
1B17
330
1B0E
100
AcDbEntity
  8
Defpoints
 62
     0
440
 16777216
100
AcDbPoint
 10
983.8701177831207
 20
17465.12711807337
 30
0.0
  0
POINT
  5
1B18
330
1B0E
100
AcDbEntity
  8
Defpoints
 62
     0
440
 16777216
100
AcDbPoint
 10
870.5220942321355
 20
17465.12711807337
 30
0.0
  0
ENDBLK
  5
1B19
330
1B0E
100
AcDbEntity
  8
0
100
AcDbBlockEnd
  0
BLOCK
  5
1B1B
330
1B1A
100
AcDbEntity
  8
0
100
AcDbBlockBegin
  2
*D63
 70
     1
 10
0.0
 20
0.0
 30
0.0
  3
*D63
  1

  0
LINE
  5
1B1C
330
1B1A
100
AcDbEntity
  8
0
 62
     0
440
 16777216
370
    -2
100
AcDbLine
 10
2127.392893399537
 20
19460.12711807337
 30
0.0
 11
2066.496265543323
 21
19460.12711807337
 31
0.0
  0
LINE
  5
1B1D
330
1B1A
100
AcDbEntity
  8
0
 62
     0
440
 16777216
370
    -2
100
AcDbLine
 10
2127.392893399537
 20
17465.12711807337
 30
0.0
 11
2066.496265543323
 21
17465.12711807337
 31
0.0
  0
LINE
  5
1B1E
330
1B1A
100
AcDbEntity
  8
0
 62
     0
440
 16777216
370
    -2
100
AcDbLine
 10
2067.746265543323
 20
19440.12711807337
 30
0.0
 11
2067.746265543323
 21
17485.12711807337
 31
0.0
  0
SOLID
  5
1B1F
330
1B1A
100
AcDbEntity
  8
0
 62
     0
440
 16777216
100
AcDbTrace
 10
2064.41293220999
 20
19440.12711807337
 30
0.0
 11
2071.079598876656
 21
19440.12711807337
 31
0.0
 12
2067.746265543323
 22
19460.12711807337
 32
0.0
 13
2067.746265543323
 23
19460.12711807337
 33
0.0
  0
SOLID
  5
1B20
330
1B1A
100
AcDbEntity
  8
0
 62
     0
440
 16777216
100
AcDbTrace
 10
2064.41293220999
 20
17485.12711807337
 30
0.0
 11
2071.079598876656
 21
17485.12711807337
 31
0.0
 12
2067.746265543323
 22
17465.12711807337
 32
0.0
 13
2067.746265543323
 23
17465.12711807337
 33
0.0
  0
MTEXT
  5
1B21
330
1B1A
100
AcDbEntity
  8
0
 62
     0
440
 16777216
100
AcDbMText
 10
2054.356940850277
 20
18462.62711807337
 30
0.0
 40
25.0
 41
0.0
 46
0.0
 71
     5
 72
     1
  1
1995
 11
0.0000000000000001
 21
1.0
 31
0.0
 73
     1
 44
1.0
  0
POINT
  5
1B22
330
1B1A
100
AcDbEntity
  8
Defpoints
 62
     0
440
 16777216
100
AcDbPoint
 10
2128.017893399538
 20
19460.12711807337
 30
0.0
  0
POINT
  5
1B23
330
1B1A
100
AcDbEntity
  8
Defpoints
 62
     0
440
 16777216
100
AcDbPoint
 10
2128.017893399538
 20
17465.12711807337
 30
0.0
  0
POINT
  5
1B24
330
1B1A
100
AcDbEntity
  8
Defpoints
 62
     0
440
 16777216
100
AcDbPoint
 10
2067.746265543323
 20
17465.12711807337
 30
0.0
  0
ENDBLK
  5
1B25
330
1B1A
100
AcDbEntity
  8
0
100
AcDbBlockEnd
  0
BLOCK
  5
1B27
330
1B26
100
AcDbEntity
  8
0
100
AcDbBlockBegin
  2
*D64
 70
     1
 10
0.0
 20
0.0
 30
0.0
  3
*D64
  1

  0
LINE
  5
1B28
330
1B26
100
AcDbEntity
  8
0
 62
     0
440
 16777216
370
    -2
100
AcDbLine
 10
2128.017893399537
 20
17464.50211807337
 30
0.0
 11
2128.017893399537
 21
17392.70075172231
 31
0.0
  0
LINE
  5
1B29
330
1B26
100
AcDbEntity
  8
0
 62
     0
440
 16777216
370
    -2
100
AcDbLine
 10
2993.017893399537
 20
17464.50211807337
 30
0.0
 11
2993.017893399537
 21
17392.70075172231
 31
0.0
  0
LINE
  5
1B2A
330
1B26
100
AcDbEntity
  8
0
 62
     0
440
 16777216
370
    -2
100
AcDbLine
 10
2148.017893399537
 20
17393.95075172231
 30
0.0
 11
2973.017893399537
 21
17393.95075172231
 31
0.0
  0
SOLID
  5
1B2B
330
1B26
100
AcDbEntity
  8
0
 62
     0
440
 16777216
100
AcDbTrace
 10
2148.017893399537
 20
17397.28408505564
 30
0.0
 11
2148.017893399537
 21
17390.61741838898
 31
0.0
 12
2128.017893399537
 22
17393.95075172231
 32
0.0
 13
2128.017893399537
 23
17393.95075172231
 33
0.0
  0
SOLID
  5
1B2C
330
1B26
100
AcDbEntity
  8
0
 62
     0
440
 16777216
100
AcDbTrace
 10
2973.017893399537
 20
17397.28408505564
 30
0.0
 11
2973.017893399537
 21
17390.61741838898
 31
0.0
 12
2993.017893399537
 22
17393.95075172231
 32
0.0
 13
2993.017893399537
 23
17393.95075172231
 33
0.0
  0
MTEXT
  5
1B2D
330
1B26
100
AcDbEntity
  8
0
 62
     0
440
 16777216
100
AcDbMText
 10
2560.517893399537
 20
17407.34007641535
 30
0.0
 40
25.0
 41
0.0
 46
0.0
 71
     5
 72
     1
  1
865
 73
     1
 44
1.0
  0
POINT
  5
1B2E
330
1B26
100
AcDbEntity
  8
Defpoints
 62
     0
440
 16777216
100
AcDbPoint
 10
2128.017893399537
 20
17465.12711807337
 30
0.0
  0
POINT
  5
1B2F
330
1B26
100
AcDbEntity
  8
Defpoints
 62
     0
440
 16777216
100
AcDbPoint
 10
2993.017893399537
 20
17465.12711807337
 30
0.0
  0
POINT
  5
1B30
330
1B26
100
AcDbEntity
  8
Defpoints
 62
     0
440
 16777216
100
AcDbPoint
 10
2993.017893399537
 20
17393.95075172231
 30
0.0
  0
ENDBLK
  5
1B31
330
1B26
100
AcDbEntity
  8
0
100
AcDbBlockEnd
  0
BLOCK
  5
1B33
330
1B32
100
AcDbEntity
  8
0
100
AcDbBlockBegin
  2
*D65
 70
     1
 10
0.0
 20
0.0
 30
0.0
  3
*D65
  1

  0
LINE
  5
1B34
330
1B32
100
AcDbEntity
  8
0
 62
     0
440
 16777216
370
    -2
100
AcDbLine
 10
3246.782473906105
 20
17464.50211807337
 30
0.0
 11
3246.782473906105
 21
17393.77519737984
 31
0.0
  0
LINE
  5
1B35
330
1B32
100
AcDbEntity
  8
0
 62
     0
440
 16777216
370
    -2
100
AcDbLine
 10
4113.782473906105
 20
17464.50211807337
 30
0.0
 11
4113.782473906105
 21
17393.77519737984
 31
0.0
  0
LINE
  5
1B36
330
1B32
100
AcDbEntity
  8
0
 62
     0
440
 16777216
370
    -2
100
AcDbLine
 10
3266.782473906105
 20
17395.02519737984
 30
0.0
 11
4093.782473906106
 21
17395.02519737984
 31
0.0
  0
SOLID
  5
1B37
330
1B32
100
AcDbEntity
  8
0
 62
     0
440
 16777216
100
AcDbTrace
 10
3266.782473906105
 20
17398.35853071317
 30
0.0
 11
3266.782473906105
 21
17391.69186404651
 31
0.0
 12
3246.782473906105
 22
17395.02519737984
 32
0.0
 13
3246.782473906105
 23
17395.02519737984
 33
0.0
  0
SOLID
  5
1B38
330
1B32
100
AcDbEntity
  8
0
 62
     0
440
 16777216
100
AcDbTrace
 10
4093.782473906106
 20
17398.35853071317
 30
0.0
 11
4093.782473906106
 21
17391.69186404651
 31
0.0
 12
4113.782473906105
 22
17395.02519737984
 32
0.0
 13
4113.782473906105
 23
17395.02519737984
 33
0.0
  0
MTEXT
  5
1B39
330
1B32
100
AcDbEntity
  8
0
 62
     0
440
 16777216
100
AcDbMText
 10
3680.282473906106
 20
17408.41452207288
 30
0.0
 40
25.0
 41
0.0
 46
0.0
 71
     5
 72
     1
  1
867
 73
     1
 44
1.0
  0
POINT
  5
1B3A
330
1B32
100
AcDbEntity
  8
Defpoints
 62
     0
440
 16777216
100
AcDbPoint
 10
3246.782473906105
 20
17465.12711807337
 30
0.0
  0
POINT
  5
1B3B
330
1B32
100
AcDbEntity
  8
Defpoints
 62
     0
440
 16777216
100
AcDbPoint
 10
4113.782473906105
 20
17465.12711807337
 30
0.0
  0
POINT
  5
1B3C
330
1B32
100
AcDbEntity
  8
Defpoints
 62
     0
440
 16777216
100
AcDbPoint
 10
4113.782473906105
 20
17395.02519737984
 30
0.0
  0
ENDBLK
  5
1B3D
330
1B32
100
AcDbEntity
  8
0
100
AcDbBlockEnd
  0
BLOCK
  5
1B3F
330
1B3E
100
AcDbEntity
  8
0
100
AcDbBlockBegin
  2
*D66
 70
     1
 10
0.0
 20
0.0
 30
0.0
  3
*D66
  1

  0
LINE
  5
1B40
330
1B3E
100
AcDbEntity
  8
0
 62
     0
440
 16777216
370
    -2
100
AcDbLine
 10
3246.157473906107
 20
19460.12711807337
 30
0.0
 11
3206.511662676279
 21
19460.12711807337
 31
0.0
  0
LINE
  5
1B41
330
1B3E
100
AcDbEntity
  8
0
 62
     0
440
 16777216
370
    -2
100
AcDbLine
 10
3246.157473906107
 20
17465.12711807337
 30
0.0
 11
3206.511662676279
 21
17465.12711807337
 31
0.0
  0
LINE
  5
1B42
330
1B3E
100
AcDbEntity
  8
0
 62
     0
440
 16777216
370
    -2
100
AcDbLine
 10
3207.761662676279
 20
19440.12711807337
 30
0.0
 11
3207.761662676279
 21
17485.12711807337
 31
0.0
  0
SOLID
  5
1B43
330
1B3E
100
AcDbEntity
  8
0
 62
     0
440
 16777216
100
AcDbTrace
 10
3204.428329342946
 20
19440.12711807337
 30
0.0
 11
3211.094996009613
 21
19440.12711807337
 31
0.0
 12
3207.76166267628
 22
19460.12711807337
 32
0.0
 13
3207.76166267628
 23
19460.12711807337
 33
0.0
  0
SOLID
  5
1B44
330
1B3E
100
AcDbEntity
  8
0
 62
     0
440
 16777216
100
AcDbTrace
 10
3204.428329342946
 20
17485.12711807337
 30
0.0
 11
3211.094996009613
 21
17485.12711807337
 31
0.0
 12
3207.761662676279
 22
17465.12711807337
 32
0.0
 13
3207.761662676279
 23
17465.12711807337
 33
0.0
  0
MTEXT
  5
1B45
330
1B3E
100
AcDbEntity
  8
0
 62
     0
440
 16777216
100
AcDbMText
 10
3194.372337983234
 20
18462.62711807337
 30
0.0
 40
25.0
 41
0.0
 46
0.0
 71
     5
 72
     1
  1
1995
 11
0.0000000000000001
 21
1.0
 31
0.0
 73
     1
 44
1.0
  0
POINT
  5
1B46
330
1B3E
100
AcDbEntity
  8
Defpoints
 62
     0
440
 16777216
100
AcDbPoint
 10
3246.782473906107
 20
19460.12711807337
 30
0.0
  0
POINT
  5
1B47
330
1B3E
100
AcDbEntity
  8
Defpoints
 62
     0
440
 16777216
100
AcDbPoint
 10
3246.782473906107
 20
17465.12711807337
 30
0.0
  0
POINT
  5
1B48
330
1B3E
100
AcDbEntity
  8
Defpoints
 62
     0
440
 16777216
100
AcDbPoint
 10
3207.761662676279
 20
17465.12711807337
 30
0.0
  0
ENDBLK
  5
1B49
330
1B3E
100
AcDbEntity
  8
0
100
AcDbBlockEnd
  0
BLOCK
  5
1B4B
330
1B4A
100
AcDbEntity
  8
0
100
AcDbBlockBegin
  2
*D67
 70
     1
 10
0.0
 20
0.0
 30
0.0
  3
*D67
  1

  0
LINE
  5
1B4C
330
1B4A
100
AcDbEntity
  8
0
 62
     0
440
 16777216
370
    -2
100
AcDbLine
 10
4411.537553476013
 20
19460.12711807337
 30
0.0
 11
4367.20740539888
 21
19460.12711807337
 31
0.0
  0
LINE
  5
1B4D
330
1B4A
100
AcDbEntity
  8
0
 62
     0
440
 16777216
370
    -2
100
AcDbLine
 10
4411.537553476013
 20
17465.12711807337
 30
0.0
 11
4367.207405398879
 21
17465.12711807337
 31
0.0
  0
LINE
  5
1B4E
330
1B4A
100
AcDbEntity
  8
0
 62
     0
440
 16777216
370
    -2
100
AcDbLine
 10
4368.45740539888
 20
19440.12711807337
 30
0.0
 11
4368.457405398879
 21
17485.12711807337
 31
0.0
  0
SOLID
  5
1B4F
330
1B4A
100
AcDbEntity
  8
0
 62
     0
440
 16777216
100
AcDbTrace
 10
4365.124072065547
 20
19440.12711807337
 30
0.0
 11
4371.790738732213
 21
19440.12711807337
 31
0.0
 12
4368.45740539888
 22
19460.12711807337
 32
0.0
 13
4368.45740539888
 23
19460.12711807337
 33
0.0
  0
SOLID
  5
1B50
330
1B4A
100
AcDbEntity
  8
0
 62
     0
440
 16777216
100
AcDbTrace
 10
4365.124072065546
 20
17485.12711807337
 30
0.0
 11
4371.790738732212
 21
17485.12711807337
 31
0.0
 12
4368.457405398879
 22
17465.12711807337
 32
0.0
 13
4368.457405398879
 23
17465.12711807337
 33
0.0
  0
MTEXT
  5
1B51
330
1B4A
100
AcDbEntity
  8
0
 62
     0
440
 16777216
100
AcDbMText
 10
4355.068080705834
 20
18462.62711807337
 30
0.0
 40
25.0
 41
0.0
 46
0.0
 71
     5
 72
     1
  1
1995
 11
0.0000000000000001
 21
1.0
 31
0.0
 73
     1
 44
1.0
  0
POINT
  5
1B52
330
1B4A
100
AcDbEntity
  8
Defpoints
 62
     0
440
 16777216
100
AcDbPoint
 10
4412.162553476013
 20
19460.12711807337
 30
0.0
  0
POINT
  5
1B53
330
1B4A
100
AcDbEntity
  8
Defpoints
 62
     0
440
 16777216
100
AcDbPoint
 10
4412.162553476013
 20
17465.12711807337
 30
0.0
  0
POINT
  5
1B54
330
1B4A
100
AcDbEntity
  8
Defpoints
 62
     0
440
 16777216
100
AcDbPoint
 10
4368.457405398879
 20
17465.12711807337
 30
0.0
  0
ENDBLK
  5
1B55
330
1B4A
100
AcDbEntity
  8
0
100
AcDbBlockEnd
  0
BLOCK
  5
1B57
330
1B56
100
AcDbEntity
  8
0
100
AcDbBlockBegin
  2
*D68
 70
     1
 10
0.0
 20
0.0
 30
0.0
  3
*D68
  1

  0
LINE
  5
1B58
330
1B56
100
AcDbEntity
  8
0
 62
     0
440
 16777216
370
    -2
100
AcDbLine
 10
4412.162553476013
 20
17464.50211807337
 30
0.0
 11
4412.162553476013
 21
17407.04278914531
 31
0.0
  0
LINE
  5
1B59
330
1B56
100
AcDbEntity
  8
0
 62
     0
440
 16777216
370
    -2
100
AcDbLine
 10
5282.162553476012
 20
17464.50211807337
 30
0.0
 11
5282.162553476012
 21
17407.04278914531
 31
0.0
  0
LINE
  5
1B5A
330
1B56
100
AcDbEntity
  8
0
 62
     0
440
 16777216
370
    -2
100
AcDbLine
 10
4432.162553476013
 20
17408.29278914531
 30
0.0
 11
5262.162553476011
 21
17408.29278914531
 31
0.0
  0
SOLID
  5
1B5B
330
1B56
100
AcDbEntity
  8
0
 62
     0
440
 16777216
100
AcDbTrace
 10
4432.162553476013
 20
17411.62612247864
 30
0.0
 11
4432.162553476013
 21
17404.95945581198
 31
0.0
 12
4412.162553476013
 22
17408.29278914531
 32
0.0
 13
4412.162553476013
 23
17408.29278914531
 33
0.0
  0
SOLID
  5
1B5C
330
1B56
100
AcDbEntity
  8
0
 62
     0
440
 16777216
100
AcDbTrace
 10
5262.162553476011
 20
17411.62612247864
 30
0.0
 11
5262.162553476011
 21
17404.95945581198
 31
0.0
 12
5282.162553476012
 22
17408.29278914531
 32
0.0
 13
5282.162553476012
 23
17408.29278914531
 33
0.0
  0
MTEXT
  5
1B5D
330
1B56
100
AcDbEntity
  8
0
 62
     0
440
 16777216
100
AcDbMText
 10
4847.162553476012
 20
17421.68211383835
 30
0.0
 40
25.0
 41
0.0
 46
0.0
 71
     5
 72
     1
  1
870
 73
     1
 44
1.0
  0
POINT
  5
1B5E
330
1B56
100
AcDbEntity
  8
Defpoints
 62
     0
440
 16777216
100
AcDbPoint
 10
4412.162553476013
 20
17465.12711807337
 30
0.0
  0
POINT
  5
1B5F
330
1B56
100
AcDbEntity
  8
Defpoints
 62
     0
440
 16777216
100
AcDbPoint
 10
5282.162553476012
 20
17465.12711807337
 30
0.0
  0
POINT
  5
1B60
330
1B56
100
AcDbEntity
  8
Defpoints
 62
     0
440
 16777216
100
AcDbPoint
 10
5282.162553476012
 20
17408.29278914531
 30
0.0
  0
ENDBLK
  5
1B61
330
1B56
100
AcDbEntity
  8
0
100
AcDbBlockEnd
  0
BLOCK
  5
1B63
330
1B62
100
AcDbEntity
  8
0
100
AcDbBlockBegin
  2
*D69
 70
     1
 10
0.0
 20
0.0
 30
0.0
  3
*D69
  1

  0
LINE
  5
1B64
330
1B62
100
AcDbEntity
  8
0
 62
     0
440
 16777216
370
    -2
100
AcDbLine
 10
5615.763405038702
 20
19460.12711807337
 30
0.0
 11
5544.317206533499
 21
19460.12711807337
 31
0.0
  0
LINE
  5
1B65
330
1B62
100
AcDbEntity
  8
0
 62
     0
440
 16777216
370
    -2
100
AcDbLine
 10
5615.763405038702
 20
17465.12711807337
 30
0.0
 11
5544.317206533498
 21
17465.12711807337
 31
0.0
  0
LINE
  5
1B66
330
1B62
100
AcDbEntity
  8
0
 62
     0
440
 16777216
370
    -2
100
AcDbLine
 10
5545.567206533498
 20
19440.12711807337
 30
0.0
 11
5545.567206533497
 21
17485.12711807337
 31
0.0
  0
SOLID
  5
1B67
330
1B62
100
AcDbEntity
  8
0
 62
     0
440
 16777216
100
AcDbTrace
 10
5542.233873200165
 20
19440.12711807337
 30
0.0
 11
5548.900539866831
 21
19440.12711807337
 31
0.0
 12
5545.567206533498
 22
19460.12711807337
 32
0.0
 13
5545.567206533498
 23
19460.12711807337
 33
0.0
  0
SOLID
  5
1B68
330
1B62
100
AcDbEntity
  8
0
 62
     0
440
 16777216
100
AcDbTrace
 10
5542.233873200165
 20
17485.12711807337
 30
0.0
 11
5548.90053986683
 21
17485.12711807337
 31
0.0
 12
5545.567206533497
 22
17465.12711807337
 32
0.0
 13
5545.567206533497
 23
17465.12711807337
 33
0.0
  0
MTEXT
  5
1B69
330
1B62
100
AcDbEntity
  8
0
 62
     0
440
 16777216
100
AcDbMText
 10
5532.177881840453
 20
18462.62711807337
 30
0.0
 40
25.0
 41
0.0
 46
0.0
 71
     5
 72
     1
  1
1995
 11
0.0000000000000001
 21
1.0
 31
0.0
 73
     1
 44
1.0
  0
POINT
  5
1B6A
330
1B62
100
AcDbEntity
  8
Defpoints
 62
     0
440
 16777216
100
AcDbPoint
 10
5616.388405038702
 20
19460.12711807337
 30
0.0
  0
POINT
  5
1B6B
330
1B62
100
AcDbEntity
  8
Defpoints
 62
     0
440
 16777216
100
AcDbPoint
 10
5616.388405038702
 20
17465.12711807337
 30
0.0
  0
POINT
  5
1B6C
330
1B62
100
AcDbEntity
  8
Defpoints
 62
     0
440
 16777216
100
AcDbPoint
 10
5545.567206533497
 20
17465.12711807337
 30
0.0
  0
ENDBLK
  5
1B6D
330
1B62
100
AcDbEntity
  8
0
100
AcDbBlockEnd
  0
BLOCK
  5
1B6F
330
1B6E
100
AcDbEntity
  8
0
100
AcDbBlockBegin
  2
*D70
 70
     1
 10
0.0
 20
0.0
 30
0.0
  3
*D70
  1

  0
LINE
  5
1B70
330
1B6E
100
AcDbEntity
  8
0
 62
     0
440
 16777216
370
    -2
100
AcDbLine
 10
5616.388405038702
 20
17464.50211807337
 30
0.0
 11
5616.388405038702
 21
17389.0467083354
 31
0.0
  0
LINE
  5
1B71
330
1B6E
100
AcDbEntity
  8
0
 62
     0
440
 16777216
370
    -2
100
AcDbLine
 10
6521.388405038702
 20
17464.50211807337
 30
0.0
 11
6521.388405038702
 21
17389.0467083354
 31
0.0
  0
LINE
  5
1B72
330
1B6E
100
AcDbEntity
  8
0
 62
     0
440
 16777216
370
    -2
100
AcDbLine
 10
5636.388405038702
 20
17390.2967083354
 30
0.0
 11
6501.388405038702
 21
17390.2967083354
 31
0.0
  0
SOLID
  5
1B73
330
1B6E
100
AcDbEntity
  8
0
 62
     0
440
 16777216
100
AcDbTrace
 10
5636.388405038702
 20
17393.63004166873
 30
0.0
 11
5636.388405038702
 21
17386.96337500207
 31
0.0
 12
5616.388405038702
 22
17390.2967083354
 32
0.0
 13
5616.388405038702
 23
17390.2967083354
 33
0.0
  0
SOLID
  5
1B74
330
1B6E
100
AcDbEntity
  8
0
 62
     0
440
 16777216
100
AcDbTrace
 10
6501.388405038702
 20
17393.63004166873
 30
0.0
 11
6501.388405038702
 21
17386.96337500207
 31
0.0
 12
6521.388405038702
 22
17390.2967083354
 32
0.0
 13
6521.388405038702
 23
17390.2967083354
 33
0.0
  0
MTEXT
  5
1B75
330
1B6E
100
AcDbEntity
  8
0
 62
     0
440
 16777216
100
AcDbMText
 10
6068.888405038702
 20
17403.68603302844
 30
0.0
 40
25.0
 41
0.0
 46
0.0
 71
     5
 72
     1
  1
905
 73
     1
 44
1.0
  0
POINT
  5
1B76
330
1B6E
100
AcDbEntity
  8
Defpoints
 62
     0
440
 16777216
100
AcDbPoint
 10
5616.388405038702
 20
17465.12711807337
 30
0.0
  0
POINT
  5
1B77
330
1B6E
100
AcDbEntity
  8
Defpoints
 62
     0
440
 16777216
100
AcDbPoint
 10
6521.388405038702
 20
17465.12711807337
 30
0.0
  0
POINT
  5
1B78
330
1B6E
100
AcDbEntity
  8
Defpoints
 62
     0
440
 16777216
100
AcDbPoint
 10
6521.388405038702
 20
17390.2967083354
 30
0.0
  0
ENDBLK
  5
1B79
330
1B6E
100
AcDbEntity
  8
0
100
AcDbBlockEnd
  0
BLOCK
  5
1B7B
330
1B7A
100
AcDbEntity
  8
0
100
AcDbBlockBegin
  2
*D71
 70
     1
 10
0.0
 20
0.0
 30
0.0
  3
*D71
  1

  0
LINE
  5
1B7C
330
1B7A
100
AcDbEntity
  8
0
 62
     0
440
 16777216
370
    -2
100
AcDbLine
 10
6858.835267207488
 20
19460.12711807337
 30
0.0
 11
6802.382063305694
 21
19460.12711807337
 31
0.0
  0
LINE
  5
1B7D
330
1B7A
100
AcDbEntity
  8
0
 62
     0
440
 16777216
370
    -2
100
AcDbLine
 10
6858.835267207488
 20
17465.12711807337
 30
0.0
 11
6802.382063305692
 21
17465.12711807337
 31
0.0
  0
LINE
  5
1B7E
330
1B7A
100
AcDbEntity
  8
0
 62
     0
440
 16777216
370
    -2
100
AcDbLine
 10
6803.632063305695
 20
19440.12711807337
 30
0.0
 11
6803.632063305693
 21
17485.12711807337
 31
0.0
  0
SOLID
  5
1B7F
330
1B7A
100
AcDbEntity
  8
0
 62
     0
440
 16777216
100
AcDbTrace
 10
6800.298729972361
 20
19440.12711807337
 30
0.0
 11
6806.965396639028
 21
19440.12711807337
 31
0.0
 12
6803.632063305695
 22
19460.12711807337
 32
0.0
 13
6803.632063305695
 23
19460.12711807337
 33
0.0
  0
SOLID
  5
1B80
330
1B7A
100
AcDbEntity
  8
0
 62
     0
440
 16777216
100
AcDbTrace
 10
6800.29872997236
 20
17485.12711807337
 30
0.0
 11
6806.965396639026
 21
17485.12711807337
 31
0.0
 12
6803.632063305693
 22
17465.12711807337
 32
0.0
 13
6803.632063305693
 23
17465.12711807337
 33
0.0
  0
MTEXT
  5
1B81
330
1B7A
100
AcDbEntity
  8
0
 62
     0
440
 16777216
100
AcDbMText
 10
6790.242738612649
 20
18462.62711807337
 30
0.0
 40
25.0
 41
0.0
 46
0.0
 71
     5
 72
     1
  1
1995
 11
0.0000000000000001
 21
1.0
 31
0.0
 73
     1
 44
1.0
  0
POINT
  5
1B82
330
1B7A
100
AcDbEntity
  8
Defpoints
 62
     0
440
 16777216
100
AcDbPoint
 10
6859.460267207487
 20
19460.12711807337
 30
0.0
  0
POINT
  5
1B83
330
1B7A
100
AcDbEntity
  8
Defpoints
 62
     0
440
 16777216
100
AcDbPoint
 10
6859.460267207487
 20
17465.12711807337
 30
0.0
  0
POINT
  5
1B84
330
1B7A
100
AcDbEntity
  8
Defpoints
 62
     0
440
 16777216
100
AcDbPoint
 10
6803.632063305693
 20
17465.12711807337
 30
0.0
  0
ENDBLK
  5
1B85
330
1B7A
100
AcDbEntity
  8
0
100
AcDbBlockEnd
  0
BLOCK
  5
1B87
330
1B86
100
AcDbEntity
  8
0
100
AcDbBlockBegin
  2
*D72
 70
     1
 10
0.0
 20
0.0
 30
0.0
  3
*D72
  1

  0
LINE
  5
1B88
330
1B86
100
AcDbEntity
  8
0
 62
     0
440
 16777216
370
    -2
100
AcDbLine
 10
6859.460267207487
 20
17464.50211807337
 30
0.0
 11
6859.460267207487
 21
17383.13073806087
 31
0.0
  0
LINE
  5
1B89
330
1B86
100
AcDbEntity
  8
0
 62
     0
440
 16777216
370
    -2
100
AcDbLine
 10
7749.460267207485
 20
17464.50211807337
 30
0.0
 11
7749.460267207485
 21
17383.13073806087
 31
0.0
  0
LINE
  5
1B8A
330
1B86
100
AcDbEntity
  8
0
 62
     0
440
 16777216
370
    -2
100
AcDbLine
 10
6879.460267207488
 20
17384.38073806086
 30
0.0
 11
7729.460267207485
 21
17384.38073806086
 31
0.0
  0
SOLID
  5
1B8B
330
1B86
100
AcDbEntity
  8
0
 62
     0
440
 16777216
100
AcDbTrace
 10
6879.460267207488
 20
17387.7140713942
 30
0.0
 11
6879.460267207488
 21
17381.04740472753
 31
0.0
 12
6859.460267207487
 22
17384.38073806086
 32
0.0
 13
6859.460267207487
 23
17384.38073806086
 33
0.0
  0
SOLID
  5
1B8C
330
1B86
100
AcDbEntity
  8
0
 62
     0
440
 16777216
100
AcDbTrace
 10
7729.460267207485
 20
17387.7140713942
 30
0.0
 11
7729.460267207485
 21
17381.04740472753
 31
0.0
 12
7749.460267207485
 22
17384.38073806086
 32
0.0
 13
7749.460267207485
 23
17384.38073806086
 33
0.0
  0
MTEXT
  5
1B8D
330
1B86
100
AcDbEntity
  8
0
 62
     0
440
 16777216
100
AcDbMText
 10
7304.460267207486
 20
17397.77006275391
 30
0.0
 40
25.0
 41
0.0
 46
0.0
 71
     5
 72
     1
  1
890
 73
     1
 44
1.0
  0
POINT
  5
1B8E
330
1B86
100
AcDbEntity
  8
Defpoints
 62
     0
440
 16777216
100
AcDbPoint
 10
6859.460267207487
 20
17465.12711807337
 30
0.0
  0
POINT
  5
1B8F
330
1B86
100
AcDbEntity
  8
Defpoints
 62
     0
440
 16777216
100
AcDbPoint
 10
7749.460267207485
 20
17465.12711807337
 30
0.0
  0
POINT
  5
1B90
330
1B86
100
AcDbEntity
  8
Defpoints
 62
     0
440
 16777216
100
AcDbPoint
 10
7749.460267207485
 20
17384.38073806086
 30
0.0
  0
ENDBLK
  5
1B91
330
1B86
100
AcDbEntity
  8
0
100
AcDbBlockEnd
  0
BLOCK
  5
1B93
330
1B92
100
AcDbEntity
  8
0
100
AcDbBlockBegin
  2
*D73
 70
     1
 10
0.0
 20
0.0
 30
0.0
  3
*D73
  1

  0
LINE
  5
1B94
330
1B92
100
AcDbEntity
  8
0
 62
     0
440
 16777216
370
    -2
100
AcDbLine
 10
8063.061118770177
 20
19460.12711807337
 30
0.0
 11
8003.819292848163
 21
19460.12711807337
 31
0.0
  0
LINE
  5
1B95
330
1B92
100
AcDbEntity
  8
0
 62
     0
440
 16777216
370
    -2
100
AcDbLine
 10
8063.061118770177
 20
17465.12711807337
 30
0.0
 11
8003.819292848161
 21
17465.12711807337
 31
0.0
  0
LINE
  5
1B96
330
1B92
100
AcDbEntity
  8
0
 62
     0
440
 16777216
370
    -2
100
AcDbLine
 10
8005.069292848164
 20
19440.12711807337
 30
0.0
 11
8005.069292848162
 21
17485.12711807337
 31
0.0
  0
SOLID
  5
1B97
330
1B92
100
AcDbEntity
  8
0
 62
     0
440
 16777216
100
AcDbTrace
 10
8001.73595951483
 20
19440.12711807337
 30
0.0
 11
8008.402626181498
 21
19440.12711807337
 31
0.0
 12
8005.069292848164
 22
19460.12711807337
 32
0.0
 13
8005.069292848164
 23
19460.12711807337
 33
0.0
  0
SOLID
  5
1B98
330
1B92
100
AcDbEntity
  8
0
 62
     0
440
 16777216
100
AcDbTrace
 10
8001.73595951483
 20
17485.12711807337
 30
0.0
 11
8008.402626181496
 21
17485.12711807337
 31
0.0
 12
8005.069292848162
 22
17465.12711807337
 32
0.0
 13
8005.069292848162
 23
17465.12711807337
 33
0.0
  0
MTEXT
  5
1B99
330
1B92
100
AcDbEntity
  8
0
 62
     0
440
 16777216
100
AcDbMText
 10
7991.679968155118
 20
18462.62711807337
 30
0.0
 40
25.0
 41
0.0
 46
0.0
 71
     5
 72
     1
  1
1995
 11
0.0000000000000001
 21
1.0
 31
0.0
 73
     1
 44
1.0
  0
POINT
  5
1B9A
330
1B92
100
AcDbEntity
  8
Defpoints
 62
     0
440
 16777216
100
AcDbPoint
 10
8063.686118770176
 20
19460.12711807337
 30
0.0
  0
POINT
  5
1B9B
330
1B92
100
AcDbEntity
  8
Defpoints
 62
     0
440
 16777216
100
AcDbPoint
 10
8063.686118770176
 20
17465.12711807337
 30
0.0
  0
POINT
  5
1B9C
330
1B92
100
AcDbEntity
  8
Defpoints
 62
     0
440
 16777216
100
AcDbPoint
 10
8005.069292848162
 20
17465.12711807337
 30
0.0
  0
ENDBLK
  5
1B9D
330
1B92
100
AcDbEntity
  8
0
100
AcDbBlockEnd
  0
BLOCK
  5
1B9F
330
1B9E
100
AcDbEntity
  8
0
100
AcDbBlockBegin
  2
*D74
 70
     1
 10
0.0
 20
0.0
 30
0.0
  3
*D74
  1

  0
LINE
  5
1BA0
330
1B9E
100
AcDbEntity
  8
0
 62
     0
440
 16777216
370
    -2
100
AcDbLine
 10
8063.686118770176
 20
17464.50211807337
 30
0.0
 11
8063.686118770176
 21
17377.58779622522
 31
0.0
  0
LINE
  5
1BA1
330
1B9E
100
AcDbEntity
  8
0
 62
     0
440
 16777216
370
    -2
100
AcDbLine
 10
8930.686118770179
 20
17464.50211807337
 30
0.0
 11
8930.686118770179
 21
17377.58779622522
 31
0.0
  0
LINE
  5
1BA2
330
1B9E
100
AcDbEntity
  8
0
 62
     0
440
 16777216
370
    -2
100
AcDbLine
 10
8083.686118770176
 20
17378.83779622522
 30
0.0
 11
8910.686118770177
 21
17378.83779622522
 31
0.0
  0
SOLID
  5
1BA3
330
1B9E
100
AcDbEntity
  8
0
 62
     0
440
 16777216
100
AcDbTrace
 10
8083.686118770176
 20
17382.17112955855
 30
0.0
 11
8083.686118770176
 21
17375.50446289189
 31
0.0
 12
8063.686118770176
 22
17378.83779622522
 32
0.0
 13
8063.686118770176
 23
17378.83779622522
 33
0.0
  0
SOLID
  5
1BA4
330
1B9E
100
AcDbEntity
  8
0
 62
     0
440
 16777216
100
AcDbTrace
 10
8910.686118770177
 20
17382.17112955855
 30
0.0
 11
8910.686118770177
 21
17375.50446289189
 31
0.0
 12
8930.686118770179
 22
17378.83779622522
 32
0.0
 13
8930.686118770179
 23
17378.83779622522
 33
0.0
  0
MTEXT
  5
1BA5
330
1B9E
100
AcDbEntity
  8
0
 62
     0
440
 16777216
100
AcDbMText
 10
8497.186118770176
 20
17392.22712091826
 30
0.0
 40
25.0
 41
0.0
 46
0.0
 71
     5
 72
     1
  1
867
 73
     1
 44
1.0
  0
POINT
  5
1BA6
330
1B9E
100
AcDbEntity
  8
Defpoints
 62
     0
440
 16777216
100
AcDbPoint
 10
8063.686118770176
 20
17465.12711807337
 30
0.0
  0
POINT
  5
1BA7
330
1B9E
100
AcDbEntity
  8
Defpoints
 62
     0
440
 16777216
100
AcDbPoint
 10
8930.686118770179
 20
17465.12711807337
 30
0.0
  0
POINT
  5
1BA8
330
1B9E
100
AcDbEntity
  8
Defpoints
 62
     0
440
 16777216
100
AcDbPoint
 10
8930.686118770179
 20
17378.83779622522
 30
0.0
  0
ENDBLK
  5
1BA9
330
1B9E
100
AcDbEntity
  8
0
100
AcDbBlockEnd
  0
BLOCK
  5
1BAB
330
1BAA
100
AcDbEntity
  8
0
100
AcDbBlockBegin
  2
*D75
 70
     1
 10
0.0
 20
0.0
 30
0.0
  3
*D75
  1

  0
LINE
  5
1BAC
330
1BAA
100
AcDbEntity
  8
0
 62
     0
440
 16777216
370
    -2
100
AcDbLine
 10
2191.745117783121
 20
16408.9253068072
 30
0.0
 11
2164.611217854245
 21
16408.9253068072
 31
0.0
  0
LINE
  5
1BAD
330
1BAA
100
AcDbEntity
  8
0
 62
     0
440
 16777216
370
    -2
100
AcDbLine
 10
2191.745117783121
 20
14070.9253068072
 30
0.0
 11
2164.611217854245
 21
14070.9253068072
 31
0.0
  0
LINE
  5
1BAE
330
1BAA
100
AcDbEntity
  8
0
 62
     0
440
 16777216
370
    -2
100
AcDbLine
 10
2165.861217854245
 20
16388.9253068072
 30
0.0
 11
2165.861217854245
 21
14090.9253068072
 31
0.0
  0
SOLID
  5
1BAF
330
1BAA
100
AcDbEntity
  8
0
 62
     0
440
 16777216
100
AcDbTrace
 10
2162.527884520912
 20
16388.9253068072
 30
0.0
 11
2169.194551187579
 21
16388.9253068072
 31
0.0
 12
2165.861217854245
 22
16408.9253068072
 32
0.0
 13
2165.861217854245
 23
16408.9253068072
 33
0.0
  0
SOLID
  5
1BB0
330
1BAA
100
AcDbEntity
  8
0
 62
     0
440
 16777216
100
AcDbTrace
 10
2162.527884520911
 20
14090.9253068072
 30
0.0
 11
2169.194551187578
 21
14090.9253068072
 31
0.0
 12
2165.861217854245
 22
14070.9253068072
 32
0.0
 13
2165.861217854245
 23
14070.9253068072
 33
0.0
  0
MTEXT
  5
1BB1
330
1BAA
100
AcDbEntity
  8
0
 62
     0
440
 16777216
100
AcDbMText
 10
2152.463366558199
 20
15220.91955641518
 30
0.0
 40
25.0
 41
0.0
 46
0.0
 71
     5
 72
     1
  1
2338
 11
0.0000000000000001
 21
1.0
 31
0.0
 73
     1
 44
1.0
  0
POINT
  5
1BB2
330
1BAA
100
AcDbEntity
  8
Defpoints
 62
     0
440
 16777216
100
AcDbPoint
 10
2192.370117783121
 20
16408.9253068072
 30
-0.0000000000000178
  0
POINT
  5
1BB3
330
1BAA
100
AcDbEntity
  8
Defpoints
 62
     0
440
 16777216
100
AcDbPoint
 10
2192.370117783121
 20
14070.9253068072
 30
-0.0000000000001421
  0
POINT
  5
1BB4
330
1BAA
100
AcDbEntity
  8
Defpoints
 62
     0
440
 16777216
100
AcDbPoint
 10
2165.861217854245
 20
14070.9253068072
 30
0.0
  0
ENDBLK
  5
1BB5
330
1BAA
100
AcDbEntity
  8
0
100
AcDbBlockEnd
  0
BLOCK
  5
1BB7
330
1BB6
100
AcDbEntity
  8
0
100
AcDbBlockBegin
  2
*D76
 70
     1
 10
0.0
 20
0.0
 30
0.0
  3
*D76
  1

  0
LINE
  5
1BB8
330
1BB6
100
AcDbEntity
  8
0
 62
     0
440
 16777216
370
    -2
100
AcDbLine
 10
4351.001579372398
 20
16408.9253068072
 30
0.0
 11
4321.392637578939
 21
16408.9253068072
 31
0.0
  0
LINE
  5
1BB9
330
1BB6
100
AcDbEntity
  8
0
 62
     0
440
 16777216
370
    -2
100
AcDbLine
 10
4351.001579372398
 20
14070.9253068072
 30
0.0
 11
4321.392637578937
 21
14070.9253068072
 31
0.0
  0
LINE
  5
1BBA
330
1BB6
100
AcDbEntity
  8
0
 62
     0
440
 16777216
370
    -2
100
AcDbLine
 10
4322.642637578939
 20
16388.9253068072
 30
0.0
 11
4322.642637578938
 21
14090.9253068072
 31
0.0
  0
SOLID
  5
1BBB
330
1BB6
100
AcDbEntity
  8
0
 62
     0
440
 16777216
100
AcDbTrace
 10
4319.309304245606
 20
16388.9253068072
 30
0.0
 11
4325.975970912272
 21
16388.9253068072
 31
0.0
 12
4322.642637578939
 22
16408.9253068072
 32
0.0
 13
4322.642637578939
 23
16408.9253068072
 33
0.0
  0
SOLID
  5
1BBC
330
1BB6
100
AcDbEntity
  8
0
 62
     0
440
 16777216
100
AcDbTrace
 10
4319.309304245605
 20
14090.9253068072
 30
0.0
 11
4325.975970912271
 21
14090.9253068072
 31
0.0
 12
4322.642637578938
 22
14070.9253068072
 32
0.0
 13
4322.642637578938
 23
14070.9253068072
 33
0.0
  0
MTEXT
  5
1BBD
330
1BB6
100
AcDbEntity
  8
0
 62
     0
440
 16777216
100
AcDbMText
 10
4309.244786282891
 20
15239.9253068072
 30
0.0
 40
25.0
 41
0.0
 46
0.0
 71
     5
 72
     1
  1
2338
 11
0.0000000000000001
 21
1.0
 31
0.0
 73
     1
 44
1.0
  0
POINT
  5
1BBE
330
1BB6
100
AcDbEntity
  8
Defpoints
 62
     0
440
 16777216
100
AcDbPoint
 10
4351.626579372398
 20
16408.9253068072
 30
-0.0000000000000178
  0
POINT
  5
1BBF
330
1BB6
100
AcDbEntity
  8
Defpoints
 62
     0
440
 16777216
100
AcDbPoint
 10
4351.626579372398
 20
14070.9253068072
 30
-0.0000000000001421
  0
POINT
  5
1BC0
330
1BB6
100
AcDbEntity
  8
Defpoints
 62
     0
440
 16777216
100
AcDbPoint
 10
4322.642637578938
 20
14070.9253068072
 30
0.0
  0
ENDBLK
  5
1BC1
330
1BB6
100
AcDbEntity
  8
0
100
AcDbBlockEnd
  0
BLOCK
  5
1BC3
330
1BC2
100
AcDbEntity
  8
0
100
AcDbBlockBegin
  2
*D77
 70
     1
 10
0.0
 20
0.0
 30
0.0
  3
*D77
  1

  0
LINE
  5
1BC4
330
1BC2
100
AcDbEntity
  8
0
 62
     0
440
 16777216
370
    -2
100
AcDbLine
 10
7365.957139173279
 20
14066.92530680721
 30
0.0
 11
7471.732642778128
 21
14066.92530680721
 31
0.0
  0
LINE
  5
1BC5
330
1BC2
100
AcDbEntity
  8
0
 62
     0
440
 16777216
370
    -2
100
AcDbLine
 10
7364.797960775381
 20
16422.92530680721
 30
0.0
 11
7471.732642778128
 21
16422.92530680721
 31
0.0
  0
LINE
  5
1BC6
330
1BC2
100
AcDbEntity
  8
0
 62
     0
440
 16777216
370
    -2
100
AcDbLine
 10
7470.482642778129
 20
14086.9253068072
 30
0.0
 11
7470.482642778129
 21
16402.92530680721
 31
0.0
  0
SOLID
  5
1BC7
330
1BC2
100
AcDbEntity
  8
0
 62
     0
440
 16777216
100
AcDbTrace
 10
7467.149309444796
 20
14086.9253068072
 30
0.0
 11
7473.815976111461
 21
14086.9253068072
 31
0.0
 12
7470.482642778129
 22
14066.92530680721
 32
0.0
 13
7470.482642778129
 23
14066.92530680721
 33
0.0
  0
SOLID
  5
1BC8
330
1BC2
100
AcDbEntity
  8
0
 62
     0
440
 16777216
100
AcDbTrace
 10
7467.149309444796
 20
16402.92530680721
 30
0.0
 11
7473.815976111461
 21
16402.92530680721
 31
0.0
 12
7470.482642778129
 22
16422.92530680721
 32
0.0
 13
7470.482642778129
 23
16422.92530680721
 33
0.0
  0
MTEXT
  5
1BC9
330
1BC2
100
AcDbEntity
  8
0
 62
     0
440
 16777216
100
AcDbMText
 10
7457.084791482083
 20
14815.52408983032
 30
0.0
 40
25.0
 41
0.0
 46
0.0
 71
     5
 72
     1
  1
2356
 11
0.0000000000000001
 21
1.0
 31
0.0
 73
     1
 44
1.0
  0
POINT
  5
1BCA
330
1BC2
100
AcDbEntity
  8
Defpoints
 62
     0
440
 16777216
100
AcDbPoint
 10
7365.332139173279
 20
14066.92530680721
 30
0.0
  0
POINT
  5
1BCB
330
1BC2
100
AcDbEntity
  8
Defpoints
 62
     0
440
 16777216
100
AcDbPoint
 10
7364.17296077538
 20
16422.92530680721
 30
0.0
  0
POINT
  5
1BCC
330
1BC2
100
AcDbEntity
  8
Defpoints
 62
     0
440
 16777216
100
AcDbPoint
 10
7470.482642778129
 20
16422.92530680721
 30
0.0
  0
ENDBLK
  5
1BCD
330
1BC2
100
AcDbEntity
  8
0
100
AcDbBlockEnd
  0
BLOCK
  5
1BCF
330
1BCE
100
AcDbEntity
  8
0
100
AcDbBlockBegin
  2
*D78
 70
     1
 10
0.0
 20
0.0
 30
0.0
  3
*D78
  1

  0
LINE
  5
1BD0
330
1BCE
100
AcDbEntity
  8
0
 62
     0
440
 16777216
370
    -2
100
AcDbLine
 10
6013.219399168882
 20
16422.92530680721
 30
0.0
 11
6162.385066777748
 21
16422.92530680721
 31
0.0
  0
LINE
  5
1BD1
330
1BCE
100
AcDbEntity
  8
0
 62
     0
440
 16777216
370
    -2
100
AcDbLine
 10
6012.36646681144
 20
14066.92530680721
 30
0.0
 11
6162.385066777747
 21
14066.92530680721
 31
0.0
  0
LINE
  5
1BD2
330
1BCE
100
AcDbEntity
  8
0
 62
     0
440
 16777216
370
    -2
100
AcDbLine
 10
6161.135066777748
 20
16402.92530680721
 30
0.0
 11
6161.135066777747
 21
14086.9253068072
 31
0.0
  0
SOLID
  5
1BD3
330
1BCE
100
AcDbEntity
  8
0
 62
     0
440
 16777216
100
AcDbTrace
 10
6157.801733444415
 20
16402.92530680721
 30
0.0
 11
6164.468400111081
 21
16402.92530680721
 31
0.0
 12
6161.135066777748
 22
16422.92530680721
 32
0.0
 13
6161.135066777748
 23
16422.92530680721
 33
0.0
  0
SOLID
  5
1BD4
330
1BCE
100
AcDbEntity
  8
0
 62
     0
440
 16777216
100
AcDbTrace
 10
6157.801733444414
 20
14086.9253068072
 30
0.0
 11
6164.46840011108
 21
14086.9253068072
 31
0.0
 12
6161.135066777747
 22
14066.92530680721
 32
0.0
 13
6161.135066777747
 23
14066.92530680721
 33
0.0
  0
MTEXT
  5
1BD5
330
1BCE
100
AcDbEntity
  8
0
 62
     0
440
 16777216
100
AcDbMText
 10
6147.737215481701
 20
15244.9253068072
 30
0.0
 40
25.0
 41
0.0
 46
0.0
 71
     5
 72
     1
  1
2356
 11
0.0000000000000001
 21
1.0
 31
0.0
 73
     1
 44
1.0
  0
POINT
  5
1BD6
330
1BCE
100
AcDbEntity
  8
Defpoints
 62
     0
440
 16777216
100
AcDbPoint
 10
6012.594399168882
 20
16422.92530680721
 30
0.0
  0
POINT
  5
1BD7
330
1BCE
100
AcDbEntity
  8
Defpoints
 62
     0
440
 16777216
100
AcDbPoint
 10
6011.741466811439
 20
14066.92530680721
 30
0.0
  0
POINT
  5
1BD8
330
1BCE
100
AcDbEntity
  8
Defpoints
 62
     0
440
 16777216
100
AcDbPoint
 10
6161.135066777747
 20
14066.92530680721
 30
0.0
  0
ENDBLK
  5
1BD9
330
1BCE
100
AcDbEntity
  8
0
100
AcDbBlockEnd
  0
BLOCK
  5
1BDB
330
1BDA
100
AcDbEntity
  8
0
100
AcDbBlockBegin
  2
*D79
 70
     1
 10
0.0
 20
0.0
 30
0.0
  3
*D79
  1

  0
LINE
  5
1BDC
330
1BDA
100
AcDbEntity
  8
0
 62
     0
440
 16777216
370
    -2
100
AcDbLine
 10
5849.74146681144
 20
14110.3003068072
 30
0.0
 11
5849.74146681144
 21
13986.30380792314
 31
0.0
  0
LINE
  5
1BDD
330
1BDA
100
AcDbEntity
  8
0
 62
     0
440
 16777216
370
    -2
100
AcDbLine
 10
6749.741466811437
 20
14066.3003068072
 30
0.0
 11
6749.741466811437
 21
13986.30380792314
 31
0.0
  0
LINE
  5
1BDE
330
1BDA
100
AcDbEntity
  8
0
 62
     0
440
 16777216
370
    -2
100
AcDbLine
 10
5869.74146681144
 20
13987.55380792314
 30
0.0
 11
6729.741466811439
 21
13987.55380792314
 31
0.0
  0
SOLID
  5
1BDF
330
1BDA
100
AcDbEntity
  8
0
 62
     0
440
 16777216
100
AcDbTrace
 10
5869.74146681144
 20
13990.88714125648
 30
0.0
 11
5869.74146681144
 21
13984.22047458981
 31
0.0
 12
5849.74146681144
 22
13987.55380792314
 32
0.0
 13
5849.74146681144
 23
13987.55380792314
 33
0.0
  0
SOLID
  5
1BE0
330
1BDA
100
AcDbEntity
  8
0
 62
     0
440
 16777216
100
AcDbTrace
 10
6729.741466811439
 20
13990.88714125648
 30
0.0
 11
6729.741466811439
 21
13984.22047458981
 31
0.0
 12
6749.741466811437
 22
13987.55380792314
 32
0.0
 13
6749.741466811437
 23
13987.55380792314
 33
0.0
  0
MTEXT
  5
1BE1
330
1BDA
100
AcDbEntity
  8
0
 62
     0
440
 16777216
100
AcDbMText
 10
6299.741466811439
 20
14000.94313261619
 30
0.0
 40
25.0
 41
0.0
 46
0.0
 71
     5
 72
     1
  1
900
 73
     1
 44
1.0
  0
POINT
  5
1BE2
330
1BDA
100
AcDbEntity
  8
Defpoints
 62
     0
440
 16777216
100
AcDbPoint
 10
5849.74146681144
 20
14110.9253068072
 30
0.0
  0
POINT
  5
1BE3
330
1BDA
100
AcDbEntity
  8
Defpoints
 62
     0
440
 16777216
100
AcDbPoint
 10
6749.741466811437
 20
14066.92530680721
 30
0.0
  0
POINT
  5
1BE4
330
1BDA
100
AcDbEntity
  8
Defpoints
 62
     0
440
 16777216
100
AcDbPoint
 10
6749.741466811437
 20
13987.55380792314
 30
0.0
  0
ENDBLK
  5
1BE5
330
1BDA
100
AcDbEntity
  8
0
100
AcDbBlockEnd
  0
BLOCK
  5
1BE7
330
1BE6
100
AcDbEntity
  8
0
100
AcDbBlockBegin
  2
*D80
 70
     1
 10
0.0
 20
0.0
 30
0.0
  3
*D80
  1

  0
LINE
  5
1BE8
330
1BE6
100
AcDbEntity
  8
0
 62
     0
440
 16777216
370
    -2
100
AcDbLine
 10
8103.332139173277
 20
14066.3003068072
 30
0.0
 11
8103.332139173277
 21
13991.10576759638
 31
0.0
  0
LINE
  5
1BE9
330
1BE6
100
AcDbEntity
  8
0
 62
     0
440
 16777216
370
    -2
100
AcDbLine
 10
7203.332139173278
 20
14110.3003068072
 30
0.0
 11
7203.332139173278
 21
13991.10576759638
 31
0.0
  0
LINE
  5
1BEA
330
1BE6
100
AcDbEntity
  8
0
 62
     0
440
 16777216
370
    -2
100
AcDbLine
 10
8083.332139173277
 20
13992.35576759638
 30
0.0
 11
7223.332139173279
 21
13992.35576759638
 31
0.0
  0
SOLID
  5
1BEB
330
1BE6
100
AcDbEntity
  8
0
 62
     0
440
 16777216
100
AcDbTrace
 10
8083.332139173277
 20
13995.68910092971
 30
0.0
 11
8083.332139173277
 21
13989.02243426305
 31
0.0
 12
8103.332139173277
 22
13992.35576759638
 32
0.0
 13
8103.332139173277
 23
13992.35576759638
 33
0.0
  0
SOLID
  5
1BEC
330
1BE6
100
AcDbEntity
  8
0
 62
     0
440
 16777216
100
AcDbTrace
 10
7223.332139173279
 20
13995.68910092971
 30
0.0
 11
7223.332139173279
 21
13989.02243426305
 31
0.0
 12
7203.332139173278
 22
13992.35576759638
 32
0.0
 13
7203.332139173278
 23
13992.35576759638
 33
0.0
  0
MTEXT
  5
1BED
330
1BE6
100
AcDbEntity
  8
0
 62
     0
440
 16777216
100
AcDbMText
 10
7653.332139173278
 20
14005.74509228942
 30
0.0
 40
25.0
 41
0.0
 46
0.0
 71
     5
 72
     1
  1
900
 73
     1
 44
1.0
  0
POINT
  5
1BEE
330
1BE6
100
AcDbEntity
  8
Defpoints
 62
     0
440
 16777216
100
AcDbPoint
 10
8103.332139173277
 20
14066.92530680721
 30
0.0
  0
POINT
  5
1BEF
330
1BE6
100
AcDbEntity
  8
Defpoints
 62
     0
440
 16777216
100
AcDbPoint
 10
7203.332139173278
 20
14110.9253068072
 30
0.0
  0
POINT
  5
1BF0
330
1BE6
100
AcDbEntity
  8
Defpoints
 62
     0
440
 16777216
100
AcDbPoint
 10
7203.332139173278
 20
13992.35576759638
 30
0.0
  0
ENDBLK
  5
1BF1
330
1BE6
100
AcDbEntity
  8
0
100
AcDbBlockEnd
  0
BLOCK
  5
1BF3
330
1BF2
100
AcDbEntity
  8
0
100
AcDbBlockBegin
  2
*D81
 70
     1
 10
0.0
 20
0.0
 30
0.0
  3
*D81
  1

  0
LINE
  5
1BF4
330
1BF2
100
AcDbEntity
  8
0
 62
     0
440
 16777216
370
    -2
100
AcDbLine
 10
8795.310514819172
 20
14110.3003068072
 30
0.0
 11
8795.310514819172
 21
13973.7831772695
 31
0.0
  0
LINE
  5
1BF5
330
1BF2
100
AcDbEntity
  8
0
 62
     0
440
 16777216
370
    -2
100
AcDbLine
 10
9695.310514819173
 20
14066.3003068072
 30
0.0
 11
9695.310514819173
 21
13973.7831772695
 31
0.0
  0
LINE
  5
1BF6
330
1BF2
100
AcDbEntity
  8
0
 62
     0
440
 16777216
370
    -2
100
AcDbLine
 10
8815.310514819172
 20
13975.0331772695
 30
0.0
 11
9675.310514819173
 21
13975.0331772695
 31
0.0
  0
SOLID
  5
1BF7
330
1BF2
100
AcDbEntity
  8
0
 62
     0
440
 16777216
100
AcDbTrace
 10
8815.310514819172
 20
13978.36651060284
 30
0.0
 11
8815.310514819172
 21
13971.69984393617
 31
0.0
 12
8795.310514819172
 22
13975.0331772695
 32
0.0
 13
8795.310514819172
 23
13975.0331772695
 33
0.0
  0
SOLID
  5
1BF8
330
1BF2
100
AcDbEntity
  8
0
 62
     0
440
 16777216
100
AcDbTrace
 10
9675.310514819173
 20
13978.36651060284
 30
0.0
 11
9675.310514819173
 21
13971.69984393617
 31
0.0
 12
9695.310514819173
 22
13975.0331772695
 32
0.0
 13
9695.310514819173
 23
13975.0331772695
 33
0.0
  0
MTEXT
  5
1BF9
330
1BF2
100
AcDbEntity
  8
0
 62
     0
440
 16777216
100
AcDbMText
 10
9245.310514819172
 20
13988.42250196255
 30
0.0
 40
25.0
 41
0.0
 46
0.0
 71
     5
 72
     1
  1
900
 73
     1
 44
1.0
  0
POINT
  5
1BFA
330
1BF2
100
AcDbEntity
  8
Defpoints
 62
     0
440
 16777216
100
AcDbPoint
 10
8795.310514819172
 20
14110.9253068072
 30
0.0
  0
POINT
  5
1BFB
330
1BF2
100
AcDbEntity
  8
Defpoints
 62
     0
440
 16777216
100
AcDbPoint
 10
9695.310514819173
 20
14066.92530680721
 30
0.0
  0
POINT
  5
1BFC
330
1BF2
100
AcDbEntity
  8
Defpoints
 62
     0
440
 16777216
100
AcDbPoint
 10
9695.310514819173
 20
13975.0331772695
 30
0.0
  0
ENDBLK
  5
1BFD
330
1BF2
100
AcDbEntity
  8
0
100
AcDbBlockEnd
  0
BLOCK
  5
1BFF
330
1BFE
100
AcDbEntity
  8
0
100
AcDbBlockBegin
  2
*D82
 70
     1
 10
0.0
 20
0.0
 30
0.0
  3
*D82
  1

  0
LINE
  5
1C00
330
1BFE
100
AcDbEntity
  8
0
 62
     0
440
 16777216
370
    -2
100
AcDbLine
 10
10525.3419012883
 20
14110.3003068072
 30
0.0
 11
10525.3419012883
 21
13986.3161007942
 31
0.0
  0
LINE
  5
1C01
330
1BFE
100
AcDbEntity
  8
0
 62
     0
440
 16777216
370
    -2
100
AcDbLine
 10
11433.3419012883
 20
14066.3003068072
 30
0.0
 11
11433.3419012883
 21
13986.3161007942
 31
0.0
  0
LINE
  5
1C02
330
1BFE
100
AcDbEntity
  8
0
 62
     0
440
 16777216
370
    -2
100
AcDbLine
 10
10545.3419012883
 20
13987.5661007942
 30
0.0
 11
11413.3419012883
 21
13987.5661007942
 31
0.0
  0
SOLID
  5
1C03
330
1BFE
100
AcDbEntity
  8
0
 62
     0
440
 16777216
100
AcDbTrace
 10
10545.3419012883
 20
13990.89943412753
 30
0.0
 11
10545.3419012883
 21
13984.23276746086
 31
0.0
 12
10525.3419012883
 22
13987.5661007942
 32
0.0
 13
10525.3419012883
 23
13987.5661007942
 33
0.0
  0
SOLID
  5
1C04
330
1BFE
100
AcDbEntity
  8
0
 62
     0
440
 16777216
100
AcDbTrace
 10
11413.3419012883
 20
13990.89943412753
 30
0.0
 11
11413.3419012883
 21
13984.23276746086
 31
0.0
 12
11433.3419012883
 22
13987.5661007942
 32
0.0
 13
11433.3419012883
 23
13987.5661007942
 33
0.0
  0
MTEXT
  5
1C05
330
1BFE
100
AcDbEntity
  8
0
 62
     0
440
 16777216
100
AcDbMText
 10
10979.3419012883
 20
14000.95542548724
 30
0.0
 40
25.0
 41
0.0
 46
0.0
 71
     5
 72
     1
  1
908
 73
     1
 44
1.0
  0
POINT
  5
1C06
330
1BFE
100
AcDbEntity
  8
Defpoints
 62
     0
440
 16777216
100
AcDbPoint
 10
10525.3419012883
 20
14110.9253068072
 30
0.0
  0
POINT
  5
1C07
330
1BFE
100
AcDbEntity
  8
Defpoints
 62
     0
440
 16777216
100
AcDbPoint
 10
11433.3419012883
 20
14066.92530680721
 30
0.0
  0
POINT
  5
1C08
330
1BFE
100
AcDbEntity
  8
Defpoints
 62
     0
440
 16777216
100
AcDbPoint
 10
11433.3419012883
 20
13987.5661007942
 30
0.0
  0
ENDBLK
  5
1C09
330
1BFE
100
AcDbEntity
  8
0
100
AcDbBlockEnd
  0
BLOCK
  5
1C0B
330
1C0A
100
AcDbEntity
  8
0
100
AcDbBlockBegin
  2
*D83
 70
     1
 10
0.0
 20
0.0
 30
0.0
  3
*D83
  1

  0
LINE
  5
1C0C
330
1C0A
100
AcDbEntity
  8
0
 62
     0
440
 16777216
370
    -2
100
AcDbLine
 10
9834.426147772541
 20
17372.12711807337
 30
0.0
 11
9615.080146895245
 21
17372.12711807337
 31
0.0
  0
LINE
  5
1C0D
330
1C0A
100
AcDbEntity
  8
0
 62
     0
440
 16777216
370
    -2
100
AcDbLine
 10
9834.426147772541
 20
19454.12711807337
 30
0.0
 11
9615.080146895245
 21
19454.12711807337
 31
0.0
  0
LINE
  5
1C0E
330
1C0A
100
AcDbEntity
  8
0
 62
     0
440
 16777216
370
    -2
100
AcDbLine
 10
9616.330146895245
 20
17392.12711807337
 30
0.0
 11
9616.330146895245
 21
19434.12711807337
 31
0.0
  0
SOLID
  5
1C0F
330
1C0A
100
AcDbEntity
  8
0
 62
     0
440
 16777216
100
AcDbTrace
 10
9612.996813561911
 20
17392.12711807337
 30
0.0
 11
9619.663480228579
 21
17392.12711807337
 31
0.0
 12
9616.330146895245
 22
17372.12711807337
 32
0.0
 13
9616.330146895245
 23
17372.12711807337
 33
0.0
  0
SOLID
  5
1C10
330
1C0A
100
AcDbEntity
  8
0
 62
     0
440
 16777216
100
AcDbTrace
 10
9612.996813561911
 20
19434.12711807337
 30
0.0
 11
9619.663480228579
 21
19434.12711807337
 31
0.0
 12
9616.330146895245
 22
19454.12711807337
 32
0.0
 13
9616.330146895245
 23
19454.12711807337
 33
0.0
  0
MTEXT
  5
1C11
330
1C0A
100
AcDbEntity
  8
0
 62
     0
440
 16777216
100
AcDbMText
 10
9602.940822202201
 20
18413.12711807338
 30
0.0
 40
25.0
 41
0.0
 46
0.0
 71
     5
 72
     1
  1
2082
 11
0.0000000000000001
 21
1.0
 31
0.0
 73
     1
 44
1.0
  0
POINT
  5
1C12
330
1C0A
100
AcDbEntity
  8
Defpoints
 62
     0
440
 16777216
100
AcDbPoint
 10
9835.051147772542
 20
17372.12711807337
 30
0.0
  0
POINT
  5
1C13
330
1C0A
100
AcDbEntity
  8
Defpoints
 62
     0
440
 16777216
100
AcDbPoint
 10
9835.051147772542
 20
19454.12711807337
 30
0.0
  0
POINT
  5
1C14
330
1C0A
100
AcDbEntity
  8
Defpoints
 62
     0
440
 16777216
100
AcDbPoint
 10
9616.330146895245
 20
19454.12711807337
 30
0.0
  0
ENDBLK
  5
1C15
330
1C0A
100
AcDbEntity
  8
0
100
AcDbBlockEnd
  0
BLOCK
  5
1F0F
330
1F0E
100
AcDbEntity
  8
0
 48
4.0
100
AcDbBlockBegin
  2
*D85
 70
     1
 10
0.0
 20
0.0
 30
0.0
  3
*D85
  1

  0
LINE
  5
1F11
330
1F0E
100
AcDbEntity
  8
0
 62
     0
440
 16777216
370
    -2
100
AcDbLine
 10
-15460.66612628095
 20
-2350.780035549713
 30
0.0
 11
-15460.66612628095
 21
-2431.210372949915
 31
0.0
  0
LINE
  5
1F12
330
1F0E
100
AcDbEntity
  8
0
 62
     0
440
 16777216
370
    -2
100
AcDbLine
 10
-15175.16612628095
 20
-2350.780035549713
 30
0.0
 11
-15175.16612628095
 21
-2431.210372949915
 31
0.0
  0
LINE
  5
1F13
330
1F0E
100
AcDbEntity
  8
0
 62
     0
440
 16777216
370
    -2
100
AcDbLine
 10
-15440.66612628095
 20
-2429.960372949914
 30
0.0
 11
-15195.16612628095
 21
-2429.960372949914
 31
0.0
  0
SOLID
  5
1F14
330
1F0E
100
AcDbEntity
  8
0
 62
     0
440
 16777216
100
AcDbTrace
 10
-15440.66612628095
 20
-2426.62703961658
 30
0.0
 11
-15440.66612628095
 21
-2433.293706283248
 31
0.0
 12
-15460.66612628095
 22
-2429.960372949914
 32
0.0
 13
-15460.66612628095
 23
-2429.960372949914
 33
0.0
  0
SOLID
  5
1F15
330
1F0E
100
AcDbEntity
  8
0
 62
     0
440
 16777216
100
AcDbTrace
 10
-15195.16612628095
 20
-2426.62703961658
 30
0.0
 11
-15195.16612628095
 21
-2433.293706283248
 31
0.0
 12
-15175.16612628095
 22
-2429.960372949914
 32
0.0
 13
-15175.16612628095
 23
-2429.960372949914
 33
0.0
  0
MTEXT
  5
1F16
330
1F0E
100
AcDbEntity
  8
0
 62
     0
440
 16777216
100
AcDbMText
 10
-15317.91612628095
 20
-2414.31149846151
 30
0.0
 40
25.0
 41
0.0
 46
0.0
 71
     5
 72
     1
  1
285,5
 73
     1
 44
1.0
  0
POINT
  5
1F17
330
1F0E
100
AcDbEntity
  8
Defpoints
 62
     0
440
 16777216
100
AcDbPoint
 10
-15460.66612628095
 20
-2350.155035549713
 30
0.0
  0
POINT
  5
1F18
330
1F0E
100
AcDbEntity
  8
Defpoints
 62
     0
440
 16777216
100
AcDbPoint
 10
-15175.16612628095
 20
-2350.155035549713
 30
0.0
  0
POINT
  5
1F19
330
1F0E
100
AcDbEntity
  8
Defpoints
 62
     0
440
 16777216
100
AcDbPoint
 10
-15175.16612628095
 20
-2429.960372949914
 30
0.0
  0
ENDBLK
  5
1F10
330
1F0E
100
AcDbEntity
  8
0
 48
4.0
100
AcDbBlockEnd
  0
BLOCK
  5
1F1B
330
1F1A
100
AcDbEntity
  8
0
 48
4.0
100
AcDbBlockBegin
  2
*D86
 70
     1
 10
0.0
 20
0.0
 30
0.0
  3
*D86
  1

  0
LINE
  5
1F1D
330
1F1A
100
AcDbEntity
  8
0
 62
     0
440
 16777216
370
    -2
100
AcDbLine
 10
-15171.16612628095
 20
-2358.780035549713
 30
0.0
 11
-15171.16612628095
 21
-2431.900404642835
 31
0.0
  0
LINE
  5
1F1E
330
1F1A
100
AcDbEntity
  8
0
 62
     0
440
 16777216
370
    -2
100
AcDbLine
 10
-14271.16612628095
 20
-2358.780035549713
 30
0.0
 11
-14271.16612628095
 21
-2431.900404642835
 31
0.0
  0
LINE
  5
1F1F
330
1F1A
100
AcDbEntity
  8
0
 62
     0
440
 16777216
370
    -2
100
AcDbLine
 10
-15151.16612628095
 20
-2430.650404642835
 30
0.0
 11
-14291.16612628095
 21
-2430.650404642835
 31
0.0
  0
SOLID
  5
1F20
330
1F1A
100
AcDbEntity
  8
0
 62
     0
440
 16777216
100
AcDbTrace
 10
-15151.16612628095
 20
-2427.317071309501
 30
0.0
 11
-15151.16612628095
 21
-2433.983737976168
 31
0.0
 12
-15171.16612628095
 22
-2430.650404642835
 32
0.0
 13
-15171.16612628095
 23
-2430.650404642835
 33
0.0
  0
SOLID
  5
1F21
330
1F1A
100
AcDbEntity
  8
0
 62
     0
440
 16777216
100
AcDbTrace
 10
-14291.16612628095
 20
-2427.317071309501
 30
0.0
 11
-14291.16612628095
 21
-2433.983737976168
 31
0.0
 12
-14271.16612628095
 22
-2430.650404642835
 32
0.0
 13
-14271.16612628095
 23
-2430.650404642835
 33
0.0
  0
MTEXT
  5
1F22
330
1F1A
100
AcDbEntity
  8
0
 62
     0
440
 16777216
100
AcDbMText
 10
-14721.16612628095
 20
-2417.261079949792
 30
0.0
 40
25.0
 41
0.0
 46
0.0
 71
     5
 72
     1
  1
900
 73
     1
 44
1.0
  0
POINT
  5
1F23
330
1F1A
100
AcDbEntity
  8
Defpoints
 62
     0
440
 16777216
100
AcDbPoint
 10
-15171.16612628095
 20
-2358.155035549713
 30
0.0
  0
POINT
  5
1F24
330
1F1A
100
AcDbEntity
  8
Defpoints
 62
     0
440
 16777216
100
AcDbPoint
 10
-14271.16612628095
 20
-2358.155035549713
 30
-0.0000000000001421
  0
POINT
  5
1F25
330
1F1A
100
AcDbEntity
  8
Defpoints
 62
     0
440
 16777216
100
AcDbPoint
 10
-14271.16612628095
 20
-2430.650404642835
 30
0.0
  0
ENDBLK
  5
1F1C
330
1F1A
100
AcDbEntity
  8
0
 48
4.0
100
AcDbBlockEnd
  0
BLOCK
  5
1F27
330
1F26
100
AcDbEntity
  8
0
 48
4.0
100
AcDbBlockBegin
  2
*D87
 70
     1
 10
0.0
 20
0.0
 30
0.0
  3
*D87
  1

  0
LINE
  5
1F29
330
1F26
100
AcDbEntity
  8
0
 62
     0
440
 16777216
370
    -2
100
AcDbLine
 10
-14250.16612628095
 20
-2350.780035549713
 30
0.0
 11
-14250.16612628095
 21
-2434.518626144523
 31
0.0
  0
LINE
  5
1F2A
330
1F26
100
AcDbEntity
  8
0
 62
     0
440
 16777216
370
    -2
100
AcDbLine
 10
-13981.66612628095
 20
-2350.780035549713
 30
0.0
 11
-13981.66612628095
 21
-2434.518626144523
 31
0.0
  0
LINE
  5
1F2B
330
1F26
100
AcDbEntity
  8
0
 62
     0
440
 16777216
370
    -2
100
AcDbLine
 10
-14230.16612628095
 20
-2433.268626144523
 30
0.0
 11
-14001.66612628095
 21
-2433.268626144523
 31
0.0
  0
SOLID
  5
1F2C
330
1F26
100
AcDbEntity
  8
0
 62
     0
440
 16777216
100
AcDbTrace
 10
-14230.16612628095
 20
-2429.93529281119
 30
0.0
 11
-14230.16612628095
 21
-2436.601959477857
 31
0.0
 12
-14250.16612628095
 22
-2433.268626144523
 32
0.0
 13
-14250.16612628095
 23
-2433.268626144523
 33
0.0
  0
SOLID
  5
1F2D
330
1F26
100
AcDbEntity
  8
0
 62
     0
440
 16777216
100
AcDbTrace
 10
-14001.66612628095
 20
-2429.93529281119
 30
0.0
 11
-14001.66612628095
 21
-2436.601959477857
 31
0.0
 12
-13981.66612628095
 22
-2433.268626144523
 32
0.0
 13
-13981.66612628095
 23
-2433.268626144523
 33
0.0
  0
MTEXT
  5
1F2E
330
1F26
100
AcDbEntity
  8
0
 62
     0
440
 16777216
100
AcDbMText
 10
-14115.91612628095
 20
-2417.61975165612
 30
0.0
 40
25.0
 41
0.0
 46
0.0
 71
     5
 72
     1
  1
268,5
 73
     1
 44
1.0
  0
POINT
  5
1F2F
330
1F26
100
AcDbEntity
  8
Defpoints
 62
     0
440
 16777216
100
AcDbPoint
 10
-14250.16612628095
 20
-2350.155035549713
 30
0.0
  0
POINT
  5
1F30
330
1F26
100
AcDbEntity
  8
Defpoints
 62
     0
440
 16777216
100
AcDbPoint
 10
-13981.66612628095
 20
-2350.155035549713
 30
0.0
  0
POINT
  5
1F31
330
1F26
100
AcDbEntity
  8
Defpoints
 62
     0
440
 16777216
100
AcDbPoint
 10
-13981.66612628095
 20
-2433.268626144523
 30
0.0
  0
ENDBLK
  5
1F28
330
1F26
100
AcDbEntity
  8
0
 48
4.0
100
AcDbBlockEnd
  0
BLOCK
  5
1F33
330
1F32
100
AcDbEntity
  8
0
 48
4.0
100
AcDbBlockBegin
  2
*D88
 70
     1
 10
0.0
 20
0.0
 30
0.0
  3
*D88
  1

  0
LINE
  5
1F35
330
1F32
100
AcDbEntity
  8
0
 62
     0
440
 16777216
370
    -2
100
AcDbLine
 10
-15461.29112628095
 20
-38.15503554971292
 30
0.0
 11
-15534.60644402137
 21
-38.1550355497129
 31
0.0
  0
LINE
  5
1F36
330
1F32
100
AcDbEntity
  8
0
 62
     0
440
 16777216
370
    -2
100
AcDbLine
 10
-15461.29112628095
 20
-2350.155035549713
 30
0.0
 11
-15534.60644402137
 21
-2350.155035549713
 31
0.0
  0
LINE
  5
1F37
330
1F32
100
AcDbEntity
  8
0
 62
     0
440
 16777216
370
    -2
100
AcDbLine
 10
-15533.35644402137
 20
-58.15503554971289
 30
0.0
 11
-15533.35644402137
 21
-2330.155035549713
 31
0.0
  0
SOLID
  5
1F38
330
1F32
100
AcDbEntity
  8
0
 62
     0
440
 16777216
100
AcDbTrace
 10
-15536.68977735471
 20
-58.15503554971289
 30
0.0
 11
-15530.02311068804
 21
-58.15503554971289
 31
0.0
 12
-15533.35644402137
 22
-38.1550355497129
 32
0.0
 13
-15533.35644402137
 23
-38.1550355497129
 33
0.0
  0
SOLID
  5
1F39
330
1F32
100
AcDbEntity
  8
0
 62
     0
440
 16777216
100
AcDbTrace
 10
-15536.68977735471
 20
-2330.155035549713
 30
0.0
 11
-15530.02311068804
 21
-2330.155035549713
 31
0.0
 12
-15533.35644402137
 22
-2350.155035549713
 32
0.0
 13
-15533.35644402137
 23
-2350.155035549713
 33
0.0
  0
MTEXT
  5
1F3A
330
1F32
100
AcDbEntity
  8
0
 62
     0
440
 16777216
100
AcDbMText
 10
-15546.75429531742
 20
-1194.155035549715
 30
0.0
 40
25.0
 41
0.0
 46
0.0
 71
     5
 72
     1
  1
2312
 11
0.0000000000000001
 21
1.0
 31
0.0
 73
     1
 44
1.0
  0
POINT
  5
1F3B
330
1F32
100
AcDbEntity
  8
Defpoints
 62
     0
440
 16777216
100
AcDbPoint
 10
-15460.66612628095
 20
-38.15503554971292
 30
0.0
  0
POINT
  5
1F3C
330
1F32
100
AcDbEntity
  8
Defpoints
 62
     0
440
 16777216
100
AcDbPoint
 10
-15460.66612628095
 20
-2350.155035549713
 30
0.0
  0
POINT
  5
1F3D
330
1F32
100
AcDbEntity
  8
Defpoints
 62
     0
440
 16777216
100
AcDbPoint
 10
-15533.35644402137
 20
-2350.155035549713
 30
0.0
  0
ENDBLK
  5
1F34
330
1F32
100
AcDbEntity
  8
0
 48
4.0
100
AcDbBlockEnd
  0
BLOCK
  5
1F3F
330
1F3E
100
AcDbEntity
  8
0
 48
4.0
100
AcDbBlockBegin
  2
*D89
 70
     1
 10
0.0
 20
0.0
 30
0.0
  3
*D89
  1

  0
LINE
  5
1F41
330
1F3E
100
AcDbEntity
  8
0
 62
     0
440
 16777216
370
    -2
100
AcDbLine
 10
-13981.04112628095
 20
-38.15503554971292
 30
0.0
 11
-13900.27706251131
 21
-38.15503554971295
 31
0.0
  0
LINE
  5
1F42
330
1F3E
100
AcDbEntity
  8
0
 62
     0
440
 16777216
370
    -2
100
AcDbLine
 10
-13981.04112628095
 20
-2350.155035549713
 30
0.0
 11
-13900.27706251131
 21
-2350.155035549713
 31
0.0
  0
LINE
  5
1F43
330
1F3E
100
AcDbEntity
  8
0
 62
     0
440
 16777216
370
    -2
100
AcDbLine
 10
-13901.52706251131
 20
-58.15503554971295
 30
0.0
 11
-13901.52706251131
 21
-2330.155035549713
 31
0.0
  0
SOLID
  5
1F44
330
1F3E
100
AcDbEntity
  8
0
 62
     0
440
 16777216
100
AcDbTrace
 10
-13904.86039584464
 20
-58.15503554971294
 30
0.0
 11
-13898.19372917798
 21
-58.15503554971295
 31
0.0
 12
-13901.52706251131
 22
-38.15503554971295
 32
0.0
 13
-13901.52706251131
 23
-38.15503554971295
 33
0.0
  0
SOLID
  5
1F45
330
1F3E
100
AcDbEntity
  8
0
 62
     0
440
 16777216
100
AcDbTrace
 10
-13904.86039584464
 20
-2330.155035549713
 30
0.0
 11
-13898.19372917798
 21
-2330.155035549713
 31
0.0
 12
-13901.52706251131
 22
-2350.155035549713
 32
0.0
 13
-13901.52706251131
 23
-2350.155035549713
 33
0.0
  0
MTEXT
  5
1F46
330
1F3E
100
AcDbEntity
  8
0
 62
     0
440
 16777216
100
AcDbMText
 10
-13914.92491380735
 20
-1194.155035549715
 30
0.0
 40
25.0
 41
0.0
 46
0.0
 71
     5
 72
     1
  1
2312
 11
0.0000000000000001
 21
1.0
 31
0.0
 73
     1
 44
1.0
  0
POINT
  5
1F47
330
1F3E
100
AcDbEntity
  8
Defpoints
 62
     0
440
 16777216
100
AcDbPoint
 10
-13981.66612628095
 20
-38.15503554971292
 30
0.0
  0
POINT
  5
1F48
330
1F3E
100
AcDbEntity
  8
Defpoints
 62
     0
440
 16777216
100
AcDbPoint
 10
-13981.66612628095
 20
-2350.155035549713
 30
0.0
  0
POINT
  5
1F49
330
1F3E
100
AcDbEntity
  8
Defpoints
 62
     0
440
 16777216
100
AcDbPoint
 10
-13901.52706251131
 20
-2350.155035549713
 30
0.0
  0
ENDBLK
  5
1F40
330
1F3E
100
AcDbEntity
  8
0
 48
4.0
100
AcDbBlockEnd
  0
BLOCK
  5
1F4B
330
1F4A
100
AcDbEntity
  8
0
 48
4.0
100
AcDbBlockBegin
  2
*D90
 70
     1
 10
0.0
 20
0.0
 30
0.0
  3
*D90
  1

  0
LINE
  5
1F4D
330
1F4A
100
AcDbEntity
  8
0
 62
     0
440
 16777216
370
    -2
100
AcDbLine
 10
-13296.53466469167
 20
-38.15503554971292
 30
0.0
 11
-13374.74903750979
 21
-38.15503554971289
 31
0.0
  0
LINE
  5
1F4E
330
1F4A
100
AcDbEntity
  8
0
 62
     0
440
 16777216
370
    -2
100
AcDbLine
 10
-13296.53466469167
 20
-2350.155035549713
 30
0.0
 11
-13374.74903750979
 21
-2350.155035549713
 31
0.0
  0
LINE
  5
1F4F
330
1F4A
100
AcDbEntity
  8
0
 62
     0
440
 16777216
370
    -2
100
AcDbLine
 10
-13373.49903750979
 20
-58.15503554971289
 30
0.0
 11
-13373.49903750979
 21
-2330.155035549712
 31
0.0
  0
SOLID
  5
1F50
330
1F4A
100
AcDbEntity
  8
0
 62
     0
440
 16777216
100
AcDbTrace
 10
-13376.83237084312
 20
-58.15503554971289
 30
0.0
 11
-13370.16570417645
 21
-58.15503554971289
 31
0.0
 12
-13373.49903750979
 22
-38.15503554971289
 32
0.0
 13
-13373.49903750979
 23
-38.15503554971289
 33
0.0
  0
SOLID
  5
1F51
330
1F4A
100
AcDbEntity
  8
0
 62
     0
440
 16777216
100
AcDbTrace
 10
-13376.83237084312
 20
-2330.155035549712
 30
0.0
 11
-13370.16570417645
 21
-2330.155035549712
 31
0.0
 12
-13373.49903750979
 22
-2350.155035549713
 32
0.0
 13
-13373.49903750979
 23
-2350.155035549713
 33
0.0
  0
MTEXT
  5
1F52
330
1F4A
100
AcDbEntity
  8
0
 62
     0
440
 16777216
100
AcDbMText
 10
-13386.89688880583
 20
-1194.155035549715
 30
0.0
 40
25.0
 41
0.0
 46
0.0
 71
     5
 72
     1
  1
2312
 11
0.0000000000000001
 21
1.0
 31
0.0
 73
     1
 44
1.0
  0
POINT
  5
1F53
330
1F4A
100
AcDbEntity
  8
Defpoints
 62
     0
440
 16777216
100
AcDbPoint
 10
-13295.90966469167
 20
-38.15503554971292
 30
0.0
  0
POINT
  5
1F54
330
1F4A
100
AcDbEntity
  8
Defpoints
 62
     0
440
 16777216
100
AcDbPoint
 10
-13295.90966469167
 20
-2350.155035549713
 30
0.0
  0
POINT
  5
1F55
330
1F4A
100
AcDbEntity
  8
Defpoints
 62
     0
440
 16777216
100
AcDbPoint
 10
-13373.49903750979
 20
-2350.155035549713
 30
0.0
  0
ENDBLK
  5
1F4C
330
1F4A
100
AcDbEntity
  8
0
 48
4.0
100
AcDbBlockEnd
  0
BLOCK
  5
1F57
330
1F56
100
AcDbEntity
  8
0
 48
4.0
100
AcDbBlockBegin
  2
*D91
 70
     1
 10
0.0
 20
0.0
 30
0.0
  3
*D91
  1

  0
LINE
  5
1F59
330
1F56
100
AcDbEntity
  8
0
 62
     0
440
 16777216
370
    -2
100
AcDbLine
 10
-13295.90966469167
 20
-2350.780035549713
 30
0.0
 11
-13295.90966469167
 21
-2446.223336977546
 31
0.0
  0
LINE
  5
1F5A
330
1F56
100
AcDbEntity
  8
0
 62
     0
440
 16777216
370
    -2
100
AcDbLine
 10
-13015.90966469167
 20
-2350.780035549713
 30
0.0
 11
-13015.90966469167
 21
-2446.223336977546
 31
0.0
  0
LINE
  5
1F5B
330
1F56
100
AcDbEntity
  8
0
 62
     0
440
 16777216
370
    -2
100
AcDbLine
 10
-13275.90966469167
 20
-2444.973336977546
 30
0.0
 11
-13035.90966469167
 21
-2444.973336977546
 31
0.0
  0
SOLID
  5
1F5C
330
1F56
100
AcDbEntity
  8
0
 62
     0
440
 16777216
100
AcDbTrace
 10
-13275.90966469167
 20
-2441.640003644212
 30
0.0
 11
-13275.90966469167
 21
-2448.306670310879
 31
0.0
 12
-13295.90966469167
 22
-2444.973336977546
 32
0.0
 13
-13295.90966469167
 23
-2444.973336977546
 33
0.0
  0
SOLID
  5
1F5D
330
1F56
100
AcDbEntity
  8
0
 62
     0
440
 16777216
100
AcDbTrace
 10
-13035.90966469167
 20
-2441.640003644212
 30
0.0
 11
-13035.90966469167
 21
-2448.306670310879
 31
0.0
 12
-13015.90966469167
 22
-2444.973336977546
 32
0.0
 13
-13015.90966469167
 23
-2444.973336977546
 33
0.0
  0
MTEXT
  5
1F5E
330
1F56
100
AcDbEntity
  8
0
 62
     0
440
 16777216
100
AcDbMText
 10
-13155.90966469167
 20
-2431.584012284504
 30
0.0
 40
25.0
 41
0.0
 46
0.0
 71
     5
 72
     1
  1
280
 73
     1
 44
1.0
  0
POINT
  5
1F5F
330
1F56
100
AcDbEntity
  8
Defpoints
 62
     0
440
 16777216
100
AcDbPoint
 10
-13295.90966469167
 20
-2350.155035549713
 30
0.0
  0
POINT
  5
1F60
330
1F56
100
AcDbEntity
  8
Defpoints
 62
     0
440
 16777216
100
AcDbPoint
 10
-13015.90966469167
 20
-2350.155035549713
 30
0.0
  0
POINT
  5
1F61
330
1F56
100
AcDbEntity
  8
Defpoints
 62
     0
440
 16777216
100
AcDbPoint
 10
-13015.90966469167
 20
-2444.973336977546
 30
0.0
  0
ENDBLK
  5
1F58
330
1F56
100
AcDbEntity
  8
0
 48
4.0
100
AcDbBlockEnd
  0
BLOCK
  5
1F63
330
1F62
100
AcDbEntity
  8
0
 48
4.0
100
AcDbBlockBegin
  2
*D92
 70
     1
 10
0.0
 20
0.0
 30
0.0
  3
*D92
  1

  0
LINE
  5
1F65
330
1F62
100
AcDbEntity
  8
0
 62
     0
440
 16777216
370
    -2
100
AcDbLine
 10
-13011.90966469167
 20
-2358.780035549713
 30
0.0
 11
-13011.90966469167
 21
-2446.094197244398
 31
0.0
  0
LINE
  5
1F66
330
1F62
100
AcDbEntity
  8
0
 62
     0
440
 16777216
370
    -2
100
AcDbLine
 10
-12111.90966469167
 20
-2358.780035549713
 30
0.0
 11
-12111.90966469167
 21
-2446.094197244398
 31
0.0
  0
LINE
  5
1F67
330
1F62
100
AcDbEntity
  8
0
 62
     0
440
 16777216
370
    -2
100
AcDbLine
 10
-12991.90966469167
 20
-2444.844197244398
 30
0.0
 11
-12131.90966469167
 21
-2444.844197244398
 31
0.0
  0
SOLID
  5
1F68
330
1F62
100
AcDbEntity
  8
0
 62
     0
440
 16777216
100
AcDbTrace
 10
-12991.90966469167
 20
-2441.510863911064
 30
0.0
 11
-12991.90966469167
 21
-2448.177530577732
 31
0.0
 12
-13011.90966469167
 22
-2444.844197244398
 32
0.0
 13
-13011.90966469167
 23
-2444.844197244398
 33
0.0
  0
SOLID
  5
1F69
330
1F62
100
AcDbEntity
  8
0
 62
     0
440
 16777216
100
AcDbTrace
 10
-12131.90966469167
 20
-2441.510863911064
 30
0.0
 11
-12131.90966469167
 21
-2448.177530577732
 31
0.0
 12
-12111.90966469167
 22
-2444.844197244398
 32
0.0
 13
-12111.90966469167
 23
-2444.844197244398
 33
0.0
  0
MTEXT
  5
1F6A
330
1F62
100
AcDbEntity
  8
0
 62
     0
440
 16777216
100
AcDbMText
 10
-12561.90966469167
 20
-2431.454872551356
 30
0.0
 40
25.0
 41
0.0
 46
0.0
 71
     5
 72
     1
  1
900
 73
     1
 44
1.0
  0
POINT
  5
1F6B
330
1F62
100
AcDbEntity
  8
Defpoints
 62
     0
440
 16777216
100
AcDbPoint
 10
-13011.90966469167
 20
-2358.155035549713
 30
0.0
  0
POINT
  5
1F6C
330
1F62
100
AcDbEntity
  8
Defpoints
 62
     0
440
 16777216
100
AcDbPoint
 10
-12111.90966469167
 20
-2358.155035549713
 30
-0.0000000000001421
  0
POINT
  5
1F6D
330
1F62
100
AcDbEntity
  8
Defpoints
 62
     0
440
 16777216
100
AcDbPoint
 10
-12111.90966469167
 20
-2444.844197244398
 30
0.0
  0
ENDBLK
  5
1F64
330
1F62
100
AcDbEntity
  8
0
 48
4.0
100
AcDbBlockEnd
  0
BLOCK
  5
1F6F
330
1F6E
100
AcDbEntity
  8
0
 48
4.0
100
AcDbBlockBegin
  2
*D93
 70
     1
 10
0.0
 20
0.0
 30
0.0
  3
*D93
  1

  0
LINE
  5
1F71
330
1F6E
100
AcDbEntity
  8
0
 62
     0
440
 16777216
370
    -2
100
AcDbLine
 10
-12090.90966469167
 20
-2350.780035549713
 30
0.0
 11
-12090.90966469167
 21
-2445.498966980104
 31
0.0
  0
LINE
  5
1F72
330
1F6E
100
AcDbEntity
  8
0
 62
     0
440
 16777216
370
    -2
100
AcDbLine
 10
-11827.90966469167
 20
-2350.780035549713
 30
0.0
 11
-11827.90966469167
 21
-2445.498966980104
 31
0.0
  0
LINE
  5
1F73
330
1F6E
100
AcDbEntity
  8
0
 62
     0
440
 16777216
370
    -2
100
AcDbLine
 10
-12070.90966469167
 20
-2444.248966980103
 30
0.0
 11
-11847.90966469167
 21
-2444.248966980103
 31
0.0
  0
SOLID
  5
1F74
330
1F6E
100
AcDbEntity
  8
0
 62
     0
440
 16777216
100
AcDbTrace
 10
-12070.90966469167
 20
-2440.91563364677
 30
0.0
 11
-12070.90966469167
 21
-2447.582300313437
 31
0.0
 12
-12090.90966469167
 22
-2444.248966980103
 32
0.0
 13
-12090.90966469167
 23
-2444.248966980103
 33
0.0
  0
SOLID
  5
1F75
330
1F6E
100
AcDbEntity
  8
0
 62
     0
440
 16777216
100
AcDbTrace
 10
-11847.90966469167
 20
-2440.91563364677
 30
0.0
 11
-11847.90966469167
 21
-2447.582300313437
 31
0.0
 12
-11827.90966469167
 22
-2444.248966980103
 32
0.0
 13
-11827.90966469167
 23
-2444.248966980103
 33
0.0
  0
MTEXT
  5
1F76
330
1F6E
100
AcDbEntity
  8
0
 62
     0
440
 16777216
100
AcDbMText
 10
-11959.40966469167
 20
-2430.85111568406
 30
0.0
 40
25.0
 41
0.0
 46
0.0
 71
     5
 72
     1
  1
263
 73
     1
 44
1.0
  0
POINT
  5
1F77
330
1F6E
100
AcDbEntity
  8
Defpoints
 62
     0
440
 16777216
100
AcDbPoint
 10
-12090.90966469167
 20
-2350.155035549713
 30
0.0
  0
POINT
  5
1F78
330
1F6E
100
AcDbEntity
  8
Defpoints
 62
     0
440
 16777216
100
AcDbPoint
 10
-11827.90966469167
 20
-2350.155035549713
 30
0.0
  0
POINT
  5
1F79
330
1F6E
100
AcDbEntity
  8
Defpoints
 62
     0
440
 16777216
100
AcDbPoint
 10
-11827.90966469167
 20
-2444.248966980103
 30
0.0
  0
ENDBLK
  5
1F70
330
1F6E
100
AcDbEntity
  8
0
 48
4.0
100
AcDbBlockEnd
  0
BLOCK
  5
1F7B
330
1F7A
100
AcDbEntity
  8
0
 48
4.0
100
AcDbBlockBegin
  2
*D94
 70
     1
 10
0.0
 20
0.0
 30
0.0
  3
*D94
  1

  0
LINE
  5
1F7D
330
1F7A
100
AcDbEntity
  8
0
 62
     0
440
 16777216
370
    -2
100
AcDbLine
 10
-11827.28466469167
 20
-38.15503554971292
 30
0.0
 11
-11755.98931337602
 21
-38.15503554971295
 31
0.0
  0
LINE
  5
1F7E
330
1F7A
100
AcDbEntity
  8
0
 62
     0
440
 16777216
370
    -2
100
AcDbLine
 10
-11827.28466469167
 20
-2350.155035549713
 30
0.0
 11
-11755.98931337602
 21
-2350.155035549713
 31
0.0
  0
LINE
  5
1F7F
330
1F7A
100
AcDbEntity
  8
0
 62
     0
440
 16777216
370
    -2
100
AcDbLine
 10
-11757.23931337602
 20
-58.15503554971295
 30
0.0
 11
-11757.23931337602
 21
-2330.155035549713
 31
0.0
  0
SOLID
  5
1F80
330
1F7A
100
AcDbEntity
  8
0
 62
     0
440
 16777216
100
AcDbTrace
 10
-11760.57264670936
 20
-58.15503554971294
 30
0.0
 11
-11753.90598004269
 21
-58.15503554971295
 31
0.0
 12
-11757.23931337602
 22
-38.15503554971295
 32
0.0
 13
-11757.23931337602
 23
-38.15503554971295
 33
0.0
  0
SOLID
  5
1F81
330
1F7A
100
AcDbEntity
  8
0
 62
     0
440
 16777216
100
AcDbTrace
 10
-11760.57264670936
 20
-2330.155035549713
 30
0.0
 11
-11753.90598004269
 21
-2330.155035549713
 31
0.0
 12
-11757.23931337602
 22
-2350.155035549713
 32
0.0
 13
-11757.23931337602
 23
-2350.155035549713
 33
0.0
  0
MTEXT
  5
1F82
330
1F7A
100
AcDbEntity
  8
0
 62
     0
440
 16777216
100
AcDbMText
 10
-11770.63716467207
 20
-1194.155035549715
 30
0.0
 40
25.0
 41
0.0
 46
0.0
 71
     5
 72
     1
  1
2312
 11
0.0000000000000001
 21
1.0
 31
0.0
 73
     1
 44
1.0
  0
POINT
  5
1F83
330
1F7A
100
AcDbEntity
  8
Defpoints
 62
     0
440
 16777216
100
AcDbPoint
 10
-11827.90966469167
 20
-38.15503554971292
 30
0.0
  0
POINT
  5
1F84
330
1F7A
100
AcDbEntity
  8
Defpoints
 62
     0
440
 16777216
100
AcDbPoint
 10
-11827.90966469167
 20
-2350.155035549713
 30
0.0
  0
POINT
  5
1F85
330
1F7A
100
AcDbEntity
  8
Defpoints
 62
     0
440
 16777216
100
AcDbPoint
 10
-11757.23931337602
 20
-2350.155035549713
 30
0.0
  0
ENDBLK
  5
1F7C
330
1F7A
100
AcDbEntity
  8
0
 48
4.0
100
AcDbBlockEnd
  0
BLOCK
  5
1F87
330
1F86
100
AcDbEntity
  8
0
 48
4.0
100
AcDbBlockBegin
  2
*D95
 70
     1
 10
0.0
 20
0.0
 30
0.0
  3
*D95
  1

  0
LINE
  5
1F89
330
1F86
100
AcDbEntity
  8
0
 62
     0
440
 16777216
370
    -2
100
AcDbLine
 10
-4065.547861222676
 20
-2050.780035549713
 30
0.0
 11
-4065.547861222676
 21
-2149.47923006563
 31
0.0
  0
LINE
  5
1F8A
330
1F86
100
AcDbEntity
  8
0
 62
     0
440
 16777216
370
    -2
100
AcDbLine
 10
-3190.547861222676
 20
-2050.780035549713
 30
0.0
 11
-3190.547861222676
 21
-2149.47923006563
 31
0.0
  0
LINE
  5
1F8B
330
1F86
100
AcDbEntity
  8
0
 62
     0
440
 16777216
370
    -2
100
AcDbLine
 10
-4045.547861222676
 20
-2148.22923006563
 30
0.0
 11
-3210.547861222676
 21
-2148.22923006563
 31
0.0
  0
SOLID
  5
1F8C
330
1F86
100
AcDbEntity
  8
0
 62
     0
440
 16777216
100
AcDbTrace
 10
-4045.547861222676
 20
-2144.895896732297
 30
0.0
 11
-4045.547861222676
 21
-2151.562563398964
 31
0.0
 12
-4065.547861222676
 22
-2148.22923006563
 32
0.0
 13
-4065.547861222676
 23
-2148.22923006563
 33
0.0
  0
SOLID
  5
1F8D
330
1F86
100
AcDbEntity
  8
0
 62
     0
440
 16777216
100
AcDbTrace
 10
-3210.547861222676
 20
-2144.895896732297
 30
0.0
 11
-3210.547861222676
 21
-2151.562563398964
 31
0.0
 12
-3190.547861222676
 22
-2148.22923006563
 32
0.0
 13
-3190.547861222676
 23
-2148.22923006563
 33
0.0
  0
MTEXT
  5
1F8E
330
1F86
100
AcDbEntity
  8
0
 62
     0
440
 16777216
100
AcDbMText
 10
-3628.047861222677
 20
-2134.839905372587
 30
0.0
 40
25.0
 41
0.0
 46
0.0
 71
     5
 72
     1
  1
875
 73
     1
 44
1.0
  0
POINT
  5
1F8F
330
1F86
100
AcDbEntity
  8
Defpoints
 62
     0
440
 16777216
100
AcDbPoint
 10
-4065.547861222676
 20
-2050.155035549713
 30
0.0
  0
POINT
  5
1F90
330
1F86
100
AcDbEntity
  8
Defpoints
 62
     0
440
 16777216
100
AcDbPoint
 10
-3190.547861222676
 20
-2050.155035549713
 30
0.0
  0
POINT
  5
1F91
330
1F86
100
AcDbEntity
  8
Defpoints
 62
     0
440
 16777216
100
AcDbPoint
 10
-3190.547861222676
 20
-2148.22923006563
 30
0.0
  0
ENDBLK
  5
1F88
330
1F86
100
AcDbEntity
  8
0
 48
4.0
100
AcDbBlockEnd
  0
BLOCK
  5
1F93
330
1F92
100
AcDbEntity
  8
0
 48
4.0
100
AcDbBlockBegin
  2
*D96
 70
     1
 10
0.0
 20
0.0
 30
0.0
  3
*D96
  1

  0
LINE
  5
1F95
330
1F92
100
AcDbEntity
  8
0
 62
     0
440
 16777216
370
    -2
100
AcDbLine
 10
-3187.547861222676
 20
-2050.780035549713
 30
0.0
 11
-3187.547861222676
 21
-2149.947398707424
 31
0.0
  0
LINE
  5
1F96
330
1F92
100
AcDbEntity
  8
0
 62
     0
440
 16777216
370
    -2
100
AcDbLine
 10
-2353.547861222676
 20
-2050.780035549713
 30
0.0
 11
-2353.547861222676
 21
-2149.947398707424
 31
0.0
  0
LINE
  5
1F97
330
1F92
100
AcDbEntity
  8
0
 62
     0
440
 16777216
370
    -2
100
AcDbLine
 10
-3167.547861222676
 20
-2148.697398707423
 30
0.0
 11
-2373.547861222676
 21
-2148.697398707423
 31
0.0
  0
SOLID
  5
1F98
330
1F92
100
AcDbEntity
  8
0
 62
     0
440
 16777216
100
AcDbTrace
 10
-3167.547861222676
 20
-2145.36406537409
 30
0.0
 11
-3167.547861222676
 21
-2152.030732040757
 31
0.0
 12
-3187.547861222676
 22
-2148.697398707423
 32
0.0
 13
-3187.547861222676
 23
-2148.697398707423
 33
0.0
  0
SOLID
  5
1F99
330
1F92
100
AcDbEntity
  8
0
 62
     0
440
 16777216
100
AcDbTrace
 10
-2373.547861222676
 20
-2145.36406537409
 30
0.0
 11
-2373.547861222676
 21
-2152.030732040757
 31
0.0
 12
-2353.547861222676
 22
-2148.697398707423
 32
0.0
 13
-2353.547861222676
 23
-2148.697398707423
 33
0.0
  0
MTEXT
  5
1F9A
330
1F92
100
AcDbEntity
  8
0
 62
     0
440
 16777216
100
AcDbMText
 10
-2770.547861222676
 20
-2135.29954741138
 30
0.0
 40
25.0
 41
0.0
 46
0.0
 71
     5
 72
     1
  1
834
 73
     1
 44
1.0
  0
POINT
  5
1F9B
330
1F92
100
AcDbEntity
  8
Defpoints
 62
     0
440
 16777216
100
AcDbPoint
 10
-3187.547861222676
 20
-2050.155035549713
 30
0.0
  0
POINT
  5
1F9C
330
1F92
100
AcDbEntity
  8
Defpoints
 62
     0
440
 16777216
100
AcDbPoint
 10
-2353.547861222676
 20
-2050.155035549713
 30
0.0
  0
POINT
  5
1F9D
330
1F92
100
AcDbEntity
  8
Defpoints
 62
     0
440
 16777216
100
AcDbPoint
 10
-2353.547861222676
 20
-2148.697398707423
 30
0.0
  0
ENDBLK
  5
1F94
330
1F92
100
AcDbEntity
  8
0
 48
4.0
100
AcDbBlockEnd
  0
BLOCK
  5
1F9F
330
1F9E
100
AcDbEntity
  8
0
 48
4.0
100
AcDbBlockBegin
  2
*D97
 70
     1
 10
0.0
 20
0.0
 30
0.0
  3
*D97
  1

  0
LINE
  5
1FA1
330
1F9E
100
AcDbEntity
  8
0
 62
     0
440
 16777216
370
    -2
100
AcDbLine
 10
-4066.172861222676
 20
-38.15503554971292
 30
0.0
 11
-4119.688890131891
 21
-38.15503554971291
 31
0.0
  0
LINE
  5
1FA2
330
1F9E
100
AcDbEntity
  8
0
 62
     0
440
 16777216
370
    -2
100
AcDbLine
 10
-4066.172861222676
 20
-2050.155035549713
 30
0.0
 11
-4119.688890131892
 21
-2050.155035549713
 31
0.0
  0
LINE
  5
1FA3
330
1F9E
100
AcDbEntity
  8
0
 62
     0
440
 16777216
370
    -2
100
AcDbLine
 10
-4118.438890131892
 20
-58.1550355497129
 30
0.0
 11
-4118.438890131892
 21
-2030.155035549713
 31
0.0
  0
SOLID
  5
1FA4
330
1F9E
100
AcDbEntity
  8
0
 62
     0
440
 16777216
100
AcDbTrace
 10
-4121.772223465224
 20
-58.1550355497129
 30
0.0
 11
-4115.105556798559
 21
-58.1550355497129
 31
0.0
 12
-4118.438890131892
 22
-38.15503554971291
 32
0.0
 13
-4118.438890131892
 23
-38.15503554971291
 33
0.0
  0
SOLID
  5
1FA5
330
1F9E
100
AcDbEntity
  8
0
 62
     0
440
 16777216
100
AcDbTrace
 10
-4121.772223465224
 20
-2030.155035549713
 30
0.0
 11
-4115.105556798559
 21
-2030.155035549713
 31
0.0
 12
-4118.438890131892
 22
-2050.155035549713
 32
0.0
 13
-4118.438890131892
 23
-2050.155035549713
 33
0.0
  0
MTEXT
  5
1FA6
330
1F9E
100
AcDbEntity
  8
0
 62
     0
440
 16777216
100
AcDbMText
 10
-4131.828214824934
 20
-1044.155035549714
 30
0.0
 40
25.0
 41
0.0
 46
0.0
 71
     5
 72
     1
  1
2012
 11
0.0000000000000001
 21
1.0
 31
0.0
 73
     1
 44
1.0
  0
POINT
  5
1FA7
330
1F9E
100
AcDbEntity
  8
Defpoints
 62
     0
440
 16777216
100
AcDbPoint
 10
-4065.547861222676
 20
-38.15503554971292
 30
0.0
  0
POINT
  5
1FA8
330
1F9E
100
AcDbEntity
  8
Defpoints
 62
     0
440
 16777216
100
AcDbPoint
 10
-4065.547861222676
 20
-2050.155035549713
 30
0.0
  0
POINT
  5
1FA9
330
1F9E
100
AcDbEntity
  8
Defpoints
 62
     0
440
 16777216
100
AcDbPoint
 10
-4118.438890131892
 20
-2050.155035549713
 30
0.0
  0
ENDBLK
  5
1FA0
330
1F9E
100
AcDbEntity
  8
0
 48
4.0
100
AcDbBlockEnd
  0
BLOCK
  5
1FAB
330
1FAA
100
AcDbEntity
  8
0
 48
4.0
100
AcDbBlockBegin
  2
*D98
 70
     1
 10
0.0
 20
0.0
 30
0.0
  3
*D98
  1

  0
LINE
  5
1FAD
330
1FAA
100
AcDbEntity
  8
0
 62
     0
440
 16777216
370
    -2
100
AcDbLine
 10
-1747.145199218841
 20
-2050.780035549713
 30
0.0
 11
-1747.145199218841
 21
-2116.247766856399
 31
0.0
  0
LINE
  5
1FAE
330
1FAA
100
AcDbEntity
  8
0
 62
     0
440
 16777216
370
    -2
100
AcDbLine
 10
-1561.145199218841
 20
-2050.780035549713
 30
0.0
 11
-1561.145199218841
 21
-2116.247766856399
 31
0.0
  0
LINE
  5
1FAF
330
1FAA
100
AcDbEntity
  8
0
 62
     0
440
 16777216
370
    -2
100
AcDbLine
 10
-1727.145199218841
 20
-2114.997766856399
 30
0.0
 11
-1581.145199218841
 21
-2114.997766856399
 31
0.0
  0
SOLID
  5
1FB0
330
1FAA
100
AcDbEntity
  8
0
 62
     0
440
 16777216
100
AcDbTrace
 10
-1727.145199218841
 20
-2111.664433523065
 30
0.0
 11
-1727.145199218841
 21
-2118.331100189732
 31
0.0
 12
-1747.145199218841
 22
-2114.997766856399
 32
0.0
 13
-1747.145199218841
 23
-2114.997766856399
 33
0.0
  0
SOLID
  5
1FB1
330
1FAA
100
AcDbEntity
  8
0
 62
     0
440
 16777216
100
AcDbTrace
 10
-1581.145199218841
 20
-2111.664433523065
 30
0.0
 11
-1581.145199218841
 21
-2118.331100189732
 31
0.0
 12
-1561.145199218841
 22
-2114.997766856399
 32
0.0
 13
-1561.145199218841
 23
-2114.997766856399
 33
0.0
  0
MTEXT
  5
1FB2
330
1FAA
100
AcDbEntity
  8
0
 62
     0
440
 16777216
100
AcDbMText
 10
-1654.145199218841
 20
-2101.608442163357
 30
0.0
 40
25.0
 41
0.0
 46
0.0
 71
     5
 72
     1
  1
186
 73
     1
 44
1.0
  0
POINT
  5
1FB3
330
1FAA
100
AcDbEntity
  8
Defpoints
 62
     0
440
 16777216
100
AcDbPoint
 10
-1747.145199218841
 20
-2050.155035549713
 30
0.0
  0
POINT
  5
1FB4
330
1FAA
100
AcDbEntity
  8
Defpoints
 62
     0
440
 16777216
100
AcDbPoint
 10
-1561.145199218841
 20
-2050.155035549713
 30
0.0
  0
POINT
  5
1FB5
330
1FAA
100
AcDbEntity
  8
Defpoints
 62
     0
440
 16777216
100
AcDbPoint
 10
-1561.145199218841
 20
-2114.997766856399
 30
0.0
  0
ENDBLK
  5
1FAC
330
1FAA
100
AcDbEntity
  8
0
 48
4.0
100
AcDbBlockEnd
  0
BLOCK
  5
1FB7
330
1FB6
100
AcDbEntity
  8
0
 48
4.0
100
AcDbBlockBegin
  2
*D99
 70
     1
 10
0.0
 20
0.0
 30
0.0
  3
*D99
  1

  0
LINE
  5
1FB9
330
1FB6
100
AcDbEntity
  8
0
 62
     0
440
 16777216
370
    -2
100
AcDbLine
 10
-1747.770199218841
 20
-2050.155035549713
 30
0.0
 11
-1770.536719073662
 21
-2050.155035549713
 31
0.0
  0
LINE
  5
1FBA
330
1FB6
100
AcDbEntity
  8
0
 62
     0
440
 16777216
370
    -2
100
AcDbLine
 10
-1747.770199218841
 20
-38.15503554971292
 30
0.0
 11
-1770.536719073662
 21
-38.15503554971292
 31
0.0
  0
LINE
  5
1FBB
330
1FB6
100
AcDbEntity
  8
0
 62
     0
440
 16777216
370
    -2
100
AcDbLine
 10
-1769.286719073662
 20
-2030.155035549713
 30
0.0
 11
-1769.286719073662
 21
-58.15503554971292
 31
0.0
  0
SOLID
  5
1FBC
330
1FB6
100
AcDbEntity
  8
0
 62
     0
440
 16777216
100
AcDbTrace
 10
-1772.620052406995
 20
-2030.155035549713
 30
0.0
 11
-1765.953385740328
 21
-2030.155035549713
 31
0.0
 12
-1769.286719073662
 22
-2050.155035549713
 32
0.0
 13
-1769.286719073662
 23
-2050.155035549713
 33
0.0
  0
SOLID
  5
1FBD
330
1FB6
100
AcDbEntity
  8
0
 62
     0
440
 16777216
100
AcDbTrace
 10
-1772.620052406995
 20
-58.15503554971292
 30
0.0
 11
-1765.953385740328
 21
-58.15503554971292
 31
0.0
 12
-1769.286719073662
 22
-38.15503554971292
 32
0.0
 13
-1769.286719073662
 23
-38.15503554971292
 33
0.0
  0
MTEXT
  5
1FBE
330
1FB6
100
AcDbEntity
  8
0
 62
     0
440
 16777216
100
AcDbMText
 10
-1782.676043766703
 20
-1044.155035549713
 30
0.0
 40
25.0
 41
0.0
 46
0.0
 71
     5
 72
     1
  1
2012
 11
0.0000000000000001
 21
1.0
 31
0.0
 73
     1
 44
1.0
  0
POINT
  5
1FBF
330
1FB6
100
AcDbEntity
  8
Defpoints
 62
     0
440
 16777216
100
AcDbPoint
 10
-1747.145199218841
 20
-2050.155035549713
 30
0.0
  0
POINT
  5
1FC0
330
1FB6
100
AcDbEntity
  8
Defpoints
 62
     0
440
 16777216
100
AcDbPoint
 10
-1747.145199218841
 20
-38.15503554971292
 30
0.0
  0
POINT
  5
1FC1
330
1FB6
100
AcDbEntity
  8
Defpoints
 62
     0
440
 16777216
100
AcDbPoint
 10
-1769.286719073662
 20
-38.15503554971292
 30
0.0
  0
ENDBLK
  5
1FB8
330
1FB6
100
AcDbEntity
  8
0
 48
4.0
100
AcDbBlockEnd
  0
BLOCK
  5
1FC3
330
1FC2
100
AcDbEntity
  8
0
 48
4.0
100
AcDbBlockBegin
  2
*D100
 70
     1
 10
0.0
 20
0.0
 30
0.0
  3
*D100
  1

  0
LINE
  5
1FC5
330
1FC2
100
AcDbEntity
  8
0
 62
     0
440
 16777216
370
    -2
100
AcDbLine
 10
-753.3662477585931
 20
-38.15503554971292
 30
0.0
 11
-712.5953305041507
 21
-38.15503554971293
 31
0.0
  0
LINE
  5
1FC6
330
1FC2
100
AcDbEntity
  8
0
 62
     0
440
 16777216
370
    -2
100
AcDbLine
 10
-753.3662477585931
 20
-2050.155035549713
 30
0.0
 11
-712.5953305041512
 21
-2050.155035549713
 31
0.0
  0
LINE
  5
1FC7
330
1FC2
100
AcDbEntity
  8
0
 62
     0
440
 16777216
370
    -2
100
AcDbLine
 10
-713.8453305041507
 20
-58.15503554971293
 30
0.0
 11
-713.8453305041512
 21
-2030.155035549713
 31
0.0
  0
SOLID
  5
1FC8
330
1FC2
100
AcDbEntity
  8
0
 62
     0
440
 16777216
100
AcDbTrace
 10
-717.178663837484
 20
-58.15503554971293
 30
0.0
 11
-710.5119971708173
 21
-58.15503554971293
 31
0.0
 12
-713.8453305041507
 22
-38.15503554971293
 32
0.0
 13
-713.8453305041507
 23
-38.15503554971293
 33
0.0
  0
SOLID
  5
1FC9
330
1FC2
100
AcDbEntity
  8
0
 62
     0
440
 16777216
100
AcDbTrace
 10
-717.1786638374846
 20
-2030.155035549713
 30
0.0
 11
-710.5119971708178
 21
-2030.155035549713
 31
0.0
 12
-713.8453305041512
 22
-2050.155035549713
 32
0.0
 13
-713.8453305041512
 23
-2050.155035549713
 33
0.0
  0
MTEXT
  5
1FCA
330
1FC2
100
AcDbEntity
  8
0
 62
     0
440
 16777216
100
AcDbMText
 10
-727.2346551971931
 20
-1044.155035549713
 30
0.0
 40
25.0
 41
0.0
 46
0.0
 71
     5
 72
     1
  1
2012
 11
0.0000000000000001
 21
1.0
 31
0.0
 73
     1
 44
1.0
  0
POINT
  5
1FCB
330
1FC2
100
AcDbEntity
  8
Defpoints
 62
     0
440
 16777216
100
AcDbPoint
 10
-753.991247758593
 20
-38.15503554971292
 30
0.0
  0
POINT
  5
1FCC
330
1FC2
100
AcDbEntity
  8
Defpoints
 62
     0
440
 16777216
100
AcDbPoint
 10
-753.991247758593
 20
-2050.155035549713
 30
0.0
  0
POINT
  5
1FCD
330
1FC2
100
AcDbEntity
  8
Defpoints
 62
     0
440
 16777216
100
AcDbPoint
 10
-713.8453305041512
 20
-2050.155035549713
 30
0.0
  0
ENDBLK
  5
1FC4
330
1FC2
100
AcDbEntity
  8
0
 48
4.0
100
AcDbBlockEnd
  0
BLOCK
  5
1FCF
330
1FCE
100
AcDbEntity
  8
0
 48
4.0
100
AcDbBlockBegin
  2
*D101
 70
     1
 10
0.0
 20
0.0
 30
0.0
  3
*D101
  1

  0
LINE
  5
1FD1
330
1FCE
100
AcDbEntity
  8
0
 62
     0
440
 16777216
370
    -2
100
AcDbLine
 10
-939.991247758593
 20
-2050.780035549713
 30
0.0
 11
-939.991247758593
 21
-2124.372486788103
 31
0.0
  0
LINE
  5
1FD2
330
1FCE
100
AcDbEntity
  8
0
 62
     0
440
 16777216
370
    -2
100
AcDbLine
 10
-753.991247758593
 20
-2050.780035549713
 30
0.0
 11
-753.991247758593
 21
-2124.372486788103
 31
0.0
  0
LINE
  5
1FD3
330
1FCE
100
AcDbEntity
  8
0
 62
     0
440
 16777216
370
    -2
100
AcDbLine
 10
-919.9912477585931
 20
-2123.122486788103
 30
0.0
 11
-773.9912477585931
 21
-2123.122486788103
 31
0.0
  0
SOLID
  5
1FD4
330
1FCE
100
AcDbEntity
  8
0
 62
     0
440
 16777216
100
AcDbTrace
 10
-919.9912477585931
 20
-2119.789153454769
 30
0.0
 11
-919.9912477585931
 21
-2126.455820121436
 31
0.0
 12
-939.991247758593
 22
-2123.122486788103
 32
0.0
 13
-939.991247758593
 23
-2123.122486788103
 33
0.0
  0
SOLID
  5
1FD5
330
1FCE
100
AcDbEntity
  8
0
 62
     0
440
 16777216
100
AcDbTrace
 10
-773.9912477585931
 20
-2119.789153454769
 30
0.0
 11
-773.9912477585931
 21
-2126.455820121436
 31
0.0
 12
-753.991247758593
 22
-2123.122486788103
 32
0.0
 13
-753.991247758593
 23
-2123.122486788103
 33
0.0
  0
MTEXT
  5
1FD6
330
1FCE
100
AcDbEntity
  8
0
 62
     0
440
 16777216
100
AcDbMText
 10
-846.991247758593
 20
-2109.733162095061
 30
0.0
 40
25.0
 41
0.0
 46
0.0
 71
     5
 72
     1
  1
186
 73
     1
 44
1.0
  0
POINT
  5
1FD7
330
1FCE
100
AcDbEntity
  8
Defpoints
 62
     0
440
 16777216
100
AcDbPoint
 10
-939.991247758593
 20
-2050.155035549713
 30
0.0
  0
POINT
  5
1FD8
330
1FCE
100
AcDbEntity
  8
Defpoints
 62
     0
440
 16777216
100
AcDbPoint
 10
-753.991247758593
 20
-2050.155035549713
 30
0.0
  0
POINT
  5
1FD9
330
1FCE
100
AcDbEntity
  8
Defpoints
 62
     0
440
 16777216
100
AcDbPoint
 10
-753.991247758593
 20
-2123.122486788103
 30
0.0
  0
ENDBLK
  5
1FD0
330
1FCE
100
AcDbEntity
  8
0
 48
4.0
100
AcDbBlockEnd
  0
BLOCK
  5
1FDB
330
1FDA
100
AcDbEntity
  8
0
 48
4.0
100
AcDbBlockBegin
  2
*D102
 70
     1
 10
0.0
 20
0.0
 30
0.0
  3
*D102
  1

  0
LINE
  5
1FDD
330
1FDA
100
AcDbEntity
  8
0
 62
     0
440
 16777216
370
    -2
100
AcDbLine
 10
-257.9931476320962
 20
-2050.780035549713
 30
0.0
 11
-257.9931476320962
 21
-2119.47507269336
 31
0.0
  0
LINE
  5
1FDE
330
1FDA
100
AcDbEntity
  8
0
 62
     0
440
 16777216
370
    -2
100
AcDbLine
 10
446.5068523679037
 20
-2050.780035549713
 30
0.0
 11
446.5068523679037
 21
-2119.47507269336
 31
0.0
  0
LINE
  5
1FDF
330
1FDA
100
AcDbEntity
  8
0
 62
     0
440
 16777216
370
    -2
100
AcDbLine
 10
-237.9931476320962
 20
-2118.22507269336
 30
0.0
 11
426.5068523679038
 21
-2118.22507269336
 31
0.0
  0
SOLID
  5
1FE0
330
1FDA
100
AcDbEntity
  8
0
 62
     0
440
 16777216
100
AcDbTrace
 10
-237.9931476320962
 20
-2114.891739360027
 30
0.0
 11
-237.9931476320962
 21
-2121.558406026693
 31
0.0
 12
-257.9931476320962
 22
-2118.22507269336
 32
0.0
 13
-257.9931476320962
 23
-2118.22507269336
 33
0.0
  0
SOLID
  5
1FE1
330
1FDA
100
AcDbEntity
  8
0
 62
     0
440
 16777216
100
AcDbTrace
 10
426.5068523679038
 20
-2114.891739360027
 30
0.0
 11
426.5068523679038
 21
-2121.558406026693
 31
0.0
 12
446.5068523679037
 22
-2118.22507269336
 32
0.0
 13
446.5068523679037
 23
-2118.22507269336
 33
0.0
  0
MTEXT
  5
1FE2
330
1FDA
100
AcDbEntity
  8
0
 62
     0
440
 16777216
100
AcDbMText
 10
94.25685236790377
 20
-2102.576198204956
 30
0.0
 40
25.0
 41
0.0
 46
0.0
 71
     5
 72
     1
  1
704,5
 73
     1
 44
1.0
  0
POINT
  5
1FE3
330
1FDA
100
AcDbEntity
  8
Defpoints
 62
     0
440
 16777216
100
AcDbPoint
 10
-257.9931476320962
 20
-2050.155035549713
 30
0.0
  0
POINT
  5
1FE4
330
1FDA
100
AcDbEntity
  8
Defpoints
 62
     0
440
 16777216
100
AcDbPoint
 10
446.5068523679037
 20
-2050.155035549713
 30
0.0
  0
POINT
  5
1FE5
330
1FDA
100
AcDbEntity
  8
Defpoints
 62
     0
440
 16777216
100
AcDbPoint
 10
446.5068523679037
 20
-2118.22507269336
 30
0.0
  0
ENDBLK
  5
1FDC
330
1FDA
100
AcDbEntity
  8
0
 48
4.0
100
AcDbBlockEnd
  0
BLOCK
  5
1FE7
330
1FE6
100
AcDbEntity
  8
0
 48
4.0
100
AcDbBlockBegin
  2
*D103
 70
     1
 10
0.0
 20
0.0
 30
0.0
  3
*D103
  1

  0
LINE
  5
1FE9
330
1FE6
100
AcDbEntity
  8
0
 62
     0
440
 16777216
370
    -2
100
AcDbLine
 10
449.5068523679037
 20
-2050.780035549713
 30
0.0
 11
449.5068523679037
 21
-2120.881260898787
 31
0.0
  0
LINE
  5
1FEA
330
1FE6
100
AcDbEntity
  8
0
 62
     0
440
 16777216
370
    -2
100
AcDbLine
 10
1154.006852367904
 20
-2050.780035549713
 30
0.0
 11
1154.006852367904
 21
-2120.881260898787
 31
0.0
  0
LINE
  5
1FEB
330
1FE6
100
AcDbEntity
  8
0
 62
     0
440
 16777216
370
    -2
100
AcDbLine
 10
469.5068523679037
 20
-2119.631260898787
 30
0.0
 11
1134.006852367904
 21
-2119.631260898787
 31
0.0
  0
SOLID
  5
1FEC
330
1FE6
100
AcDbEntity
  8
0
 62
     0
440
 16777216
100
AcDbTrace
 10
469.5068523679037
 20
-2116.297927565453
 30
0.0
 11
469.5068523679037
 21
-2122.96459423212
 31
0.0
 12
449.5068523679037
 22
-2119.631260898787
 32
0.0
 13
449.5068523679037
 23
-2119.631260898787
 33
0.0
  0
SOLID
  5
1FED
330
1FE6
100
AcDbEntity
  8
0
 62
     0
440
 16777216
100
AcDbTrace
 10
1134.006852367904
 20
-2116.297927565453
 30
0.0
 11
1134.006852367904
 21
-2122.96459423212
 31
0.0
 12
1154.006852367904
 22
-2119.631260898787
 32
0.0
 13
1154.006852367904
 23
-2119.631260898787
 33
0.0
  0
MTEXT
  5
1FEE
330
1FE6
100
AcDbEntity
  8
0
 62
     0
440
 16777216
100
AcDbMText
 10
801.7568523679038
 20
-2103.982386410383
 30
0.0
 40
25.0
 41
0.0
 46
0.0
 71
     5
 72
     1
  1
704,5
 73
     1
 44
1.0
  0
POINT
  5
1FEF
330
1FE6
100
AcDbEntity
  8
Defpoints
 62
     0
440
 16777216
100
AcDbPoint
 10
449.5068523679037
 20
-2050.155035549713
 30
0.0
  0
POINT
  5
1FF0
330
1FE6
100
AcDbEntity
  8
Defpoints
 62
     0
440
 16777216
100
AcDbPoint
 10
1154.006852367904
 20
-2050.155035549713
 30
0.0
  0
POINT
  5
1FF1
330
1FE6
100
AcDbEntity
  8
Defpoints
 62
     0
440
 16777216
100
AcDbPoint
 10
1154.006852367904
 20
-2119.631260898787
 30
0.0
  0
ENDBLK
  5
1FE8
330
1FE6
100
AcDbEntity
  8
0
 48
4.0
100
AcDbBlockEnd
  0
BLOCK
  5
1FF3
330
1FF2
100
AcDbEntity
  8
0
 48
4.0
100
AcDbBlockBegin
  2
*D104
 70
     1
 10
0.0
 20
0.0
 30
0.0
  3
*D104
  1

  0
LINE
  5
1FF5
330
1FF2
100
AcDbEntity
  8
0
 62
     0
440
 16777216
370
    -2
100
AcDbLine
 10
-258.6181476320962
 20
-38.15503554971292
 30
0.0
 11
-375.6638109760274
 21
-38.15503554971289
 31
0.0
  0
LINE
  5
1FF6
330
1FF2
100
AcDbEntity
  8
0
 62
     0
440
 16777216
370
    -2
100
AcDbLine
 10
-258.6181476320962
 20
-2050.155035549713
 30
0.0
 11
-375.6638109760279
 21
-2050.155035549713
 31
0.0
  0
LINE
  5
1FF7
330
1FF2
100
AcDbEntity
  8
0
 62
     0
440
 16777216
370
    -2
100
AcDbLine
 10
-374.4138109760275
 20
-58.15503554971289
 30
0.0
 11
-374.4138109760279
 21
-2030.155035549713
 31
0.0
  0
SOLID
  5
1FF8
330
1FF2
100
AcDbEntity
  8
0
 62
     0
440
 16777216
100
AcDbTrace
 10
-377.7471443093607
 20
-58.15503554971289
 30
0.0
 11
-371.0804776426941
 21
-58.15503554971289
 31
0.0
 12
-374.4138109760275
 22
-38.15503554971289
 32
0.0
 13
-374.4138109760275
 23
-38.15503554971289
 33
0.0
  0
SOLID
  5
1FF9
330
1FF2
100
AcDbEntity
  8
0
 62
     0
440
 16777216
100
AcDbTrace
 10
-377.7471443093612
 20
-2030.155035549713
 30
0.0
 11
-371.0804776426946
 21
-2030.155035549713
 31
0.0
 12
-374.4138109760279
 22
-2050.155035549713
 32
0.0
 13
-374.4138109760279
 23
-2050.155035549713
 33
0.0
  0
MTEXT
  5
1FFA
330
1FF2
100
AcDbEntity
  8
0
 62
     0
440
 16777216
100
AcDbMText
 10
-387.8031356690698
 20
-1044.155035549713
 30
0.0
 40
25.0
 41
0.0
 46
0.0
 71
     5
 72
     1
  1
2012
 11
0.0000000000000001
 21
1.0
 31
0.0
 73
     1
 44
1.0
  0
POINT
  5
1FFB
330
1FF2
100
AcDbEntity
  8
Defpoints
 62
     0
440
 16777216
100
AcDbPoint
 10
-257.9931476320962
 20
-38.15503554971292
 30
0.0
  0
POINT
  5
1FFC
330
1FF2
100
AcDbEntity
  8
Defpoints
 62
     0
440
 16777216
100
AcDbPoint
 10
-257.9931476320962
 20
-2050.155035549713
 30
0.0
  0
POINT
  5
1FFD
330
1FF2
100
AcDbEntity
  8
Defpoints
 62
     0
440
 16777216
100
AcDbPoint
 10
-374.4138109760279
 20
-2050.155035549713
 30
0.0
  0
ENDBLK
  5
1FF4
330
1FF2
100
AcDbEntity
  8
0
 48
4.0
100
AcDbBlockEnd
  0
BLOCK
  5
1FFF
330
1FFE
100
AcDbEntity
  8
0
 48
4.0
100
AcDbBlockBegin
  2
*D105
 70
     1
 10
0.0
 20
0.0
 30
0.0
  3
*D105
  1

  0
LINE
  5
2001
330
1FFE
100
AcDbEntity
  8
0
 62
     0
440
 16777216
370
    -2
100
AcDbLine
 10
-10841.79477725263
 20
-2350.780035549713
 30
0.0
 11
-10841.79477725263
 21
-2437.40138224381
 31
0.0
  0
LINE
  5
2002
330
1FFE
100
AcDbEntity
  8
0
 62
     0
440
 16777216
370
    -2
100
AcDbLine
 10
-10618.79477725263
 20
-2350.780035549713
 30
0.0
 11
-10618.79477725263
 21
-2437.40138224381
 31
0.0
  0
LINE
  5
2003
330
1FFE
100
AcDbEntity
  8
0
 62
     0
440
 16777216
370
    -2
100
AcDbLine
 10
-10821.79477725263
 20
-2436.151382243811
 30
0.0
 11
-10638.79477725263
 21
-2436.151382243811
 31
0.0
  0
SOLID
  5
2004
330
1FFE
100
AcDbEntity
  8
0
 62
     0
440
 16777216
100
AcDbTrace
 10
-10821.79477725263
 20
-2432.818048910477
 30
0.0
 11
-10821.79477725263
 21
-2439.484715577144
 31
0.0
 12
-10841.79477725263
 22
-2436.151382243811
 32
0.0
 13
-10841.79477725263
 23
-2436.151382243811
 33
0.0
  0
SOLID
  5
2005
330
1FFE
100
AcDbEntity
  8
0
 62
     0
440
 16777216
100
AcDbTrace
 10
-10638.79477725263
 20
-2432.818048910477
 30
0.0
 11
-10638.79477725263
 21
-2439.484715577144
 31
0.0
 12
-10618.79477725263
 22
-2436.151382243811
 32
0.0
 13
-10618.79477725263
 23
-2436.151382243811
 33
0.0
  0
MTEXT
  5
2006
330
1FFE
100
AcDbEntity
  8
0
 62
     0
440
 16777216
100
AcDbMText
 10
-10730.29477725263
 20
-2422.753530947766
 30
0.0
 40
25.0
 41
0.0
 46
0.0
 71
     5
 72
     1
  1
223
 73
     1
 44
1.0
  0
POINT
  5
2007
330
1FFE
100
AcDbEntity
  8
Defpoints
 62
     0
440
 16777216
100
AcDbPoint
 10
-10841.79477725263
 20
-2350.155035549713
 30
0.0
  0
POINT
  5
2008
330
1FFE
100
AcDbEntity
  8
Defpoints
 62
     0
440
 16777216
100
AcDbPoint
 10
-10618.79477725263
 20
-2350.155035549713
 30
0.0
  0
POINT
  5
2009
330
1FFE
100
AcDbEntity
  8
Defpoints
 62
     0
440
 16777216
100
AcDbPoint
 10
-10618.79477725263
 20
-2436.151382243811
 30
0.0
  0
ENDBLK
  5
2000
330
1FFE
100
AcDbEntity
  8
0
 48
4.0
100
AcDbBlockEnd
  0
BLOCK
  5
200B
330
200A
100
AcDbEntity
  8
0
 48
4.0
100
AcDbBlockBegin
  2
*D106
 70
     1
 10
0.0
 20
0.0
 30
0.0
  3
*D106
  1

  0
LINE
  5
200D
330
200A
100
AcDbEntity
  8
0
 62
     0
440
 16777216
370
    -2
100
AcDbLine
 10
-10842.41977725263
 20
-23.15503554971292
 30
0.0
 11
-10934.90237367884
 21
-23.15503554971289
 31
0.0
  0
LINE
  5
200E
330
200A
100
AcDbEntity
  8
0
 62
     0
440
 16777216
370
    -2
100
AcDbLine
 10
-10842.41977725263
 20
-2350.155035549713
 30
0.0
 11
-10934.90237367884
 21
-2350.155035549713
 31
0.0
  0
LINE
  5
200F
330
200A
100
AcDbEntity
  8
0
 62
     0
440
 16777216
370
    -2
100
AcDbLine
 10
-10933.65237367884
 20
-43.15503554971289
 30
0.0
 11
-10933.65237367884
 21
-2330.155035549713
 31
0.0
  0
SOLID
  5
2010
330
200A
100
AcDbEntity
  8
0
 62
     0
440
 16777216
100
AcDbTrace
 10
-10936.98570701218
 20
-43.15503554971289
 30
0.0
 11
-10930.31904034551
 21
-43.15503554971289
 31
0.0
 12
-10933.65237367884
 22
-23.15503554971289
 32
0.0
 13
-10933.65237367884
 23
-23.15503554971289
 33
0.0
  0
SOLID
  5
2011
330
200A
100
AcDbEntity
  8
0
 62
     0
440
 16777216
100
AcDbTrace
 10
-10936.98570701218
 20
-2330.155035549713
 30
0.0
 11
-10930.31904034551
 21
-2330.155035549713
 31
0.0
 12
-10933.65237367884
 22
-2350.155035549713
 32
0.0
 13
-10933.65237367884
 23
-2350.155035549713
 33
0.0
  0
MTEXT
  5
2012
330
200A
100
AcDbEntity
  8
0
 62
     0
440
 16777216
100
AcDbMText
 10
-10947.05022497489
 20
-1186.655035549714
 30
0.0
 40
25.0
 41
0.0
 46
0.0
 71
     5
 72
     1
  1
2327
 11
0.0000000000000001
 21
1.0
 31
0.0
 73
     1
 44
1.0
  0
POINT
  5
2013
330
200A
100
AcDbEntity
  8
Defpoints
 62
     0
440
 16777216
100
AcDbPoint
 10
-10841.79477725263
 20
-23.15503554971292
 30
0.0
  0
POINT
  5
2014
330
200A
100
AcDbEntity
  8
Defpoints
 62
     0
440
 16777216
100
AcDbPoint
 10
-10841.79477725263
 20
-2350.155035549713
 30
0.0
  0
POINT
  5
2015
330
200A
100
AcDbEntity
  8
Defpoints
 62
     0
440
 16777216
100
AcDbPoint
 10
-10933.65237367884
 20
-2350.155035549713
 30
0.0
  0
ENDBLK
  5
200C
330
200A
100
AcDbEntity
  8
0
 48
4.0
100
AcDbBlockEnd
  0
BLOCK
  5
2017
330
2016
100
AcDbEntity
  8
0
 48
4.0
100
AcDbBlockBegin
  2
*D107
 70
     1
 10
0.0
 20
0.0
 30
0.0
  3
*D107
  1

  0
LINE
  5
2019
330
2016
100
AcDbEntity
  8
0
 62
     0
440
 16777216
370
    -2
100
AcDbLine
 10
-9713.16977725263
 20
-6.15503554971292
 30
0.0
 11
-9651.564509139811
 21
-6.155035549712937
 31
0.0
  0
LINE
  5
201A
330
2016
100
AcDbEntity
  8
0
 62
     0
440
 16777216
370
    -2
100
AcDbLine
 10
-9713.16977725263
 20
-2362.155035549713
 30
0.0
 11
-9651.564509139811
 21
-2362.155035549713
 31
0.0
  0
LINE
  5
201B
330
2016
100
AcDbEntity
  8
0
 62
     0
440
 16777216
370
    -2
100
AcDbLine
 10
-9652.814509139812
 20
-26.15503554971294
 30
0.0
 11
-9652.814509139812
 21
-2342.155035549713
 31
0.0
  0
SOLID
  5
201C
330
2016
100
AcDbEntity
  8
0
 62
     0
440
 16777216
100
AcDbTrace
 10
-9656.147842473146
 20
-26.15503554971294
 30
0.0
 11
-9649.481175806478
 21
-26.15503554971294
 31
0.0
 12
-9652.814509139812
 22
-6.155035549712937
 32
0.0
 13
-9652.814509139812
 23
-6.155035549712937
 33
0.0
  0
SOLID
  5
201D
330
2016
100
AcDbEntity
  8
0
 62
     0
440
 16777216
100
AcDbTrace
 10
-9656.147842473146
 20
-2342.155035549713
 30
0.0
 11
-9649.481175806478
 21
-2342.155035549713
 31
0.0
 12
-9652.814509139812
 22
-2362.155035549713
 32
0.0
 13
-9652.814509139812
 23
-2362.155035549713
 33
0.0
  0
MTEXT
  5
201E
330
2016
100
AcDbEntity
  8
0
 62
     0
440
 16777216
100
AcDbMText
 10
-9666.212360435856
 20
-1184.155035549714
 30
0.0
 40
25.0
 41
0.0
 46
0.0
 71
     5
 72
     1
  1
2356
 11
0.0000000000000001
 21
1.0
 31
0.0
 73
     1
 44
1.0
  0
POINT
  5
201F
330
2016
100
AcDbEntity
  8
Defpoints
 62
     0
440
 16777216
100
AcDbPoint
 10
-9713.794777252632
 20
-6.15503554971292
 30
0.0
  0
POINT
  5
2020
330
2016
100
AcDbEntity
  8
Defpoints
 62
     0
440
 16777216
100
AcDbPoint
 10
-9713.794777252632
 20
-2362.155035549713
 30
0.0
  0
POINT
  5
2021
330
2016
100
AcDbEntity
  8
Defpoints
 62
     0
440
 16777216
100
AcDbPoint
 10
-9652.814509139812
 20
-2362.155035549713
 30
0.0
  0
ENDBLK
  5
2018
330
2016
100
AcDbEntity
  8
0
 48
4.0
100
AcDbBlockEnd
  0
BLOCK
  5
2023
330
2022
100
AcDbEntity
  8
0
 48
4.0
100
AcDbBlockBegin
  2
*D108
 70
     1
 10
0.0
 20
0.0
 30
0.0
  3
*D108
  1

  0
LINE
  5
2025
330
2022
100
AcDbEntity
  8
0
 62
     0
440
 16777216
370
    -2
100
AcDbLine
 10
-8355.204104890793
 20
-2350.780035549713
 30
0.0
 11
-8355.204104890793
 21
-2431.669104253557
 31
0.0
  0
LINE
  5
2026
330
2022
100
AcDbEntity
  8
0
 62
     0
440
 16777216
370
    -2
100
AcDbLine
 10
-8139.204104890792
 20
-2350.780035549713
 30
0.0
 11
-8139.204104890792
 21
-2431.669104253557
 31
0.0
  0
LINE
  5
2027
330
2022
100
AcDbEntity
  8
0
 62
     0
440
 16777216
370
    -2
100
AcDbLine
 10
-8335.204104890792
 20
-2430.419104253557
 30
0.0
 11
-8159.204104890791
 21
-2430.419104253557
 31
0.0
  0
SOLID
  5
2028
330
2022
100
AcDbEntity
  8
0
 62
     0
440
 16777216
100
AcDbTrace
 10
-8335.204104890792
 20
-2427.085770920224
 30
0.0
 11
-8335.204104890792
 21
-2433.75243758689
 31
0.0
 12
-8355.204104890793
 22
-2430.419104253557
 32
0.0
 13
-8355.204104890793
 23
-2430.419104253557
 33
0.0
  0
SOLID
  5
2029
330
2022
100
AcDbEntity
  8
0
 62
     0
440
 16777216
100
AcDbTrace
 10
-8159.204104890791
 20
-2427.085770920224
 30
0.0
 11
-8159.204104890791
 21
-2433.75243758689
 31
0.0
 12
-8139.204104890792
 22
-2430.419104253557
 32
0.0
 13
-8139.204104890792
 23
-2430.419104253557
 33
0.0
  0
MTEXT
  5
202A
330
2022
100
AcDbEntity
  8
0
 62
     0
440
 16777216
100
AcDbMText
 10
-8247.204104890792
 20
-2417.029779560515
 30
0.0
 40
25.0
 41
0.0
 46
0.0
 71
     5
 72
     1
  1
216
 73
     1
 44
1.0
  0
POINT
  5
202B
330
2022
100
AcDbEntity
  8
Defpoints
 62
     0
440
 16777216
100
AcDbPoint
 10
-8355.204104890793
 20
-2350.155035549713
 30
0.0
  0
POINT
  5
202C
330
2022
100
AcDbEntity
  8
Defpoints
 62
     0
440
 16777216
100
AcDbPoint
 10
-8139.204104890792
 20
-2350.155035549713
 30
0.0
  0
POINT
  5
202D
330
2022
100
AcDbEntity
  8
Defpoints
 62
     0
440
 16777216
100
AcDbPoint
 10
-8139.204104890792
 20
-2430.419104253557
 30
0.0
  0
ENDBLK
  5
2024
330
2022
100
AcDbEntity
  8
0
 48
4.0
100
AcDbBlockEnd
  0
BLOCK
  5
202F
330
202E
100
AcDbEntity
  8
0
 48
4.0
100
AcDbBlockBegin
  2
*D109
 70
     1
 10
0.0
 20
0.0
 30
0.0
  3
*D109
  1

  0
LINE
  5
2031
330
202E
100
AcDbEntity
  8
0
 62
     0
440
 16777216
370
    -2
100
AcDbLine
 10
-8138.579104890792
 20
-23.15503554971292
 30
0.0
 11
-8056.103192672285
 21
-23.15503554971294
 31
0.0
  0
LINE
  5
2032
330
202E
100
AcDbEntity
  8
0
 62
     0
440
 16777216
370
    -2
100
AcDbLine
 10
-8138.579104890792
 20
-2350.155035549713
 30
0.0
 11
-8056.103192672287
 21
-2350.155035549713
 31
0.0
  0
LINE
  5
2033
330
202E
100
AcDbEntity
  8
0
 62
     0
440
 16777216
370
    -2
100
AcDbLine
 10
-8057.353192672286
 20
-43.15503554971294
 30
0.0
 11
-8057.353192672286
 21
-2330.155035549713
 31
0.0
  0
SOLID
  5
2034
330
202E
100
AcDbEntity
  8
0
 62
     0
440
 16777216
100
AcDbTrace
 10
-8060.686526005618
 20
-43.15503554971294
 30
0.0
 11
-8054.019859338952
 21
-43.15503554971294
 31
0.0
 12
-8057.353192672286
 22
-23.15503554971294
 32
0.0
 13
-8057.353192672286
 23
-23.15503554971294
 33
0.0
  0
SOLID
  5
2035
330
202E
100
AcDbEntity
  8
0
 62
     0
440
 16777216
100
AcDbTrace
 10
-8060.686526005618
 20
-2330.155035549713
 30
0.0
 11
-8054.019859338952
 21
-2330.155035549713
 31
0.0
 12
-8057.353192672286
 22
-2350.155035549713
 32
0.0
 13
-8057.353192672286
 23
-2350.155035549713
 33
0.0
  0
MTEXT
  5
2036
330
202E
100
AcDbEntity
  8
0
 62
     0
440
 16777216
100
AcDbMText
 10
-8070.751043968328
 20
-1186.655035549714
 30
0.0
 40
25.0
 41
0.0
 46
0.0
 71
     5
 72
     1
  1
2327
 11
0.0000000000000001
 21
1.0
 31
0.0
 73
     1
 44
1.0
  0
POINT
  5
2037
330
202E
100
AcDbEntity
  8
Defpoints
 62
     0
440
 16777216
100
AcDbPoint
 10
-8139.204104890792
 20
-23.15503554971292
 30
0.0
  0
POINT
  5
2038
330
202E
100
AcDbEntity
  8
Defpoints
 62
     0
440
 16777216
100
AcDbPoint
 10
-8139.204104890792
 20
-2350.155035549713
 30
0.0
  0
POINT
  5
2039
330
202E
100
AcDbEntity
  8
Defpoints
 62
     0
440
 16777216
100
AcDbPoint
 10
-8057.353192672286
 20
-2350.155035549713
 30
0.0
  0
ENDBLK
  5
2030
330
202E
100
AcDbEntity
  8
0
 48
4.0
100
AcDbBlockEnd
  0
BLOCK
  5
203B
330
203A
100
AcDbEntity
  8
0
 48
4.0
100
AcDbBlockBegin
  2
*D110
 70
     1
 10
0.0
 20
0.0
 30
0.0
  3
*D110
  1

  0
LINE
  5
203D
330
203A
100
AcDbEntity
  8
0
 62
     0
440
 16777216
370
    -2
100
AcDbLine
 10
-7506.759907642797
 20
3.844964450287079
 30
0.0
 11
-7410.03075328636
 21
3.844964450287052
 31
0.0
  0
LINE
  5
203E
330
203A
100
AcDbEntity
  8
0
 62
     0
440
 16777216
370
    -2
100
AcDbLine
 10
-7505.600729244898
 20
-2362.155035549713
 30
0.0
 11
-7410.03075328636
 21
-2362.155035549713
 31
0.0
  0
LINE
  5
203F
330
203A
100
AcDbEntity
  8
0
 62
     0
440
 16777216
370
    -2
100
AcDbLine
 10
-7411.280753286359
 20
-16.15503554971295
 30
0.0
 11
-7411.28075328636
 21
-2342.155035549713
 31
0.0
  0
SOLID
  5
2040
330
203A
100
AcDbEntity
  8
0
 62
     0
440
 16777216
100
AcDbTrace
 10
-7414.614086619692
 20
-16.15503554971295
 30
0.0
 11
-7407.947419953027
 21
-16.15503554971295
 31
0.0
 12
-7411.280753286359
 22
3.844964450287052
 32
0.0
 13
-7411.280753286359
 23
3.844964450287052
 33
0.0
  0
SOLID
  5
2041
330
203A
100
AcDbEntity
  8
0
 62
     0
440
 16777216
100
AcDbTrace
 10
-7414.614086619693
 20
-2342.155035549713
 30
0.0
 11
-7407.947419953027
 21
-2342.155035549713
 31
0.0
 12
-7411.28075328636
 22
-2362.155035549713
 32
0.0
 13
-7411.28075328636
 23
-2362.155035549713
 33
0.0
  0
MTEXT
  5
2042
330
203A
100
AcDbEntity
  8
0
 62
     0
440
 16777216
100
AcDbMText
 10
-7424.678604582402
 20
-1179.155035549713
 30
0.0
 40
25.0
 41
0.0
 46
0.0
 71
     5
 72
     1
  1
2366
 11
0.0000000000000001
 21
1.0
 31
0.0
 73
     1
 44
1.0
  0
POINT
  5
2043
330
203A
100
AcDbEntity
  8
Defpoints
 62
     0
440
 16777216
100
AcDbPoint
 10
-7507.384907642798
 20
3.844964450287079
 30
0.0
  0
POINT
  5
2044
330
203A
100
AcDbEntity
  8
Defpoints
 62
     0
440
 16777216
100
AcDbPoint
 10
-7506.225729244899
 20
-2362.155035549713
 30
0.0
  0
POINT
  5
2045
330
203A
100
AcDbEntity
  8
Defpoints
 62
     0
440
 16777216
100
AcDbPoint
 10
-7411.28075328636
 20
-2362.155035549713
 30
0.0
  0
ENDBLK
  5
203C
330
203A
100
AcDbEntity
  8
0
 48
4.0
100
AcDbBlockEnd
  0
BLOCK
  5
2047
330
2046
100
AcDbEntity
  8
0
 48
4.0
100
AcDbBlockBegin
  2
*D111
 70
     1
 10
0.0
 20
0.0
 30
0.0
  3
*D111
  1

  0
LINE
  5
2049
330
2046
100
AcDbEntity
  8
0
 62
     0
440
 16777216
370
    -2
100
AcDbLine
 10
-6408.600729244899
 20
-13.15503554971292
 30
0.0
 11
-6297.944093783364
 21
-13.15503554971295
 31
0.0
  0
LINE
  5
204A
330
2046
100
AcDbEntity
  8
0
 62
     0
440
 16777216
370
    -2
100
AcDbLine
 10
-6408.600729244899
 20
-2350.155035549713
 30
0.0
 11
-6297.944093783364
 21
-2350.155035549713
 31
0.0
  0
LINE
  5
204B
330
2046
100
AcDbEntity
  8
0
 62
     0
440
 16777216
370
    -2
100
AcDbLine
 10
-6299.194093783363
 20
-33.15503554971295
 30
0.0
 11
-6299.194093783365
 21
-2330.155035549713
 31
0.0
  0
SOLID
  5
204C
330
2046
100
AcDbEntity
  8
0
 62
     0
440
 16777216
100
AcDbTrace
 10
-6302.527427116697
 20
-33.15503554971295
 30
0.0
 11
-6295.86076045003
 21
-33.15503554971295
 31
0.0
 12
-6299.194093783363
 22
-13.15503554971295
 32
0.0
 13
-6299.194093783363
 23
-13.15503554971295
 33
0.0
  0
SOLID
  5
204D
330
2046
100
AcDbEntity
  8
0
 62
     0
440
 16777216
100
AcDbTrace
 10
-6302.527427116697
 20
-2330.155035549713
 30
0.0
 11
-6295.860760450032
 21
-2330.155035549713
 31
0.0
 12
-6299.194093783365
 22
-2350.155035549713
 32
0.0
 13
-6299.194093783365
 23
-2350.155035549713
 33
0.0
  0
MTEXT
  5
204E
330
2046
100
AcDbEntity
  8
0
 62
     0
440
 16777216
100
AcDbMText
 10
-6312.591945079407
 20
-1181.655035549714
 30
0.0
 40
25.0
 41
0.0
 46
0.0
 71
     5
 72
     1
  1
2337
 11
0.0000000000000001
 21
1.0
 31
0.0
 73
     1
 44
1.0
  0
POINT
  5
204F
330
2046
100
AcDbEntity
  8
Defpoints
 62
     0
440
 16777216
100
AcDbPoint
 10
-6409.225729244899
 20
-13.15503554971292
 30
0.0
  0
POINT
  5
2050
330
2046
100
AcDbEntity
  8
Defpoints
 62
     0
440
 16777216
100
AcDbPoint
 10
-6409.225729244899
 20
-2350.155035549713
 30
0.0
  0
POINT
  5
2051
330
2046
100
AcDbEntity
  8
Defpoints
 62
     0
440
 16777216
100
AcDbPoint
 10
-6299.194093783365
 20
-2350.155035549713
 30
0.0
  0
ENDBLK
  5
2048
330
2046
100
AcDbEntity
  8
0
 48
4.0
100
AcDbBlockEnd
  0
BLOCK
  5
2053
330
2052
100
AcDbEntity
  8
0
 48
4.0
100
AcDbBlockBegin
  2
*D112
 70
     1
 10
0.0
 20
0.0
 30
0.0
  3
*D112
  1

  0
LINE
  5
2055
330
2052
100
AcDbEntity
  8
0
 62
     0
440
 16777216
370
    -2
100
AcDbLine
 10
-6762.225729244899
 20
-2350.780035549713
 30
0.0
 11
-6762.225729244899
 21
-2426.154022906263
 31
0.0
  0
LINE
  5
2056
330
2052
100
AcDbEntity
  8
0
 62
     0
440
 16777216
370
    -2
100
AcDbLine
 10
-6409.225729244899
 20
-2350.780035549713
 30
0.0
 11
-6409.225729244899
 21
-2426.154022906263
 31
0.0
  0
LINE
  5
2057
330
2052
100
AcDbEntity
  8
0
 62
     0
440
 16777216
370
    -2
100
AcDbLine
 10
-6742.225729244899
 20
-2424.904022906263
 30
0.0
 11
-6429.225729244899
 21
-2424.904022906263
 31
0.0
  0
SOLID
  5
2058
330
2052
100
AcDbEntity
  8
0
 62
     0
440
 16777216
100
AcDbTrace
 10
-6742.225729244899
 20
-2421.570689572929
 30
0.0
 11
-6742.225729244899
 21
-2428.237356239597
 31
0.0
 12
-6762.225729244899
 22
-2424.904022906263
 32
0.0
 13
-6762.225729244899
 23
-2424.904022906263
 33
0.0
  0
SOLID
  5
2059
330
2052
100
AcDbEntity
  8
0
 62
     0
440
 16777216
100
AcDbTrace
 10
-6429.225729244899
 20
-2421.570689572929
 30
0.0
 11
-6429.225729244899
 21
-2428.237356239597
 31
0.0
 12
-6409.225729244899
 22
-2424.904022906263
 32
0.0
 13
-6409.225729244899
 23
-2424.904022906263
 33
0.0
  0
MTEXT
  5
205A
330
2052
100
AcDbEntity
  8
0
 62
     0
440
 16777216
100
AcDbMText
 10
-6585.725729244899
 20
-2411.506171610219
 30
0.0
 40
25.0
 41
0.0
 46
0.0
 71
     5
 72
     1
  1
353
 73
     1
 44
1.0
  0
POINT
  5
205B
330
2052
100
AcDbEntity
  8
Defpoints
 62
     0
440
 16777216
100
AcDbPoint
 10
-6762.225729244899
 20
-2350.155035549713
 30
0.0
  0
POINT
  5
205C
330
2052
100
AcDbEntity
  8
Defpoints
 62
     0
440
 16777216
100
AcDbPoint
 10
-6409.225729244899
 20
-2350.155035549713
 30
0.0
  0
POINT
  5
205D
330
2052
100
AcDbEntity
  8
Defpoints
 62
     0
440
 16777216
100
AcDbPoint
 10
-6409.225729244899
 20
-2424.904022906263
 30
0.0
  0
ENDBLK
  5
2054
330
2052
100
AcDbEntity
  8
0
 48
4.0
100
AcDbBlockEnd
  0
BLOCK
  5
205F
330
205E
100
AcDbEntity
  8
0
 48
4.0
100
AcDbBlockBegin
  2
*D113
 70
     1
 10
0.0
 20
0.0
 30
0.0
  3
*D113
  1

  0
LINE
  5
2061
330
205E
100
AcDbEntity
  8
0
 62
     0
440
 16777216
370
    -2
100
AcDbLine
 10
-6790.48509629153
 20
2987.421775716455
 30
0.0
 11
-6790.48509629153
 21
2923.403963000332
 31
0.0
  0
LINE
  5
2062
330
205E
100
AcDbEntity
  8
0
 62
     0
440
 16777216
370
    -2
100
AcDbLine
 10
-5890.48509629153
 20
943.6717757164551
 30
0.0
 11
-5890.48509629153
 21
2925.903963000332
 31
0.0
  0
LINE
  5
2063
330
205E
100
AcDbEntity
  8
0
 62
     0
440
 16777216
370
    -2
100
AcDbLine
 10
-6770.48509629153
 20
2924.653963000332
 30
0.0
 11
-5910.48509629153
 21
2924.653963000332
 31
0.0
  0
SOLID
  5
2064
330
205E
100
AcDbEntity
  8
0
 62
     0
440
 16777216
100
AcDbTrace
 10
-6770.48509629153
 20
2927.987296333665
 30
0.0
 11
-6770.48509629153
 21
2921.320629666999
 31
0.0
 12
-6790.48509629153
 22
2924.653963000332
 32
0.0
 13
-6790.48509629153
 23
2924.653963000332
 33
0.0
  0
SOLID
  5
2065
330
205E
100
AcDbEntity
  8
0
 62
     0
440
 16777216
100
AcDbTrace
 10
-5910.48509629153
 20
2927.987296333665
 30
0.0
 11
-5910.48509629153
 21
2921.320629666999
 31
0.0
 12
-5890.48509629153
 22
2924.653963000332
 32
0.0
 13
-5890.48509629153
 23
2924.653963000332
 33
0.0
  0
MTEXT
  5
2066
330
205E
100
AcDbEntity
  8
0
 62
     0
440
 16777216
100
AcDbMText
 10
-6340.48509629153
 20
2938.043287693374
 30
0.0
 40
25.0
 41
0.0
 46
0.0
 71
     5
 72
     1
  1
900
 73
     1
 44
1.0
  0
POINT
  5
2067
330
205E
100
AcDbEntity
  8
Defpoints
 62
     0
440
 16777216
100
AcDbPoint
 10
-6790.48509629153
 20
2988.046775716455
 30
0.0
  0
POINT
  5
2068
330
205E
100
AcDbEntity
  8
Defpoints
 62
     0
440
 16777216
100
AcDbPoint
 10
-5890.48509629153
 20
943.0467757164551
 30
0.0
  0
POINT
  5
2069
330
205E
100
AcDbEntity
  8
Defpoints
 62
     0
440
 16777216
100
AcDbPoint
 10
-5890.48509629153
 20
2924.653963000332
 30
0.0
  0
ENDBLK
  5
2060
330
205E
100
AcDbEntity
  8
0
 48
4.0
100
AcDbBlockEnd
  0
BLOCK
  5
206B
330
206A
100
AcDbEntity
  8
0
 48
4.0
100
AcDbBlockBegin
  2
*D114
 70
     1
 10
0.0
 20
0.0
 30
0.0
  3
*D114
  1

  0
LINE
  5
206D
330
206A
100
AcDbEntity
  8
0
 62
     0
440
 16777216
370
    -2
100
AcDbLine
 10
-5885.48509629153
 20
954.4217757164551
 30
0.0
 11
-5885.48509629153
 21
875.4655905846083
 31
0.0
  0
LINE
  5
206E
330
206A
100
AcDbEntity
  8
0
 62
     0
440
 16777216
370
    -2
100
AcDbLine
 10
-5295.485096291526
 20
954.4217757164551
 30
0.0
 11
-5295.485096291526
 21
875.4655905846083
 31
0.0
  0
LINE
  5
206F
330
206A
100
AcDbEntity
  8
0
 62
     0
440
 16777216
370
    -2
100
AcDbLine
 10
-5865.485096291529
 20
876.7155905846085
 30
0.0
 11
-5315.485096291526
 21
876.7155905846085
 31
0.0
  0
SOLID
  5
2070
330
206A
100
AcDbEntity
  8
0
 62
     0
440
 16777216
100
AcDbTrace
 10
-5865.485096291529
 20
880.0489239179418
 30
0.0
 11
-5865.485096291529
 21
873.382257251275
 31
0.0
 12
-5885.48509629153
 22
876.7155905846085
 32
0.0
 13
-5885.48509629153
 23
876.7155905846085
 33
0.0
  0
SOLID
  5
2071
330
206A
100
AcDbEntity
  8
0
 62
     0
440
 16777216
100
AcDbTrace
 10
-5315.485096291526
 20
880.0489239179418
 30
0.0
 11
-5315.485096291526
 21
873.382257251275
 31
0.0
 12
-5295.485096291526
 22
876.7155905846085
 32
0.0
 13
-5295.485096291526
 23
876.7155905846085
 33
0.0
  0
MTEXT
  5
2072
330
206A
100
AcDbEntity
  8
0
 62
     0
440
 16777216
100
AcDbMText
 10
-5590.485096291528
 20
890.1049152776508
 30
0.0
 40
25.0
 41
0.0
 46
0.0
 71
     5
 72
     1
  1
590
 73
     1
 44
1.0
  0
POINT
  5
2073
330
206A
100
AcDbEntity
  8
Defpoints
 62
     0
440
 16777216
100
AcDbPoint
 10
-5885.48509629153
 20
955.0467757164552
 30
0.0
  0
POINT
  5
2074
330
206A
100
AcDbEntity
  8
Defpoints
 62
     0
440
 16777216
100
AcDbPoint
 10
-5295.485096291526
 20
955.0467757164552
 30
0.0
  0
POINT
  5
2075
330
206A
100
AcDbEntity
  8
Defpoints
 62
     0
440
 16777216
100
AcDbPoint
 10
-5295.485096291526
 20
876.7155905846085
 30
0.0
  0
ENDBLK
  5
206C
330
206A
100
AcDbEntity
  8
0
 48
4.0
100
AcDbBlockEnd
  0
BLOCK
  5
2077
330
2076
100
AcDbEntity
  8
0
 48
4.0
100
AcDbBlockBegin
  2
*D115
 70
     1
 10
0.0
 20
0.0
 30
0.0
  3
*D115
  1

  0
LINE
  5
2079
330
2076
100
AcDbEntity
  8
0
 62
     0
440
 16777216
370
    -2
100
AcDbLine
 10
-5294.860096291526
 20
3007.046775716455
 30
0.0
 11
-5180.953714905571
 21
3007.046775716455
 31
0.0
  0
LINE
  5
207A
330
2076
100
AcDbEntity
  8
0
 62
     0
440
 16777216
370
    -2
100
AcDbLine
 10
-5294.860096291526
 20
955.0467757164552
 30
0.0
 11
-5180.953714905572
 21
955.0467757164552
 31
0.0
  0
LINE
  5
207B
330
2076
100
AcDbEntity
  8
0
 62
     0
440
 16777216
370
    -2
100
AcDbLine
 10
-5182.203714905572
 20
2987.046775716455
 30
0.0
 11
-5182.203714905572
 21
975.0467757164551
 31
0.0
  0
SOLID
  5
207C
330
2076
100
AcDbEntity
  8
0
 62
     0
440
 16777216
100
AcDbTrace
 10
-5185.537048238905
 20
2987.046775716455
 30
0.0
 11
-5178.870381572238
 21
2987.046775716455
 31
0.0
 12
-5182.203714905572
 22
3007.046775716455
 32
0.0
 13
-5182.203714905572
 23
3007.046775716455
 33
0.0
  0
SOLID
  5
207D
330
2076
100
AcDbEntity
  8
0
 62
     0
440
 16777216
100
AcDbTrace
 10
-5185.537048238906
 20
975.0467757164551
 30
0.0
 11
-5178.870381572239
 21
975.0467757164551
 31
0.0
 12
-5182.203714905572
 22
955.0467757164552
 32
0.0
 13
-5182.203714905572
 23
955.0467757164552
 33
0.0
  0
MTEXT
  5
207E
330
2076
100
AcDbEntity
  8
0
 62
     0
440
 16777216
100
AcDbMText
 10
-5195.593039598614
 20
1981.046775716454
 30
0.0
 40
25.0
 41
0.0
 46
0.0
 71
     5
 72
     1
  1
2052
 11
0.0000000000000001
 21
1.0
 31
0.0
 73
     1
 44
1.0
  0
POINT
  5
207F
330
2076
100
AcDbEntity
  8
Defpoints
 62
     0
440
 16777216
100
AcDbPoint
 10
-5295.485096291526
 20
3007.046775716455
 30
0.0
  0
POINT
  5
2080
330
2076
100
AcDbEntity
  8
Defpoints
 62
     0
440
 16777216
100
AcDbPoint
 10
-5295.485096291526
 20
955.0467757164552
 30
0.0
  0
POINT
  5
2081
330
2076
100
AcDbEntity
  8
Defpoints
 62
     0
440
 16777216
100
AcDbPoint
 10
-5182.203714905572
 20
955.0467757164552
 30
0.0
  0
ENDBLK
  5
2078
330
2076
100
AcDbEntity
  8
0
 48
4.0
100
AcDbBlockEnd
  0
BLOCK
  5
2083
330
2082
100
AcDbEntity
  8
0
 48
4.0
100
AcDbBlockBegin
  2
*D116
 70
     1
 10
0.0
 20
0.0
 30
0.0
  3
*D116
  1

  0
LINE
  5
2085
330
2082
100
AcDbEntity
  8
0
 62
     0
440
 16777216
370
    -2
100
AcDbLine
 10
-5024.194342775769
 20
-2350.780035549713
 30
0.0
 11
-5024.194342775769
 21
-2437.40163264894
 31
0.0
  0
LINE
  5
2086
330
2082
100
AcDbEntity
  8
0
 62
     0
440
 16777216
370
    -2
100
AcDbLine
 10
-4703.194342775769
 20
-2350.780035549713
 30
0.0
 11
-4703.194342775769
 21
-2437.40163264894
 31
0.0
  0
LINE
  5
2087
330
2082
100
AcDbEntity
  8
0
 62
     0
440
 16777216
370
    -2
100
AcDbLine
 10
-5004.194342775768
 20
-2436.15163264894
 30
0.0
 11
-4723.194342775768
 21
-2436.15163264894
 31
0.0
  0
SOLID
  5
2088
330
2082
100
AcDbEntity
  8
0
 62
     0
440
 16777216
100
AcDbTrace
 10
-5004.194342775768
 20
-2432.818299315607
 30
0.0
 11
-5004.194342775768
 21
-2439.484965982274
 31
0.0
 12
-5024.194342775769
 22
-2436.15163264894
 32
0.0
 13
-5024.194342775769
 23
-2436.15163264894
 33
0.0
  0
SOLID
  5
2089
330
2082
100
AcDbEntity
  8
0
 62
     0
440
 16777216
100
AcDbTrace
 10
-4723.194342775768
 20
-2432.818299315607
 30
0.0
 11
-4723.194342775768
 21
-2439.484965982274
 31
0.0
 12
-4703.194342775769
 22
-2436.15163264894
 32
0.0
 13
-4703.194342775769
 23
-2436.15163264894
 33
0.0
  0
MTEXT
  5
208A
330
2082
100
AcDbEntity
  8
0
 62
     0
440
 16777216
100
AcDbMText
 10
-4863.694342775769
 20
-2422.753781352896
 30
0.0
 40
25.0
 41
0.0
 46
0.0
 71
     5
 72
     1
  1
321
 73
     1
 44
1.0
  0
POINT
  5
208B
330
2082
100
AcDbEntity
  8
Defpoints
 62
     0
440
 16777216
100
AcDbPoint
 10
-5024.194342775769
 20
-2350.155035549713
 30
0.0
  0
POINT
  5
208C
330
2082
100
AcDbEntity
  8
Defpoints
 62
     0
440
 16777216
100
AcDbPoint
 10
-4703.194342775769
 20
-2350.155035549713
 30
0.0
  0
POINT
  5
208D
330
2082
100
AcDbEntity
  8
Defpoints
 62
     0
440
 16777216
100
AcDbPoint
 10
-4703.194342775769
 20
-2436.15163264894
 30
0.0
  0
ENDBLK
  5
2084
330
2082
100
AcDbEntity
  8
0
 48
4.0
100
AcDbBlockEnd
  0
BLOCK
  5
208F
330
208E
100
AcDbEntity
  8
0
 48
4.0
100
AcDbBlockBegin
  2
*D117
 70
     1
 10
0.0
 20
0.0
 30
0.0
  3
*D117
  1

  0
LINE
  5
2091
330
208E
100
AcDbEntity
  8
0
 62
     0
440
 16777216
370
    -2
100
AcDbLine
 10
-5768.72852117367
 20
-5.15503554971292
 30
0.0
 11
-5657.987143576589
 21
-5.155035549712952
 31
0.0
  0
LINE
  5
2092
330
208E
100
AcDbEntity
  8
0
 62
     0
440
 16777216
370
    -2
100
AcDbLine
 10
-5767.569342775772
 20
-2362.155035549713
 30
0.0
 11
-5657.98714357659
 21
-2362.155035549713
 31
0.0
  0
LINE
  5
2093
330
208E
100
AcDbEntity
  8
0
 62
     0
440
 16777216
370
    -2
100
AcDbLine
 10
-5659.237143576589
 20
-25.15503554971295
 30
0.0
 11
-5659.237143576589
 21
-2342.155035549713
 31
0.0
  0
SOLID
  5
2094
330
208E
100
AcDbEntity
  8
0
 62
     0
440
 16777216
100
AcDbTrace
 10
-5662.570476909922
 20
-25.15503554971295
 30
0.0
 11
-5655.903810243255
 21
-25.15503554971295
 31
0.0
 12
-5659.237143576589
 22
-5.155035549712951
 32
0.0
 13
-5659.237143576589
 23
-5.155035549712951
 33
0.0
  0
SOLID
  5
2095
330
208E
100
AcDbEntity
  8
0
 62
     0
440
 16777216
100
AcDbTrace
 10
-5662.570476909923
 20
-2342.155035549713
 30
0.0
 11
-5655.903810243256
 21
-2342.155035549713
 31
0.0
 12
-5659.237143576589
 22
-2362.155035549713
 32
0.0
 13
-5659.237143576589
 23
-2362.155035549713
 33
0.0
  0
MTEXT
  5
2096
330
208E
100
AcDbEntity
  8
0
 62
     0
440
 16777216
100
AcDbMText
 10
-5672.634994872633
 20
-1183.655035549709
 30
0.0
 40
25.0
 41
0.0
 46
0.0
 71
     5
 72
     1
  1
2357
 11
0.0000000000000001
 21
1.0
 31
0.0
 73
     1
 44
1.0
  0
POINT
  5
2097
330
208E
100
AcDbEntity
  8
Defpoints
 62
     0
440
 16777216
100
AcDbPoint
 10
-5769.353521173671
 20
-5.15503554971292
 30
0.0
  0
POINT
  5
2098
330
208E
100
AcDbEntity
  8
Defpoints
 62
     0
440
 16777216
100
AcDbPoint
 10
-5768.194342775772
 20
-2362.155035549713
 30
0.0
  0
POINT
  5
2099
330
208E
100
AcDbEntity
  8
Defpoints
 62
     0
440
 16777216
100
AcDbPoint
 10
-5659.237143576589
 20
-2362.155035549713
 30
0.0
  0
ENDBLK
  5
2090
330
208E
100
AcDbEntity
  8
0
 48
4.0
100
AcDbBlockEnd
  0
BLOCK
  5
209B
330
209A
100
AcDbEntity
  8
0
 48
4.0
100
AcDbBlockBegin
  2
*D118
 70
     1
 10
0.0
 20
0.0
 30
0.0
  3
*D118
  1

  0
LINE
  5
209D
330
209A
100
AcDbEntity
  8
0
 62
     0
440
 16777216
370
    -2
100
AcDbLine
 10
-4702.569342775769
 20
-22.15503554971292
 30
0.0
 11
-4620.336381830016
 21
-22.15503554971294
 31
0.0
  0
LINE
  5
209E
330
209A
100
AcDbEntity
  8
0
 62
     0
440
 16777216
370
    -2
100
AcDbLine
 10
-4702.569342775769
 20
-2350.155035549713
 30
0.0
 11
-4620.336381830017
 21
-2350.155035549713
 31
0.0
  0
LINE
  5
209F
330
209A
100
AcDbEntity
  8
0
 62
     0
440
 16777216
370
    -2
100
AcDbLine
 10
-4621.586381830016
 20
-42.15503554971294
 30
0.0
 11
-4621.586381830017
 21
-2330.155035549713
 31
0.0
  0
SOLID
  5
20A0
330
209A
100
AcDbEntity
  8
0
 62
     0
440
 16777216
100
AcDbTrace
 10
-4624.919715163349
 20
-42.15503554971294
 30
0.0
 11
-4618.253048496682
 21
-42.15503554971294
 31
0.0
 12
-4621.586381830016
 22
-22.15503554971294
 32
0.0
 13
-4621.586381830016
 23
-22.15503554971294
 33
0.0
  0
SOLID
  5
20A1
330
209A
100
AcDbEntity
  8
0
 62
     0
440
 16777216
100
AcDbTrace
 10
-4624.91971516335
 20
-2330.155035549713
 30
0.0
 11
-4618.253048496684
 21
-2330.155035549713
 31
0.0
 12
-4621.586381830017
 22
-2350.155035549713
 32
0.0
 13
-4621.586381830017
 23
-2350.155035549713
 33
0.0
  0
MTEXT
  5
20A2
330
209A
100
AcDbEntity
  8
0
 62
     0
440
 16777216
100
AcDbMText
 10
-4634.98423312606
 20
-1186.155035549713
 30
0.0
 40
25.0
 41
0.0
 46
0.0
 71
     5
 72
     1
  1
2328
 11
0.0000000000000001
 21
1.0
 31
0.0
 73
     1
 44
1.0
  0
POINT
  5
20A3
330
209A
100
AcDbEntity
  8
Defpoints
 62
     0
440
 16777216
100
AcDbPoint
 10
-4703.194342775769
 20
-22.15503554971292
 30
0.0
  0
POINT
  5
20A4
330
209A
100
AcDbEntity
  8
Defpoints
 62
     0
440
 16777216
100
AcDbPoint
 10
-4703.194342775769
 20
-2350.155035549713
 30
0.0
  0
POINT
  5
20A5
330
209A
100
AcDbEntity
  8
Defpoints
 62
     0
440
 16777216
100
AcDbPoint
 10
-4621.586381830017
 20
-2350.155035549713
 30
0.0
  0
ENDBLK
  5
209C
330
209A
100
AcDbEntity
  8
0
 48
4.0
100
AcDbBlockEnd
  0
BLOCK
  5
20A7
330
20A6
100
AcDbEntity
  8
0
 48
4.0
100
AcDbBlockBegin
  2
*D119
 70
     1
 10
0.0
 20
0.0
 30
0.0
  3
*D119
  1

  0
LINE
  5
20A9
330
20A6
100
AcDbEntity
  8
0
 62
     0
440
 16777216
370
    -2
100
AcDbLine
 10
-15479.66612628095
 20
1035.421775716455
 30
0.0
 11
-15479.66612628095
 21
963.0279394337193
 31
0.0
  0
LINE
  5
20AA
330
20A6
100
AcDbEntity
  8
0
 62
     0
440
 16777216
370
    -2
100
AcDbLine
 10
-14609.66612628095
 20
1035.421775716455
 30
0.0
 11
-14609.66612628095
 21
963.0279394337193
 31
0.0
  0
LINE
  5
20AB
330
20A6
100
AcDbEntity
  8
0
 62
     0
440
 16777216
370
    -2
100
AcDbLine
 10
-15459.66612628095
 20
964.2779394337194
 30
0.0
 11
-14629.66612628095
 21
964.2779394337194
 31
0.0
  0
SOLID
  5
20AC
330
20A6
100
AcDbEntity
  8
0
 62
     0
440
 16777216
100
AcDbTrace
 10
-15459.66612628095
 20
967.6112727670528
 30
0.0
 11
-15459.66612628095
 21
960.9446061003861
 31
0.0
 12
-15479.66612628095
 22
964.2779394337194
 32
0.0
 13
-15479.66612628095
 23
964.2779394337194
 33
0.0
  0
SOLID
  5
20AD
330
20A6
100
AcDbEntity
  8
0
 62
     0
440
 16777216
100
AcDbTrace
 10
-14629.66612628095
 20
967.6112727670528
 30
0.0
 11
-14629.66612628095
 21
960.9446061003861
 31
0.0
 12
-14609.66612628095
 22
964.2779394337194
 32
0.0
 13
-14609.66612628095
 23
964.2779394337194
 33
0.0
  0
MTEXT
  5
20AE
330
20A6
100
AcDbEntity
  8
0
 62
     0
440
 16777216
100
AcDbMText
 10
-15044.66612628095
 20
977.6672641267618
 30
0.0
 40
25.0
 41
0.0
 46
0.0
 71
     5
 72
     1
  1
870
 73
     1
 44
1.0
  0
POINT
  5
20AF
330
20A6
100
AcDbEntity
  8
Defpoints
 62
     0
440
 16777216
100
AcDbPoint
 10
-15479.66612628095
 20
1036.046775716455
 30
0.0
  0
POINT
  5
20B0
330
20A6
100
AcDbEntity
  8
Defpoints
 62
     0
440
 16777216
100
AcDbPoint
 10
-14609.66612628095
 20
1036.046775716455
 30
0.0
  0
POINT
  5
20B1
330
20A6
100
AcDbEntity
  8
Defpoints
 62
     0
440
 16777216
100
AcDbPoint
 10
-14609.66612628095
 20
964.2779394337194
 30
0.0
  0
ENDBLK
  5
20A8
330
20A6
100
AcDbEntity
  8
0
 48
4.0
100
AcDbBlockEnd
  0
BLOCK
  5
20B3
330
20B2
100
AcDbEntity
  8
0
 48
4.0
100
AcDbBlockBegin
  2
*D120
 70
     1
 10
0.0
 20
0.0
 30
0.0
  3
*D120
  1

  0
LINE
  5
20B5
330
20B2
100
AcDbEntity
  8
0
 62
     0
440
 16777216
370
    -2
100
AcDbLine
 10
-15480.29112628095
 20
3031.046775716455
 30
0.0
 11
-15594.26414983193
 21
3031.046775716455
 31
0.0
  0
LINE
  5
20B6
330
20B2
100
AcDbEntity
  8
0
 62
     0
440
 16777216
370
    -2
100
AcDbLine
 10
-15480.29112628095
 20
1036.046775716455
 30
0.0
 11
-15594.26414983193
 21
1036.046775716455
 31
0.0
  0
LINE
  5
20B7
330
20B2
100
AcDbEntity
  8
0
 62
     0
440
 16777216
370
    -2
100
AcDbLine
 10
-15593.01414983193
 20
3011.046775716455
 30
0.0
 11
-15593.01414983193
 21
1056.046775716455
 31
0.0
  0
SOLID
  5
20B8
330
20B2
100
AcDbEntity
  8
0
 62
     0
440
 16777216
100
AcDbTrace
 10
-15596.34748316527
 20
3011.046775716455
 30
0.0
 11
-15589.6808164986
 21
3011.046775716455
 31
0.0
 12
-15593.01414983193
 22
3031.046775716455
 32
0.0
 13
-15593.01414983193
 23
3031.046775716455
 33
0.0
  0
SOLID
  5
20B9
330
20B2
100
AcDbEntity
  8
0
 62
     0
440
 16777216
100
AcDbTrace
 10
-15596.34748316527
 20
1056.046775716455
 30
0.0
 11
-15589.6808164986
 21
1056.046775716455
 31
0.0
 12
-15593.01414983193
 22
1036.046775716455
 32
0.0
 13
-15593.01414983193
 23
1036.046775716455
 33
0.0
  0
MTEXT
  5
20BA
330
20B2
100
AcDbEntity
  8
0
 62
     0
440
 16777216
100
AcDbMText
 10
-15606.40347452498
 20
2033.546775716453
 30
0.0
 40
25.0
 41
0.0
 46
0.0
 71
     5
 72
     1
  1
1995
 11
0.0000000000000001
 21
1.0
 31
0.0
 73
     1
 44
1.0
  0
POINT
  5
20BB
330
20B2
100
AcDbEntity
  8
Defpoints
 62
     0
440
 16777216
100
AcDbPoint
 10
-15479.66612628095
 20
3031.046775716455
 30
0.0
  0
POINT
  5
20BC
330
20B2
100
AcDbEntity
  8
Defpoints
 62
     0
440
 16777216
100
AcDbPoint
 10
-15479.66612628095
 20
1036.046775716455
 30
0.0
  0
POINT
  5
20BD
330
20B2
100
AcDbEntity
  8
Defpoints
 62
     0
440
 16777216
100
AcDbPoint
 10
-15593.01414983193
 20
1036.046775716455
 30
0.0
  0
ENDBLK
  5
20B4
330
20B2
100
AcDbEntity
  8
0
 48
4.0
100
AcDbBlockEnd
  0
BLOCK
  5
20BF
330
20BE
100
AcDbEntity
  8
0
 48
4.0
100
AcDbBlockBegin
  2
*D121
 70
     1
 10
0.0
 20
0.0
 30
0.0
  3
*D121
  1

  0
LINE
  5
20C1
330
20BE
100
AcDbEntity
  8
0
 62
     0
440
 16777216
370
    -2
100
AcDbLine
 10
-14336.14335066453
 20
3031.046775716455
 30
0.0
 11
-14397.03997852075
 21
3031.046775716455
 31
0.0
  0
LINE
  5
20C2
330
20BE
100
AcDbEntity
  8
0
 62
     0
440
 16777216
370
    -2
100
AcDbLine
 10
-14336.14335066453
 20
1036.046775716455
 30
0.0
 11
-14397.03997852075
 21
1036.046775716455
 31
0.0
  0
LINE
  5
20C3
330
20BE
100
AcDbEntity
  8
0
 62
     0
440
 16777216
370
    -2
100
AcDbLine
 10
-14395.78997852075
 20
3011.046775716455
 30
0.0
 11
-14395.78997852075
 21
1056.046775716455
 31
0.0
  0
SOLID
  5
20C4
330
20BE
100
AcDbEntity
  8
0
 62
     0
440
 16777216
100
AcDbTrace
 10
-14399.12331185408
 20
3011.046775716455
 30
0.0
 11
-14392.45664518741
 21
3011.046775716455
 31
0.0
 12
-14395.78997852075
 22
3031.046775716455
 32
0.0
 13
-14395.78997852075
 23
3031.046775716455
 33
0.0
  0
SOLID
  5
20C5
330
20BE
100
AcDbEntity
  8
0
 62
     0
440
 16777216
100
AcDbTrace
 10
-14399.12331185408
 20
1056.046775716455
 30
0.0
 11
-14392.45664518741
 21
1056.046775716455
 31
0.0
 12
-14395.78997852075
 22
1036.046775716455
 32
0.0
 13
-14395.78997852075
 23
1036.046775716455
 33
0.0
  0
MTEXT
  5
20C6
330
20BE
100
AcDbEntity
  8
0
 62
     0
440
 16777216
100
AcDbMText
 10
-14409.17930321379
 20
2033.546775716453
 30
0.0
 40
25.0
 41
0.0
 46
0.0
 71
     5
 72
     1
  1
1995
 11
0.0000000000000001
 21
1.0
 31
0.0
 73
     1
 44
1.0
  0
POINT
  5
20C7
330
20BE
100
AcDbEntity
  8
Defpoints
 62
     0
440
 16777216
100
AcDbPoint
 10
-14335.51835066453
 20
3031.046775716455
 30
0.0
  0
POINT
  5
20C8
330
20BE
100
AcDbEntity
  8
Defpoints
 62
     0
440
 16777216
100
AcDbPoint
 10
-14335.51835066453
 20
1036.046775716455
 30
0.0
  0
POINT
  5
20C9
330
20BE
100
AcDbEntity
  8
Defpoints
 62
     0
440
 16777216
100
AcDbPoint
 10
-14395.78997852075
 20
1036.046775716455
 30
0.0
  0
ENDBLK
  5
20C0
330
20BE
100
AcDbEntity
  8
0
 48
4.0
100
AcDbBlockEnd
  0
BLOCK
  5
20CB
330
20CA
100
AcDbEntity
  8
0
 48
4.0
100
AcDbBlockBegin
  2
*D122
 70
     1
 10
0.0
 20
0.0
 30
0.0
  3
*D122
  1

  0
LINE
  5
20CD
330
20CA
100
AcDbEntity
  8
0
 62
     0
440
 16777216
370
    -2
100
AcDbLine
 10
-14335.51835066453
 20
1035.421775716455
 30
0.0
 11
-14335.51835066453
 21
963.6204093653905
 31
0.0
  0
LINE
  5
20CE
330
20CA
100
AcDbEntity
  8
0
 62
     0
440
 16777216
370
    -2
100
AcDbLine
 10
-13470.51835066453
 20
1035.421775716455
 30
0.0
 11
-13470.51835066453
 21
963.6204093653905
 31
0.0
  0
LINE
  5
20CF
330
20CA
100
AcDbEntity
  8
0
 62
     0
440
 16777216
370
    -2
100
AcDbLine
 10
-14315.51835066453
 20
964.8704093653904
 30
0.0
 11
-13490.51835066453
 21
964.8704093653904
 31
0.0
  0
SOLID
  5
20D0
330
20CA
100
AcDbEntity
  8
0
 62
     0
440
 16777216
100
AcDbTrace
 10
-14315.51835066453
 20
968.2037426987239
 30
0.0
 11
-14315.51835066453
 21
961.5370760320571
 31
0.0
 12
-14335.51835066453
 22
964.8704093653904
 32
0.0
 13
-14335.51835066453
 23
964.8704093653904
 33
0.0
  0
SOLID
  5
20D1
330
20CA
100
AcDbEntity
  8
0
 62
     0
440
 16777216
100
AcDbTrace
 10
-13490.51835066453
 20
968.2037426987239
 30
0.0
 11
-13490.51835066453
 21
961.5370760320571
 31
0.0
 12
-13470.51835066453
 22
964.8704093653904
 32
0.0
 13
-13470.51835066453
 23
964.8704093653904
 33
0.0
  0
MTEXT
  5
20D2
330
20CA
100
AcDbEntity
  8
0
 62
     0
440
 16777216
100
AcDbMText
 10
-13903.01835066453
 20
978.2597340584329
 30
0.0
 40
25.0
 41
0.0
 46
0.0
 71
     5
 72
     1
  1
865
 73
     1
 44
1.0
  0
POINT
  5
20D3
330
20CA
100
AcDbEntity
  8
Defpoints
 62
     0
440
 16777216
100
AcDbPoint
 10
-14335.51835066453
 20
1036.046775716455
 30
0.0
  0
POINT
  5
20D4
330
20CA
100
AcDbEntity
  8
Defpoints
 62
     0
440
 16777216
100
AcDbPoint
 10
-13470.51835066453
 20
1036.046775716455
 30
0.0
  0
POINT
  5
20D5
330
20CA
100
AcDbEntity
  8
Defpoints
 62
     0
440
 16777216
100
AcDbPoint
 10
-13470.51835066453
 20
964.8704093653904
 30
0.0
  0
ENDBLK
  5
20CC
330
20CA
100
AcDbEntity
  8
0
 48
4.0
100
AcDbBlockEnd
  0
BLOCK
  5
20D7
330
20D6
100
AcDbEntity
  8
0
 48
4.0
100
AcDbBlockBegin
  2
*D123
 70
     1
 10
0.0
 20
0.0
 30
0.0
  3
*D123
  1

  0
LINE
  5
20D9
330
20D6
100
AcDbEntity
  8
0
 62
     0
440
 16777216
370
    -2
100
AcDbLine
 10
-13216.75377015796
 20
1035.421775716455
 30
0.0
 11
-13216.75377015796
 21
964.6948550229245
 31
0.0
  0
LINE
  5
20DA
330
20D6
100
AcDbEntity
  8
0
 62
     0
440
 16777216
370
    -2
100
AcDbLine
 10
-12349.75377015796
 20
1035.421775716455
 30
0.0
 11
-12349.75377015796
 21
964.6948550229245
 31
0.0
  0
LINE
  5
20DB
330
20D6
100
AcDbEntity
  8
0
 62
     0
440
 16777216
370
    -2
100
AcDbLine
 10
-13196.75377015796
 20
965.9448550229244
 30
0.0
 11
-12369.75377015796
 21
965.9448550229244
 31
0.0
  0
SOLID
  5
20DC
330
20D6
100
AcDbEntity
  8
0
 62
     0
440
 16777216
100
AcDbTrace
 10
-13196.75377015796
 20
969.2781883562577
 30
0.0
 11
-13196.75377015796
 21
962.6115216895911
 31
0.0
 12
-13216.75377015796
 22
965.9448550229244
 32
0.0
 13
-13216.75377015796
 23
965.9448550229244
 33
0.0
  0
SOLID
  5
20DD
330
20D6
100
AcDbEntity
  8
0
 62
     0
440
 16777216
100
AcDbTrace
 10
-12369.75377015796
 20
969.2781883562577
 30
0.0
 11
-12369.75377015796
 21
962.6115216895911
 31
0.0
 12
-12349.75377015796
 22
965.9448550229244
 32
0.0
 13
-12349.75377015796
 23
965.9448550229244
 33
0.0
  0
MTEXT
  5
20DE
330
20D6
100
AcDbEntity
  8
0
 62
     0
440
 16777216
100
AcDbMText
 10
-12783.25377015796
 20
979.3341797159667
 30
0.0
 40
25.0
 41
0.0
 46
0.0
 71
     5
 72
     1
  1
867
 73
     1
 44
1.0
  0
POINT
  5
20DF
330
20D6
100
AcDbEntity
  8
Defpoints
 62
     0
440
 16777216
100
AcDbPoint
 10
-13216.75377015796
 20
1036.046775716455
 30
0.0
  0
POINT
  5
20E0
330
20D6
100
AcDbEntity
  8
Defpoints
 62
     0
440
 16777216
100
AcDbPoint
 10
-12349.75377015796
 20
1036.046775716455
 30
0.0
  0
POINT
  5
20E1
330
20D6
100
AcDbEntity
  8
Defpoints
 62
     0
440
 16777216
100
AcDbPoint
 10
-12349.75377015796
 20
965.9448550229244
 30
0.0
  0
ENDBLK
  5
20D8
330
20D6
100
AcDbEntity
  8
0
 48
4.0
100
AcDbBlockEnd
  0
BLOCK
  5
20E3
330
20E2
100
AcDbEntity
  8
0
 48
4.0
100
AcDbBlockBegin
  2
*D124
 70
     1
 10
0.0
 20
0.0
 30
0.0
  3
*D124
  1

  0
LINE
  5
20E5
330
20E2
100
AcDbEntity
  8
0
 62
     0
440
 16777216
370
    -2
100
AcDbLine
 10
-13217.37877015796
 20
3031.046775716455
 30
0.0
 11
-13257.02458138779
 21
3031.046775716455
 31
0.0
  0
LINE
  5
20E6
330
20E2
100
AcDbEntity
  8
0
 62
     0
440
 16777216
370
    -2
100
AcDbLine
 10
-13217.37877015796
 20
1036.046775716455
 30
0.0
 11
-13257.02458138779
 21
1036.046775716455
 31
0.0
  0
LINE
  5
20E7
330
20E2
100
AcDbEntity
  8
0
 62
     0
440
 16777216
370
    -2
100
AcDbLine
 10
-13255.77458138779
 20
3011.046775716455
 30
0.0
 11
-13255.77458138779
 21
1056.046775716455
 31
0.0
  0
SOLID
  5
20E8
330
20E2
100
AcDbEntity
  8
0
 62
     0
440
 16777216
100
AcDbTrace
 10
-13259.10791472112
 20
3011.046775716455
 30
0.0
 11
-13252.44124805446
 21
3011.046775716455
 31
0.0
 12
-13255.77458138779
 22
3031.046775716455
 32
0.0
 13
-13255.77458138779
 23
3031.046775716455
 33
0.0
  0
SOLID
  5
20E9
330
20E2
100
AcDbEntity
  8
0
 62
     0
440
 16777216
100
AcDbTrace
 10
-13259.10791472112
 20
1056.046775716455
 30
0.0
 11
-13252.44124805446
 21
1056.046775716455
 31
0.0
 12
-13255.77458138779
 22
1036.046775716455
 32
0.0
 13
-13255.77458138779
 23
1036.046775716455
 33
0.0
  0
MTEXT
  5
20EA
330
20E2
100
AcDbEntity
  8
0
 62
     0
440
 16777216
100
AcDbMText
 10
-13269.16390608083
 20
2033.546775716454
 30
0.0
 40
25.0
 41
0.0
 46
0.0
 71
     5
 72
     1
  1
1995
 11
0.0000000000000001
 21
1.0
 31
0.0
 73
     1
 44
1.0
  0
POINT
  5
20EB
330
20E2
100
AcDbEntity
  8
Defpoints
 62
     0
440
 16777216
100
AcDbPoint
 10
-13216.75377015796
 20
3031.046775716455
 30
0.0
  0
POINT
  5
20EC
330
20E2
100
AcDbEntity
  8
Defpoints
 62
     0
440
 16777216
100
AcDbPoint
 10
-13216.75377015796
 20
1036.046775716455
 30
0.0
  0
POINT
  5
20ED
330
20E2
100
AcDbEntity
  8
Defpoints
 62
     0
440
 16777216
100
AcDbPoint
 10
-13255.77458138779
 20
1036.046775716455
 30
0.0
  0
ENDBLK
  5
20E4
330
20E2
100
AcDbEntity
  8
0
 48
4.0
100
AcDbBlockEnd
  0
BLOCK
  5
20EF
330
20EE
100
AcDbEntity
  8
0
 48
4.0
100
AcDbBlockBegin
  2
*D125
 70
     1
 10
0.0
 20
0.0
 30
0.0
  3
*D125
  1

  0
LINE
  5
20F1
330
20EE
100
AcDbEntity
  8
0
 62
     0
440
 16777216
370
    -2
100
AcDbLine
 10
-12051.99869058806
 20
3031.046775716455
 30
0.0
 11
-12096.32883866519
 21
3031.046775716455
 31
0.0
  0
LINE
  5
20F2
330
20EE
100
AcDbEntity
  8
0
 62
     0
440
 16777216
370
    -2
100
AcDbLine
 10
-12051.99869058806
 20
1036.046775716455
 30
0.0
 11
-12096.32883866519
 21
1036.046775716455
 31
0.0
  0
LINE
  5
20F3
330
20EE
100
AcDbEntity
  8
0
 62
     0
440
 16777216
370
    -2
100
AcDbLine
 10
-12095.07883866519
 20
3011.046775716455
 30
0.0
 11
-12095.07883866519
 21
1056.046775716455
 31
0.0
  0
SOLID
  5
20F4
330
20EE
100
AcDbEntity
  8
0
 62
     0
440
 16777216
100
AcDbTrace
 10
-12098.41217199852
 20
3011.046775716455
 30
0.0
 11
-12091.74550533185
 21
3011.046775716455
 31
0.0
 12
-12095.07883866519
 22
3031.046775716455
 32
0.0
 13
-12095.07883866519
 23
3031.046775716455
 33
0.0
  0
SOLID
  5
20F5
330
20EE
100
AcDbEntity
  8
0
 62
     0
440
 16777216
100
AcDbTrace
 10
-12098.41217199852
 20
1056.046775716455
 30
0.0
 11
-12091.74550533185
 21
1056.046775716455
 31
0.0
 12
-12095.07883866519
 22
1036.046775716455
 32
0.0
 13
-12095.07883866519
 23
1036.046775716455
 33
0.0
  0
MTEXT
  5
20F6
330
20EE
100
AcDbEntity
  8
0
 62
     0
440
 16777216
100
AcDbMText
 10
-12108.46816335823
 20
2033.546775716454
 30
0.0
 40
25.0
 41
0.0
 46
0.0
 71
     5
 72
     1
  1
1995
 11
0.0000000000000001
 21
1.0
 31
0.0
 73
     1
 44
1.0
  0
POINT
  5
20F7
330
20EE
100
AcDbEntity
  8
Defpoints
 62
     0
440
 16777216
100
AcDbPoint
 10
-12051.37369058806
 20
3031.046775716455
 30
0.0
  0
POINT
  5
20F8
330
20EE
100
AcDbEntity
  8
Defpoints
 62
     0
440
 16777216
100
AcDbPoint
 10
-12051.37369058806
 20
1036.046775716455
 30
0.0
  0
POINT
  5
20F9
330
20EE
100
AcDbEntity
  8
Defpoints
 62
     0
440
 16777216
100
AcDbPoint
 10
-12095.07883866519
 20
1036.046775716455
 30
0.0
  0
ENDBLK
  5
20F0
330
20EE
100
AcDbEntity
  8
0
 48
4.0
100
AcDbBlockEnd
  0
BLOCK
  5
20FB
330
20FA
100
AcDbEntity
  8
0
 48
4.0
100
AcDbBlockBegin
  2
*D126
 70
     1
 10
0.0
 20
0.0
 30
0.0
  3
*D126
  1

  0
LINE
  5
20FD
330
20FA
100
AcDbEntity
  8
0
 62
     0
440
 16777216
370
    -2
100
AcDbLine
 10
-12051.37369058806
 20
1035.421775716455
 30
0.0
 11
-12051.37369058806
 21
977.9624467883914
 31
0.0
  0
LINE
  5
20FE
330
20FA
100
AcDbEntity
  8
0
 62
     0
440
 16777216
370
    -2
100
AcDbLine
 10
-11181.37369058806
 20
1035.421775716455
 30
0.0
 11
-11181.37369058806
 21
977.9624467883914
 31
0.0
  0
LINE
  5
20FF
330
20FA
100
AcDbEntity
  8
0
 62
     0
440
 16777216
370
    -2
100
AcDbLine
 10
-12031.37369058806
 20
979.2124467883914
 30
0.0
 11
-11201.37369058806
 21
979.2124467883914
 31
0.0
  0
SOLID
  5
2100
330
20FA
100
AcDbEntity
  8
0
 62
     0
440
 16777216
100
AcDbTrace
 10
-12031.37369058806
 20
982.5457801217247
 30
0.0
 11
-12031.37369058806
 21
975.879113455058
 31
0.0
 12
-12051.37369058806
 22
979.2124467883914
 32
0.0
 13
-12051.37369058806
 23
979.2124467883914
 33
0.0
  0
SOLID
  5
2101
330
20FA
100
AcDbEntity
  8
0
 62
     0
440
 16777216
100
AcDbTrace
 10
-11201.37369058806
 20
982.5457801217247
 30
0.0
 11
-11201.37369058806
 21
975.879113455058
 31
0.0
 12
-11181.37369058806
 22
979.2124467883914
 32
0.0
 13
-11181.37369058806
 23
979.2124467883914
 33
0.0
  0
MTEXT
  5
2102
330
20FA
100
AcDbEntity
  8
0
 62
     0
440
 16777216
100
AcDbMText
 10
-11616.37369058805
 20
992.6017714814337
 30
0.0
 40
25.0
 41
0.0
 46
0.0
 71
     5
 72
     1
  1
870
 73
     1
 44
1.0
  0
POINT
  5
2103
330
20FA
100
AcDbEntity
  8
Defpoints
 62
     0
440
 16777216
100
AcDbPoint
 10
-12051.37369058806
 20
1036.046775716455
 30
0.0
  0
POINT
  5
2104
330
20FA
100
AcDbEntity
  8
Defpoints
 62
     0
440
 16777216
100
AcDbPoint
 10
-11181.37369058806
 20
1036.046775716455
 30
0.0
  0
POINT
  5
2105
330
20FA
100
AcDbEntity
  8
Defpoints
 62
     0
440
 16777216
100
AcDbPoint
 10
-11181.37369058806
 20
979.2124467883914
 30
0.0
  0
ENDBLK
  5
20FC
330
20FA
100
AcDbEntity
  8
0
 48
4.0
100
AcDbBlockEnd
  0
BLOCK
  5
2107
330
2106
100
AcDbEntity
  8
0
 48
4.0
100
AcDbBlockBegin
  2
*D127
 70
     1
 10
0.0
 20
0.0
 30
0.0
  3
*D127
  1

  0
LINE
  5
2109
330
2106
100
AcDbEntity
  8
0
 62
     0
440
 16777216
370
    -2
100
AcDbLine
 10
-10847.77283902537
 20
3031.046775716455
 30
0.0
 11
-10919.21903753057
 21
3031.046775716455
 31
0.0
  0
LINE
  5
210A
330
2106
100
AcDbEntity
  8
0
 62
     0
440
 16777216
370
    -2
100
AcDbLine
 10
-10847.77283902537
 20
1036.046775716455
 30
0.0
 11
-10919.21903753057
 21
1036.046775716455
 31
0.0
  0
LINE
  5
210B
330
2106
100
AcDbEntity
  8
0
 62
     0
440
 16777216
370
    -2
100
AcDbLine
 10
-10917.96903753057
 20
3011.046775716455
 30
0.0
 11
-10917.96903753057
 21
1056.046775716455
 31
0.0
  0
SOLID
  5
210C
330
2106
100
AcDbEntity
  8
0
 62
     0
440
 16777216
100
AcDbTrace
 10
-10921.30237086391
 20
3011.046775716455
 30
0.0
 11
-10914.63570419724
 21
3011.046775716455
 31
0.0
 12
-10917.96903753057
 22
3031.046775716455
 32
0.0
 13
-10917.96903753057
 23
3031.046775716455
 33
0.0
  0
SOLID
  5
210D
330
2106
100
AcDbEntity
  8
0
 62
     0
440
 16777216
100
AcDbTrace
 10
-10921.30237086391
 20
1056.046775716455
 30
0.0
 11
-10914.63570419724
 21
1056.046775716455
 31
0.0
 12
-10917.96903753057
 22
1036.046775716455
 32
0.0
 13
-10917.96903753057
 23
1036.046775716455
 33
0.0
  0
MTEXT
  5
210E
330
2106
100
AcDbEntity
  8
0
 62
     0
440
 16777216
100
AcDbMText
 10
-10931.35836222361
 20
2033.546775716454
 30
0.0
 40
25.0
 41
0.0
 46
0.0
 71
     5
 72
     1
  1
1995
 11
0.0000000000000001
 21
1.0
 31
0.0
 73
     1
 44
1.0
  0
POINT
  5
210F
330
2106
100
AcDbEntity
  8
Defpoints
 62
     0
440
 16777216
100
AcDbPoint
 10
-10847.14783902537
 20
3031.046775716455
 30
0.0
  0
POINT
  5
2110
330
2106
100
AcDbEntity
  8
Defpoints
 62
     0
440
 16777216
100
AcDbPoint
 10
-10847.14783902537
 20
1036.046775716455
 30
0.0
  0
POINT
  5
2111
330
2106
100
AcDbEntity
  8
Defpoints
 62
     0
440
 16777216
100
AcDbPoint
 10
-10917.96903753057
 20
1036.046775716455
 30
0.0
  0
ENDBLK
  5
2108
330
2106
100
AcDbEntity
  8
0
 48
4.0
100
AcDbBlockEnd
  0
BLOCK
  5
2113
330
2112
100
AcDbEntity
  8
0
 48
4.0
100
AcDbBlockBegin
  2
*D128
 70
     1
 10
0.0
 20
0.0
 30
0.0
  3
*D128
  1

  0
LINE
  5
2115
330
2112
100
AcDbEntity
  8
0
 62
     0
440
 16777216
370
    -2
100
AcDbLine
 10
-10847.14783902537
 20
1035.421775716455
 30
0.0
 11
-10847.14783902537
 21
959.9663659784855
 31
0.0
  0
LINE
  5
2116
330
2112
100
AcDbEntity
  8
0
 62
     0
440
 16777216
370
    -2
100
AcDbLine
 10
-9942.14783902537
 20
1035.421775716455
 30
0.0
 11
-9942.14783902537
 21
959.9663659784855
 31
0.0
  0
LINE
  5
2117
330
2112
100
AcDbEntity
  8
0
 62
     0
440
 16777216
370
    -2
100
AcDbLine
 10
-10827.14783902537
 20
961.2163659784854
 30
0.0
 11
-9962.147839025369
 21
961.2163659784854
 31
0.0
  0
SOLID
  5
2118
330
2112
100
AcDbEntity
  8
0
 62
     0
440
 16777216
100
AcDbTrace
 10
-10827.14783902537
 20
964.5496993118189
 30
0.0
 11
-10827.14783902537
 21
957.8830326451521
 31
0.0
 12
-10847.14783902537
 22
961.2163659784854
 32
0.0
 13
-10847.14783902537
 23
961.2163659784854
 33
0.0
  0
SOLID
  5
2119
330
2112
100
AcDbEntity
  8
0
 62
     0
440
 16777216
100
AcDbTrace
 10
-9962.147839025369
 20
964.5496993118189
 30
0.0
 11
-9962.147839025369
 21
957.8830326451521
 31
0.0
 12
-9942.14783902537
 22
961.2163659784854
 32
0.0
 13
-9942.14783902537
 23
961.2163659784854
 33
0.0
  0
MTEXT
  5
211A
330
2112
100
AcDbEntity
  8
0
 62
     0
440
 16777216
100
AcDbMText
 10
-10394.64783902537
 20
974.605690671528
 30
0.0
 40
25.0
 41
0.0
 46
0.0
 71
     5
 72
     1
  1
905
 73
     1
 44
1.0
  0
POINT
  5
211B
330
2112
100
AcDbEntity
  8
Defpoints
 62
     0
440
 16777216
100
AcDbPoint
 10
-10847.14783902537
 20
1036.046775716455
 30
0.0
  0
POINT
  5
211C
330
2112
100
AcDbEntity
  8
Defpoints
 62
     0
440
 16777216
100
AcDbPoint
 10
-9942.14783902537
 20
1036.046775716455
 30
0.0
  0
POINT
  5
211D
330
2112
100
AcDbEntity
  8
Defpoints
 62
     0
440
 16777216
100
AcDbPoint
 10
-9942.14783902537
 20
961.2163659784854
 30
0.0
  0
ENDBLK
  5
2114
330
2112
100
AcDbEntity
  8
0
 48
4.0
100
AcDbBlockEnd
  0
BLOCK
  5
211F
330
211E
100
AcDbEntity
  8
0
 48
4.0
100
AcDbBlockBegin
  2
*D129
 70
     1
 10
0.0
 20
0.0
 30
0.0
  3
*D129
  1

  0
LINE
  5
2121
330
211E
100
AcDbEntity
  8
0
 62
     0
440
 16777216
370
    -2
100
AcDbLine
 10
-9604.700976856584
 20
3031.046775716455
 30
0.0
 11
-9661.154180758378
 21
3031.046775716455
 31
0.0
  0
LINE
  5
2122
330
211E
100
AcDbEntity
  8
0
 62
     0
440
 16777216
370
    -2
100
AcDbLine
 10
-9604.700976856584
 20
1036.046775716455
 30
0.0
 11
-9661.154180758378
 21
1036.046775716455
 31
0.0
  0
LINE
  5
2123
330
211E
100
AcDbEntity
  8
0
 62
     0
440
 16777216
370
    -2
100
AcDbLine
 10
-9659.904180758379
 20
3011.046775716455
 30
0.0
 11
-9659.904180758379
 21
1056.046775716455
 31
0.0
  0
SOLID
  5
2124
330
211E
100
AcDbEntity
  8
0
 62
     0
440
 16777216
100
AcDbTrace
 10
-9663.237514091711
 20
3011.046775716455
 30
0.0
 11
-9656.570847425044
 21
3011.046775716455
 31
0.0
 12
-9659.904180758379
 22
3031.046775716455
 32
0.0
 13
-9659.904180758379
 23
3031.046775716455
 33
0.0
  0
SOLID
  5
2125
330
211E
100
AcDbEntity
  8
0
 62
     0
440
 16777216
100
AcDbTrace
 10
-9663.237514091711
 20
1056.046775716455
 30
0.0
 11
-9656.570847425044
 21
1056.046775716455
 31
0.0
 12
-9659.904180758379
 22
1036.046775716455
 32
0.0
 13
-9659.904180758379
 23
1036.046775716455
 33
0.0
  0
MTEXT
  5
2126
330
211E
100
AcDbEntity
  8
0
 62
     0
440
 16777216
100
AcDbMText
 10
-9673.29350545142
 20
2033.546775716454
 30
0.0
 40
25.0
 41
0.0
 46
0.0
 71
     5
 72
     1
  1
1995
 11
0.0000000000000001
 21
1.0
 31
0.0
 73
     1
 44
1.0
  0
POINT
  5
2127
330
211E
100
AcDbEntity
  8
Defpoints
 62
     0
440
 16777216
100
AcDbPoint
 10
-9604.075976856584
 20
3031.046775716455
 30
0.0
  0
POINT
  5
2128
330
211E
100
AcDbEntity
  8
Defpoints
 62
     0
440
 16777216
100
AcDbPoint
 10
-9604.075976856584
 20
1036.046775716455
 30
0.0
  0
POINT
  5
2129
330
211E
100
AcDbEntity
  8
Defpoints
 62
     0
440
 16777216
100
AcDbPoint
 10
-9659.904180758379
 20
1036.046775716455
 30
0.0
  0
ENDBLK
  5
2120
330
211E
100
AcDbEntity
  8
0
 48
4.0
100
AcDbBlockEnd
  0
BLOCK
  5
212B
330
212A
100
AcDbEntity
  8
0
 48
4.0
100
AcDbBlockBegin
  2
*D130
 70
     1
 10
0.0
 20
0.0
 30
0.0
  3
*D130
  1

  0
LINE
  5
212D
330
212A
100
AcDbEntity
  8
0
 62
     0
440
 16777216
370
    -2
100
AcDbLine
 10
-9604.075976856584
 20
1035.421775716455
 30
0.0
 11
-9604.075976856584
 21
954.0503957039472
 31
0.0
  0
LINE
  5
212E
330
212A
100
AcDbEntity
  8
0
 62
     0
440
 16777216
370
    -2
100
AcDbLine
 10
-8714.075976856584
 20
1035.421775716451
 30
0.0
 11
-8714.075976856584
 21
954.0503957039472
 31
0.0
  0
LINE
  5
212F
330
212A
100
AcDbEntity
  8
0
 62
     0
440
 16777216
370
    -2
100
AcDbLine
 10
-9584.075976856585
 20
955.3003957039473
 30
0.0
 11
-8734.075976856585
 21
955.3003957039473
 31
0.0
  0
SOLID
  5
2130
330
212A
100
AcDbEntity
  8
0
 62
     0
440
 16777216
100
AcDbTrace
 10
-9584.075976856585
 20
958.6337290372807
 30
0.0
 11
-9584.075976856585
 21
951.9670623706138
 31
0.0
 12
-9604.075976856584
 22
955.3003957039473
 32
0.0
 13
-9604.075976856584
 23
955.3003957039473
 33
0.0
  0
SOLID
  5
2131
330
212A
100
AcDbEntity
  8
0
 62
     0
440
 16777216
100
AcDbTrace
 10
-8734.075976856585
 20
958.6337290372807
 30
0.0
 11
-8734.075976856585
 21
951.9670623706138
 31
0.0
 12
-8714.075976856584
 22
955.3003957039473
 32
0.0
 13
-8714.075976856584
 23
955.3003957039473
 33
0.0
  0
MTEXT
  5
2132
330
212A
100
AcDbEntity
  8
0
 62
     0
440
 16777216
100
AcDbMText
 10
-9159.075976856584
 20
968.6897203969897
 30
0.0
 40
25.0
 41
0.0
 46
0.0
 71
     5
 72
     1
  1
890
 73
     1
 44
1.0
  0
POINT
  5
2133
330
212A
100
AcDbEntity
  8
Defpoints
 62
     0
440
 16777216
100
AcDbPoint
 10
-9604.075976856584
 20
1036.046775716455
 30
0.0
  0
POINT
  5
2134
330
212A
100
AcDbEntity
  8
Defpoints
 62
     0
440
 16777216
100
AcDbPoint
 10
-8714.075976856584
 20
1036.046775716451
 30
0.0
  0
POINT
  5
2135
330
212A
100
AcDbEntity
  8
Defpoints
 62
     0
440
 16777216
100
AcDbPoint
 10
-8714.075976856584
 20
955.3003957039473
 30
0.0
  0
ENDBLK
  5
212C
330
212A
100
AcDbEntity
  8
0
 48
4.0
100
AcDbBlockEnd
  0
BLOCK
  5
2137
330
2136
100
AcDbEntity
  8
0
 48
4.0
100
AcDbBlockBegin
  2
*D131
 70
     1
 10
0.0
 20
0.0
 30
0.0
  3
*D131
  1

  0
LINE
  5
2139
330
2136
100
AcDbEntity
  8
0
 62
     0
440
 16777216
370
    -2
100
AcDbLine
 10
-8400.475125293894
 20
3031.046775716455
 30
0.0
 11
-8459.716951215908
 21
3031.046775716455
 31
0.0
  0
LINE
  5
213A
330
2136
100
AcDbEntity
  8
0
 62
     0
440
 16777216
370
    -2
100
AcDbLine
 10
-8400.475125293894
 20
1036.046775716455
 30
0.0
 11
-8459.716951215908
 21
1036.046775716455
 31
0.0
  0
LINE
  5
213B
330
2136
100
AcDbEntity
  8
0
 62
     0
440
 16777216
370
    -2
100
AcDbLine
 10
-8458.466951215909
 20
3011.046775716455
 30
0.0
 11
-8458.466951215909
 21
1056.046775716455
 31
0.0
  0
SOLID
  5
213C
330
2136
100
AcDbEntity
  8
0
 62
     0
440
 16777216
100
AcDbTrace
 10
-8461.800284549243
 20
3011.046775716455
 30
0.0
 11
-8455.133617882575
 21
3011.046775716455
 31
0.0
 12
-8458.466951215909
 22
3031.046775716455
 32
0.0
 13
-8458.466951215909
 23
3031.046775716455
 33
0.0
  0
SOLID
  5
213D
330
2136
100
AcDbEntity
  8
0
 62
     0
440
 16777216
100
AcDbTrace
 10
-8461.800284549243
 20
1056.046775716455
 30
0.0
 11
-8455.133617882575
 21
1056.046775716455
 31
0.0
 12
-8458.466951215909
 22
1036.046775716455
 32
0.0
 13
-8458.466951215909
 23
1036.046775716455
 33
0.0
  0
MTEXT
  5
213E
330
2136
100
AcDbEntity
  8
0
 62
     0
440
 16777216
100
AcDbMText
 10
-8471.856275908951
 20
2033.546775716454
 30
0.0
 40
25.0
 41
0.0
 46
0.0
 71
     5
 72
     1
  1
1995
 11
0.0000000000000001
 21
1.0
 31
0.0
 73
     1
 44
1.0
  0
POINT
  5
213F
330
2136
100
AcDbEntity
  8
Defpoints
 62
     0
440
 16777216
100
AcDbPoint
 10
-8399.850125293895
 20
3031.046775716455
 30
0.0
  0
POINT
  5
2140
330
2136
100
AcDbEntity
  8
Defpoints
 62
     0
440
 16777216
100
AcDbPoint
 10
-8399.850125293895
 20
1036.046775716455
 30
0.0
  0
POINT
  5
2141
330
2136
100
AcDbEntity
  8
Defpoints
 62
     0
440
 16777216
100
AcDbPoint
 10
-8458.466951215909
 20
1036.046775716455
 30
0.0
  0
ENDBLK
  5
2138
330
2136
100
AcDbEntity
  8
0
 48
4.0
100
AcDbBlockEnd
  0
BLOCK
  5
2143
330
2142
100
AcDbEntity
  8
0
 48
4.0
100
AcDbBlockBegin
  2
*D132
 70
     1
 10
0.0
 20
0.0
 30
0.0
  3
*D132
  1

  0
LINE
  5
2145
330
2142
100
AcDbEntity
  8
0
 62
     0
440
 16777216
370
    -2
100
AcDbLine
 10
-8399.850125293895
 20
1035.421775716455
 30
0.0
 11
-8399.850125293895
 21
948.5074538683003
 31
0.0
  0
LINE
  5
2146
330
2142
100
AcDbEntity
  8
0
 62
     0
440
 16777216
370
    -2
100
AcDbLine
 10
-7532.850125293892
 20
1035.421775716455
 30
0.0
 11
-7532.850125293892
 21
948.5074538683003
 31
0.0
  0
LINE
  5
2147
330
2142
100
AcDbEntity
  8
0
 62
     0
440
 16777216
370
    -2
100
AcDbLine
 10
-8379.850125293895
 20
949.7574538683002
 30
0.0
 11
-7552.850125293892
 21
949.7574538683002
 31
0.0
  0
SOLID
  5
2148
330
2142
100
AcDbEntity
  8
0
 62
     0
440
 16777216
100
AcDbTrace
 10
-8379.850125293895
 20
953.0907872016335
 30
0.0
 11
-8379.850125293895
 21
946.4241205349669
 31
0.0
 12
-8399.850125293895
 22
949.7574538683002
 32
0.0
 13
-8399.850125293895
 23
949.7574538683002
 33
0.0
  0
SOLID
  5
2149
330
2142
100
AcDbEntity
  8
0
 62
     0
440
 16777216
100
AcDbTrace
 10
-7552.850125293892
 20
953.0907872016335
 30
0.0
 11
-7552.850125293892
 21
946.4241205349669
 31
0.0
 12
-7532.850125293892
 22
949.7574538683002
 32
0.0
 13
-7532.850125293892
 23
949.7574538683002
 33
0.0
  0
MTEXT
  5
214A
330
2142
100
AcDbEntity
  8
0
 62
     0
440
 16777216
100
AcDbMText
 10
-7966.350125293892
 20
963.1467785613425
 30
0.0
 40
25.0
 41
0.0
 46
0.0
 71
     5
 72
     1
  1
867
 73
     1
 44
1.0
  0
POINT
  5
214B
330
2142
100
AcDbEntity
  8
Defpoints
 62
     0
440
 16777216
100
AcDbPoint
 10
-8399.850125293895
 20
1036.046775716455
 30
0.0
  0
POINT
  5
214C
330
2142
100
AcDbEntity
  8
Defpoints
 62
     0
440
 16777216
100
AcDbPoint
 10
-7532.850125293892
 20
1036.046775716455
 30
0.0
  0
POINT
  5
214D
330
2142
100
AcDbEntity
  8
Defpoints
 62
     0
440
 16777216
100
AcDbPoint
 10
-7532.850125293892
 20
949.7574538683002
 30
0.0
  0
ENDBLK
  5
2144
330
2142
100
AcDbEntity
  8
0
 48
4.0
100
AcDbBlockEnd
  0
BLOCK
  5
214F
330
214E
100
AcDbEntity
  8
0
 48
4.0
100
AcDbBlockBegin
  2
*D133
 70
     1
 10
0.0
 20
0.0
 30
0.0
  3
*D133
  1

  0
LINE
  5
2151
330
214E
100
AcDbEntity
  8
0
 62
     0
440
 16777216
370
    -2
100
AcDbLine
 10
-14271.79112628095
 20
-20.15503554971292
 30
0.0
 11
-14298.92502620983
 21
-20.15503554971291
 31
0.0
  0
LINE
  5
2152
330
214E
100
AcDbEntity
  8
0
 62
     0
440
 16777216
370
    -2
100
AcDbLine
 10
-14271.79112628095
 20
-2358.155035549713
 30
0.0
 11
-14298.92502620983
 21
-2358.155035549713
 31
0.0
  0
LINE
  5
2153
330
214E
100
AcDbEntity
  8
0
 62
     0
440
 16777216
370
    -2
100
AcDbLine
 10
-14297.67502620983
 20
-40.15503554971291
 30
0.0
 11
-14297.67502620983
 21
-2338.155035549713
 31
0.0
  0
SOLID
  5
2154
330
214E
100
AcDbEntity
  8
0
 62
     0
440
 16777216
100
AcDbTrace
 10
-14301.00835954316
 20
-40.15503554971291
 30
0.0
 11
-14294.34169287649
 21
-40.15503554971291
 31
0.0
 12
-14297.67502620983
 22
-20.15503554971291
 32
0.0
 13
-14297.67502620983
 23
-20.15503554971291
 33
0.0
  0
SOLID
  5
2155
330
214E
100
AcDbEntity
  8
0
 62
     0
440
 16777216
100
AcDbTrace
 10
-14301.00835954316
 20
-2338.155035549713
 30
0.0
 11
-14294.34169287649
 21
-2338.155035549713
 31
0.0
 12
-14297.67502620983
 22
-2358.155035549713
 32
0.0
 13
-14297.67502620983
 23
-2358.155035549713
 33
0.0
  0
MTEXT
  5
2156
330
214E
100
AcDbEntity
  8
0
 62
     0
440
 16777216
100
AcDbMText
 10
-14311.07287750587
 20
-1208.160785941738
 30
0.0
 40
25.0
 41
0.0
 46
0.0
 71
     5
 72
     1
  1
2338
 11
0.0000000000000001
 21
1.0
 31
0.0
 73
     1
 44
1.0
  0
POINT
  5
2157
330
214E
100
AcDbEntity
  8
Defpoints
 62
     0
440
 16777216
100
AcDbPoint
 10
-14271.16612628095
 20
-20.15503554971292
 30
-0.0000000000000178
  0
POINT
  5
2158
330
214E
100
AcDbEntity
  8
Defpoints
 62
     0
440
 16777216
100
AcDbPoint
 10
-14271.16612628095
 20
-2358.155035549713
 30
-0.0000000000001421
  0
POINT
  5
2159
330
214E
100
AcDbEntity
  8
Defpoints
 62
     0
440
 16777216
100
AcDbPoint
 10
-14297.67502620983
 20
-2358.155035549713
 30
0.0
  0
ENDBLK
  5
2150
330
214E
100
AcDbEntity
  8
0
 48
4.0
100
AcDbBlockEnd
  0
BLOCK
  5
215B
330
215A
100
AcDbEntity
  8
0
 48
4.0
100
AcDbBlockBegin
  2
*D134
 70
     1
 10
0.0
 20
0.0
 30
0.0
  3
*D134
  1

  0
LINE
  5
215D
330
215A
100
AcDbEntity
  8
0
 62
     0
440
 16777216
370
    -2
100
AcDbLine
 10
-12112.53466469167
 20
-20.15503554971292
 30
0.0
 11
-12142.14360648513
 21
-20.15503554971291
 31
0.0
  0
LINE
  5
215E
330
215A
100
AcDbEntity
  8
0
 62
     0
440
 16777216
370
    -2
100
AcDbLine
 10
-12112.53466469167
 20
-2358.155035549713
 30
0.0
 11
-12142.14360648513
 21
-2358.155035549713
 31
0.0
  0
LINE
  5
215F
330
215A
100
AcDbEntity
  8
0
 62
     0
440
 16777216
370
    -2
100
AcDbLine
 10
-12140.89360648513
 20
-40.15503554971291
 30
0.0
 11
-12140.89360648513
 21
-2338.155035549713
 31
0.0
  0
SOLID
  5
2160
330
215A
100
AcDbEntity
  8
0
 62
     0
440
 16777216
100
AcDbTrace
 10
-12144.22693981846
 20
-40.1550355497129
 30
0.0
 11
-12137.5602731518
 21
-40.15503554971291
 31
0.0
 12
-12140.89360648513
 22
-20.15503554971291
 32
0.0
 13
-12140.89360648513
 23
-20.15503554971291
 33
0.0
  0
SOLID
  5
2161
330
215A
100
AcDbEntity
  8
0
 62
     0
440
 16777216
100
AcDbTrace
 10
-12144.22693981846
 20
-2338.155035549713
 30
0.0
 11
-12137.5602731518
 21
-2338.155035549713
 31
0.0
 12
-12140.89360648513
 22
-2358.155035549713
 32
0.0
 13
-12140.89360648513
 23
-2358.155035549713
 33
0.0
  0
MTEXT
  5
2162
330
215A
100
AcDbEntity
  8
0
 62
     0
440
 16777216
100
AcDbMText
 10
-12154.29145778117
 20
-1189.155035549713
 30
0.0
 40
25.0
 41
0.0
 46
0.0
 71
     5
 72
     1
  1
2338
 11
0.0000000000000001
 21
1.0
 31
0.0
 73
     1
 44
1.0
  0
POINT
  5
2163
330
215A
100
AcDbEntity
  8
Defpoints
 62
     0
440
 16777216
100
AcDbPoint
 10
-12111.90966469167
 20
-20.15503554971292
 30
-0.0000000000000178
  0
POINT
  5
2164
330
215A
100
AcDbEntity
  8
Defpoints
 62
     0
440
 16777216
100
AcDbPoint
 10
-12111.90966469167
 20
-2358.155035549713
 30
-0.0000000000001421
  0
POINT
  5
2165
330
215A
100
AcDbEntity
  8
Defpoints
 62
     0
440
 16777216
100
AcDbPoint
 10
-12140.89360648513
 20
-2358.155035549713
 30
0.0
  0
ENDBLK
  5
215C
330
215A
100
AcDbEntity
  8
0
 48
4.0
100
AcDbBlockEnd
  0
BLOCK
  5
2167
330
2166
100
AcDbEntity
  8
0
 48
4.0
100
AcDbBlockBegin
  2
*D135
 70
     1
 10
0.0
 20
0.0
 30
0.0
  3
*D135
  1

  0
LINE
  5
2169
330
2166
100
AcDbEntity
  8
0
 62
     0
440
 16777216
370
    -2
100
AcDbLine
 10
-9097.579104890792
 20
-2362.155035549713
 30
0.0
 11
-8991.803601285944
 21
-2362.155035549713
 31
0.0
  0
LINE
  5
216A
330
2166
100
AcDbEntity
  8
0
 62
     0
440
 16777216
370
    -2
100
AcDbLine
 10
-9098.738283288691
 20
-6.15503554971292
 30
0.0
 11
-8991.803601285944
 21
-6.15503554971295
 31
0.0
  0
LINE
  5
216B
330
2166
100
AcDbEntity
  8
0
 62
     0
440
 16777216
370
    -2
100
AcDbLine
 10
-8993.053601285945
 20
-2342.155035549713
 30
0.0
 11
-8993.053601285945
 21
-26.15503554971295
 31
0.0
  0
SOLID
  5
216C
330
2166
100
AcDbEntity
  8
0
 62
     0
440
 16777216
100
AcDbTrace
 10
-8996.386934619279
 20
-2342.155035549713
 30
0.0
 11
-8989.720267952611
 21
-2342.155035549713
 31
0.0
 12
-8993.053601285945
 22
-2362.155035549713
 32
0.0
 13
-8993.053601285945
 23
-2362.155035549713
 33
0.0
  0
SOLID
  5
216D
330
2166
100
AcDbEntity
  8
0
 62
     0
440
 16777216
100
AcDbTrace
 10
-8996.386934619279
 20
-26.15503554971295
 30
0.0
 11
-8989.720267952611
 21
-26.15503554971295
 31
0.0
 12
-8993.053601285945
 22
-6.15503554971295
 32
0.0
 13
-8993.053601285945
 23
-6.15503554971295
 33
0.0
  0
MTEXT
  5
216E
330
2166
100
AcDbEntity
  8
0
 62
     0
440
 16777216
100
AcDbMText
 10
-9006.451452581989
 20
-1613.556252526592
 30
0.0
 40
25.0
 41
0.0
 46
0.0
 71
     5
 72
     1
  1
2356
 11
0.0000000000000001
 21
1.0
 31
0.0
 73
     1
 44
1.0
  0
POINT
  5
216F
330
2166
100
AcDbEntity
  8
Defpoints
 62
     0
440
 16777216
100
AcDbPoint
 10
-9098.204104890793
 20
-2362.155035549713
 30
0.0
  0
POINT
  5
2170
330
2166
100
AcDbEntity
  8
Defpoints
 62
     0
440
 16777216
100
AcDbPoint
 10
-9099.36328328869
 20
-6.15503554971292
 30
0.0
  0
POINT
  5
2171
330
2166
100
AcDbEntity
  8
Defpoints
 62
     0
440
 16777216
100
AcDbPoint
 10
-8993.053601285945
 20
-6.15503554971295
 30
0.0
  0
ENDBLK
  5
2168
330
2166
100
AcDbEntity
  8
0
 48
4.0
100
AcDbBlockEnd
  0
BLOCK
  5
2173
330
2172
100
AcDbEntity
  8
0
 48
4.0
100
AcDbBlockBegin
  2
*D136
 70
     1
 10
0.0
 20
0.0
 30
0.0
  3
*D136
  1

  0
LINE
  5
2175
330
2172
100
AcDbEntity
  8
0
 62
     0
440
 16777216
370
    -2
100
AcDbLine
 10
-10450.31684489519
 20
-6.15503554971292
 30
0.0
 11
-10301.15117728632
 21
-6.155035549712962
 31
0.0
  0
LINE
  5
2176
330
2172
100
AcDbEntity
  8
0
 62
     0
440
 16777216
370
    -2
100
AcDbLine
 10
-10451.16977725263
 20
-2362.155035549713
 30
0.0
 11
-10301.15117728632
 21
-2362.155035549713
 31
0.0
  0
LINE
  5
2177
330
2172
100
AcDbEntity
  8
0
 62
     0
440
 16777216
370
    -2
100
AcDbLine
 10
-10302.40117728632
 20
-26.15503554971296
 30
0.0
 11
-10302.40117728632
 21
-2342.155035549713
 31
0.0
  0
SOLID
  5
2178
330
2172
100
AcDbEntity
  8
0
 62
     0
440
 16777216
100
AcDbTrace
 10
-10305.73451061965
 20
-26.15503554971296
 30
0.0
 11
-10299.06784395299
 21
-26.15503554971296
 31
0.0
 12
-10302.40117728632
 22
-6.155035549712962
 32
0.0
 13
-10302.40117728632
 23
-6.155035549712962
 33
0.0
  0
SOLID
  5
2179
330
2172
100
AcDbEntity
  8
0
 62
     0
440
 16777216
100
AcDbTrace
 10
-10305.73451061965
 20
-2342.155035549713
 30
0.0
 11
-10299.06784395299
 21
-2342.155035549713
 31
0.0
 12
-10302.40117728632
 22
-2362.155035549713
 32
0.0
 13
-10302.40117728632
 23
-2362.155035549713
 33
0.0
  0
MTEXT
  5
217A
330
2172
100
AcDbEntity
  8
0
 62
     0
440
 16777216
100
AcDbMText
 10
-10315.79902858237
 20
-1184.155035549714
 30
0.0
 40
25.0
 41
0.0
 46
0.0
 71
     5
 72
     1
  1
2356
 11
0.0000000000000001
 21
1.0
 31
0.0
 73
     1
 44
1.0
  0
POINT
  5
217B
330
2172
100
AcDbEntity
  8
Defpoints
 62
     0
440
 16777216
100
AcDbPoint
 10
-10450.94184489518
 20
-6.15503554971292
 30
0.0
  0
POINT
  5
217C
330
2172
100
AcDbEntity
  8
Defpoints
 62
     0
440
 16777216
100
AcDbPoint
 10
-10451.79477725263
 20
-2362.155035549713
 30
0.0
  0
POINT
  5
217D
330
2172
100
AcDbEntity
  8
Defpoints
 62
     0
440
 16777216
100
AcDbPoint
 10
-10302.40117728632
 20
-2362.155035549713
 30
0.0
  0
ENDBLK
  5
2174
330
2172
100
AcDbEntity
  8
0
 48
4.0
100
AcDbBlockEnd
  0
BLOCK
  5
217F
330
217E
100
AcDbEntity
  8
0
 48
4.0
100
AcDbBlockBegin
  2
*D137
 70
     1
 10
0.0
 20
0.0
 30
0.0
  3
*D137
  1

  0
LINE
  5
2181
330
217E
100
AcDbEntity
  8
0
 62
     0
440
 16777216
370
    -2
100
AcDbLine
 10
-10613.79477725263
 20
-2318.780035549713
 30
0.0
 11
-10613.79477725263
 21
-2442.776534433775
 31
0.0
  0
LINE
  5
2182
330
217E
100
AcDbEntity
  8
0
 62
     0
440
 16777216
370
    -2
100
AcDbLine
 10
-9713.794777252632
 20
-2362.780035549713
 30
0.0
 11
-9713.794777252632
 21
-2442.776534433775
 31
0.0
  0
LINE
  5
2183
330
217E
100
AcDbEntity
  8
0
 62
     0
440
 16777216
370
    -2
100
AcDbLine
 10
-10593.79477725263
 20
-2441.526534433775
 30
0.0
 11
-9733.794777252633
 21
-2441.526534433775
 31
0.0
  0
SOLID
  5
2184
330
217E
100
AcDbEntity
  8
0
 62
     0
440
 16777216
100
AcDbTrace
 10
-10593.79477725263
 20
-2438.193201100442
 30
0.0
 11
-10593.79477725263
 21
-2444.859867767109
 31
0.0
 12
-10613.79477725263
 22
-2441.526534433775
 32
0.0
 13
-10613.79477725263
 23
-2441.526534433775
 33
0.0
  0
SOLID
  5
2185
330
217E
100
AcDbEntity
  8
0
 62
     0
440
 16777216
100
AcDbTrace
 10
-9733.794777252633
 20
-2438.193201100442
 30
0.0
 11
-9733.794777252633
 21
-2444.859867767109
 31
0.0
 12
-9713.794777252632
 22
-2441.526534433775
 32
0.0
 13
-9713.794777252632
 23
-2441.526534433775
 33
0.0
  0
MTEXT
  5
2186
330
217E
100
AcDbEntity
  8
0
 62
     0
440
 16777216
100
AcDbMText
 10
-10163.79477725263
 20
-2428.137209740733
 30
0.0
 40
25.0
 41
0.0
 46
0.0
 71
     5
 72
     1
  1
900
 73
     1
 44
1.0
  0
POINT
  5
2187
330
217E
100
AcDbEntity
  8
Defpoints
 62
     0
440
 16777216
100
AcDbPoint
 10
-10613.79477725263
 20
-2318.155035549713
 30
0.0
  0
POINT
  5
2188
330
217E
100
AcDbEntity
  8
Defpoints
 62
     0
440
 16777216
100
AcDbPoint
 10
-9713.794777252632
 20
-2362.155035549713
 30
0.0
  0
POINT
  5
2189
330
217E
100
AcDbEntity
  8
Defpoints
 62
     0
440
 16777216
100
AcDbPoint
 10
-9713.794777252632
 20
-2441.526534433775
 30
0.0
  0
ENDBLK
  5
2180
330
217E
100
AcDbEntity
  8
0
 48
4.0
100
AcDbBlockEnd
  0
BLOCK
  5
218B
330
218A
100
AcDbEntity
  8
0
 48
4.0
100
AcDbBlockBegin
  2
*D138
 70
     1
 10
0.0
 20
0.0
 30
0.0
  3
*D138
  1

  0
LINE
  5
218D
330
218A
100
AcDbEntity
  8
0
 62
     0
440
 16777216
370
    -2
100
AcDbLine
 10
-8360.204104890792
 20
-2362.780035549713
 30
0.0
 11
-8360.204104890792
 21
-2437.974574760538
 31
0.0
  0
LINE
  5
218E
330
218A
100
AcDbEntity
  8
0
 62
     0
440
 16777216
370
    -2
100
AcDbLine
 10
-9260.204104890792
 20
-2318.780035549713
 30
0.0
 11
-9260.204104890792
 21
-2437.974574760538
 31
0.0
  0
LINE
  5
218F
330
218A
100
AcDbEntity
  8
0
 62
     0
440
 16777216
370
    -2
100
AcDbLine
 10
-8380.204104890792
 20
-2436.724574760538
 30
0.0
 11
-9240.204104890791
 21
-2436.724574760538
 31
0.0
  0
SOLID
  5
2190
330
218A
100
AcDbEntity
  8
0
 62
     0
440
 16777216
100
AcDbTrace
 10
-8380.204104890792
 20
-2433.391241427204
 30
0.0
 11
-8380.204104890792
 21
-2440.057908093872
 31
0.0
 12
-8360.204104890792
 22
-2436.724574760538
 32
0.0
 13
-8360.204104890792
 23
-2436.724574760538
 33
0.0
  0
SOLID
  5
2191
330
218A
100
AcDbEntity
  8
0
 62
     0
440
 16777216
100
AcDbTrace
 10
-9240.204104890791
 20
-2433.391241427204
 30
0.0
 11
-9240.204104890791
 21
-2440.057908093872
 31
0.0
 12
-9260.204104890792
 22
-2436.724574760538
 32
0.0
 13
-9260.204104890792
 23
-2436.724574760538
 33
0.0
  0
MTEXT
  5
2192
330
218A
100
AcDbEntity
  8
0
 62
     0
440
 16777216
100
AcDbMText
 10
-8810.204104890791
 20
-2423.335250067495
 30
0.0
 40
25.0
 41
0.0
 46
0.0
 71
     5
 72
     1
  1
900
 73
     1
 44
1.0
  0
POINT
  5
2193
330
218A
100
AcDbEntity
  8
Defpoints
 62
     0
440
 16777216
100
AcDbPoint
 10
-8360.204104890792
 20
-2362.155035549713
 30
0.0
  0
POINT
  5
2194
330
218A
100
AcDbEntity
  8
Defpoints
 62
     0
440
 16777216
100
AcDbPoint
 10
-9260.204104890792
 20
-2318.155035549713
 30
0.0
  0
POINT
  5
2195
330
218A
100
AcDbEntity
  8
Defpoints
 62
     0
440
 16777216
100
AcDbPoint
 10
-9260.204104890792
 20
-2436.724574760538
 30
0.0
  0
ENDBLK
  5
218C
330
218A
100
AcDbEntity
  8
0
 48
4.0
100
AcDbBlockEnd
  0
BLOCK
  5
2197
330
2196
100
AcDbEntity
  8
0
 48
4.0
100
AcDbBlockBegin
  2
*D139
 70
     1
 10
0.0
 20
0.0
 30
0.0
  3
*D139
  1

  0
LINE
  5
2199
330
2196
100
AcDbEntity
  8
0
 62
     0
440
 16777216
370
    -2
100
AcDbLine
 10
-7668.225729244898
 20
-2318.780035549713
 30
0.0
 11
-7668.225729244898
 21
-2455.297165087414
 31
0.0
  0
LINE
  5
219A
330
2196
100
AcDbEntity
  8
0
 62
     0
440
 16777216
370
    -2
100
AcDbLine
 10
-6768.2257292449
 20
-2362.780035549713
 30
0.0
 11
-6768.2257292449
 21
-2455.297165087414
 31
0.0
  0
LINE
  5
219B
330
2196
100
AcDbEntity
  8
0
 62
     0
440
 16777216
370
    -2
100
AcDbLine
 10
-7648.225729244899
 20
-2454.047165087414
 30
0.0
 11
-6788.225729244899
 21
-2454.047165087414
 31
0.0
  0
SOLID
  5
219C
330
2196
100
AcDbEntity
  8
0
 62
     0
440
 16777216
100
AcDbTrace
 10
-7648.225729244899
 20
-2450.71383175408
 30
0.0
 11
-7648.225729244899
 21
-2457.380498420747
 31
0.0
 12
-7668.225729244898
 22
-2454.047165087414
 32
0.0
 13
-7668.225729244898
 23
-2454.047165087414
 33
0.0
  0
SOLID
  5
219D
330
2196
100
AcDbEntity
  8
0
 62
     0
440
 16777216
100
AcDbTrace
 10
-6788.225729244899
 20
-2450.71383175408
 30
0.0
 11
-6788.225729244899
 21
-2457.380498420747
 31
0.0
 12
-6768.2257292449
 22
-2454.047165087414
 32
0.0
 13
-6768.2257292449
 23
-2454.047165087414
 33
0.0
  0
MTEXT
  5
219E
330
2196
100
AcDbEntity
  8
0
 62
     0
440
 16777216
100
AcDbMText
 10
-7218.225729244899
 20
-2440.657840394371
 30
0.0
 40
25.0
 41
0.0
 46
0.0
 71
     5
 72
     1
  1
900
 73
     1
 44
1.0
  0
POINT
  5
219F
330
2196
100
AcDbEntity
  8
Defpoints
 62
     0
440
 16777216
100
AcDbPoint
 10
-7668.225729244898
 20
-2318.155035549713
 30
0.0
  0
POINT
  5
21A0
330
2196
100
AcDbEntity
  8
Defpoints
 62
     0
440
 16777216
100
AcDbPoint
 10
-6768.2257292449
 20
-2362.155035549713
 30
0.0
  0
POINT
  5
21A1
330
2196
100
AcDbEntity
  8
Defpoints
 62
     0
440
 16777216
100
AcDbPoint
 10
-6768.2257292449
 20
-2454.047165087414
 30
0.0
  0
ENDBLK
  5
2198
330
2196
100
AcDbEntity
  8
0
 48
4.0
100
AcDbBlockEnd
  0
BLOCK
  5
21A3
330
21A2
100
AcDbEntity
  8
0
 48
4.0
100
AcDbBlockBegin
  2
*D140
 70
     1
 10
0.0
 20
0.0
 30
0.0
  3
*D140
  1

  0
LINE
  5
21A5
330
21A2
100
AcDbEntity
  8
0
 62
     0
440
 16777216
370
    -2
100
AcDbLine
 10
-5938.194342775773
 20
-2318.780035549713
 30
0.0
 11
-5938.194342775773
 21
-2442.76424156272
 31
0.0
  0
LINE
  5
21A6
330
21A2
100
AcDbEntity
  8
0
 62
     0
440
 16777216
370
    -2
100
AcDbLine
 10
-5030.194342775769
 20
-2362.780035549713
 30
0.0
 11
-5030.194342775769
 21
-2442.76424156272
 31
0.0
  0
LINE
  5
21A7
330
21A2
100
AcDbEntity
  8
0
 62
     0
440
 16777216
370
    -2
100
AcDbLine
 10
-5918.194342775772
 20
-2441.51424156272
 30
0.0
 11
-5050.194342775768
 21
-2441.51424156272
 31
0.0
  0
SOLID
  5
21A8
330
21A2
100
AcDbEntity
  8
0
 62
     0
440
 16777216
100
AcDbTrace
 10
-5918.194342775772
 20
-2438.180908229386
 30
0.0
 11
-5918.194342775772
 21
-2444.847574896054
 31
0.0
 12
-5938.194342775773
 22
-2441.51424156272
 32
0.0
 13
-5938.194342775773
 23
-2441.51424156272
 33
0.0
  0
SOLID
  5
21A9
330
21A2
100
AcDbEntity
  8
0
 62
     0
440
 16777216
100
AcDbTrace
 10
-5050.194342775768
 20
-2438.180908229386
 30
0.0
 11
-5050.194342775768
 21
-2444.847574896054
 31
0.0
 12
-5030.194342775769
 22
-2441.51424156272
 32
0.0
 13
-5030.194342775769
 23
-2441.51424156272
 33
0.0
  0
MTEXT
  5
21AA
330
21A2
100
AcDbEntity
  8
0
 62
     0
440
 16777216
100
AcDbMText
 10
-5484.19434277577
 20
-2428.124916869677
 30
0.0
 40
25.0
 41
0.0
 46
0.0
 71
     5
 72
     1
  1
908
 73
     1
 44
1.0
  0
POINT
  5
21AB
330
21A2
100
AcDbEntity
  8
Defpoints
 62
     0
440
 16777216
100
AcDbPoint
 10
-5938.194342775773
 20
-2318.155035549713
 30
0.0
  0
POINT
  5
21AC
330
21A2
100
AcDbEntity
  8
Defpoints
 62
     0
440
 16777216
100
AcDbPoint
 10
-5030.194342775769
 20
-2362.155035549713
 30
0.0
  0
POINT
  5
21AD
330
21A2
100
AcDbEntity
  8
Defpoints
 62
     0
440
 16777216
100
AcDbPoint
 10
-5030.194342775769
 20
-2441.51424156272
 30
0.0
  0
ENDBLK
  5
21A4
330
21A2
100
AcDbEntity
  8
0
 48
4.0
100
AcDbBlockEnd
  0
BLOCK
  5
21AF
330
21AE
100
AcDbEntity
  8
0
 48
4.0
100
AcDbBlockBegin
  2
*D141
 70
     1
 10
0.0
 20
0.0
 30
0.0
  3
*D141
  1

  0
LINE
  5
21B1
330
21AE
100
AcDbEntity
  8
0
 62
     0
440
 16777216
370
    -2
100
AcDbLine
 10
-6629.11009629153
 20
943.0467757164551
 30
0.0
 11
-6848.456097168827
 21
943.0467757164551
 31
0.0
  0
LINE
  5
21B2
330
21AE
100
AcDbEntity
  8
0
 62
     0
440
 16777216
370
    -2
100
AcDbLine
 10
-6629.11009629153
 20
3025.046775716456
 30
0.0
 11
-6848.456097168827
 21
3025.046775716456
 31
0.0
  0
LINE
  5
21B3
330
21AE
100
AcDbEntity
  8
0
 62
     0
440
 16777216
370
    -2
100
AcDbLine
 10
-6847.206097168826
 20
963.046775716455
 30
0.0
 11
-6847.206097168826
 21
3005.046775716455
 31
0.0
  0
SOLID
  5
21B4
330
21AE
100
AcDbEntity
  8
0
 62
     0
440
 16777216
100
AcDbTrace
 10
-6850.539430502159
 20
963.046775716455
 30
0.0
 11
-6843.872763835495
 21
963.046775716455
 31
0.0
 12
-6847.206097168826
 22
943.0467757164551
 32
0.0
 13
-6847.206097168826
 23
943.0467757164551
 33
0.0
  0
SOLID
  5
21B5
330
21AE
100
AcDbEntity
  8
0
 62
     0
440
 16777216
100
AcDbTrace
 10
-6850.539430502159
 20
3005.046775716455
 30
0.0
 11
-6843.872763835493
 21
3005.046775716455
 31
0.0
 12
-6847.206097168826
 22
3025.046775716456
 32
0.0
 13
-6847.206097168826
 23
3025.046775716456
 33
0.0
  0
MTEXT
  5
21B6
330
21AE
100
AcDbEntity
  8
0
 62
     0
440
 16777216
100
AcDbMText
 10
-6860.595421861869
 20
1984.046775716454
 30
0.0
 40
25.0
 41
0.0
 46
0.0
 71
     5
 72
     1
  1
2082
 11
0.0000000000000001
 21
1.0
 31
0.0
 73
     1
 44
1.0
  0
POINT
  5
21B7
330
21AE
100
AcDbEntity
  8
Defpoints
 62
     0
440
 16777216
100
AcDbPoint
 10
-6628.48509629153
 20
943.0467757164551
 30
0.0
  0
POINT
  5
21B8
330
21AE
100
AcDbEntity
  8
Defpoints
 62
     0
440
 16777216
100
AcDbPoint
 10
-6628.48509629153
 20
3025.046775716456
 30
0.0
  0
POINT
  5
21B9
330
21AE
100
AcDbEntity
  8
Defpoints
 62
     0
440
 16777216
100
AcDbPoint
 10
-6847.206097168826
 20
3025.046775716456
 30
0.0
  0
ENDBLK
  5
21B0
330
21AE
100
AcDbEntity
  8
0
 48
4.0
100
AcDbBlockEnd
  0
ENDSEC
  0
SECTION
  2
ENTITIES
  0
MTEXT
  5
1D96
330
1F
100
AcDbEntity
  8
0
100
AcDbMText
 10
-15459.11766471212
 20
478.3590144880763
 30
0.0
 40
80.0
 41
513.3453017618376
 46
0.0
 71
     1
 72
     5
  1
Пом 1.67
 73
     1
 44
1.0
1001
ACAD
1000
ACAD_MTEXT_COLUMN_INFO_BEGIN
1070
    75
1070
     2
1070
    79
1070
     0
1070
    76
1070
     1
1070
    78
1070
     0
1070
    48
1040
513.3453017618376
1070
    49
1040
12.5
1070
    50
1070
     1
1040
0.0
1000
ACAD_MTEXT_COLUMN_INFO_END
  0
LINE
  5
1D97
330
1F
100
AcDbEntity
  8
0
100
AcDbLine
 10
-13319.90966469167
 20
25.84496445028708
 30
0.0
 11
-11803.90966469167
 21
25.84496445028708
 31
0.0
  0
LINE
  5
1D98
330
1F
100
AcDbEntity
  8
0
100
AcDbLine
 10
-11803.90966469167
 20
25.84496445028708
 30
0.0
 11
-11803.90966469167
 21
-2374.155035549713
 31
0.0
  0
MTEXT
  5
1D99
330
1F
100
AcDbEntity
  8
0
100
AcDbMText
 10
-13263.51209440918
 20
478.3590144880763
 30
0.0
 40
80.0
 41
520.7811303173439
 46
0.0
 71
     1
 72
     5
  1
Пом 1.67
 73
     1
 44
1.0
1001
ACAD
1000
ACAD_MTEXT_COLUMN_INFO_BEGIN
1070
    75
1070
     2
1070
    79
1070
     0
1070
    76
1070
     1
1070
    78
1070
     0
1070
    48
1040
520.7811303173439
1070
    49
1040
12.5
1070
    50
1070
     1
1040
0.0
1000
ACAD_MTEXT_COLUMN_INFO_END
  0
LINE
  5
1D9A
330
1F
100
AcDbEntity
  8
0
100
AcDbLine
 10
-5946.194342775772
 20
-2374.155035549713
 30
0.0
 11
-4677.194342775769
 21
-2374.155035549713
 31
0.0
  0
MTEXT
  5
1D9B
330
1F
100
AcDbEntity
  8
0
100
AcDbMText
 10
-10778.11715185529
 20
478.3590144880763
 30
0.0
 40
80.0
 41
540.0189161166854
 46
0.0
 71
     1
 72
     5
  1
Пом 1.71
 73
     1
 44
1.0
1001
ACAD
1000
ACAD_MTEXT_COLUMN_INFO_BEGIN
1070
    75
1070
     2
1070
    79
1070
     0
1070
    76
1070
     1
1070
    78
1070
     0
1070
    48
1040
540.0189161166854
1070
    49
1040
12.5
1070
    50
1070
     1
1040
0.0
1000
ACAD_MTEXT_COLUMN_INFO_END
  0
MTEXT
  5
1D9C
330
1F
100
AcDbEntity
  8
0
100
AcDbMText
 10
-9192.436503715756
 20
478.3590144880763
 30
0.0
 40
80.0
 41
540.0189161166854
 46
0.0
 71
     1
 72
     5
  1
Пом 1.71
 73
     1
 44
1.0
1001
ACAD
1000
ACAD_MTEXT_COLUMN_INFO_BEGIN
1070
    75
1070
     2
1070
    79
1070
     0
1070
    76
1070
     1
1070
    78
1070
     0
1070
    48
1040
540.0189161166854
1070
    49
1040
12.5
1070
    50
1070
     1
1040
0.0
1000
ACAD_MTEXT_COLUMN_INFO_END
  0
MTEXT
  5
1D9D
330
1F
100
AcDbEntity
  8
0
100
AcDbMText
 10
-7532.658650594107
 20
478.3590144880763
 30
0.0
 40
80.0
 41
540.0189161166854
 46
0.0
 71
     1
 72
     5
  1
Пом 1.71
 73
     1
 44
1.0
1001
ACAD
1000
ACAD_MTEXT_COLUMN_INFO_BEGIN
1070
    75
1070
     2
1070
    79
1070
     0
1070
    76
1070
     1
1070
    78
1070
     0
1070
    48
1040
540.0189161166854
1070
    49
1040
12.5
1070
    50
1070
     1
1040
0.0
1000
ACAD_MTEXT_COLUMN_INFO_END
  0
MTEXT
  5
1D9E
330
1F
100
AcDbEntity
  8
0
100
AcDbMText
 10
-5821.012747574961
 20
478.3590144880763
 30
0.0
 40
80.0
 41
540.0189161166854
 46
0.0
 71
     1
 72
     5
  1
Пом 1.71
 73
     1
 44
1.0
1001
ACAD
1000
ACAD_MTEXT_COLUMN_INFO_BEGIN
1070
    75
1070
     2
1070
    79
1070
     0
1070
    76
1070
     1
1070
    78
1070
     0
1070
    48
1040
540.0189161166854
1070
    49
1040
12.5
1070
    50
1070
     1
1040
0.0
1000
ACAD_MTEXT_COLUMN_INFO_END
  0
MTEXT
  5
1D9F
330
1F
100
AcDbEntity
  8
0
100
AcDbMText
 10
-4010.814088333641
 20
478.3590144880763
 30
0.0
 40
80.0
 41
540.0189161166854
 46
0.0
 71
     1
 72
     5
  1
Пом 1.72
 73
     1
 44
1.0
1001
ACAD
1000
ACAD_MTEXT_COLUMN_INFO_BEGIN
1070
    75
1070
     2
1070
    79
1070
     0
1070
    76
1070
     1
1070
    78
1070
     0
1070
    48
1040
540.0189161166854
1070
    49
1040
12.5
1070
    50
1070
     1
1040
0.0
1000
ACAD_MTEXT_COLUMN_INFO_END
  0
MTEXT
  5
1DA0
330
1F
100
AcDbEntity
  8
0
100
AcDbMText
 10
-1903.663872520101
 20
478.3590144880763
 30
0.0
 40
80.0
 41
540.0189161166854
 46
0.0
 71
     1
 72
     5
  1
Пом 1.72
 73
     1
 44
1.0
1001
ACAD
1000
ACAD_MTEXT_COLUMN_INFO_BEGIN
1070
    75
1070
     2
1070
    79
1070
     0
1070
    76
1070
     1
1070
    78
1070
     0
1070
    48
1040
540.0189161166854
1070
    49
1040
12.5
1070
    50
1070
     1
1040
0.0
1000
ACAD_MTEXT_COLUMN_INFO_END
  0
MTEXT
  5
1DA1
330
1F
100
AcDbEntity
  8
0
100
AcDbMText
 10
-1032.509921059853
 20
478.3590144880763
 30
0.0
 40
80.0
 41
540.0189161166854
 46
0.0
 71
     1
 72
     5
  1
Пом 2.09
 73
     1
 44
1.0
1001
ACAD
1000
ACAD_MTEXT_COLUMN_INFO_BEGIN
1070
    75
1070
     2
1070
    79
1070
     0
1070
    76
1070
     1
1070
    78
1070
     0
1070
    48
1040
540.0189161166854
1070
    49
1040
12.5
1070
    50
1070
     1
1040
0.0
1000
ACAD_MTEXT_COLUMN_INFO_END
  0
MTEXT
  5
1DA2
330
1F
100
AcDbEntity
  8
0
100
AcDbMText
 10
-280.4881311625322
 20
478.3590144880763
 30
0.0
 40
80.0
 41
540.0189161166854
 46
0.0
 71
     1
 72
     5
  1
Пом 2.09
 73
     1
 44
1.0
1001
ACAD
1000
ACAD_MTEXT_COLUMN_INFO_BEGIN
1070
    75
1070
     2
1070
    79
1070
     0
1070
    76
1070
     1
1070
    78
1070
     0
1070
    48
1040
540.0189161166854
1070
    49
1040
12.5
1070
    50
1070
     1
1040
0.0
1000
ACAD_MTEXT_COLUMN_INFO_END
  0
LINE
  5
1DA3
330
1F
100
AcDbEntity
  8
0
100
AcDbLine
 10
-15479.66612628095
 20
3031.046775716455
 30
0.0
 11
-15479.66612628095
 21
1036.046775716455
 31
0.0
  0
MTEXT
  5
1DA4
330
1F
100
AcDbEntity
  8
0
100
AcDbMText
 10
-15459.11766471212
 20
3500.160111783302
 30
0.0
 40
80.0
 41
513.3453017618376
 46
0.0
 71
     1
 72
     5
  1
Пом 1.05
 73
     1
 44
1.0
1001
ACAD
1000
ACAD_MTEXT_COLUMN_INFO_BEGIN
1070
    75
1070
     2
1070
    79
1070
     0
1070
    76
1070
     1
1070
    78
1070
     0
1070
    48
1040
513.3453017618376
1070
    49
1040
12.5
1070
    50
1070
     1
1040
0.0
1000
ACAD_MTEXT_COLUMN_INFO_END
  0
LINE
  5
1DA5
102
{ACAD_REACTORS
330
1E8D
102
}
330
1F
100
AcDbEntity
  8
0
100
AcDbLine
 10
-15479.66612628095
 20
3031.046775716455
 30
0.0
 11
-14609.66612628095
 21
3031.046775716455
 31
-0.0000000000002274
  0
LINE
  5
1DA6
330
1F
100
AcDbEntity
  8
0
100
AcDbLine
 10
-14335.51835066453
 20
3031.046775716455
 30
0.0
 11
-13470.51835066453
 21
3031.046775716455
 31
-0.0000000000002274
  0
LINE
  5
1DA7
330
1F
100
AcDbEntity
  8
0
100
AcDbLine
 10
-13216.75377015796
 20
3031.046775716455
 30
0.0
 11
-12349.75377015796
 21
3031.046775716455
 31
-0.0000000000002274
  0
LINE
  5
1DA8
330
1F
100
AcDbEntity
  8
0
100
AcDbLine
 10
-14609.66612628095
 20
3031.046775716455
 30
-0.0000000000002274
 11
-14609.66612628095
 21
1036.046775716455
 31
-0.0000000000002274
  0
LINE
  5
1DA9
102
{ACAD_REACTORS
330
1E90
102
}
330
1F
100
AcDbEntity
  8
0
100
AcDbLine
 10
-14335.51835066453
 20
3031.046775716455
 30
0.0
 11
-14335.51835066453
 21
1036.046775716455
 31
0.0
  0
LINE
  5
1DAA
330
1F
100
AcDbEntity
  8
0
100
AcDbLine
 10
-13470.51835066453
 20
3031.046775716459
 30
-0.0000000000002274
 11
-13470.51835066453
 21
1036.046775716459
 31
-0.0000000000002274
  0
LINE
  5
1DAB
102
{ACAD_REACTORS
330
1E99
102
}
330
1F
100
AcDbEntity
  8
0
100
AcDbLine
 10
-13216.75377015796
 20
3031.046775716455
 30
0.0
 11
-13216.75377015796
 21
1036.046775716455
 31
0.0
  0
LINE
  5
1DAC
330
1F
100
AcDbEntity
  8
0
100
AcDbLine
 10
-12349.75377015796
 20
3031.046775716455
 30
-0.0000000000002274
 11
-12349.75377015796
 21
1036.046775716455
 31
-0.0000000000002274
  0
LINE
  5
1DAD
102
{ACAD_REACTORS
330
1E8A
102
}
330
1F
100
AcDbEntity
  8
0
100
AcDbLine
 10
-15479.66612628095
 20
1036.046775716455
 30
0.0
 11
-14609.66612628095
 21
1036.046775716455
 31
0.0
  0
LINE
  5
1DAE
102
{ACAD_REACTORS
330
1E93
102
}
330
1F
100
AcDbEntity
  8
0
100
AcDbLine
 10
-14335.51835066453
 20
1036.046775716455
 30
0.0
 11
-13470.51835066453
 21
1036.046775716455
 31
0.0
  0
LINE
  5
1DAF
102
{ACAD_REACTORS
330
1E96
102
}
330
1F
100
AcDbEntity
  8
0
100
AcDbLine
 10
-13216.75377015796
 20
1036.046775716455
 30
0.0
 11
-12349.75377015796
 21
1036.046775716455
 31
0.0
  0
MTEXT
  5
1DB0
330
1F
100
AcDbEntity
  8
0
100
AcDbMText
 10
-14314.9698890957
 20
3500.160111783302
 30
0.0
 40
80.0
 41
513.3453017618376
 46
0.0
 71
     1
 72
     5
  1
Пом 1.05
 73
     1
 44
1.0
1001
ACAD
1000
ACAD_MTEXT_COLUMN_INFO_BEGIN
1070
    75
1070
     2
1070
    79
1070
     0
1070
    76
1070
     1
1070
    78
1070
     0
1070
    48
1040
513.3453017618376
1070
    49
1040
12.5
1070
    50
1070
     1
1040
0.0
1000
ACAD_MTEXT_COLUMN_INFO_END
  0
MTEXT
  5
1DB1
330
1F
100
AcDbEntity
  8
0
100
AcDbMText
 10
-13196.20530858913
 20
3500.160111783302
 30
0.0
 40
80.0
 41
513.3453017618376
 46
0.0
 71
     1
 72
     5
  1
Пом 1.05
 73
     1
 44
1.0
1001
ACAD
1000
ACAD_MTEXT_COLUMN_INFO_BEGIN
1070
    75
1070
     2
1070
    79
1070
     0
1070
    76
1070
     1
1070
    78
1070
     0
1070
    48
1040
513.3453017618376
1070
    49
1040
12.5
1070
    50
1070
     1
1040
0.0
1000
ACAD_MTEXT_COLUMN_INFO_END
  0
MTEXT
  5
1DB2
330
1F
100
AcDbEntity
  8
0
100
AcDbMText
 10
-12030.82522901922
 20
3500.160111783302
 30
0.0
 40
80.0
 41
513.3453017618376
 46
0.0
 71
     1
 72
     5
  1
Пом 1.05
 73
     1
 44
1.0
1001
ACAD
1000
ACAD_MTEXT_COLUMN_INFO_BEGIN
1070
    75
1070
     2
1070
    79
1070
     0
1070
    76
1070
     1
1070
    78
1070
     0
1070
    48
1040
513.3453017618376
1070
    49
1040
12.5
1070
    50
1070
     1
1040
0.0
1000
ACAD_MTEXT_COLUMN_INFO_END
  0
MTEXT
  5
1DB3
330
1F
100
AcDbEntity
  8
0
100
AcDbMText
 10
-10826.59937745653
 20
3500.160111783302
 30
0.0
 40
80.0
 41
513.3453017618376
 46
0.0
 71
     1
 72
     5
  1
Пом 1.05
 73
     1
 44
1.0
1001
ACAD
1000
ACAD_MTEXT_COLUMN_INFO_BEGIN
1070
    75
1070
     2
1070
    79
1070
     0
1070
    76
1070
     1
1070
    78
1070
     0
1070
    48
1040
513.3453017618376
1070
    49
1040
12.5
1070
    50
1070
     1
1040
0.0
1000
ACAD_MTEXT_COLUMN_INFO_END
  0
MTEXT
  5
1DB4
330
1F
100
AcDbEntity
  8
0
100
AcDbMText
 10
-9583.527515287752
 20
3500.160111783302
 30
0.0
 40
80.0
 41
513.3453017618376
 46
0.0
 71
     1
 72
     5
  1
Пом 1.05
 73
     1
 44
1.0
1001
ACAD
1000
ACAD_MTEXT_COLUMN_INFO_BEGIN
1070
    75
1070
     2
1070
    79
1070
     0
1070
    76
1070
     1
1070
    78
1070
     0
1070
    48
1040
513.3453017618376
1070
    49
1040
12.5
1070
    50
1070
     1
1040
0.0
1000
ACAD_MTEXT_COLUMN_INFO_END
  0
MTEXT
  5
1DB5
330
1F
100
AcDbEntity
  8
0
100
AcDbMText
 10
-8379.301663725062
 20
3500.160111783302
 30
0.0
 40
80.0
 41
513.3453017618376
 46
0.0
 71
     1
 72
     5
  1
Пом 1.05
 73
     1
 44
1.0
1001
ACAD
1000
ACAD_MTEXT_COLUMN_INFO_BEGIN
1070
    75
1070
     2
1070
    79
1070
     0
1070
    76
1070
     1
1070
    78
1070
     0
1070
    48
1040
513.3453017618376
1070
    49
1040
12.5
1070
    50
1070
     1
1040
0.0
1000
ACAD_MTEXT_COLUMN_INFO_END
  0
LINE
  5
1DB7
330
1F
100
AcDbEntity
  8
0
100
AcDbLine
 10
-14271.16612628095
 20
-20.15503554971292
 30
-0.0000000000000178
 11
-14271.16612628095
 21
-2358.155035549713
 31
-0.0000000000001421
  0
LINE
  5
1DB8
330
1F
100
AcDbEntity
  8
0
100
AcDbLine
 10
-15171.16612628095
 20
-20.15503554971292
 30
-0.0000000000000178
 11
-15171.16612628095
 21
-2358.155035549713
 31
-0.0000000000001421
  0
LINE
  5
1DB9
330
1F
100
AcDbEntity
  8
0
100
AcDbLine
 10
-12111.90966469167
 20
-20.15503554971292
 30
-0.0000000000000178
 11
-12111.90966469167
 21
-2358.155035549713
 31
-0.0000000000001421
  0
LINE
  5
1DBA
330
1F
100
AcDbEntity
  8
0
100
AcDbLine
 10
-13011.90966469167
 20
-20.15503554971292
 30
-0.0000000000000178
 11
-13011.90966469167
 21
-2358.155035549713
 31
-0.0000000000001421
  0
MTEXT
  5
1DBB
330
1F
100
AcDbEntity
  8
0
100
AcDbMText
 10
-14900.1147963765
 20
-980.1284428909893
 30
0.0
 40
100.0
 41
122.433212612028
 46
0.0
 71
     1
 72
     5
  1
2
 73
     1
 44
1.0
1001
ACAD
1000
ACAD_MTEXT_COLUMN_INFO_BEGIN
1070
    75
1070
     2
1070
    79
1070
     0
1070
    76
1070
     1
1070
    78
1070
     0
1070
    48
1040
122.433212612028
1070
    49
1040
12.5
1070
    50
1070
     1
1040
0.0
1000
ACAD_MTEXT_COLUMN_INFO_END
  0
MTEXT
  5
1DBC
330
1F
100
AcDbEntity
  8
0
100
AcDbMText
 10
-15382.42796550104
 20
-980.1284428909893
 30
0.0
 40
100.0
 41
122.433212612028
 46
0.0
 71
     1
 72
     5
  1
1
 73
     1
 44
1.0
1001
ACAD
1000
ACAD_MTEXT_COLUMN_INFO_BEGIN
1070
    75
1070
     2
1070
    79
1070
     0
1070
    76
1070
     1
1070
    78
1070
     0
1070
    48
1040
122.433212612028
1070
    49
1040
12.5
1070
    50
1070
     1
1040
0.0
1000
ACAD_MTEXT_COLUMN_INFO_END
  0
MTEXT
  5
1DBD
330
1F
100
AcDbEntity
  8
0
100
AcDbMText
 10
-14158.09464631414
 20
-980.1284428909893
 30
0.0
 40
100.0
 41
122.433212612028
 46
0.0
 71
     1
 72
     5
  1
3
 73
     1
 44
1.0
1001
ACAD
1000
ACAD_MTEXT_COLUMN_INFO_BEGIN
1070
    75
1070
     2
1070
    79
1070
     0
1070
    76
1070
     1
1070
    78
1070
     0
1070
    48
1040
122.433212612028
1070
    49
1040
12.5
1070
    50
1070
     1
1040
0.0
1000
ACAD_MTEXT_COLUMN_INFO_END
  0
MTEXT
  5
1DBE
330
1F
100
AcDbEntity
  8
0
100
AcDbMText
 10
-12719.15011698934
 20
-980.1284428909893
 30
0.0
 40
100.0
 41
122.433212612028
 46
0.0
 71
     1
 72
     5
  1
5
 73
     1
 44
1.0
1001
ACAD
1000
ACAD_MTEXT_COLUMN_INFO_BEGIN
1070
    75
1070
     2
1070
    79
1070
     0
1070
    76
1070
     1
1070
    78
1070
     0
1070
    48
1040
122.433212612028
1070
    49
1040
12.5
1070
    50
1070
     1
1040
0.0
1000
ACAD_MTEXT_COLUMN_INFO_END
  0
MTEXT
  5
1DBF
330
1F
100
AcDbEntity
  8
0
100
AcDbMText
 10
-13201.46328611387
 20
-980.1284428909893
 30
0.0
 40
100.0
 41
122.433212612028
 46
0.0
 71
     1
 72
     5
  1
4
 73
     1
 44
1.0
1001
ACAD
1000
ACAD_MTEXT_COLUMN_INFO_BEGIN
1070
    75
1070
     2
1070
    79
1070
     0
1070
    76
1070
     1
1070
    78
1070
     0
1070
    48
1040
122.433212612028
1070
    49
1040
12.5
1070
    50
1070
     1
1040
0.0
1000
ACAD_MTEXT_COLUMN_INFO_END
  0
MTEXT
  5
1DC0
330
1F
100
AcDbEntity
  8
0
100
AcDbMText
 10
-11977.12996692697
 20
-980.1284428909893
 30
0.0
 40
100.0
 41
122.433212612028
 46
0.0
 71
     1
 72
     5
  1
6
 73
     1
 44
1.0
1001
ACAD
1000
ACAD_MTEXT_COLUMN_INFO_BEGIN
1070
    75
1070
     2
1070
    79
1070
     0
1070
    76
1070
     1
1070
    78
1070
     0
1070
    48
1040
122.433212612028
1070
    49
1040
12.5
1070
    50
1070
     1
1040
0.0
1000
ACAD_MTEXT_COLUMN_INFO_END
  0
MTEXT
  5
1DC1
330
1F
100
AcDbEntity
  8
0
100
AcDbMText
 10
-10771.14052428332
 20
-980.1284428909893
 30
0.0
 40
100.0
 41
122.433212612028
 46
0.0
 71
     1
 72
     5
  1
1
 73
     1
 44
1.0
1001
ACAD
1000
ACAD_MTEXT_COLUMN_INFO_BEGIN
1070
    75
1070
     2
1070
    79
1070
     0
1070
    76
1070
     1
1070
    78
1070
     0
1070
    48
1040
122.433212612028
1070
    49
1040
12.5
1070
    50
1070
     1
1040
0.0
1000
ACAD_MTEXT_COLUMN_INFO_END
  0
MTEXT
  5
1DC2
330
1F
100
AcDbEntity
  8
0
100
AcDbMText
 10
-10209.50504315988
 20
-980.1284428909893
 30
0.0
 40
100.0
 41
122.433212612028
 46
0.0
 71
     1
 72
     5
  1
2
 73
     1
 44
1.0
1001
ACAD
1000
ACAD_MTEXT_COLUMN_INFO_BEGIN
1070
    75
1070
     2
1070
    79
1070
     0
1070
    76
1070
     1
1070
    78
1070
     0
1070
    48
1040
122.433212612028
1070
    49
1040
12.5
1070
    50
1070
     1
1040
0.0
1000
ACAD_MTEXT_COLUMN_INFO_END
  0
MTEXT
  5
1DC3
330
1F
100
AcDbEntity
  8
0
100
AcDbMText
 10
-8886.994212586992
 20
-980.1284428909893
 30
0.0
 40
100.0
 41
122.433212612028
 46
0.0
 71
     1
 72
     5
  1
3
 73
     1
 44
1.0
1001
ACAD
1000
ACAD_MTEXT_COLUMN_INFO_BEGIN
1070
    75
1070
     2
1070
    79
1070
     0
1070
    76
1070
     1
1070
    78
1070
     0
1070
    48
1040
122.433212612028
1070
    49
1040
12.5
1070
    50
1070
     1
1040
0.0
1000
ACAD_MTEXT_COLUMN_INFO_END
  0
MTEXT
  5
1DC4
330
1F
100
AcDbEntity
  8
0
100
AcDbMText
 10
-8288.250052454161
 20
-980.1284428909893
 30
0.0
 40
100.0
 41
122.433212612028
 46
0.0
 71
     1
 72
     5
  1
4
 73
     1
 44
1.0
1001
ACAD
1000
ACAD_MTEXT_COLUMN_INFO_BEGIN
1070
    75
1070
     2
1070
    79
1070
     0
1070
    76
1070
     1
1070
    78
1070
     0
1070
    48
1040
122.433212612028
1070
    49
1040
12.5
1070
    50
1070
     1
1040
0.0
1000
ACAD_MTEXT_COLUMN_INFO_END
  0
MTEXT
  5
1DC5
330
1F
100
AcDbEntity
  8
0
100
AcDbMText
 10
-6617.42542203368
 20
-986.1271353249794
 30
0.0
 40
100.0
 41
122.433212612028
 46
0.0
 71
     1
 72
     5
  1
5
 73
     1
 44
1.0
1001
ACAD
1000
ACAD_MTEXT_COLUMN_INFO_BEGIN
1070
    75
1070
     2
1070
    79
1070
     0
1070
    76
1070
     1
1070
    78
1070
     0
1070
    48
1040
122.433212612028
1070
    49
1040
12.5
1070
    50
1070
     1
1040
0.0
1000
ACAD_MTEXT_COLUMN_INFO_END
  0
MTEXT
  5
1DC6
330
1F
100
AcDbEntity
  8
0
100
AcDbMText
 10
-7227.396731426772
 20
-990.5330523771917
 30
0.0
 40
100.0
 41
122.433212612028
 46
0.0
 71
     1
 72
     5
  1
6
 73
     1
 44
1.0
1001
ACAD
1000
ACAD_MTEXT_COLUMN_INFO_BEGIN
1070
    75
1070
     2
1070
    79
1070
     0
1070
    76
1070
     1
1070
    78
1070
     0
1070
    48
1040
122.433212612028
1070
    49
1040
12.5
1070
    50
1070
     1
1040
0.0
1000
ACAD_MTEXT_COLUMN_INFO_END
  0
MTEXT
  5
1DC7
330
1F
100
AcDbEntity
  8
0
100
AcDbMText
 10
-4910.05524419199
 20
-970.3120113207551
 30
0.0
 40
100.0
 41
122.433212612028
 46
0.0
 71
     1
 72
     5
  1
7
 73
     1
 44
1.0
1001
ACAD
1000
ACAD_MTEXT_COLUMN_INFO_BEGIN
1070
    75
1070
     2
1070
    79
1070
     0
1070
    76
1070
     1
1070
    78
1070
     0
1070
    48
1040
122.433212612028
1070
    49
1040
12.5
1070
    50
1070
     1
1040
0.0
1000
ACAD_MTEXT_COLUMN_INFO_END
  0
MTEXT
  5
1DC8
330
1F
100
AcDbEntity
  8
0
100
AcDbMText
 10
-5572.326013737274
 20
-964.296101055439
 30
0.0
 40
100.0
 41
396.1688819446154
 46
0.0
 71
     1
 72
     5
  1
8\P{\H0.4x;единственное кривое стекло в заказе}
 73
     1
 44
1.0
1001
ACAD
1000
ACAD_MTEXT_COLUMN_INFO_BEGIN
1070
    75
1070
     2
1070
    79
1070
     0
1070
    76
1070
     1
1070
    78
1070
     0
1070
    48
1040
396.1688819446154
1070
    49
1040
12.5
1070
    50
1070
     1
1040
0.0
1000
ACAD_MTEXT_COLUMN_INFO_END
  0
MTEXT
  5
1DC9
330
1F
100
AcDbEntity
  8
0
100
AcDbMText
 10
-3920.055174048382
 20
-720.2886148223005
 30
0.0
 40
100.0
 41
739.3597201353986
 46
0.0
 71
     1
 72
     5
  1
1\P{\H0.6x;Стекло не изготавливаем. Берем стекло из первого заказа. }
 73
     1
 44
1.0
1001
ACAD
1000
ACAD_MTEXT_COLUMN_INFO_BEGIN
1070
    75
1070
     2
1070
    79
1070
     0
1070
    76
1070
     1
1070
    78
1070
     0
1070
    48
1040
739.3597201353986
1070
    49
1040
12.5
1070
    50
1070
     1
1040
0.0
1000
ACAD_MTEXT_COLUMN_INFO_END
  0
MTEXT
  5
1DCA
330
1F
100
AcDbEntity
  8
0
100
AcDbMText
 10
-2808.922176012686
 20
-980.1284428909893
 30
0.0
 40
100.0
 41
122.433212612028
 46
0.0
 71
     1
 72
     5
  1
2
 73
     1
 44
1.0
1001
ACAD
1000
ACAD_MTEXT_COLUMN_INFO_BEGIN
1070
    75
1070
     2
1070
    79
1070
     0
1070
    76
1070
     1
1070
    78
1070
     0
1070
    48
1040
122.433212612028
1070
    49
1040
12.5
1070
    50
1070
     1
1040
0.0
1000
ACAD_MTEXT_COLUMN_INFO_END
  0
MTEXT
  5
1DCB
330
1F
100
AcDbEntity
  8
0
100
AcDbMText
 10
-1700.079853376464
 20
-980.1284428909893
 30
0.0
 40
100.0
 41
122.433212612028
 46
0.0
 71
     1
 72
     5
  1
3
 73
     1
 44
1.0
1001
ACAD
1000
ACAD_MTEXT_COLUMN_INFO_BEGIN
1070
    75
1070
     2
1070
    79
1070
     0
1070
    76
1070
     1
1070
    78
1070
     0
1070
    48
1040
122.433212612028
1070
    49
1040
12.5
1070
    50
1070
     1
1040
0.0
1000
ACAD_MTEXT_COLUMN_INFO_END
  0
MTEXT
  5
1DCC
330
1F
100
AcDbEntity
  8
0
100
AcDbMText
 10
-876.2561359083957
 20
-980.1284428909893
 30
0.0
 40
100.0
 41
122.433212612028
 46
0.0
 71
     1
 72
     5
  1
1
 73
     1
 44
1.0
1001
ACAD
1000
ACAD_MTEXT_COLUMN_INFO_BEGIN
1070
    75
1070
     2
1070
    79
1070
     0
1070
    76
1070
     1
1070
    78
1070
     0
1070
    48
1040
122.433212612028
1070
    49
1040
12.5
1070
    50
1070
     1
1040
0.0
1000
ACAD_MTEXT_COLUMN_INFO_END
  0
MTEXT
  5
1DCD
330
1F
100
AcDbEntity
  8
0
100
AcDbMText
 10
36.43577366220052
 20
-980.1284428909893
 30
0.0
 40
100.0
 41
122.433212612028
 46
0.0
 71
     1
 72
     5
  1
2
 73
     1
 44
1.0
1001
ACAD
1000
ACAD_MTEXT_COLUMN_INFO_BEGIN
1070
    75
1070
     2
1070
    79
1070
     0
1070
    76
1070
     1
1070
    78
1070
     0
1070
    48
1040
122.433212612028
1070
    49
1040
12.5
1070
    50
1070
     1
1040
0.0
1000
ACAD_MTEXT_COLUMN_INFO_END
  0
MTEXT
  5
1DCE
330
1F
100
AcDbEntity
  8
0
100
AcDbMText
 10
727.3344506424291
 20
-980.1284428909893
 30
0.0
 40
100.0
 41
122.433212612028
 46
0.0
 71
     1
 72
     5
  1
3
 73
     1
 44
1.0
1001
ACAD
1000
ACAD_MTEXT_COLUMN_INFO_BEGIN
1070
    75
1070
     2
1070
    79
1070
     0
1070
    76
1070
     1
1070
    78
1070
     0
1070
    48
1040
122.433212612028
1070
    49
1040
12.5
1070
    50
1070
     1
1040
0.0
1000
ACAD_MTEXT_COLUMN_INFO_END
  0
MTEXT
  5
1DCF
330
1F
100
AcDbEntity
  8
0
100
AcDbMText
 10
-15471.78125849215
 20
330.789131071786
 30
0.0
 40
60.0
 41
1000.187597830896
 46
0.0
 71
     1
 72
     5
  1
Фотопечать внутри. Лицо
 73
     1
 44
1.0
1001
ACAD
1000
ACAD_MTEXT_COLUMN_INFO_BEGIN
1070
    75
1070
     2
1070
    79
1070
     0
1070
    76
1070
     1
1070
    78
1070
     0
1070
    48
1040
1000.187597830896
1070
    49
1040
12.5
1070
    50
1070
     1
1040
0.0
1000
ACAD_MTEXT_COLUMN_INFO_END
  0
MTEXT
  5
1DD0
330
1F
100
AcDbEntity
  8
0
100
AcDbMText
 10
-13318.82859032805
 20
330.789131071786
 30
0.0
 40
60.0
 41
1000.187597830896
 46
0.0
 71
     1
 72
     5
  1
Фотопечать внутри. Лицо
 73
     1
 44
1.0
1001
ACAD
1000
ACAD_MTEXT_COLUMN_INFO_BEGIN
1070
    75
1070
     2
1070
    79
1070
     0
1070
    76
1070
     1
1070
    78
1070
     0
1070
    48
1040
1000.187597830896
1070
    49
1040
12.5
1070
    50
1070
     1
1040
0.0
1000
ACAD_MTEXT_COLUMN_INFO_END
  0
MTEXT
  5
1DD1
330
1F
100
AcDbEntity
  8
0
100
AcDbMText
 10
-10839.14508313645
 20
362.9083191921236
 30
0.0
 40
60.0
 41
1000.187597830896
 46
0.0
 71
     1
 72
     5
  1
Фотопечать внутри. Лицо
 73
     1
 44
1.0
1001
ACAD
1000
ACAD_MTEXT_COLUMN_INFO_BEGIN
1070
    75
1070
     2
1070
    79
1070
     0
1070
    76
1070
     1
1070
    78
1070
     0
1070
    48
1040
1000.187597830896
1070
    49
1040
12.5
1070
    50
1070
     1
1040
0.0
1000
ACAD_MTEXT_COLUMN_INFO_END
  0
MTEXT
  5
1DD2
330
1F
100
AcDbEntity
  8
0
100
AcDbMText
 10
-9241.621240359593
 20
330.789131071786
 30
0.0
 40
60.0
 41
1000.187597830896
 46
0.0
 71
     1
 72
     5
  1
Фотопечать внутри. Лицо
 73
     1
 44
1.0
1001
ACAD
1000
ACAD_MTEXT_COLUMN_INFO_BEGIN
1070
    75
1070
     2
1070
    79
1070
     0
1070
    76
1070
     1
1070
    78
1070
     0
1070
    48
1040
1000.187597830896
1070
    49
1040
12.5
1070
    50
1070
     1
1040
0.0
1000
ACAD_MTEXT_COLUMN_INFO_END
  0
MTEXT
  5
1DD3
330
1F
100
AcDbEntity
  8
0
100
AcDbMText
 10
-7623.787347246085
 20
330.789131071786
 30
0.0
 40
60.0
 41
1000.187597830896
 46
0.0
 71
     1
 72
     5
  1
Фотопечать внутри. Лицо
 73
     1
 44
1.0
1001
ACAD
1000
ACAD_MTEXT_COLUMN_INFO_BEGIN
1070
    75
1070
     2
1070
    79
1070
     0
1070
    76
1070
     1
1070
    78
1070
     0
1070
    48
1040
1000.187597830896
1070
    49
1040
12.5
1070
    50
1070
     1
1040
0.0
1000
ACAD_MTEXT_COLUMN_INFO_END
  0
MTEXT
  5
1DD4
330
1F
100
AcDbEntity
  8
0
100
AcDbMText
 10
-5899.57199846916
 20
330.789131071786
 30
0.0
 40
60.0
 41
1000.187597830896
 46
0.0
 71
     1
 72
     5
  1
Фотопечать внутри. Лицо
 73
     1
 44
1.0
1001
ACAD
1000
ACAD_MTEXT_COLUMN_INFO_BEGIN
1070
    75
1070
     2
1070
    79
1070
     0
1070
    76
1070
     1
1070
    78
1070
     0
1070
    48
1040
1000.187597830896
1070
    49
1040
12.5
1070
    50
1070
     1
1040
0.0
1000
ACAD_MTEXT_COLUMN_INFO_END
  0
MTEXT
  5
1DD5
330
1F
100
AcDbEntity
  8
0
100
AcDbMText
 10
-4024.380511210304
 20
330.789131071786
 30
0.0
 40
60.0
 41
1000.187597830896
 46
0.0
 71
     1
 72
     5
  1
Фотопечать внутри. Лицо
 73
     1
 44
1.0
1001
ACAD
1000
ACAD_MTEXT_COLUMN_INFO_BEGIN
1070
    75
1070
     2
1070
    79
1070
     0
1070
    76
1070
     1
1070
    78
1070
     0
1070
    48
1040
1000.187597830896
1070
    49
1040
12.5
1070
    50
1070
     1
1040
0.0
1000
ACAD_MTEXT_COLUMN_INFO_END
  0
MTEXT
  5
1DD6
330
1F
100
AcDbEntity
  8
0
100
AcDbMText
 10
-1905.058482219934
 20
330.789131071786
 30
0.0
 40
60.0
 41
568.7350974248838
 46
0.0
 71
     1
 72
     5
  1
Фотопечать внутри. Лицо
 73
     1
 44
1.0
1001
ACAD
1000
ACAD_MTEXT_COLUMN_INFO_BEGIN
1070
    75
1070
     2
1070
    79
1070
     0
1070
    76
1070
     1
1070
    78
1070
     0
1070
    48
1040
568.7350974248838
1070
    49
1040
12.5
1070
    50
1070
     1
1040
0.0
1000
ACAD_MTEXT_COLUMN_INFO_END
  0
MTEXT
  5
1DD7
330
1F
100
AcDbEntity
  8
0
100
AcDbMText
 10
-280.8996657153802
 20
319.7492504739785
 30
0.0
 40
60.0
 41
1153.146851652302
 46
0.0
 71
     1
 72
     5
  1
Матовая пленка №2 внутри
 73
     1
 44
1.0
1001
ACAD
1000
ACAD_MTEXT_COLUMN_INFO_BEGIN
1070
    75
1070
     2
1070
    79
1070
     0
1070
    76
1070
     1
1070
    78
1070
     0
1070
    48
1040
1153.146851652302
1070
    49
1040
12.5
1070
    50
1070
     1
1040
0.0
1000
ACAD_MTEXT_COLUMN_INFO_END
  0
MTEXT
  5
1DD8
330
1F
100
AcDbEntity
  8
0
100
AcDbMText
 10
-1041.432869168031
 20
324.6091427188949
 30
0.0
 40
60.0
 41
638.5566967436152
 46
0.0
 71
     1
 72
     5
  1
Матовая пленка №2 внутри
 73
     1
 44
1.0
1001
ACAD
1000
ACAD_MTEXT_COLUMN_INFO_BEGIN
1070
    75
1070
     2
1070
    79
1070
     0
1070
    76
1070
     1
1070
    78
1070
     0
1070
    48
1040
638.5566967436152
1070
    49
1040
12.5
1070
    50
1070
     1
1040
202.4331033458779
1000
ACAD_MTEXT_COLUMN_INFO_END
  0
MTEXT
  5
1DD9
330
1F
100
AcDbEntity
  8
0
100
AcDbMText
 10
-15465.065725089
 20
3333.356023909488
 30
0.0
 40
60.0
 41
638.5566967436152
 46
0.0
 71
     1
 72
     5
  1
Матовая пленка №2 внутри
 73
     1
 44
1.0
1001
ACAD
1000
ACAD_MTEXT_COLUMN_INFO_BEGIN
1070
    75
1070
     2
1070
    79
1070
     0
1070
    76
1070
     1
1070
    78
1070
     0
1070
    48
1040
638.5566967436152
1070
    49
1040
12.5
1070
    50
1070
     1
1040
202.4331033458779
1000
ACAD_MTEXT_COLUMN_INFO_END
  0
MTEXT
  5
1DDA
330
1F
100
AcDbEntity
  8
0
100
AcDbMText
 10
-14308.15952051007
 20
3333.356023909488
 30
0.0
 40
60.0
 41
638.5566967436152
 46
0.0
 71
     1
 72
     5
  1
Матовая пленка №2 внутри
 73
     1
 44
1.0
1001
ACAD
1000
ACAD_MTEXT_COLUMN_INFO_BEGIN
1070
    75
1070
     2
1070
    79
1070
     0
1070
    76
1070
     1
1070
    78
1070
     0
1070
    48
1040
638.5566967436152
1070
    49
1040
12.5
1070
    50
1070
     1
1040
202.4331033458779
1000
ACAD_MTEXT_COLUMN_INFO_END
  0
MTEXT
  5
1DDB
330
1F
100
AcDbEntity
  8
0
100
AcDbMText
 10
-13194.09944030824
 20
3333.356023909488
 30
0.0
 40
60.0
 41
638.5566967436152
 46
0.0
 71
     1
 72
     5
  1
Матовая пленка №2 внутри
 73
     1
 44
1.0
1001
ACAD
1000
ACAD_MTEXT_COLUMN_INFO_BEGIN
1070
    75
1070
     2
1070
    79
1070
     0
1070
    76
1070
     1
1070
    78
1070
     0
1070
    48
1040
638.5566967436152
1070
    49
1040
12.5
1070
    50
1070
     1
1040
202.4331033458779
1000
ACAD_MTEXT_COLUMN_INFO_END
  0
MTEXT
  5
1DDC
330
1F
100
AcDbEntity
  8
0
100
AcDbMText
 10
-12010.41032174044
 20
3333.356023909488
 30
0.0
 40
60.0
 41
638.5566967436152
 46
0.0
 71
     1
 72
     5
  1
Матовая пленка №2 внутри
 73
     1
 44
1.0
1001
ACAD
1000
ACAD_MTEXT_COLUMN_INFO_BEGIN
1070
    75
1070
     2
1070
    79
1070
     0
1070
    76
1070
     1
1070
    78
1070
     0
1070
    48
1040
638.5566967436152
1070
    49
1040
12.5
1070
    50
1070
     1
1040
202.4331033458779
1000
ACAD_MTEXT_COLUMN_INFO_END
  0
MTEXT
  5
1DDD
330
1F
100
AcDbEntity
  8
0
100
AcDbMText
 10
-10818.52984635783
 20
3333.356023909488
 30
0.0
 40
60.0
 41
638.5566967436152
 46
0.0
 71
     1
 72
     5
  1
Матовая пленка №2 внутри
 73
     1
 44
1.0
1001
ACAD
1000
ACAD_MTEXT_COLUMN_INFO_BEGIN
1070
    75
1070
     2
1070
    79
1070
     0
1070
    76
1070
     1
1070
    78
1070
     0
1070
    48
1040
638.5566967436152
1070
    49
1040
12.5
1070
    50
1070
     1
1040
202.4331033458779
1000
ACAD_MTEXT_COLUMN_INFO_END
  0
MTEXT
  5
1DDE
330
1F
100
AcDbEntity
  8
0
100
AcDbMText
 10
-9582.069720796026
 20
3333.356023909488
 30
0.0
 40
60.0
 41
638.5566967436152
 46
0.0
 71
     1
 72
     5
  1
Матовая пленка №2 внутри
 73
     1
 44
1.0
1001
ACAD
1000
ACAD_MTEXT_COLUMN_INFO_BEGIN
1070
    75
1070
     2
1070
    79
1070
     0
1070
    76
1070
     1
1070
    78
1070
     0
1070
    48
1040
638.5566967436152
1070
    49
1040
12.5
1070
    50
1070
     1
1040
202.4331033458779
1000
ACAD_MTEXT_COLUMN_INFO_END
  0
MTEXT
  5
1DDF
330
1F
100
AcDbEntity
  8
0
100
AcDbMText
 10
-8374.738555429045
 20
3333.356023909488
 30
0.0
 40
60.0
 41
638.5566967436152
 46
0.0
 71
     1
 72
     5
  1
Матовая пленка №2 внутри
 73
     1
 44
1.0
1001
ACAD
1000
ACAD_MTEXT_COLUMN_INFO_BEGIN
1070
    75
1070
     2
1070
    79
1070
     0
1070
    76
1070
     1
1070
    78
1070
     0
1070
    48
1040
638.5566967436152
1070
    49
1040
12.5
1070
    50
1070
     1
1040
202.4331033458779
1000
ACAD_MTEXT_COLUMN_INFO_END
  0
MTEXT
  5
1DE1
330
1F
100
AcDbEntity
  8
0
100
AcDbMText
 10
-15158.40035774062
 20
2161.273165758387
 30
0.0
 40
100.0
 41
122.433212612028
 46
0.0
 71
     1
 72
     5
  1
1
 73
     1
 44
1.0
1001
ACAD
1000
ACAD_MTEXT_COLUMN_INFO_BEGIN
1070
    75
1070
     2
1070
    79
1070
     0
1070
    76
1070
     1
1070
    78
1070
     0
1070
    48
1040
122.433212612028
1070
    49
1040
12.5
1070
    50
1070
     1
1040
0.0
1000
ACAD_MTEXT_COLUMN_INFO_END
  0
MTEXT
  5
1DE2
330
1F
100
AcDbEntity
  8
0
100
AcDbMText
 10
-13988.90491416405
 20
2161.273165758387
 30
0.0
 40
100.0
 41
122.433212612028
 46
0.0
 71
     1
 72
     5
  1
2
 73
     1
 44
1.0
1001
ACAD
1000
ACAD_MTEXT_COLUMN_INFO_BEGIN
1070
    75
1070
     2
1070
    79
1070
     0
1070
    76
1070
     1
1070
    78
1070
     0
1070
    48
1040
122.433212612028
1070
    49
1040
12.5
1070
    50
1070
     1
1040
0.0
1000
ACAD_MTEXT_COLUMN_INFO_END
  0
MTEXT
  5
1DE3
330
1F
100
AcDbEntity
  8
0
100
AcDbMText
 10
-12827.88430003173
 20
2161.273165758387
 30
0.0
 40
100.0
 41
122.433212612028
 46
0.0
 71
     1
 72
     5
  1
3
 73
     1
 44
1.0
1001
ACAD
1000
ACAD_MTEXT_COLUMN_INFO_BEGIN
1070
    75
1070
     2
1070
    79
1070
     0
1070
    76
1070
     1
1070
    78
1070
     0
1070
    48
1040
122.433212612028
1070
    49
1040
12.5
1070
    50
1070
     1
1040
0.0
1000
ACAD_MTEXT_COLUMN_INFO_END
  0
MTEXT
  5
1DE4
330
1F
100
AcDbEntity
  8
0
100
AcDbMText
 10
-11700.76204922319
 20
2161.273165758387
 30
0.0
 40
100.0
 41
122.433212612028
 46
0.0
 71
     1
 72
     5
  1
4
 73
     1
 44
1.0
1001
ACAD
1000
ACAD_MTEXT_COLUMN_INFO_BEGIN
1070
    75
1070
     2
1070
    79
1070
     0
1070
    76
1070
     1
1070
    78
1070
     0
1070
    48
1040
122.433212612028
1070
    49
1040
12.5
1070
    50
1070
     1
1040
0.0
1000
ACAD_MTEXT_COLUMN_INFO_END
  0
MTEXT
  5
1DE5
330
1F
100
AcDbEntity
  8
0
100
AcDbMText
 10
-10459.33160811326
 20
2161.273165758387
 30
0.0
 40
100.0
 41
122.433212612028
 46
0.0
 71
     1
 72
     5
  1
5
 73
     1
 44
1.0
1001
ACAD
1000
ACAD_MTEXT_COLUMN_INFO_BEGIN
1070
    75
1070
     2
1070
    79
1070
     0
1070
    76
1070
     1
1070
    78
1070
     0
1070
    48
1040
122.433212612028
1070
    49
1040
12.5
1070
    50
1070
     1
1040
0.0
1000
ACAD_MTEXT_COLUMN_INFO_END
  0
MTEXT
  5
1DE6
330
1F
100
AcDbEntity
  8
0
100
AcDbMText
 10
-9271.37465162445
 20
2161.273165758387
 30
0.0
 40
100.0
 41
122.433212612028
 46
0.0
 71
     1
 72
     5
  1
6
 73
     1
 44
1.0
1001
ACAD
1000
ACAD_MTEXT_COLUMN_INFO_BEGIN
1070
    75
1070
     2
1070
    79
1070
     0
1070
    76
1070
     1
1070
    78
1070
     0
1070
    48
1040
122.433212612028
1070
    49
1040
12.5
1070
    50
1070
     1
1040
0.0
1000
ACAD_MTEXT_COLUMN_INFO_END
  0
MTEXT
  5
1DE7
330
1F
100
AcDbEntity
  8
0
100
AcDbMText
 10
-8006.775333937673
 20
2161.273165758387
 30
0.0
 40
100.0
 41
122.433212612028
 46
0.0
 71
     1
 72
     5
  1
7
 73
     1
 44
1.0
1001
ACAD
1000
ACAD_MTEXT_COLUMN_INFO_BEGIN
1070
    75
1070
     2
1070
    79
1070
     0
1070
    76
1070
     1
1070
    78
1070
     0
1070
    48
1040
122.433212612028
1070
    49
1040
12.5
1070
    50
1070
     1
1040
0.0
1000
ACAD_MTEXT_COLUMN_INFO_END
  0
LINE
  5
1DEA
330
1F
100
AcDbEntity
  8
0
100
AcDbLine
 10
-4065.547861222676
 20
-38.15503554971292
 30
0.0
 11
-4065.547861222676
 21
-2050.155035549713
 31
0.0
  0
LINE
  5
1DEB
102
{ACAD_REACTORS
330
1E25
330
1E2B
102
}
330
1F
100
AcDbEntity
  8
0
100
AcDbLine
 10
-4065.547861222676
 20
-2050.155035549713
 30
0.0
 11
-3190.547861222676
 21
-2050.155035549713
 31
0.0
  0
LINE
  5
1DEC
102
{ACAD_REACTORS
330
1E25
102
}
330
1F
100
AcDbEntity
  8
0
100
AcDbLine
 10
-3190.547861222676
 20
-2050.155035549713
 30
0.0
 11
-3190.547861222676
 21
-38.15503554971292
 31
0.0
  0
LINE
  5
1DED
102
{ACAD_REACTORS
330
1E2B
102
}
330
1F
100
AcDbEntity
  8
0
100
AcDbLine
 10
-3190.547861222676
 20
-38.15503554971292
 30
0.0
 11
-4065.547861222676
 21
-38.15503554971292
 31
0.0
  0
LINE
  5
1DEE
330
1F
100
AcDbEntity
  8
0
100
AcDbLine
 10
-3187.547861222676
 20
-38.15503554971292
 30
0.0
 11
-3187.547861222676
 21
-2050.155035549713
 31
0.0
  0
LINE
  5
1DEF
102
{ACAD_REACTORS
330
1E28
102
}
330
1F
100
AcDbEntity
  8
0
100
AcDbLine
 10
-3187.547861222676
 20
-2050.155035549713
 30
0.0
 11
-2353.547861222676
 21
-2050.155035549713
 31
0.0
  0
LINE
  5
1DF0
102
{ACAD_REACTORS
330
1E28
102
}
330
1F
100
AcDbEntity
  8
0
 62
     7
100
AcDbLine
 10
-2353.547861222676
 20
-2050.155035549713
 30
0.0
 11
-2353.547861222676
 21
-38.15503554971292
 31
0.0
  0
LINE
  5
1DF1
330
1F
100
AcDbEntity
  8
0
 62
     7
100
AcDbLine
 10
-2353.547861222676
 20
-38.15503554971292
 30
0.0
 11
-3187.547861222676
 21
-38.15503554971292
 31
0.0
  0
LINE
  5
1DF2
330
1F
100
AcDbEntity
  8
0
100
AcDbLine
 10
-1561.145199218841
 20
-38.15503554971292
 30
0.0
 11
-1747.145199218841
 21
-38.15503554971292
 31
0.0
  0
LINE
  5
1DF3
102
{ACAD_REACTORS
330
1E31
102
}
330
1F
100
AcDbEntity
  8
0
100
AcDbLine
 10
-1747.145199218841
 20
-38.15503554971292
 30
0.0
 11
-1747.145199218841
 21
-2050.155035549713
 31
0.0
  0
LINE
  5
1DF4
102
{ACAD_REACTORS
330
1E2E
330
1E31
102
}
330
1F
100
AcDbEntity
  8
0
100
AcDbLine
 10
-1747.145199218841
 20
-2050.155035549713
 30
0.0
 11
-1561.145199218841
 21
-2050.155035549713
 31
0.0
  0
LINE
  5
1DF5
102
{ACAD_REACTORS
330
1E2E
102
}
330
1F
100
AcDbEntity
  8
0
100
AcDbLine
 10
-1561.145199218841
 20
-2050.155035549713
 30
0.0
 11
-1561.145199218841
 21
-38.15503554971292
 31
0.0
  0
LWPOLYLINE
  5
1DF6
102
{ACAD_REACTORS
330
1E3A
330
1E40
102
}
330
1F
100
AcDbEntity
  8
0
100
AcDbPolyline
 90
        4
 70
     1
 43
0.0
 10
-257.9931476320962
 20
-38.15503554971292
 10
446.5068523679037
 20
-38.15503554971292
 10
446.5068523679037
 20
-2050.155035549713
 10
-257.9931476320962
 20
-2050.155035549713
  0
LWPOLYLINE
  5
1DF7
102
{ACAD_REACTORS
330
1E3D
102
}
330
1F
100
AcDbEntity
  8
0
 62
     7
100
AcDbPolyline
 90
        4
 70
     1
 43
0.0
 10
449.5068523679037
 20
-2050.155035549713
 10
1154.006852367904
 20
-2050.155035549713
 10
1154.006852367904
 20
-38.15503554971292
 10
449.5068523679037
 20
-38.15503554971292
  0
LWPOLYLINE
  5
1DF8
102
{ACAD_REACTORS
330
1E34
330
1E37
102
}
330
1F
100
AcDbEntity
  8
0
100
AcDbPolyline
 90
        4
 70
     1
 43
0.0
 10
-939.991247758593
 20
-38.15503554971292
 10
-753.991247758593
 20
-38.15503554971292
 10
-753.991247758593
 20
-2050.155035549713
 10
-939.991247758593
 20
-2050.155035549713
  0
LINE
  5
1DF9
102
{ACAD_REACTORS
330
1EEB
102
}
330
1F
100
AcDbEntity
  8
0
100
AcDbLine
 10
-15171.16612628095
 20
-20.15503554971292
 30
-0.0000000000000178
 11
-14271.16612628095
 21
-20.15503554971292
 31
-0.0000000000000178
  0
LINE
  5
1DFA
102
{ACAD_REACTORS
330
1E0A
330
1EEB
102
}
330
1F
100
AcDbEntity
  8
0
100
AcDbLine
 10
-15171.16612628095
 20
-2358.155035549713
 30
-0.0000000000001421
 11
-14271.16612628095
 21
-2358.155035549713
 31
-0.0000000000001421
  0
LWPOLYLINE
  5
1DFB
102
{ACAD_REACTORS
330
1E07
330
1E10
102
}
330
1F
100
AcDbEntity
  8
0
100
AcDbPolyline
 90
        4
 70
     1
 43
0.0
 10
-15460.66612628095
 20
-2350.155035549713
 10
-15175.16612628095
 20
-2350.155035549713
 10
-15175.16612628095
 20
-38.15503554971292
 10
-15460.66612628095
 20
-38.15503554971292
  0
LWPOLYLINE
  5
1DFC
102
{ACAD_REACTORS
330
1E0D
330
1E13
102
}
330
1F
100
AcDbEntity
  8
0
100
AcDbPolyline
 90
        4
 70
     1
 43
0.0
 10
-14250.16612628095
 20
-38.15503554971292
 10
-13981.66612628095
 20
-38.15503554971292
 10
-13981.66612628095
 20
-2350.155035549713
 10
-14250.16612628095
 20
-2350.155035549713
  0
LINE
  5
1DFD
102
{ACAD_REACTORS
330
1EEE
102
}
330
1F
100
AcDbEntity
  8
0
100
AcDbLine
 10
-13011.90966469167
 20
-20.15503554971292
 30
-0.0000000000000178
 11
-12111.90966469167
 21
-20.15503554971292
 31
-0.0000000000000178
  0
LWPOLYLINE
  5
1DFE
102
{ACAD_REACTORS
330
1E16
330
1E19
102
}
330
1F
100
AcDbEntity
  8
0
100
AcDbPolyline
 90
        4
 70
     1
 43
0.0
 10
-13295.90966469167
 20
-38.15503554971292
 10
-13015.90966469167
 20
-38.15503554971292
 10
-13015.90966469167
 20
-2350.155035549713
 10
-13295.90966469167
 20
-2350.155035549713
  0
LWPOLYLINE
  5
1DFF
102
{ACAD_REACTORS
330
1E1F
330
1E22
102
}
330
1F
100
AcDbEntity
  8
0
100
AcDbPolyline
 90
        4
 70
     1
 43
0.0
 10
-12090.90966469167
 20
-2350.155035549713
 10
-11827.90966469167
 20
-2350.155035549713
 10
-11827.90966469167
 20
-38.15503554971292
 10
-12090.90966469167
 20
-38.15503554971292
  0
LINE
  5
1E00
102
{ACAD_REACTORS
330
1E1C
330
1EEE
102
}
330
1F
100
AcDbEntity
  8
0
100
AcDbLine
 10
-13011.90966469167
 20
-2358.155035549713
 30
-0.0000000000001421
 11
-12111.90966469167
 21
-2358.155035549713
 31
-0.0000000000001421
  0
CIRCLE
  5
1E01
330
1F
100
AcDbEntity
  8
0
100
AcDbCircle
 10
-14341.16612628095
 20
-1045.655035549713
 30
0.0
 40
6.0
  0
CIRCLE
  5
1E02
330
1F
100
AcDbEntity
  8
0
100
AcDbCircle
 10
-14341.16612628095
 20
-1670.655035549713
 30
0.0
 40
6.0
  0
CIRCLE
  5
1E03
330
1F
100
AcDbEntity
  8
0
100
AcDbCircle
 10
-12181.90966469167
 20
-1045.655035549713
 30
0.0
 40
6.0
  0
CIRCLE
  5
1E04
330
1F
100
AcDbEntity
  8
0
100
AcDbCircle
 10
-12181.90966469167
 20
-1670.655035549713
 30
0.0
 40
6.0
  0
DIMENSION
  5
1E05
102
{ACAD_XDICTIONARY
360
1E06
102
}
102
{ACAD_REACTORS
330
1E07
102
}
330
1F
100
AcDbEntity
  8
0
100
AcDbDimension
280
     0
  2
*D85
 10
-15175.16612628095
 20
-2429.960372949914
 30
0.0
 11
-15317.91612628095
 21
-2414.31149846151
 31
0.0
 70
    32
 71
     5
 42
285.5
 73
     0
 74
     0
 75
     0
  3
ISO-25
100
AcDbAlignedDimension
 13
-15460.66612628095
 23
-2350.155035549713
 33
0.0
 14
-15175.16612628095
 24
-2350.155035549713
 34
0.0
100
AcDbRotatedDimension
  0
DIMENSION
  5
1E08
102
{ACAD_XDICTIONARY
360
1E09
102
}
102
{ACAD_REACTORS
330
1E0A
102
}
330
1F
100
AcDbEntity
  8
0
100
AcDbDimension
280
     0
  2
*D86
 10
-14271.16612628095
 20
-2430.650404642835
 30
0.0
 11
-14721.16612628095
 21
-2417.261079949792
 31
0.0
 70
    32
 71
     5
 42
900.0
 73
     0
 74
     0
 75
     0
  3
ISO-25
100
AcDbAlignedDimension
 13
-15171.16612628095
 23
-2358.155035549713
 33
0.0
 14
-14271.16612628095
 24
-2358.155035549713
 34
-0.0000000000001421
100
AcDbRotatedDimension
  0
DIMENSION
  5
1E0B
102
{ACAD_XDICTIONARY
360
1E0C
102
}
102
{ACAD_REACTORS
330
1E0D
102
}
330
1F
100
AcDbEntity
  8
0
100
AcDbDimension
280
     0
  2
*D87
 10
-13981.66612628095
 20
-2433.268626144523
 30
0.0
 11
-14115.91612628095
 21
-2417.61975165612
 31
0.0
 70
    32
 71
     5
 42
268.5
 73
     0
 74
     0
 75
     0
  3
ISO-25
100
AcDbAlignedDimension
 13
-14250.16612628095
 23
-2350.155035549713
 33
0.0
 14
-13981.66612628095
 24
-2350.155035549713
 34
0.0
100
AcDbRotatedDimension
  0
DIMENSION
  5
1E0E
102
{ACAD_XDICTIONARY
360
1E0F
102
}
102
{ACAD_REACTORS
330
1E10
102
}
330
1F
100
AcDbEntity
  8
0
100
AcDbDimension
280
     0
  2
*D88
 10
-15533.35644402137
 20
-2350.155035549713
 30
0.0
 11
-15546.75429531742
 21
-1194.155035549715
 31
0.0
 70
    32
 71
     5
 42
2312.0
 73
     0
 74
     0
 75
     0
  3
ISO-25
100
AcDbAlignedDimension
 13
-15460.66612628095
 23
-38.15503554971292
 33
0.0
 14
-15460.66612628095
 24
-2350.155035549713
 34
0.0
 50
90.0
100
AcDbRotatedDimension
  0
DIMENSION
  5
1E11
102
{ACAD_XDICTIONARY
360
1E12
102
}
102
{ACAD_REACTORS
330
1E13
102
}
330
1F
100
AcDbEntity
  8
0
100
AcDbDimension
280
     0
  2
*D89
 10
-13901.52706251131
 20
-2350.155035549713
 30
0.0
 11
-13914.92491380735
 21
-1194.155035549715
 31
0.0
 70
    32
 71
     5
 42
2312.0
 73
     0
 74
     0
 75
     0
  3
ISO-25
100
AcDbAlignedDimension
 13
-13981.66612628095
 23
-38.15503554971292
 33
0.0
 14
-13981.66612628095
 24
-2350.155035549713
 34
0.0
 50
90.0
100
AcDbRotatedDimension
  0
DIMENSION
  5
1E14
102
{ACAD_XDICTIONARY
360
1E15
102
}
102
{ACAD_REACTORS
330
1E16
102
}
330
1F
100
AcDbEntity
  8
0
100
AcDbDimension
280
     0
  2
*D90
 10
-13373.49903750979
 20
-2350.155035549713
 30
0.0
 11
-13386.89688880583
 21
-1194.155035549715
 31
0.0
 70
    32
 71
     5
 42
2312.0
 73
     0
 74
     0
 75
     0
  3
ISO-25
100
AcDbAlignedDimension
 13
-13295.90966469167
 23
-38.15503554971292
 33
0.0
 14
-13295.90966469167
 24
-2350.155035549713
 34
0.0
 50
90.0
100
AcDbRotatedDimension
  0
DIMENSION
  5
1E17
102
{ACAD_XDICTIONARY
360
1E18
102
}
102
{ACAD_REACTORS
330
1E19
102
}
330
1F
100
AcDbEntity
  8
0
100
AcDbDimension
280
     0
  2
*D91
 10
-13015.90966469167
 20
-2444.973336977546
 30
0.0
 11
-13155.90966469167
 21
-2431.584012284504
 31
0.0
 70
    32
 71
     5
 42
280.0
 73
     0
 74
     0
 75
     0
  3
ISO-25
100
AcDbAlignedDimension
 13
-13295.90966469167
 23
-2350.155035549713
 33
0.0
 14
-13015.90966469167
 24
-2350.155035549713
 34
0.0
100
AcDbRotatedDimension
  0
DIMENSION
  5
1E1A
102
{ACAD_XDICTIONARY
360
1E1B
102
}
102
{ACAD_REACTORS
330
1E1C
102
}
330
1F
100
AcDbEntity
  8
0
100
AcDbDimension
280
     0
  2
*D92
 10
-12111.90966469167
 20
-2444.844197244398
 30
0.0
 11
-12561.90966469167
 21
-2431.454872551356
 31
0.0
 70
    32
 71
     5
 42
900.0
 73
     0
 74
     0
 75
     0
  3
ISO-25
100
AcDbAlignedDimension
 13
-13011.90966469167
 23
-2358.155035549713
 33
0.0
 14
-12111.90966469167
 24
-2358.155035549713
 34
-0.0000000000001421
100
AcDbRotatedDimension
  0
DIMENSION
  5
1E1D
102
{ACAD_XDICTIONARY
360
1E1E
102
}
102
{ACAD_REACTORS
330
1E1F
102
}
330
1F
100
AcDbEntity
  8
0
100
AcDbDimension
280
     0
  2
*D93
 10
-11827.90966469167
 20
-2444.248966980103
 30
0.0
 11
-11959.40966469167
 21
-2430.85111568406
 31
0.0
 70
    32
 71
     5
 42
263.0
 73
     0
 74
     0
 75
     0
  3
ISO-25
100
AcDbAlignedDimension
 13
-12090.90966469167
 23
-2350.155035549713
 33
0.0
 14
-11827.90966469167
 24
-2350.155035549713
 34
0.0
100
AcDbRotatedDimension
  0
DIMENSION
  5
1E20
102
{ACAD_XDICTIONARY
360
1E21
102
}
102
{ACAD_REACTORS
330
1E22
102
}
330
1F
100
AcDbEntity
  8
0
100
AcDbDimension
280
     0
  2
*D94
 10
-11757.23931337602
 20
-2350.155035549713
 30
0.0
 11
-11770.63716467207
 21
-1194.155035549715
 31
0.0
 70
    32
 71
     5
 42
2312.0
 73
     0
 74
     0
 75
     0
  3
ISO-25
100
AcDbAlignedDimension
 13
-11827.90966469167
 23
-38.15503554971292
 33
0.0
 14
-11827.90966469167
 24
-2350.155035549713
 34
0.0
 50
90.0
100
AcDbRotatedDimension
  0
DIMENSION
  5
1E23
102
{ACAD_XDICTIONARY
360
1E24
102
}
102
{ACAD_REACTORS
330
1E25
102
}
330
1F
100
AcDbEntity
  8
0
100
AcDbDimension
280
     0
  2
*D95
 10
-3190.547861222676
 20
-2148.22923006563
 30
0.0
 11
-3628.047861222677
 21
-2134.839905372587
 31
0.0
 70
    32
 71
     5
 42
875.0
 73
     0
 74
     0
 75
     0
  3
ISO-25
100
AcDbAlignedDimension
 13
-4065.547861222676
 23
-2050.155035549713
 33
0.0
 14
-3190.547861222676
 24
-2050.155035549713
 34
0.0
100
AcDbRotatedDimension
  0
DIMENSION
  5
1E26
102
{ACAD_XDICTIONARY
360
1E27
102
}
102
{ACAD_REACTORS
330
1E28
102
}
330
1F
100
AcDbEntity
  8
0
100
AcDbDimension
280
     0
  2
*D96
 10
-2353.547861222676
 20
-2148.697398707423
 30
0.0
 11
-2770.547861222676
 21
-2135.29954741138
 31
0.0
 70
    32
 71
     5
 42
834.0
 73
     0
 74
     0
 75
     0
  3
ISO-25
100
AcDbAlignedDimension
 13
-3187.547861222676
 23
-2050.155035549713
 33
0.0
 14
-2353.547861222676
 24
-2050.155035549713
 34
0.0
100
AcDbRotatedDimension
  0
DIMENSION
  5
1E29
102
{ACAD_XDICTIONARY
360
1E2A
102
}
102
{ACAD_REACTORS
330
1E2B
102
}
330
1F
100
AcDbEntity
  8
0
100
AcDbDimension
280
     0
  2
*D97
 10
-4118.438890131892
 20
-2050.155035549713
 30
0.0
 11
-4131.828214824934
 21
-1044.155035549714
 31
0.0
 70
    32
 71
     5
 42
2012.0
 73
     0
 74
     0
 75
     0
  3
ISO-25
100
AcDbAlignedDimension
 13
-4065.547861222676
 23
-38.15503554971292
 33
0.0
 14
-4065.547861222676
 24
-2050.155035549713
 34
0.0
 50
90.0
100
AcDbRotatedDimension
  0
DIMENSION
  5
1E2C
102
{ACAD_XDICTIONARY
360
1E2D
102
}
102
{ACAD_REACTORS
330
1E2E
102
}
330
1F
100
AcDbEntity
  8
0
100
AcDbDimension
280
     0
  2
*D98
 10
-1561.145199218841
 20
-2114.997766856399
 30
0.0
 11
-1654.145199218841
 21
-2101.608442163357
 31
0.0
 70
    32
 71
     5
 42
186.0
 73
     0
 74
     0
 75
     0
  3
ISO-25
100
AcDbAlignedDimension
 13
-1747.145199218841
 23
-2050.155035549713
 33
0.0
 14
-1561.145199218841
 24
-2050.155035549713
 34
0.0
100
AcDbRotatedDimension
  0
DIMENSION
  5
1E2F
102
{ACAD_XDICTIONARY
360
1E30
102
}
102
{ACAD_REACTORS
330
1E31
102
}
330
1F
100
AcDbEntity
  8
0
100
AcDbDimension
280
     0
  2
*D99
 10
-1769.286719073662
 20
-38.15503554971292
 30
0.0
 11
-1782.676043766703
 21
-1044.155035549713
 31
0.0
 70
    32
 71
     5
 42
2012.0
 73
     0
 74
     0
 75
     0
  3
ISO-25
100
AcDbAlignedDimension
 13
-1747.145199218841
 23
-2050.155035549713
 33
0.0
 14
-1747.145199218841
 24
-38.15503554971292
 34
0.0
 50
90.0
100
AcDbRotatedDimension
  0
DIMENSION
  5
1E32
102
{ACAD_XDICTIONARY
360
1E33
102
}
102
{ACAD_REACTORS
330
1E34
102
}
330
1F
100
AcDbEntity
  8
0
100
AcDbDimension
280
     0
  2
*D100
 10
-713.8453305041512
 20
-2050.155035549713
 30
0.0
 11
-727.2346551971931
 21
-1044.155035549713
 31
0.0
 70
    32
 71
     5
 42
2012.0
 73
     0
 74
     0
 75
     0
  3
ISO-25
100
AcDbAlignedDimension
 13
-753.991247758593
 23
-38.15503554971292
 33
0.0
 14
-753.991247758593
 24
-2050.155035549713
 34
0.0
 50
90.0
100
AcDbRotatedDimension
  0
DIMENSION
  5
1E35
102
{ACAD_XDICTIONARY
360
1E36
102
}
102
{ACAD_REACTORS
330
1E37
102
}
330
1F
100
AcDbEntity
  8
0
100
AcDbDimension
280
     0
  2
*D101
 10
-753.991247758593
 20
-2123.122486788103
 30
0.0
 11
-846.991247758593
 21
-2109.733162095061
 31
0.0
 70
    32
 71
     5
 42
186.0
 73
     0
 74
     0
 75
     0
  3
ISO-25
100
AcDbAlignedDimension
 13
-939.991247758593
 23
-2050.155035549713
 33
0.0
 14
-753.991247758593
 24
-2050.155035549713
 34
0.0
100
AcDbRotatedDimension
  0
DIMENSION
  5
1E38
102
{ACAD_XDICTIONARY
360
1E39
102
}
102
{ACAD_REACTORS
330
1E3A
102
}
330
1F
100
AcDbEntity
  8
0
100
AcDbDimension
280
     0
  2
*D102
 10
446.5068523679037
 20
-2118.22507269336
 30
0.0
 11
94.25685236790377
 21
-2102.576198204956
 31
0.0
 70
    32
 71
     5
 42
704.4999999999999
 73
     0
 74
     0
 75
     0
  3
ISO-25
100
AcDbAlignedDimension
 13
-257.9931476320962
 23
-2050.155035549713
 33
0.0
 14
446.5068523679037
 24
-2050.155035549713
 34
0.0
100
AcDbRotatedDimension
  0
DIMENSION
  5
1E3B
102
{ACAD_XDICTIONARY
360
1E3C
102
}
102
{ACAD_REACTORS
330
1E3D
102
}
330
1F
100
AcDbEntity
  8
0
100
AcDbDimension
280
     0
  2
*D103
 10
1154.006852367904
 20
-2119.631260898787
 30
0.0
 11
801.7568523679038
 21
-2103.982386410383
 31
0.0
 70
    32
 71
     5
 42
704.4999999999999
 73
     0
 74
     0
 75
     0
  3
ISO-25
100
AcDbAlignedDimension
 13
449.5068523679037
 23
-2050.155035549713
 33
0.0
 14
1154.006852367904
 24
-2050.155035549713
 34
0.0
100
AcDbRotatedDimension
  0
DIMENSION
  5
1E3E
102
{ACAD_XDICTIONARY
360
1E3F
102
}
102
{ACAD_REACTORS
330
1E40
102
}
330
1F
100
AcDbEntity
  8
0
100
AcDbDimension
280
     0
  2
*D104
 10
-374.4138109760279
 20
-2050.155035549713
 30
0.0
 11
-387.8031356690698
 21
-1044.155035549713
 31
0.0
 70
    32
 71
     5
 42
2012.0
 73
     0
 74
     0
 75
     0
  3
ISO-25
100
AcDbAlignedDimension
 13
-257.9931476320962
 23
-38.15503554971292
 33
0.0
 14
-257.9931476320962
 24
-2050.155035549713
 34
0.0
 50
90.0
100
AcDbRotatedDimension
  0
LWPOLYLINE
  5
1E41
102
{ACAD_REACTORS
330
1E4C
330
1E4F
102
}
330
1F
100
AcDbEntity
  8
0
100
AcDbPolyline
 90
        4
 70
     1
 43
0.0
 10
-10841.79477725263
 20
-23.15503554971292
 10
-10618.79477725263
 20
-23.15503554971292
 10
-10618.79477725263
 20
-2350.155035549713
 10
-10841.79477725263
 20
-2350.155035549713
  0
LWPOLYLINE
  5
1E42
102
{ACAD_REACTORS
330
1E52
330
1EF7
102
}
330
1F
100
AcDbEntity
  8
0
100
AcDbPolyline
 90
        4
 70
     0
 43
0.0
 10
-10452.95395565053
 20
-6.15503554971292
 10
-9713.794777252632
 20
-6.15503554971292
 10
-9713.794777252632
 20
-2362.155035549713
 10
-10451.79477725263
 20
-2362.155035549713
  0
LWPOLYLINE
  5
1E43
102
{ACAD_REACTORS
330
1E52
102
}
330
1F
100
AcDbEntity
  8
0
100
AcDbPolyline
 90
        2
 70
     0
 43
0.0
 10
-10613.79477725263
 20
-2318.155035549713
 10
-10613.79477725263
 20
-43.15503554971292
  0
LWPOLYLINE
  5
1E44
102
{ACAD_REACTORS
330
1EFA
102
}
330
1F
100
AcDbEntity
  8
0
100
AcDbPolyline
 90
        4
 70
     0
 43
0.0
 10
-9097.351172533349
 20
-6.15503554971292
 10
-8360.204104890792
 20
-6.15503554971292
 10
-8360.204104890792
 20
-2362.155035549713
 10
-9098.204104890793
 20
-2362.155035549713
  0
LWPOLYLINE
  5
1E45
330
1F
100
AcDbEntity
  8
0
100
AcDbPolyline
 90
        2
 70
     0
 43
0.0
 10
-9260.204104890792
 20
-2318.155035549713
 10
-9260.204104890792
 20
-43.15503554971292
  0
LWPOLYLINE
  5
1E46
102
{ACAD_REACTORS
330
1E55
330
1E58
102
}
330
1F
100
AcDbEntity
  8
0
100
AcDbPolyline
 90
        4
 70
     1
 43
0.0
 10
-8355.204104890793
 20
-2350.155035549713
 10
-8139.204104890792
 20
-2350.155035549713
 10
-8139.204104890792
 20
-23.15503554971292
 10
-8355.204104890793
 20
-23.15503554971292
  0
LWPOLYLINE
  5
1E47
102
{ACAD_REACTORS
330
1E5B
330
1EFD
102
}
330
1F
100
AcDbEntity
  8
0
100
AcDbPolyline
 90
        4
 70
     0
 43
0.0
 10
-7507.384907642798
 20
3.844964450287079
 10
-6768.2257292449
 20
3.844964450287079
 10
-6768.2257292449
 20
-2362.155035549713
 10
-7506.225729244899
 20
-2362.155035549713
  0
LWPOLYLINE
  5
1E48
102
{ACAD_REACTORS
330
1E5B
102
}
330
1F
100
AcDbEntity
  8
0
100
AcDbPolyline
 90
        2
 70
     0
 43
0.0
 10
-7668.225729244898
 20
-2318.155035549713
 10
-7668.225729244898
 20
-33.15503554971292
  0
LWPOLYLINE
  5
1E49
102
{ACAD_REACTORS
330
1E5E
330
1E61
102
}
330
1F
100
AcDbEntity
  8
0
100
AcDbPolyline
 90
        4
 70
     1
 43
0.0
 10
-6762.225729244899
 20
-2350.155035549713
 10
-6409.225729244899
 20
-2350.155035549713
 10
-6409.225729244899
 20
-13.15503554971292
 10
-6762.225729244899
 20
-13.15503554971292
  0
DIMENSION
  5
1E4A
102
{ACAD_XDICTIONARY
360
1E4B
102
}
102
{ACAD_REACTORS
330
1E4C
102
}
330
1F
100
AcDbEntity
  8
0
100
AcDbDimension
280
     0
  2
*D105
 10
-10618.79477725263
 20
-2436.151382243811
 30
0.0
 11
-10730.29477725263
 21
-2422.753530947766
 31
0.0
 70
    32
 71
     5
 42
223.0
 73
     0
 74
     0
 75
     0
  3
ISO-25
100
AcDbAlignedDimension
 13
-10841.79477725263
 23
-2350.155035549713
 33
0.0
 14
-10618.79477725263
 24
-2350.155035549713
 34
0.0
100
AcDbRotatedDimension
  0
DIMENSION
  5
1E4D
102
{ACAD_XDICTIONARY
360
1E4E
102
}
102
{ACAD_REACTORS
330
1E4F
102
}
330
1F
100
AcDbEntity
  8
0
100
AcDbDimension
280
     0
  2
*D106
 10
-10933.65237367884
 20
-2350.155035549713
 30
0.0
 11
-10947.05022497489
 21
-1186.655035549714
 31
0.0
 70
    32
 71
     5
 42
2327.0
 73
     0
 74
     0
 75
     0
  3
ISO-25
100
AcDbAlignedDimension
 13
-10841.79477725263
 23
-23.15503554971292
 33
0.0
 14
-10841.79477725263
 24
-2350.155035549713
 34
0.0
 50
90.0
100
AcDbRotatedDimension
  0
DIMENSION
  5
1E50
102
{ACAD_XDICTIONARY
360
1E51
102
}
102
{ACAD_REACTORS
330
1E52
102
}
330
1F
100
AcDbEntity
  8
0
100
AcDbDimension
280
     0
  2
*D107
 10
-9652.814509139812
 20
-2362.155035549713
 30
0.0
 11
-9666.212360435856
 21
-1184.155035549714
 31
0.0
 70
    32
 71
     5
 42
2356.0
 73
     0
 74
     0
 75
     0
  3
ISO-25
100
AcDbAlignedDimension
 13
-9713.794777252632
 23
-6.15503554971292
 33
0.0
 14
-9713.794777252632
 24
-2362.155035549713
 34
0.0
 50
90.0
100
AcDbRotatedDimension
  0
DIMENSION
  5
1E53
102
{ACAD_XDICTIONARY
360
1E54
102
}
102
{ACAD_REACTORS
330
1E55
102
}
330
1F
100
AcDbEntity
  8
0
100
AcDbDimension
280
     0
  2
*D108
 10
-8139.204104890792
 20
-2430.419104253557
 30
0.0
 11
-8247.204104890792
 21
-2417.029779560515
 31
0.0
 70
    32
 71
     5
 42
216.0000000000009
 73
     0
 74
     0
 75
     0
  3
ISO-25
100
AcDbAlignedDimension
 13
-8355.204104890793
 23
-2350.155035549713
 33
0.0
 14
-8139.204104890792
 24
-2350.155035549713
 34
0.0
100
AcDbRotatedDimension
  0
DIMENSION
  5
1E56
102
{ACAD_XDICTIONARY
360
1E57
102
}
102
{ACAD_REACTORS
330
1E58
102
}
330
1F
100
AcDbEntity
  8
0
100
AcDbDimension
280
     0
  2
*D109
 10
-8057.353192672286
 20
-2350.155035549713
 30
0.0
 11
-8070.751043968328
 21
-1186.655035549714
 31
0.0
 70
    32
 71
     5
 42
2327.0
 73
     0
 74
     0
 75
     0
  3
ISO-25
100
AcDbAlignedDimension
 13
-8139.204104890792
 23
-23.15503554971292
 33
0.0
 14
-8139.204104890792
 24
-2350.155035549713
 34
0.0
 50
90.0
100
AcDbRotatedDimension
  0
DIMENSION
  5
1E59
102
{ACAD_XDICTIONARY
360
1E5A
102
}
102
{ACAD_REACTORS
330
1E5B
102
}
330
1F
100
AcDbEntity
  8
0
100
AcDbDimension
280
     0
  2
*D110
 10
-7411.28075328636
 20
-2362.155035549713
 30
0.0
 11
-7411.280753286359
 21
-1179.155035549713
 31
0.0
 70
   160
 71
     5
 42
2366.0
 73
     0
 74
     0
 75
     0
  3
ISO-25
100
AcDbAlignedDimension
 13
-7507.384907642798
 23
3.844964450287079
 33
0.0
 14
-7506.225729244899
 24
-2362.155035549713
 34
0.0
 50
90.0
100
AcDbRotatedDimension
  0
DIMENSION
  5
1E5C
102
{ACAD_XDICTIONARY
360
1E5D
102
}
102
{ACAD_REACTORS
330
1E5E
102
}
330
1F
100
AcDbEntity
  8
0
100
AcDbDimension
280
     0
  2
*D111
 10
-6299.194093783365
 20
-2350.155035549713
 30
0.0
 11
-6312.591945079407
 21
-1181.655035549714
 31
0.0
 70
    32
 71
     5
 42
2337.0
 73
     0
 74
     0
 75
     0
  3
ISO-25
100
AcDbAlignedDimension
 13
-6409.225729244899
 23
-13.15503554971292
 33
0.0
 14
-6409.225729244899
 24
-2350.155035549713
 34
0.0
 50
90.0
100
AcDbRotatedDimension
  0
DIMENSION
  5
1E5F
102
{ACAD_XDICTIONARY
360
1E60
102
}
102
{ACAD_REACTORS
330
1E61
102
}
330
1F
100
AcDbEntity
  8
0
100
AcDbDimension
280
     0
  2
*D112
 10
-6409.225729244899
 20
-2424.904022906263
 30
0.0
 11
-6585.725729244899
 21
-2411.506171610219
 31
0.0
 70
    32
 71
     5
 42
353.0
 73
     0
 74
     0
 75
     0
  3
ISO-25
100
AcDbAlignedDimension
 13
-6762.225729244899
 23
-2350.155035549713
 33
0.0
 14
-6409.225729244899
 24
-2350.155035549713
 34
0.0
100
AcDbRotatedDimension
  0
CIRCLE
  5
1E62
330
1F
100
AcDbEntity
  8
0
100
AcDbCircle
 10
-15136.16612628095
 20
-320.1550355497129
 30
-0.0000000000000178
 40
7.0
  0
CIRCLE
  5
1E63
330
1F
100
AcDbEntity
  8
0
100
AcDbCircle
 10
-15136.16612628095
 20
-365.1550355497129
 30
-0.0000000000000178
 40
7.0
  0
CIRCLE
  5
1E64
330
1F
100
AcDbEntity
  8
0
100
AcDbCircle
 10
-12976.90966469167
 20
-320.1550355497129
 30
-0.0000000000000178
 40
7.0
  0
CIRCLE
  5
1E65
330
1F
100
AcDbEntity
  8
0
100
AcDbCircle
 10
-12976.90966469167
 20
-365.1550355497129
 30
-0.0000000000000178
 40
7.0
  0
CIRCLE
  5
1E66
330
1F
100
AcDbEntity
  8
0
100
AcDbCircle
 10
-15136.16612628095
 20
-2058.155035549713
 30
0.0
 40
7.0
  0
CIRCLE
  5
1E67
330
1F
100
AcDbEntity
  8
0
100
AcDbCircle
 10
-15136.16612628095
 20
-2013.155035549713
 30
0.0
 40
7.0
  0
CIRCLE
  5
1E68
330
1F
100
AcDbEntity
  8
0
100
AcDbCircle
 10
-12976.90966469167
 20
-2058.155035549713
 30
0.0
 40
7.0
  0
CIRCLE
  5
1E69
330
1F
100
AcDbEntity
  8
0
100
AcDbCircle
 10
-12976.90966469167
 20
-2013.155035549713
 30
0.0
 40
7.0
  0
LWPOLYLINE
  5
1E7D
102
{ACAD_REACTORS
330
1E84
330
1F00
102
}
330
1F
100
AcDbEntity
  8
0
100
AcDbPolyline
 90
        4
 70
     0
 43
0.0
 10
-5769.353521173671
 20
-5.15503554971292
 10
-5030.194342775769
 20
-5.15503554971292
 10
-5030.194342775769
 20
-2362.155035549713
 10
-5768.194342775772
 20
-2362.155035549713
  0
LWPOLYLINE
  5
1E7E
102
{ACAD_REACTORS
330
1E81
330
1E87
102
}
330
1F
100
AcDbEntity
  8
0
100
AcDbPolyline
 90
        4
 70
     1
 43
0.0
 10
-5024.194342775769
 20
-22.15503554971292
 10
-4703.194342775769
 20
-22.15503554971292
 10
-4703.194342775769
 20
-2350.155035549713
 10
-5024.194342775769
 20
-2350.155035549713
  0
DIMENSION
  5
1E7F
102
{ACAD_XDICTIONARY
360
1E80
102
}
102
{ACAD_REACTORS
330
1E81
102
}
330
1F
100
AcDbEntity
  8
0
100
AcDbDimension
280
     0
  2
*D116
 10
-4703.194342775769
 20
-2436.15163264894
 30
0.0
 11
-4863.694342775769
 21
-2422.753781352896
 31
0.0
 70
    32
 71
     5
 42
321.0
 73
     0
 74
     0
 75
     0
  3
ISO-25
100
AcDbAlignedDimension
 13
-5024.194342775769
 23
-2350.155035549713
 33
0.0
 14
-4703.194342775769
 24
-2350.155035549713
 34
0.0
100
AcDbRotatedDimension
  0
DIMENSION
  5
1E82
102
{ACAD_XDICTIONARY
360
1E83
102
}
102
{ACAD_REACTORS
330
1E84
102
}
330
1F
100
AcDbEntity
  8
0
100
AcDbDimension
280
     0
  2
*D117
 10
-5659.237143576589
 20
-2362.155035549713
 30
0.0
 11
-5659.237143576589
 21
-1183.655035549709
 31
0.0
 70
   160
 71
     5
 42
2357.0
 73
     0
 74
     0
 75
     0
  3
ISO-25
100
AcDbAlignedDimension
 13
-5769.353521173671
 23
-5.15503554971292
 33
0.0
 14
-5768.194342775772
 24
-2362.155035549713
 34
0.0
 50
90.0
100
AcDbRotatedDimension
  0
DIMENSION
  5
1E85
102
{ACAD_XDICTIONARY
360
1E86
102
}
102
{ACAD_REACTORS
330
1E87
102
}
330
1F
100
AcDbEntity
  8
0
100
AcDbDimension
280
     0
  2
*D118
 10
-4621.586381830017
 20
-2350.155035549713
 30
0.0
 11
-4634.98423312606
 21
-1186.155035549713
 31
0.0
 70
    32
 71
     5
 42
2328.0
 73
     0
 74
     0
 75
     0
  3
ISO-25
100
AcDbAlignedDimension
 13
-4703.194342775769
 23
-22.15503554971292
 33
0.0
 14
-4703.194342775769
 24
-2350.155035549713
 34
0.0
 50
90.0
100
AcDbRotatedDimension
  0
DIMENSION
  5
1E88
102
{ACAD_XDICTIONARY
360
1E89
102
}
102
{ACAD_REACTORS
330
1E8A
102
}
330
1F
100
AcDbEntity
  8
0
100
AcDbDimension
280
     0
  2
*D119
 10
-14609.66612628095
 20
964.2779394337194
 30
0.0
 11
-15044.66612628095
 21
977.6672641267618
 31
0.0
 70
    32
 71
     5
 42
870.0
 73
     0
 74
     0
 75
     0
  3
ISO-25
100
AcDbAlignedDimension
 13
-15479.66612628095
 23
1036.046775716455
 33
0.0
 14
-14609.66612628095
 24
1036.046775716455
 34
0.0
100
AcDbRotatedDimension
  0
DIMENSION
  5
1E8B
102
{ACAD_XDICTIONARY
360
1E8C
102
}
102
{ACAD_REACTORS
330
1E8D
102
}
330
1F
100
AcDbEntity
  8
0
100
AcDbDimension
280
     0
  2
*D120
 10
-15593.01414983193
 20
1036.046775716455
 30
0.0
 11
-15606.40347452498
 21
2033.546775716453
 31
0.0
 70
    32
 71
     5
 42
1995.0
 73
     0
 74
     0
 75
     0
  3
ISO-25
100
AcDbAlignedDimension
 13
-15479.66612628095
 23
3031.046775716455
 33
0.0
 14
-15479.66612628095
 24
1036.046775716455
 34
0.0
 50
90.0
100
AcDbRotatedDimension
  0
DIMENSION
  5
1E8E
102
{ACAD_XDICTIONARY
360
1E8F
102
}
102
{ACAD_REACTORS
330
1E90
102
}
330
1F
100
AcDbEntity
  8
0
100
AcDbDimension
280
     0
  2
*D121
 10
-14395.78997852075
 20
1036.046775716455
 30
0.0
 11
-14409.17930321379
 21
2033.546775716453
 31
0.0
 70
    32
 71
     5
 42
1995.0
 73
     0
 74
     0
 75
     0
  3
ISO-25
100
AcDbAlignedDimension
 13
-14335.51835066453
 23
3031.046775716455
 33
0.0
 14
-14335.51835066453
 24
1036.046775716455
 34
0.0
 50
90.0
100
AcDbRotatedDimension
  0
DIMENSION
  5
1E91
102
{ACAD_XDICTIONARY
360
1E92
102
}
102
{ACAD_REACTORS
330
1E93
102
}
330
1F
100
AcDbEntity
  8
0
100
AcDbDimension
280
     0
  2
*D122
 10
-13470.51835066453
 20
964.8704093653904
 30
0.0
 11
-13903.01835066453
 21
978.2597340584329
 31
0.0
 70
    32
 71
     5
 42
865.0
 73
     0
 74
     0
 75
     0
  3
ISO-25
100
AcDbAlignedDimension
 13
-14335.51835066453
 23
1036.046775716455
 33
0.0
 14
-13470.51835066453
 24
1036.046775716455
 34
0.0
100
AcDbRotatedDimension
  0
DIMENSION
  5
1E94
102
{ACAD_XDICTIONARY
360
1E95
102
}
102
{ACAD_REACTORS
330
1E96
102
}
330
1F
100
AcDbEntity
  8
0
100
AcDbDimension
280
     0
  2
*D123
 10
-12349.75377015796
 20
965.9448550229244
 30
0.0
 11
-12783.25377015796
 21
979.3341797159667
 31
0.0
 70
    32
 71
     5
 42
867.0
 73
     0
 74
     0
 75
     0
  3
ISO-25
100
AcDbAlignedDimension
 13
-13216.75377015796
 23
1036.046775716455
 33
0.0
 14
-12349.75377015796
 24
1036.046775716455
 34
0.0
100
AcDbRotatedDimension
  0
DIMENSION
  5
1E97
102
{ACAD_XDICTIONARY
360
1E98
102
}
102
{ACAD_REACTORS
330
1E99
102
}
330
1F
100
AcDbEntity
  8
0
100
AcDbDimension
280
     0
  2
*D124
 10
-13255.77458138779
 20
1036.046775716455
 30
0.0
 11
-13269.16390608083
 21
2033.546775716454
 31
0.0
 70
    32
 71
     5
 42
1995.0
 73
     0
 74
     0
 75
     0
  3
ISO-25
100
AcDbAlignedDimension
 13
-13216.75377015796
 23
3031.046775716455
 33
0.0
 14
-13216.75377015796
 24
1036.046775716455
 34
0.0
 50
90.0
100
AcDbRotatedDimension
  0
LWPOLYLINE
  5
1E9A
102
{ACAD_REACTORS
330
1EA0
330
1EA3
102
}
330
1F
100
AcDbEntity
  8
0
100
AcDbPolyline
 90
        4
 70
     1
 43
0.0
 10
-12051.37369058806
 20
3031.046775716455
 10
-11181.37369058806
 20
3031.046775716455
 10
-11181.37369058806
 20
1036.046775716455
 10
-12051.37369058806
 20
1036.046775716455
  0
LWPOLYLINE
  5
1E9B
102
{ACAD_REACTORS
330
1EA6
330
1EA9
102
}
330
1F
100
AcDbEntity
  8
0
100
AcDbPolyline
 90
        4
 70
     1
 43
0.0
 10
-10847.14783902537
 20
3031.046775716455
 10
-9942.14783902537
 20
3031.046775716455
 10
-9942.14783902537
 20
1036.046775716455
 10
-10847.14783902537
 20
1036.046775716455
  0
LWPOLYLINE
  5
1E9C
102
{ACAD_REACTORS
330
1EAC
330
1EAF
102
}
330
1F
100
AcDbEntity
  8
0
100
AcDbPolyline
 90
        4
 70
     1
 43
0.0
 10
-9604.075976856584
 20
3031.046775716455
 10
-8714.075976856584
 20
3031.046775716452
 10
-8714.075976856584
 20
1036.046775716451
 10
-9604.075976856584
 20
1036.046775716455
  0
LWPOLYLINE
  5
1E9D
102
{ACAD_REACTORS
330
1EB2
330
1EB5
102
}
330
1F
100
AcDbEntity
  8
0
100
AcDbPolyline
 90
        4
 70
     1
 43
0.0
 10
-8399.850125293895
 20
3031.046775716455
 10
-7532.850125293892
 20
3031.046775716455
 10
-7532.850125293892
 20
1036.046775716455
 10
-8399.850125293895
 20
1036.046775716455
  0
DIMENSION
  5
1E9E
102
{ACAD_XDICTIONARY
360
1E9F
102
}
102
{ACAD_REACTORS
330
1EA0
102
}
330
1F
100
AcDbEntity
  8
0
100
AcDbDimension
280
     0
  2
*D125
 10
-12095.07883866519
 20
1036.046775716455
 30
0.0
 11
-12108.46816335823
 21
2033.546775716454
 31
0.0
 70
    32
 71
     5
 42
1995.0
 73
     0
 74
     0
 75
     0
  3
ISO-25
100
AcDbAlignedDimension
 13
-12051.37369058806
 23
3031.046775716455
 33
0.0
 14
-12051.37369058806
 24
1036.046775716455
 34
0.0
 50
90.0
100
AcDbRotatedDimension
  0
DIMENSION
  5
1EA1
102
{ACAD_XDICTIONARY
360
1EA2
102
}
102
{ACAD_REACTORS
330
1EA3
102
}
330
1F
100
AcDbEntity
  8
0
100
AcDbDimension
280
     0
  2
*D126
 10
-11181.37369058806
 20
979.2124467883914
 30
0.0
 11
-11616.37369058805
 21
992.6017714814337
 31
0.0
 70
    32
 71
     5
 42
870.0
 73
     0
 74
     0
 75
     0
  3
ISO-25
100
AcDbAlignedDimension
 13
-12051.37369058806
 23
1036.046775716455
 33
0.0
 14
-11181.37369058806
 24
1036.046775716455
 34
0.0
100
AcDbRotatedDimension
  0
DIMENSION
  5
1EA4
102
{ACAD_XDICTIONARY
360
1EA5
102
}
102
{ACAD_REACTORS
330
1EA6
102
}
330
1F
100
AcDbEntity
  8
0
100
AcDbDimension
280
     0
  2
*D127
 10
-10917.96903753057
 20
1036.046775716455
 30
0.0
 11
-10931.35836222361
 21
2033.546775716454
 31
0.0
 70
    32
 71
     5
 42
1995.0
 73
     0
 74
     0
 75
     0
  3
ISO-25
100
AcDbAlignedDimension
 13
-10847.14783902537
 23
3031.046775716455
 33
0.0
 14
-10847.14783902537
 24
1036.046775716455
 34
0.0
 50
90.0
100
AcDbRotatedDimension
  0
DIMENSION
  5
1EA7
102
{ACAD_XDICTIONARY
360
1EA8
102
}
102
{ACAD_REACTORS
330
1EA9
102
}
330
1F
100
AcDbEntity
  8
0
100
AcDbDimension
280
     0
  2
*D128
 10
-9942.14783902537
 20
961.2163659784854
 30
0.0
 11
-10394.64783902537
 21
974.605690671528
 31
0.0
 70
    32
 71
     5
 42
905.0
 73
     0
 74
     0
 75
     0
  3
ISO-25
100
AcDbAlignedDimension
 13
-10847.14783902537
 23
1036.046775716455
 33
0.0
 14
-9942.14783902537
 24
1036.046775716455
 34
0.0
100
AcDbRotatedDimension
  0
DIMENSION
  5
1EAA
102
{ACAD_XDICTIONARY
360
1EAB
102
}
102
{ACAD_REACTORS
330
1EAC
102
}
330
1F
100
AcDbEntity
  8
0
100
AcDbDimension
280
     0
  2
*D129
 10
-9659.904180758379
 20
1036.046775716455
 30
0.0
 11
-9673.29350545142
 21
2033.546775716454
 31
0.0
 70
    32
 71
     5
 42
1995.0
 73
     0
 74
     0
 75
     0
  3
ISO-25
100
AcDbAlignedDimension
 13
-9604.075976856584
 23
3031.046775716455
 33
0.0
 14
-9604.075976856584
 24
1036.046775716455
 34
0.0
 50
90.0
100
AcDbRotatedDimension
  0
DIMENSION
  5
1EAD
102
{ACAD_XDICTIONARY
360
1EAE
102
}
102
{ACAD_REACTORS
330
1EAF
102
}
330
1F
100
AcDbEntity
  8
0
100
AcDbDimension
280
     0
  2
*D130
 10
-8714.075976856584
 20
955.3003957039473
 30
0.0
 11
-9159.075976856584
 21
968.6897203969897
 31
0.0
 70
    32
 71
     5
 42
890.0
 73
     0
 74
     0
 75
     0
  3
ISO-25
100
AcDbAlignedDimension
 13
-9604.075976856584
 23
1036.046775716455
 33
0.0
 14
-8714.075976856584
 24
1036.046775716451
 34
0.0
100
AcDbRotatedDimension
  0
DIMENSION
  5
1EB0
102
{ACAD_XDICTIONARY
360
1EB1
102
}
102
{ACAD_REACTORS
330
1EB2
102
}
330
1F
100
AcDbEntity
  8
0
100
AcDbDimension
280
     0
  2
*D131
 10
-8458.466951215909
 20
1036.046775716455
 30
0.0
 11
-8471.856275908951
 21
2033.546775716454
 31
0.0
 70
    32
 71
     5
 42
1995.0
 73
     0
 74
     0
 75
     0
  3
ISO-25
100
AcDbAlignedDimension
 13
-8399.850125293895
 23
3031.046775716455
 33
0.0
 14
-8399.850125293895
 24
1036.046775716455
 34
0.0
 50
90.0
100
AcDbRotatedDimension
  0
DIMENSION
  5
1EB3
102
{ACAD_XDICTIONARY
360
1EB4
102
}
102
{ACAD_REACTORS
330
1EB5
102
}
330
1F
100
AcDbEntity
  8
0
100
AcDbDimension
280
     0
  2
*D132
 10
-7532.850125293892
 20
949.7574538683002
 30
0.0
 11
-7966.350125293892
 21
963.1467785613425
 31
0.0
 70
    32
 71
     5
 42
867.0000000000028
 73
     0
 74
     0
 75
     0
  3
ISO-25
100
AcDbAlignedDimension
 13
-8399.850125293895
 23
1036.046775716455
 33
0.0
 14
-7532.850125293892
 24
1036.046775716455
 34
0.0
100
AcDbRotatedDimension
  0
CIRCLE
  5
1EB6
330
1F
100
AcDbEntity
  8
0
100
AcDbCircle
 10
-15210.16612628095
 20
-320.1550355497129
 30
0.0000000000000178
 40
7.0
  0
CIRCLE
  5
1EB7
330
1F
100
AcDbEntity
  8
0
100
AcDbCircle
 10
-15210.16612628095
 20
-365.1550355497129
 30
0.0000000000000178
 40
7.0
  0
CIRCLE
  5
1EB8
330
1F
100
AcDbEntity
  8
0
100
AcDbCircle
 10
-15210.16612628095
 20
-2058.155035549713
 30
0.0
 40
7.0
  0
CIRCLE
  5
1EB9
330
1F
100
AcDbEntity
  8
0
100
AcDbCircle
 10
-15210.16612628095
 20
-2013.155035549713
 30
0.0
 40
7.0
  0
CIRCLE
  5
1EBA
330
1F
100
AcDbEntity
  8
0
100
AcDbCircle
 10
-13050.90966469167
 20
-320.1550355497129
 30
0.0000000000000178
 40
7.0
  0
CIRCLE
  5
1EBB
330
1F
100
AcDbEntity
  8
0
100
AcDbCircle
 10
-13050.90966469167
 20
-365.1550355497129
 30
0.0000000000000178
 40
7.0
  0
CIRCLE
  5
1EBC
330
1F
100
AcDbEntity
  8
0
100
AcDbCircle
 10
-13050.90966469167
 20
-2058.155035549713
 30
0.0
 40
7.0
  0
CIRCLE
  5
1EBD
330
1F
100
AcDbEntity
  8
0
100
AcDbCircle
 10
-13050.90966469167
 20
-2013.155035549713
 30
0.0
 40
7.0
  0
CIRCLE
  5
1EBE
330
1F
100
AcDbEntity
  8
0
100
AcDbCircle
 10
-9783.794777252632
 20
-1049.655035549713
 30
0.0000000000001421
 40
6.0
  0
CIRCLE
  5
1EBF
330
1F
100
AcDbEntity
  8
0
100
AcDbCircle
 10
-9783.794777252632
 20
-1674.655035549713
 30
0.0000000000001421
 40
6.0
  0
CIRCLE
  5
1EC0
330
1F
100
AcDbEntity
  8
0
100
AcDbCircle
 10
-8430.204104890792
 20
-1049.655035549713
 30
0.0000000000001421
 40
6.0
  0
CIRCLE
  5
1EC1
330
1F
100
AcDbEntity
  8
0
100
AcDbCircle
 10
-8430.204104890792
 20
-1674.655035549713
 30
0.0000000000001421
 40
6.0
  0
CIRCLE
  5
1EC2
330
1F
100
AcDbEntity
  8
0
100
AcDbCircle
 10
-6838.2257292449
 20
-1049.655035549713
 30
0.0000000000001421
 40
6.0
  0
CIRCLE
  5
1EC3
330
1F
100
AcDbEntity
  8
0
100
AcDbCircle
 10
-6838.2257292449
 20
-1674.655035549713
 30
0.0000000000001421
 40
6.0
  0
CIRCLE
  5
1EC4
330
1F
100
AcDbEntity
  8
0
100
AcDbCircle
 10
-5100.194342775768
 20
-1049.655035549713
 30
0.0000000000001421
 40
6.0
  0
CIRCLE
  5
1EC5
330
1F
100
AcDbEntity
  8
0
100
AcDbCircle
 10
-5100.194342775768
 20
-1674.655035549713
 30
0.0000000000001421
 40
6.0
  0
CIRCLE
  5
1EC6
330
1F
100
AcDbEntity
  8
0
100
AcDbCircle
 10
-10467.79477725263
 20
-39.15503554971292
 30
0.0
 40
10.0
  0
LWPOLYLINE
  5
1EC7
330
1F
100
AcDbEntity
  8
0
100
AcDbPolyline
 90
        2
 70
     0
 43
0.0
 10
-10545.79477725263
 20
-43.15503554971292
 10
-10613.79477725263
 20
-43.15503554971292
  0
ARC
  5
1EC8
330
1F
100
AcDbEntity
  8
0
100
AcDbCircle
 10
-10452.95395565053
 20
-61.15503554971292
 30
0.0
 40
55.0
100
AcDbArc
 50
90.0
 51
132.8076588360746
  0
ARC
  5
1EC9
330
1F
100
AcDbEntity
  8
0
100
AcDbCircle
 10
-10545.79477725263
 20
36.84496445028708
 30
0.0
 40
80.0
100
AcDbArc
 50
270.0
 51
313.8940460849084
  0
CIRCLE
  5
1ECA
330
1F
100
AcDbEntity
  8
0
100
AcDbCircle
 10
-9114.204104890793
 20
-39.15503554971292
 30
0.0
 40
10.0
  0
LWPOLYLINE
  5
1ECB
330
1F
100
AcDbEntity
  8
0
100
AcDbPolyline
 90
        2
 70
     0
 43
0.0
 10
-9192.204104890793
 20
-43.15503554971292
 10
-9260.204104890792
 20
-43.15503554971292
  0
ARC
  5
1ECC
102
{ACAD_REACTORS
330
1EF1
102
}
330
1F
100
AcDbEntity
  8
0
100
AcDbCircle
 10
-9099.36328328869
 20
-61.15503554971292
 30
0.0
 40
55.0
100
AcDbArc
 50
90.0
 51
132.8076588360746
  0
ARC
  5
1ECD
330
1F
100
AcDbEntity
  8
0
100
AcDbCircle
 10
-9192.204104890793
 20
36.84496445028708
 30
0.0
 40
80.0
100
AcDbArc
 50
270.0
 51
313.8940460849084
  0
CIRCLE
  5
1ECE
330
1F
100
AcDbEntity
  8
0
100
AcDbCircle
 10
-7522.225729244898
 20
-29.15503554971292
 30
0.0
 40
10.0
  0
LWPOLYLINE
  5
1ECF
330
1F
100
AcDbEntity
  8
0
100
AcDbPolyline
 90
        2
 70
     0
 43
0.0
 10
-7600.225729244899
 20
-33.15503554971292
 10
-7668.225729244898
 20
-33.15503554971292
  0
ARC
  5
1ED0
330
1F
100
AcDbEntity
  8
0
100
AcDbCircle
 10
-7507.384907642798
 20
-51.15503554971292
 30
0.0
 40
55.0
100
AcDbArc
 50
90.0
 51
132.8076588360746
  0
ARC
  5
1ED1
330
1F
100
AcDbEntity
  8
0
100
AcDbCircle
 10
-7600.225729244899
 20
46.84496445028708
 30
0.0
 40
80.0
100
AcDbArc
 50
270.0
 51
313.8940460849084
  0
CIRCLE
  5
1ED2
330
1F
100
AcDbEntity
  8
0
100
AcDbCircle
 10
-5784.194342775773
 20
-38.15503554971292
 30
0.0
 40
10.0
  0
LWPOLYLINE
  5
1ED3
330
1F
100
AcDbEntity
  8
0
100
AcDbPolyline
 90
        2
 70
     0
 43
0.0
 10
-5862.194342775772
 20
-42.15503554971292
 10
-5930.194342775773
 20
-42.15503554971292
  0
ARC
  5
1ED4
330
1F
100
AcDbEntity
  8
0
100
AcDbCircle
 10
-5769.353521173671
 20
-60.15503554971292
 30
0.0
 40
55.0
100
AcDbArc
 50
90.0
 51
132.8076588360746
  0
ARC
  5
1ED5
330
1F
100
AcDbEntity
  8
0
100
AcDbCircle
 10
-5862.194342775772
 20
37.84496445028708
 30
0.0
 40
80.0
100
AcDbArc
 50
270.0
 51
313.8940460849084
  0
LINE
  5
1EDD
102
{ACAD_REACTORS
330
1EF7
102
}
330
1F
100
AcDbEntity
  8
0
100
AcDbLine
 10
-10613.79477725263
 20
-2318.155035549713
 30
0.0
 11
-10465.93620568117
 21
-2318.155035549713
 31
0.0
  0
LINE
  5
1EDE
102
{ACAD_REACTORS
330
1EF4
102
}
330
1F
100
AcDbEntity
  8
0
100
AcDbLine
 10
-10451.79477725263
 20
-2362.155035549713
 30
0.0
 11
-10451.79477725263
 21
-2332.296463978255
 31
0.0
  0
ARC
  5
1EDF
330
1F
100
AcDbEntity
  8
0
100
AcDbCircle
 10
-10458.79477725263
 20
-2325.155035549713
 30
0.0
 40
10.0
100
AcDbArc
 50
314.4270040008645
 51
135.5729959992646
  0
LINE
  5
1EE0
102
{ACAD_REACTORS
330
1EFA
102
}
330
1F
100
AcDbEntity
  8
0
100
AcDbLine
 10
-9260.204104890792
 20
-2318.155035549713
 30
0.0
 11
-9112.345533319334
 21
-2318.155035549713
 31
0.0
  0
LINE
  5
1EE1
102
{ACAD_REACTORS
330
1EF1
102
}
330
1F
100
AcDbEntity
  8
0
100
AcDbLine
 10
-9098.204104890793
 20
-2362.155035549713
 30
0.0
 11
-9098.204104890793
 21
-2332.296463978255
 31
0.0
  0
ARC
  5
1EE2
330
1F
100
AcDbEntity
  8
0
100
AcDbCircle
 10
-9105.204104890793
 20
-2325.155035549713
 30
0.0
 40
10.0
100
AcDbArc
 50
314.4270040008645
 51
135.5729959992646
  0
LINE
  5
1EE3
102
{ACAD_REACTORS
330
1EFD
102
}
330
1F
100
AcDbEntity
  8
0
100
AcDbLine
 10
-7668.225729244898
 20
-2318.155035549713
 30
0.0
 11
-7520.36715767344
 21
-2318.155035549713
 31
0.0
  0
LINE
  5
1EE4
330
1F
100
AcDbEntity
  8
0
100
AcDbLine
 10
-7506.225729244899
 20
-2362.155035549713
 30
0.0
 11
-7506.225729244899
 21
-2332.296463978255
 31
0.0
  0
ARC
  5
1EE5
330
1F
100
AcDbEntity
  8
0
100
AcDbCircle
 10
-7513.225729244898
 20
-2325.155035549713
 30
0.0
 40
10.0
100
AcDbArc
 50
314.4270040008645
 51
135.5729959992646
  0
LINE
  5
1EE6
102
{ACAD_REACTORS
330
1F00
102
}
330
1F
100
AcDbEntity
  8
0
100
AcDbLine
 10
-5938.194342775773
 20
-2318.155035549713
 30
0.0
 11
-5782.335771204315
 21
-2318.155035549713
 31
0.0
  0
LINE
  5
1EE7
330
1F
100
AcDbEntity
  8
0
100
AcDbLine
 10
-5768.194342775772
 20
-2362.155035549713
 30
0.0
 11
-5768.194342775772
 21
-2332.296463978255
 31
0.0
  0
ARC
  5
1EE8
330
1F
100
AcDbEntity
  8
0
100
AcDbCircle
 10
-5775.194342775773
 20
-2325.155035549713
 30
0.0
 40
10.0
100
AcDbArc
 50
314.4270040008645
 51
135.5729959992646
  0
DIMENSION
  5
1EE9
102
{ACAD_XDICTIONARY
360
1EEA
102
}
102
{ACAD_REACTORS
330
1EEB
102
}
330
1F
100
AcDbEntity
  8
0
100
AcDbDimension
280
     0
  2
*D133
 10
-14297.67502620983
 20
-2358.155035549713
 30
0.0
 11
-14297.67502620983
 21
-1208.160785941738
 31
0.0
 70
   160
 71
     5
 42
2338.0
 73
     0
 74
     0
 75
     0
  3
ISO-25
100
AcDbAlignedDimension
 13
-14271.16612628095
 23
-20.15503554971292
 33
-0.0000000000000178
 14
-14271.16612628095
 24
-2358.155035549713
 34
-0.0000000000001421
 50
90.0
100
AcDbRotatedDimension
  0
DIMENSION
  5
1EEC
102
{ACAD_XDICTIONARY
360
1EED
102
}
102
{ACAD_REACTORS
330
1EEE
102
}
330
1F
100
AcDbEntity
  8
0
100
AcDbDimension
280
     0
  2
*D134
 10
-12140.89360648513
 20
-2358.155035549713
 30
0.0
 11
-12140.89360648513
 21
-1189.155035549713
 31
0.0
 70
   160
 71
     5
 42
2338.0
 73
     0
 74
     0
 75
     0
  3
ISO-25
100
AcDbAlignedDimension
 13
-12111.90966469167
 23
-20.15503554971292
 33
-0.0000000000000178
 14
-12111.90966469167
 24
-2358.155035549713
 34
-0.0000000000001421
 50
90.0
100
AcDbRotatedDimension
  0
DIMENSION
  5
1EEF
102
{ACAD_XDICTIONARY
360
1EF0
102
}
102
{ACAD_REACTORS
330
1EF1
102
}
330
1F
100
AcDbEntity
  8
0
100
AcDbDimension
280
     0
  2
*D135
 10
-8993.053601285945
 20
-6.15503554971295
 30
0.0
 11
-8993.053601285945
 21
-1613.556252526592
 31
0.0
 70
   160
 71
     5
 42
2356.0
 73
     0
 74
     0
 75
     0
  3
ISO-25
100
AcDbAlignedDimension
 13
-9098.204104890793
 23
-2362.155035549713
 33
0.0
 14
-9099.36328328869
 24
-6.15503554971292
 34
0.0
 50
90.0
100
AcDbRotatedDimension
  0
DIMENSION
  5
1EF2
102
{ACAD_XDICTIONARY
360
1EF3
102
}
102
{ACAD_REACTORS
330
1EF4
102
}
330
1F
100
AcDbEntity
  8
0
100
AcDbDimension
280
     0
  2
*D136
 10
-10302.40117728632
 20
-2362.155035549713
 30
0.0
 11
-10315.79902858237
 21
-1184.155035549714
 31
0.0
 70
    32
 71
     5
 42
2356.0
 73
     0
 74
     0
 75
     0
  3
ISO-25
100
AcDbAlignedDimension
 13
-10450.94184489518
 23
-6.15503554971292
 33
0.0
 14
-10451.79477725263
 24
-2362.155035549713
 34
0.0
 50
90.0
100
AcDbRotatedDimension
  0
DIMENSION
  5
1EF5
102
{ACAD_XDICTIONARY
360
1EF6
102
}
102
{ACAD_REACTORS
330
1EF7
102
}
330
1F
100
AcDbEntity
  8
0
100
AcDbDimension
280
     0
  2
*D137
 10
-9713.794777252632
 20
-2441.526534433775
 30
0.0
 11
-10163.79477725263
 21
-2428.137209740733
 31
0.0
 70
    32
 71
     5
 42
900.0
 73
     0
 74
     0
 75
     0
  3
ISO-25
100
AcDbAlignedDimension
 13
-10613.79477725263
 23
-2318.155035549713
 33
0.0
 14
-9713.794777252632
 24
-2362.155035549713
 34
0.0
100
AcDbRotatedDimension
  0
DIMENSION
  5
1EF8
102
{ACAD_XDICTIONARY
360
1EF9
102
}
102
{ACAD_REACTORS
330
1EFA
102
}
330
1F
100
AcDbEntity
  8
0
100
AcDbDimension
280
     0
  2
*D138
 10
-9260.204104890792
 20
-2436.724574760538
 30
0.0
 11
-8810.204104890791
 21
-2423.335250067495
 31
0.0
 70
    32
 71
     5
 42
900.0
 73
     0
 74
     0
 75
     0
  3
ISO-25
100
AcDbAlignedDimension
 13
-8360.204104890792
 23
-2362.155035549713
 33
0.0
 14
-9260.204104890792
 24
-2318.155035549713
 34
0.0
100
AcDbRotatedDimension
  0
DIMENSION
  5
1EFB
102
{ACAD_XDICTIONARY
360
1EFC
102
}
102
{ACAD_REACTORS
330
1EFD
102
}
330
1F
100
AcDbEntity
  8
0
100
AcDbDimension
280
     0
  2
*D139
 10
-6768.2257292449
 20
-2454.047165087414
 30
0.0
 11
-7218.225729244899
 21
-2440.657840394371
 31
0.0
 70
    32
 71
     5
 42
899.9999999999991
 73
     0
 74
     0
 75
     0
  3
ISO-25
100
AcDbAlignedDimension
 13
-7668.225729244898
 23
-2318.155035549713
 33
0.0
 14
-6768.2257292449
 24
-2362.155035549713
 34
0.0
100
AcDbRotatedDimension
  0
DIMENSION
  5
1EFE
102
{ACAD_XDICTIONARY
360
1EFF
102
}
102
{ACAD_REACTORS
330
1F00
102
}
330
1F
100
AcDbEntity
  8
0
100
AcDbDimension
280
     0
  2
*D140
 10
-5030.194342775769
 20
-2441.51424156272
 30
0.0
 11
-5484.19434277577
 21
-2428.124916869677
 31
0.0
 70
    32
 71
     5
 42
908.0000000000037
 73
     0
 74
     0
 75
     0
  3
ISO-25
100
AcDbAlignedDimension
 13
-5938.194342775773
 23
-2318.155035549713
 33
0.0
 14
-5030.194342775769
 24
-2362.155035549713
 34
0.0
100
AcDbRotatedDimension
  0
LINE
  5
1F01
330
1F
100
AcDbEntity
  8
0
100
AcDbLine
 10
-5930.194342775773
 20
-42.15503554971292
 30
0.0
 11
-5938.194342775773
 21
-2318.15503554972
 31
0.0
  0
MTEXT
  5
1F02
330
1F
100
AcDbEntity
  8
0
100
AcDbMText
 10
-3754.63096102473
 20
2505.445665065021
 30
0.0
 40
175.0
 41
3105.923498129618
 46
0.0
 71
     1
 72
     5
  1
Все стекла подписать по образцу: Пом 1.05 ст 1
 73
     1
 44
1.0
1001
ACAD
1000
ACAD_MTEXT_COLUMN_INFO_BEGIN
1070
    75
1070
     2
1070
    79
1070
     0
1070
    76
1070
     1
1070
    78
1070
     0
1070
    48
1040
3105.923498129618
1070
    49
1040
12.5
1070
    50
1070
     1
1040
0.0
1000
ACAD_MTEXT_COLUMN_INFO_END
  0
CIRCLE
  5
1F03
330
1F
100
AcDbEntity
  8
0
100
AcDbCircle
 10
-15136.16612628095
 20
-720.1550355497129
 30
-0.0000000000000178
 40
7.0
  0
CIRCLE
  5
1F04
330
1F
100
AcDbEntity
  8
0
100
AcDbCircle
 10
-15136.16612628095
 20
-765.1550355497128
 30
-0.0000000000000178
 40
7.0
  0
CIRCLE
  5
1F05
330
1F
100
AcDbEntity
  8
0
100
AcDbCircle
 10
-12976.90966469167
 20
-720.1550355497129
 30
-0.0000000000000178
 40
7.0
  0
CIRCLE
  5
1F06
330
1F
100
AcDbEntity
  8
0
100
AcDbCircle
 10
-12976.90966469167
 20
-765.1550355497128
 30
-0.0000000000000178
 40
7.0
  0
CIRCLE
  5
1F07
330
1F
100
AcDbEntity
  8
0
100
AcDbCircle
 10
-15210.16612628095
 20
-720.1550355497129
 30
0.0000000000000178
 40
7.0
  0
CIRCLE
  5
1F08
330
1F
100
AcDbEntity
  8
0
100
AcDbCircle
 10
-15210.16612628095
 20
-765.1550355497128
 30
0.0000000000000178
 40
7.0
  0
CIRCLE
  5
1F09
330
1F
100
AcDbEntity
  8
0
100
AcDbCircle
 10
-13050.90966469167
 20
-720.1550355497129
 30
0.0000000000000178
 40
7.0
  0
CIRCLE
  5
1F0A
330
1F
100
AcDbEntity
  8
0
100
AcDbCircle
 10
-13050.90966469167
 20
-765.1550355497128
 30
0.0000000000000178
 40
7.0
  0
ENDSEC
  0
SECTION
  2
OBJECTS
  0
DICTIONARY
  5
C
330
0
100
AcDbDictionary
281
     1
  3
ACAD_ASSOCPERSSUBENTMANAGER
350
210
  3
ACAD_CIP_PREVIOUS_PRODUCT_INFO
350
1A5
  3
ACAD_COLOR
350
73
  3
ACAD_DETAILVIEWSTYLE
350
1AB
  3
ACAD_GROUP
350
D
  3
ACAD_IMAGE_VARS
350
CFE
  3
ACAD_LAYOUT
350
1A
  3
ACAD_MATERIAL
350
72
  3
ACAD_MLEADERSTYLE
350
D7
  3
ACAD_MLINESTYLE
350
17
  3
ACAD_PERSUBENTMGR
350
211
  3
ACAD_PLOTSETTINGS
350
19
  3
ACAD_PLOTSTYLENAME
350
E
  3
ACAD_RENDER_RAPIDRT_SETTINGS
350
4A0
  3
ACAD_SCALELIST
350
B6
  3
ACAD_SECTIONVIEWSTYLE
350
1A8
  3
ACAD_TABLESTYLE
350
86
  3
ACAD_VISUALSTYLE
350
99
  3
ACDB_RECOMPOSE_DATA
350
21C2
  3
AcDbVariableDictionary
350
66
  3
AcDsDecomposeData
350
21C8
  3
AEC_PROPERTY_SET_DEFS
350
1D94
  3
Siberia
350
204
  0
DICTIONARY
  5
18E
330
2
100
AcDbDictionary
280
     1
281
     1
  3
ACAD_LAYERSTATES
360
18F
  0
DICTIONARY
  5
E6
330
10
100
AcDbDictionary
280
     1
281
     1
  0
DICTIONARY
  5
EBE
330
EBD
100
AcDbDictionary
280
     1
281
     1
  0
DICTIONARY
  5
15D
330
1F
100
AcDbDictionary
280
     1
281
     1
  3
ACAD_SORTENTS
360
1FE
  0
DICTIONARY
  5
98F
330
962
100
AcDbDictionary
280
     1
281
     1
  3
ACAD_SORTENTS
360
990
  0
DICTIONARY
  5
970
330
96F
100
AcDbDictionary
280
     1
281
     1
  3
ACAD_DIMASSOC
360
971
  0
DICTIONARY
  5
973
330
972
100
AcDbDictionary
280
     1
281
     1
  3
ACAD_DIMASSOC
360
974
  0
DICTIONARY
  5
976
330
975
100
AcDbDictionary
280
     1
281
     1
  3
ACAD_DIMASSOC
360
977
  0
DICTIONARY
  5
979
330
978
100
AcDbDictionary
280
     1
281
     1
  3
ACAD_DIMASSOC
360
97A
  0
DICTIONARY
  5
97E
330
97D
100
AcDbDictionary
280
     1
281
     1
  3
ACAD_DIMASSOC
360
97F
  0
DICTIONARY
  5
981
330
980
100
AcDbDictionary
280
     1
281
     1
  3
ACAD_DIMASSOC
360
982
  0
DICTIONARY
  5
984
330
983
100
AcDbDictionary
280
     1
281
     1
  3
ACAD_DIMASSOC
360
985
  0
DICTIONARY
  5
987
330
986
100
AcDbDictionary
280
     1
281
     1
  3
ACAD_DIMASSOC
360
988
  0
DICTIONARY
  5
98A
330
989
100
AcDbDictionary
280
     1
281
     1
  3
ACAD_DIMASSOC
360
98B
  0
DICTIONARY
  5
98D
330
98C
100
AcDbDictionary
280
     1
281
     1
  3
ACAD_DIMASSOC
360
98E
  0
DICTIONARY
  5
1E06
330
1E05
100
AcDbDictionary
280
     1
281
     1
  3
ACAD_DIMASSOC
360
1E07
  0
DICTIONARY
  5
1E09
330
1E08
100
AcDbDictionary
280
     1
281
     1
  3
ACAD_DIMASSOC
360
1E0A
  0
DICTIONARY
  5
1E0C
330
1E0B
100
AcDbDictionary
280
     1
281
     1
  3
ACAD_DIMASSOC
360
1E0D
  0
DICTIONARY
  5
1E0F
330
1E0E
100
AcDbDictionary
280
     1
281
     1
  3
ACAD_DIMASSOC
360
1E10
  0
DICTIONARY
  5
1E12
330
1E11
100
AcDbDictionary
280
     1
281
     1
  3
ACAD_DIMASSOC
360
1E13
  0
DICTIONARY
  5
1E15
330
1E14
100
AcDbDictionary
280
     1
281
     1
  3
ACAD_DIMASSOC
360
1E16
  0
DICTIONARY
  5
1E18
330
1E17
100
AcDbDictionary
280
     1
281
     1
  3
ACAD_DIMASSOC
360
1E19
  0
DICTIONARY
  5
1E1B
330
1E1A
100
AcDbDictionary
280
     1
281
     1
  3
ACAD_DIMASSOC
360
1E1C
  0
DICTIONARY
  5
1E1E
330
1E1D
100
AcDbDictionary
280
     1
281
     1
  3
ACAD_DIMASSOC
360
1E1F
  0
DICTIONARY
  5
1E21
330
1E20
100
AcDbDictionary
280
     1
281
     1
  3
ACAD_DIMASSOC
360
1E22
  0
DICTIONARY
  5
1E24
330
1E23
100
AcDbDictionary
280
     1
281
     1
  3
ACAD_DIMASSOC
360
1E25
  0
DICTIONARY
  5
1E27
330
1E26
100
AcDbDictionary
280
     1
281
     1
  3
ACAD_DIMASSOC
360
1E28
  0
DICTIONARY
  5
1E2A
330
1E29
100
AcDbDictionary
280
     1
281
     1
  3
ACAD_DIMASSOC
360
1E2B
  0
DICTIONARY
  5
1E2D
330
1E2C
100
AcDbDictionary
280
     1
281
     1
  3
ACAD_DIMASSOC
360
1E2E
  0
DICTIONARY
  5
1E30
330
1E2F
100
AcDbDictionary
280
     1
281
     1
  3
ACAD_DIMASSOC
360
1E31
  0
DICTIONARY
  5
1E33
330
1E32
100
AcDbDictionary
280
     1
281
     1
  3
ACAD_DIMASSOC
360
1E34
  0
DICTIONARY
  5
1E36
330
1E35
100
AcDbDictionary
280
     1
281
     1
  3
ACAD_DIMASSOC
360
1E37
  0
DICTIONARY
  5
1E39
330
1E38
100
AcDbDictionary
280
     1
281
     1
  3
ACAD_DIMASSOC
360
1E3A
  0
DICTIONARY
  5
1E3C
330
1E3B
100
AcDbDictionary
280
     1
281
     1
  3
ACAD_DIMASSOC
360
1E3D
  0
DICTIONARY
  5
1E3F
330
1E3E
100
AcDbDictionary
280
     1
281
     1
  3
ACAD_DIMASSOC
360
1E40
  0
DICTIONARY
  5
1E4B
330
1E4A
100
AcDbDictionary
280
     1
281
     1
  3
ACAD_DIMASSOC
360
1E4C
  0
DICTIONARY
  5
1E4E
330
1E4D
100
AcDbDictionary
280
     1
281
     1
  3
ACAD_DIMASSOC
360
1E4F
  0
DICTIONARY
  5
1E51
330
1E50
100
AcDbDictionary
280
     1
281
     1
  3
ACAD_DIMASSOC
360
1E52
  0
DICTIONARY
  5
1E54
330
1E53
100
AcDbDictionary
280
     1
281
     1
  3
ACAD_DIMASSOC
360
1E55
  0
DICTIONARY
  5
1E57
330
1E56
100
AcDbDictionary
280
     1
281
     1
  3
ACAD_DIMASSOC
360
1E58
  0
DICTIONARY
  5
1E5A
330
1E59
100
AcDbDictionary
280
     1
281
     1
  3
ACAD_DIMASSOC
360
1E5B
  0
DICTIONARY
  5
1E5D
330
1E5C
100
AcDbDictionary
280
     1
281
     1
  3
ACAD_DIMASSOC
360
1E5E
  0
DICTIONARY
  5
1E60
330
1E5F
100
AcDbDictionary
280
     1
281
     1
  3
ACAD_DIMASSOC
360
1E61
  0
DICTIONARY
  5
1E80
330
1E7F
100
AcDbDictionary
280
     1
281
     1
  3
ACAD_DIMASSOC
360
1E81
  0
DICTIONARY
  5
1E83
330
1E82
100
AcDbDictionary
280
     1
281
     1
  3
ACAD_DIMASSOC
360
1E84
  0
DICTIONARY
  5
1E86
330
1E85
100
AcDbDictionary
280
     1
281
     1
  3
ACAD_DIMASSOC
360
1E87
  0
DICTIONARY
  5
1E89
330
1E88
100
AcDbDictionary
280
     1
281
     1
  3
ACAD_DIMASSOC
360
1E8A
  0
DICTIONARY
  5
1E8C
330
1E8B
100
AcDbDictionary
280
     1
281
     1
  3
ACAD_DIMASSOC
360
1E8D
  0
DICTIONARY
  5
1E8F
330
1E8E
100
AcDbDictionary
280
     1
281
     1
  3
ACAD_DIMASSOC
360
1E90
  0
DICTIONARY
  5
1E92
330
1E91
100
AcDbDictionary
280
     1
281
     1
  3
ACAD_DIMASSOC
360
1E93
  0
DICTIONARY
  5
1E95
330
1E94
100
AcDbDictionary
280
     1
281
     1
  3
ACAD_DIMASSOC
360
1E96
  0
DICTIONARY
  5
1E98
330
1E97
100
AcDbDictionary
280
     1
281
     1
  3
ACAD_DIMASSOC
360
1E99
  0
DICTIONARY
  5
1E9F
330
1E9E
100
AcDbDictionary
280
     1
281
     1
  3
ACAD_DIMASSOC
360
1EA0
  0
DICTIONARY
  5
1EA2
330
1EA1
100
AcDbDictionary
280
     1
281
     1
  3
ACAD_DIMASSOC
360
1EA3
  0
DICTIONARY
  5
1EA5
330
1EA4
100
AcDbDictionary
280
     1
281
     1
  3
ACAD_DIMASSOC
360
1EA6
  0
DICTIONARY
  5
1EA8
330
1EA7
100
AcDbDictionary
280
     1
281
     1
  3
ACAD_DIMASSOC
360
1EA9
  0
DICTIONARY
  5
1EAB
330
1EAA
100
AcDbDictionary
280
     1
281
     1
  3
ACAD_DIMASSOC
360
1EAC
  0
DICTIONARY
  5
1EAE
330
1EAD
100
AcDbDictionary
280
     1
281
     1
  3
ACAD_DIMASSOC
360
1EAF
  0
DICTIONARY
  5
1EB1
330
1EB0
100
AcDbDictionary
280
     1
281
     1
  3
ACAD_DIMASSOC
360
1EB2
  0
DICTIONARY
  5
1EB4
330
1EB3
100
AcDbDictionary
280
     1
281
     1
  3
ACAD_DIMASSOC
360
1EB5
  0
DICTIONARY
  5
1EEA
330
1EE9
100
AcDbDictionary
280
     1
281
     1
  3
ACAD_DIMASSOC
360
1EEB
  0
DICTIONARY
  5
1EED
330
1EEC
100
AcDbDictionary
280
     1
281
     1
  3
ACAD_DIMASSOC
360
1EEE
  0
DICTIONARY
  5
1EF0
330
1EEF
100
AcDbDictionary
280
     1
281
     1
  3
ACAD_DIMASSOC
360
1EF1
  0
DICTIONARY
  5
1EF3
330
1EF2
100
AcDbDictionary
280
     1
281
     1
  3
ACAD_DIMASSOC
360
1EF4
  0
DICTIONARY
  5
1EF6
330
1EF5
100
AcDbDictionary
280
     1
281
     1
  3
ACAD_DIMASSOC
360
1EF7
  0
DICTIONARY
  5
1EF9
330
1EF8
100
AcDbDictionary
280
     1
281
     1
  3
ACAD_DIMASSOC
360
1EFA
  0
DICTIONARY
  5
1EFC
330
1EFB
100
AcDbDictionary
280
     1
281
     1
  3
ACAD_DIMASSOC
360
1EFD
  0
DICTIONARY
  5
1EFF
330
1EFE
100
AcDbDictionary
280
     1
281
     1
  3
ACAD_DIMASSOC
360
1F00
  0
ACDBASSOCPERSSUBENTMANAGER
  5
210
102
{ACAD_REACTORS
330
C
102
}
330
C
100
AcDbAssocPersSubentManager
 90
        2
 90
        3
 90
        0
 90
        2
 90
       22
 90
        0
 90
        0
 90
       22
 90
        1
 90
        2
 90
        3
 90
        4
 90
        5
 90
        6
 90
        7
 90
        8
 90
        9
 90
       10
 90
       11
 90
       12
 90
       13
 90
       14
 90
       15
 90
       16
 90
       17
 90
       18
 90
       19
 90
       20
 90
       21
 90
       22
 90
        0
290
     0
  0
XRECORD
  5
1A5
102
{ACAD_REACTORS
330
C
102
}
330
C
100
AcDbXrecord
280
     1
300
ACDMAC
300
2024
300

  0
DICTIONARY
  5
73
102
{ACAD_REACTORS
330
C
102
}
330
C
100
AcDbDictionary
281
     1
  0
DICTIONARY
  5
1AB
102
{ACAD_REACTORS
330
C
102
}
330
C
100
AcDbDictionary
281
     1
  3
Imperial24
350
1AC
  3
Metric50
350
8C7
  0
DICTIONARY
  5
D
102
{ACAD_REACTORS
330
C
102
}
330
C
100
AcDbDictionary
281
     1
  3
*A1
350
1532
  3
*A2
350
1559
  3
*A3
350
1568
  3
*A4
350
1577
  3
*A5
350
1585
  3
*A6
350
15A1
  3
*A7
350
15C9
  3
*A8
350
1636
  3
*A9
350
167F
  0
RASTERVARIABLES
  5
CFE
102
{ACAD_REACTORS
330
C
102
}
330
C
100
AcDbRasterVariables
 90
        0
 70
     1
 71
     1
 72
     5
  0
DICTIONARY
  5
1A
102
{ACAD_REACTORS
330
C
102
}
330
C
100
AcDbDictionary
281
     1
  3
Model
350
22
  3
Лист1
350
59
  3
Лист2
350
5E
  0
DICTIONARY
  5
72
102
{ACAD_REACTORS
330
C
102
}
330
C
100
AcDbDictionary
281
     1
  3
ByBlock
350
97
  3
ByLayer
350
96
  3
Global
350
98
  0
DICTIONARY
  5
D7
102
{ACAD_REACTORS
330
C
102
}
330
C
100
AcDbDictionary
281
     1
  3
Standard
350
D8
  3
Аннотативный
350
E5
  0
DICTIONARY
  5
17
102
{ACAD_REACTORS
330
C
102
}
330
C
100
AcDbDictionary
281
     1
  3
Standard
350
18
  0
ACDBPERSSUBENTMANAGER
  5
211
102
{ACAD_REACTORS
330
C
102
}
330
C
100
AcDbPersSubentManager
 90
        2
 90
        0
 90
        2
 90
        0
 90
        0
 90
        0
  0
DICTIONARY
  5
19
102
{ACAD_REACTORS
330
C
102
}
330
C
100
AcDbDictionary
281
     1
  3
PDF
350
8B3
  3
PDF в 1С
350
8A1
  0
ACDBDICTIONARYWDFLT
  5
E
102
{ACAD_REACTORS
330
C
102
}
330
C
100
AcDbDictionary
281
     1
  3
Normal
350
F
100
AcDbDictionaryWithDefault
340
F
  0
DICTIONARY
  5
4A0
102
{ACAD_REACTORS
330
C
102
}
330
C
100
AcDbDictionary
281
     1
  3
1-я скорость
350
4A6
  3
2-я скорость
350
4A5
  3
3-я скорость
350
4A4
  3
Высокое
350
4A3
  3
Низкое
350
4A1
  3
Среднее
350
4A2
  0
DICTIONARY
  5
B6
102
{ACAD_REACTORS
330
C
102
}
330
C
100
AcDbDictionary
281
     1
  3
A0
350
B7
  3
A1
350
124
  3
A2
350
125
  3
A3
350
126
  3
A4
350
127
  3
A5
350
128
  3
A6
350
129
  3
A7
350
12A
  3
A8
350
12B
  3
A9
350
12C
  3
B0
350
12D
  3
B1
350
12E
  3
B2
350
12F
  3
B3
350
130
  3
B4
350
131
  3
B5
350
132
  3
B6
350
133
  3
B7
350
134
  3
B8
350
135
  3
B9
350
136
  3
C0
350
137
  3
C1
350
138
  3
C2
350
139
  3
C3
350
13A
  3
C4
350
13B
  3
C5
350
13C
  3
C6
350
13D
  3
C7
350
13E
  3
C8
350
13F
  3
C9
350
140
  3
D0
350
141
  3
D1
350
142
  3
D2
350
143
  0
DICTIONARY
  5
1A8
102
{ACAD_REACTORS
330
C
102
}
330
C
100
AcDbDictionary
281
     1
  3
Imperial24
350
1AA
  3
Metric50
350
8C6
  0
DICTIONARY
  5
86
102
{ACAD_REACTORS
330
C
102
}
330
C
100
AcDbDictionary
281
     1
  3
Standard
350
87
  0
DICTIONARY
  5
99
102
{ACAD_REACTORS
330
C
102
}
330
C
100
AcDbDictionary
281
     1
  3
2dWireframe
350
9F
  3
Basic
350
9E
  3
Brighten
350
A5
  3
ColorChange
350
A9
  3
Conceptual
350
A2
  3
Dim
350
A4
  3
EdgeColorOff
350
175
  3
Facepattern
350
A8
  3
Flat
350
9A
  3
FlatWithEdges
350
9B
  3
Gouraud
350
9C
  3
GouraudWithEdges
350
9D
  3
Hidden
350
A1
  3
JitterOff
350
173
  3
Linepattern
350
A7
  3
OverhangOff
350
174
  3
Realistic
350
A3
  3
Shaded
350
182
  3
Shaded with edges
350
181
  3
Shades of Gray
350
17E
  3
Sketchy
350
17F
  3
Thicken
350
A6
  3
Wireframe
350
A0
  3
X-Ray
350
180
  0
XRECORD
  5
21C2
102
{ACAD_REACTORS
330
C
102
}
330
C
100
AcDbXrecord
280
     1
 90
        1
330
87
330
1D96
330
1D99
330
1D9B
330
1D9C
330
1D9D
330
1D9E
330
1D9F
330
1DA0
330
1DA1
330
1DA2
330
1DA4
330
1DB0
330
1DB1
330
1DB2
330
1DB3
330
1DB4
330
1DB5
330
1DBB
330
1DBC
330
1DBD
330
1DBE
330
1DBF
330
1DC0
330
1DC1
330
1DC2
330
1DC3
330
1DC4
330
1DC5
330
1DC6
330
1DC7
330
1DC8
330
1DC9
330
1DCA
330
1DCB
330
1DCC
330
1DCD
330
1DCE
330
1DCF
330
1DD0
330
1DD1
330
1DD2
330
1DD3
330
1DD4
330
1DD5
330
1DD6
330
1DD7
330
1DD8
330
1DD9
330
1DDA
330
1DDB
330
1DDC
330
1DDD
330
1DDE
330
1DDF
330
1DE1
330
1DE2
330
1DE3
330
1DE4
330
1DE5
330
1DE6
330
1DE7
330
1F02
  0
DICTIONARY
  5
66
102
{ACAD_REACTORS
330
C
102
}
330
C
100
AcDbDictionary
281
     1
  3
ANNOALLVISIBLE
350
1942
  3
CANNOSCALE
350
F0
  3
CMLEADERSTYLE
350
EF
  3
CTABLESTYLE
350
89
  3
CVIEWDETAILSTYLE
350
1B7
  3
CVIEWSECTIONSTYLE
350
1B8
  3
DIMASSOC
350
67
  3
HIDETEXT
350
6B
  3
LAYEREVAL
350
14D
  3
LAYERNOTIFY
350
14E
  0
DICTIONARY
  5
21C8
102
{ACAD_REACTORS
330
C
102
}
330
C
100
AcDbDictionary
281
     1
  3
AcDsRecords
350
21CA
  3
AcDsSchemas
350
21C9
1001
ACAD
1070
     2
  0
DICTIONARY
  5
1D94
102
{ACAD_REACTORS
330
C
102
}
330
C
100
AcDbDictionary
281
     1
  0
DICTIONARY
  5
204
102
{ACAD_REACTORS
330
C
102
}
330
C
100
AcDbDictionary
280
     1
281
     1
  3
Styles
360
205
  0
DICTIONARY
  5
18F
102
{ACAD_REACTORS
330
18E
102
}
330
18E
100
AcDbDictionary
281
     1
  0
SORTENTSTABLE
  5
1FE
102
{ACAD_REACTORS
330
15D
102
}
330
15D
100
AcDbSortentsTable
330
1F
  0
SORTENTSTABLE
  5
990
102
{ACAD_REACTORS
330
98F
102
}
330
98F
100
AcDbSortentsTable
330
962
  0
DIMASSOC
  5
971
102
{ACAD_REACTORS
330
970
102
}
330
970
100
AcDbDimAssoc
330
96F
 90
        3
 70
     0
 71
     0
  1
AcDbOsnapPointRef
 72
     3
331
969
 73
     2
 91
        0
 40
0.0
 10
0.0
 20
0.0
 30
0.0
 75
     0
  1
AcDbOsnapPointRef
 72
    11
331
967
 73
     2
 91
        0
 40
0.0
 10
0.0
 20
0.0
 30
0.0
332
963
 74
     2
 92
        0
 75
     0
  0
DIMASSOC
  5
974
102
{ACAD_REACTORS
330
973
102
}
330
973
100
AcDbDimAssoc
330
972
 90
        3
 70
     0
 71
     0
  1
AcDbOsnapPointRef
 72
     3
331
969
 73
     2
 91
        0
 40
0.0
 10
0.0
 20
0.0
 30
0.0
 75
     0
  1
AcDbOsnapPointRef
 72
     2
331
967
 73
     2
 91
        0
 40
0.5
 10
0.0
 20
0.0
 30
0.0
 75
     0
  0
DIMASSOC
  5
977
102
{ACAD_REACTORS
330
976
102
}
330
976
100
AcDbDimAssoc
330
975
 90
        3
 70
     0
 71
     0
  1
AcDbOsnapPointRef
 72
     2
331
967
 73
     2
 91
        0
 40
0.5
 10
0.0
 20
0.0
 30
0.0
 75
     0
  1
AcDbOsnapPointRef
 72
     3
331
96B
 73
     2
 91
        0
 40
0.0
 10
0.0
 20
0.0
 30
0.0
 75
     0
  0
DIMASSOC
  5
97A
102
{ACAD_REACTORS
330
979
102
}
330
979
100
AcDbDimAssoc
330
978
 90
        3
 70
     0
 71
     0
  1
AcDbOsnapPointRef
 72
     3
331
96A
 73
     2
 91
        0
 40
0.0
 10
0.0
 20
0.0
 30
0.0
 75
     0
  1
AcDbOsnapPointRef
 72
     8
331
965
 73
     2
 91
        0
 40
0.2173617665312821
 10
0.0
 20
0.0
 30
0.0
 75
     1
  1
AcDbOsnapPointRef
 72
     3
331
96A
 73
     2
 91
        0
 40
0.0
 10
0.0
 20
0.0
 30
0.0
 75
     0
  0
DIMASSOC
  5
97F
102
{ACAD_REACTORS
330
97E
102
}
330
97E
100
AcDbDimAssoc
330
97D
 90
        3
 70
     0
 71
     0
  1
AcDbOsnapPointRef
 72
     3
331
96A
 73
     2
 91
        0
 40
0.0
 10
0.0
 20
0.0
 30
0.0
 75
     0
  1
AcDbOsnapPointRef
 72
     2
331
966
 73
     2
 91
        0
 40
0.5000000000000001
 10
0.0
 20
0.0
 30
0.0
 75
     0
  0
DIMASSOC
  5
982
102
{ACAD_REACTORS
330
981
102
}
330
981
100
AcDbDimAssoc
330
980
 90
        3
 70
     0
 71
     0
  1
AcDbOsnapPointRef
 72
     3
331
96E
 73
     2
 91
        0
 40
0.0
 10
0.0
 20
0.0
 30
0.0
 75
     0
  1
AcDbOsnapPointRef
 72
     3
331
96C
 73
     2
 91
        0
 40
0.0
 10
0.0
 20
0.0
 30
0.0
 75
     0
  0
DIMASSOC
  5
985
102
{ACAD_REACTORS
330
984
102
}
330
984
100
AcDbDimAssoc
330
983
 90
        2
 70
     0
 71
     0
  1
AcDbOsnapPointRef
 72
     3
331
96D
 73
     2
 91
        0
 40
0.0
 10
0.0
 20
0.0
 30
0.0
 75
     0
  0
DIMASSOC
  5
988
102
{ACAD_REACTORS
330
987
102
}
330
987
100
AcDbDimAssoc
330
986
 90
        3
 70
     0
 71
     0
  1
AcDbOsnapPointRef
 72
     1
331
968
 73
     2
 91
        0
 40
0.9999999999999998
 10
0.0
 20
0.0
 30
2.000000000000000E+50
 75
     0
  1
AcDbOsnapPointRef
 72
    13
331
968
 73
     2
 91
        0
 40
0.0
 10
0.0
 20
0.0
 30
2.000000000000000E+50
 75
     0
  0
DIMASSOC
  5
98B
102
{ACAD_REACTORS
330
98A
102
}
330
98A
100
AcDbDimAssoc
330
989
 90
        3
 70
     0
 71
     0
  1
AcDbOsnapPointRef
 72
    13
331
963
 73
     2
 91
        0
 40
0.0
 10
0.0
 20
0.0
 30
2.000000000000000E+50
 75
     0
  1
AcDbOsnapPointRef
 72
    13
331
968
 73
     2
 91
        0
 40
0.0
 10
0.0
 20
0.0
 30
2.000000000000000E+50
 75
     0
  0
DIMASSOC
  5
98E
102
{ACAD_REACTORS
330
98D
102
}
330
98D
100
AcDbDimAssoc
330
98C
 90
        3
 70
     0
 71
     0
  1
AcDbOsnapPointRef
 72
    13
331
963
 73
     2
 91
        0
 40
0.0
 10
0.0
 20
0.0
 30
2.000000000000000E+50
 75
     0
  1
AcDbOsnapPointRef
 72
     1
331
968
 73
     2
 91
        0
 40
0.9999999999999998
 10
0.0
 20
0.0
 30
2.000000000000000E+50
 75
     0
  0
DIMASSOC
  5
1E07
102
{ACAD_REACTORS
330
1E06
102
}
330
1E06
100
AcDbDimAssoc
330
1E05
 90
        3
 70
     0
 71
     0
  1
AcDbOsnapPointRef
 72
    13
331
1DFB
 73
     2
 91
        1
 40
0.0
 10
0.0
 20
0.0
 30
2.000000000000000E+50
 75
     0
  1
AcDbOsnapPointRef
 72
     1
331
1DFB
 73
     2
 91
        1
 40
1.0
 10
0.0
 20
0.0
 30
2.000000000000000E+50
 75
     0
  0
DIMASSOC
  5
1E0A
102
{ACAD_REACTORS
330
1E09
102
}
330
1E09
100
AcDbDimAssoc
330
1E08
 90
        2
 70
     0
 71
     0
  1
AcDbOsnapPointRef
 72
     1
331
1DFA
 73
     2
 91
        0
 40
1.0
 10
0.0
 20
0.0
 30
2.000000000000000E+50
 75
     0
  0
DIMASSOC
  5
1E0D
102
{ACAD_REACTORS
330
1E0C
102
}
330
1E0C
100
AcDbDimAssoc
330
1E0B
 90
        3
 70
     0
 71
     0
  1
AcDbOsnapPointRef
 72
     1
331
1DFC
 73
     2
 91
        3
 40
1.0
 10
0.0
 20
0.0
 30
2.000000000000000E+50
 75
     0
  1
AcDbOsnapPointRef
 72
     1
331
1DFC
 73
     2
 91
        2
 40
1.0
 10
0.0
 20
0.0
 30
2.000000000000000E+50
 75
     0
  0
DIMASSOC
  5
1E10
102
{ACAD_REACTORS
330
1E0F
102
}
330
1E0F
100
AcDbDimAssoc
330
1E0E
 90
        3
 70
     0
 71
     0
  1
AcDbOsnapPointRef
 72
     1
331
1DFB
 73
     2
 91
        3
 40
1.0
 10
0.0
 20
0.0
 30
2.000000000000000E+50
 75
     0
  1
AcDbOsnapPointRef
 72
    13
331
1DFB
 73
     2
 91
        1
 40
0.0
 10
0.0
 20
0.0
 30
2.000000000000000E+50
 75
     0
  0
DIMASSOC
  5
1E13
102
{ACAD_REACTORS
330
1E12
102
}
330
1E12
100
AcDbDimAssoc
330
1E11
 90
        3
 70
     0
 71
     0
  1
AcDbOsnapPointRef
 72
     1
331
1DFC
 73
     2
 91
        1
 40
1.0
 10
0.0
 20
0.0
 30
2.000000000000000E+50
 75
     0
  1
AcDbOsnapPointRef
 72
     1
331
1DFC
 73
     2
 91
        2
 40
1.0
 10
0.0
 20
0.0
 30
2.000000000000000E+50
 75
     0
  0
DIMASSOC
  5
1E16
102
{ACAD_REACTORS
330
1E15
102
}
330
1E15
100
AcDbDimAssoc
330
1E14
 90
        3
 70
     0
 71
     0
  1
AcDbOsnapPointRef
 72
    13
331
1DFE
 73
     2
 91
        1
 40
0.0
 10
0.0
 20
0.0
 30
2.000000000000000E+50
 75
     0
  1
AcDbOsnapPointRef
 72
     1
331
1DFE
 73
     2
 91
        3
 40
1.0
 10
0.0
 20
0.0
 30
2.000000000000000E+50
 75
     0
  0
DIMASSOC
  5
1E19
102
{ACAD_REACTORS
330
1E18
102
}
330
1E18
100
AcDbDimAssoc
330
1E17
 90
        3
 70
     0
 71
     0
  1
AcDbOsnapPointRef
 72
     1
331
1DFE
 73
     2
 91
        3
 40
1.0
 10
0.0
 20
0.0
 30
2.000000000000000E+50
 75
     0
  1
AcDbOsnapPointRef
 72
     1
331
1DFE
 73
     2
 91
        2
 40
1.0
 10
0.0
 20
0.0
 30
2.000000000000000E+50
 75
     0
  0
DIMASSOC
  5
1E1C
102
{ACAD_REACTORS
330
1E1B
102
}
330
1E1B
100
AcDbDimAssoc
330
1E1A
 90
        2
 70
     0
 71
     0
  1
AcDbOsnapPointRef
 72
     1
331
1E00
 73
     2
 91
        0
 40
1.0
 10
0.0
 20
0.0
 30
2.000000000000000E+50
 75
     0
  0
DIMASSOC
  5
1E1F
102
{ACAD_REACTORS
330
1E1E
102
}
330
1E1E
100
AcDbDimAssoc
330
1E1D
 90
        3
 70
     0
 71
     0
  1
AcDbOsnapPointRef
 72
    13
331
1DFF
 73
     2
 91
        1
 40
0.0
 10
0.0
 20
0.0
 30
2.000000000000000E+50
 75
     0
  1
AcDbOsnapPointRef
 72
     1
331
1DFF
 73
     2
 91
        1
 40
1.0
 10
0.0
 20
0.0
 30
2.000000000000000E+50
 75
     0
  0
DIMASSOC
  5
1E22
102
{ACAD_REACTORS
330
1E21
102
}
330
1E21
100
AcDbDimAssoc
330
1E20
 90
        3
 70
     0
 71
     0
  1
AcDbOsnapPointRef
 72
     1
331
1DFF
 73
     2
 91
        2
 40
1.0
 10
0.0
 20
0.0
 30
2.000000000000000E+50
 75
     0
  1
AcDbOsnapPointRef
 72
     1
331
1DFF
 73
     2
 91
        1
 40
1.0
 10
0.0
 20
0.0
 30
2.000000000000000E+50
 75
     0
  0
DIMASSOC
  5
1E25
102
{ACAD_REACTORS
330
1E24
102
}
330
1E24
100
AcDbDimAssoc
330
1E23
 90
        3
 70
     0
 71
     0
  1
AcDbOsnapPointRef
 72
    13
331
1DEB
 73
     2
 91
        0
 40
0.0
 10
0.0
 20
0.0
 30
2.000000000000000E+50
 75
     0
  1
AcDbOsnapPointRef
 72
    13
331
1DEC
 73
     2
 91
        0
 40
0.0
 10
0.0
 20
0.0
 30
2.000000000000000E+50
 75
     0
  0
DIMASSOC
  5
1E28
102
{ACAD_REACTORS
330
1E27
102
}
330
1E27
100
AcDbDimAssoc
330
1E26
 90
        3
 70
     0
 71
     0
  1
AcDbOsnapPointRef
 72
    13
331
1DEF
 73
     2
 91
        0
 40
0.0
 10
0.0
 20
0.0
 30
2.000000000000000E+50
 75
     0
  1
AcDbOsnapPointRef
 72
    13
331
1DF0
 73
     2
 91
        0
 40
0.0
 10
0.0
 20
0.0
 30
2.000000000000000E+50
 75
     0
  0
DIMASSOC
  5
1E2B
102
{ACAD_REACTORS
330
1E2A
102
}
330
1E2A
100
AcDbDimAssoc
330
1E29
 90
        3
 70
     0
 71
     0
  1
AcDbOsnapPointRef
 72
     1
331
1DED
 73
     2
 91
        0
 40
1.0
 10
0.0
 20
0.0
 30
2.000000000000000E+50
 75
     0
  1
AcDbOsnapPointRef
 72
    13
331
1DEB
 73
     2
 91
        0
 40
0.0
 10
0.0
 20
0.0
 30
2.000000000000000E+50
 75
     0
  0
DIMASSOC
  5
1E2E
102
{ACAD_REACTORS
330
1E2D
102
}
330
1E2D
100
AcDbDimAssoc
330
1E2C
 90
        3
 70
     0
 71
     0
  1
AcDbOsnapPointRef
 72
    13
331
1DF4
 73
     2
 91
        0
 40
0.0
 10
0.0
 20
0.0
 30
2.000000000000000E+50
 75
     0
  1
AcDbOsnapPointRef
 72
    13
331
1DF5
 73
     2
 91
        0
 40
0.0
 10
0.0
 20
0.0
 30
2.000000000000000E+50
 75
     0
  0
DIMASSOC
  5
1E31
102
{ACAD_REACTORS
330
1E30
102
}
330
1E30
100
AcDbDimAssoc
330
1E2F
 90
        3
 70
     0
 71
     0
  1
AcDbOsnapPointRef
 72
    13
331
1DF4
 73
     2
 91
        0
 40
0.0
 10
0.0
 20
0.0
 30
2.000000000000000E+50
 75
     0
  1
AcDbOsnapPointRef
 72
    13
331
1DF3
 73
     2
 91
        0
 40
0.0
 10
0.0
 20
0.0
 30
2.000000000000000E+50
 75
     0
  0
DIMASSOC
  5
1E34
102
{ACAD_REACTORS
330
1E33
102
}
330
1E33
100
AcDbDimAssoc
330
1E32
 90
        3
 70
     0
 71
     0
  1
AcDbOsnapPointRef
 72
     1
331
1DF8
 73
     2
 91
        1
 40
1.0
 10
0.0
 20
0.0
 30
2.000000000000000E+50
 75
     0
  1
AcDbOsnapPointRef
 72
     1
331
1DF8
 73
     2
 91
        2
 40
1.0
 10
0.0
 20
0.0
 30
2.000000000000000E+50
 75
     0
  0
DIMASSOC
  5
1E37
102
{ACAD_REACTORS
330
1E36
102
}
330
1E36
100
AcDbDimAssoc
330
1E35
 90
        3
 70
     0
 71
     0
  1
AcDbOsnapPointRef
 72
     1
331
1DF8
 73
     2
 91
        3
 40
1.0
 10
0.0
 20
0.0
 30
2.000000000000000E+50
 75
     0
  1
AcDbOsnapPointRef
 72
     1
331
1DF8
 73
     2
 91
        2
 40
1.0
 10
0.0
 20
0.0
 30
2.000000000000000E+50
 75
     0
  0
DIMASSOC
  5
1E3A
102
{ACAD_REACTORS
330
1E39
102
}
330
1E39
100
AcDbDimAssoc
330
1E38
 90
        3
 70
     0
 71
     0
  1
AcDbOsnapPointRef
 72
     1
331
1DF6
 73
     2
 91
        3
 40
1.0
 10
0.0
 20
0.0
 30
2.000000000000000E+50
 75
     0
  1
AcDbOsnapPointRef
 72
     1
331
1DF6
 73
     2
 91
        2
 40
1.0
 10
0.0
 20
0.0
 30
2.000000000000000E+50
 75
     0
  0
DIMASSOC
  5
1E3D
102
{ACAD_REACTORS
330
1E3C
102
}
330
1E3C
100
AcDbDimAssoc
330
1E3B
 90
        3
 70
     0
 71
     0
  1
AcDbOsnapPointRef
 72
    13
331
1DF7
 73
     2
 91
        1
 40
0.0
 10
0.0
 20
0.0
 30
2.000000000000000E+50
 75
     0
  1
AcDbOsnapPointRef
 72
     1
331
1DF7
 73
     2
 91
        1
 40
1.0
 10
0.0
 20
0.0
 30
2.000000000000000E+50
 75
     0
  0
DIMASSOC
  5
1E40
102
{ACAD_REACTORS
330
1E3F
102
}
330
1E3F
100
AcDbDimAssoc
330
1E3E
 90
        3
 70
     0
 71
     0
  1
AcDbOsnapPointRef
 72
    13
331
1DF6
 73
     2
 91
        1
 40
0.0
 10
0.0
 20
0.0
 30
2.000000000000000E+50
 75
     0
  1
AcDbOsnapPointRef
 72
     1
331
1DF6
 73
     2
 91
        3
 40
1.0
 10
0.0
 20
0.0
 30
2.000000000000000E+50
 75
     0
  0
DIMASSOC
  5
1E4C
102
{ACAD_REACTORS
330
1E4B
102
}
330
1E4B
100
AcDbDimAssoc
330
1E4A
 90
        3
 70
     0
 71
     0
  1
AcDbOsnapPointRef
 72
     1
331
1E41
 73
     2
 91
        3
 40
1.0
 10
0.0
 20
0.0
 30
2.000000000000000E+50
 75
     0
  1
AcDbOsnapPointRef
 72
     1
331
1E41
 73
     2
 91
        2
 40
1.0
 10
0.0
 20
0.0
 30
2.000000000000000E+50
 75
     0
  0
DIMASSOC
  5
1E4F
102
{ACAD_REACTORS
330
1E4E
102
}
330
1E4E
100
AcDbDimAssoc
330
1E4D
 90
        3
 70
     0
 71
     0
  1
AcDbOsnapPointRef
 72
    13
331
1E41
 73
     2
 91
        1
 40
0.0
 10
0.0
 20
0.0
 30
2.000000000000000E+50
 75
     0
  1
AcDbOsnapPointRef
 72
     1
331
1E41
 73
     2
 91
        3
 40
1.0
 10
0.0
 20
0.0
 30
2.000000000000000E+50
 75
     0
  0
DIMASSOC
  5
1E52
102
{ACAD_REACTORS
330
1E51
102
}
330
1E51
100
AcDbDimAssoc
330
1E50
 90
        3
 70
     0
 71
     0
  1
AcDbOsnapPointRef
 72
     1
331
1E42
 73
     2
 91
        1
 40
1.0
 10
0.0
 20
0.0
 30
2.000000000000000E+50
 75
     0
  1
AcDbOsnapPointRef
 72
     1
331
1E42
 73
     2
 91
        2
 40
1.0
 10
0.0
 20
0.0
 30
2.000000000000000E+50
 75
     0
  0
DIMASSOC
  5
1E55
102
{ACAD_REACTORS
330
1E54
102
}
330
1E54
100
AcDbDimAssoc
330
1E53
 90
        3
 70
     0
 71
     0
  1
AcDbOsnapPointRef
 72
    13
331
1E46
 73
     2
 91
        1
 40
0.0
 10
0.0
 20
0.0
 30
2.000000000000000E+50
 75
     0
  1
AcDbOsnapPointRef
 72
     1
331
1E46
 73
     2
 91
        1
 40
1.0
 10
0.0
 20
0.0
 30
2.000000000000000E+50
 75
     0
  0
DIMASSOC
  5
1E58
102
{ACAD_REACTORS
330
1E57
102
}
330
1E57
100
AcDbDimAssoc
330
1E56
 90
        3
 70
     0
 71
     0
  1
AcDbOsnapPointRef
 72
     1
331
1E46
 73
     2
 91
        2
 40
1.0
 10
0.0
 20
0.0
 30
2.000000000000000E+50
 75
     0
  1
AcDbOsnapPointRef
 72
     1
331
1E46
 73
     2
 91
        1
 40
1.0
 10
0.0
 20
0.0
 30
2.000000000000000E+50
 75
     0
  0
DIMASSOC
  5
1E5B
102
{ACAD_REACTORS
330
1E5A
102
}
330
1E5A
100
AcDbDimAssoc
330
1E59
 90
        1
 70
     0
 71
     0
  1
AcDbOsnapPointRef
 72
    13
331
1E47
 73
     2
 91
        5
 40
0.0
 10
0.0
 20
0.0
 30
2.000000000000000E+50
 75
     0
  0
DIMASSOC
  5
1E5E
102
{ACAD_REACTORS
330
1E5D
102
}
330
1E5D
100
AcDbDimAssoc
330
1E5C
 90
        3
 70
     0
 71
     0
  1
AcDbOsnapPointRef
 72
     1
331
1E49
 73
     2
 91
        2
 40
1.0
 10
0.0
 20
0.0
 30
2.000000000000000E+50
 75
     0
  1
AcDbOsnapPointRef
 72
     1
331
1E49
 73
     2
 91
        1
 40
1.0
 10
0.0
 20
0.0
 30
2.000000000000000E+50
 75
     0
  0
DIMASSOC
  5
1E61
102
{ACAD_REACTORS
330
1E60
102
}
330
1E60
100
AcDbDimAssoc
330
1E5F
 90
        3
 70
     0
 71
     0
  1
AcDbOsnapPointRef
 72
    13
331
1E49
 73
     2
 91
        1
 40
0.0
 10
0.0
 20
0.0
 30
2.000000000000000E+50
 75
     0
  1
AcDbOsnapPointRef
 72
     1
331
1E49
 73
     2
 91
        1
 40
1.0
 10
0.0
 20
0.0
 30
2.000000000000000E+50
 75
     0
  0
DIMASSOC
  5
1E81
102
{ACAD_REACTORS
330
1E80
102
}
330
1E80
100
AcDbDimAssoc
330
1E7F
 90
        3
 70
     0
 71
     0
  1
AcDbOsnapPointRef
 72
     1
331
1E7E
 73
     2
 91
        3
 40
1.0
 10
0.0
 20
0.0
 30
2.000000000000000E+50
 75
     0
  1
AcDbOsnapPointRef
 72
     1
331
1E7E
 73
     2
 91
        2
 40
1.0
 10
0.0
 20
0.0
 30
2.000000000000000E+50
 75
     0
  0
DIMASSOC
  5
1E84
102
{ACAD_REACTORS
330
1E83
102
}
330
1E83
100
AcDbDimAssoc
330
1E82
 90
        1
 70
     0
 71
     0
  1
AcDbOsnapPointRef
 72
    13
331
1E7D
 73
     2
 91
        5
 40
0.0
 10
0.0
 20
0.0
 30
2.000000000000000E+50
 75
     0
  0
DIMASSOC
  5
1E87
102
{ACAD_REACTORS
330
1E86
102
}
330
1E86
100
AcDbDimAssoc
330
1E85
 90
        3
 70
     0
 71
     0
  1
AcDbOsnapPointRef
 72
     1
331
1E7E
 73
     2
 91
        1
 40
1.0
 10
0.0
 20
0.0
 30
2.000000000000000E+50
 75
     0
  1
AcDbOsnapPointRef
 72
     1
331
1E7E
 73
     2
 91
        2
 40
1.0
 10
0.0
 20
0.0
 30
2.000000000000000E+50
 75
     0
  0
DIMASSOC
  5
1E8A
102
{ACAD_REACTORS
330
1E89
102
}
330
1E89
100
AcDbDimAssoc
330
1E88
 90
        3
 70
     0
 71
     0
  1
AcDbOsnapPointRef
 72
    13
331
1DAD
 73
     2
 91
        0
 40
0.0
 10
0.0
 20
0.0
 30
2.000000000000000E+50
 75
     0
  1
AcDbOsnapPointRef
 72
     1
331
1DAD
 73
     2
 91
        0
 40
1.0
 10
0.0
 20
0.0
 30
2.000000000000000E+50
 75
     0
  0
DIMASSOC
  5
1E8D
102
{ACAD_REACTORS
330
1E8C
102
}
330
1E8C
100
AcDbDimAssoc
330
1E8B
 90
        1
 70
     0
 71
     0
  1
AcDbOsnapPointRef
 72
    13
331
1DA5
 73
     2
 91
        0
 40
0.0
 10
0.0
 20
0.0
 30
2.000000000000000E+50
 75
     0
  0
DIMASSOC
  5
1E90
102
{ACAD_REACTORS
330
1E8F
102
}
330
1E8F
100
AcDbDimAssoc
330
1E8E
 90
        1
 70
     0
 71
     0
  1
AcDbOsnapPointRef
 72
    13
331
1DA9
 73
     2
 91
        0
 40
0.0
 10
0.0
 20
0.0
 30
2.000000000000000E+50
 75
     0
  0
DIMASSOC
  5
1E93
102
{ACAD_REACTORS
330
1E92
102
}
330
1E92
100
AcDbDimAssoc
330
1E91
 90
        3
 70
     0
 71
     0
  1
AcDbOsnapPointRef
 72
    13
331
1DAE
 73
     2
 91
        0
 40
0.0
 10
0.0
 20
0.0
 30
2.000000000000000E+50
 75
     0
  1
AcDbOsnapPointRef
 72
     1
331
1DAE
 73
     2
 91
        0
 40
0.9999999999999989
 10
0.0
 20
0.0
 30
2.000000000000000E+50
 75
     0
  0
DIMASSOC
  5
1E96
102
{ACAD_REACTORS
330
1E95
102
}
330
1E95
100
AcDbDimAssoc
330
1E94
 90
        3
 70
     0
 71
     0
  1
AcDbOsnapPointRef
 72
    13
331
1DAF
 73
     2
 91
        0
 40
-0.000000000000001
 10
0.0
 20
0.0
 30
2.000000000000000E+50
 75
     0
  1
AcDbOsnapPointRef
 72
     1
331
1DAF
 73
     2
 91
        0
 40
0.9999999999999989
 10
0.0
 20
0.0
 30
2.000000000000000E+50
 75
     0
  0
DIMASSOC
  5
1E99
102
{ACAD_REACTORS
330
1E98
102
}
330
1E98
100
AcDbDimAssoc
330
1E97
 90
        1
 70
     0
 71
     0
  1
AcDbOsnapPointRef
 72
    13
331
1DAB
 73
     2
 91
        0
 40
0.0
 10
0.0
 20
0.0
 30
2.000000000000000E+50
 75
     0
  0
DIMASSOC
  5
1EA0
102
{ACAD_REACTORS
330
1E9F
102
}
330
1E9F
100
AcDbDimAssoc
330
1E9E
 90
        3
 70
     0
 71
     0
  1
AcDbOsnapPointRef
 72
    13
331
1E9A
 73
     2
 91
        1
 40
0.0
 10
0.0
 20
0.0
 30
2.000000000000000E+50
 75
     0
  1
AcDbOsnapPointRef
 72
     1
331
1E9A
 73
     2
 91
        3
 40
1.0
 10
0.0
 20
0.0
 30
2.000000000000000E+50
 75
     0
  0
DIMASSOC
  5
1EA3
102
{ACAD_REACTORS
330
1EA2
102
}
330
1EA2
100
AcDbDimAssoc
330
1EA1
 90
        3
 70
     0
 71
     0
  1
AcDbOsnapPointRef
 72
     1
331
1E9A
 73
     2
 91
        3
 40
1.0
 10
0.0
 20
0.0
 30
2.000000000000000E+50
 75
     0
  1
AcDbOsnapPointRef
 72
     1
331
1E9A
 73
     2
 91
        2
 40
1.0
 10
0.0
 20
0.0
 30
2.000000000000000E+50
 75
     0
  0
DIMASSOC
  5
1EA6
102
{ACAD_REACTORS
330
1EA5
102
}
330
1EA5
100
AcDbDimAssoc
330
1EA4
 90
        3
 70
     0
 71
     0
  1
AcDbOsnapPointRef
 72
    13
331
1E9B
 73
     2
 91
        1
 40
0.0
 10
0.0
 20
0.0
 30
2.000000000000000E+50
 75
     0
  1
AcDbOsnapPointRef
 72
     1
331
1E9B
 73
     2
 91
        3
 40
1.0
 10
0.0
 20
0.0
 30
2.000000000000000E+50
 75
     0
  0
DIMASSOC
  5
1EA9
102
{ACAD_REACTORS
330
1EA8
102
}
330
1EA8
100
AcDbDimAssoc
330
1EA7
 90
        3
 70
     0
 71
     0
  1
AcDbOsnapPointRef
 72
     1
331
1E9B
 73
     2
 91
        3
 40
1.0
 10
0.0
 20
0.0
 30
2.000000000000000E+50
 75
     0
  1
AcDbOsnapPointRef
 72
     1
331
1E9B
 73
     2
 91
        2
 40
1.0
 10
0.0
 20
0.0
 30
2.000000000000000E+50
 75
     0
  0
DIMASSOC
  5
1EAC
102
{ACAD_REACTORS
330
1EAB
102
}
330
1EAB
100
AcDbDimAssoc
330
1EAA
 90
        3
 70
     0
 71
     0
  1
AcDbOsnapPointRef
 72
    13
331
1E9C
 73
     2
 91
        1
 40
0.0
 10
0.0
 20
0.0
 30
2.000000000000000E+50
 75
     0
  1
AcDbOsnapPointRef
 72
     1
331
1E9C
 73
     2
 91
        3
 40
1.0
 10
0.0
 20
0.0
 30
2.000000000000000E+50
 75
     0
  0
DIMASSOC
  5
1EAF
102
{ACAD_REACTORS
330
1EAE
102
}
330
1EAE
100
AcDbDimAssoc
330
1EAD
 90
        3
 70
     0
 71
     0
  1
AcDbOsnapPointRef
 72
     1
331
1E9C
 73
     2
 91
        3
 40
1.0
 10
0.0
 20
0.0
 30
2.000000000000000E+50
 75
     0
  1
AcDbOsnapPointRef
 72
     1
331
1E9C
 73
     2
 91
        2
 40
1.0
 10
0.0
 20
0.0
 30
2.000000000000000E+50
 75
     0
  0
DIMASSOC
  5
1EB2
102
{ACAD_REACTORS
330
1EB1
102
}
330
1EB1
100
AcDbDimAssoc
330
1EB0
 90
        3
 70
     0
 71
     0
  1
AcDbOsnapPointRef
 72
    13
331
1E9D
 73
     2
 91
        1
 40
0.0
 10
0.0
 20
0.0
 30
2.000000000000000E+50
 75
     0
  1
AcDbOsnapPointRef
 72
     1
331
1E9D
 73
     2
 91
        3
 40
1.0
 10
0.0
 20
0.0
 30
2.000000000000000E+50
 75
     0
  0
DIMASSOC
  5
1EB5
102
{ACAD_REACTORS
330
1EB4
102
}
330
1EB4
100
AcDbDimAssoc
330
1EB3
 90
        3
 70
     0
 71
     0
  1
AcDbOsnapPointRef
 72
     1
331
1E9D
 73
     2
 91
        3
 40
1.0
 10
0.0
 20
0.0
 30
2.000000000000000E+50
 75
     0
  1
AcDbOsnapPointRef
 72
     1
331
1E9D
 73
     2
 91
        2
 40
1.0
 10
0.0
 20
0.0
 30
2.000000000000000E+50
 75
     0
  0
DIMASSOC
  5
1EEB
102
{ACAD_REACTORS
330
1EEA
102
}
330
1EEA
100
AcDbDimAssoc
330
1EE9
 90
        3
 70
     0
 71
     0
  1
AcDbOsnapPointRef
 72
     1
331
1DF9
 73
     2
 91
        0
 40
1.0
 10
0.0
 20
0.0
 30
2.000000000000000E+50
 75
     0
  1
AcDbOsnapPointRef
 72
     1
331
1DFA
 73
     2
 91
        0
 40
1.0
 10
0.0
 20
0.0
 30
2.000000000000000E+50
 75
     0
  0
DIMASSOC
  5
1EEE
102
{ACAD_REACTORS
330
1EED
102
}
330
1EED
100
AcDbDimAssoc
330
1EEC
 90
        3
 70
     0
 71
     0
  1
AcDbOsnapPointRef
 72
     1
331
1DFD
 73
     2
 91
        0
 40
1.0
 10
0.0
 20
0.0
 30
2.000000000000000E+50
 75
     0
  1
AcDbOsnapPointRef
 72
     1
331
1E00
 73
     2
 91
        0
 40
1.0
 10
0.0
 20
0.0
 30
2.000000000000000E+50
 75
     0
  0
DIMASSOC
  5
1EF1
102
{ACAD_REACTORS
330
1EF0
102
}
330
1EF0
100
AcDbDimAssoc
330
1EEF
 90
        3
 70
     0
 71
     0
  1
AcDbOsnapPointRef
 72
    13
331
1EE1
 73
     2
 91
        0
 40
0.0
 10
0.0
 20
0.0
 30
2.000000000000000E+50
 75
     0
  1
AcDbOsnapPointRef
 72
    13
331
1ECC
 73
     2
 91
        0
 40
1.570796326794896
 10
0.0
 20
0.0
 30
2.000000000000000E+50
 75
     0
  0
DIMASSOC
  5
1EF4
102
{ACAD_REACTORS
330
1EF3
102
}
330
1EF3
100
AcDbDimAssoc
330
1EF2
 90
        2
 70
     0
 71
     0
  1
AcDbOsnapPointRef
 72
    13
331
1EDE
 73
     2
 91
        0
 40
0.0
 10
0.0
 20
0.0
 30
2.000000000000000E+50
 75
     0
  0
DIMASSOC
  5
1EF7
102
{ACAD_REACTORS
330
1EF6
102
}
330
1EF6
100
AcDbDimAssoc
330
1EF5
 90
        3
 70
     0
 71
     0
  1
AcDbOsnapPointRef
 72
    13
331
1EDD
 73
     2
 91
        0
 40
0.0
 10
0.0
 20
0.0
 30
2.000000000000000E+50
 75
     0
  1
AcDbOsnapPointRef
 72
     1
331
1E42
 73
     2
 91
        2
 40
1.0
 10
0.0
 20
0.0
 30
2.000000000000000E+50
 75
     0
  0
DIMASSOC
  5
1EFA
102
{ACAD_REACTORS
330
1EF9
102
}
330
1EF9
100
AcDbDimAssoc
330
1EF8
 90
        3
 70
     0
 71
     0
  1
AcDbOsnapPointRef
 72
     1
331
1E44
 73
     2
 91
        2
 40
1.0
 10
0.0
 20
0.0
 30
2.000000000000000E+50
 75
     0
  1
AcDbOsnapPointRef
 72
    13
331
1EE0
 73
     2
 91
        0
 40
0.0
 10
0.0
 20
0.0
 30
2.000000000000000E+50
 75
     0
  0
DIMASSOC
  5
1EFD
102
{ACAD_REACTORS
330
1EFC
102
}
330
1EFC
100
AcDbDimAssoc
330
1EFB
 90
        3
 70
     0
 71
     0
  1
AcDbOsnapPointRef
 72
    13
331
1EE3
 73
     2
 91
        0
 40
0.0
 10
0.0
 20
0.0
 30
2.000000000000000E+50
 75
     0
  1
AcDbOsnapPointRef
 72
     1
331
1E47
 73
     2
 91
        2
 40
1.0
 10
0.0
 20
0.0
 30
2.000000000000000E+50
 75
     0
  0
DIMASSOC
  5
1F00
102
{ACAD_REACTORS
330
1EFF
102
}
330
1EFF
100
AcDbDimAssoc
330
1EFE
 90
        3
 70
     0
 71
     0
  1
AcDbOsnapPointRef
 72
    13
331
1EE6
 73
     2
 91
        0
 40
0.0
 10
0.0
 20
0.0
 30
2.000000000000000E+50
 75
     0
  1
AcDbOsnapPointRef
 72
     1
331
1E7D
 73
     2
 91
        2
 40
1.0
 10
0.0
 20
0.0
 30
2.000000000000000E+50
 75
     0
  0
ACDBDETAILVIEWSTYLE
  5
1AC
102
{ACAD_XDICTIONARY
360
21CD
102
}
102
{ACAD_REACTORS
330
1AB
102
}
330
1AB
100
AcDbModelDocViewStyle
 70
     0
  3
Imperial24
290
     0
100
AcDbDetailViewStyle
 70
     0
 71
     0
 90
        3
 71
     1
340
11
 62
   256
 40
0.24
340
0
 62
   256
 40
0.24
300

 40
0.36
280
     3
 71
     2
340
16
 90
       25
 62
   256
 71
     3
340
11
 62
   256
 40
0.24
 90
        1
 40
0.75
 90
        1
300
%<\AcVar ViewType \f "%tc1">% %<\AcVar ViewDetailId>%\PSCALE %<\AcVar ViewScale \f "%sn">%
 71
     4
340
16
 90
       25
 62
   256
340
16
 90
       25
 62
   256
280
     0
  0
ACDBDETAILVIEWSTYLE
  5
8C7
102
{ACAD_XDICTIONARY
360
21D1
102
}
102
{ACAD_REACTORS
330
1AB
102
}
330
1AB
100
AcDbModelDocViewStyle
 70
     0
  3
Metric50
290
     0
100
AcDbDetailViewStyle
 70
     0
 71
     0
 90
        3
 71
     1
340
11
 62
   256
 40
5.0
340
0
 62
   256
 40
5.0
300

 40
0.0
280
     1
 71
     2
340
16
 90
       25
 62
   256
 71
     3
340
11
 62
   256
 40
5.0
 90
        0
 40
15.0
 90
        1
300
%<\AcVar ViewDetailId>% (%<\AcVar ViewScale \f "%sn">%)
 71
     4
340
16
 90
       25
 62
   256
340
16
 90
       25
 62
   256
280
     0
  0
GROUP
  5
1532
102
{ACAD_REACTORS
330
D
102
}
330
D
100
AcDbGroup
300

 70
     1
 71
     1
  0
GROUP
  5
1559
102
{ACAD_REACTORS
330
D
102
}
330
D
100
AcDbGroup
300

 70
     1
 71
     1
  0
GROUP
  5
1568
102
{ACAD_REACTORS
330
D
102
}
330
D
100
AcDbGroup
300

 70
     1
 71
     1
  0
GROUP
  5
1577
102
{ACAD_REACTORS
330
D
102
}
330
D
100
AcDbGroup
300

 70
     1
 71
     1
  0
GROUP
  5
1585
102
{ACAD_REACTORS
330
D
102
}
330
D
100
AcDbGroup
300

 70
     1
 71
     1
  0
GROUP
  5
15A1
102
{ACAD_REACTORS
330
D
102
}
330
D
100
AcDbGroup
300

 70
     1
 71
     1
  0
GROUP
  5
15C9
102
{ACAD_REACTORS
330
D
102
}
330
D
100
AcDbGroup
300

 70
     1
 71
     1
  0
GROUP
  5
1636
102
{ACAD_REACTORS
330
D
102
}
330
D
100
AcDbGroup
300

 70
     1
 71
     1
  0
GROUP
  5
167F
102
{ACAD_REACTORS
330
D
102
}
330
D
100
AcDbGroup
300

 70
     1
 71
     1
  0
LAYOUT
  5
22
102
{ACAD_XDICTIONARY
360
194
102
}
102
{ACAD_REACTORS
330
1A
102
}
330
1A
100
AcDbPlotSettings
  1

  2
none_device
  4
ANSI_A_(8.50_x_11.00_Inches)
  6

 40
6.349999904632568
 41
19.04999923706055
 42
6.350006103515625
 43
19.04998779296875
 44
215.8999938964844
 45
279.3999938964844
 46
0.0
 47
0.0
 48
0.0
 49
0.0
140
0.0
141
0.0
142
1.0
143
2.584895464708373
 70
 11952
 72
     0
 73
     1
 74
     0
  7

 75
     0
147
0.3868628397755418
 76
     0
 77
     2
 78
   300
148
0.0
149
0.0
100
AcDbLayout
  1
Model
 70
     1
 71
     0
 10
0.0
 20
0.0
 11
12.0
 21
9.0
 12
0.0
 22
0.0
 32
0.0
 14
0.0
 24
0.0
 34
0.0
 15
0.0
 25
0.0
 35
0.0
146
0.0
 13
0.0
 23
0.0
 33
0.0
 16
1.0
 26
0.0
 36
0.0
 17
0.0
 27
1.0
 37
0.0
 76
     0
330
1F
331
94
  0
LAYOUT
  5
59
102
{ACAD_REACTORS
330
1A
102
}
330
1A
100
AcDbPlotSettings
  1

  2
None
  4

  6

 40
0.0
 41
0.0
 42
0.0
 43
0.0
 44
0.0
 45
0.0
 46
0.0
 47
0.0
 48
0.0
 49
0.0
140
0.0
141
0.0
142
1.0
143
1.0
 70
   688
 72
     0
 73
     0
 74
     5
  7

 75
    16
147
1.0
 76
     0
 77
     2
 78
   300
148
0.0
149
0.0
100
AcDbLayout
  1
Лист1
 70
     1
 71
     1
 10
0.0
 20
0.0
 11
12.0
 21
9.0
 12
0.0
 22
0.0
 32
0.0
 14
0.0
 24
0.0
 34
0.0
 15
0.0
 25
0.0
 35
0.0
146
0.0
 13
0.0
 23
0.0
 33
0.0
 16
1.0
 26
0.0
 36
0.0
 17
0.0
 27
1.0
 37
0.0
 76
     0
330
58
  0
LAYOUT
  5
5E
102
{ACAD_REACTORS
330
1A
102
}
330
1A
100
AcDbPlotSettings
  1

  2
None
  4

  6

 40
0.0
 41
0.0
 42
0.0
 43
0.0
 44
0.0
 45
0.0
 46
0.0
 47
0.0
 48
0.0
 49
0.0
140
0.0
141
0.0
142
1.0
143
1.0
 70
   688
 72
     0
 73
     0
 74
     5
  7

 75
    16
147
1.0
 76
     0
 77
     2
 78
   300
148
0.0
149
0.0
100
AcDbLayout
  1
Лист2
 70
     1
 71
     2
 10
0.0
 20
0.0
 11
12.0
 21
9.0
 12
0.0
 22
0.0
 32
0.0
 14
0.0
 24
0.0
 34
0.0
 15
0.0
 25
0.0
 35
0.0
146
0.0
 13
0.0
 23
0.0
 33
0.0
 16
1.0
 26
0.0
 36
0.0
 17
0.0
 27
1.0
 37
0.0
 76
     0
330
5D
  0
MATERIAL
  5
97
102
{ACAD_XDICTIONARY
360
188
102
}
102
{ACAD_REACTORS
330
72
102
}
330
72
100
AcDbMaterial
  1
ByBlock
 94
       63
  0
MATERIAL
  5
96
102
{ACAD_XDICTIONARY
360
186
102
}
102
{ACAD_REACTORS
330
72
102
}
330
72
100
AcDbMaterial
  1
ByLayer
 94
       63
  0
MATERIAL
  5
98
102
{ACAD_XDICTIONARY
360
110
102
}
102
{ACAD_REACTORS
330
72
102
}
330
72
100
AcDbMaterial
  1
Global
 43
0.0208000000566244
 43
0.0
 43
0.0
 43
0.0
 43
0.0
 43
0.0208000000566244
 43
0.0
 43
0.0
 43
0.0
 43
0.0
 43
1.0
 43
0.0
 43
0.0
 43
0.0
 43
0.0
 43
1.0
 49
0.0208000000566244
 49
0.0
 49
0.0
 49
0.0
 49
0.0
 49
0.0208000000566244
 49
0.0
 49
0.0
 49
0.0
 49
0.0
 49
1.0
 49
0.0
 49
0.0
 49
0.0
 49
0.0
 49
1.0
142
0.0208000000566244
142
0.0
142
0.0
142
0.0
142
0.0
142
0.0208000000566244
142
0.0
142
0.0
142
0.0
142
0.0
142
1.0
142
0.0
142
0.0
142
0.0
142
0.0
142
1.0
144
0.0208000000566244
144
0.0
144
0.0
144
0.0
144
0.0
144
0.0208000000566244
144
0.0
144
0.0
144
0.0
144
0.0
144
1.0
144
0.0
144
0.0
144
0.0
144
0.0
144
1.0
 94
       63
1001
ACAD
1070
    -1
1070
     3
1070
     0
1000

1071
        0
1070
     0
  0
MLEADERSTYLE
  5
D8
102
{ACAD_REACTORS
330
D7
102
}
330
D7
100
AcDbMLeaderStyle
179
     2
170
     2
171
     1
172
     0
 90
        2
 40
0.0
 41
0.0
173
     1
 91
-1056964608
 92
       -2
290
     1
 42
0.09
291
     1
 43
0.36
  3
Standard
 44
0.18
300

342
11
174
     5
178
     5
175
     1
176
     0
 93
-1056964608
 45
0.18
292
     0
297
     0
 46
0.18
343
E8B
 94
-1056964608
 47
1.0
 49
1.0
140
1.0
293
     1
141
0.0
294
     1
177
     0
142
1.0
295
     0
296
     0
143
0.125
271
     0
272
     9
273
     9
298
     0
  0
MLEADERSTYLE
  5
E5
102
{ACAD_REACTORS
330
D7
102
}
330
D7
100
AcDbMLeaderStyle
179
     2
170
     2
171
     1
172
     0
 90
        2
 40
0.0
 41
0.0
173
     1
 91
-1056964608
340
14
 92
       -2
290
     1
 42
0.09
291
     1
 43
0.36
  3
Standard
 44
0.18
300

342
11
174
     1
178
     1
175
     1
176
     0
 93
-1056964608
 45
0.18
292
     0
297
     0
 46
0.18
 94
-1056964608
 47
1.0
 49
1.0
140
1.0
293
     1
141
0.0
294
     1
177
     0
142
1.0
295
     0
296
     1
143
0.125
271
     0
272
     9
273
     9
298
     0
  0
MLINESTYLE
  5
18
102
{ACAD_REACTORS
330
17
102
}
330
17
100
AcDbMlineStyle
  2
STANDARD
 70
     0
  3

 62
   256
 51
90.0
 52
90.0
 71
     2
 49
0.5
 62
   256
  6
BYLAYER
 49
-0.5
 62
   256
  6
BYLAYER
  0
PLOTSETTINGS
  5
8B3
102
{ACAD_REACTORS
330
19
102
}
330
19
100
AcDbPlotSettings
  1
PDF
  2
Нет
  4
ANSI_A_(8.50_x_11.00_Inches)
  6

 40
6.349999904632568
 41
19.04999923706055
 42
6.350006103515625
 43
19.04998779296875
 44
215.8999938964844
 45
279.3999938964844
 46
0.0
 47
0.0
 48
0.0
 49
0.0
140
0.0
141
0.0
142
1.0
143
1873.837233857144
 70
 11952
 72
     0
 73
     1
 74
     0
  7

 75
     0
147
0.0005336642809373
 76
     0
 77
     2
 78
   300
148
50071.43671629166
149
63628.47479721949
1001
ACAD_PSEXT
1000
Нет
1000
Нет
1000
Неприменимо
1000
Лист не будет напечатан, если не выбрать имя конфигурации плоттера.
1070
     0
  0
PLOTSETTINGS
  5
8A1
102
{ACAD_REACTORS
330
19
102
}
330
19
100
AcDbPlotSettings
  1
PDF в 1С
  2
Microsoft Print to PDF.pc3
  4
A4
  6

 40
0.0
 41
0.0
 42
0.0
 43
0.0
 44
210.0156707763672
 45
297.0106506347656
 46
0.0
 47
180.0
 48
927.2059534829859
 49
891.8125471312832
140
4727.205953482985
141
2086.715247535291
142
1.0
143
18.09388787966392
 70
 11952
 72
     1
 73
     0
 74
     4
  7

 75
     0
147
0.0552672817832545
 76
     0
 77
     2
 78
   300
148
-927.2059534829859
149
-891.8125471312832
1001
ACAD_PSEXT
1000
Microsoft Print to PDF.pc3
1000
Microsoft Print To PDF
1000
PORTPROMPT:
1000

1070
     0
  0
ACDBPLACEHOLDER
  5
F
102
{ACAD_REACTORS
330
E
102
}
330
E
  0
RAPIDRTRENDERSETTINGS
  5
4A6
102
{ACAD_REACTORS
330
4A0
102
}
330
4A0
100
AcDbRenderSettings
 90
        2
  1
1-я скорость
290
     1
290
     0
290
     1
290
     1
  1

  1
Визуализация в течение 12 часов
 90
        5
100
AcDbRapidRTRenderSettings
 90
        3
 70
     1
 90
        1
 90
      720
 70
     2
 70
     2
 40
3.0
 40
3.0
290
     1
  0
RAPIDRTRENDERSETTINGS
  5
4A5
102
{ACAD_REACTORS
330
4A0
102
}
330
4A0
100
AcDbRenderSettings
 90
        2
  1
2-я скорость
290
     1
290
     0
290
     1
290
     1
  1

  1
Визуализация в течение 60 минут
 90
        4
100
AcDbRapidRTRenderSettings
 90
        3
 70
     1
 90
        1
 90
       60
 70
     2
 70
     2
 40
3.0
 40
3.0
290
     1
  0
RAPIDRTRENDERSETTINGS
  5
4A4
102
{ACAD_REACTORS
330
4A0
102
}
330
4A0
100
AcDbRenderSettings
 90
        2
  1
3-я скорость
290
     1
290
     0
290
     1
290
     1
  1

  1
Визуализация в течение 10 минут
 90
        3
100
AcDbRapidRTRenderSettings
 90
        3
 70
     1
 90
        1
 90
       10
 70
     1
 70
     2
 40
3.0
 40
3.0
290
     1
  0
RAPIDRTRENDERSETTINGS
  5
4A3
102
{ACAD_REACTORS
330
4A0
102
}
330
4A0
100
AcDbRenderSettings
 90
        2
  1
Высокое
290
     1
290
     0
290
     1
290
     1
  1

  1
Применяется 10 уровней визуализации
 90
        2
100
AcDbRapidRTRenderSettings
 90
        3
 70
     0
 90
       10
 90
        1
 70
     2
 70
     2
 40
3.0
 40
3.0
290
     1
  0
RAPIDRTRENDERSETTINGS
  5
4A1
102
{ACAD_REACTORS
330
4A0
102
}
330
4A0
100
AcDbRenderSettings
 90
        2
  1
Низкое
290
     1
290
     0
290
     1
290
     1
  1

  1
Применяется 1 уровень визуализации
 90
        0
100
AcDbRapidRTRenderSettings
 90
        3
 70
     0
 90
        1
 90
        1
 70
     0
 70
     2
 40
3.0
 40
3.0
290
     1
  0
RAPIDRTRENDERSETTINGS
  5
4A2
102
{ACAD_REACTORS
330
4A0
102
}
330
4A0
100
AcDbRenderSettings
 90
        2
  1
Среднее
290
     1
290
     0
290
     1
290
     1
  1

  1
Применяется 5 уровней визуализации
 90
        1
100
AcDbRapidRTRenderSettings
 90
        3
 70
     0
 90
        5
 90
        1
 70
     1
 70
     2
 40
3.0
 40
3.0
290
     1
  0
SCALE
  5
B7
102
{ACAD_REACTORS
330
B6
102
}
330
B6
100
AcDbScale
 70
     0
300
1:1
140
1.0
141
1.0
290
     1
  0
SCALE
  5
124
102
{ACAD_REACTORS
330
B6
102
}
330
B6
100
AcDbScale
 70
     0
300
1:2
140
1.0
141
2.0
290
     0
  0
SCALE
  5
125
102
{ACAD_REACTORS
330
B6
102
}
330
B6
100
AcDbScale
 70
     0
300
1:4
140
1.0
141
4.0
290
     0
  0
SCALE
  5
126
102
{ACAD_REACTORS
330
B6
102
}
330
B6
100
AcDbScale
 70
     0
300
1:5
140
1.0
141
5.0
290
     0
  0
SCALE
  5
127
102
{ACAD_REACTORS
330
B6
102
}
330
B6
100
AcDbScale
 70
     0
300
1:8
140
1.0
141
8.0
290
     0
  0
SCALE
  5
128
102
{ACAD_REACTORS
330
B6
102
}
330
B6
100
AcDbScale
 70
     0
300
1:10
140
1.0
141
10.0
290
     0
  0
SCALE
  5
129
102
{ACAD_REACTORS
330
B6
102
}
330
B6
100
AcDbScale
 70
     0
300
1:16
140
1.0
141
16.0
290
     0
  0
SCALE
  5
12A
102
{ACAD_REACTORS
330
B6
102
}
330
B6
100
AcDbScale
 70
     0
300
1:20
140
1.0
141
20.0
290
     0
  0
SCALE
  5
12B
102
{ACAD_REACTORS
330
B6
102
}
330
B6
100
AcDbScale
 70
     0
300
1:30
140
1.0
141
30.0
290
     0
  0
SCALE
  5
12C
102
{ACAD_REACTORS
330
B6
102
}
330
B6
100
AcDbScale
 70
     0
300
1:40
140
1.0
141
40.0
290
     0
  0
SCALE
  5
12D
102
{ACAD_REACTORS
330
B6
102
}
330
B6
100
AcDbScale
 70
     0
300
1:50
140
1.0
141
50.0
290
     0
  0
SCALE
  5
12E
102
{ACAD_REACTORS
330
B6
102
}
330
B6
100
AcDbScale
 70
     0
300
1:100
140
1.0
141
100.0
290
     0
  0
SCALE
  5
12F
102
{ACAD_REACTORS
330
B6
102
}
330
B6
100
AcDbScale
 70
     0
300
2:1
140
2.0
141
1.0
290
     0
  0
SCALE
  5
130
102
{ACAD_REACTORS
330
B6
102
}
330
B6
100
AcDbScale
 70
     0
300
4:1
140
4.0
141
1.0
290
     0
  0
SCALE
  5
131
102
{ACAD_REACTORS
330
B6
102
}
330
B6
100
AcDbScale
 70
     0
300
8:1
140
8.0
141
1.0
290
     0
  0
SCALE
  5
132
102
{ACAD_REACTORS
330
B6
102
}
330
B6
100
AcDbScale
 70
     0
300
10:1
140
10.0
141
1.0
290
     0
  0
SCALE
  5
133
102
{ACAD_REACTORS
330
B6
102
}
330
B6
100
AcDbScale
 70
     0
300
100:1
140
100.0
141
1.0
290
     0
  0
SCALE
  5
134
102
{ACAD_REACTORS
330
B6
102
}
330
B6
100
AcDbScale
 70
     0
300
1/128" = 1'-0"
140
0.0078125
141
12.0
290
     0
  0
SCALE
  5
135
102
{ACAD_REACTORS
330
B6
102
}
330
B6
100
AcDbScale
 70
     0
300
1/64" = 1'-0"
140
0.015625
141
12.0
290
     0
  0
SCALE
  5
136
102
{ACAD_REACTORS
330
B6
102
}
330
B6
100
AcDbScale
 70
     0
300
1/32" = 1'-0"
140
0.03125
141
12.0
290
     0
  0
SCALE
  5
137
102
{ACAD_REACTORS
330
B6
102
}
330
B6
100
AcDbScale
 70
     0
300
1/16" = 1'-0"
140
0.0625
141
12.0
290
     0
  0
SCALE
  5
138
102
{ACAD_REACTORS
330
B6
102
}
330
B6
100
AcDbScale
 70
     0
300
3/32" = 1'-0"
140
0.09375
141
12.0
290
     0
  0
SCALE
  5
139
102
{ACAD_REACTORS
330
B6
102
}
330
B6
100
AcDbScale
 70
     0
300
1/8" = 1'-0"
140
0.125
141
12.0
290
     0
  0
SCALE
  5
13A
102
{ACAD_REACTORS
330
B6
102
}
330
B6
100
AcDbScale
 70
     0
300
3/16" = 1'-0"
140
0.1875
141
12.0
290
     0
  0
SCALE
  5
13B
102
{ACAD_REACTORS
330
B6
102
}
330
B6
100
AcDbScale
 70
     0
300
1/4" = 1'-0"
140
0.25
141
12.0
290
     0
  0
SCALE
  5
13C
102
{ACAD_REACTORS
330
B6
102
}
330
B6
100
AcDbScale
 70
     0
300
3/8" = 1'-0"
140
0.375
141
12.0
290
     0
  0
SCALE
  5
13D
102
{ACAD_REACTORS
330
B6
102
}
330
B6
100
AcDbScale
 70
     0
300
1/2" = 1'-0"
140
0.5
141
12.0
290
     0
  0
SCALE
  5
13E
102
{ACAD_REACTORS
330
B6
102
}
330
B6
100
AcDbScale
 70
     0
300
3/4" = 1'-0"
140
0.75
141
12.0
290
     0
  0
SCALE
  5
13F
102
{ACAD_REACTORS
330
B6
102
}
330
B6
100
AcDbScale
 70
     0
300
1" = 1'-0"
140
1.0
141
12.0
290
     0
  0
SCALE
  5
140
102
{ACAD_REACTORS
330
B6
102
}
330
B6
100
AcDbScale
 70
     0
300
1-1/2" = 1'-0"
140
1.5
141
12.0
290
     0
  0
SCALE
  5
141
102
{ACAD_REACTORS
330
B6
102
}
330
B6
100
AcDbScale
 70
     0
300
3" = 1'-0"
140
3.0
141
12.0
290
     0
  0
SCALE
  5
142
102
{ACAD_REACTORS
330
B6
102
}
330
B6
100
AcDbScale
 70
     0
300
6" = 1'-0"
140
6.0
141
12.0
290
     0
  0
SCALE
  5
143
102
{ACAD_REACTORS
330
B6
102
}
330
B6
100
AcDbScale
 70
     0
300
1'-0" = 1'-0"
140
12.0
141
12.0
290
     0
  0
ACDBSECTIONVIEWSTYLE
  5
1AA
102
{ACAD_XDICTIONARY
360
21CB
102
}
102
{ACAD_REACTORS
330
1A8
102
}
330
1A8
100
AcDbModelDocViewStyle
 70
     0
  3
Imperial24
290
     0
100
AcDbSectionViewStyle
 70
     0
 71
     0
 90
       78
 71
     1
340
11
 62
   256
 40
0.24
340
0
340
0
 62
   256
 40
0.24
300
I, O, Q, S, X, Z
 40
0.48
 90
        3
 40
0.18
 90
        1
 71
     2
340
16
 90
       25
 62
   256
340
16
 90
       50
 62
   256
 40
0.24
 40
0.0
 40
0.24
 71
     3
340
11
 62
   256
 40
0.24
 90
        1
 40
0.75
 90
        1
300
%<\AcVar ViewType \f "%tc1">% %<\AcVar ViewSectionStartId>%-%<\AcVar ViewSectionEndId>%\PSCALE %<\AcVar ViewScale \f "%sn">%
 71
     4
 62
   256
 62
   257
300
ANSI31
 40
1.0
 90
        0
290
     0
290
     0
 90
        6
 40
0.0
 40
1.570796326794896
 40
0.2617993877991494
 40
1.308996938995747
 40
-0.2617993877991494
 40
1.832595714594046
  0
ACDBSECTIONVIEWSTYLE
  5
8C6
102
{ACAD_XDICTIONARY
360
21CF
102
}
102
{ACAD_REACTORS
330
1A8
102
}
330
1A8
100
AcDbModelDocViewStyle
 70
     0
  3
Metric50
290
     0
100
AcDbSectionViewStyle
 70
     0
 71
     0
 90
      102
 71
     1
340
11
 62
   256
 40
5.0
340
0
340
0
 62
   256
 40
5.0
300
I, O, Q, S, X, Z
 40
10.0
 90
        0
 40
2.5
 90
        0
 71
     2
340
16
 90
       25
 62
   256
340
16
 90
       50
 62
   256
 40
5.0
 40
2.5
 40
5.0
 71
     3
340
11
 62
   256
 40
5.0
 90
        0
 40
15.0
 90
        1
300
%<\AcVar ViewSectionStartId>%-%<\AcVar ViewSectionEndId>% (%<\AcVar ViewScale \f "%sn">%)
 71
     4
 62
   256
 62
   257
300
ANSI31
 40
1.0
 90
        0
290
     0
290
     0
 90
        6
 40
0.0
 40
1.570796326794896
 40
0.2617993877991494
 40
1.308996938995747
 40
-0.2617993877991494
 40
1.832595714594046
  0
TABLESTYLE
  5
87
102
{ACAD_XDICTIONARY
360
104
102
}
102
{ACAD_REACTORS
330
86
102
}
330
86
100
AcDbTableStyle
280
     0
  3
Standard
 70
     0
 71
     0
 40
0.06
 41
0.06
280
     0
281
     0
  7
Standard
140
0.18
170
     2
 62
     0
 63
     7
283
     0
 90
      512
 91
        0
  1

274
    -2
284
     1
 64
     0
275
    -2
285
     1
 65
     0
276
    -2
286
     1
 66
     0
277
    -2
287
     1
 67
     0
278
    -2
288
     1
 68
     0
279
    -2
289
     1
 69
     0
  7
Standard
140
0.25
170
     5
 62
     0
 63
     7
283
     0
 90
      512
 91
        0
  1

274
    -2
284
     1
 64
     0
275
    -2
285
     1
 65
     0
276
    -2
286
     1
 66
     0
277
    -2
287
     1
 67
     0
278
    -2
288
     1
 68
     0
279
    -2
289
     1
 69
     0
  7
Standard
140
0.18
170
     5
 62
     0
 63
     7
283
     0
 90
      512
 91
        0
  1

274
    -2
284
     1
 64
     0
275
    -2
285
     1
 65
     0
276
    -2
286
     1
 66
     0
277
    -2
287
     1
 67
     0
278
    -2
288
     1
 68
     0
279
    -2
289
     1
 69
     0
  0
VISUALSTYLE
  5
9F
102
{ACAD_REACTORS
330
99
102
}
330
99
100
AcDbVisualStyle
  2
2dWireframe
 70
     4
177
     3
291
     0
 70
    58
 90
        0
176
     1
 90
        2
176
     1
 90
        1
176
     1
 90
        0
176
     1
 40
0.6
176
     1
 40
30.0
176
     1
 62
     7
420
 16777215
176
     1
 90
        1
176
     1
 90
        4
176
     1
 62
     7
176
     1
 62
   257
176
     1
 90
        1
176
     1
 90
        1
176
     1
 40
1.0
176
     1
 90
        0
176
     1
 62
   257
176
     1
 40
1.0
176
     1
 90
        1
176
     1
 90
        6
176
     1
 90
        2
176
     1
 62
     7
176
     1
 90
        5
176
     1
 90
        0
176
     1
 90
        0
176
     1
290
     0
176
     1
 90
        1
176
     1
 40
0.0
176
     1
 90
        0
176
     1
290
     1
176
     1
290
     1
176
     1
290
     0
176
     1
290
     0
176
     1
290
     0
176
     1
290
     0
176
     1
290
     0
176
     1
290
     0
176
     1
290
     0
176
     1
 90
       50
176
     1
 40
0.0
176
     1
 40
1.0
176
     1
 90
        0
176
     1
 62
    18
420
        0
176
     1
 90
       50
176
     1
 90
        3
176
     1
 62
     5
420
      255
176
     1
290
     0
176
     1
 90
       50
176
     1
 90
       50
176
     1
 90
       50
176
     1
290
     0
176
     1
 90
       50
176
     1
 62
   256
176
     0
 40
1.0
176
     0
 90
        2
176
     1
  1
strokes_ogs.tif
176
     1
290
     0
176
     1
 40
1.0
176
     1
 40
1.0
176
     1
1001
ACAD
1000
AcDbSavedByObjectVersion
1070
     0
  0
VISUALSTYLE
  5
9E
102
{ACAD_REACTORS
330
99
102
}
330
99
100
AcDbVisualStyle
  2
Basic
 70
     7
177
     3
291
     1
 70
    58
 90
        1
176
     1
 90
        0
176
     1
 90
        1
176
     1
 90
        0
176
     1
 40
0.6
176
     1
 40
30.0
176
     1
 62
     7
420
 16777215
176
     1
 90
        0
176
     1
 90
        4
176
     1
 62
     7
176
     1
 62
   257
176
     1
 90
        1
176
     1
 90
        1
176
     1
 40
1.0
176
     1
 90
        8
176
     1
 62
     7
176
     1
 40
1.0
176
     1
 90
        1
176
     1
 90
        6
176
     1
 90
        2
176
     1
 62
     7
176
     1
 90
        5
176
     1
 90
        0
176
     1
 90
        0
176
     1
290
     0
176
     1
 90
        1
176
     1
 40
0.0
176
     1
 90
        0
176
     1
290
     0
176
     1
290
     1
176
     1
290
     1
176
     1
290
     0
176
     1
290
     0
176
     1
290
     0
176
     1
290
     0
176
     1
290
     0
176
     1
290
     0
176
     1
 90
       50
176
     1
 40
0.0
176
     1
 40
1.0
176
     1
 90
        0
176
     1
 62
    18
420
        0
176
     1
 90
       50
176
     1
 90
        3
176
     1
 62
     5
420
      255
176
     1
290
     0
176
     1
 90
       50
176
     1
 90
       50
176
     1
 90
       50
176
     1
290
     0
176
     1
 90
       50
176
     1
 62
   256
176
     0
 40
1.0
176
     0
 90
        2
176
     1
  1
strokes_ogs.tif
176
     1
290
     0
176
     1
 40
1.0
176
     1
 40
1.0
176
     1
1001
ACAD
1000
AcDbSavedByObjectVersion
1070
     0
  0
VISUALSTYLE
  5
A5
102
{ACAD_REACTORS
330
99
102
}
330
99
100
AcDbVisualStyle
  2
Brighten
 70
    12
177
     3
291
     1
 70
    58
 90
        2
176
     1
 90
        2
176
     1
 90
        1
176
     1
 90
        0
176
     1
 40
0.6
176
     1
 40
30.0
176
     1
 62
     7
420
 16777215
176
     1
 90
        1
176
     1
 90
        4
176
     1
 62
     7
176
     1
 62
   257
176
     1
 90
        1
176
     1
 90
        1
176
     1
 40
1.0
176
     1
 90
        8
176
     1
 62
     7
176
     1
 40
1.0
176
     1
 90
        1
176
     1
 90
        6
176
     1
 90
        2
176
     1
 62
     7
176
     1
 90
        5
176
     1
 90
        0
176
     1
 90
        0
176
     1
290
     0
176
     1
 90
        1
176
     1
 40
50.0
176
     1
 90
        0
176
     1
290
     0
176
     1
290
     1
176
     1
290
     1
176
     1
290
     0
176
     1
290
     0
176
     1
290
     0
176
     1
290
     0
176
     1
290
     0
176
     1
290
     0
176
     1
 90
       50
176
     1
 40
0.0
176
     1
 40
1.0
176
     1
 90
        0
176
     1
 62
    18
420
        0
176
     1
 90
       50
176
     1
 90
        3
176
     1
 62
     5
420
      255
176
     1
290
     0
176
     1
 90
       50
176
     1
 90
       50
176
     1
 90
       50
176
     1
290
     0
176
     1
 90
       50
176
     1
 62
   256
176
     0
 40
1.0
176
     0
 90
        2
176
     1
  1
strokes_ogs.tif
176
     1
290
     0
176
     1
 40
1.0
176
     1
 40
1.0
176
     1
1001
ACAD
1000
AcDbSavedByObjectVersion
1070
     0
  0
VISUALSTYLE
  5
A9
102
{ACAD_REACTORS
330
99
102
}
330
99
100
AcDbVisualStyle
  2
ColorChange
 70
    16
177
     3
291
     1
 70
    58
 90
        2
176
     1
 90
        2
176
     1
 90
        3
176
     1
 90
        0
176
     1
 40
0.6
176
     1
 40
30.0
176
     1
 62
     8
420
  8421504
176
     1
 90
        1
176
     1
 90
        4
176
     1
 62
     7
176
     1
 62
   257
176
     1
 90
        1
176
     1
 90
        1
176
     1
 40
1.0
176
     1
 90
        8
176
     1
 62
     8
420
  8421504
176
     1
 40
1.0
176
     1
 90
        1
176
     1
 90
        6
176
     1
 90
        2
176
     1
 62
     7
176
     1
 90
        5
176
     1
 90
        0
176
     1
 90
        0
176
     1
290
     0
176
     1
 90
        1
176
     1
 40
0.0
176
     1
 90
        0
176
     1
290
     0
176
     1
290
     1
176
     1
290
     1
176
     1
290
     0
176
     1
290
     0
176
     1
290
     0
176
     1
290
     0
176
     1
290
     0
176
     1
290
     0
176
     1
 90
       50
176
     1
 40
0.0
176
     1
 40
1.0
176
     1
 90
        0
176
     1
 62
    18
420
        0
176
     1
 90
       50
176
     1
 90
        3
176
     1
 62
     5
420
      255
176
     1
290
     0
176
     1
 90
       50
176
     1
 90
       50
176
     1
 90
       50
176
     1
290
     0
176
     1
 90
       50
176
     1
 62
   256
176
     0
 40
1.0
176
     0
 90
        2
176
     1
  1
strokes_ogs.tif
176
     1
290
     0
176
     1
 40
1.0
176
     1
 40
1.0
176
     1
1001
ACAD
1000
AcDbSavedByObjectVersion
1070
     0
  0
VISUALSTYLE
  5
A2
102
{ACAD_REACTORS
330
99
102
}
330
99
100
AcDbVisualStyle
  2
Conceptual
 70
     9
177
     3
291
     0
 70
    58
 90
        3
176
     1
 90
        2
176
     1
 90
        1
176
     1
 90
        0
176
     1
 40
0.6
176
     1
 40
30.0
176
     1
 62
     7
420
 16777215
176
     1
 90
        2
176
     1
 90
        2
176
     1
 62
     7
176
     1
 62
   257
176
     1
 90
        1
176
     1
 90
        1
176
     1
 40
40.0
176
     1
 90
        8
176
     1
 62
     7
176
     1
 40
1.0
176
     1
 90
        1
176
     1
 90
        6
176
     1
 90
        2
176
     1
 62
     7
176
     1
 90
        3
176
     1
 90
        0
176
     1
 90
        0
176
     1
290
     0
176
     1
 90
        1
176
     1
 40
0.0
176
     1
 90
        0
176
     1
290
     0
176
     1
290
     1
176
     1
290
     1
176
     1
290
     0
176
     1
290
     0
176
     1
290
     0
176
     1
290
     0
176
     1
290
     0
176
     1
290
     0
176
     1
 90
       50
176
     1
 40
0.0
176
     1
 40
1.0
176
     1
 90
        0
176
     1
 62
    18
420
        0
176
     1
 90
       50
176
     1
 90
        3
176
     1
 62
     5
420
      255
176
     1
290
     0
176
     1
 90
       50
176
     1
 90
       50
176
     1
 90
       50
176
     1
290
     0
176
     1
 90
       50
176
     1
 62
   256
176
     0
 40
1.0
176
     0
 90
        2
176
     1
  1
strokes_ogs.tif
176
     1
290
     0
176
     1
 40
1.0
176
     1
 40
1.0
176
     1
1001
ACAD
1000
AcDbSavedByObjectVersion
1070
     0
  0
VISUALSTYLE
  5
A4
102
{ACAD_REACTORS
330
99
102
}
330
99
100
AcDbVisualStyle
  2
Dim
 70
    11
177
     3
291
     1
 70
    58
 90
        2
176
     1
 90
        2
176
     1
 90
        1
176
     1
 90
        0
176
     1
 40
0.6
176
     1
 40
30.0
176
     1
 62
     7
420
 16777215
176
     1
 90
        1
176
     1
 90
        4
176
     1
 62
     7
176
     1
 62
   257
176
     1
 90
        1
176
     1
 90
        1
176
     1
 40
1.0
176
     1
 90
        8
176
     1
 62
     7
176
     1
 40
1.0
176
     1
 90
        1
176
     1
 90
        6
176
     1
 90
        2
176
     1
 62
     7
176
     1
 90
        5
176
     1
 90
        0
176
     1
 90
        0
176
     1
290
     0
176
     1
 90
        1
176
     1
 40
-50.0
176
     1
 90
        0
176
     1
290
     0
176
     1
290
     1
176
     1
290
     1
176
     1
290
     0
176
     1
290
     0
176
     1
290
     0
176
     1
290
     0
176
     1
290
     0
176
     1
290
     0
176
     1
 90
       50
176
     1
 40
0.0
176
     1
 40
1.0
176
     1
 90
        0
176
     1
 62
    18
420
        0
176
     1
 90
       50
176
     1
 90
        3
176
     1
 62
     5
420
      255
176
     1
290
     0
176
     1
 90
       50
176
     1
 90
       50
176
     1
 90
       50
176
     1
290
     0
176
     1
 90
       50
176
     1
 62
   256
176
     0
 40
1.0
176
     0
 90
        2
176
     1
  1
strokes_ogs.tif
176
     1
290
     0
176
     1
 40
1.0
176
     1
 40
1.0
176
     1
1001
ACAD
1000
AcDbSavedByObjectVersion
1070
     0
  0
VISUALSTYLE
  5
175
102
{ACAD_REACTORS
330
99
102
}
330
99
100
AcDbVisualStyle
  2
EdgeColorOff
 70
    22
177
     3
291
     1
 70
    58
 90
        2
176
     0
 90
        2
176
     0
 90
        0
176
     0
 90
        0
176
     0
 40
0.6
176
     0
 40
30.0
176
     0
 62
     7
420
 16777215
176
     0
 90
        1
176
     0
 90
        4
176
     0
 62
     7
176
     0
 62
   257
176
     0
 90
        1
176
     0
 90
        1
176
     0
 40
1.0
176
     0
 90
        8
176
     2
 62
     7
176
     0
 40
1.0
176
     0
 90
        1
176
     0
 90
        6
176
     0
 90
        2
176
     0
 62
     7
176
     0
 90
        5
176
     0
 90
        0
176
     0
 90
        0
176
     0
290
     0
176
     0
 90
        1
176
     0
 40
0.0
176
     0
 90
        0
176
     0
290
     0
176
     1
290
     1
176
     1
290
     1
176
     1
290
     0
176
     1
290
     0
176
     1
290
     0
176
     1
290
     0
176
     1
290
     0
176
     1
290
     0
176
     1
 90
       50
176
     1
 40
0.0
176
     1
 40
1.0
176
     1
 90
        0
176
     1
 62
    18
420
        0
176
     1
 90
       50
176
     1
 90
        3
176
     1
 62
     5
420
      255
176
     1
290
     0
176
     1
 90
       50
176
     1
 90
       50
176
     1
 90
       50
176
     1
290
     0
176
     1
 90
       50
176
     1
 62
   256
176
     0
 40
1.0
176
     0
 90
        2
176
     1
  1
strokes_ogs.tif
176
     1
290
     0
176
     1
 40
1.0
176
     1
 40
1.0
176
     1
1001
ACAD
1000
AcDbSavedByObjectVersion
1070
     0
  0
VISUALSTYLE
  5
A8
102
{ACAD_REACTORS
330
99
102
}
330
99
100
AcDbVisualStyle
  2
Facepattern
 70
    15
177
     3
291
     1
 70
    58
 90
        2
176
     1
 90
        2
176
     1
 90
        1
176
     1
 90
        0
176
     1
 40
0.6
176
     1
 40
30.0
176
     1
 62
     7
420
 16777215
176
     1
 90
        1
176
     1
 90
        4
176
     1
 62
     7
176
     1
 62
   257
176
     1
 90
        1
176
     1
 90
        1
176
     1
 40
1.0
176
     1
 90
        8
176
     1
 62
     7
176
     1
 40
1.0
176
     1
 90
        1
176
     1
 90
        6
176
     1
 90
        2
176
     1
 62
     7
176
     1
 90
        5
176
     1
 90
        0
176
     1
 90
        0
176
     1
290
     0
176
     1
 90
        1
176
     1
 40
0.0
176
     1
 90
        0
176
     1
290
     0
176
     1
290
     1
176
     1
290
     1
176
     1
290
     0
176
     1
290
     0
176
     1
290
     0
176
     1
290
     0
176
     1
290
     0
176
     1
290
     0
176
     1
 90
       50
176
     1
 40
0.0
176
     1
 40
1.0
176
     1
 90
        0
176
     1
 62
    18
420
        0
176
     1
 90
       50
176
     1
 90
        3
176
     1
 62
     5
420
      255
176
     1
290
     0
176
     1
 90
       50
176
     1
 90
       50
176
     1
 90
       50
176
     1
290
     0
176
     1
 90
       50
176
     1
 62
   256
176
     0
 40
1.0
176
     0
 90
        2
176
     1
  1
strokes_ogs.tif
176
     1
290
     0
176
     1
 40
1.0
176
     1
 40
1.0
176
     1
1001
ACAD
1000
AcDbSavedByObjectVersion
1070
     0
  0
VISUALSTYLE
  5
9A
102
{ACAD_REACTORS
330
99
102
}
330
99
100
AcDbVisualStyle
  2
Flat
 70
     0
177
     3
291
     1
 70
    58
 90
        2
176
     1
 90
        1
176
     1
 90
        1
176
     1
 90
        2
176
     1
 40
0.6
176
     1
 40
30.0
176
     1
 62
     7
420
 16777215
176
     1
 90
        0
176
     1
 90
        0
176
     1
 62
     7
176
     1
 62
   257
176
     1
 90
        1
176
     1
 90
        1
176
     1
 40
1.0
176
     1
 90
        8
176
     1
 62
     7
176
     1
 40
1.0
176
     1
 90
        1
176
     1
 90
        6
176
     1
 90
        2
176
     1
 62
     7
176
     1
 90
        5
176
     1
 90
        0
176
     1
 90
        0
176
     1
290
     0
176
     1
 90
       13
176
     1
 40
0.0
176
     1
 90
        0
176
     1
290
     0
176
     1
290
     1
176
     1
290
     1
176
     1
290
     0
176
     1
290
     0
176
     1
290
     0
176
     1
290
     0
176
     1
290
     0
176
     1
290
     0
176
     1
 90
       50
176
     1
 40
0.0
176
     1
 40
1.0
176
     1
 90
        0
176
     1
 62
    18
420
        0
176
     1
 90
       50
176
     1
 90
        3
176
     1
 62
     5
420
      255
176
     1
290
     0
176
     1
 90
       50
176
     1
 90
       50
176
     1
 90
       50
176
     1
290
     0
176
     1
 90
       50
176
     1
 62
   256
176
     0
 40
1.0
176
     0
 90
        2
176
     1
  1
strokes_ogs.tif
176
     1
290
     0
176
     1
 40
1.0
176
     1
 40
1.0
176
     1
1001
ACAD
1000
AcDbSavedByObjectVersion
1070
     0
  0
VISUALSTYLE
  5
9B
102
{ACAD_REACTORS
330
99
102
}
330
99
100
AcDbVisualStyle
  2
FlatWithEdges
 70
     1
177
     3
291
     1
 70
    58
 90
        2
176
     1
 90
        1
176
     1
 90
        1
176
     1
 90
        2
176
     1
 40
0.6
176
     1
 40
30.0
176
     1
 62
     7
420
 16777215
176
     1
 90
        1
176
     1
 90
        0
176
     1
 62
     7
176
     1
 62
   257
176
     1
 90
        1
176
     1
 90
        1
176
     1
 40
1.0
176
     1
 90
        0
176
     1
 62
   257
176
     1
 40
1.0
176
     1
 90
        1
176
     1
 90
        6
176
     1
 90
        2
176
     1
 62
     7
176
     1
 90
        5
176
     1
 90
        0
176
     1
 90
        0
176
     1
290
     0
176
     1
 90
       13
176
     1
 40
0.0
176
     1
 90
        0
176
     1
290
     0
176
     1
290
     1
176
     1
290
     1
176
     1
290
     0
176
     1
290
     0
176
     1
290
     0
176
     1
290
     0
176
     1
290
     0
176
     1
290
     0
176
     1
 90
       50
176
     1
 40
0.0
176
     1
 40
1.0
176
     1
 90
        0
176
     1
 62
    18
420
        0
176
     1
 90
       50
176
     1
 90
        3
176
     1
 62
     5
420
      255
176
     1
290
     0
176
     1
 90
       50
176
     1
 90
       50
176
     1
 90
       50
176
     1
290
     0
176
     1
 90
       50
176
     1
 62
   256
176
     0
 40
1.0
176
     0
 90
        2
176
     1
  1
strokes_ogs.tif
176
     1
290
     0
176
     1
 40
1.0
176
     1
 40
1.0
176
     1
1001
ACAD
1000
AcDbSavedByObjectVersion
1070
     0
  0
VISUALSTYLE
  5
9C
102
{ACAD_REACTORS
330
99
102
}
330
99
100
AcDbVisualStyle
  2
Gouraud
 70
     2
177
     3
291
     1
 70
    58
 90
        2
176
     1
 90
        2
176
     1
 90
        1
176
     1
 90
        2
176
     1
 40
0.6
176
     1
 40
30.0
176
     1
 62
     7
420
 16777215
176
     1
 90
        0
176
     1
 90
        0
176
     1
 62
     7
176
     1
 62
   257
176
     1
 90
        1
176
     1
 90
        1
176
     1
 40
1.0
176
     1
 90
        0
176
     1
 62
     7
176
     1
 40
1.0
176
     1
 90
        1
176
     1
 90
        6
176
     1
 90
        2
176
     1
 62
     7
176
     1
 90
        5
176
     1
 90
        0
176
     1
 90
        0
176
     1
290
     0
176
     1
 90
       13
176
     1
 40
0.0
176
     1
 90
        0
176
     1
290
     0
176
     1
290
     1
176
     1
290
     1
176
     1
290
     0
176
     1
290
     0
176
     1
290
     0
176
     1
290
     0
176
     1
290
     0
176
     1
290
     0
176
     1
 90
       50
176
     1
 40
0.0
176
     1
 40
1.0
176
     1
 90
        0
176
     1
 62
    18
420
        0
176
     1
 90
       50
176
     1
 90
        3
176
     1
 62
     5
420
      255
176
     1
290
     0
176
     1
 90
       50
176
     1
 90
       50
176
     1
 90
       50
176
     1
290
     0
176
     1
 90
       50
176
     1
 62
   256
176
     0
 40
1.0
176
     0
 90
        2
176
     1
  1
strokes_ogs.tif
176
     1
290
     0
176
     1
 40
1.0
176
     1
 40
1.0
176
     1
1001
ACAD
1000
AcDbSavedByObjectVersion
1070
     0
  0
VISUALSTYLE
  5
9D
102
{ACAD_REACTORS
330
99
102
}
330
99
100
AcDbVisualStyle
  2
GouraudWithEdges
 70
     3
177
     3
291
     1
 70
    58
 90
        2
176
     1
 90
        2
176
     1
 90
        1
176
     1
 90
        2
176
     1
 40
0.6
176
     1
 40
30.0
176
     1
 62
     7
420
 16777215
176
     1
 90
        1
176
     1
 90
        0
176
     1
 62
     7
176
     1
 62
   257
176
     1
 90
        1
176
     1
 90
        1
176
     1
 40
1.0
176
     1
 90
        0
176
     1
 62
   257
176
     1
 40
1.0
176
     1
 90
        1
176
     1
 90
        6
176
     1
 90
        2
176
     1
 62
     7
176
     1
 90
        5
176
     1
 90
        0
176
     1
 90
        0
176
     1
290
     0
176
     1
 90
       13
176
     1
 40
0.0
176
     1
 90
        0
176
     1
290
     0
176
     1
290
     1
176
     1
290
     1
176
     1
290
     0
176
     1
290
     0
176
     1
290
     0
176
     1
290
     0
176
     1
290
     0
176
     1
290
     0
176
     1
 90
       50
176
     1
 40
0.0
176
     1
 40
1.0
176
     1
 90
        0
176
     1
 62
    18
420
        0
176
     1
 90
       50
176
     1
 90
        3
176
     1
 62
     5
420
      255
176
     1
290
     0
176
     1
 90
       50
176
     1
 90
       50
176
     1
 90
       50
176
     1
290
     0
176
     1
 90
       50
176
     1
 62
   256
176
     0
 40
1.0
176
     0
 90
        2
176
     1
  1
strokes_ogs.tif
176
     1
290
     0
176
     1
 40
1.0
176
     1
 40
1.0
176
     1
1001
ACAD
1000
AcDbSavedByObjectVersion
1070
     0
  0
VISUALSTYLE
  5
A1
102
{ACAD_REACTORS
330
99
102
}
330
99
100
AcDbVisualStyle
  2
Hidden
 70
     6
177
     3
291
     0
 70
    58
 90
        1
176
     1
 90
        2
176
     1
 90
        2
176
     1
 90
        0
176
     1
 40
0.6
176
     1
 40
30.0
176
     1
 62
     7
420
 16777215
176
     1
 90
        2
176
     1
 90
        2
176
     1
 62
     7
176
     1
 62
   257
176
     1
 90
        2
176
     1
 90
        1
176
     1
 40
40.0
176
     1
 90
        0
176
     1
 62
   257
176
     1
 40
1.0
176
     1
 90
        1
176
     1
 90
        6
176
     1
 90
        2
176
     1
 62
     7
176
     1
 90
        3
176
     1
 90
        0
176
     1
 90
        0
176
     1
290
     0
176
     1
 90
        1
176
     1
 40
0.0
176
     1
 90
        0
176
     1
290
     0
176
     1
290
     1
176
     1
290
     1
176
     1
290
     0
176
     1
290
     0
176
     1
290
     0
176
     1
290
     0
176
     1
290
     0
176
     1
290
     0
176
     1
 90
       50
176
     1
 40
0.0
176
     1
 40
1.0
176
     1
 90
        0
176
     1
 62
    18
420
        0
176
     1
 90
       50
176
     1
 90
        3
176
     1
 62
     5
420
      255
176
     1
290
     0
176
     1
 90
       50
176
     1
 90
       50
176
     1
 90
       50
176
     1
290
     0
176
     1
 90
       50
176
     1
 62
   256
176
     0
 40
1.0
176
     0
 90
        2
176
     1
  1
strokes_ogs.tif
176
     1
290
     0
176
     1
 40
1.0
176
     1
 40
1.0
176
     1
1001
ACAD
1000
AcDbSavedByObjectVersion
1070
     0
  0
VISUALSTYLE
  5
173
102
{ACAD_REACTORS
330
99
102
}
330
99
100
AcDbVisualStyle
  2
JitterOff
 70
    20
177
     3
291
     1
 70
    58
 90
        2
176
     0
 90
        2
176
     0
 90
        0
176
     0
 90
        0
176
     0
 40
0.6
176
     0
 40
30.0
176
     0
 62
     7
420
 16777215
176
     0
 90
        1
176
     0
 90
        4
176
     0
 62
     7
176
     0
 62
   257
176
     0
 90
        1
176
     0
 90
        1
176
     0
 40
1.0
176
     0
 90
       10
176
     2
 62
     7
176
     0
 40
1.0
176
     0
 90
        1
176
     0
 90
        6
176
     0
 90
        2
176
     0
 62
     7
176
     0
 90
        5
176
     0
 90
        0
176
     0
 90
        0
176
     0
290
     0
176
     0
 90
        1
176
     0
 40
0.0
176
     0
 90
        0
176
     0
290
     0
176
     1
290
     1
176
     1
290
     1
176
     1
290
     0
176
     1
290
     0
176
     1
290
     0
176
     1
290
     0
176
     1
290
     0
176
     1
290
     0
176
     1
 90
       50
176
     1
 40
0.0
176
     1
 40
1.0
176
     1
 90
        0
176
     1
 62
    18
420
        0
176
     1
 90
       50
176
     1
 90
        3
176
     1
 62
     5
420
      255
176
     1
290
     0
176
     1
 90
       50
176
     1
 90
       50
176
     1
 90
       50
176
     1
290
     0
176
     1
 90
       50
176
     1
 62
   256
176
     0
 40
1.0
176
     0
 90
        2
176
     1
  1
strokes_ogs.tif
176
     1
290
     0
176
     1
 40
1.0
176
     1
 40
1.0
176
     1
1001
ACAD
1000
AcDbSavedByObjectVersion
1070
     0
  0
VISUALSTYLE
  5
A7
102
{ACAD_REACTORS
330
99
102
}
330
99
100
AcDbVisualStyle
  2
Linepattern
 70
    14
177
     3
291
     1
 70
    58
 90
        2
176
     1
 90
        2
176
     1
 90
        1
176
     1
 90
        0
176
     1
 40
0.6
176
     1
 40
30.0
176
     1
 62
     7
420
 16777215
176
     1
 90
        1
176
     1
 90
        4
176
     1
 62
     7
176
     1
 62
   257
176
     1
 90
        7
176
     1
 90
        7
176
     1
 40
1.0
176
     1
 90
        8
176
     1
 62
     7
176
     1
 40
1.0
176
     1
 90
        1
176
     1
 90
        6
176
     1
 90
        2
176
     1
 62
     7
176
     1
 90
        5
176
     1
 90
        0
176
     1
 90
        0
176
     1
290
     0
176
     1
 90
        1
176
     1
 40
0.0
176
     1
 90
        0
176
     1
290
     0
176
     1
290
     1
176
     1
290
     1
176
     1
290
     0
176
     1
290
     0
176
     1
290
     0
176
     1
290
     0
176
     1
290
     0
176
     1
290
     0
176
     1
 90
       50
176
     1
 40
0.0
176
     1
 40
1.0
176
     1
 90
        0
176
     1
 62
    18
420
        0
176
     1
 90
       50
176
     1
 90
        3
176
     1
 62
     5
420
      255
176
     1
290
     0
176
     1
 90
       50
176
     1
 90
       50
176
     1
 90
       50
176
     1
290
     0
176
     1
 90
       50
176
     1
 62
   256
176
     0
 40
1.0
176
     0
 90
        2
176
     1
  1
strokes_ogs.tif
176
     1
290
     0
176
     1
 40
1.0
176
     1
 40
1.0
176
     1
1001
ACAD
1000
AcDbSavedByObjectVersion
1070
     0
  0
VISUALSTYLE
  5
174
102
{ACAD_REACTORS
330
99
102
}
330
99
100
AcDbVisualStyle
  2
OverhangOff
 70
    21
177
     3
291
     1
 70
    58
 90
        2
176
     0
 90
        2
176
     0
 90
        0
176
     0
 90
        0
176
     0
 40
0.6
176
     0
 40
30.0
176
     0
 62
     7
420
 16777215
176
     0
 90
        1
176
     0
 90
        4
176
     0
 62
     7
176
     0
 62
   257
176
     0
 90
        1
176
     0
 90
        1
176
     0
 40
1.0
176
     0
 90
        9
176
     2
 62
     7
176
     0
 40
1.0
176
     0
 90
        1
176
     0
 90
        6
176
     0
 90
        2
176
     0
 62
     7
176
     0
 90
        5
176
     0
 90
        0
176
     0
 90
        0
176
     0
290
     0
176
     0
 90
        1
176
     0
 40
0.0
176
     0
 90
        0
176
     0
290
     0
176
     1
290
     1
176
     1
290
     1
176
     1
290
     0
176
     1
290
     0
176
     1
290
     0
176
     1
290
     0
176
     1
290
     0
176
     1
290
     0
176
     1
 90
       50
176
     1
 40
0.0
176
     1
 40
1.0
176
     1
 90
        0
176
     1
 62
    18
420
        0
176
     1
 90
       50
176
     1
 90
        3
176
     1
 62
     5
420
      255
176
     1
290
     0
176
     1
 90
       50
176
     1
 90
       50
176
     1
 90
       50
176
     1
290
     0
176
     1
 90
       50
176
     1
 62
   256
176
     0
 40
1.0
176
     0
 90
        2
176
     1
  1
strokes_ogs.tif
176
     1
290
     0
176
     1
 40
1.0
176
     1
 40
1.0
176
     1
1001
ACAD
1000
AcDbSavedByObjectVersion
1070
     0
  0
VISUALSTYLE
  5
A3
102
{ACAD_REACTORS
330
99
102
}
330
99
100
AcDbVisualStyle
  2
Realistic
 70
     8
177
     3
291
     0
 70
    58
 90
        2
176
     1
 90
        3
176
     1
 90
        0
176
     1
 90
        2
176
     1
 40
0.6
176
     1
 40
30.0
176
     1
 62
     7
420
 16777215
176
     1
 90
        0
176
     1
 90
        0
176
     1
 62
     7
176
     1
 62
   257
176
     1
 90
        1
176
     1
 90
        1
176
     1
 40
1.0
176
     1
 90
        8
176
     1
 62
   257
176
     1
 40
1.0
176
     1
 90
        1
176
     1
 90
        6
176
     1
 90
        2
176
     1
 62
     7
176
     1
 90
        3
176
     1
 90
        0
176
     1
 90
        0
176
     1
290
     0
176
     1
 90
       13
176
     1
 40
0.0
176
     1
 90
        0
176
     1
290
     0
176
     1
290
     1
176
     1
290
     1
176
     1
290
     0
176
     1
290
     0
176
     1
290
     0
176
     1
290
     0
176
     1
290
     0
176
     1
290
     0
176
     1
 90
       50
176
     1
 40
0.0
176
     1
 40
1.0
176
     1
 90
        0
176
     1
 62
    18
420
        0
176
     1
 90
       50
176
     1
 90
        3
176
     1
 62
     5
420
      255
176
     1
290
     0
176
     1
 90
       50
176
     1
 90
       50
176
     1
 90
       50
176
     1
290
     0
176
     1
 90
       50
176
     1
 62
   256
176
     0
 40
1.0
176
     0
 90
        2
176
     1
  1
strokes_ogs.tif
176
     1
290
     0
176
     1
 40
1.0
176
     1
 40
1.0
176
     1
1001
ACAD
1000
AcDbSavedByObjectVersion
1070
     0
  0
VISUALSTYLE
  5
182
102
{ACAD_REACTORS
330
99
102
}
330
99
100
AcDbVisualStyle
  2
Shaded
 70
    27
177
     3
291
     0
 70
    58
 90
        2
176
     1
 90
        2
176
     1
 90
        1
176
     1
 90
        2
176
     1
 40
0.6
176
     1
 40
30.0
176
     1
 62
     7
420
 16777215
176
     1
 90
        0
176
     1
 90
        4
176
     1
 62
     7
176
     1
 62
   257
176
     1
 90
        1
176
     1
 90
        1
176
     1
 40
1.0
176
     1
 90
        8
176
     1
 62
   257
176
     1
 40
1.0
176
     1
 90
        1
176
     1
 90
        6
176
     1
 90
        2
176
     1
 62
     8
420
  7895160
176
     1
 90
        3
176
     1
 90
        0
176
     1
 90
        0
176
     1
290
     0
176
     1
 90
        5
176
     1
 40
0.0
176
     1
 90
        0
176
     1
290
     0
176
     1
290
     1
176
     1
290
     1
176
     1
290
     0
176
     1
290
     0
176
     1
290
     0
176
     1
290
     0
176
     1
290
     0
176
     1
290
     0
176
     1
 90
       50
176
     1
 40
0.0
176
     1
 40
1.0
176
     1
 90
        0
176
     1
 62
    18
420
        0
176
     1
 90
       50
176
     1
 90
        3
176
     1
 62
     5
420
      255
176
     1
290
     0
176
     1
 90
       50
176
     1
 90
       50
176
     1
 90
       50
176
     1
290
     0
176
     1
 90
       50
176
     1
 62
   256
176
     0
 40
1.0
176
     0
 90
        2
176
     1
  1
strokes_ogs.tif
176
     1
290
     0
176
     1
 40
1.0
176
     1
 40
1.0
176
     1
1001
ACAD
1000
AcDbSavedByObjectVersion
1070
     0
  0
VISUALSTYLE
  5
181
102
{ACAD_REACTORS
330
99
102
}
330
99
100
AcDbVisualStyle
  2
Shaded with edges
 70
    26
177
     3
291
     0
 70
    58
 90
        2
176
     1
 90
        2
176
     1
 90
        1
176
     1
 90
        2
176
     1
 40
0.6
176
     1
 40
30.0
176
     1
 62
     7
420
 16777215
176
     1
 90
        1
176
     1
 90
        2
176
     1
 62
     7
176
     1
 62
   257
176
     1
 90
        2
176
     1
 90
        1
176
     1
 40
1.0
176
     1
 90
        8
176
     1
 62
   257
176
     1
 40
1.0
176
     1
 90
        1
176
     1
 90
        6
176
     1
 90
        2
176
     1
 62
     7
176
     1
 90
        3
176
     1
 90
        0
176
     1
 90
        0
176
     1
290
     0
176
     1
 90
        5
176
     1
 40
0.0
176
     1
 90
        0
176
     1
290
     0
176
     1
290
     1
176
     1
290
     1
176
     1
290
     0
176
     1
290
     0
176
     1
290
     0
176
     1
290
     0
176
     1
290
     0
176
     1
290
     0
176
     1
 90
       50
176
     1
 40
0.0
176
     1
 40
1.0
176
     1
 90
        0
176
     1
 62
    18
420
        0
176
     1
 90
       50
176
     1
 90
        3
176
     1
 62
     5
420
      255
176
     1
290
     0
176
     1
 90
       50
176
     1
 90
       50
176
     1
 90
       50
176
     1
290
     0
176
     1
 90
       50
176
     1
 62
   256
176
     0
 40
1.0
176
     0
 90
        2
176
     1
  1
strokes_ogs.tif
176
     1
290
     0
176
     1
 40
1.0
176
     1
 40
1.0
176
     1
1001
ACAD
1000
AcDbSavedByObjectVersion
1070
     0
  0
VISUALSTYLE
  5
17E
102
{ACAD_REACTORS
330
99
102
}
330
99
100
AcDbVisualStyle
  2
Shades of Gray
 70
    23
177
     3
291
     0
 70
    58
 90
        2
176
     1
 90
        2
176
     1
 90
        3
176
     1
 90
        0
176
     1
 40
0.6
176
     1
 40
30.0
176
     1
 62
     7
420
 16777215
176
     1
 90
        2
176
     1
 90
        2
176
     1
 62
     7
176
     1
 62
     7
176
     1
 90
        1
176
     1
 90
        1
176
     1
 40
40.0
176
     1
 90
        8
176
     1
 62
     7
176
     1
 40
1.0
176
     1
 90
        1
176
     1
 90
        6
176
     1
 90
        2
176
     1
 62
     7
176
     1
 90
        3
176
     1
 90
        0
176
     1
 90
        0
176
     1
290
     0
176
     1
 90
        1
176
     1
 40
0.0
176
     1
 90
        0
176
     1
290
     0
176
     1
290
     1
176
     1
290
     1
176
     1
290
     0
176
     1
290
     0
176
     1
290
     0
176
     1
290
     0
176
     1
290
     0
176
     1
290
     0
176
     1
 90
       50
176
     1
 40
0.0
176
     1
 40
1.0
176
     1
 90
        0
176
     1
 62
    18
420
        0
176
     1
 90
       50
176
     1
 90
        3
176
     1
 62
     5
420
      255
176
     1
290
     0
176
     1
 90
       50
176
     1
 90
       50
176
     1
 90
       50
176
     1
290
     0
176
     1
 90
       50
176
     1
 62
   256
176
     0
 40
1.0
176
     0
 90
        2
176
     1
  1
strokes_ogs.tif
176
     1
290
     0
176
     1
 40
1.0
176
     1
 40
1.0
176
     1
1001
ACAD
1000
AcDbSavedByObjectVersion
1070
     0
  0
VISUALSTYLE
  5
17F
102
{ACAD_REACTORS
330
99
102
}
330
99
100
AcDbVisualStyle
  2
Sketchy
 70
    24
177
     3
291
     0
 70
    58
 90
        1
176
     1
 90
        2
176
     1
 90
        2
176
     1
 90
        0
176
     1
 40
0.6
176
     1
 40
30.0
176
     1
 62
     7
420
 16777215
176
     1
 90
        2
176
     1
 90
        2
176
     1
 62
     7
176
     1
 62
     7
176
     1
 90
        1
176
     1
 90
        1
176
     1
 40
40.0
176
     1
 90
       11
176
     1
 62
     7
176
     1
 40
1.0
176
     1
 90
        1
176
     1
 90
        6
176
     1
 90
        2
176
     1
 62
     7
176
     1
 90
        6
176
     1
 90
        0
176
     1
 90
        0
176
     1
290
     0
176
     1
 90
        1
176
     1
 40
0.0
176
     1
 90
        0
176
     1
290
     0
176
     1
290
     1
176
     1
290
     1
176
     1
290
     0
176
     1
290
     0
176
     1
290
     0
176
     1
290
     0
176
     1
290
     0
176
     1
290
     0
176
     1
 90
       50
176
     1
 40
0.0
176
     1
 40
1.0
176
     1
 90
        0
176
     1
 62
    18
420
        0
176
     1
 90
       50
176
     1
 90
        3
176
     1
 62
     5
420
      255
176
     1
290
     0
176
     1
 90
       50
176
     1
 90
       50
176
     1
 90
       50
176
     1
290
     0
176
     1
 90
       50
176
     1
 62
   256
176
     0
 40
1.0
176
     0
 90
        2
176
     1
  1
strokes_ogs.tif
176
     1
290
     0
176
     1
 40
1.0
176
     1
 40
1.0
176
     1
1001
ACAD
1000
AcDbSavedByObjectVersion
1070
     0
  0
VISUALSTYLE
  5
A6
102
{ACAD_REACTORS
330
99
102
}
330
99
100
AcDbVisualStyle
  2
Thicken
 70
    13
177
     3
291
     1
 70
    58
 90
        2
176
     1
 90
        2
176
     1
 90
        1
176
     1
 90
        0
176
     1
 40
0.6
176
     1
 40
30.0
176
     1
 62
     7
420
 16777215
176
     1
 90
        1
176
     1
 90
        4
176
     1
 62
     7
176
     1
 62
   257
176
     1
 90
        1
176
     1
 90
        1
176
     1
 40
1.0
176
     1
 90
       12
176
     1
 62
     7
176
     1
 40
1.0
176
     1
 90
        1
176
     1
 90
        6
176
     1
 90
        2
176
     1
 62
     7
176
     1
 90
        5
176
     1
 90
        0
176
     1
 90
        0
176
     1
290
     0
176
     1
 90
        1
176
     1
 40
0.0
176
     1
 90
        0
176
     1
290
     0
176
     1
290
     1
176
     1
290
     1
176
     1
290
     0
176
     1
290
     0
176
     1
290
     0
176
     1
290
     0
176
     1
290
     0
176
     1
290
     0
176
     1
 90
       50
176
     1
 40
0.0
176
     1
 40
1.0
176
     1
 90
        0
176
     1
 62
    18
420
        0
176
     1
 90
       50
176
     1
 90
        3
176
     1
 62
     5
420
      255
176
     1
290
     0
176
     1
 90
       50
176
     1
 90
       50
176
     1
 90
       50
176
     1
290
     0
176
     1
 90
       50
176
     1
 62
   256
176
     0
 40
1.0
176
     0
 90
        2
176
     1
  1
strokes_ogs.tif
176
     1
290
     0
176
     1
 40
1.0
176
     1
 40
1.0
176
     1
1001
ACAD
1000
AcDbSavedByObjectVersion
1070
     0
  0
VISUALSTYLE
  5
A0
102
{ACAD_REACTORS
330
99
102
}
330
99
100
AcDbVisualStyle
  2
Wireframe
 70
     5
177
     3
291
     0
 70
    58
 90
        0
176
     1
 90
        2
176
     1
 90
        0
176
     1
 90
        0
176
     1
 40
0.6
176
     1
 40
30.0
176
     1
 62
     7
420
 16777215
176
     1
 90
        1
176
     1
 90
        4
176
     1
 62
     7
176
     1
 62
   257
176
     1
 90
        1
176
     1
 90
        1
176
     1
 40
1.0
176
     1
 90
        0
176
     1
 62
   257
176
     1
 40
1.0
176
     1
 90
        1
176
     1
 90
        6
176
     1
 90
        2
176
     1
 62
     7
176
     1
 90
        3
176
     1
 90
        0
176
     1
 90
        0
176
     1
290
     0
176
     1
 90
        1
176
     1
 40
0.0
176
     1
 90
        0
176
     1
290
     0
176
     1
290
     1
176
     1
290
     1
176
     1
290
     0
176
     1
290
     0
176
     1
290
     0
176
     1
290
     0
176
     1
290
     0
176
     1
290
     0
176
     1
 90
       50
176
     1
 40
0.0
176
     1
 40
1.0
176
     1
 90
        0
176
     1
 62
    18
420
        0
176
     1
 90
       50
176
     1
 90
        3
176
     1
 62
     5
420
      255
176
     1
290
     0
176
     1
 90
       50
176
     1
 90
       50
176
     1
 90
       50
176
     1
290
     0
176
     1
 90
       50
176
     1
 62
   256
176
     0
 40
1.0
176
     0
 90
        2
176
     1
  1
strokes_ogs.tif
176
     1
290
     0
176
     1
 40
1.0
176
     1
 40
1.0
176
     1
1001
ACAD
1000
AcDbSavedByObjectVersion
1070
     0
  0
VISUALSTYLE
  5
180
102
{ACAD_REACTORS
330
99
102
}
330
99
100
AcDbVisualStyle
  2
X-Ray
 70
    25
177
     3
291
     0
 70
    58
 90
        2
176
     1
 90
        2
176
     1
 90
        1
176
     1
 90
        1
176
     1
 40
0.5
176
     1
 40
30.0
176
     1
 62
     7
420
 16777215
176
     1
 90
        1
176
     1
 90
        0
176
     1
 62
     7
176
     1
 62
   257
176
     1
 90
        1
176
     1
 90
        1
176
     1
 40
1.0
176
     1
 90
        8
176
     1
 62
     7
176
     1
 40
1.0
176
     1
 90
        1
176
     1
 90
        6
176
     1
 90
        2
176
     1
 62
     7
176
     1
 90
        3
176
     1
 90
        0
176
     1
 90
        0
176
     1
290
     0
176
     1
 90
       13
176
     1
 40
0.0
176
     1
 90
        0
176
     1
290
     0
176
     1
290
     1
176
     1
290
     1
176
     1
290
     0
176
     1
290
     0
176
     1
290
     0
176
     1
290
     0
176
     1
290
     0
176
     1
290
     0
176
     1
 90
       50
176
     1
 40
0.0
176
     1
 40
1.0
176
     1
 90
        0
176
     1
 62
    18
420
        0
176
     1
 90
       50
176
     1
 90
        3
176
     1
 62
     5
420
      255
176
     1
290
     0
176
     1
 90
       50
176
     1
 90
       50
176
     1
 90
       50
176
     1
290
     0
176
     1
 90
       50
176
     1
 62
   256
176
     0
 40
1.0
176
     0
 90
        2
176
     1
  1
strokes_ogs.tif
176
     1
290
     0
176
     1
 40
1.0
176
     1
 40
1.0
176
     1
1001
ACAD
1000
AcDbSavedByObjectVersion
1070
     0
  0
DICTIONARYVAR
  5
1942
102
{ACAD_REACTORS
330
66
102
}
330
66
100
DictionaryVariables
280
     0
  1
0
  0
DICTIONARYVAR
  5
F0
102
{ACAD_REACTORS
330
66
102
}
330
66
100
DictionaryVariables
280
     0
  1
1:1
  0
DICTIONARYVAR
  5
EF
102
{ACAD_REACTORS
330
66
102
}
330
66
100
DictionaryVariables
280
     0
  1
STANDARD
  0
DICTIONARYVAR
  5
89
102
{ACAD_REACTORS
330
66
102
}
330
66
100
DictionaryVariables
280
     0
  1
STANDARD
  0
DICTIONARYVAR
  5
1B7
102
{ACAD_REACTORS
330
66
102
}
330
66
100
DictionaryVariables
280
     0
  1
Imperial24
  0
DICTIONARYVAR
  5
1B8
102
{ACAD_REACTORS
330
66
102
}
330
66
100
DictionaryVariables
280
     0
  1
Imperial24
  0
DICTIONARYVAR
  5
67
102
{ACAD_REACTORS
330
66
102
}
330
66
100
DictionaryVariables
280
     0
  1
2
  0
DICTIONARYVAR
  5
6B
102
{ACAD_REACTORS
330
66
102
}
330
66
100
DictionaryVariables
280
     0
  1
1
  0
DICTIONARYVAR
  5
14D
102
{ACAD_REACTORS
330
66
102
}
330
66
100
DictionaryVariables
280
     0
  1
0
  0
DICTIONARYVAR
  5
14E
102
{ACAD_REACTORS
330
66
102
}
330
66
100
DictionaryVariables
280
     0
  1
0
  0
DICTIONARY
  5
21CA
102
{ACAD_REACTORS
330
21C8
102
}
330
21C8
100
AcDbDictionary
281
     1
  0
DICTIONARY
  5
21C9
102
{ACAD_REACTORS
330
21C8
102
}
330
21C8
100
AcDbDictionary
281
     1
  3
6320062512
350
21C3
  3
6320062528
350
21C4
  3
6320062544
350
21C5
  3
6320062560
350
21C6
  3
6320062576
350
21C7
  0
DICTIONARY
  5
205
102
{ACAD_REACTORS
330
204
102
}
330
204
100
AcDbDictionary
280
     1
281
     1
  0
DICTIONARY
  5
21CD
330
1AC
100
AcDbDictionary
280
     1
281
     1
  3
ACAD_XREC_ROUNDTRIP
360
21CE
  0
DICTIONARY
  5
21D1
330
8C7
100
AcDbDictionary
280
     1
281
     1
  3
ACAD_XREC_ROUNDTRIP
360
21D2
  0
DICTIONARY
  5
194
330
22
100
AcDbDictionary
280
     1
281
     1
  0
DICTIONARY
  5
188
330
97
100
AcDbDictionary
280
     1
281
     1
  3
FBXASSET
360
189
  0
DICTIONARY
  5
186
330
96
100
AcDbDictionary
280
     1
281
     1
  3
FBXASSET
360
187
  0
DICTIONARY
  5
110
330
98
100
AcDbDictionary
280
     1
281
     1
  3
BUMPTILE
360
112
  3
DIFFUSETILE
360
111
  3
FBXASSET
360
18A
  3
OPACITYTILE
360
113
  3
REFLECTIONTILE
360
114
  0
DICTIONARY
  5
21CB
330
1AA
100
AcDbDictionary
280
     1
281
     1
  3
ACAD_XREC_ROUNDTRIP
360
21CC
  0
DICTIONARY
  5
21CF
330
8C6
100
AcDbDictionary
280
     1
281
     1
  3
ACAD_XREC_ROUNDTRIP
360
21D0
  0
DICTIONARY
  5
104
330
87
100
AcDbDictionary
280
     1
281
     1
  3
ACAD_ROUNDTRIP_2008_TABLESTYLE_CELLSTYLEMAP
360
21C1
  0
XRECORD
  5
21C3
102
{ACAD_REACTORS
330
21C9
102
}
330
21C9
100
AcDbXrecord
280
     1
  1
AcDb_Thumbnail_Schema
102
{ATTRRECORD
341
21C4
  2
AcDbDs::TreatedAsObjectData
280
     1
291
     1
102
ATTRRECORD}
102
{ATTRRECORD
341
21C5
  2
AcDbDs::Legacy
280
     1
291
     1
102
ATTRRECORD}
  2
AcDbDs::ID
280
    10
 91
        8
102
{ATTRRECORD
341
21C6
  2
AcDs:Indexable
280
     1
291
     1
102
ATTRRECORD}
102
{ATTRRECORD
341
21C7
  2
AcDbDs::HandleAttribute
280
     7
282
     1
102
ATTRRECORD}
  2
Thumbnail_Data
280
    15
 91
        0
  0
XRECORD
  5
21C4
102
{ACAD_REACTORS
330
21C9
102
}
330
21C9
100
AcDbXrecord
280
     1
  1
AcDbDs::TreatedAsObjectDataSchema
  2
AcDbDs::TreatedAsObjectData
280
     1
 91
        0
  0
XRECORD
  5
21C5
102
{ACAD_REACTORS
330
21C9
102
}
330
21C9
100
AcDbXrecord
280
     1
  1
AcDbDs::LegacySchema
  2
AcDbDs::Legacy
280
     1
 91
        0
  0
XRECORD
  5
21C6
102
{ACAD_REACTORS
330
21C9
102
}
330
21C9
100
AcDbXrecord
280
     1
  1
AcDbDs::IndexedPropertySchema
  2
AcDs:Indexable
280
     1
 91
        0
  0
XRECORD
  5
21C7
102
{ACAD_REACTORS
330
21C9
102
}
330
21C9
100
AcDbXrecord
280
     1
  1
AcDbDs::HandleAttributeSchema
  2
AcDbDs::HandleAttribute
280
     7
 91
        1
284
     1
  0
XRECORD
  5
21CE
102
{ACAD_REACTORS
330
21CD
102
}
330
21CD
100
AcDbXrecord
280
     1
102
DISPLAYNAME
  1
Imperial24
102
FLAGS
 90
        0
  0
XRECORD
  5
21D2
102
{ACAD_REACTORS
330
21D1
102
}
330
21D1
100
AcDbXrecord
280
     1
102
DISPLAYNAME
  1
Metric50
102
FLAGS
 90
        0
  0
XRECORD
  5
189
102
{ACAD_REACTORS
330
188
102
}
330
188
100
AcDbXrecord
280
     1
 70
     1
 90
429727718
  1
508B35C9-AEE7-456F-BE74-D52651303AC6
310
504B03040A0000080000B670623B3DEE336E79000000790000001B0000006175746F6465736B2D64657369676E2D7061636B6167652E786D6C3C3F786D6C2076657273696F6E3D22312E302220656E636F64696E673D227574662D3822203F3E3C666F726D6174733E3C666F726D61743E687474703A2F2F736368656D612E
310
6175746F6465736B2E636F6D2F64657369676E2D7061636B6167652F323030393C2F666F726D61743E3C2F666F726D6174733E504B0304140006080800B670623BD486FD9CA0000000F4000000130000005B436F6E74656E745F54797065735D2E786D6C7D8EC10E82300C865F65E91D8A1E8C310C0EEA1BF002731658846E
310
D98AC1B77784ABF1D8FE5FBFBF75BBCE937A534CCEB38643598122B6FEE978D0B0485F9C41B54DDD7D022595594E1A469170414C76A4D9A4D207E29CF43ECE46F218070CC6BECC4078ACAA135ACF422C856C0E68EA1BF5669944DDD7BCDE7B1F8E415D77AECB980613C2E4AC91FC167A2B244592486606FC29C8FD7F045B9A
310
EF7053A7E60B504B0304140006080800B670623B28ED286BEB0000007C01000008000000636F72652E786D6C8D90416EC3201045AF82665B6183218D6D61A254764FD00B204C5C94182C03558F5F9C3852BBEB6A467FFE9B197D71FA9E6FE8CBACC17AD7012D0820E3B41FAD9B3A48F1826B40272956EFE32F1B20A766D3C1
310
268314D3EAD3B24BDABB685CCCAAF3A3D94515828980F42D371D04FD696655A814B3235C8B45E9AB9A4C419F5D8653B2237A1CB163DE672FD6AC209BF3C08E0D1B30EB19C3FC9D72FCC6EB231EFA33EDE96BDD341517E5064B11EDFCBCAF57A3A2194156843498524CAA0FCA5B7268F9E185D42D21A2DCEC7FA0B48CFF8492
310
759155FBBB0F2C80A4F991FB408A72CB22977B50B96EB9C91F504B0304140006080800B670623B55019EA25F0000007C00000007000000636E782E786D6C4DCB3B0E80201045D1AD90E915ED2CF8AC45050C11660C8261F98AB1B07AC9C97D42D718D865D3E909258CFD00CCE24AC6E326A164D74DC0B4128928FF32603847
310
2BA13128B1252AC747C6BAB984FC68F0B87FE8960A5C09FE86CFB69FBA01504B0304140006080800B670623B7BC41AC871010000D40300000C0000006662782F636F72652E786D6CC553ED6E8320147D15C2DF4501B56B6D90A64BBB27D80B50A5CE54C120983EFEAE1F4DD7A56BBA5FF3879273EEE59E7310BE393735EA95
310
ED2AA333CC428A91D2B9292A5D66D8BB63B0C26823B835C67D2BC348CB46657880B1E0A535BE9DA1DC68A7B403549B42CDA0EC3AE530CA6B5864B8CB3F552343E91D5474A7B095F949962A6421D0502778E72C0840D390E18DC5F170E664C205F7BE2A66B62A605A75AC94C522DDEEE3651AEF837817C741F2CE92E02D592D
310
83FD6ECB76EC7595A651C2C9D02CB8AB9A8BBADC2AE954814544691A3016D0E883256BBA58278B17BA5A53CAC9507ED3E4DBE2C9265F691747B3DCA9ADC382819091F8E1162272A8933DE82182932144F88C09DF060D8140C84E1EEA8B8F1340BDCA9DB1093085F157AA97B557309586747CD0EF0B4EA64E983A6E0EAEEFCE
310
889E9EF17847386AA94B30211D2C0FDE0D3AF9A4610EAD5536E8DD1969631B593F67E381C33F5157F17725E5A636F6BF1491F980C8FC7B90E13E8A2F504B0304140006080800B670623B70102A487D0000009D0000000B0000006662782F636E782E786D6C4DCCD10A83201886E15B91FFDC95A5C30335ACCDFB886521330D
310
A76397BF1A1DECE883878F57749FD5A3B74D2F17830472A901D9F088930B8B849267CC01754AA418F3DF0D5018572BE160506249B16C274D761E8BCFBB7A179E27F65CB39A0F14D396184C9921B81F34C3ACA1B4B99ABB6E6F062A25AA5F69DF23ACBE504B0304140006080800B670623B3610CA3329010000120200003100
310
00006662782F42384135303843342D343331462D343546312D424341352D3532343432364645413344462F636F72652E786D6C8D515B6EC32010BC0AE22B55850D0E446E848992B43E412FE000495162B07854397EA176A4F62F3F2C9A9D991D58BEBB8F37F0AD7D30CE76905418026DA553C65E3A98E219B510EC04F7CEC5
310
3F3408EC30EA0E16180A7EF12E4D0B249D8DDAC68C5AA7F4020E21E80881BCE54B0783FCD2E3500D296646B856D320AFC34557A4CAEDCC133C449F0380794839A138B47B86DB2345744D7A44594FD0E1B867883594369BFE63BF7EEF793D0B054FC9A8456E548E63CE46FB674D8A58F068C6477CE9F510B582A2C1F80D1182
310
70F349E816B32D65AFB8DD62CCEB42FF274A937A52948C8DEB66893BCB021484D7734370E5D2E9F608A3EF93F3119479ABA0E50B14B8C298119A43CCC4FCFCECB8A18B6388CEE7EF5D5D4F994BD86CBBA182D76543B9FCAE2FD7B24DF103504B0304140006080800B670623B1B8617914E0100003303000030000000666278
310
2F42384135303843342D343331462D343546312D424341352D3532343432364645413344462F636E782E786D6CD593C16EC32010447F0571AD6CE3D489D20813A9877E410FBD62D82434182CC055F3F75D1292E692438FBD206B7698593D61BEFD1E2DF982108D773D6D6B460938E5B571FB9ECE6957AD29D90A1EBC4F7736
310
4A9C1CA1A759A682EF839FA72269D8C9D92654AD71C72206887E0E0A22CAF926B15E498B01E0AA19451807D01A34B919F16B070157417138917400F2F6FA41FCF0092A45DEE414C19BDC21783E4BD39D891265658C3D8DEA00A3ACE59CBC8678ACB54CB26EEB6BD7839D7E9348BE70AD9C8321B9BCA7F9A4A26C542347DEE0
310
50F09802D22BA6749A800A394DD62899107273365E3C82CFC6A55557BC06C10774B7ABE7AEC3B0F34CF06446280E154026D0542C187BA9DAB6628BF7B6DBB0E5A65B3EB1F58631DE64BBE083F7B65CC218087E22CABB042E51D1F2268F1FE12B3EA24D40D63E9CFE00120194D60B9D5BC67FE6D39CDF37E20AF817881F504B
310
0304140006080800B670623BBFEF2E3B690500003C100000340000006662782F42384135303843342D343331462D343546312D424341352D3532343432364645413344462F6F626A656374732E786D6CAD575D739B3814FD2B0CFB0C98D84E931D4227B6938EA793B6534F3BFB90198F0099B001899144EAECAFDF231018B0
310
D37A3FFC609090EEE7B94757C1FB7D915B2F54C88CB31BDB7727B64559CC938CA53776A576CE956DBD0F03C1B9EA2DB32D460A7A63EB693B0C52C1ABD24C257447AA5C8D66EF177F5832A68CDA569C13296F6C193FD182B8A4523CA1F2D94D88226EBADBBBBEDB2C1C8A4D05299F46424B222853B014F30C52ACC6287F389C
310
D85E1878FA7B18E87FB36AFAF62AAFF667A83F635211161F291B8999FAB3D5DDC5FCDA99CF6653677679E13B8BFBC5CAF1DF4D27CBCBE5F2FAF6EE1A8AA51290642C117467871F101B91C581D77CEA2C36869F3229E68CD1B8F61F1ED6361B89092D294B90C78C4A68EB793D190E7D1D9BDEE7A91E1B95FDE9F3BCEAEFE809
310
6A6D6F9F7D4B79F4275C90E7A04248AA51D5C4C738DAE06F72885AC4796EBE65D22A88A22223B995679120E2D50EB1542F098381188D4EA111AE3DB043FF20AF6F2B4AE3D7D83D65E5AECA730D4D3BAC91BD05FEA992B565D95F549CD6069B90AB2A63EACA38A45E4B6A87D781574F86817E4C2FCCC72690D62E2729520E37
310
9BAF234797BAF6D62B3BFC781FED37BA1E4F2B2F052FA9501A3E80569BB8F6A9A364D4FA67654E6F803383981F82F21591FF84F23D9882BC896C3FDBCF8C162508933B2E0AE4C69DD43F6BD2BE38DDDBF10BF86CB4FA784D37F3AF16075E67EC9030DECA1FC0A55373F5DFF3378C591FA9BDF485C10B0A8C8BA909E5262639
310
A8E72163488806A595734C81CB77D1DE0ED7604A303B76913CEC0272F412782FF88EFF4636D8AA56DF7B322474C4B767303F625997056C7B032C473C592B36CEBD15F3F9FF5233B7ABCDC74D257624A60F8658567497B14CE1EC3C80B76FD02011038F9EE9EB0F2E12387A9C844D3F09855125116D1D731DF8B43D2CF4E0A0
310
79A020C6BE946BCE0B7EA1E1219331CD73C228AF5A2DDD31A4B1DA918CE91350854D40A71723140BFA92E94E62B0626016CEFA5864A50E5977E8753CEDBEE1CBB7F52780D20E17AF0BA0F5F9B02A3AD07DCC732EB6D1EBB661421BE0C39E21BABF0FE16D22EA6929407C8DE596724C88B749B6DB5512BC7B228ADFD7CB7EA6
310
3A22397E690BA8D5D8D4E40CEC8CDA23C2C0B7D5898640101CEC9C6D331CE328CB93CAFBBAC70A642DF70DF95155945B52F08AA973C23469FD69ADEF84F7BB18F983A8F8C90E37F5D35980B2139A1C523540813E824EF83448CF7C72B598CE97D7CEEDDDDD3B6736BFBC771677EF66CE6A7E7139F7A793E9EDF2B2B3A8B624
310
0CDA13AA5F8388264EC4A0129909F3B7F5A16CEDF08128E97D680ACA4B9BE7B7B58BB638F0B00700EF36AE8B32A705658A68F83EE897FC2B41573190D1CCAF0B92D233A47CFEB019D9809933F67DD1A5467F8CF69AD9A5AE859342D45355448C64F968A371DC2D596ADC6E43D93D1B466F877A64E2893E54F23C4B40388995
310
525E5005DA3983ED45412510D3EFCA13737B3863F74BD30F2A12E5B4B5E489A025CE25500DB855B11ACE5BBFA185D35DD48D8DC3CE7DC69F2944DB42AA6F6CF09BCA622ADD08C7A36E7C6AE18000BAB08E040135C2D21C9D75B3A91B77BB746C403F38018DFE6EC939DD92F16B40BC05294B9CDA035AAD6D330AE27FE4786B
310
8E45145EA34A75BE1C263A676A35A8ACC6297337400BF16C54EF515F3F77CB77EB3583889C754FFA29081AA98E2222ADEF05DA3E63D2EDEA8B8756C05A7FB6CABC4A91CBF325398202CC952E70A008A830324BA200D5E5EF8F5F04C75DB4B0EE3340E071C98B823333B83577596BF3849B69F2085AA0FAFA212F26BEFF5877
310
FDE622B28D88A42E49E43326DA82D31E8CB006401E1DA726059ECEC168F97A6599036306A135688F9AD2E61A6EA178F4CD51974A9F2CCB9F36FE5EBD14601068D9C3BF01504B0304140006080000B670623B000000000000000000000000350000006662782F42384135303843342D343331462D343546312D424341352D35
310
32343432364645413344462F76657274696365732E62696E504B0304140006080800B670623BF270F1330600000004000000360000006662782F42384135303843342D343331462D343546312D424341352D3532343432364645413344462F747269616E676C65732E62696E636660600000504B0304140006080000B67062
310
3B000000000000000000000000370000006662782F42384135303843342D343331462D343546312D424341352D3532343432364645413344462F617474726962757465732E62696E504B0304140006080800B670623B08DA0BD19000000041010000360000006662782F42384135303843342D343331462D343546312D4243
310
41352D3532343432364645413344462F6469726563746F72792E786D6C858F410AC3201045AF22B36F53E9A60B35CBEEBAE80D244E44489C6234F4F835464A48035D0DF398FF9F8AF63D0E6CC63039F212F8F9020C7D47C6792B21C5FE7403D62A1188E2E60C98D7234A5830286103A55745067B9D86B8A3CF9C7F90C11DE6
310
07FB144396D7B6A82D282E9A152AD114D5EF2CB866EEE831B8EEA07A7BB5A8D7D61A2BAAEB7FD5F70921FF497D00504B0304140006080800B670623B3B4606F3FE000000A00100003B0000006662782F42384135303843342D343331462D343546312D424341352D3532343432364645413344462F7265736F75726365732F
310
636F72652E786D6C8D504B6E833010BD0A9A6D65B08134808CA354A427E8052C332156828DFCA97AFC9A40A576D7CDCCE87D344F8F9FBEE647F689CE6B6B7A6039850C8DB2A336530F315C4903D94970676DF82583CCC8197B5861107C72362E3BA4AC096842428D1D7107A5F71820538F74F4E0D50D6799CB1892C2DFF345
310
AABB9C306779A2934E701F5C0A906D4FD609C2A1B7D129F4BCD858C163D4E3AED163FAA9AF1A1D88F67CA98E6D35906AA82A52BFB39ABCD5CD915C86331BD86BD3B665CD8BD52C78D0F34F46E550061C419494B6843142CB0F5677F4D0D58717DA7494F26295FF31C565FCA7296A13AA728FBBD93C0896823C09C18BB5AFB4
310
9E65A6BD762BBE01504B010214000A0000080000B670623B3DEE336E79000000790000001B00000000000000000000000000000000006175746F6465736B2D64657369676E2D7061636B6167652E786D6C504B01021400140006080800B670623BD486FD9CA0000000F40000001300000000000000000000000000B2000000
310
5B436F6E74656E745F54797065735D2E786D6C504B01021400140006080800B670623B28ED286BEB0000007C010000080000000000000000000000000083010000636F72652E786D6C504B01021400140006080800B670623B55019EA25F0000007C000000070000000000000000000000000094020000636E782E786D6C50
310
4B01021400140006080800B670623B7BC41AC871010000D40300000C00000000000000000000000000180300006662782F636F72652E786D6C504B01021400140006080800B670623B70102A487D0000009D0000000B00000000000000000000000000B30400006662782F636E782E786D6C504B01021400140006080800B6
310
70623B3610CA3329010000120200003100000000000000000000000000590500006662782F42384135303843342D343331462D343546312D424341352D3532343432364645413344462F636F72652E786D6C504B01021400140006080800B670623B1B8617914E010000330300003000000000000000000000000000D10600
310
006662782F42384135303843342D343331462D343546312D424341352D3532343432364645413344462F636E782E786D6C504B01021400140006080800B670623BBFEF2E3B690500003C10000034000000000000000000000000006D0800006662782F42384135303843342D343331462D343546312D424341352D35323434
310
32364645413344462F6F626A656374732E786D6C504B01021400140006080000B670623B0000000000000000000000003500000000000000000000000000280E00006662782F42384135303843342D343331462D343546312D424341352D3532343432364645413344462F76657274696365732E62696E504B010214001400
310
06080800B670623BF270F133060000000400000036000000000000000000000000007B0E00006662782F42384135303843342D343331462D343546312D424341352D3532343432364645413344462F747269616E676C65732E62696E504B01021400140006080000B670623B00000000000000000000000037000000000000
310
00000000000000D50E00006662782F42384135303843342D343331462D343546312D424341352D3532343432364645413344462F617474726962757465732E62696E504B01021400140006080800B670623B08DA0BD1900000004101000036000000000000000000000000002A0F00006662782F42384135303843342D3433
310
31462D343546312D424341352D3532343432364645413344462F6469726563746F72792E786D6C504B01021400140006080800B670623B3B4606F3FE000000A00100003B000000000000000000000000000E1000006662782F42384135303843342D343331462D343546312D424341352D3532343432364645413344462F72
310
65736F75726365732F636F72652E786D6C504B0506000000000E000E0080040000651100000000
  0
XRECORD
  5
187
102
{ACAD_REACTORS
330
186
102
}
330
186
100
AcDbXrecord
280
     1
 70
     1
 90
429727718
  1
887D55A9-D0DD-414E-B741-A7DCD4DA2B4C
310
504B03040A0000080000B670623B3DEE336E79000000790000001B0000006175746F6465736B2D64657369676E2D7061636B6167652E786D6C3C3F786D6C2076657273696F6E3D22312E302220656E636F64696E673D227574662D3822203F3E3C666F726D6174733E3C666F726D61743E687474703A2F2F736368656D612E
310
6175746F6465736B2E636F6D2F64657369676E2D7061636B6167652F323030393C2F666F726D61743E3C2F666F726D6174733E504B0304140006080800B670623BD486FD9CA0000000F4000000130000005B436F6E74656E745F54797065735D2E786D6C7D8EC10E82300C865F65E91D8A1E8C310C0EEA1BF002731658846E
310
D98AC1B77784ABF1D8FE5FBFBF75BBCE937A534CCEB38643598122B6FEE978D0B0485F9C41B54DDD7D022595594E1A469170414C76A4D9A4D207E29CF43ECE46F218070CC6BECC4078ACAA135ACF422C856C0E68EA1BF5669944DDD7BCDE7B1F8E415D77AECB980613C2E4AC91FC167A2B244592486606FC29C8FD7F045B9A
310
EF7053A7E60B504B0304140006080800B670623BBC1638F5EC0000007C01000008000000636F72652E786D6C8D90416EC3201045AF82665B61836BE2D8C24471DB9CA01740401C94182C03558F5F9C3852BBEB6A467FFE9B197D7EF89E6EE8CB2CC17AD7032D0820E394D7D68D3DA478C67B4007C117EFE32F1B202727D3C3
310
2A83E0E3E2D3BC49CABB685CCCAAF3DA6CA20CC14440EA969B1E82BA98491632C5EC08D76296EA2A4753D06797E194AC468F2356E77DF66CCD02825543D50CACC62D39ED70FDC68EB8FD68F6F8787A6784342D1DDA1D2F5758F068A7E77DB518198D065111D2624A31A93E69DD11D6D5EC85EC3B4278B9DAFF4069D6FF8492
310
75F1B5DADE7D600104CD8FDC0782976B16B9DC83CA75CD4DFC00504B0304140006080800B670623B55019EA25F0000007C00000007000000636E782E786D6C4DCB3B0E80201045D1AD90E915ED2CF8AC45050C11660C8261F98AB1B07AC9C97D42D718D865D3E909258CFD00CCE24AC6E326A164D74DC0B4128928FF326038
310
472BA13128B1252AC747C6BAB984FC68F0B87FE8960A5C09FE86CFB69FBA01504B0304140006080800B670623B3586FFB671010000D40300000C0000006662782F636F72652E786D6CC553ED6E8320147D15C2DF4541A76D6D90A6DDD627D80B50A4CE54C120983EFEAE1F4DD7A55BBA5FF3879273EEE59E7310B6393735EA
310
95ED2AA3731C851423A5A5292A5DE6D8BB63B0C268C39935C67D29C3488B46E578803167A535BE9D2169B453DA01AA4DA16650749D7218C91A1639EEE4876A4428BC838AEE14B6429E44A9C228041AEA38EB9C0501681A32BC313F1ECE8C4C3867DE57C5CC56054CAB8E95B298A7F12E5EEED224C8E87E11242FE936C8DE96
310
AB60BB7F4D295D66D12E5B30323473E6AAE6A24E5A259C2A308F29CD82280A68FC1E256B9AAE93F489AED694323294DF34F9B678B0C957DA3DC7B3DCA9ADC33C022123F1CD2D44E450277AD04338234388F01913BE0D1A0281909D38D4171F27807A259DB1093085F157AA17B557309586747CD0CF0B46A64E983A6E0EAEEF
310
CE881F9EF1FB8E70D44297604238581EBC1B74B249C31C5AAB6CD0BB33D2C636A27ECCC62F0EFF445DC5DF95244D6DEC7F2922F30191F9F720C37DE49F504B0304140006080800B670623B4220A0FF7D0000009D0000000B0000006662782F636E782E786D6C4DCCD10A83201886E15B91FFDCE542CB0335D0EC3E6259C84A
310
C3E9D8E5AF46073BFAE0E1E315DD675BD1DBA5978F41C2FD4600B9F088930F8B849267CC01754AA418F3DF0D50183727E164506249B1EC174D6E1ECB9A0F5D7D785E68DB8151CD286E5A5363CA6B8A39E90D36D40E96B086F55A43A544F52B1D7B86D517504B0304140006080800B670623B2FA3FEDE290100001202000031
310
0000006662782F45374635344235342D363743322D343832342D383044432D4334454645303536354442422F636F72652E786D6C8D515B6EC32010BC0AE22B55850D2E386E848994D7097A0117488A1283C5A3CAF10BB523B57FF961D1ECCCECC0F2ED7DBC816FED8371B687A4C210682B9D32F6D2C314CFA883602BB8772E
310
FEA141608751F7B0C050F08B77695A20E96CD43666D43AA5177008414708E42D5F7A18E4971E876A483133C2B59A06791D2EBA22556E679EE021FA1C00CC43CA09C5717D6274C7286AD7FB06D1AEA1A8C3873DDAD3E3E98859CB0EBB1DAF67A1E02919B5C88DCA71CCD968FFAC49110B1ECDF8882FBD1EA256503418BF2342
310
106E3E08DD60B6A1EC15771B8C795DE8FF4469524F8A92B1F1AD59E2CEB20005E1F5DC105CB9F4797B84D1F7C9F908CABC55D0F2050A5C61CC1AD2F27A26E6E767C7962E8E213A9FBF7775FDCC5CC266DB960A5E970DE5F2BBBE5CCB36C50F504B0304140006080800B670623B1B8617914E01000033030000300000006662
310
782F45374635344235342D363743322D343832342D383044432D4334454645303536354442422F636E782E786D6CD593C16EC32010447F0571AD6CE3D489D20813A9877E410FBD62D82434182CC055F3F75D1292E692438FBD206B7698593D61BEFD1E2DF982108D773D6D6B460938E5B571FB9ECE6957AD29D90A1EBC4F77
310
364A9C1CA1A759A682EF839FA72269D8C9D92654AD71C72206887E0E0A22CAF926B15E498B01E0AA19451807D01A34B919F16B070157417138917400F2F6FA41FCF0092A45DEE414C19BDC21783E4BD39D891265658C3D8DEA00A3ACE59CBC8678ACB54CB26EEB6BD7839D7E9348BE70AD9C8321B9BCA7F9A4A26C542347DE
310
E050F09802D22BA6749A800A394DD62899107273365E3C82CFC6A55557BC06C10774B7ABE7AEC3B0F34CF06446280E154026D0542C187BA9DAB6628BF7B6DBB0E5A65B3EB1F58631DE64BBE083F7B65CC218087E22CABB042E51D1F2268F1FE12B3EA24D40D63E9CFE00120194D60B9D5BC67FE6D39CDF37E20AF817881F50
310
4B0304140006080800B670623B29652116630500003C100000340000006662782F45374635344235342D363743322D343832342D383044432D4334454645303536354442422F6F626A656374732E786D6CAD575D739B3814FD2B0CFB0C989834C90EA1639B24E3E9A6EDD4D3CE3E64C623834CD8006224913AFDF57B040203
310
B65BEF871F0C12D2FD3CF7E8CA7FBFCB33E3957291B2E2D674ED8969D02262715A24B76625B7D6B569BC0F7CCE98EC2D338D82E4F4D654D366E0279C55A59E8AE99654991CCDDECFFF3444440B6A1A514684B83545F44C7362934AB2988A173B2692D8C97667BB76B3702836E1A47C1E092D09A78584A5982F20C5688C7287
310
C389E904BEA3BE07BEFAD7ABA6A75739B53F43FD69212429A20365233153D70BEF2E2E6FAC4BCF9B5ADEBB0BD79ADFCF43CBBD9A4E16EF168B9BD9DD0D140BC921495BC2E9D60C1E101B9E46BED37CEA2CD6861F3329624541A3DA7F7858DBAC25C6B4A4458C3CA654405BCFEBC970E8AAD8F43E4FD558ABEC4F9FE7557F47
310
4F506B7BFBEC5BCA367FC105710E2AB8A00A554D7CB4A30DFE26FBA86D18CBF4B75418399194A72433B274C3097F33032C554B027F2046A1932B842B0FCCC0DDCBEBDB8AD2F835768F59B9ADB24C41D30C6A64AF817F2A456D59FA83F2E3DA60137255A585BCD60EC9B7929AC18DEFD49381AF1ED30BFDB109A4B1CD488294
310
C3CDE6EBC8D185AABD6568061FEE37BB95AAC7E3CA4BCE4ACAA5820FA0D526AE7DAA2869B5EE5999531BE0CC20E6FBA07C41E43FA27CF7A6206F3CDD793B4F6B919C1462CB788EDCD893FA674CDA17AB7B3B7C019F8D561FAEE966FED562DFE98C1D12C6A9FC015C2A35D7FF3D7FC398F591DA4B5FE0BFA2C0189FEA50AE22
310
92817A1ED3020951A03432862970F976B33383259812CC8E5D240BBA801CBCF8CE2BBEE3BF910DB6AAD5F79E05123AE2DB33981FB1ACCB02B69D00CB014FD68AB573A7627EF9BFD4CC2C5C7D58557C4B22FAA88925A4DBB44825CECE3D78FB060D1231F0E885BE7D673C86A3874958F593906B5502D1563157814FDAC3420D
310
F69A070A22EC4B98E23CFF171A1E5311D12C23056555ABA53B8614563B92D17D02AAB009E8F46284624E5F53D5490C560CCCC2591FF1B45421EB0EBD8EA7ED13BE7C5D7E0428CD60FEF60779EB13E6664FF711CB185F6FDED60D139A001FF60CD1FD6D086F1D51474901E26B2CB794A343BC8ED3EDB612E0DD2351FCB65CF4
310
33D511C9E14B5B40ADC6A6263DB0336A8F700DDF56271A024E70B0B3629DE21847591E55DED73D56206AB927E46FAABC5C939C55853C274C93D69FD6FA4E78BF8B11DF898C9ECD60553FAD39283BA6F18984AA23E8884F83F45C5F5F859797B31B2B9C84A1E5B9DE9D35BFF25C6B76152E422F9C5DCC3D847F5801ED09D5AF
310
41441327A25FF15487F9EB725FB666F048A4701E9A827292E6F97569A32DF61DEC01C0BB8DCBBCCC684E0B49147C1FD54BF685A0AB18C868E6973949E819523E3DAC463660E68C7D9F55A9D1EFA3BD7A76A16AE1A810F95CE59B82A4D968A376DC2E8B44BBDD86B27B368CDE0ED548C7137DA860591A83706223A12CA712B4
310
7306DBF39C0A20A6DF95C7FAF670C6EED7A61F946493D1D6926782963813403548A78AE470DEF80D2D9CEAA26E4D1C76F60BFE74219A06527D6B82DF641A51616F703CAAC6A7160E08A00BEB4810A0274592A1B36E3675E36E978A0DE80727A0D6DF2D39A75BD27E0D8837276589537B40ABB56D5A41F48F1C6FCD3188C4EB
310
A6929D2FFB89CE995A4D00AE813BDD032DC48B56BD437DFDDC2DD7AED70C2272D63DE9A72068A45A92F0A4BE17A8A06B9366E16707AD80B1FC649459952097E74BB23805982B55E0401150A165964402AA8BDF9F3E7386BB686EDCA780C0D382E5392BF460A6EFB2C6EA1937D3F809B440D5F5435C4C5CF7A9EEFAF54564BD
310
2182DA24162F98680B4E7930C21A0079709CEAEB99A372305ABE0C0D7D6078105A83F6A0296DAEE1068A47DD1C55A9F4C9B2FC69E3EFD44B81028E963DF81B504B0304140006080000B670623B000000000000000000000000350000006662782F45374635344235342D363743322D343832342D383044432D433445464530
310
3536354442422F76657274696365732E62696E504B0304140006080800B670623BF270F1330600000004000000360000006662782F45374635344235342D363743322D343832342D383044432D4334454645303536354442422F747269616E676C65732E62696E636660600000504B0304140006080000B670623B00000000
310
0000000000000000370000006662782F45374635344235342D363743322D343832342D383044432D4334454645303536354442422F617474726962757465732E62696E504B0304140006080800B670623B08DA0BD19000000041010000360000006662782F45374635344235342D363743322D343832342D383044432D4334
310
454645303536354442422F6469726563746F72792E786D6C858F410AC3201045AF22B36F53E9A60B35CBEEBAE80D244E44489C6234F4F835464A48035D0DF398FF9F8AF63D0E6CC63039F212F8F9020C7D47C6792B21C5FE7403D62A1188E2E60C98D7234A5830286103A55745067B9D86B8A3CF9C7F90C11DE607FB144396
310
D7B6A82D282E9A152AD114D5EF2CB866EEE831B8EEA07A7BB5A8D7D61A2BAAEB7FD5F70921FF497D00504B0304140006080800B670623B6378F24DFF000000A00100003B0000006662782F45374635344235342D363743322D343832342D383044432D4334454645303536354442422F7265736F75726365732F636F72652E
310
786D6C8D504B6E833010BD0A9A6D65B0094E42641C85B639412F6099496225D8C89FAAC7AF09546A77DDCC8CDE47F3F4C4F16B7C149FE88371B603565228D06A37187BED20C50BD9437194C23B177FC9A0B06AC40E6618A4B87A97A615D2CE46B431A3D60DB8822A048C50E8473E3A08FA86A32A558A5911EEE5A4F45D5DB1
310
6465A6B34E8A107D0E502C4FE609D26370C96B0CA25A58295232C3AA3143FE692E063D485EF7F5AEE71BD2D2F39634AFFC44DAF7DD9E9CCE6F9CD25DCBFA762BAAD92C4534E34F46ED51451C40D694B6843142EB0FD61C283F34FC85EE0F948A6A96FF31A569F8A729191B37F51A77B105902C0779125254735F793DCBCC7B
310
EE567E03504B010214000A0000080000B670623B3DEE336E79000000790000001B00000000000000000000000000000000006175746F6465736B2D64657369676E2D7061636B6167652E786D6C504B01021400140006080800B670623BD486FD9CA0000000F40000001300000000000000000000000000B20000005B436F6E
310
74656E745F54797065735D2E786D6C504B01021400140006080800B670623BBC1638F5EC0000007C010000080000000000000000000000000083010000636F72652E786D6C504B01021400140006080800B670623B55019EA25F0000007C000000070000000000000000000000000095020000636E782E786D6C504B010214
310
00140006080800B670623B3586FFB671010000D40300000C00000000000000000000000000190300006662782F636F72652E786D6C504B01021400140006080800B670623B4220A0FF7D0000009D0000000B00000000000000000000000000B40400006662782F636E782E786D6C504B01021400140006080800B670623B2F
310
A3FEDE290100001202000031000000000000000000000000005A0500006662782F45374635344235342D363743322D343832342D383044432D4334454645303536354442422F636F72652E786D6C504B01021400140006080800B670623B1B8617914E010000330300003000000000000000000000000000D2060000666278
310
2F45374635344235342D363743322D343832342D383044432D4334454645303536354442422F636E782E786D6C504B01021400140006080800B670623B29652116630500003C10000034000000000000000000000000006E0800006662782F45374635344235342D363743322D343832342D383044432D4334454645303536
310
354442422F6F626A656374732E786D6C504B01021400140006080000B670623B0000000000000000000000003500000000000000000000000000230E00006662782F45374635344235342D363743322D343832342D383044432D4334454645303536354442422F76657274696365732E62696E504B01021400140006080800
310
B670623BF270F13306000000040000003600000000000000000000000000760E00006662782F45374635344235342D363743322D343832342D383044432D4334454645303536354442422F747269616E676C65732E62696E504B01021400140006080000B670623B0000000000000000000000003700000000000000000000
310
000000D00E00006662782F45374635344235342D363743322D343832342D383044432D4334454645303536354442422F617474726962757465732E62696E504B01021400140006080800B670623B08DA0BD190000000410100003600000000000000000000000000250F00006662782F45374635344235342D363743322D34
310
3832342D383044432D4334454645303536354442422F6469726563746F72792E786D6C504B01021400140006080800B670623B6378F24DFF000000A00100003B00000000000000000000000000091000006662782F45374635344235342D363743322D343832342D383044432D4334454645303536354442422F7265736F75
310
726365732F636F72652E786D6C504B0506000000000E000E0080040000611100000000
  0
XRECORD
  5
112
102
{ACAD_REACTORS
330
110
102
}
330
110
100
AcDbXrecord
280
     1
270
     1
271
     1
  0
XRECORD
  5
111
102
{ACAD_REACTORS
330
110
102
}
330
110
100
AcDbXrecord
280
     1
270
     1
271
     1
  0
XRECORD
  5
18A
102
{ACAD_REACTORS
330
110
102
}
330
110
100
AcDbXrecord
280
     1
 70
     0
 90
1778669749
  1
9BF507EE-FAF7-4A99-A33D-4EE51894BC40
310
504B03040A0000080000B670623B3DEE336E79000000790000001B0000006175746F6465736B2D64657369676E2D7061636B6167652E786D6C3C3F786D6C2076657273696F6E3D22312E302220656E636F64696E673D227574662D3822203F3E3C666F726D6174733E3C666F726D61743E687474703A2F2F736368656D612E
310
6175746F6465736B2E636F6D2F64657369676E2D7061636B6167652F323030393C2F666F726D61743E3C2F666F726D6174733E504B0304140006080800B670623BD486FD9CA0000000F4000000130000005B436F6E74656E745F54797065735D2E786D6C7D8EC10E82300C865F65E91D8A1E8C310C0EEA1BF002731658846E
310
D98AC1B77784ABF1D8FE5FBFBF75BBCE937A534CCEB38643598122B6FEE978D0B0485F9C41B54DDD7D022595594E1A469170414C76A4D9A4D207E29CF43ECE46F218070CC6BECC4078ACAA135ACF422C856C0E68EA1BF5669944DDD7BCDE7B1F8E415D77AECB980613C2E4AC91FC167A2B244592486606FC29C8FD7F045B9A
310
EF7053A7E60B504B0304140006080800B670623BCA089DFFEC0000007C01000008000000636F72652E786D6C8D90416E83301045AF62CDB632D8402020E32882F604BD80653BC44AB011B6AB1EBF262152BBEB6A467FFE9B197D76FA9EEFE84BAFDE38DB03CD08206DA553C64E3DC470C1474027CE56E7C22F1B202B66DDC3
310
260367D3EAE2B24BD2D9A06D48AA754AEFA2F05E0740F29E9A1EBCBCEA59642286E4F0B76C11F226269DD15797E0188D42CF2346A57DE662F40ABCAEC77628C6120F654571D50C04B7F5B9C1E3997CD4F550BE3745C3F20DE62C98F9755FAE5A04AD801784B498524C8A4F5A75E4D055873772EC0861F966FF03C545FD138A
310
C686B2D8DF7D621E384D8F3C069CE55B16A93C824A75CB8DFF00504B0304140006080800B670623B55019EA25F0000007C00000007000000636E782E786D6C4DCB3B0E80201045D1AD90E915ED2CF8AC45050C11660C8261F98AB1B07AC9C97D42D718D865D3E909258CFD00CCE24AC6E326A164D74DC0B4128928FF326038
310
472BA13128B1252AC747C6BAB984FC68F0B87FE8960A5C09FE86CFB69FBA01504B0304140006080800B670623B68FC0B7272010000D40300000C0000006662782F636F72652E786D6CC5535B6E833010BC8AE5DF0A6C1E8124328E22D29EA01770C0A128602363A31CBFCB234A53A555FA553EC09AD9F5CE8C31DB5DDA060D
310
D2F4B556190E7C8A9154852E6B5565D8D993B7C668C799D1DA7E29C3488956667884316795D1AE5BA0422B2B950554E9522EA0E87B69312A1A5864B82F3E642B7CE12C54F467BF13C55954D20F7CA0A18EB3DE1A1080E621E31BF3D3F1C2C88C73E65C5D2E6C5DC2B4FA544B8379921C36797888BC3C8A032F4E73EA6D927D
310
EA1DF6F42D49F2E8350D5346C666CE6CDD5ED515460A2B4BCC434A375E1078347C0FE22D5D6DE3D50B5D6F2965642CBF6B725DF96493AB958DC245EEDCD6631E809089F8E61622B2A81703E8219C913144F84C09DF070D8140C8561C9BAB8F3340832CAC363130A576376A108D933095FA747AD0CF0B46E64E983A6D0EAE1F
310
CE089F9EF1FB8E70D44255604258581E9D1D75B259C3125A278D37D80B52DAB4A279CEC62F0EFF44DDC43F9454E8469BFF5244960322CBEF41C6FBC83F01504B0304140006080800B670623B0F71DDB67E0000009D0000000B0000006662782F636E782E786D6C4DCCD10A83201886E15B91FFDCA54DB73F502386BB8F5816
310
32D3703976F9ABD1C18E3E78F87855FB990379BBFCF2296AE02706C4C5471A7C9C349475A408A4352AA7B4FEDD80C47E761A7606A3A69CCA72D0E0C6BE8475D3E0E3F3409428EA6B27A84079A782899AA2EC1A7AE3ECCC2FD858CB2D544655BFD2B67BD87C01504B0304140006080800B670623BE134B4FB28010000120200
310
00310000006662782F38353834323741342D343835462D343034322D383541392D4331303331363839454531452F636F72652E786D6C8D515B6EC32010BC0AE22B55850D0EA424C24451959EA0172086A42831583CAA1CBF503B52FB971F16CDCECC0EACD8DFC71BF836215AEF7A481A0C817183D7D65D7A98D3197108F652
310
04EFD31F1A044E8DA6871586525C82CFD3020DDE25E352419DD76601558C264130DCCAA58771F832A36A544E8511AFCDA486ABBA988634A55D7852C4144A00300FA927949C71DABD1D28A29C7D208A6987383B6CD13BC16BB2E1DBE3911C453B0BA5C8D9EA456E758963CFD684674DAA588A64C747FC2118958C86B2C3788B
310
0841B8FB247487D98EB257CC77188BB6D2FF89F2A49F1465EBD2BA5BE2CEB2082511EDDC9042FB7CBA3DC298FBE4430275DE2A9AE1054ADC60CC08E3A29D89E5F9C5714317C7987C28DFBBBA9E0A97B0D97643A568EB864AF95D5FA9759BF207504B0304140006080800B670623B1B8617914E010000330300003000000066
310
62782F38353834323741342D343835462D343034322D383541392D4331303331363839454531452F636E782E786D6CD593C16EC32010447F0571AD6CE3D489D20813A9877E410FBD62D82434182CC055F3F75D1292E692438FBD206B7698593D61BEFD1E2DF982108D773D6D6B460938E5B571FB9ECE6957AD29D90A1EBC4F
310
77364A9C1CA1A759A682EF839FA72269D8C9D92654AD71C72206887E0E0A22CAF926B15E498B01E0AA19451807D01A34B919F16B070157417138917400F2F6FA41FCF0092A45DEE414C19BDC21783E4BD39D891265658C3D8DEA00A3ACE59CBC8678ACB54CB26EEB6BD7839D7E9348BE70AD9C8321B9BCA7F9A4A26C542347
310
DEE050F09802D22BA6749A800A394DD62899107273365E3C82CFC6A55557BC06C10774B7ABE7AEC3B0F34CF06446280E154026D0542C187BA9DAB6628BF7B6DBB0E5A65B3EB1F58631DE64BBE083F7B65CC218087E22CABB042E51D1F2268F1FE12B3EA24D40D63E9CFE00120194D60B9D5BC67FE6D39CDF37E20AF817881F
310
504B0304140006080800B670623B5933D422630500003B100000340000006662782F38353834323741342D343835462D343034322D383541392D4331303331363839454531452F6F626A656374732E786D6CAD575B6FA33814FE2B887D0642934E9B156594264D158D3A534DD4D13E548A0C38942D60649B4EBABF7E3F8321
310
40924EF6928780CDF1B97EE762EFF32E4B8D37CA45C2F21BD3B547A641F39045491EDF98A5DC5AD7A6F1D9F73863B243661A39C9E88DA9B64DDF8B392B0BBD15D12D295339D85DDEFE618890E6D434C2940871638AF08566C426A5641115AF764424B1E3EDCE76ED9AB0CF36E6A47819302D08A7B984A6D8CFC1C5A89572FB
310
CB91E9F89EA3BEFB9EFAD754E3D3544E654F5F7E920B49F2F040D880CDD89D2CEE2E2EA7D6E56432B6269F2E5CEB7679BBB0DCABF168FE693E9FCEEEA6102C240727AD09A75BD3BF876F78127A4EFDA9D5582B7E4CA590E5390D2BFB6161A5B3E618D182E611E2985001691DAB47FDA5AB7CD3F93C566B2DB2BB7D9E55DD13
310
1D468DEECDB3AB290BFE8409E21C54704115AA6AFF68436BFC8DF65E0B184BF5B74418199194272435D224E084BF9B3E481589EFF5D828747285706581E9BB7B7E5D5D911ABFC6EE312DB7659A2A689A7E85EC0DF04FA5A8344BFEA2FCB834E8845895492EAFB541F2BDA0A63FF59C6AD3F7D4637CA13FD68E34B629891172
310
98597F1D183A57B9B75A98FE9765B05BAB7C3C2EBCE0ACA05C2AF8005A4DE09AA7F29216EB9E15397500C6F47CBE77CA7778FE2BD277AF0AE2C693DD6437D1522427B9D8329E2136F6A8FA19A3E6C56ADF0E5F50CF06D48734EDCEBF22F69C56D97EC138153F804B85E6FABFC7AFEFB32E523BE1F3BD372418E363EDCA7548
310
52949E8724474014288D94610BB57C1BEC4C7F854A89CA8E5324F55B871CBC78CE1BBEE3BFE68D6A5589EF3C730474506FCFA8FCF0659516D0ED04580EEA6425581B77CAE797FF4BCECC16EB2FEB926F49481F746159D06D922712BD730FDEAE42BD40F42C7AA5EF3F198F60E86110D6DD20645A9480B795CF95E3E3A659A8
310
C55E724F408873315335CFFB8584874484344D494E59D94869DB90C26A5B64F49C802CAC1D3ABE18A098D3B7444D123D8A9E5AE8F5214F0AE5B2B6E9B575DA3E61CBD3EA2B4009FA940524DD1305FB6A1FB294F14DF0BEA90BA109ECE1481FDC3FFAE8D60E75141700BE82725371B4873751B2DD960265F788137FACE6DD40
310
B575E4F0A5C99F46629D92131467A41EE11ABD8D4CCC039CA0AFB37C93A08B232B8F0AEFCA1E0A1015DF13FC83322B362463652ECF71D3A8B1A7D1BE65DE1D62C44F22C317D35F574FEB16153BA2D13E543D10A80E74C4A65E78A6B7CBCBD1D5DD9DB59C2DAFACC96C3AB566E3F1C29ADCDD5DBAD7D3C9ED7C822ED74F80A6
310
41755310DE4443F44A9E68373FADF6596BFA0F440AE7BECE2727AE9F4F2B1B53B1E7E00CF0DD1E5C65454A339A4BA2D0FBA05ED2EF0443458F47BDBFCA484CCFE0F2ED7E3DD0013B679C7B5499467F0ECEEADDB9CA85A34CE44B99053949D2C1416DB85DE4B136BB7165FBAC0B7AB3542BED4F8CA182A549847A1319316519
310
95A83A67147B9E5101C47487F2485F1ECE38FD568F839204296D3479219888530154036E6528FBFBC66F98E0D4107563A2D7D9AFF8D389681A08F58D89F22693900A3B407754734FC51C10C010D6D640809EE4718AC1BA3ED4AEDB53CA37283F68805A7E4B72CEB0A4EDEAD5DD8C14059A76AFAA56BA6901E13F32BC51C720
310
12AF41295B5BF61BAD3195181FB506E6B40F4C10AF5AF40EF9F5B159AE5DD1F43C72D635E94310D45C2D49785C5D0B94D3B54AB3C5A38349C0587D338AB48C11CBF339599C02CCA54A70A008A8D03C0B2201D5F9EFCF8F9CE12A9A19CB0410789EB32C63B95ECCF455D658BFE0621A3DA32C5075FB101723D77DAE867E7D0F
310
D90444509B44E2151B4DC2290B065803200FBAA9BE9D392A0603F2D5C2D00D6302A615680F66D2FA166E2079D4C551A54AB758161FCEFD4E450A14704CECFEDF504B0304140006080000B670623B000000000000000000000000350000006662782F38353834323741342D343835462D343034322D383541392D4331303331
310
363839454531452F76657274696365732E62696E504B0304140006080800B670623BF270F1330600000004000000360000006662782F38353834323741342D343835462D343034322D383541392D4331303331363839454531452F747269616E676C65732E62696E636660600000504B0304140006080000B670623B000000
310
000000000000000000370000006662782F38353834323741342D343835462D343034322D383541392D4331303331363839454531452F617474726962757465732E62696E504B0304140006080800B670623B08DA0BD19000000041010000360000006662782F38353834323741342D343835462D343034322D383541392D43
310
31303331363839454531452F6469726563746F72792E786D6C858F410AC3201045AF22B36F53E9A60B35CBEEBAE80D244E44489C6234F4F835464A48035D0DF398FF9F8AF63D0E6CC63039F212F8F9020C7D47C6792B21C5FE7403D62A1188E2E60C98D7234A5830286103A55745067B9D86B8A3CF9C7F90C11DE607FB1443
310
96D7B6A82D282E9A152AD114D5EF2CB866EEE831B8EEA07A7BB5A8D7D61A2BAAEB7FD5F70921FF497D00504B0304140006080800B670623BD9A3B367FE000000A00100003B0000006662782F38353834323741342D343835462D343034322D383541392D4331303331363839454531452F7265736F75726365732F636F7265
310
2E786D6C8D504B6E833010BD0A9A6D65B01D0201194711694FD00B586642AD043BF2A7EAF16B122AB5BB6E6646EFA3797AE2F8B5DC8A4FF4C1383B002B291468B59B8C9D0748F1420E501CA5F0CEC55F3228AC5A708015062966EFD27D83B4B3116DCCA875136EA00A012314FA968F0182FEC045952AC5AC08D7F2AEF455CD
310
58B232D3592745883E07289E4FD609D26370C96B0CA27AB252A464A64D63A6FCD35C0C7A904D73EE467EE664DCD58CD4ED4849D79C5A723ED1B7A61977AF2D6F45B59AA58866F9C9A83DAA8813484E6947182394BFB3BAA7FBBEDEBFD0434FA9A856F91F53BA4FFF342563E38E6F719FB60092E5200F428A6AED2BAF479979
310
AFDDCA6F504B010214000A0000080000B670623B3DEE336E79000000790000001B00000000000000000000000000000000006175746F6465736B2D64657369676E2D7061636B6167652E786D6C504B01021400140006080800B670623BD486FD9CA0000000F40000001300000000000000000000000000B20000005B436F6E
310
74656E745F54797065735D2E786D6C504B01021400140006080800B670623BCA089DFFEC0000007C010000080000000000000000000000000083010000636F72652E786D6C504B01021400140006080800B670623B55019EA25F0000007C000000070000000000000000000000000095020000636E782E786D6C504B010214
310
00140006080800B670623B68FC0B7272010000D40300000C00000000000000000000000000190300006662782F636F72652E786D6C504B01021400140006080800B670623B0F71DDB67E0000009D0000000B00000000000000000000000000B50400006662782F636E782E786D6C504B01021400140006080800B670623BE1
310
34B4FB280100001202000031000000000000000000000000005C0500006662782F38353834323741342D343835462D343034322D383541392D4331303331363839454531452F636F72652E786D6C504B01021400140006080800B670623B1B8617914E010000330300003000000000000000000000000000D3060000666278
310
2F38353834323741342D343835462D343034322D383541392D4331303331363839454531452F636E782E786D6C504B01021400140006080800B670623B5933D422630500003B10000034000000000000000000000000006F0800006662782F38353834323741342D343835462D343034322D383541392D4331303331363839
310
454531452F6F626A656374732E786D6C504B01021400140006080000B670623B0000000000000000000000003500000000000000000000000000240E00006662782F38353834323741342D343835462D343034322D383541392D4331303331363839454531452F76657274696365732E62696E504B01021400140006080800
310
B670623BF270F13306000000040000003600000000000000000000000000770E00006662782F38353834323741342D343835462D343034322D383541392D4331303331363839454531452F747269616E676C65732E62696E504B01021400140006080000B670623B0000000000000000000000003700000000000000000000
310
000000D10E00006662782F38353834323741342D343835462D343034322D383541392D4331303331363839454531452F617474726962757465732E62696E504B01021400140006080800B670623B08DA0BD190000000410100003600000000000000000000000000260F00006662782F38353834323741342D343835462D34
310
3034322D383541392D4331303331363839454531452F6469726563746F72792E786D6C504B01021400140006080800B670623BD9A3B367FE000000A00100003B000000000000000000000000000A1000006662782F38353834323741342D343835462D343034322D383541392D4331303331363839454531452F7265736F75
310
726365732F636F72652E786D6C504B0506000000000E000E0080040000611100000000
  0
XRECORD
  5
113
102
{ACAD_REACTORS
330
110
102
}
330
110
100
AcDbXrecord
280
     1
270
     1
271
     1
  0
XRECORD
  5
114
102
{ACAD_REACTORS
330
110
102
}
330
110
100
AcDbXrecord
280
     1
270
     1
271
     1
  0
XRECORD
  5
21CC
102
{ACAD_REACTORS
330
21CB
102
}
330
21CB
100
AcDbXrecord
280
     1
102
DISPLAYNAME
  1
Imperial24
102
FLAGS
 90
        0
  0
XRECORD
  5
21D0
102
{ACAD_REACTORS
330
21CF
102
}
330
21CF
100
AcDbXrecord
280
     1
102
DISPLAYNAME
  1
Metric50
102
FLAGS
 90
        0
  0
CELLSTYLEMAP
  5
21C1
102
{ACAD_REACTORS
330
104
102
}
330
104
100
AcDbCellStyleMap
 90
        3
300
CELLSTYLE
  1
TABLEFORMAT_BEGIN
 90
        5
170
     1
 91
        0
 92
    32768
 62
   257
 93
        1
300
CONTENTFORMAT
  1
CONTENTFORMAT_BEGIN
 90
        0
 91
        0
 92
      512
 93
        0
300

 40
0.0
140
1.0
 94
        5
 62
     0
340
11
144
0.25
309
CONTENTFORMAT_END
171
     1
301
MARGIN
  1
CELLMARGIN_BEGIN
 40
0.06
 40
0.06
 40
0.06
 40
0.06
 40
0.18
 40
0.18
309
CELLMARGIN_END
 94
        6
 95
        1
302
GRIDFORMAT
  1
GRIDFORMAT_BEGIN
 90
        0
 91
        1
 62
     0
 92
       -2
340
0
 93
        0
 40
0.045
309
GRIDFORMAT_END
 95
        2
302
GRIDFORMAT
  1
GRIDFORMAT_BEGIN
 90
        0
 91
        1
 62
     0
 92
       -2
340
0
 93
        0
 40
0.045
309
GRIDFORMAT_END
 95
        4
302
GRIDFORMAT
  1
GRIDFORMAT_BEGIN
 90
        0
 91
        1
 62
     0
 92
       -2
340
0
 93
        0
 40
0.045
309
GRIDFORMAT_END
 95
        8
302
GRIDFORMAT
  1
GRIDFORMAT_BEGIN
 90
        0
 91
        1
 62
     0
 92
       -2
340
0
 93
        0
 40
0.045
309
GRIDFORMAT_END
 95
       16
302
GRIDFORMAT
  1
GRIDFORMAT_BEGIN
 90
        0
 91
        1
 62
     0
 92
       -2
340
0
 93
        0
 40
0.045
309
GRIDFORMAT_END
 95
       32
302
GRIDFORMAT
  1
GRIDFORMAT_BEGIN
 90
        0
 91
        1
 62
     0
 92
       -2
340
0
 93
        0
 40
0.045
309
GRIDFORMAT_END
309
TABLEFORMAT_END
  1
CELLSTYLE_BEGIN
 90
        1
 91
        1
300
_TITLE
309
CELLSTYLE_END
300
CELLSTYLE
  1
TABLEFORMAT_BEGIN
 90
        5
170
     1
 91
        0
 92
        0
 62
   257
 93
        1
300
CONTENTFORMAT
  1
CONTENTFORMAT_BEGIN
 90
        0
 91
        0
 92
      512
 93
        0
300

 40
0.0
140
1.0
 94
        5
 62
     0
340
11
144
0.18
309
CONTENTFORMAT_END
171
     1
301
MARGIN
  1
CELLMARGIN_BEGIN
 40
0.06
 40
0.06
 40
0.06
 40
0.06
 40
0.18
 40
0.18
309
CELLMARGIN_END
 94
        6
 95
        1
302
GRIDFORMAT
  1
GRIDFORMAT_BEGIN
 90
        0
 91
        1
 62
     0
 92
       -2
340
0
 93
        0
 40
0.045
309
GRIDFORMAT_END
 95
        2
302
GRIDFORMAT
  1
GRIDFORMAT_BEGIN
 90
        0
 91
        1
 62
     0
 92
       -2
340
0
 93
        0
 40
0.045
309
GRIDFORMAT_END
 95
        4
302
GRIDFORMAT
  1
GRIDFORMAT_BEGIN
 90
        0
 91
        1
 62
     0
 92
       -2
340
0
 93
        0
 40
0.045
309
GRIDFORMAT_END
 95
        8
302
GRIDFORMAT
  1
GRIDFORMAT_BEGIN
 90
        0
 91
        1
 62
     0
 92
       -2
340
0
 93
        0
 40
0.045
309
GRIDFORMAT_END
 95
       16
302
GRIDFORMAT
  1
GRIDFORMAT_BEGIN
 90
        0
 91
        1
 62
     0
 92
       -2
340
0
 93
        0
 40
0.045
309
GRIDFORMAT_END
 95
       32
302
GRIDFORMAT
  1
GRIDFORMAT_BEGIN
 90
        0
 91
        1
 62
     0
 92
       -2
340
0
 93
        0
 40
0.045
309
GRIDFORMAT_END
309
TABLEFORMAT_END
  1
CELLSTYLE_BEGIN
 90
        2
 91
        1
300
_HEADER
309
CELLSTYLE_END
300
CELLSTYLE
  1
TABLEFORMAT_BEGIN
 90
        5
170
     1
 91
        0
 92
        0
 62
   257
 93
        1
300
CONTENTFORMAT
  1
CONTENTFORMAT_BEGIN
 90
        0
 91
        0
 92
      512
 93
        0
300

 40
0.0
140
1.0
 94
        2
 62
     0
340
11
144
0.18
309
CONTENTFORMAT_END
171
     1
301
MARGIN
  1
CELLMARGIN_BEGIN
 40
0.06
 40
0.06
 40
0.06
 40
0.06
 40
0.18
 40
0.18
309
CELLMARGIN_END
 94
        6
 95
        1
302
GRIDFORMAT
  1
GRIDFORMAT_BEGIN
 90
        0
 91
        1
 62
     0
 92
       -2
340
0
 93
        0
 40
0.045
309
GRIDFORMAT_END
 95
        2
302
GRIDFORMAT
  1
GRIDFORMAT_BEGIN
 90
        0
 91
        1
 62
     0
 92
       -2
340
0
 93
        0
 40
0.045
309
GRIDFORMAT_END
 95
        4
302
GRIDFORMAT
  1
GRIDFORMAT_BEGIN
 90
        0
 91
        1
 62
     0
 92
       -2
340
0
 93
        0
 40
0.045
309
GRIDFORMAT_END
 95
        8
302
GRIDFORMAT
  1
GRIDFORMAT_BEGIN
 90
        0
 91
        1
 62
     0
 92
       -2
340
0
 93
        0
 40
0.045
309
GRIDFORMAT_END
 95
       16
302
GRIDFORMAT
  1
GRIDFORMAT_BEGIN
 90
        0
 91
        1
 62
     0
 92
       -2
340
0
 93
        0
 40
0.045
309
GRIDFORMAT_END
 95
       32
302
GRIDFORMAT
  1
GRIDFORMAT_BEGIN
 90
        0
 91
        1
 62
     0
 92
       -2
340
0
 93
        0
 40
0.045
309
GRIDFORMAT_END
309
TABLEFORMAT_END
  1
CELLSTYLE_BEGIN
 90
        3
 91
        2
300
_DATA
309
CELLSTYLE_END
  0
ENDSEC
  0
SECTION
  2
ACDSDATA
 70
     2
 71
     8
  0
ACDSSCHEMA
 90
        0
  1
AcDb_Thumbnail_Schema
  2
AcDbDs::ID
280
    10
 91
        8
  2
Thumbnail_Data
280
    15
 91
        0
101
ACDSRECORD
 95
        0
 90
        1
  2
AcDbDs::TreatedAsObjectData
280
     1
291
     1
101
ACDSRECORD
 95
        0
 90
        2
  2
AcDbDs::Legacy
280
     1
291
     1
101
ACDSRECORD
  1
AcDbDs::ID
 90
        3
  2
AcDs:Indexable
280
     1
291
     1
101
ACDSRECORD
  1
AcDbDs::ID
 90
        4
  2
AcDbDs::HandleAttribute
280
     7
282
     1
  0
ACDSSCHEMA
 90
        1
  1
AcDbDs::TreatedAsObjectDataSchema
  2
AcDbDs::TreatedAsObjectData
280
     1
 91
        0
  0
ACDSSCHEMA
 90
        2
  1
AcDbDs::LegacySchema
  2
AcDbDs::Legacy
280
     1
 91
        0
  0
ACDSSCHEMA
 90
        3
  1
AcDbDs::IndexedPropertySchema
  2
AcDs:Indexable
280
     1
 91
        0
  0
ACDSSCHEMA
 90
        4
  1
AcDbDs::HandleAttributeSchema
  2
AcDbDs::HandleAttribute
280
     7
 91
        1
284
     1
  0
ACDSRECORD
 90
        0
  2
AcDbDs::ID
280
    10
320
22
  2
Thumbnail_Data
280
    15
 94
     1928
310
89504E470D0A1A0A0000000D4948445200000100000000970803000000CDB8751B00000300504C5445212830FFFFFF2128300000000000000000000000000000000000000000000000000000330000660000990000CC0000FF0033000033330033660033990033CC0033FF0066000066330066660066990066CC0066FF0099
310
000099330099660099990099CC0099FF00CC0000CC3300CC6600CC9900CCCC00CCFF00FF0000FF3300FF6600FF9900FFCC00FFFF3300003300333300663300993300CC3300FF3333003333333333663333993333CC3333FF3366003366333366663366993366CC3366FF3399003399333399663399993399CC3399FF33CC00
310
33CC3333CC6633CC9933CCCC33CCFF33FF0033FF3333FF6633FF9933FFCC33FFFF6600006600336600666600996600CC6600FF6633006633336633666633996633CC6633FF6666006666336666666666996666CC6666FF6699006699336699666699996699CC6699FF66CC0066CC3366CC6666CC9966CCCC66CCFF66FF0066
310
FF3366FF6666FF9966FFCC66FFFF9900009900339900669900999900CC9900FF9933009933339933669933999933CC9933FF9966009966339966669966999966CC9966FF9999009999339999669999999999CC9999FF99CC0099CC3399CC6699CC9999CCCC99CCFF99FF0099FF3399FF6699FF9999FFCC99FFFFCC0000CC00
310
33CC0066CC0099CC00CCCC00FFCC3300CC3333CC3366CC3399CC33CCCC33FFCC6600CC6633CC6666CC6699CC66CCCC66FFCC9900CC9933CC9966CC9999CC99CCCC99FFCCCC00CCCC33CCCC66CCCC99CCCCCCCCCCFFCCFF00CCFF33CCFF66CCFF99CCFFCCCCFFFFFF0000FF0033FF0066FF0099FF00CCFF00FFFF3300FF3333
310
FF3366FF3399FF33CCFF33FFFF6600FF6633FF6666FF6699FF66CCFF66FFFF9900FF9933FF9966FF9999FF99CCFF99FFFFCC00FFCC33FFCC66FFCC99FFCCCCFFCCFFFFFF00FFFF33FFFF66FFFF99FFFFCCFFFFFF0000000D0D0D1A1A1A2828283535354343435050505D5D5D6B6B6B787878868686939393A1A1A1AEAEAEBB
310
BBBBC9C9C9D6D6D6E4E4E4F1F1F1FFFFFF0000000000000000000000000000000000000000000000000000000000002E4550F1000001044944415478DAEDD84B6EC4201005C0BEFF7DD98F147F9A86CCCC265264A85A20DB62619EA0B189000000000000000000000060D25AEBDA98DAEE6687007E69F366D9002E31B5C5AA
310
01DC53BCC5D896752000017C5A3ECF5D2302F8B300D40001084000BE04D78C27F60D80ADCF096AED9B2F561B6AD472572B63D44A399684A3C7D30F44C69390F6B31D9E63BB6ECB458691BD9EB66574FBFE7999D3E10820DE0410F70AE90288EEF1D303881AC0D523BB0A40008B049003CA52788E391F9500CE748E5D610AA0
310
AD3003DA340314C11D6BC097256006EC1DC02A5F82FD20F2EDC74FFF2FFF022B9C080D3F43DB0400000000000000000000000000000000000000FFE4053E735B98D40EE6480000000049454E44AE42608245662893AFAABFB3B5BB78F35AF3986C2FD834D77BA3BDD9B9920D45521CFB93D47297EAAEFC6D5374D72D498ED6
310
19D4D8EF48F2FB93A45C921295E4C192D4570200000000000000000000000000000000000000000000000000000000000000001CD60F131E0E01E67DED9C0000000049454E44AE426082884B1907B92FA8C9D8A9C932ED4FF68FC2A4CF37EB1C45D32859CC8E75DF697F65B7D6C3D08E5C4C3ED7843CE848A47A7BE4997531
310
C49FFEA65B6BE9962EC7ED8F83959555A7645C73D9DF700000F8B61D8CB14571D418D8E9139483F647CCC6214FAFECCB93DC46A4C33BFCE581F1EA13492EC7C2D395EDDC74FEACC503EFDF7E4196E30747BA8FFE7477E7936A7252FF2776877F9E64FB99832EC921D471E47FAE4FB0BFF46B57F64F2A72DD3F983502F63B10
310
C36726F66797386A7E9475F3637F69000000000000000000806FA3FE31BBCCD91CA37EFC8CFC9369C98D95569BD42E973E2E5F1613E5B942BC5463A4F8AE1956791E3C0DC63DA87ADF8F8F9314EA3C85DA855523EFE84DD6929C26596B577D79FAB124AB243FB2AAA9106B2A4F493E98646DFE93E4C5FC643791CEBBDBDFF5
310
BA65980ED8B59E3EE2D4F841A90E7FD3D89FEA3905DD1D4FEAF288F31B938CFB69C2DB9353DFFEEAB24FB25E8F366392F3BDBBC6AFACC96DEF2EB3F3C45FA3ABB7BDBBA6D793CD1362FF1C7A32C9FAB659C6FACF404B7FC4F9BF1EAF61D63CC6B95FACB79749B717F2BF22C973C7EE7A1D17B6839DDCFF89E9E59F9F647FEC
310
1EBFAF61D2C1F842EF9664F3D502ED136599D664ADED2BA0654DA6189E7D3DF94E49C6F5A492F9240FCB246F4F92B5799953F72FFE4522EF5A93317EF3C598643C5A93AF88E1BD9E32CBA25097E74B18BAE146D5AFAA16997DFF9DAD4A52929294A424252949494A52929294A4247F5C92F7AF502EDDF7D24AF26490ED3B6B
310
927CF68EF55F7113E94B9B2479B628539271FAFBBD24D926599E0F52928B24CF9FFF5992F9D8BD7D319E238ED7939F74C7BEE4FDFC5A7F78925FF6C988CBEDFCDC247D9AE5857BF7D7D5A4238E238E24252949494A5292000000000000000000000000000000000000000000000000000000000000000000000000000000F0
310
A6FE033739886BD8D164AF0000000049454E44AE426082
  0
ENDSEC
  0
EOF
